,Energy to electrolyzer (kWh),Energy from grid (kWh),Energy from renewables (kWh),Total energy (kWh),Hydrogen Hourly production (kg)
0,781390.9176007017,0.0,781390.9176007017,781390.9176007017,14676.438982692696
1,279613.24507466384,0.0,279613.24507466384,279613.24507466384,5686.040530228679
2,165599.44039676167,0.0,165599.44039676167,165599.44039676167,3472.069181111816
3,109072.01913107105,0.0,109072.01913107105,109072.01913107105,2291.4480635649315
4,231868.95841135897,0.0,231868.95841135897,231868.95841135897,4518.819818487816
5,332894.0947704137,0.0,332894.0947704137,332894.0947704137,6692.3510030044135
6,394987.7290729205,0.0,394987.7290729205,394987.7290729205,7846.769629607221
7,539029.1449836398,0.0,539029.1449836398,539029.1449836398,10458.102268858876
8,747674.9517199446,0.0,747674.9517199446,747674.9517199446,14100.874553289925
9,972663.1948033008,0.0,972663.1948033008,972663.1948033008,17875.217442194797
10,964148.5831645692,0.0,964148.5831645692,964148.5831645692,17734.90347897162
11,659528.0920894272,0.0,659528.0920894272,659528.0920894272,12580.201329170832
12,892470.9807476113,0.0,892470.9807476113,892470.9807476113,16546.2784000199
13,780159.1271264128,0.0,780159.1271264128,780159.1271264128,14654.847949809173
14,689961.107076351,0.0,689961.107076351,689961.107076351,13108.021090710232
15,688603.8573025407,0.0,688603.8573025407,688603.8573025407,13084.522817097542
16,544354.1244220801,0.0,544354.1244220801,544354.1244220801,10552.853047272298
17,149116.2680961825,0.0,149116.2680961825,149116.2680961825,3134.6344831001406
18,138769.26271506096,0.0,138769.26271506096,138769.26271506096,2919.3518451950304
19,345551.28476205654,0.0,345551.28476205654,345551.28476205654,6807.448638564077
20,427247.5214560839,0.0,427247.5214560839,427247.5214560839,8439.066680690119
21,423547.19923866296,0.0,423547.19923866296,423547.19923866296,8371.323178042609
22,371524.143271216,0.0,371524.143271216,371524.143271216,7412.485620712226
23,485420.90012611955,0.0,485420.90012611955,485420.90012611955,9496.024853556217
24,389892.08738300606,0.0,389892.08738300606,389892.08738300606,7752.431650970763
25,287049.8514302342,0.0,287049.8514302342,287049.8514302342,5827.03993724811
26,231582.01635595434,0.0,231582.01635595434,231582.01635595434,4764.076383204126
27,132488.22454844913,0.0,132488.22454844913,132488.22454844913,2785.126211393982
28,94956.8924766345,0.0,94956.8924766345,94956.8924766345,1991.8480054233155
29,73991.61288802492,0.0,73991.61288802492,73991.61288802492,1556.024303139258
30,26563.699645771358,0.0,26563.699645771358,26563.699645771358,556.4579067674471
31,0.0,0.0,0.0,0.0,-0.0
32,35063.94149054772,0.0,35063.94149054772,35063.94149054772,612.3767078831886
33,393739.4050489705,0.0,393739.4050489705,393739.4050489705,6793.456377729099
34,491862.4375923181,0.0,491862.4375923181,491862.4375923181,9611.33893700738
35,511058.1554933955,0.0,511058.1554933955,511058.1554933955,9956.477274125697
36,537814.2907005918,0.0,537814.2907005918,537814.2907005918,10435.115432932753
37,582089.5522388059,0.0,582089.5522388059,582089.5522388059,11221.121576950896
38,582089.5522388059,0.0,582089.5522388059,582089.5522388059,11221.102776821312
39,591446.3462701663,0.0,591446.3462701663,591446.3462701663,11386.259308823554
40,507104.9850542075,0.0,507104.9850542075,507104.9850542075,9885.43365658003
41,173770.2819863649,0.0,173770.2819863649,173770.2819863649,3633.363890990691
42,38805.50379225305,0.0,38805.50379225305,38805.50379225305,808.7992955456975
43,34117.35551611273,0.0,34117.35551611273,34117.35551611273,716.0324075612139
44,29664.519735870148,0.0,29664.519735870148,29664.519735870148,617.6238327334377
45,10493.950378764699,0.0,10493.950378764699,10493.950378764699,217.7573546147914
46,32629.72116327488,0.0,32629.72116327488,32629.72116327488,600.5596456367294
47,33022.986322533005,0.0,33022.986322533005,33022.986322533005,694.1943442669086
48,34804.55690121311,0.0,34804.55690121311,34804.55690121311,729.6381107874987
49,48207.02964050042,0.0,48207.02964050042,48207.02964050042,958.4171862142373
50,55659.299196609856,0.0,55659.299196609856,55659.299196609856,1144.3766843042094
51,89377.36360336145,0.0,89377.36360336145,89377.36360336145,1766.4113588143255
52,115931.9923118244,0.0,115931.9923118244,115931.9923118244,2349.624961117441
53,201905.63306907302,0.0,201905.63306907302,201905.63306907302,4002.6498511550208
54,290412.55441230466,0.0,290412.55441230466,290412.55441230466,5889.791007218628
55,328860.7528646072,0.0,328860.7528646072,328860.7528646072,6615.184517417211
56,372722.3756266985,0.0,372722.3756266985,372722.3756266985,7433.293958975916
57,498713.5093947154,0.0,498713.5093947154,498713.5093947154,9733.744192403037
58,467623.4772220912,0.0,467623.4772220912,467623.4772220912,9172.435253223159
59,557286.3516076019,0.0,557286.3516076019,557286.3516076019,10780.671502338513
60,653797.6358373691,0.0,653797.6358373691,653797.6358373691,12477.771017617928
61,386728.1119383893,0.0,386728.1119383893,386728.1119383893,7692.479627208757
62,460743.99027185707,0.0,460743.99027185707,460743.99027185707,9047.630798618384
63,300388.9439045372,0.0,300388.9439045372,300388.9439045372,6078.7009177266245
64,98551.73803357333,0.0,98551.73803357333,98551.73803357333,2072.2018549699437
65,58867.03637179135,0.0,58867.03637179135,58867.03637179135,1236.2491805008249
66,52951.23147321741,0.0,52951.23147321741,52951.23147321741,1109.1919910194806
67,42965.09992244571,0.0,42965.09992244571,42965.09992244571,901.2773999137353
68,0.0,0.0,0.0,0.0,-0.0
69,0.0,0.0,0.0,0.0,-0.0
70,0.0,0.0,0.0,0.0,-0.0
71,0.0,0.0,0.0,0.0,-0.0
72,0.0,0.0,0.0,0.0,-0.0
73,0.0,0.0,0.0,0.0,-0.0
74,0.0,0.0,0.0,0.0,-0.0
75,0.0,0.0,0.0,0.0,-0.0
76,34497.37890282315,0.0,34497.37890282315,34497.37890282315,602.8762597305467
77,168959.6599925914,0.0,168959.6599925914,168959.6599925914,3071.979960543367
78,79511.8725991786,0.0,79511.8725991786,79511.8725991786,1674.4754488347764
79,48342.08848176199,0.0,48342.08848176199,48342.08848176199,1017.369085881341
80,36318.962085892745,0.0,36318.962085892745,36318.962085892745,759.5639233373015
81,54387.473854198215,0.0,54387.473854198215,54387.473854198215,1074.3194118190454
82,210324.60467996323,0.0,210324.60467996323,210324.60467996323,3853.7975458775845
83,286233.09829578846,0.0,286233.09829578846,286233.09829578846,5809.459688993566
84,332099.1595438268,0.0,332099.1595438268,332099.1595438268,6674.803685393636
85,408819.5519954884,0.0,408819.5519954884,408819.5519954884,8098.260335860218
86,285448.7860876031,0.0,285448.7860876031,285448.7860876031,5794.530998459573
87,287463.26656604325,0.0,287463.26656604325,287463.26656604325,5832.782033882962
88,245666.34150674506,0.0,245666.34150674506,245666.34150674506,5033.972603227338
89,103593.90400383734,0.0,103593.90400383734,103593.90400383734,2181.228114932504
90,112452.72028444808,0.0,112452.72028444808,112452.72028444808,2338.5927566056216
91,101906.31697419204,0.0,101906.31697419204,101906.31697419204,2138.664719806475
92,254217.12204513382,0.0,254217.12204513382,254217.12204513382,4878.9196256080795
93,330756.96722765313,0.0,330756.96722765313,330756.96722765313,6649.330276836801
94,346791.16670603876,0.0,346791.16670603876,346791.16670603876,6949.300556079665
95,419847.8248441194,0.0,419847.8248441194,419847.8248441194,8300.203419676414
96,731802.9155364286,0.0,731802.9155364286,731802.9155364286,13823.18995203578
97,741767.3694821155,0.0,741767.3694821155,741767.3694821155,13993.920144628153
98,850024.1570044034,0.0,850024.1570044034,850024.1570044034,15829.32124357521
99,857694.4642956946,0.0,857694.4642956946,857694.4642956946,15958.021484375593
100,872251.1804190342,0.0,872251.1804190342,872251.1804190342,16201.830516914599
101,860539.9236904894,0.0,860539.9236904894,860539.9236904894,16005.678867787228
102,868600.122542687,0.0,868600.122542687,868600.122542687,16140.675054389276
103,869557.7522593735,0.0,869557.7522593735,869557.7522593735,16156.677786529453
104,1000000.0,0.0,1000000.0,1000000.0,18316.758612997794
105,1000000.0,0.0,1000000.0,1000000.0,18316.727940265908
106,1000000.0,0.0,1000000.0,1000000.0,18316.69726763673
107,1000000.0,0.0,1000000.0,1000000.0,18316.66659511025
108,965080.1588552209,0.0,965080.1588552209,965080.1588552209,17742.790698745855
109,761886.9533634441,0.0,761886.9533634441,761886.9533634441,14337.445852080322
110,863062.7349289116,0.0,863062.7349289116,863062.7349289116,16047.716952841185
111,749831.4349236244,0.0,749831.4349236244,749831.4349236244,14131.540717276448
112,729372.1747446286,0.0,729372.1747446286,729372.1747446286,13781.112442266503
113,341800.60934856813,0.0,341800.60934856813,341800.60934856813,6855.8398839626525
114,257392.0159387174,0.0,257392.0159387174,257392.0159387174,5258.731110091692
115,177016.7445297133,0.0,177016.7445297133,177016.7445297133,3696.2294394795827
116,221113.0164478482,0.0,221113.0164478482,221113.0164478482,4559.167536909369
117,209607.31245672287,0.0,209607.31245672287,209607.31245672287,4335.424284571862
118,220377.8084024855,0.0,220377.8084024855,220377.8084024855,4544.883990335902
119,506121.7225745561,0.0,506121.7225745561,506121.7225745561,9864.456450539301
120,648497.0540334453,0.0,648497.0540334453,648497.0540334453,12382.445734759636
121,875755.5395217795,0.0,875755.5395217795,875755.5395217795,16259.887218684109
122,875224.3187100815,0.0,875224.3187100815,875224.3187100815,16250.97774312574
123,874242.8648769442,0.0,874242.8648769442,874242.8648769442,16234.538121214073
124,864801.5236565757,0.0,864801.5236565757,864801.5236565757,16076.488898972777
125,860664.9106989872,0.0,860664.9106989872,860664.9106989872,16007.146908844194
126,855654.6178654163,0.0,855654.6178654163,855654.6178654163,15923.100003831187
127,832183.566675891,0.0,832183.566675891,832183.566675891,15528.513716391346
128,1000000.0,0.0,1000000.0,1000000.0,18316.052152824665
129,1000000.0,0.0,1000000.0,1000000.0,18316.0214824583
130,933555.5139709357,0.0,933555.5139709357,933555.5139709357,17221.40526692584
131,736348.621390248,0.0,736348.621390248,736348.621390248,13900.312733192286
132,691779.9554910758,0.0,691779.9554910758,691779.9554910758,13133.325788982425
133,641869.9989806283,0.0,641869.9989806283,641869.9989806283,12266.59896407895
134,624740.2272542847,0.0,624740.2272542847,624740.2272542847,11967.140754318702
135,571880.1507776713,0.0,571880.1507776713,571880.1507776713,11036.490878763474
136,501739.548495063,0.0,501739.548495063,501739.548495063,9785.440546327018
137,194204.35849736113,0.0,194204.35849736113,194204.35849736113,4034.2210218382843
138,5052.416008859169,0.0,5052.416008859169,5052.416008859169,-0.0
139,0.0,0.0,0.0,0.0,-0.0
140,17234.626182296615,0.0,17234.626182296615,17234.626182296615,301.15228951723293
141,45212.228381245164,0.0,45212.228381245164,45212.228381245164,851.0143562259259
142,77082.2686900523,0.0,77082.2686900523,77082.2686900523,1496.954354940025
143,199243.78221791403,0.0,199243.78221791403,199243.78221791403,3770.0815181791063
144,402124.0041924188,0.0,402124.0041924188,402124.0041924188,7973.518429780981
145,677273.6317131703,0.0,677273.6317131703,677273.6317131703,12881.135003548232
146,769493.7357678752,0.0,769493.7357678752,769493.7357678752,14465.256553887057
147,817062.1281528646,0.0,817062.1281528646,817062.1281528646,15271.94386503841
148,818098.4310540707,0.0,818098.4310540707,818098.4310540707,15289.417294429048
149,807490.4056442386,0.0,807490.4056442386,807490.4056442386,15110.114208037912
150,825400.4601952374,0.0,825400.4601952374,825400.4601952374,15412.577835497768
151,820243.9554806678,0.0,820243.9554806678,820243.9554806678,15325.559548344432
152,1000000.0,0.0,1000000.0,1000000.0,18314.145831216618
153,1000000.0,0.0,1000000.0,1000000.0,18314.11516723296
154,958358.0788795454,0.0,958358.0788795454,958358.0788795454,17629.497010869698
155,445757.1731418278,0.0,445757.1731418278,445757.1731418278,8771.888879852473
156,414102.20258994855,0.0,414102.20258994855,414102.20258994855,8193.4080060451
157,621326.098941745,0.0,621326.098941745,621326.098941745,11906.061239815557
158,497013.13074644,0.0,497013.13074644,497013.13074644,9699.403431126877
159,502575.32831570593,0.0,502575.32831570593,502575.32831570593,9799.392751724972
160,472623.4758052634,0.0,472623.4758052634,472623.4758052634,9259.369132025122
161,302922.6982558719,0.0,302922.6982558719,302922.6982558719,6124.19385335491
162,190633.90668686497,0.0,190633.90668686497,190633.90668686497,3963.6995372799015
163,440309.2838274618,0.0,440309.2838274618,440309.2838274618,8672.530943286989
164,754269.1513134984,0.0,754269.1513134984,754269.1513134984,14205.179432856246
165,822685.0658237159,0.0,822685.0658237159,822685.0658237159,15366.403249944397
166,825807.8314463095,0.0,825807.8314463095,825807.8314463095,15419.045688714978
167,780902.6271941112,0.0,780902.6271941112,780902.6271941112,14658.859391283793
168,825382.8816072409,0.0,825382.8816072409,825382.8816072409,15411.787878096904
169,858087.5668690116,0.0,858087.5668690116,858087.5668690116,15961.684579027029
170,798863.562772455,0.0,798863.562772455,798863.562772455,14963.51526293755
171,731831.2037788898,0.0,731831.2037788898,731831.2037788898,13820.982876778533
172,739461.6813720666,0.0,739461.6813720666,739461.6813720666,13951.7222358354
173,505725.4067240316,0.0,505725.4067240316,505725.4067240316,9855.712050964927
174,266507.39603412634,0.0,266507.39603412634,266507.39603412634,5432.1780117696335
175,168516.81672463485,0.0,168516.81672463485,168516.81672463485,3527.409647675559
176,283339.1760759016,0.0,283339.1760759016,283339.1760759016,5752.900191401615
177,40414.7120251615,0.0,40414.7120251615,40414.7120251615,850.1610780252047
178,64141.79954874031,0.0,64141.79954874031,64141.79954874031,1265.4129285316444
179,64969.26897429617,0.0,64969.26897429617,64969.26897429617,1366.281382500497
180,65954.34171486575,0.0,65954.34171486575,65954.34171486575,1385.9221031675772
181,251954.37671409914,0.0,251954.37671409914,251954.37671409914,4655.93906667286
182,134697.45640599405,0.0,134697.45640599405,134697.45640599405,2827.1514993294704
183,102199.86786548872,0.0,102199.86786548872,102199.86786548872,2143.8731533225587
184,94621.56436907311,0.0,94621.56436907311,94621.56436907311,1983.8685918284427
185,185236.46754701482,0.0,185236.46754701482,185236.46754701482,3586.4854111767777
186,103235.29996379654,0.0,103235.29996379654,103235.29996379654,2164.4231677365174
187,155720.95656438678,0.0,155720.95656438678,155720.95656438678,3071.7083788665514
188,352399.95869344077,0.0,352399.95869344077,352399.95869344077,7051.441141656053
189,481029.64633158036,0.0,481029.64633158036,481029.64633158036,9409.769220481085
190,489870.0183364074,0.0,489870.0183364074,489870.0183364074,9569.190518802687
191,682944.1207418629,0.0,682944.1207418629,682944.1207418629,12976.926241425963
192,730349.4472803501,0.0,730349.4472803501,730349.4472803501,13793.627108513312
193,753971.7963192242,0.0,753971.7963192242,753971.7963192242,14197.87919230508
194,699096.7281955862,0.0,699096.7281955862,699096.7281955862,13255.971523574728
195,726246.7707444044,0.0,726246.7707444044,726246.7707444044,13723.163683535227
196,858640.5961880429,0.0,858640.5961880429,858640.5961880429,15968.585405696738
197,660841.8829655339,0.0,660841.8829655339,660841.8829655339,12593.464502341356
198,660417.6028786438,0.0,660417.6028786438,660417.6028786438,12586.068745364275
199,760126.3386966181,0.0,760126.3386966181,760126.3386966181,14302.777257767939
200,710392.6300448552,0.0,710392.6300448552,710392.6300448552,13450.514252088056
201,850573.8150803373,0.0,850573.8150803373,850573.8150803373,15833.13158119183
202,902517.2338559875,0.0,902517.2338559875,902517.2338559875,16701.247562078217
203,552560.4405970969,0.0,552560.4405970969,552560.4405970969,10690.62551558819
204,731504.8013480469,0.0,731504.8013480469,731504.8013480469,13813.163504709848
205,859070.742550758,0.0,859070.742550758,859070.742550758,15975.558769594132
206,835328.8434790195,0.0,835328.8434790195,835328.8434790195,15576.752025121565
207,829040.4639157064,0.0,829040.4639157064,829040.4639157064,15470.829834695493
208,891969.3093203963,0.0,891969.3093203963,891969.3093203963,16525.404718853977
209,781069.7762153547,0.0,781069.7762153547,781069.7762153547,14659.095751165838
210,790998.989709244,0.0,790998.989709244,790998.989709244,14827.644396194199
211,547907.3392468165,0.0,547907.3392468165,547907.3392468165,10607.751849283108
212,353927.5618689441,0.0,353927.5618689441,353927.5618689441,7079.599676042314
213,261493.88343939502,0.0,261493.88343939502,261493.88343939502,5335.326528111974
214,179125.17135987105,0.0,179125.17135987105,179125.17135987105,3736.4328836041454
215,94412.66961936114,0.0,94412.66961936114,94412.66961936114,1979.606640482771
216,20170.33350261483,0.0,20170.33350261483,20170.33350261483,419.28187465823964
217,13854.630445954745,0.0,13854.630445954745,13854.630445954745,282.6436653266749
218,55021.134659541734,0.0,55021.134659541734,55021.134659541734,989.9184202439519
219,0.0,0.0,0.0,0.0,-0.0
220,0.0,0.0,0.0,0.0,-0.0
221,0.0,0.0,0.0,0.0,-0.0
222,0.0,0.0,0.0,0.0,-0.0
223,132767.48295026948,0.0,132767.48295026948,132767.48295026948,2323.4384760678226
224,480432.9489557387,0.0,480432.9489557387,480432.9489557387,9150.380943914106
225,169053.13467719694,0.0,169053.13467719694,169053.13467719694,3536.968995003633
226,312748.03577517084,0.0,312748.03577517084,312748.03577517084,6307.575562335598
227,779646.2548165558,0.0,779646.2548165558,779646.2548165558,14633.283413432277
228,721055.343051392,0.0,721055.343051392,721055.343051392,13632.146579604412
229,777119.3923014634,0.0,777119.3923014634,777119.3923014634,14590.280128241171
230,886705.3917637888,0.0,886705.3917637888,886705.3917637888,16435.71256693963
231,501878.52149999473,0.0,501878.52149999473,501878.52149999473,9783.739916675955
232,624549.4741934023,0.0,624549.4741934023,624549.4741934023,11958.701629401903
233,452991.546424901,0.0,452991.546424901,452991.546424901,8900.514927267599
234,263758.12285534997,0.0,263758.12285534997,263758.12285534997,5377.955628799612
235,706550.4542314641,0.0,706550.4542314641,706550.4542314641,13382.468375905908
236,861328.8483006547,0.0,861328.8483006547,861328.8483006547,16011.306281837864
237,877594.0327333035,0.0,877594.0327333035,877594.0327333035,16283.410870725507
238,879022.8658188415,0.0,879022.8658188415,879022.8658188415,16307.253619385254
239,879022.8658188415,0.0,879022.8658188415,879022.8658188415,16307.226323812116
240,879022.8658188415,0.0,879022.8658188415,879022.8658188415,16307.199028330328
241,879022.8658188415,0.0,879022.8658188415,879022.8658188415,16307.17173293989
242,879022.8658188415,0.0,879022.8658188415,879022.8658188415,16307.14443764081
243,879022.8658188415,0.0,879022.8658188415,879022.8658188415,16307.117142433077
244,879022.8658188415,0.0,879022.8658188415,879022.8658188415,16307.089847316696
245,879022.8658188415,0.0,879022.8658188415,879022.8658188415,16307.062552291667
246,879022.8658188415,0.0,879022.8658188415,879022.8658188415,16307.035257357988
247,879022.8658188415,0.0,879022.8658188415,879022.8658188415,16307.007962515658
248,1000000.0,0.0,1000000.0,1000000.0,18307.931889241027
249,1000000.0,0.0,1000000.0,1000000.0,18307.90124605764
250,1000000.0,0.0,1000000.0,1000000.0,18307.87060297681
251,1000000.0,0.0,1000000.0,1000000.0,18307.83995999854
252,1000000.0,0.0,1000000.0,1000000.0,18307.809317122825
253,1000000.0,0.0,1000000.0,1000000.0,18307.77867434967
254,1000000.0,0.0,1000000.0,1000000.0,18307.748031679064
255,990109.3943232225,0.0,990109.3943232225,990109.3943232225,18145.5691599728
256,702819.2474468007,0.0,702819.2474468007,702819.2474468007,13317.69117061717
257,804945.1490331297,0.0,804945.1490331297,804945.1490331297,15061.516811007094
258,877495.9985694179,0.0,877495.9985694179,877495.9985694179,16281.198444626314
259,873652.3533785181,0.0,873652.3533785181,873652.3533785181,16216.9319640721
260,869631.1642971748,0.0,869631.1642971748,869631.1642971748,16149.653835750369
261,852449.5113794598,0.0,852449.5113794598,852449.5113794598,15861.761743831552
262,750030.0975115576,0.0,750030.0975115576,750030.0975115576,14127.758917648729
263,474348.26888045185,0.0,474348.26888045185,474348.26888045185,9287.073470827463
264,163269.11591046918,0.0,163269.11591046918,163269.11591046918,3422.002785360226
265,316752.1787287967,0.0,316752.1787287967,316752.1787287967,6382.50973892698
266,492307.2240186508,0.0,492307.2240186508,492307.2240186508,9611.0132539876
267,818249.4919126871,0.0,818249.4919126871,818249.4919126871,15286.087086008127
268,446508.0716294639,0.0,446508.0716294639,446508.0716294639,8782.092299402622
269,374820.69753364974,0.0,374820.69753364974,374820.69753364974,7466.276526383914
270,620047.3968388414,0.0,620047.3968388414,620047.3968388414,11879.090452146513
271,722313.8806272334,0.0,722313.8806272334,722313.8806272334,13652.77943986522
272,753093.5799301779,0.0,753093.5799301779,753093.5799301779,14179.858562958676
273,836442.8377149797,0.0,836442.8377149797,836442.8377149797,15592.519398163144
274,906190.4912079824,0.0,906190.4912079824,906190.4912079824,16759.03904451374
275,844100.8060850182,0.0,844100.8060850182,844100.8060850182,15721.22453302082
276,700793.9960260539,0.0,700793.9960260539,700793.9960260539,13282.331790560267
277,827585.4351624404,0.0,827585.4351624404,827585.4351624404,15443.278476594622
278,544348.8160437949,0.0,544348.8160437949,544348.8160437949,10542.33619819792
279,529433.6779826235,0.0,529433.6779826235,529433.6779826235,10276.431826781201
280,981790.2927154063,0.0,981790.2927154063,981790.2927154063,18008.266327743437
281,678986.63903242,0.0,678986.63903242,678986.63903242,12905.393095019615
282,680522.6113442335,0.0,680522.6113442335,680522.6113442335,12931.964566184863
283,799061.6339718713,0.0,799061.6339718713,799061.6339718713,14961.287546675547
284,779599.4956631211,0.0,779599.4956631211,779599.4956631211,14631.09859296422
285,747101.5701530372,0.0,747101.5701530372,747101.5701530372,14077.174038620466
286,871577.8153596849,0.0,871577.8153596849,871577.8153596849,16181.530074205259
287,866186.2292652319,0.0,866186.2292652319,866186.2292652319,16091.294765545576
288,859043.2950265041,0.0,859043.2950265041,859043.2950265041,15971.630478434336
289,871590.9015431986,0.0,871590.9015431986,871590.9015431986,16181.667729134475
290,871323.3307558476,0.0,871323.3307558476,871323.3307558476,16177.165807256912
291,839848.8069646411,0.0,839848.8069646411,839848.8069646411,15649.338597697557
292,597218.2502571542,0.0,597218.2502571542,597218.2502571542,11477.774197627612
293,620176.2890993133,0.0,620176.2890993133,620176.2890993133,11880.882341381252
294,706980.6113297247,0.0,706980.6113297247,706980.6113297247,13388.544847074767
295,718889.9767916289,0.0,718889.9767916289,718889.9767916289,13593.408934120269
296,1000000.0,0.0,1000000.0,1000000.0,18306.503209339273
297,1000000.0,0.0,1000000.0,1000000.0,18306.472570937298
298,1000000.0,0.0,1000000.0,1000000.0,18306.441932637852
299,1000000.0,0.0,1000000.0,1000000.0,18306.411294440943
300,1000000.0,0.0,1000000.0,1000000.0,18306.380656346573
301,1000000.0,0.0,1000000.0,1000000.0,18306.350018354733
302,973321.218411643,0.0,973321.218411643,973321.218411643,17868.401821532017
303,855020.6969187122,0.0,855020.6969187122,855020.6969187122,15903.792052597873
304,846486.6618581346,0.0,846486.6618581346,846486.6618581346,15760.542500452773
305,539550.9580550505,0.0,539550.9580550505,539550.9580550505,10456.409708717225
306,438165.98730383505,0.0,438165.98730383505,438165.98730383505,8629.581398652395
307,548743.387384018,0.0,548743.387384018,548743.387384018,10619.981076940881
308,785116.8541425496,0.0,785116.8541425496,785116.8541425496,14724.221234943894
309,666811.8523602095,0.0,666811.8523602095,666811.8523602095,12693.7193357047
310,729622.0537167992,0.0,729622.0537167992,729622.0537167992,13777.299700302689
311,759071.629502437,0.0,759071.629502437,759071.629502437,14280.951046927566
312,784579.0588309385,0.0,784579.0588309385,784579.0588309385,14714.992968875964
313,766992.3214263825,0.0,766992.3214263825,766992.3214263825,14415.905997580223
314,687150.56246663,0.0,687150.56246663,687150.56246663,13045.919426469456
315,628397.2173964087,0.0,628397.2173964087,628397.2173964087,12024.32825856569
316,462053.5793899888,0.0,462053.5793899888,462053.5793899888,9063.667162600514
317,335418.7641968465,0.0,335418.7641968465,335418.7641968465,6732.158110539847
318,353215.15285678033,0.0,353215.15285678033,353215.15285678033,7064.388604781263
319,343877.1072467028,0.0,343877.1072467028,343877.1072467028,6890.244509721722
320,774152.3701511631,0.0,774152.3701511631,774152.3701511631,14537.613250835608
321,897921.8129513405,0.0,897921.8129513405,897921.8129513405,16620.173027657547
322,898252.9493372055,0.0,898252.9493372055,898252.9493372055,16625.658262900582
323,904698.1556961986,0.0,904698.1556961986,904698.1556961986,16732.87567011752
324,867415.826282016,0.0,867415.826282016,867415.826282016,16110.89207550783
325,840776.7599669707,0.0,840776.7599669707,840776.7599669707,15664.060804016406
326,823295.7451808258,0.0,823295.7451808258,823295.7451808258,15369.71958932982
327,794706.235350955,0.0,794706.235350955,794706.235350955,14886.40953710321
328,767586.9214238157,0.0,767586.9214238157,767586.9214238157,14425.674868783164
329,503624.9831969529,0.0,503624.9831969529,503624.9831969529,9813.444973391022
330,458821.8537403699,0.0,458821.8537403699,458821.8537403699,9004.844921652486
331,550285.6376553512,0.0,550285.6376553512,550285.6376553512,10646.963386520812
332,554029.9298436142,0.0,554029.9298436142,554029.9298436142,10713.469148375485
333,498413.32347896515,0.0,498413.32347896515,498413.32347896515,9719.744270258861
334,473920.0045575654,0.0,473920.0045575654,473920.0045575654,9278.192493665112
335,369887.93104908447,0.0,369887.93104908447,369887.93104908447,7374.002375071205
336,255059.96067472568,0.0,255059.96067472568,255059.96067472568,5210.458914240216
337,171603.40762515884,0.0,171603.40762515884,171603.40762515884,3586.6958888685886
338,145708.14039337754,0.0,145708.14039337754,145708.14039337754,3063.0216188724944
339,138827.36792346562,0.0,138827.36792346562,138827.36792346562,2917.1081747355042
340,149204.26613836762,0.0,149204.26613836762,149204.26613836762,3103.674946301214
341,133282.50846601892,0.0,133282.50846601892,133282.50846601892,2797.758934623451
342,183312.02851087772,0.0,183312.02851087772,183312.02851087772,3717.176093168663
343,258806.33372180528,0.0,258806.33372180528,258806.33372180528,5282.076747985828
344,636164.8883699256,0.0,636164.8883699256,636164.8883699256,12159.275136893188
345,279434.5509634515,0.0,279434.5509634515,279434.5509634515,5675.666350805746
346,264721.14214682666,0.0,264721.14214682666,264721.14214682666,5395.172692387879
347,384205.52922418615,0.0,384205.52922418615,384205.52922418615,7638.695547971646
348,591316.659591001,0.0,591316.659591001,591316.659591001,11372.569751938807
349,508229.41397799423,0.0,508229.41397799423,508229.41397799423,9895.577318170952
350,773268.4290653021,0.0,773268.4290653021,773268.4290653021,14521.621224290247
351,991277.077482298,0.0,991277.077482298,991277.077482298,18161.61839808405
352,1000000.0,0.0,1000000.0,1000000.0,18304.55836321606
353,724955.4055054343,0.0,724955.4055054343,724955.4055054343,13696.032383603466
354,570688.0863947779,0.0,570688.0863947779,570688.0863947779,11008.193960824261
355,433227.0593706858,0.0,433227.0593706858,433227.0593706858,8538.621420198779
356,419808.2801765039,0.0,419808.2801765039,419808.2801765039,8293.318737622012
357,336145.6806638433,0.0,336145.6806638433,336145.6806638433,6745.168386355204
358,283304.85106005886,0.0,283304.85106005886,283304.85106005886,5749.103314340978
359,308359.40270038287,0.0,308359.40270038287,308359.40270038287,6223.268085686948
360,308699.5917309209,0.0,308699.5917309209,308699.5917309209,6229.671965380091
361,262886.5281770017,0.0,262886.5281770017,262886.5281770017,5359.966900989845
362,242516.79658922544,0.0,242516.79658922544,242516.79658922544,4969.2344158219385
363,160512.4131411393,0.0,160512.4131411393,160512.4131411393,3366.544839280034
364,179086.2625961768,0.0,179086.2625961768,179086.2625961768,3734.2249183600643
365,430455.42811864195,0.0,430455.42811864195,430455.42811864195,8487.884446668002
366,653003.4240249642,0.0,653003.4240249642,653003.4240249642,12452.349878690022
367,601472.7116998278,0.0,601472.7116998278,601472.7116998278,11550.976163594472
368,1000000.0,0.0,1000000.0,1000000.0,18304.105768745307
369,1000000.0,0.0,1000000.0,1000000.0,18304.075138365846
370,964057.6262407287,0.0,964057.6262407287,964057.6262407287,17713.707551410364
371,967212.6565925842,0.0,967212.6565925842,967212.6565925842,17765.6307827582
372,998451.9901255637,0.0,998451.9901255637,998451.9901255637,18278.626037516697
373,1000000.0,0.0,1000000.0,1000000.0,18303.952847339584
374,1000000.0,0.0,1000000.0,1000000.0,18303.922217471827
375,1000000.0,0.0,1000000.0,1000000.0,18303.891587706556
376,1000000.0,0.0,1000000.0,1000000.0,18303.86095804378
377,1000000.0,0.0,1000000.0,1000000.0,18303.830328483495
378,955427.7731346335,0.0,955427.7731346335,955427.7731346335,17571.233667662458
379,856596.1532460811,0.0,856596.1532460811,856596.1532460811,15927.98185239638
380,872784.1389587253,0.0,872784.1389587253,872784.1389587253,16198.95330497103
381,868948.8065898088,0.0,868948.8065898088,868948.8065898088,16134.787311629914
382,879022.8658188415,0.0,879022.8658188415,879022.8658188415,16303.141697526466
383,879020.2037264637,0.0,879020.2037264637,879020.2037264637,16303.069958307733
384,876768.2439335922,0.0,876768.2439335922,876768.2439335922,16265.42749298338
385,875380.2174299078,0.0,875380.2174299078,875380.2174299078,16242.208579031807
386,870617.8497714666,0.0,870617.8497714666,870617.8497714666,16162.568781043175
387,837657.7776415914,0.0,837657.7776415914,837657.7776415914,15609.778614861687
388,867139.5935406714,0.0,867139.5935406714,867139.5935406714,16104.328422141763
389,870993.3337148133,0.0,870993.3337148133,870993.3337148133,16168.767023528044
390,876486.000785045,0.0,876486.000785045,876486.000785045,16260.549019436708
391,874547.1661285704,0.0,874547.1661285704,874547.1661285704,16228.124243516122
392,1000000.0,0.0,1000000.0,1000000.0,18303.376703352264
393,1000000.0,0.0,1000000.0,1000000.0,18303.346075412333
394,1000000.0,0.0,1000000.0,1000000.0,18303.31544757488
395,1000000.0,0.0,1000000.0,1000000.0,18303.284819839904
396,789051.6354330726,0.0,789051.6354330726,789051.6354330726,14788.607112618218
397,750504.4940406795,0.0,750504.4940406795,750504.4940406795,14132.462101548726
398,711676.1389275291,0.0,711676.1389275291,711676.1389275291,13466.818615622358
399,672843.5437238485,0.0,672843.5437238485,672843.5437238485,12796.20459542786
400,559840.2772540861,0.0,559840.2772540861,559840.2772540861,10815.159814434735
401,339279.42774562695,0.0,339279.42774562695,339279.42774562695,6803.240448145133
402,77093.09687776915,0.0,77093.09687776915,77093.09687776915,1615.8900807101888
403,63263.60136105655,0.0,63263.60136105655,63263.60136105655,1322.2621509896844
404,0.0,0.0,0.0,0.0,-0.0
405,20768.570626370052,0.0,20768.570626370052,20768.570626370052,358.9779461320726
406,0.0,0.0,0.0,0.0,-0.0
407,0.0,0.0,0.0,0.0,-0.0
408,0.0,0.0,0.0,0.0,-0.0
409,26684.83211514523,0.0,26684.83211514523,26684.83211514523,465.1406985197657
410,26891.72824550991,0.0,26891.72824550991,26891.72824550991,562.2637438111695
411,89085.36217876172,0.0,89085.36217876172,89085.36217876172,1645.5202555336693
412,222181.73138518224,0.0,222181.73138518224,222181.73138518224,4254.673865368534
413,359401.9018231193,0.0,359401.9018231193,359401.9018231193,7177.671723274191
414,413741.40592908906,0.0,413741.40592908906,413741.40592908906,8180.741015394167
415,700120.0963736663,0.0,700120.0963736663,700120.0963736663,13266.495753816751
416,1000000.0,0.0,1000000.0,1000000.0,18301.454687970796
417,1000000.0,0.0,1000000.0,1000000.0,18301.424066461757
418,1000000.0,0.0,1000000.0,1000000.0,18301.39344505517
419,1000000.0,0.0,1000000.0,1000000.0,18301.362823751035
420,1000000.0,0.0,1000000.0,1000000.0,18301.33220254934
421,1000000.0,0.0,1000000.0,1000000.0,18301.301581450105
422,1000000.0,0.0,1000000.0,1000000.0,18301.270960453305
423,1000000.0,0.0,1000000.0,1000000.0,18301.240339558957
424,1000000.0,0.0,1000000.0,1000000.0,18301.209718767062
425,986291.2579603287,0.0,986291.2579603287,986291.2579603287,18076.440134084663
426,828216.3536346857,0.0,828216.3536346857,828216.3536346857,15448.814678116138
427,874148.9041829391,0.0,874148.9041829391,874148.9041829391,16219.411689400182
428,878658.0643269279,0.0,878658.0643269279,878658.0643269279,16294.711945577938
429,879022.8658188415,0.0,879022.8658188415,879022.8658188415,16300.776338513693
430,879022.8658188415,0.0,879022.8658188415,879022.8658188415,16300.749064614425
431,879022.8658188415,0.0,879022.8658188415,879022.8658188415,16300.721790806409
432,879022.8658188415,0.0,879022.8658188415,879022.8658188415,16300.694517089632
433,879022.8658188415,0.0,879022.8658188415,879022.8658188415,16300.667243464097
434,879022.8658188415,0.0,879022.8658188415,879022.8658188415,16300.639969929809
435,879022.8658188415,0.0,879022.8658188415,879022.8658188415,16300.612696486764
436,879022.8658188415,0.0,879022.8658188415,879022.8658188415,16300.585423134955
437,879022.8658188415,0.0,879022.8658188415,879022.8658188415,16300.558149874396
438,879022.8658188415,0.0,879022.8658188415,879022.8658188415,16300.530876705074
439,879022.8658188415,0.0,879022.8658188415,879022.8658188415,16300.503603626992
440,1000000.0,0.0,1000000.0,1000000.0,18300.72568204921
441,1000000.0,0.0,1000000.0,1000000.0,18300.695062979143
442,1000000.0,0.0,1000000.0,1000000.0,18300.664444011523
443,1000000.0,0.0,1000000.0,1000000.0,18300.633825146328
444,1000000.0,0.0,1000000.0,1000000.0,18300.603206383574
445,913578.4949171479,0.0,913578.4949171479,913578.4949171479,16875.679580460448
446,777501.6828999551,0.0,777501.6828999551,777501.6828999551,14590.274681723857
447,689856.7445917849,0.0,689856.7445917849,689856.7445917849,13088.648953899263
448,633459.5143750053,0.0,633459.5143750053,633459.5143750053,12109.047909302628
449,485912.4512544888,0.0,485912.4512544888,485912.4512544888,9491.956981696601
450,121165.83330501892,0.0,121165.83330501892,121165.83330501892,2546.7624985334373
451,132258.80723287363,0.0,132258.80723287363,132258.80723287363,2747.660136646876
452,190991.15732895717,0.0,190991.15732895717,190991.15732895717,3862.9512322454016
453,62953.71183271107,0.0,62953.71183271107,62953.71183271107,1315.8832650864927
454,84184.69924795062,0.0,84184.69924795062,84184.69924795062,1677.4779031352327
455,172480.62354448618,0.0,172480.62354448618,172480.62354448618,3318.318783209404
456,142075.2383591385,0.0,142075.2383591385,142075.2383591385,2980.730457344681
457,137800.71722683558,0.0,137800.71722683558,137800.71722683558,2895.597812421492
458,141735.1090498553,0.0,141735.1090498553,141735.1090498553,2973.9539844711467
459,90204.15036221567,0.0,90204.15036221567,90204.15036221567,1894.5636569831463
460,120828.58925800544,0.0,120828.58925800544,120828.58925800544,2426.9782551594317
461,142597.24604248945,0.0,142597.24604248945,142597.24604248945,2932.3786978624635
462,126367.69319063413,0.0,126367.69319063413,126367.69319063413,2650.1247804791337
463,109616.23645386359,0.0,109616.23645386359,109616.23645386359,2298.845611557884
464,489724.91934220784,0.0,489724.91934220784,489724.91934220784,9056.438578829875
465,564196.5232819663,0.0,564196.5232819663,564196.5232819663,10889.258104918592
466,582089.5522388059,0.0,582089.5522388059,582089.5522388059,11205.60916155102
467,582089.5522388059,0.0,582089.5522388059,582089.5522388059,11205.590413336475
468,582089.5522388059,0.0,582089.5522388059,582089.5522388059,11205.571665184629
469,582089.5522388059,0.0,582089.5522388059,582089.5522388059,11205.552917095489
470,582089.5522388059,0.0,582089.5522388059,582089.5522388059,11205.534169069046
471,569937.9686469872,0.0,569937.9686469872,569937.9686469872,10990.792723775543
472,511398.0864108956,0.0,511398.0864108956,511398.0864108956,9948.521876140861
473,327531.8385514214,0.0,327531.8385514214,327531.8385514214,6581.253233094906
474,58725.03248729393,0.0,58725.03248729393,58725.03248729393,1231.9585748176937
475,33726.28071298056,0.0,33726.28071298056,33726.28071298056,707.3634021569706
476,28670.72549907569,0.0,28670.72549907569,28670.72549907569,597.3125974855988
477,28670.72549907569,0.0,28670.72549907569,28670.72549907569,597.3115952453337
478,56601.134438070934,0.0,56601.134438070934,56601.134438070934,1076.308243879175
479,77095.30182624569,0.0,77095.30182624569,77095.30182624569,1555.623998225763
480,69594.8070761939,0.0,69594.8070761939,69594.8070761939,1457.115608434259
481,31346.692728884133,0.0,31346.692728884133,31346.692728884133,649.8156318379471
482,23152.70352287095,0.0,23152.70352287095,23152.70352287095,477.1227051102812
483,0.0,0.0,0.0,0.0,-0.0
484,497299.9373416205,0.0,497299.9373416205,497299.9373416205,8078.721669206223
485,788503.85200798,0.0,788503.85200798,788503.85200798,14773.369394103844
486,839770.6979597665,0.0,839770.6979597665,839770.6979597665,15638.787821859152
487,869847.4663331822,0.0,869847.4663331822,869847.4663331822,16142.923830939137
488,1000000.0,0.0,1000000.0,1000000.0,18295.974427018868
489,1000000.0,0.0,1000000.0,1000000.0,18295.9438238414
490,1000000.0,0.0,1000000.0,1000000.0,18295.91322076629
491,1000000.0,0.0,1000000.0,1000000.0,18295.882617793544
492,1000000.0,0.0,1000000.0,1000000.0,18295.852014923148
493,916314.4577014989,0.0,916314.4577014989,916314.4577014989,16916.659536375613
494,751978.9511461328,0.0,751978.9511461328,751978.9511461328,14151.72899202742
495,692078.0554675235,0.0,692078.0554675235,692078.0554675235,13123.479399163301
496,576669.8959973806,0.0,576669.8959973806,576669.8959973806,11108.376421636443
497,334791.9323366992,0.0,334791.9323366992,334791.9323366992,6716.325774057672
498,33294.87321113763,0.0,33294.87321113763,33294.87321113763,698.6829562639319
499,0.0,0.0,0.0,0.0,-0.0
500,0.0,0.0,0.0,0.0,-0.0
501,0.0,0.0,0.0,0.0,-0.0
502,0.0,0.0,0.0,0.0,-0.0
503,0.0,0.0,0.0,0.0,-0.0
504,0.0,0.0,0.0,0.0,-0.0
505,0.0,0.0,0.0,0.0,-0.0
506,0.0,0.0,0.0,0.0,-0.0
507,0.0,0.0,0.0,0.0,-0.0
508,0.0,0.0,0.0,0.0,-0.0
509,26846.39516354201,0.0,26846.39516354201,26846.39516354201,467.6522159138011
510,59730.609122463364,0.0,59730.609122463364,59730.609122463364,1132.4301536878788
511,160986.4023303808,0.0,160986.4023303808,160986.4023303808,3018.7564479655816
512,512535.91113461705,0.0,512535.91113461705,512535.91113461705,9966.766644665171
513,932670.3627018034,0.0,932670.3627018034,932670.3627018034,17186.15440240124
514,1000000.0,0.0,1000000.0,1000000.0,18294.200723642545
515,1000000.0,0.0,1000000.0,1000000.0,18294.170126397265
516,1000000.0,0.0,1000000.0,1000000.0,18294.13952925432
517,1000000.0,0.0,1000000.0,1000000.0,18294.1089322137
518,1000000.0,0.0,1000000.0,1000000.0,18294.078335275404
519,1000000.0,0.0,1000000.0,1000000.0,18294.04773843944
520,1000000.0,0.0,1000000.0,1000000.0,18294.0171417058
521,947440.0478792295,0.0,947440.0478792295,947440.0478792295,17430.00445265289
522,862531.6066239132,0.0,862531.6066239132,862531.6066239132,16018.708169776675
523,874074.5404354664,0.0,874074.5404354664,874074.5404354664,16211.706318522216
524,851221.3178912224,0.0,851221.3178912224,851221.3178912224,15829.153200963772
525,878961.5981148717,0.0,878961.5981148717,878961.5981148717,16293.261880862805
526,879022.8658188415,0.0,879022.8658188415,879022.8658188415,16294.257322542522
527,879022.8658188415,0.0,879022.8658188415,879022.8658188415,16294.230070447411
528,879022.8658188415,0.0,879022.8658188415,879022.8658188415,16294.202818443437
529,879022.8658188415,0.0,879022.8658188415,879022.8658188415,16294.175566530597
530,879022.8658188415,0.0,879022.8658188415,879022.8658188415,16294.14831470889
531,879022.8658188415,0.0,879022.8658188415,879022.8658188415,16294.121062978318
532,879022.8658188415,0.0,879022.8658188415,879022.8658188415,16294.09381133888
533,879022.8658188415,0.0,879022.8658188415,879022.8658188415,16294.066559790572
534,879022.8658188415,0.0,879022.8658188415,879022.8658188415,16294.0393083334
535,879022.8658188415,0.0,879022.8658188415,879022.8658188415,16294.012056967358
536,1000000.0,0.0,1000000.0,1000000.0,18293.533588386552
537,1000000.0,0.0,1000000.0,1000000.0,18293.502993372374
538,1000000.0,0.0,1000000.0,1000000.0,18293.47239846051
539,1000000.0,0.0,1000000.0,1000000.0,18293.441803650967
540,1000000.0,0.0,1000000.0,1000000.0,18293.411208943737
541,1000000.0,0.0,1000000.0,1000000.0,18293.380614338825
542,1000000.0,0.0,1000000.0,1000000.0,18293.35001983622
543,1000000.0,0.0,1000000.0,1000000.0,18293.319425435937
544,1000000.0,0.0,1000000.0,1000000.0,18293.288831137957
545,899405.8054146608,0.0,899405.8054146608,899405.8054146608,16633.38261222295
546,838067.06214208,0.0,838067.06214208,838067.06214208,15607.71464922162
547,874228.164141991,0.0,874228.164141991,874228.164141991,16213.618468964893
548,878877.3202923127,0.0,878877.3202923127,878877.3202923127,16291.225195404908
549,878997.2739869816,0.0,878997.2739869816,878997.2739869816,16293.200188878705
550,879022.8658188415,0.0,879022.8658188415,879022.8658188415,16293.600106728394
551,879022.8658188415,0.0,879022.8658188415,879022.8658188415,16293.572856831073
552,879022.8658188415,0.0,879022.8658188415,879022.8658188415,16293.545607024875
553,879022.8658188415,0.0,879022.8658188415,879022.8658188415,16293.518357309797
554,879022.8658188415,0.0,879022.8658188415,879022.8658188415,16293.491107685844
555,879022.8658188415,0.0,879022.8658188415,879022.8658188415,16293.463858153014
556,879022.8658188415,0.0,879022.8658188415,879022.8658188415,16293.436608711309
557,879022.8658188415,0.0,879022.8658188415,879022.8658188415,16293.409359360723
558,878935.7682328491,0.0,878935.7682328491,878935.7682328491,16291.928326922582
559,879022.8658188415,0.0,879022.8658188415,879022.8658188415,16293.354861202399
560,1000000.0,0.0,1000000.0,1000000.0,18292.80546666457
561,1000000.0,0.0,1000000.0,1000000.0,18292.77487408535
562,1000000.0,0.0,1000000.0,1000000.0,18292.744281608433
563,815786.8289905328,0.0,815786.8289905328,815786.8289905328,15232.058948531629
564,649374.5367398603,0.0,649374.5367398603,649374.5367398603,12381.077340047148
565,615268.751260579,0.0,615268.751260579,615268.751260579,11785.462037203433
566,623799.9458607092,0.0,623799.9458607092,623799.9458607092,11934.806075472541
567,593561.6184602631,0.0,593561.6184602631,593561.6184602631,11404.204103427404
568,535946.7681806246,0.0,535946.7681806246,535946.7681806246,10383.955933284898
569,322682.05457803473,0.0,322682.05457803473,322682.05457803473,6488.169349216637
570,0.0,0.0,0.0,0.0,-0.0
571,153794.9341257425,0.0,153794.9341257425,153794.9341257425,2691.763736859441
572,867965.2233140547,0.0,867965.2233140547,867965.2233140547,16107.122307336576
573,879022.8658188415,0.0,879022.8658188415,879022.8658188415,16291.81779773715
574,879022.8658188415,0.0,879022.8658188415,879022.8658188415,16291.790553799578
575,879022.8658188415,0.0,879022.8658188415,879022.8658188415,16291.76330995309
576,879022.8658188415,0.0,879022.8658188415,879022.8658188415,16291.73606619771
577,879022.8658188415,0.0,879022.8658188415,879022.8658188415,16291.70882253342
578,879022.8658188415,0.0,879022.8658188415,879022.8658188415,16291.681578960215
579,879022.8658188415,0.0,879022.8658188415,879022.8658188415,16291.65433547811
580,879022.8658188415,0.0,879022.8658188415,879022.8658188415,16291.627092087094
581,877437.3572137923,0.0,877437.3572137923,877437.3572137923,16265.13469157419
582,878055.0109764127,0.0,878055.0109764127,878055.0109764127,16275.418131742634
583,754408.3116050485,0.0,754408.3116050485,754408.3116050485,14189.2315790824
584,455056.70963368623,0.0,455056.70963368623,455056.70963368623,8928.813878159115
585,535560.7361873223,0.0,535560.7361873223,535560.7361873223,10375.999305830017
586,460207.6759300552,0.0,460207.6759300552,460207.6759300552,9022.177515731279
587,588620.6948431146,0.0,588620.6948431146,588620.6948431146,11315.970994560546
588,733530.7990481132,0.0,733530.7990481132,733530.7990481132,13832.30245917697
589,611667.461917975,0.0,611667.461917975,611667.461917975,11720.991529756235
590,567712.3267858032,0.0,567712.3267858032,567712.3267858032,10946.763057133314
591,590071.2960851325,0.0,590071.2960851325,590071.2960851325,11341.44660226603
592,424429.253194473,0.0,424429.253194473,424429.253194473,8371.026420401087
593,173699.1568041475,0.0,173699.1568041475,173699.1568041475,3624.789833581934
594,124078.95971228687,0.0,124078.95971228687,124078.95971228687,2603.2740053352436
595,76647.63295856668,0.0,76647.63295856668,76647.63295856668,1605.8504881319886
596,62505.322202031224,0.0,62505.322202031224,62505.322202031224,1306.3141152209164
597,84973.64503523336,0.0,84973.64503523336,84973.64503523336,1691.4371349546907
598,68776.19494676415,0.0,68776.19494676415,68776.19494676415,1440.217553408574
599,57913.166222267966,0.0,57913.166222267966,57913.166222267966,1215.191089701135
600,101960.21343480099,0.0,101960.21343480099,101960.21343480099,1987.9468741963271
601,32991.25254676759,0.0,32991.25254676759,32991.25254676759,692.4035003463337
602,0.0,0.0,0.0,0.0,-0.0
603,0.0,0.0,0.0,0.0,-0.0
604,0.0,0.0,0.0,0.0,-0.0
605,0.0,0.0,0.0,0.0,-0.0
606,0.0,0.0,0.0,0.0,-0.0
607,0.0,0.0,0.0,0.0,-0.0
608,142942.52823255904,0.0,142942.52823255904,142942.52823255904,2496.6236379237116
609,342595.93380849704,0.0,342595.93380849704,342595.93380849704,6738.912644967703
610,391364.03463060135,0.0,391364.03463060135,391364.03463060135,7763.338230428103
611,437344.37439432996,0.0,437344.37439432996,437344.37439432996,8605.612037524714
612,381917.4040873123,0.0,381917.4040873123,381917.4040873123,7589.068281671866
613,468476.9873618672,0.0,468476.9873618672,468476.9873618672,9170.618271994215
614,251823.97189048343,0.0,251823.97189048343,251823.97189048343,5143.079609193915
615,355063.96921795653,0.0,355063.96921795653,355063.96921795653,7091.391656815753
616,349579.73031041666,0.0,349579.73031041666,349579.73031041666,6989.3142663045
617,345195.360694863,0.0,345195.360694863,345195.360694863,6907.598372032284
618,347006.7812054689,0.0,347006.7812054689,347006.7812054689,6941.354900292724
619,390678.57518905035,0.0,390678.57518905035,390678.57518905035,7750.592735012893
620,491450.25247644464,0.0,491450.25247644464,491450.25247644464,9584.851641354533
621,768256.1534287767,0.0,768256.1534287767,768256.1534287767,14423.001972184387
622,878964.3014202318,0.0,878964.3014202318,878964.3014202318,16288.14469242288
623,879022.8658188415,0.0,879022.8658188415,879022.8658188415,16289.094751615645
624,879022.8658188415,0.0,879022.8658188415,879022.8658188415,16289.067516782421
625,879022.8658188415,0.0,879022.8658188415,879022.8658188415,16289.040282040249
626,879022.8658188415,0.0,879022.8658188415,879022.8658188415,16289.01304738913
627,879022.8658188415,0.0,879022.8658188415,879022.8658188415,16288.98581282905
628,879022.8658188415,0.0,879022.8658188415,879022.8658188415,16288.958578360021
629,879022.8658188415,0.0,879022.8658188415,879022.8658188415,16288.931343982043
630,879022.8658188415,0.0,879022.8658188415,879022.8658188415,16288.904109695104
631,879022.8658188415,0.0,879022.8658188415,879022.8658188415,16288.876875499212
632,964186.8651729857,0.0,964186.8651729857,964186.8651729857,17700.09634890304
633,1000000.0,0.0,1000000.0,1000000.0,18287.81372921442
634,1000000.0,0.0,1000000.0,1000000.0,18287.783153326003
635,1000000.0,0.0,1000000.0,1000000.0,18287.752577539803
636,1000000.0,0.0,1000000.0,1000000.0,18287.722001855826
637,1000000.0,0.0,1000000.0,1000000.0,18287.69142627406
638,1000000.0,0.0,1000000.0,1000000.0,18287.660850794524
639,1000000.0,0.0,1000000.0,1000000.0,18287.630275417207
640,1000000.0,0.0,1000000.0,1000000.0,18287.5997001421
641,1000000.0,0.0,1000000.0,1000000.0,18287.569124969214
642,827894.2531283422,0.0,827894.2531283422,827894.2531283422,15431.682176734968
643,874395.9094007862,0.0,874395.9094007862,874395.9094007862,16211.307140361218
644,874440.031235569,0.0,874440.031235569,874440.031235569,16212.016861802587
645,874747.9513974718,0.0,874747.9513974718,874747.9513974718,16217.131798535343
646,878474.825691804,0.0,878474.825691804,878474.825691804,16279.319576217482
647,879022.8658188415,0.0,879022.8658188415,879022.8658188415,16288.437817230293
648,879022.8658188415,0.0,879022.8658188415,879022.8658188415,16288.410584593226
649,875299.1111128307,0.0,875299.1111128307,875299.1111128307,16226.226552137497
650,879022.8658188415,0.0,879022.8658188415,879022.8658188415,16288.356131117558
651,877378.8529809986,0.0,877378.8529809986,877378.8529809986,16260.89195890258
652,877419.2206225338,0.0,877419.2206225338,877419.2206225338,16261.538557947637
653,877453.3121239704,0.0,877453.3121239704,877453.3121239704,16262.08039507877
654,879022.8658188415,0.0,879022.8658188415,879022.8658188415,16288.247217109116
655,879022.8658188415,0.0,879022.8658188415,879022.8658188415,16288.21998510921
656,912549.5824967902,0.0,912549.5824967902,912549.5824967902,16846.081776742634
657,1000000.0,0.0,1000000.0,1000000.0,18287.086114027654
658,1000000.0,0.0,1000000.0,1000000.0,18287.05554057173
659,1000000.0,0.0,1000000.0,1000000.0,18287.024967218033
660,1000000.0,0.0,1000000.0,1000000.0,18286.99439396653
661,1000000.0,0.0,1000000.0,1000000.0,18286.96382081724
662,1000000.0,0.0,1000000.0,1000000.0,18286.933247770157
663,1000000.0,0.0,1000000.0,1000000.0,18286.90267482528
664,1000000.0,0.0,1000000.0,1000000.0,18286.872101982604
665,1000000.0,0.0,1000000.0,1000000.0,18286.84152924214
666,945043.4937509524,0.0,945043.4937509524,945043.4937509524,17383.577091055176
667,876754.3954123579,0.0,876754.3954123579,876754.3954123579,16250.030043608756
668,879022.8658188415,0.0,879022.8658188415,879022.8658188415,16287.8624117059
669,879022.8658188415,0.0,879022.8658188415,879022.8658188415,16287.835180992353
670,879022.8658188415,0.0,879022.8658188415,879022.8658188415,16287.807950369832
671,879022.8658188415,0.0,879022.8658188415,879022.8658188415,16287.780719838343
672,879022.8658188415,0.0,879022.8658188415,879022.8658188415,16287.71062721378
673,879022.8658188415,0.0,879022.8658188415,879022.8658188415,16287.683397007617
674,879022.8658188415,0.0,879022.8658188415,879022.8658188415,16287.656166892482
675,879022.8658188415,0.0,879022.8658188415,879022.8658188415,16287.628936868367
676,879022.8658188415,0.0,879022.8658188415,879022.8658188415,16287.601706935282
677,879022.8658188415,0.0,879022.8658188415,879022.8658188415,16287.574477093216
678,874732.6164386631,0.0,874732.6164386631,874732.6164386631,16215.934397273808
679,855460.6242631394,0.0,855460.6242631394,855460.6242631394,15893.579273953535
680,872187.1257062505,0.0,872187.1257062505,872187.1257062505,16173.36660888107
681,959882.5225204938,0.0,959882.5225204938,959882.5225204938,17627.748901852654
682,842043.2703506869,0.0,842043.2703506869,842043.2703506869,15668.467005432514
683,720700.7495327133,0.0,720700.7495327133,720700.7495327133,13608.93074979043
684,899961.1628564305,0.0,899961.1628564305,899961.1628564305,16636.147991758153
685,1000000.0,0.0,1000000.0,1000000.0,18286.190512235033
686,1000000.0,0.0,1000000.0,1000000.0,18286.159941773083
687,1000000.0,0.0,1000000.0,1000000.0,18286.129371413328
688,1000000.0,0.0,1000000.0,1000000.0,18286.098801155767
689,1000000.0,0.0,1000000.0,1000000.0,18286.0682310004
690,936667.1582166315,0.0,936667.1582166315,936667.1582166315,17244.48313333604
691,879022.8658188415,0.0,879022.8658188415,879022.8658188415,16287.191702839875
692,879022.8658188415,0.0,879022.8658188415,879022.8658188415,16287.16447436835
693,879022.8658188415,0.0,879022.8658188415,879022.8658188415,16287.137245987842
694,879022.8658188415,0.0,879022.8658188415,879022.8658188415,16287.110017698353
695,879022.8658188415,0.0,879022.8658188415,879022.8658188415,16287.082789499873
696,877055.3688097027,0.0,877055.3688097027,877055.3688097027,16254.221383655475
697,879022.8658188415,0.0,879022.8658188415,879022.8658188415,16287.02833946179
698,879022.8658188415,0.0,879022.8658188415,879022.8658188415,16287.001111536341
699,879022.8658188415,0.0,879022.8658188415,879022.8658188415,16286.973883701901
700,874702.0092828495,0.0,874702.0092828495,874702.0092828495,16214.825091174664
701,874827.381835315,0.0,874827.381835315,874827.381835315,16216.891374133313
702,879022.8658188415,0.0,879022.8658188415,879022.8658188415,16286.89222710244
703,879022.8658188415,0.0,879022.8658188415,879022.8658188415,16286.864999631965
704,1000000.0,0.0,1000000.0,1000000.0,18285.615165750973
705,1000000.0,0.0,1000000.0,1000000.0,18285.58459721231
706,1000000.0,0.0,1000000.0,1000000.0,18285.55402877584
707,1000000.0,0.0,1000000.0,1000000.0,18285.52346044155
708,1000000.0,0.0,1000000.0,1000000.0,18285.492892209437
709,1000000.0,0.0,1000000.0,1000000.0,18285.46232407951
710,1000000.0,0.0,1000000.0,1000000.0,18285.431756051774
711,1000000.0,0.0,1000000.0,1000000.0,18285.40118812621
712,1000000.0,0.0,1000000.0,1000000.0,18285.370620302827
713,1000000.0,0.0,1000000.0,1000000.0,18285.34005258163
714,660707.7627040332,0.0,660707.7627040332,660707.7627040332,12572.821537240417
715,393274.6953029865,0.0,393274.6953029865,393274.6953029865,7797.046779670329
716,583443.6346661954,0.0,583443.6346661954,583443.6346661954,11221.188583584686
717,816372.381247124,0.0,816372.381247124,816372.381247124,15235.567621418926
718,672232.7165477679,0.0,672232.7165477679,672232.7165477679,12772.568452733824
719,681960.8256219898,0.0,681960.8256219898,681960.8256219898,12940.873977733363
720,744117.9018118643,0.0,744117.9018118643,744117.9018118643,14009.036067037485
721,875686.6397349548,0.0,875686.6397349548,875686.6397349548,16230.696487623438
722,873919.4165158235,0.0,873919.4165158235,873919.4165158235,16201.16250930331
723,879022.8658188415,0.0,879022.8658188415,879022.8658188415,16286.322332884769
724,874853.8495587184,0.0,874853.8495587184,874853.8495587184,16216.711347614513
725,877704.5832784806,0.0,877704.5832784806,877704.5832784806,16264.270146230798
726,879022.8658188415,0.0,879022.8658188415,879022.8658188415,16286.240673439337
727,879022.8658188415,0.0,879022.8658188415,879022.8658188415,16286.213448146731
728,1000000.0,0.0,1000000.0,1000000.0,18284.89328914434
729,1000000.0,0.0,1000000.0,1000000.0,18284.862723018712
730,1000000.0,0.0,1000000.0,1000000.0,18284.832156995257
731,1000000.0,0.0,1000000.0,1000000.0,18284.801591073967
732,889610.9765967039,0.0,889610.9765967039,889610.9765967039,16462.57850909049
733,888511.0180563364,0.0,888511.0180563364,888511.0180563364,16444.22934067343
734,774507.844176856,0.0,774507.844176856,774507.844176856,14526.477030298802
735,710804.3621006295,0.0,710804.3621006295,710804.3621006295,13437.74802804051
736,487484.40988484665,0.0,487484.40988484665,487484.40988484665,9511.506263034598
737,363062.46235008916,0.0,363062.46235008916,363062.46235008916,7238.374573829456
738,119952.33970393905,0.0,119952.33970393905,119952.33970393905,2520.083397612854
739,86996.63219807355,0.0,86996.63219807355,86996.63219807355,1819.9252937143945
740,29740.480765271343,0.0,29740.480765271343,29740.480765271343,617.8593595440514
741,34543.87641169692,0.0,34543.87641169692,34543.87641169692,692.8751267763456
742,0.0,0.0,0.0,0.0,-0.0
743,0.0,0.0,0.0,0.0,-0.0
744,548116.0092095677,0.0,548116.0092095677,548116.0092095677,8828.93479365357
745,817544.6306695547,0.0,817544.6306695547,817544.6306695547,15253.555303265019
746,728892.1481671236,0.0,728892.1481671236,728892.1481671236,13746.953322462234
747,546687.2986029532,0.0,546687.2986029532,546687.2986029532,10569.288140397735
748,488912.2888841262,0.0,488912.2888841262,488912.2888841262,9536.310633531579
749,357229.86966150405,0.0,357229.86966150405,357229.86966150405,7129.388309092155
750,307411.4018961929,0.0,307411.4018961929,307411.4018961929,6197.389346264479
751,774544.5586526103,0.0,774544.5586526103,774544.5586526103,14525.673237958323
752,1000000.0,0.0,1000000.0,1000000.0,18282.929312381526
753,892163.8308900342,0.0,892163.8308900342,892163.8308900342,16503.377664588395
754,733574.1895849762,0.0,733574.1895849762,733574.1895849762,13826.94920016238
755,736543.6714698824,0.0,736543.6714698824,736543.6714698824,13877.740329131424
756,799050.3112605328,0.0,799050.3112605328,799050.3112605328,14940.965188856455
757,949533.6631480863,0.0,949533.6631480863,949533.6631480863,17453.799344383526
758,1000000.0,0.0,1000000.0,1000000.0,18282.7489921355
759,1000000.0,0.0,1000000.0,1000000.0,18282.718433177164
760,1000000.0,0.0,1000000.0,1000000.0,18282.68787432096
761,954475.4666885943,0.0,954475.4666885943,954475.4666885943,17535.14872749853
762,708268.775903574,0.0,708268.775903574,708268.775903574,13392.590408509748
763,874250.3613235619,0.0,874250.3613235619,874250.3613235619,16204.463032377618
764,879022.8658188415,0.0,879022.8658188415,879022.8658188415,16284.086773334333
765,879022.8658188415,0.0,879022.8658188415,879022.8658188415,16284.059555240741
766,879022.8658188415,0.0,879022.8658188415,879022.8658188415,16284.032337238115
767,879022.8658188415,0.0,879022.8658188415,879022.8658188415,16284.005119326455
768,879022.8658188415,0.0,879022.8658188415,879022.8658188415,16283.977901505754
769,879022.8658188415,0.0,879022.8658188415,879022.8658188415,16283.950683776022
770,879022.8658188415,0.0,879022.8658188415,879022.8658188415,16283.923466137248
771,879022.8658188415,0.0,879022.8658188415,879022.8658188415,16283.896248589439
772,878689.7904126779,0.0,878689.7904126779,878689.7904126779,16278.312298030556
773,761967.1150719866,0.0,761967.1150719866,761967.1150719866,14311.216965815616
774,738404.0737543837,0.0,738404.0737543837,738404.0737543837,13909.112486972006
775,679250.818885696,0.0,679250.818885696,679250.818885696,12891.870924685822
776,803663.1198514233,0.0,803663.1198514233,803663.1198514233,15018.451751578701
777,681964.7284682111,0.0,681964.7284682111,681964.7284682111,12938.747608110098
778,810731.4060576365,0.0,810731.4060576365,810731.4060576365,15137.783759202095
779,826656.8580693498,0.0,826656.8580693498,826656.8580693498,15406.193444463534
780,1000000.0,0.0,1000000.0,1000000.0,18282.08777619134
781,1000000.0,0.0,1000000.0,1000000.0,18282.05721944292
782,1000000.0,0.0,1000000.0,1000000.0,18282.026662796623
783,912076.9655263562,0.0,912076.9655263562,912076.9655263562,16833.479007663118
784,746039.3124298694,0.0,746039.3124298694,746039.3124298694,14039.353746086263
785,537007.9291911257,0.0,537007.9291911257,537007.9291911257,10396.455371214117
786,242109.67842917927,0.0,242109.67842917927,242109.67842917927,4954.595400279588
787,390690.9362151644,0.0,390690.9362151644,390690.9362151644,7747.89730145621
788,170588.14528236882,0.0,170588.14528236882,170588.14528236882,3561.378163842883
789,131965.54277639455,0.0,131965.54277639455,131965.54277639455,2767.5360148603013
790,89759.59407457078,0.0,89759.59407457078,89759.59407457078,1883.6464054773996
791,89927.06889050847,0.0,89927.06889050847,89927.06889050847,1886.9774897845914
792,84919.43131707558,0.0,84919.43131707558,84919.43131707558,1778.3980359518068
793,95286.2630005154,0.0,95286.2630005154,95286.2630005154,1963.2059774073916
794,88587.2703630068,0.0,88587.2703630068,88587.2703630068,1860.266985591033
795,82136.77283687973,0.0,82136.77283687973,82136.77283687973,1723.0841564590041
796,154220.08563972893,0.0,154220.08563972893,154220.08563972893,2981.058063319031
797,189081.91781358572,0.0,189081.91781358572,189081.91781358572,3925.177683845623
798,235383.81565895947,0.0,235383.81565895947,235383.81565895947,4824.866021974526
799,438785.641274121,0.0,438785.641274121,438785.641274121,8628.042264042062
800,981539.8762836668,0.0,981539.8762836668,981539.8762836668,17978.462346371743
801,1000000.0,0.0,1000000.0,1000000.0,18280.879639964132
802,1000000.0,0.0,1000000.0,1000000.0,18280.84908725301
803,1000000.0,0.0,1000000.0,1000000.0,18280.81853464399
804,1000000.0,0.0,1000000.0,1000000.0,18280.787982137084
805,1000000.0,0.0,1000000.0,1000000.0,18280.757429732268
806,1000000.0,0.0,1000000.0,1000000.0,18280.726877429566
807,1000000.0,0.0,1000000.0,1000000.0,18280.696325228957
808,1000000.0,0.0,1000000.0,1000000.0,18280.66577313046
809,652011.2608571961,0.0,652011.2608571961,652011.2608571961,12418.424873212782
810,741097.6762058019,0.0,741097.6762058019,741097.6762058019,13953.859049613175
811,873986.6198638316,0.0,873986.6198638316,873986.6198638316,16198.243615640871
812,878842.8776094543,0.0,878842.8776094543,878842.8776094543,16279.260115184581
813,878842.8776094543,0.0,878842.8776094543,878842.8776094543,16279.232908204542
814,879022.8658188415,0.0,879022.8658188415,879022.8658188415,16282.208153278543
815,879022.8658188415,0.0,879022.8658188415,879022.8658188415,16282.180941462764
816,879022.8658188415,0.0,879022.8658188415,879022.8658188415,16282.15372973792
817,879022.8658188415,0.0,879022.8658188415,879022.8658188415,16282.126518104013
818,879022.8658188415,0.0,879022.8658188415,879022.8658188415,16282.099306561033
819,875205.4651115593,0.0,875205.4651115593,875205.4651115593,16218.373617317297
820,876819.0394422059,0.0,876819.0394422059,876819.0394422059,16245.276115571382
821,873992.1001462948,0.0,873992.1001462948,873992.1001462948,16198.064277078905
822,873822.1896779027,0.0,873822.1896779027,873822.1896779027,16195.200505659794
823,876639.923574882,0.0,876639.923574882,876639.923574882,16242.205719643805
824,1000000.0,0.0,1000000.0,1000000.0,18280.18438989046
825,1000000.0,0.0,1000000.0,1000000.0,18280.153839502767
826,1000000.0,0.0,1000000.0,1000000.0,18280.12328921716
827,1000000.0,0.0,1000000.0,1000000.0,18280.09273903365
828,891719.532304289,0.0,891719.532304289,891719.532304289,16493.39159804366
829,758819.2962109584,0.0,758819.2962109584,758819.2962109584,14255.78811268388
830,735233.5795774246,0.0,735233.5795774246,735233.5795774246,13853.109196834912
831,705302.7986221118,0.0,705302.7986221118,705302.7986221118,13339.562711146411
832,636004.1493127013,0.0,636004.1493127013,636004.1493127013,12139.23530419117
833,613625.0814439215,0.0,613625.0814439215,613625.0814439215,11748.07671052518
834,404599.2168598393,0.0,404599.2168598393,404599.2168598393,8002.687794145937
835,220719.28826083816,0.0,220719.28826083816,220719.28826083816,4541.274656897447
836,337495.73762397474,0.0,337495.73762397474,337495.73762397474,6760.445505256497
837,792905.2379318193,0.0,792905.2379318193,792905.2379318193,14834.46803945399
838,751021.7150891486,0.0,751021.7150891486,751021.7150891486,14122.653793420537
839,793089.6604067412,0.0,793089.6604067412,793089.6604067412,14837.540907794397
840,640319.9414015644,0.0,640319.9414015644,640319.9414015644,12214.270499051603
841,532715.7508926934,0.0,532715.7508926934,532715.7508926934,10318.631219561601
842,228414.94473875294,0.0,228414.94473875294,228414.94473875294,4690.035853699801
843,118342.77902492555,0.0,118342.77902492555,118342.77902492555,2478.482551086996
844,67625.54424129838,0.0,67625.54424129838,67625.54424129838,1416.4736364017906
845,78057.5748359658,0.0,78057.5748359658,78057.5748359658,1602.4999712287902
846,49236.27104738453,0.0,49236.27104738453,49236.27104738453,1032.913880062933
847,48701.35986543407,0.0,48701.35986543407,48701.35986543407,1022.2623475281985
848,470903.64984060253,0.0,470903.64984060253,470903.64984060253,8159.162841153857
849,593757.7408612351,0.0,593757.7408612351,593757.7408612351,11398.433410138232
850,582089.5522388059,0.0,582089.5522388059,582089.5522388059,11192.95362136711
851,582089.5522388059,0.0,582089.5522388059,582089.5522388059,11192.934915454365
852,582089.5522388059,0.0,582089.5522388059,582089.5522388059,11192.916209604115
853,582089.5522388059,0.0,582089.5522388059,582089.5522388059,11192.89750381635
854,582089.5522388059,0.0,582089.5522388059,582089.5522388059,11192.878798091082
855,582089.5522388059,0.0,582089.5522388059,582089.5522388059,11192.860092428296
856,538848.596256205,0.0,538848.596256205,538848.596256205,10427.030183933772
857,410158.3072049386,0.0,410158.3072049386,410158.3072049386,8103.879622934134
858,93659.68986788987,0.0,93659.68986788987,93659.68986788987,1960.8094532260625
859,185195.22497037714,0.0,185195.22497037714,185195.22497037714,3578.173124713476
860,446916.3563773537,0.0,446916.3563773537,446916.3563773537,8774.207750411155
861,301611.99602731626,0.0,301611.99602731626,301611.99602731626,6086.072771980421
862,279184.0324263691,0.0,279184.0324263691,279184.0324263691,5661.5502376399745
863,262417.66148253845,0.0,262417.66148253845,262417.66148253845,5342.282778428578
864,275194.00137564726,0.0,275194.00137564726,275194.00137564726,5585.7064152227385
865,543260.0040691236,0.0,543260.0040691236,543260.0040691236,10504.99887487541
866,643247.9583432181,0.0,643247.9583432181,643247.9583432181,12263.752464198582
867,624702.7551344669,0.0,624702.7551344669,624702.7551344669,11940.237573114826
868,671266.6078371797,0.0,671266.6078371797,671266.6078371797,12750.209661419547
869,658887.6183608843,0.0,658887.6183608843,658887.6183608843,12535.577438183716
870,702269.6060470421,0.0,702269.6060470421,702269.6060470421,13285.407430236608
871,814141.7510207299,0.0,814141.7510207299,814141.7510207299,15191.257335649023
872,947888.8227081718,0.0,947888.8227081718,947888.8227081718,17421.434358459337
873,1000000.0,0.0,1000000.0,1000000.0,18277.287366433993
874,1000000.0,0.0,1000000.0,1000000.0,18277.2568257259
875,1000000.0,0.0,1000000.0,1000000.0,18277.22628511987
876,1000000.0,0.0,1000000.0,1000000.0,18277.195744615874
877,1000000.0,0.0,1000000.0,1000000.0,18277.165204213925
878,1000000.0,0.0,1000000.0,1000000.0,18277.13466391402
879,1000000.0,0.0,1000000.0,1000000.0,18277.10412371615
880,1000000.0,0.0,1000000.0,1000000.0,18277.07358362033
881,1000000.0,0.0,1000000.0,1000000.0,18277.043043626545
882,593081.8512184268,0.0,593081.8512184268,593081.8512184268,11385.559336275024
883,846245.0282593297,0.0,846245.0282593297,846245.0282593297,15730.854213148245
884,873993.6753385831,0.0,873993.6753385831,873993.6753385831,16195.10655260273
885,878905.7914573936,0.0,878905.7914573936,878905.7914573936,16277.040128566012
886,878984.2845900875,0.0,878984.2845900875,878984.2845900875,16278.322070107311
887,878785.0718418517,0.0,878785.0718418517,878785.0718418517,16274.972292927094
888,869558.1239301494,0.0,869558.1239301494,869558.1239301494,16120.931443459467
889,875546.6980619649,0.0,875546.6980619649,875546.6980619649,16220.89118157152
890,875745.3757691152,0.0,875745.3757691152,875745.3757691152,16224.17951768762
891,837054.3562527221,0.0,837054.3562527221,837054.3562527221,15576.38490506171
892,855751.240825442,0.0,855751.240825442,855751.240825442,15889.915762139248
893,876142.9485402612,0.0,876142.9485402612,876142.9485402612,16230.732518042829
894,872100.416368996,0.0,872100.416368996,872100.416368996,16163.228635314168
895,870632.9425436355,0.0,870632.9425436355,870632.9425436355,16138.695662127058
896,1000000.0,0.0,1000000.0,1000000.0,18276.592127567692
897,1000000.0,0.0,1000000.0,1000000.0,18276.56158918254
898,976928.4714030509,0.0,976928.4714030509,976928.4714030509,17898.475362115732
899,1000000.0,0.0,1000000.0,1000000.0,18276.500587645438
900,1000000.0,0.0,1000000.0,1000000.0,18276.470049566142
901,1000000.0,0.0,1000000.0,1000000.0,18276.439511588866
902,1000000.0,0.0,1000000.0,1000000.0,18276.40897371362
903,1000000.0,0.0,1000000.0,1000000.0,18276.37843594041
904,1000000.0,0.0,1000000.0,1000000.0,18276.347898269225
905,1000000.0,0.0,1000000.0,1000000.0,18276.317360700075
906,831604.480299662,0.0,831604.480299662,831604.480299662,15484.40399023282
907,506259.5331854551,0.0,506259.5331854551,506259.5331854551,9843.957273598924
908,771547.6599360987,0.0,771547.6599360987,771547.6599360987,14469.276053504942
909,755655.9233814563,0.0,755655.9233814563,755655.9233814563,14198.821630843662
910,695229.3615631474,0.0,695229.3615631474,695229.3615631474,13163.24066861093
911,873778.1700935621,0.0,873778.1700935621,873778.1700935621,16190.777871854007
912,874698.7783790836,0.0,874698.7783790836,874698.7783790836,16206.116628044676
913,875868.511041628,0.0,875868.511041628,875868.511041628,16225.610017877281
914,879022.8658188415,0.0,879022.8658188415,879022.8658188415,16278.203517828619
915,879022.8658188415,0.0,879022.8658188415,879022.8658188415,16278.176319392618
916,877818.7928123242,0.0,877818.7928123242,877818.7928123242,16258.06624853427
917,869449.9067597926,0.0,869449.9067597926,869449.9067597926,16118.341377434028
918,736606.2676571249,0.0,736606.2676571249,736606.2676571249,13873.404241883789
919,551822.0546181521,0.0,551822.0546181521,551822.0546181521,10656.04373708841
920,712036.8257909719,0.0,712036.8257909719,712036.8257909719,13452.228073846474
921,829256.2470774279,0.0,829256.2470774279,829256.2470774279,15444.530591319968
922,710902.3253750677,0.0,710902.3253750677,710902.3253750677,13432.690159671745
923,704751.0758162584,0.0,704751.0758162584,704751.0758162584,13326.906246951008
924,695483.882663992,0.0,695483.882663992,695483.882663992,13167.315655686783
925,707064.149177966,0.0,707064.149177966,707064.149177966,13366.645865414554
926,665741.5132766163,0.0,665741.5132766163,665741.5132766163,12653.230938538443
927,539226.7432412306,0.0,539226.7432412306,539226.7432412306,10432.154203507169
928,423620.61093500984,0.0,423620.61093500984,423620.61093500984,8348.883196480758
929,315607.40126156603,0.0,315607.40126156603,315607.40126156603,6348.782983513415
930,431647.74777211034,0.0,431647.74777211034,431647.74777211034,8495.318480375592
931,552012.4229045287,0.0,552012.4229045287,552012.4229045287,10659.205733519597
932,686965.1137014903,0.0,686965.1137014903,686965.1137014903,13020.214844312779
933,792543.0927022491,0.0,792543.0927022491,792543.0927022491,14824.757607824322
934,856654.444316165,0.0,856654.444316165,856654.444316165,15903.931661441426
935,856835.0006380226,0.0,856835.0006380226,856835.0006380226,15906.927572979868
936,856946.6604723784,0.0,856946.6604723784,856946.6604723784,15908.770114176768
937,876030.0768928474,0.0,876030.0768928474,876030.0768928474,16227.669057757807
938,877276.860403773,0.0,877276.860403773,877276.860403773,16248.442692726323
939,879022.8658188415,0.0,879022.8658188415,879022.8658188415,16277.537721290071
940,879022.8658188415,0.0,879022.8658188415,879022.8658188415,16277.51052507835
941,879022.8658188415,0.0,879022.8658188415,879022.8658188415,16277.483328957494
942,879022.8658188415,0.0,879022.8658188415,879022.8658188415,16277.456132927487
943,879022.8658188415,0.0,879022.8658188415,879022.8658188415,16277.428936988332
944,906461.7115831338,0.0,906461.7115831338,906461.7115831338,16733.948942852625
945,1000000.0,0.0,1000000.0,1000000.0,18275.130315145576
946,1000000.0,0.0,1000000.0,1000000.0,18275.09978164435
947,1000000.0,0.0,1000000.0,1000000.0,18275.06924824512
948,1000000.0,0.0,1000000.0,1000000.0,18275.038714947903
949,1000000.0,0.0,1000000.0,1000000.0,18275.0081817527
950,1000000.0,0.0,1000000.0,1000000.0,18274.977648659496
951,1000000.0,0.0,1000000.0,1000000.0,18274.947115668296
952,1000000.0,0.0,1000000.0,1000000.0,18274.916582779108
953,1000000.0,0.0,1000000.0,1000000.0,18274.88604999193
954,1000000.0,0.0,1000000.0,1000000.0,18274.855517306747
955,896045.731637683,0.0,896045.731637683,896045.731637683,16560.577414098643
956,879022.8658188415,0.0,879022.8658188415,879022.8658188415,16277.071634024805
957,879022.8658188415,0.0,879022.8658188415,879022.8658188415,16277.044439370142
958,879022.8658188415,0.0,879022.8658188415,879022.8658188415,16277.017244806315
959,875586.9941795239,0.0,875586.9941795239,875586.9941795239,16219.675651631094
960,735384.6991990213,0.0,735384.6991990213,735384.6991990213,13851.531632443517
961,879022.8658188415,0.0,879022.8658188415,879022.8658188415,16276.936134027685
962,879022.8658188415,0.0,879022.8658188415,879022.8658188415,16276.908939825666
963,879022.8658188415,0.0,879022.8658188415,879022.8658188415,16276.881745714492
964,879022.8658188415,0.0,879022.8658188415,879022.8658188415,16276.854551694167
965,879022.8658188415,0.0,879022.8658188415,879022.8658188415,16276.827357764685
966,879022.8658188415,0.0,879022.8658188415,879022.8658188415,16276.800163926046
967,875166.9645824826,0.0,875166.9645824826,875166.9645824826,16212.450476918599
968,1000000.0,0.0,1000000.0,1000000.0,18274.433773698805
969,1000000.0,0.0,1000000.0,1000000.0,18274.403242524586
970,1000000.0,0.0,1000000.0,1000000.0,18274.37271145236
971,1000000.0,0.0,1000000.0,1000000.0,18274.342180482126
972,1000000.0,0.0,1000000.0,1000000.0,18274.311649613894
973,1000000.0,0.0,1000000.0,1000000.0,18274.281118847655
974,1000000.0,0.0,1000000.0,1000000.0,18274.25058818341
975,1000000.0,0.0,1000000.0,1000000.0,18274.220057621154
976,1000000.0,0.0,1000000.0,1000000.0,18274.189527160903
977,1000000.0,0.0,1000000.0,1000000.0,18274.15899680264
978,472764.8209977558,0.0,472764.8209977558,472764.8209977558,9240.394910603602
979,549014.0557734431,0.0,549014.0557734431,549014.0557734431,10605.109992498874
980,338732.8325824507,0.0,338732.8325824507,338732.8325824507,6781.2025345530155
981,135058.33164444944,0.0,135058.33164444944,135058.33164444944,2827.6681278674964
982,7275.57136221411,0.0,7275.57136221411,7275.57136221411,-0.0
983,0.0,0.0,0.0,0.0,-0.0
984,0.0,0.0,0.0,0.0,-0.0
985,0.0,0.0,0.0,0.0,-0.0
986,0.0,0.0,0.0,0.0,-0.0
987,62035.08988169028,0.0,62035.08988169028,62035.08988169028,1079.7827001410974
988,94321.3805652864,0.0,94321.3805652864,94321.3805652864,1853.7390340925244
989,123229.50753900103,0.0,123229.50753900103,123229.50753900103,2468.7078434342275
990,133202.28357925755,0.0,133202.28357925755,133202.28357925755,2761.508450068436
991,130713.55309105615,0.0,130713.55309105615,130713.55309105615,2741.0778818717577
992,251400.45959055366,0.0,251400.45959055366,251400.45959055366,4995.0696836609
993,820598.8354003725,0.0,820598.8354003725,820598.8354003725,15296.027535729681
994,713201.5638185823,0.0,713201.5638185823,713201.5638185823,13469.709637104386
995,751259.2957014693,0.0,751259.2957014693,751259.2957014693,14120.945140741605
996,681119.8137636853,0.0,681119.8137636853,681119.8137636853,12917.037978796117
997,584140.5627539342,0.0,584140.5627539342,584140.5627539342,11225.21189038953
998,746894.3717928121,0.0,746894.3717928121,746894.3717928121,14046.413981891217
999,835980.3864335221,0.0,835980.3864335221,835980.3864335221,15554.585049586081
1000,574901.6969286973,0.0,574901.6969286973,574901.6969286973,11062.238707362498
1001,452065.29319231113,0.0,452065.29319231113,452065.29319231113,8864.908960062297
1002,430045.9620348323,0.0,430045.9620348323,430045.9620348323,8464.487940954972
1003,857521.2073835849,0.0,857521.2073835849,857521.2073835849,15915.635491276205
1004,861113.5195177244,0.0,861113.5195177244,861113.5195177244,15975.707905017955
1005,848564.8682377662,0.0,848564.8682377662,848564.8682377662,15765.583719486012
1006,790517.2359072515,0.0,790517.2359072515,790517.2359072515,14787.731501552284
1007,862946.1450744544,0.0,862946.1450744544,862946.1450744544,16006.273484596628
1008,642481.030726164,0.0,642481.030726164,642481.030726164,12246.621546919436
1009,870199.4837174029,0.0,870199.4837174029,870199.4837174029,16127.375912713771
1010,560328.3938669965,0.0,560328.3938669965,560328.3938669965,10804.400677924878
1011,629721.4282657965,0.0,629721.4282657965,629721.4282657965,12024.144430390596
1012,519549.0642075636,0.0,519549.0642075636,519549.0642075636,10079.216149078919
1013,816145.7248283696,0.0,816145.7248283696,816145.7248283696,15220.45747705024
1014,680238.3722890143,0.0,680238.3722890143,680238.3722890143,12901.383530592142
1015,284118.68221444817,0.0,284118.68221444817,284118.68221444817,5753.199784477553
1016,253500.89186467283,0.0,253500.89186467283,253500.89186467283,5169.9897358005455
1017,121641.05113178505,0.0,121641.05113178505,121641.05113178505,2551.7429151733213
1018,102288.39024459367,0.0,102288.39024459367,102288.39024459367,2140.4700760285673
1019,381108.75573720096,0.0,381108.75573720096,381108.75573720096,7102.008358803632
1020,536555.4116787949,0.0,536555.4116787949,536555.4116787949,10381.985682138813
1021,454957.42425800464,0.0,454957.42425800464,454957.42425800464,8916.772484340912
1022,779886.4273532939,0.0,779886.4273532939,779886.4273532939,14606.766504381323
1023,325052.67721258383,0.0,325052.67721258383,325052.67721258383,6524.259554336342
1024,384410.85602232383,0.0,384410.85602232383,384410.85602232383,7627.268216045639
1025,604398.8002808678,0.0,604398.8002808678,604398.8002808678,11580.47152190427
1026,497057.40935636364,0.0,497057.40935636364,497057.40935636364,9676.002770716377
1027,844684.6971530474,0.0,844684.6971530474,844684.6971530474,15699.523637469343
1028,849676.365930972,0.0,849676.365930972,849676.365930972,15783.175580246407
1029,874966.8834690317,0.0,874966.8834690317,874966.8834690317,16206.016949113846
1030,781443.1862464737,0.0,781443.1862464737,781443.1862464737,14632.97810347675
1031,793344.0124982236,0.0,793344.0124982236,793344.0124982236,14834.550936078906
1032,795554.4125233599,0.0,795554.4125233599,795554.4125233599,14871.922687760285
1033,654125.3741860273,0.0,654125.3741860273,654125.3741860273,12448.260920944365
1034,743266.003147366,0.0,743266.003147366,743266.003147366,13983.239955305591
1035,702980.775894963,0.0,702980.775894963,702980.775894963,13292.727816692483
1036,759683.4160194158,0.0,759683.4160194158,759683.4160194158,14263.111956343559
1037,474090.95523871435,0.0,474090.95523871435,474090.95523871435,9262.516523177397
1038,569453.189016286,0.0,569453.189016286,569453.189016286,10964.987689422089
1039,551342.1718451575,0.0,551342.1718451575,551342.1718451575,10644.345103795582
1040,1000000.0,0.0,1000000.0,1000000.0,18270.698347338515
1041,1000000.0,0.0,1000000.0,1000000.0,18270.667828641595
1042,833056.609687082,0.0,833056.609687082,833056.609687082,15503.931773960085
1043,758446.6679727309,0.0,758446.6679727309,758446.6679727309,14241.888648921291
1044,666779.2588188743,0.0,666779.2588188743,666779.2588188743,12667.528116211504
1045,656891.2466551902,0.0,656891.2466551902,656891.2466551902,12496.033341134907
1046,663969.3797745763,0.0,663969.3797745763,663969.3797745763,12618.791889748889
1047,681550.7329865575,0.0,681550.7329865575,681550.7329865575,12923.01066524385
1048,640633.7053164153,0.0,640633.7053164153,640633.7053164153,12213.315245005593
1049,504019.4193872021,0.0,504019.4193872021,504019.4193872021,9800.482147905119
1050,36678.056394095496,0.0,36678.056394095496,36678.056394095496,764.6619662339681
1051,0.0,0.0,0.0,0.0,-0.0
1052,0.0,0.0,0.0,0.0,-0.0
1053,53135.52265674141,0.0,53135.52265674141,53135.52265674141,924.7400095207681
1054,148451.2883483833,0.0,148451.2883483833,148451.2883483833,2765.0749345281824
1055,343150.3233899516,0.0,343150.3233899516,343150.3233899516,6801.373508090441
1056,404193.7514088901,0.0,404193.7514088901,404193.7514088901,7990.098368099739
1057,196809.44795782026,0.0,196809.44795782026,196809.44795782026,4073.3955946265337
1058,134941.96342144403,0.0,134941.96342144403,134941.96342144403,2824.475625397439
1059,300133.9002686076,0.0,300133.9002686076,300133.9002686076,5895.670185135049
1060,527415.8852167801,0.0,527415.8852167801,527415.8852167801,10217.663213286205
1061,714427.2914999486,0.0,714427.2914999486,714427.2914999486,13487.797266779284
1062,754951.1227970836,0.0,754951.1227970836,754951.1227970836,14180.78181779951
1063,835995.7655008015,0.0,835995.7655008015,835995.7655008015,15551.557477115788
1064,1000000.0,0.0,1000000.0,1000000.0,18268.58704774184
1065,1000000.0,0.0,1000000.0,1000000.0,18268.556536096068
1066,1000000.0,0.0,1000000.0,1000000.0,18268.52602455219
1067,1000000.0,0.0,1000000.0,1000000.0,18268.495513110214
1068,1000000.0,0.0,1000000.0,1000000.0,18268.465001770135
1069,1000000.0,0.0,1000000.0,1000000.0,18268.434490531952
1070,915486.5983360858,0.0,915486.5983360858,915486.5983360858,16877.3606538236
1071,730698.4841015527,0.0,730698.4841015527,730698.4841015527,13766.44626340585
1072,683512.3821556285,0.0,683512.3821556285,683512.3821556285,12955.313336716688
1073,497770.45279695885,0.0,497770.45279695885,497770.45279695885,9687.22015051158
1074,27875.45740590994,0.0,27875.45740590994,27875.45740590994,580.6802180226041
1075,0.0,0.0,0.0,0.0,-0.0
1076,164044.6523324699,0.0,164044.6523324699,164044.6523324699,2857.214076154863
1077,376294.68362318043,0.0,376294.68362318043,376294.68362318043,7475.581423286041
1078,862903.8576264338,0.0,862903.8576264338,862903.8576264338,16000.887464140518
1079,875382.8742030708,0.0,875382.8742030708,875382.8742030708,16209.231141241238
1080,878857.6249196286,0.0,878857.6249196286,878857.6249196286,16267.14635950619
1081,879022.8658188415,0.0,879022.8658188415,879022.8658188415,16269.873779676149
1082,879022.8658188415,0.0,879022.8658188415,879022.8658188415,16269.846609060764
1083,879022.8658188415,0.0,879022.8658188415,879022.8658188415,16269.819438536106
1084,879022.8658188415,0.0,879022.8658188415,879022.8658188415,16269.792268102176
1085,879022.8658188415,0.0,879022.8658188415,879022.8658188415,16269.765097758964
1086,878967.4746401006,0.0,878967.4746401006,878967.4746401006,16268.814565040391
1087,879022.8658188415,0.0,879022.8658188415,879022.8658188415,16269.710757515613
1088,901885.2494633024,0.0,901885.2494633024,901885.2494633024,16650.068282217086
1089,1000000.0,0.0,1000000.0,1000000.0,18266.578933600285
1090,1000000.0,0.0,1000000.0,1000000.0,18266.54842866059
1091,1000000.0,0.0,1000000.0,1000000.0,18266.517923822765
1092,1000000.0,0.0,1000000.0,1000000.0,18266.4874190868
1093,1000000.0,0.0,1000000.0,1000000.0,18266.4569144527
1094,1000000.0,0.0,1000000.0,1000000.0,18266.426409920463
1095,653383.2310496637,0.0,653383.2310496637,653383.2310496637,12432.17440843356
1096,493636.7542382064,0.0,493636.7542382064,493636.7542382064,9611.917226020163
1097,359732.06319014815,0.0,359732.06319014815,359732.06319014815,7168.717186198855
1098,334966.4691313258,0.0,334966.4691313258,334966.4691313258,6707.740687097041
1099,212979.0997017739,0.0,212979.0997017739,212979.0997017739,4387.47177080882
1100,167480.26247213956,0.0,167480.26247213956,167480.26247213956,3496.486121376032
1101,57562.189242850036,0.0,57562.189242850036,57562.189242850036,1206.5757359109746
1102,0.0,0.0,0.0,0.0,-0.0
1103,0.0,0.0,0.0,0.0,-0.0
1104,0.0,0.0,0.0,0.0,-0.0
1105,30447.339116885872,0.0,30447.339116885872,30447.339116885872,525.8720573658929
1106,62368.71907145217,0.0,62368.71907145217,62368.71907145217,1177.7778415726839
1107,124023.4676407214,0.0,124023.4676407214,124023.4676407214,2367.174015479334
1108,269065.8999308608,0.0,269065.8999308608,269065.8999308608,5273.1913393644145
1109,391020.04702709377,0.0,391020.04702709377,391020.04702709377,7746.112929742409
1110,481934.0335884866,0.0,481934.0335884866,481934.0335884866,9400.617018652287
1111,644291.7648079223,0.0,644291.7648079223,644291.7648079223,12273.014225706038
1112,1000000.0,0.0,1000000.0,1000000.0,18264.75366238387
1113,1000000.0,0.0,1000000.0,1000000.0,18264.72316353905
1114,966602.7519494146,0.0,966602.7519494146,966602.7519494146,17717.310376042846
1115,808929.5657454447,0.0,808929.5657454447,808929.5657454447,15092.603928587616
1116,806719.4260048962,0.0,806719.4260048962,806719.4260048962,15055.28673000138
1117,867564.9056986894,0.0,867564.9056986894,867564.9056986894,16076.706656721966
1118,884323.9876908658,0.0,884323.9876908658,884323.9876908658,16356.16563354564
1119,865148.8970086199,0.0,865148.8970086199,865148.8970086199,16036.296939951391
1120,860689.293136214,0.0,860689.293136214,860689.293136214,15961.735615565307
1121,619304.0839339811,0.0,619304.0839339811,619304.0839339811,11837.03151400367
1122,193138.22366078236,0.0,193138.22366078236,193138.22366078236,4000.511251857285
1123,422681.28260504187,0.0,422681.28260504187,422681.28260504187,8326.210533789263
1124,703399.9141821392,0.0,703399.9141821392,703399.9141821392,13295.082244870864
1125,832312.1064532537,0.0,832312.1064532537,832312.1064532537,15486.005252163315
1126,879022.8658188415,0.0,879022.8658188415,879022.8658188415,16267.63440084123
1127,879022.8658188415,0.0,879022.8658188415,879022.8658188415,16267.607237702985
1128,879022.8658188415,0.0,879022.8658188415,879022.8658188415,16267.580074655432
1129,879022.8658188415,0.0,879022.8658188415,879022.8658188415,16267.55291169856
1130,879022.8658188415,0.0,879022.8658188415,879022.8658188415,16267.52574883239
1131,879022.8658188415,0.0,879022.8658188415,879022.8658188415,16267.498586056896
1132,879022.8658188415,0.0,879022.8658188415,879022.8658188415,16267.471423372095
1133,879022.8658188415,0.0,879022.8658188415,879022.8658188415,16267.444260777978
1134,879022.8658188415,0.0,879022.8658188415,879022.8658188415,16267.41709827455
1135,915780.2714882732,0.0,915780.2714882732,915780.2714882732,16878.18314617465
1136,1000000.0,0.0,1000000.0,1000000.0,18264.037596916278
1137,1000000.0,0.0,1000000.0,1000000.0,18264.00710046233
1138,1000000.0,0.0,1000000.0,1000000.0,18263.976604110205
1139,1000000.0,0.0,1000000.0,1000000.0,18263.9461078599
1140,1000000.0,0.0,1000000.0,1000000.0,18263.91561171142
1141,1000000.0,0.0,1000000.0,1000000.0,18263.885115664765
1142,1000000.0,0.0,1000000.0,1000000.0,18263.854619719925
1143,1000000.0,0.0,1000000.0,1000000.0,18263.824123876908
1144,1000000.0,0.0,1000000.0,1000000.0,18263.793628135707
1145,1000000.0,0.0,1000000.0,1000000.0,18263.76313249633
1146,1000000.0,0.0,1000000.0,1000000.0,18263.732636958768
1147,896045.731637683,0.0,896045.731637683,896045.731637683,16550.383201459077
1148,879022.8658188415,0.0,879022.8658188415,879022.8658188415,16267.032682781317
1149,879022.8658188415,0.0,879022.8658188415,879022.8658188415,16267.005521651981
1150,879022.8658188415,0.0,879022.8658188415,879022.8658188415,16266.978360613333
1151,879022.8658188415,0.0,879022.8658188415,879022.8658188415,16266.951199665362
1152,879022.8658188415,0.0,879022.8658188415,879022.8658188415,16266.924038808063
1153,879022.8658188415,0.0,879022.8658188415,879022.8658188415,16266.896878041449
1154,879022.8658188415,0.0,879022.8658188415,879022.8658188415,16266.86971736551
1155,879022.8658188415,0.0,879022.8658188415,879022.8658188415,16266.842556780248
1156,879022.8658188415,0.0,879022.8658188415,879022.8658188415,16266.815396285663
1157,879022.8658188415,0.0,879022.8658188415,879022.8658188415,16266.788235881753
1158,879022.8658188415,0.0,879022.8658188415,879022.8658188415,16266.761075568516
1159,898972.6331744783,0.0,898972.6331744783,898972.6331744783,16598.685140484733
1160,1000000.0,0.0,1000000.0,1000000.0,18263.310802737597
1161,1000000.0,0.0,1000000.0,1000000.0,18263.280308710247
1162,1000000.0,0.0,1000000.0,1000000.0,18263.249814784715
1163,1000000.0,0.0,1000000.0,1000000.0,18263.21932096099
1164,1000000.0,0.0,1000000.0,1000000.0,18263.18882723908
1165,1000000.0,0.0,1000000.0,1000000.0,18263.158333618972
1166,1000000.0,0.0,1000000.0,1000000.0,18263.12784010067
1167,1000000.0,0.0,1000000.0,1000000.0,18263.097346684186
1168,1000000.0,0.0,1000000.0,1000000.0,18263.066853369502
1169,1000000.0,0.0,1000000.0,1000000.0,18263.036360156628
1170,784499.6511204625,0.0,784499.6511204625,784499.6511204625,14678.21814625625
1171,762792.6611720897,0.0,762792.6611720897,762792.6611720897,14309.720882901425
1172,870075.640461059,0.0,870075.640461059,870075.640461059,16117.145030829657
1173,843631.956176864,0.0,843631.956176864,843631.956176864,15674.735667699688
1174,807156.0004978839,0.0,807156.0004978839,807156.0004978839,15061.18290164496
1175,778267.391399458,0.0,778267.391399458,778267.391399458,14572.451579789173
1176,803283.560591359,0.0,803283.560591359,803283.560591359,14995.728620753254
1177,810912.5219420807,0.0,810912.5219420807,810912.5219420807,15124.432508286967
1178,798706.0280845863,0.0,798706.0280845863,798706.0280845863,14918.355428511808
1179,672481.8602591458,0.0,672481.8602591458,672481.8602591458,12760.542465774399
1180,669365.9819013565,0.0,669365.9819013565,669365.9819013565,12706.604438790628
1181,671481.041810111,0.0,671481.041810111,671481.041810111,12743.185422312634
1182,671611.1469918061,0.0,671611.1469918061,671611.1469918061,12745.415188857058
1183,753272.1824095852,0.0,753272.1824095852,753272.1824095852,14147.333035130516
1184,1000000.0,0.0,1000000.0,1000000.0,18262.54297301105
1185,796146.2764256644,0.0,796146.2764256644,796146.2764256644,14874.916346349772
1186,1000000.0,0.0,1000000.0,1000000.0,18262.48268112958
1187,1000000.0,0.0,1000000.0,1000000.0,18262.45218986702
1188,1000000.0,0.0,1000000.0,1000000.0,18262.421698706257
1189,1000000.0,0.0,1000000.0,1000000.0,18262.391207647295
1190,1000000.0,0.0,1000000.0,1000000.0,18262.360716690127
1191,1000000.0,0.0,1000000.0,1000000.0,18262.330225834754
1192,1000000.0,0.0,1000000.0,1000000.0,18262.299735081175
1193,1000000.0,0.0,1000000.0,1000000.0,18262.269244429386
1194,876245.5857394105,0.0,876245.5857394105,876245.5857394105,16219.441847069264
1195,869578.3910161621,0.0,869578.3910161621,869578.3910161621,16108.184590303157
1196,797853.8401315506,0.0,797853.8401315506,797853.8401315506,14903.501688937138
1197,468216.86968958913,0.0,468216.86968958913,468216.86968958913,9151.823863487456
1198,802324.6895415991,0.0,802324.6895415991,802324.6895415991,14978.983886511844
1199,857026.1389055598,0.0,857026.1389055598,857026.1389055598,15898.328306370757
1200,878386.0011834032,0.0,878386.0011834032,878386.0011834032,16254.963700709508
1201,878887.1261764619,0.0,878887.1261764619,878887.1261764619,16263.288829028577
1202,869454.4535903864,0.0,869454.4535903864,869454.4535903864,16105.92933608815
1203,874334.8311812265,0.0,874334.8311812265,874334.8311812265,16187.335753625986
1204,592268.9556185754,0.0,592268.9556185754,592268.9556185754,11361.4072079986
1205,486538.378193762,0.0,486538.378193762,486538.378193762,9481.86665206068
1206,90170.09038535762,0.0,90170.09038535762,90170.09038535762,1889.6486287219848
1207,757226.4348624514,0.0,757226.4348624514,757226.4348624514,13216.619684388399
1208,1000000.0,0.0,1000000.0,1000000.0,18261.283782144754
1209,1000000.0,0.0,1000000.0,1000000.0,18261.253294883987
1210,592823.6168026258,0.0,592823.6168026258,592823.6168026258,11370.686941524076
1211,684218.559360129,0.0,684218.559360129,684218.559360129,12962.239432021688
1212,713276.1477974827,0.0,713276.1477974827,713276.1477974827,13462.310119122645
1213,606799.1154064876,0.0,606799.1154064876,606799.1154064876,11615.894582444776
1214,507141.841892431,0.0,507141.841892431,507141.841892431,9851.065795021414
1215,425702.4450124356,0.0,425702.4450124356,425702.4450124356,8379.689131142524
1216,310146.3381755819,0.0,310146.3381755819,310146.3381755819,6240.617141230756
1217,554929.3724815728,0.0,554929.3724815728,554929.3724815728,10701.938500599037
1218,693760.3898785015,0.0,693760.3898785015,693760.3898785015,13126.613489165495
1219,846918.5460444217,0.0,846918.5460444217,846918.5460444217,15728.115246504442
1220,879022.8658188415,0.0,879022.8658188415,879022.8658188415,16264.560650041927
1221,878957.4560258314,0.0,878957.4560258314,878957.4560258314,16263.443435182131
1222,879022.8658188415,0.0,879022.8658188415,879022.8658188415,16264.506344579175
1223,879022.8658188415,0.0,879022.8658188415,879022.8658188415,16264.479191882918
1224,879022.8658188415,0.0,879022.8658188415,879022.8658188415,16264.452039277308
1225,879022.8658188415,0.0,879022.8658188415,879022.8658188415,16264.424886762326
1226,878863.3516900034,0.0,878863.3516900034,878863.3516900034,16261.739411191782
1227,847791.1103758458,0.0,847791.1103758458,847791.1103758458,15742.523868244753
1228,76579.32947782263,0.0,76579.32947782263,76579.32947782263,1601.7278081284667
1229,231307.50921757348,0.0,231307.50921757348,231307.50921757348,4324.48489478165
1230,394723.83844833914,0.0,394723.83844833914,394723.83844833914,7811.969405844172
1231,917946.2121469541,0.0,917946.2121469541,917946.2121469541,16910.195286447546
1232,1000000.0,0.0,1000000.0,1000000.0,18259.9021341653
1233,1000000.0,0.0,1000000.0,1000000.0,18259.871651516092
1234,1000000.0,0.0,1000000.0,1000000.0,18259.84116896864
1235,1000000.0,0.0,1000000.0,1000000.0,18259.810686522942
1236,1000000.0,0.0,1000000.0,1000000.0,18259.780204179
1237,1000000.0,0.0,1000000.0,1000000.0,18259.74972193681
1238,1000000.0,0.0,1000000.0,1000000.0,18259.719239796363
1239,1000000.0,0.0,1000000.0,1000000.0,18259.688757757674
1240,1000000.0,0.0,1000000.0,1000000.0,18259.658275820733
1241,1000000.0,0.0,1000000.0,1000000.0,18259.627793985543
1242,467664.42320373707,0.0,467664.42320373707,467664.42320373707,9140.478615397296
1243,604553.6211233024,0.0,604553.6211233024,604553.6211233024,11575.492890259902
1244,772979.4164583874,0.0,772979.4164583874,772979.4164583874,14480.023082187205
1245,865467.5384460713,0.0,865467.5384460713,865467.5384460713,16037.134666204774
1246,596074.6590492309,0.0,596074.6590492309,596074.6590492309,11426.65933068836
1247,838607.1438518923,0.0,838607.1438518923,838607.1438518923,15587.436651017455
1248,718086.306875266,0.0,718086.306875266,718086.306875266,13543.493910602023
1249,726322.2466504971,0.0,726322.2466504971,726322.2466504971,13684.575871413088
1250,632725.6758210564,0.0,632725.6758210564,632725.6758210564,12067.83188379162
1251,632137.393730395,0.0,632137.393730395,632137.393730395,12057.556493610546
1252,606817.5727098684,0.0,606817.5727098684,606817.5727098684,11614.99659194701
1253,773183.453665183,0.0,773183.453665183,773183.453665183,14483.270526401606
1254,656719.976420797,0.0,656719.976420797,656719.976420797,12485.011237421772
1255,212302.86602520882,0.0,212302.86602520882,212302.86602520882,4372.431840816369
1256,546274.7677677873,0.0,546274.7677677873,546274.7677677873,10547.363116305594
1257,759744.1886759966,0.0,759744.1886759966,759744.1886759966,14254.79569703059
1258,745516.7691796545,0.0,745516.7691796545,745516.7691796545,14012.387504628072
1259,699856.6236387801,0.0,699856.6236387801,699856.6236387801,13230.149762172017
1260,660524.9196734965,0.0,660524.9196734965,660524.9196734965,12550.873643337107
1261,630428.9514216162,0.0,630428.9514216162,630428.9514216162,12027.56684937556
1262,582089.5522388059,0.0,582089.5522388059,582089.5522388059,11180.403017092722
1263,593090.3868368267,0.0,593090.3868368267,593090.3868368267,11373.90991436956
1264,584740.4963719194,0.0,584740.4963719194,584740.4963719194,11227.041065226758
1265,471430.1033857736,0.0,471430.1033857736,471430.1033857736,9208.090436760314
1266,101857.03073358926,0.0,101857.03073358926,101857.03073358926,2130.371467940894
1267,190578.38893322175,0.0,190578.38893322175,190578.38893322175,3706.6008184896914
1268,337841.4910366306,0.0,337841.4910366306,337841.4910366306,6758.187974996648
1269,647849.2136040811,0.0,647849.2136040811,647849.2136040811,12330.343500957923
1270,609434.4783003608,0.0,609434.4783003608,609434.4783003608,11660.176380215009
1271,537844.8855955403,0.0,537844.8855955403,537844.8855955403,10397.086694965676
1272,640251.7179492628,0.0,640251.7179492628,640251.7179492628,12198.151654385545
1273,485980.7438201707,0.0,485980.7438201707,485980.7438201707,9469.796511645265
1274,322138.3419504762,0.0,322138.3419504762,322138.3419504762,6464.5794240895075
1275,175637.8944507859,0.0,175637.8944507859,175637.8944507859,3655.628428563046
1276,234905.1532590157,0.0,234905.1532590157,234905.1532590157,4808.883746441828
1277,53460.32936157745,0.0,53460.32936157745,53460.32936157745,1115.4686747348917
1278,13653.405928859045,0.0,13653.405928859045,13653.405928859045,278.0067993870518
1279,291839.34107630735,0.0,291839.34107630735,291839.34107630735,4963.418712076488
1280,1000000.0,0.0,1000000.0,1000000.0,18256.831434825915
1281,720089.5522388059,0.0,720089.5522388059,720089.5522388059,13575.822871559054
1282,586269.1288874258,0.0,586269.1288874258,586269.1288874258,11252.529022295366
1283,669585.6206017769,0.0,669585.6206017769,669585.6206017769,12706.124071080136
1284,610437.292719603,0.0,610437.292719603,610437.292719603,11676.664547724837
1285,681906.6502655025,0.0,681906.6502655025,681906.6502655025,12919.01897239642
1286,807725.3302258141,0.0,807725.3302258141,807725.3302258141,15065.534810516068
1287,683243.3740623198,0.0,683243.3740623198,683243.3740623198,12942.046816686994
1288,739213.1561354479,0.0,739213.1561354479,739213.1561354479,13902.805221060633
1289,610167.3777175051,0.0,610167.3777175051,610167.3777175051,11671.840232910616
1290,66169.30928741803,0.0,66169.30928741803,66169.30928741803,1385.8239088961489
1291,66986.27602556493,0.0,66986.27602556493,66986.27602556493,1402.043584294526
1292,58271.96415199819,0.0,58271.96415199819,58271.96415199819,1220.0668610392488
1293,238428.37185242833,0.0,238428.37185242833,238428.37185242833,4362.821090080462
1294,624894.3368268956,0.0,624894.3368268956,624894.3368268956,11928.673774089251
1295,870075.4989363747,0.0,870075.4989363747,870075.4989363747,16110.582548158121
1296,879022.8658188415,0.0,879022.8658188415,879022.8658188415,16259.736588515174
1297,879022.8658188415,0.0,879022.8658188415,879022.8658188415,16259.709451736178
1298,879022.8658188415,0.0,879022.8658188415,879022.8658188415,16259.682315047725
1299,879022.8658188415,0.0,879022.8658188415,879022.8658188415,16259.655178449837
1300,879022.8658188415,0.0,879022.8658188415,879022.8658188415,16259.628041942506
1301,879022.8658188415,0.0,879022.8658188415,879022.8658188415,16259.600905525727
1302,879022.8658188415,0.0,879022.8658188415,879022.8658188415,16259.573769199507
1303,952400.4422260607,0.0,952400.4422260607,952400.4422260607,17474.70262550029
1304,1000000.0,0.0,1000000.0,1000000.0,18255.34726018131
1305,1000000.0,0.0,1000000.0,1000000.0,18255.316792733145
1306,1000000.0,0.0,1000000.0,1000000.0,18255.28632538666
1307,1000000.0,0.0,1000000.0,1000000.0,18255.25585814185
1308,1000000.0,0.0,1000000.0,1000000.0,18255.22539099872
1309,1000000.0,0.0,1000000.0,1000000.0,18255.194923957264
1310,1000000.0,0.0,1000000.0,1000000.0,18255.164457017483
1311,1000000.0,0.0,1000000.0,1000000.0,18255.13399017938
1312,1000000.0,0.0,1000000.0,1000000.0,18255.103523442944
1313,1000000.0,0.0,1000000.0,1000000.0,18255.07305680819
1314,883431.7036682008,0.0,883431.7036682008,883431.7036682008,16332.669387311638
1315,878772.3612119455,0.0,878772.3612119455,878772.3612119455,16255.043609826529
1316,879022.8658188415,0.0,879022.8658188415,879022.8658188415,16259.19001576081
1317,879022.8658188415,0.0,879022.8658188415,879022.8658188415,16259.162880805725
1318,876507.1037552773,0.0,876507.1037552773,876507.1037552773,16217.214044003646
1319,261872.63422489978,0.0,261872.63422489978,261872.63422489978,5324.489656747312
1320,828833.0990773218,0.0,828833.0990773218,828833.0990773218,15419.355300543795
1321,875819.5406911575,0.0,875819.5406911575,875819.5406911575,16205.675144859275
1322,879022.8658188415,0.0,879022.8658188415,879022.8658188415,16259.029857492937
1323,874912.4588981246,0.0,874912.4588981246,874912.4588981246,16190.499807737875
1324,613750.8326529394,0.0,613750.8326529394,613750.8326529394,11733.331802399343
1325,209150.8870583,0.0,209150.8870583,209150.8870583,4310.032906779077
1326,867521.9064761751,0.0,867521.9064761751,867521.9064761751,16067.134962751761
1327,885027.8350271598,0.0,885027.8350271598,885027.8350271598,16358.889888621427
1328,1000000.0,0.0,1000000.0,1000000.0,18254.62873976948
1329,1000000.0,0.0,1000000.0,1000000.0,18254.598274719152
1330,1000000.0,0.0,1000000.0,1000000.0,18254.567809770495
1331,1000000.0,0.0,1000000.0,1000000.0,18254.537344923498
1332,1000000.0,0.0,1000000.0,1000000.0,18254.50688017817
1333,1000000.0,0.0,1000000.0,1000000.0,18254.4764155345
1334,1000000.0,0.0,1000000.0,1000000.0,18254.445950992496
1335,1000000.0,0.0,1000000.0,1000000.0,18254.415486552156
1336,915970.0326908717,0.0,915970.0326908717,915970.0326908717,16872.29536345272
1337,915122.0218160405,0.0,915122.0218160405,915122.0218160405,16858.224650459986
1338,879022.8658188415,0.0,879022.8658188415,879022.8658188415,16258.59633000198
1339,879022.8658188415,0.0,879022.8658188415,879022.8658188415,16258.569197027966
1340,879022.8658188415,0.0,879022.8658188415,879022.8658188415,16258.542064144493
1341,879022.8658188415,0.0,879022.8658188415,879022.8658188415,16258.51493135156
1342,879022.8658188415,0.0,879022.8658188415,879022.8658188415,16258.48779864915
1343,879022.8658188415,0.0,879022.8658188415,879022.8658188415,16258.460666037288
1344,879022.8658188415,0.0,879022.8658188415,879022.8658188415,16258.390827831177
1345,879022.8658188415,0.0,879022.8658188415,879022.8658188415,16258.36369554288
1346,879022.8658188415,0.0,879022.8658188415,879022.8658188415,16258.336563345116
1347,879022.8658188415,0.0,879022.8658188415,879022.8658188415,16258.309431237883
1348,875503.1688671329,0.0,875503.1688671329,875503.1688671329,16199.629211644371
1349,838088.272453604,0.0,838088.272453604,838088.272453604,15573.949077707026
1350,867190.1103834787,0.0,867190.1103834787,867190.1103834787,16060.907086653051
1351,882845.4020450126,0.0,882845.4020450126,882845.4020450126,16321.861345789144
1352,1000000.0,0.0,1000000.0,1000000.0,18253.856640055485
1353,897067.4110963779,0.0,897067.4110963779,897067.4110963779,16558.30270154129
1354,704303.2603305194,0.0,704303.2603305194,704303.2603305194,13302.620484261355
1355,685222.6362501784,0.0,685222.6362501784,685222.6362501784,12974.089499428399
1356,663328.249904563,0.0,663328.249904563,663328.249904563,12595.628637999256
1357,622948.5474499976,0.0,622948.5474499976,622948.5474499976,11893.38042061422
1358,582089.5522388059,0.0,582089.5522388059,582089.5522388059,11176.966311921135
1359,587431.6804238663,0.0,587431.6804238663,587431.6804238663,11270.954631747778
1360,582089.5522388059,0.0,582089.5522388059,582089.5522388059,11176.92899258866
1361,456106.791644354,0.0,456106.791644354,456106.791644354,8928.32928624607
1362,0.0,0.0,0.0,0.0,-0.0
1363,24258.152209561107,0.0,24258.152209561107,24258.152209561107,423.8383235521485
1364,40520.180080237005,0.0,40520.180080237005,40520.180080237005,792.7886815228059
1365,86715.55806315568,0.0,86715.55806315568,86715.55806315568,1660.216402459063
1366,69221.65473185529,0.0,69221.65473185529,69221.65473185529,1446.0173170288078
1367,89075.65036324166,0.0,89075.65036324166,89075.65036324166,1782.0889927428923
1368,146521.0496143345,0.0,146521.0496143345,146521.0496143345,2870.1811874757936
1369,799767.9161323751,0.0,799767.9161323751,799767.9161323751,14796.50064513757
1370,763656.737430583,0.0,763656.737430583,763656.737430583,14315.575777711758
1371,635688.6077487268,0.0,635688.6077487268,635688.6077487268,12114.343730055705
1372,810342.386107286,0.0,810342.386107286,810342.386107286,15105.684137988841
1373,843969.0649206397,0.0,843969.0649206397,843969.0649206397,15670.777706691168
1374,832767.9136044328,0.0,832767.9136044328,832767.9136044328,15482.874758618957
1375,982479.9219562059,0.0,982479.9219562059,982479.9219562059,17965.23277427621
1376,1000000.0,0.0,1000000.0,1000000.0,18251.82470878833
1377,1000000.0,0.0,1000000.0,1000000.0,18251.794253094788
1378,1000000.0,0.0,1000000.0,1000000.0,18251.763797502856
1379,1000000.0,0.0,1000000.0,1000000.0,18251.733342012547
1380,1000000.0,0.0,1000000.0,1000000.0,18251.702886623854
1381,1000000.0,0.0,1000000.0,1000000.0,18251.672431336778
1382,1000000.0,0.0,1000000.0,1000000.0,18251.641976151317
1383,1000000.0,0.0,1000000.0,1000000.0,18251.611521067476
1384,1000000.0,0.0,1000000.0,1000000.0,18251.581066085244
1385,1000000.0,0.0,1000000.0,1000000.0,18251.550611204635
1386,977895.7972267612,0.0,977895.7972267612,977895.7972267612,17889.78051584844
1387,732263.7104808795,0.0,732263.7104808795,732263.7104808795,13780.082895451145
1388,861926.6842520016,0.0,861926.6842520016,861926.6842520016,15970.826116131262
1389,801142.5886003085,0.0,801142.5886003085,801142.5886003085,14950.065236167962
1390,571696.2044220158,0.0,571696.2044220158,571696.2044220158,10992.325396142594
1391,774295.9263797463,0.0,774295.9263797463,774295.9263797463,14495.711455600662
1392,710310.184821717,0.0,710310.184821717,710310.184821717,13403.931121124797
1393,774295.9263797463,0.0,774295.9263797463,774295.9263797463,14495.663274473647
1394,493047.68193630537,0.0,493047.68193630537,493047.68193630537,9592.881053336409
1395,193666.68211610062,0.0,193666.68211610062,193666.68211610062,4007.5447020835163
1396,148189.45660021395,0.0,148189.45660021395,148189.45660021395,3101.968896870298
1397,316728.2480393783,0.0,316728.2480393783,316728.2480393783,6304.686417988851
1398,272731.15989492735,0.0,272731.15989492735,272731.15989492735,5529.936224629592
1399,260901.75752604986,0.0,260901.75752604986,260901.75752604986,5304.733799234773
1400,590861.3359147726,0.0,590861.3359147726,590861.3359147726,11329.55688954345
1401,616260.6400623764,0.0,616260.6400623764,616260.6400623764,11774.712009857227
1402,633673.345614554,0.0,633673.345614554,633673.345614554,12078.56344848201
1403,689368.9960980964,0.0,689368.9960980964,689368.9960980964,13043.501511674409
1404,660663.4852071222,0.0,660663.4852071222,660663.4852071222,12547.453119934127
1405,697539.3072136624,0.0,697539.3072136624,697539.3072136624,13184.139540967233
1406,696397.4287550214,0.0,696397.4287550214,696397.4287550214,13164.469174744614
1407,698187.9994029462,0.0,698187.9994029462,698187.9994029462,13195.255714183546
1408,727578.6973390805,0.0,727578.6973390805,727578.6973390805,13699.441955280574
1409,590317.3998206307,0.0,590317.3998206307,590317.3998206307,11319.826128063269
1410,138259.014701337,0.0,138259.014701337,138259.014701337,2895.9781317618085
1411,199380.64764202773,0.0,199380.64764202773,199380.64764202773,4046.671106765504
1412,146942.3566318744,0.0,146942.3566318744,146942.3566318744,3077.09305691629
1413,123798.23441188959,0.0,123798.23441188959,123798.23441188959,2591.376620282999
1414,62232.125209935126,0.0,62232.125209935126,62232.125209935126,1298.1031921140852
1415,56216.539798394915,0.0,56216.539798394915,56216.539798394915,1178.8296387542334
1416,35850.033079171044,0.0,35850.033079171044,35850.033079171044,747.5220290514212
1417,33253.58578343193,0.0,33253.58578343193,33253.58578343193,696.1201300649789
1418,0.0,0.0,0.0,0.0,-0.0
1419,0.0,0.0,0.0,0.0,-0.0
1420,0.0,0.0,0.0,0.0,-0.0
1421,0.0,0.0,0.0,0.0,-0.0
1422,0.0,0.0,0.0,0.0,-0.0
1423,107545.42930611898,0.0,107545.42930611898,107545.42930611898,1875.7962623021658
1424,485769.28969121503,0.0,485769.28969121503,485769.28969121503,8963.342305368138
1425,582089.5522388059,0.0,582089.5522388059,582089.5522388059,11174.036447615725
1426,582089.5522388059,0.0,582089.5522388059,582089.5522388059,11174.017804842555
1427,582089.5522388059,0.0,582089.5522388059,582089.5522388059,11173.999162131555
1428,680730.5224291086,0.0,680730.5224291086,680730.5224291086,12893.11169376249
1429,866100.2422454084,0.0,866100.2422454084,866100.2422454084,16038.341465029707
1430,1000000.0,0.0,1000000.0,1000000.0,18248.985423134778
1431,1000000.0,0.0,1000000.0,1000000.0,18248.954976913694
1432,1000000.0,0.0,1000000.0,1000000.0,18248.92453079418
1433,1000000.0,0.0,1000000.0,1000000.0,18248.89408477623
1434,1000000.0,0.0,1000000.0,1000000.0,18248.86363885986
1435,890679.369538558,0.0,890679.369538558,890679.369538558,16447.591672527396
1436,874761.5604939384,0.0,874761.5604939384,874761.5604939384,16182.615259329936
1437,863471.9923234237,0.0,863471.9923234237,863471.9923234237,15994.246754678483
1438,864427.6862242076,0.0,864427.6862242076,864427.6862242076,16010.177588779032
1439,597641.8581500922,0.0,597641.8581500922,597641.8581500922,11447.086197839628
1440,626182.4060761748,0.0,626182.4060761748,626182.4060761748,11946.387949025213
1441,403086.29822220706,0.0,403086.29822220706,403086.29822220706,7960.158577328165
1442,239233.0157293214,0.0,239233.0157293214,239233.0157293214,4889.252274461252
1443,357871.1133581638,0.0,357871.1133581638,357871.1133581638,7126.616474013885
1444,310857.7181434108,0.0,310857.7181434108,310857.7181434108,6249.275730020663
1445,339227.16475865553,0.0,339227.16475865553,339227.16475865553,6780.026266208664
1446,355574.73515133956,0.0,355574.73515133956,355574.73515133956,7083.987610398566
1447,358464.66255209886,0.0,358464.66255209886,358464.66255209886,7137.574015070108
1448,660081.4212908018,0.0,660081.4212908018,660081.4212908018,12535.597820862675
1449,621964.4136430572,0.0,621964.4136430572,621964.4136430572,11872.603085871076
1450,582089.5522388059,0.0,582089.5522388059,582089.5522388059,11173.566632127175
1451,647098.3362405504,0.0,647098.3362405504,647098.3362405504,12310.28155337864
1452,666609.262545734,0.0,666609.262545734,666609.262545734,12648.55486395429
1453,686633.3520711097,0.0,686633.3520711097,686633.3520711097,12994.391871628559
1454,715787.6377125853,0.0,715787.6377125853,715787.6377125853,13495.562176287061
1455,713004.0156998818,0.0,713004.0156998818,713004.0156998818,13447.805699544027
1456,691301.093568576,0.0,691301.093568576,691301.093568576,13074.756637778963
1457,528291.4229025636,0.0,528291.4229025636,528291.4229025636,10221.085462983
1458,76085.90967475368,0.0,76085.90967475368,76085.90967475368,1590.8679776266536
1459,121205.52445703687,0.0,121205.52445703687,121205.52445703687,2370.1659639093436
1460,275382.0150155433,0.0,275382.0150155433,275382.0150155433,5383.432681403841
1461,413102.425998685,0.0,413102.425998685,413102.425998685,8142.920151938999
1462,747996.681878453,0.0,747996.681878453,747996.681878453,14045.38001884449
1463,627931.8017941538,0.0,627931.8017941538,627931.8017941538,11975.990999527903
1464,682591.6736690647,0.0,682591.6736690647,682591.6736690647,12923.966950464373
1465,616179.6681081182,0.0,616179.6681081182,616179.6681081182,11770.78261344513
1466,729769.2444015964,0.0,729769.2444015964,729769.2444015964,13734.157776738686
1467,791422.4236345463,0.0,791422.4236345463,791422.4236345463,14782.35555031743
1468,859740.1557948575,0.0,859740.1557948575,859740.1557948575,15930.526302103424
1469,872992.7444800406,0.0,872992.7444800406,872992.7444800406,16151.675122195804
1470,876889.2702689212,0.0,876889.2702689212,876889.2702689212,16216.584224757606
1471,1000000.0,0.0,1000000.0,1000000.0,18247.122052654555
1472,1000000.0,0.0,1000000.0,1000000.0,18247.091612648666
1473,1000000.0,0.0,1000000.0,1000000.0,18247.061172744314
1474,1000000.0,0.0,1000000.0,1000000.0,18247.0307329415
1475,1000000.0,0.0,1000000.0,1000000.0,18247.000293240228
1476,1000000.0,0.0,1000000.0,1000000.0,18246.96985364049
1477,1000000.0,0.0,1000000.0,1000000.0,18246.939414142296
1478,1000000.0,0.0,1000000.0,1000000.0,18246.90897474564
1479,1000000.0,0.0,1000000.0,1000000.0,18246.878535450516
1480,1000000.0,0.0,1000000.0,1000000.0,18246.848096256934
1481,1000000.0,0.0,1000000.0,1000000.0,18246.817657164884
1482,1000000.0,0.0,1000000.0,1000000.0,18246.787218174373
1483,899270.4976170459,0.0,899270.4976170459,899270.4976170459,16588.39008755594
1484,879022.8658188415,0.0,879022.8658188415,879022.8658188415,16251.738924716756
1485,879022.8658188415,0.0,879022.8658188415,879022.8658188415,16251.711814618911
1486,879022.8658188415,0.0,879022.8658188415,879022.8658188415,16251.684704611496
1487,879022.8658188415,0.0,879022.8658188415,879022.8658188415,16251.6575946945
1488,879022.8658188415,0.0,879022.8658188415,879022.8658188415,16251.630484867923
1489,879022.8658188415,0.0,879022.8658188415,879022.8658188415,16251.60337513177
1490,879022.8658188415,0.0,879022.8658188415,879022.8658188415,16251.57626548604
1491,879022.8658188415,0.0,879022.8658188415,879022.8658188415,16251.549155930732
1492,879022.8658188415,0.0,879022.8658188415,879022.8658188415,16251.522046465841
1493,879022.8658188415,0.0,879022.8658188415,879022.8658188415,16251.49493709138
1494,879022.8658188415,0.0,879022.8658188415,879022.8658188415,16251.467827807328
1495,932350.7936077458,0.0,932350.7936077458,932350.7936077458,17135.61487296255
1496,1000000.0,0.0,1000000.0,1000000.0,18246.36604347914
1497,1000000.0,0.0,1000000.0,1000000.0,18246.33560599505
1498,1000000.0,0.0,1000000.0,1000000.0,18246.305168612493
1499,979421.8363829325,0.0,979421.8363829325,979421.8363829325,17909.63439366968
1500,997208.2508364933,0.0,997208.2508364933,997208.2508364933,18200.636542868946
1501,607365.117459811,0.0,607365.117459811,607365.117459811,11615.853330966505
1502,737342.7450394987,0.0,737342.7450394987,737342.7450394987,13862.708656581151
1503,844126.4775729867,0.0,844126.4775729867,844126.4775729867,15668.383569694619
1504,697194.9000074831,0.0,697194.9000074831,697194.9000074831,13174.638969970883
1505,718926.2213860013,0.0,718926.2213860013,718926.2213860013,13547.673947582216
1506,427084.13594407,0.0,427084.13594407,427084.13594407,8397.43645758056
1507,852098.6898805687,0.0,852098.6898805687,852098.6898805687,15801.736970928047
1508,848112.9725381171,0.0,848112.9725381171,848112.9725381171,15735.012154108785
1509,879022.8658188415,0.0,879022.8658188415,879022.8658188415,16251.063685376286
1510,879022.8658188415,0.0,879022.8658188415,879022.8658188415,16251.036577530605
1511,878908.5462576417,0.0,878908.5462576417,878908.5462576417,16249.10572175879
1512,876755.0242690592,0.0,876755.0242690592,876755.0242690592,16213.166977471734
1513,879022.8658188415,0.0,879022.8658188415,879022.8658188415,16250.912595838821
1514,879022.8658188415,0.0,879022.8658188415,879022.8658188415,16250.885488497064
1515,879022.8658188415,0.0,879022.8658188415,879022.8658188415,16250.85838124571
1516,879022.8658188415,0.0,879022.8658188415,879022.8658188415,16250.831274084769
1517,879022.8658188415,0.0,879022.8658188415,879022.8658188415,16250.804167014237
1518,878895.9463893184,0.0,878895.9463893184,878895.9463893184,16248.663512788304
1519,1000000.0,0.0,1000000.0,1000000.0,18245.63089086374
1520,1000000.0,0.0,1000000.0,1000000.0,18245.600455831776
1521,1000000.0,0.0,1000000.0,1000000.0,18245.570020901334
1522,1000000.0,0.0,1000000.0,1000000.0,18245.5395860724
1523,1000000.0,0.0,1000000.0,1000000.0,18245.509151344977
1524,1000000.0,0.0,1000000.0,1000000.0,18245.478716719077
1525,1000000.0,0.0,1000000.0,1000000.0,18245.448282194684
1526,1000000.0,0.0,1000000.0,1000000.0,18245.417847771805
1527,1000000.0,0.0,1000000.0,1000000.0,18245.38741345044
1528,871433.7935467804,0.0,871433.7935467804,871433.7935467804,16124.047270807587
1529,663379.7442843186,0.0,663379.7442843186,663379.7442843186,12590.48208818588
1530,157242.8796179861,0.0,157242.8796179861,157242.8796179861,3289.2316738514446
1531,99801.36017613333,0.0,99801.36017613333,99801.36017613333,2087.941908871193
1532,99714.1868360396,0.0,99714.1868360396,99714.1868360396,2086.208611451196
1533,74609.73447131334,0.0,74609.73447131334,74609.73447131334,1561.3597002085744
1534,32481.685191565823,0.0,32481.685191565823,32481.685191565823,680.5803157575185
1535,31929.158249998796,0.0,31929.158249998796,31929.158249998796,669.585491199785
1536,0.0,0.0,0.0,0.0,-0.0
1537,29855.89077171061,0.0,29855.89077171061,29855.89077171061,515.6589569870142
1538,38094.33367216995,0.0,38094.33367216995,38094.33367216995,758.4484400632965
1539,76140.57997917746,0.0,76140.57997917746,76140.57997917746,1444.2346892661735
1540,120715.56801004043,0.0,120715.56801004043,120715.56801004043,2360.5300178174866
1541,151664.76802869813,0.0,151664.76802869813,151664.76802869813,3066.679101851263
1542,219363.74548787953,0.0,219363.74548787953,219363.74548787953,4504.969360472911
1543,372910.8606802936,0.0,372910.8606802936,372910.8606802936,7402.821186880422
1544,883928.3607000799,0.0,883928.3607000799,883928.3607000799,16330.723118450209
1545,798112.2706114777,0.0,798112.2706114777,798112.2706114777,14892.477210292604
1546,744795.7126285584,0.0,744795.7126285584,744795.7126285584,13987.917826547155
1547,662460.3327880093,0.0,662460.3327880093,662460.3327880093,12573.38544279956
1548,472388.6409834912,0.0,472388.6409834912,472388.6409834912,9217.127289421138
1549,641262.0134855207,0.0,641262.0134855207,641262.0134855207,12205.52184855047
1550,885962.95301371,0.0,885962.95301371,885962.95301371,16364.407507982445
1551,972891.2492776279,0.0,972891.2492776279,972891.2492776279,17799.927686119096
1552,973102.9004662925,0.0,973102.9004662925,973102.9004662925,17803.36896282928
1553,949924.0284233126,0.0,949924.0284233126,949924.0284233126,17422.531430858777
1554,602002.0835200698,0.0,602002.0835200698,602002.0835200698,11520.08844439678
1555,847330.1423671122,0.0,847330.1423671122,847330.1423671122,15719.664128366254
1556,874990.6146746106,0.0,874990.6146746106,874990.6146746106,16181.591827179598
1557,879022.8658188415,0.0,879022.8658188415,879022.8658188415,16248.727005812963
1558,879022.8658188415,0.0,879022.8658188415,879022.8658188415,16248.699905760343
1559,879022.8658188415,0.0,879022.8658188415,879022.8658188415,16248.67280579809
1560,879022.8658188415,0.0,879022.8658188415,879022.8658188415,16248.645705926214
1561,879022.8658188415,0.0,879022.8658188415,879022.8658188415,16248.618606144708
1562,879022.8658188415,0.0,879022.8658188415,879022.8658188415,16248.59150645358
1563,879022.8658188415,0.0,879022.8658188415,879022.8658188415,16248.564406852822
1564,879022.8658188415,0.0,879022.8658188415,879022.8658188415,16248.537307342433
1565,879022.8658188415,0.0,879022.8658188415,879022.8658188415,16248.510207922413
1566,879022.8658188415,0.0,879022.8658188415,879022.8658188415,16248.483108592765
1567,960096.0091845857,0.0,960096.0091845857,960096.0091845857,17589.413186281614
1568,1000000.0,0.0,1000000.0,1000000.0,18243.05889465904
1569,1000000.0,0.0,1000000.0,1000000.0,18243.02846820544
1570,1000000.0,0.0,1000000.0,1000000.0,18242.998041853312
1571,1000000.0,0.0,1000000.0,1000000.0,18242.967615602643
1572,1000000.0,0.0,1000000.0,1000000.0,18242.937189453463
1573,1000000.0,0.0,1000000.0,1000000.0,18242.906763405743
1574,1000000.0,0.0,1000000.0,1000000.0,18242.876337459504
1575,1000000.0,0.0,1000000.0,1000000.0,18242.845911614713
1576,1000000.0,0.0,1000000.0,1000000.0,18242.81548587141
1577,1000000.0,0.0,1000000.0,1000000.0,18242.785060229573
1578,1000000.0,0.0,1000000.0,1000000.0,18242.7546346892
1579,892614.072834192,0.0,892614.072834192,892614.072834192,16474.165024626443
1580,879022.8658188415,0.0,879022.8658188415,879022.8658188415,16248.099465180896
1581,879022.8658188415,0.0,879022.8658188415,879022.8658188415,16248.072367220968
1582,879022.8658188415,0.0,879022.8658188415,879022.8658188415,16248.045269351396
1583,879022.8658188415,0.0,879022.8658188415,879022.8658188415,16248.018171572188
1584,879022.8658188415,0.0,879022.8658188415,879022.8658188415,16247.991073883342
1585,879022.8658188415,0.0,879022.8658188415,879022.8658188415,16247.963976284853
1586,879022.8658188415,0.0,879022.8658188415,879022.8658188415,16247.936878776736
1587,879022.8658188415,0.0,879022.8658188415,879022.8658188415,16247.90978135897
1588,879022.8658188415,0.0,879022.8658188415,879022.8658188415,16247.882684031565
1589,879022.8658188415,0.0,879022.8658188415,879022.8658188415,16247.855586794525
1590,879022.8658188415,0.0,879022.8658188415,879022.8658188415,16247.828489647842
1591,886813.2248195395,0.0,886813.2248195395,886813.2248195395,16377.42483938748
1592,933168.3811084051,0.0,933168.3811084051,933168.3811084051,17145.264970607914
1593,1000000.0,0.0,1000000.0,1000000.0,18242.303615829616
1594,908400.2542249324,0.0,908400.2542249324,908400.2542249324,16735.652864938365
1595,1000000.0,0.0,1000000.0,1000000.0,18242.24306914461
1596,1000000.0,0.0,1000000.0,1000000.0,18242.21264541173
1597,1000000.0,0.0,1000000.0,1000000.0,18242.18222178031
1598,1000000.0,0.0,1000000.0,1000000.0,18242.151798250343
1599,1000000.0,0.0,1000000.0,1000000.0,18242.12137482184
1600,1000000.0,0.0,1000000.0,1000000.0,18242.090951494785
1601,1000000.0,0.0,1000000.0,1000000.0,18242.060528269198
1602,1000000.0,0.0,1000000.0,1000000.0,18242.030105145062
1603,904861.1682274686,0.0,904861.1682274686,904861.1682274686,16676.74434502255
1604,879022.8658188415,0.0,879022.8658188415,879022.8658188415,16247.445529217022
1605,879022.8658188415,0.0,879022.8658188415,879022.8658188415,16247.418433437711
1606,879022.8658188415,0.0,879022.8658188415,879022.8658188415,16247.391337748755
1607,879022.8658188415,0.0,879022.8658188415,879022.8658188415,16247.364242150152
1608,879022.8658188415,0.0,879022.8658188415,879022.8658188415,16247.337146641894
1609,879022.8658188415,0.0,879022.8658188415,879022.8658188415,16247.31005122399
1610,879022.8658188415,0.0,879022.8658188415,879022.8658188415,16247.282955896439
1611,879022.8658188415,0.0,879022.8658188415,879022.8658188415,16247.255860659237
1612,879022.8658188415,0.0,879022.8658188415,879022.8658188415,16247.228765512384
1613,879022.8658188415,0.0,879022.8658188415,879022.8658188415,16247.201670455876
1614,879022.8658188415,0.0,879022.8658188415,879022.8658188415,16247.17457548972
1615,888507.9952689719,0.0,888507.9952689719,888507.9952689719,16404.942223831753
1616,932159.5130541519,0.0,932159.5130541519,932159.5130541519,17127.929512436098
1617,1000000.0,0.0,1000000.0,1000000.0,18241.579078368613
1618,1000000.0,0.0,1000000.0,1000000.0,18241.548656850002
1619,989224.9460042653,0.0,989224.9460042653,989224.9460042653,18065.42208562898
1620,872291.1692466524,0.0,872291.1692466524,872291.1692466524,16134.871126130713
1621,922790.9489160795,0.0,922790.9489160795,922790.9489160795,16973.046380768876
1622,511746.8172408071,0.0,511746.8172408071,511746.8172408071,9922.068436512132
1623,1000000.0,0.0,1000000.0,1000000.0,18241.399074819514
1624,1000000.0,0.0,1000000.0,1000000.0,18241.368653901165
1625,1000000.0,0.0,1000000.0,1000000.0,18241.338233084265
1626,755423.1112902618,0.0,755423.1112902618,755423.1112902618,14166.990102850417
1627,872654.8401802663,0.0,872654.8401802663,872654.8401802663,16140.744469852174
1628,879022.8658188415,0.0,879022.8658188415,879022.8658188415,16246.794503436093
1629,876243.5525330245,0.0,876243.5525330245,876243.5525330245,16200.484309455514
1630,630000.3927090028,0.0,630000.3927090028,630000.3927090028,12007.808900058022
1631,422487.5757822524,0.0,422487.5757822524,422487.5757822524,8311.231013277797
1632,419561.074707949,0.0,419561.074707949,419561.074707949,8257.834777493323
1633,831898.2216295835,0.0,831898.2216295835,831898.2216295835,15458.962372227528
1634,762030.4840136584,0.0,762030.4840136584,762030.4840136584,14279.140668970716
1635,847564.0626209797,0.0,847564.0626209797,847564.0626209797,15721.470947333728
1636,879022.8658188415,0.0,879022.8658188415,879022.8658188415,16246.582524396952
1637,879022.8658188415,0.0,879022.8658188415,879022.8658188415,16246.555431495297
1638,863993.406665845,0.0,863993.406665845,863993.406665845,15995.992708525815
1639,1000000.0,0.0,1000000.0,1000000.0,18240.923349153592
1640,1000000.0,0.0,1000000.0,1000000.0,18240.89292982163
1641,1000000.0,0.0,1000000.0,1000000.0,18240.862510591105
1642,1000000.0,0.0,1000000.0,1000000.0,18240.832091462016
1643,1000000.0,0.0,1000000.0,1000000.0,18240.801672434365
1644,1000000.0,0.0,1000000.0,1000000.0,18240.77125350815
1645,1000000.0,0.0,1000000.0,1000000.0,18240.74083468336
1646,1000000.0,0.0,1000000.0,1000000.0,18240.710415960013
1647,1000000.0,0.0,1000000.0,1000000.0,18240.679997338095
1648,1000000.0,0.0,1000000.0,1000000.0,18240.649578817618
1649,1000000.0,0.0,1000000.0,1000000.0,18240.619160398564
1650,1000000.0,0.0,1000000.0,1000000.0,18240.588742080945
1651,803289.0280808788,0.0,803289.0280808788,803289.0280808788,14977.16853364439
1652,874136.2598558029,0.0,874136.2598558029,874136.2598558029,16164.758165410329
1653,550558.1187906006,0.0,550558.1187906006,550558.1187906006,10611.844681448445
1654,841866.1236027919,0.0,841866.1236027919,841866.1236027919,15625.555191771911
1655,741353.7256777118,0.0,741353.7256777118,741353.7256777118,13926.645379802934
1656,874228.6154755326,0.0,874228.6154755326,874228.6154755326,16166.190767802686
1657,816465.5192949134,0.0,816465.5192949134,816465.5192949134,15198.998526027175
1658,877911.8462555552,0.0,877911.8462555552,877911.8462555552,16227.486241137274
1659,876914.085099537,0.0,876914.085099537,876914.085099537,16210.843878173477
1660,876147.2078713343,0.0,876147.2078713343,876147.2078713343,16198.044488945612
1661,870051.9316145736,0.0,870051.9316145736,870051.9316145736,16096.442202139748
1662,773648.0183400387,0.0,773648.0183400387,773648.0183400387,14475.649390032424
1663,857170.6008025894,0.0,857170.6008025894,857170.6008025894,15881.383706781528
1664,929006.5962316775,0.0,929006.5962316775,929006.5962316775,17074.5220416796
1665,703333.5961656263,0.0,703333.5961656263,703333.5961656263,13275.667780146001
1666,657147.1616588352,0.0,657147.1616588352,657147.1616588352,12478.790851273054
1667,661930.4739211493,0.0,661930.4739211493,661930.4739211493,12561.627285850895
1668,653116.9521094009,0.0,653116.9521094009,653116.9521094009,12408.877165135396
1669,697738.7102732483,0.0,697738.7102732483,697738.7102732483,13179.426693911002
1670,795593.2859679813,0.0,795593.2859679813,795593.2859679813,14846.81191479808
1671,715884.6128797464,0.0,715884.6128797464,715884.6128797464,13490.864951043804
1672,792187.9635992977,0.0,792187.9635992977,792187.9635992977,14789.233663742003
1673,589286.9252979566,0.0,589286.9252979566,589286.9252979566,11294.631143964487
1674,181397.37080393446,0.0,181397.37080393446,181397.37080393446,3764.580105675062
1675,87574.7519259784,0.0,87574.7519259784,87574.7519259784,1835.6871814815293
1676,213910.38541298904,0.0,213910.38541298904,213910.38541298904,4089.7283491437734
1677,358968.63440038287,0.0,358968.63440038287,358968.63440038287,7142.967217610912
1678,428481.7760337176,0.0,428481.7760337176,428481.7760337176,8419.492212735691
1679,465666.7795783291,0.0,465666.7795783291,465666.7795783291,9093.499255072946
1680,716871.3049729193,0.0,716871.3049729193,716871.3049729193,13507.12797394624
1681,842081.232725115,0.0,842081.232725115,842081.232725115,15627.959552694338
1682,874143.7325640869,0.0,874143.7325640869,874143.7325640869,16163.567088261707
1683,877257.1510561374,0.0,877257.1510561374,877257.1510561374,16215.398186873934
1684,879022.8658188415,0.0,879022.8658188415,879022.8658188415,16244.76937459554
1685,879022.8658188415,0.0,879022.8658188415,879022.8658188415,16244.742287738365
1686,879018.1837918953,0.0,879018.1837918953,879018.1837918953,16244.637259390513
1687,1000000.0,0.0,1000000.0,1000000.0,18238.914319079126
1688,1000000.0,0.0,1000000.0,1000000.0,18238.883906445168
1689,979400.8401303753,0.0,979400.8401303753,979400.8401303753,17901.990244646888
1690,771230.200360212,0.0,771230.200360212,771230.200360212,14433.502527819202
1691,809792.1942222579,0.0,809792.1942222579,809792.1942222579,15085.299050355547
1692,978294.4438337723,0.0,978294.4438337723,978294.4438337723,17883.77842196755
1693,1000000.0,0.0,1000000.0,1000000.0,18238.7334009115
1694,1000000.0,0.0,1000000.0,1000000.0,18238.702988880752
1695,1000000.0,0.0,1000000.0,1000000.0,18238.672576951405
1696,1000000.0,0.0,1000000.0,1000000.0,18238.642165123463
1697,1000000.0,0.0,1000000.0,1000000.0,18238.61175339692
1698,944676.7592698053,0.0,944676.7592698053,944676.7592698053,17331.419249972438
1699,846551.0522018566,0.0,846551.0522018566,846551.0522018566,15702.331951500742
1700,872829.4557993442,0.0,872829.4557993442,872829.4557993442,16141.180499384718
1701,862411.3004748366,0.0,862411.3004748366,862411.3004748366,15967.394307180592
1702,875241.7877149221,0.0,875241.7877149221,875241.7877149221,16181.317323947362
1703,856964.3178175827,0.0,856964.3178175827,856964.3178175827,15876.371886301531
1704,774677.45262169,0.0,774677.45262169,774677.45262169,14491.61126439942
1705,540359.9783241717,0.0,540359.9783241717,540359.9783241717,10429.729773117228
1706,320812.96978484804,0.0,320812.96978484804,320812.96978484804,6432.036780923833
1707,228164.73073424347,0.0,228164.73073424347,228164.73073424347,4673.284919766983
1708,220191.07136037052,0.0,220191.07136037052,220191.07136037052,4519.413932548172
1709,262234.7462812451,0.0,262234.7462812451,262234.7462812451,5325.974677913988
1710,212549.78066052904,0.0,212549.78066052904,212549.78066052904,4371.532352219087
1711,411528.43142864265,0.0,411528.43142864265,411528.43142864265,8109.709382305311
1712,708337.3226396242,0.0,708337.3226396242,708337.3226396242,13360.088977271691
1713,732508.2164811983,0.0,732508.2164811983,732508.2164811983,13773.8733322606
1714,779943.837579595,0.0,779943.837579595,779943.837579595,14580.607180641975
1715,763312.5226882747,0.0,763312.5226882747,763312.5226882747,14298.520324315423
1716,709532.5069978246,0.0,709532.5069978246,709532.5069978246,13380.505064110022
1717,717333.0747804563,0.0,717333.0747804563,717333.0747804563,13514.20259079547
1718,728968.591703265,0.0,728968.591703265,728968.591703265,13713.276932680112
1719,748437.6991897873,0.0,748437.6991897873,748437.6991897873,14045.432389285594
1720,692471.9861023863,0.0,692471.9861023863,692471.9861023863,13087.272436415858
1721,568914.490938228,0.0,568914.490938228,568914.490938228,10934.707726600123
1722,142206.62712492424,0.0,142206.62712492424,142206.62712492424,2971.9950893774226
1723,157316.1582570622,0.0,157316.1582570622,157316.1582570622,3231.4650199961943
1724,393658.23483802006,0.0,393658.23483802006,393658.23483802006,7782.074347604249
1725,873715.5735903503,0.0,873715.5735903503,873715.5735903503,16155.17986457492
1726,879022.8658188415,0.0,879022.8658188415,879022.8658188415,16243.536814488056
1727,879022.8658188415,0.0,879022.8658188415,879022.8658188415,16243.509731739729
1728,878225.874989701,0.0,878225.874989701,878225.874989701,16230.215179706938
1729,879022.8658188415,0.0,879022.8658188415,879022.8658188415,16243.455568965268
1730,879022.8658188415,0.0,879022.8658188415,879022.8658188415,16243.428486487792
1731,879022.8658188415,0.0,879022.8658188415,879022.8658188415,16243.401404100605
1732,879022.8658188415,0.0,879022.8658188415,879022.8658188415,16243.374321803702
1733,879022.8658188415,0.0,879022.8658188415,879022.8658188415,16243.34723959708
1734,879022.8658188415,0.0,879022.8658188415,879022.8658188415,16243.320157480746
1735,1000000.0,0.0,1000000.0,1000000.0,18237.368592862746
1736,1000000.0,0.0,1000000.0,1000000.0,18237.338185382014
1737,1000000.0,0.0,1000000.0,1000000.0,18237.30777800266
1738,1000000.0,0.0,1000000.0,1000000.0,18237.277370724692
1739,1000000.0,0.0,1000000.0,1000000.0,18237.24696354809
1740,1000000.0,0.0,1000000.0,1000000.0,18237.216556472864
1741,1000000.0,0.0,1000000.0,1000000.0,18237.18614949901
1742,1000000.0,0.0,1000000.0,1000000.0,18237.155742626535
1743,1000000.0,0.0,1000000.0,1000000.0,18237.125335855435
1744,1000000.0,0.0,1000000.0,1000000.0,18237.09492918571
1745,1000000.0,0.0,1000000.0,1000000.0,18237.06452261736
1746,924673.4151188184,0.0,924673.4151188184,924673.4151188184,17000.000470626932
1747,874576.1125056229,0.0,874576.1125056229,874576.1125056229,16168.91857046251
1748,879022.8658188415,0.0,879022.8658188415,879022.8658188415,16242.93691866429
1749,879022.8658188415,0.0,879022.8658188415,879022.8658188415,16242.90983791583
1750,879022.8658188415,0.0,879022.8658188415,879022.8658188415,16242.882757257647
1751,879022.8658188415,0.0,879022.8658188415,879022.8658188415,16242.855676689738
1752,879022.8658188415,0.0,879022.8658188415,879022.8658188415,16242.828596212108
1753,879022.8658188415,0.0,879022.8658188415,879022.8658188415,16242.80151582475
1754,879022.8658188415,0.0,879022.8658188415,879022.8658188415,16242.774435527668
1755,879022.8658188415,0.0,879022.8658188415,879022.8658188415,16242.74735532086
1756,879022.8658188415,0.0,879022.8658188415,879022.8658188415,16242.72027520433
1757,879022.8658188415,0.0,879022.8658188415,879022.8658188415,16242.69319517807
1758,879022.8658188415,0.0,879022.8658188415,879022.8658188415,16242.666115242084
1759,1000000.0,0.0,1000000.0,1000000.0,18236.643905844674
1760,1000000.0,0.0,1000000.0,1000000.0,18236.61350077998
1761,1000000.0,0.0,1000000.0,1000000.0,18236.58309581665
1762,1000000.0,0.0,1000000.0,1000000.0,18236.55269095468
1763,1000000.0,0.0,1000000.0,1000000.0,18236.522286194082
1764,1000000.0,0.0,1000000.0,1000000.0,18236.49188153484
1765,1000000.0,0.0,1000000.0,1000000.0,18236.46147697696
1766,1000000.0,0.0,1000000.0,1000000.0,18236.431072520452
1767,1000000.0,0.0,1000000.0,1000000.0,18236.400668165297
1768,1000000.0,0.0,1000000.0,1000000.0,18236.370263911514
1769,1000000.0,0.0,1000000.0,1000000.0,18236.33985975909
1770,1000000.0,0.0,1000000.0,1000000.0,18236.30945570802
1771,938215.4212644171,0.0,938215.4212644171,938215.4212644171,17222.763472190043
1772,879022.8658188415,0.0,879022.8658188415,879022.8658188415,16242.282491818403
1773,879022.8658188415,0.0,879022.8658188415,879022.8658188415,16242.255413251507
1774,879022.8658188415,0.0,879022.8658188415,879022.8658188415,16242.228334774876
1775,879022.8658188415,0.0,879022.8658188415,879022.8658188415,16242.201256388516
1776,879022.8658188415,0.0,879022.8658188415,879022.8658188415,16242.174178092426
1777,879022.8658188415,0.0,879022.8658188415,879022.8658188415,16242.147099886592
1778,879022.8658188415,0.0,879022.8658188415,879022.8658188415,16242.120021771023
1779,879022.8658188415,0.0,879022.8658188415,879022.8658188415,16242.09294374572
1780,879022.8658188415,0.0,879022.8658188415,879022.8658188415,16242.065865810677
1781,879022.8658188415,0.0,879022.8658188415,879022.8658188415,16242.038787965901
1782,879022.8658188415,0.0,879022.8658188415,879022.8658188415,16242.011710211382
1783,1000000.0,0.0,1000000.0,1000000.0,18235.918816084384
1784,1000000.0,0.0,1000000.0,1000000.0,18235.88841343697
1785,1000000.0,0.0,1000000.0,1000000.0,18235.858010890905
1786,1000000.0,0.0,1000000.0,1000000.0,18235.827608446198
1787,1000000.0,0.0,1000000.0,1000000.0,18235.797206102834
1788,1000000.0,0.0,1000000.0,1000000.0,18235.76680386083
1789,1000000.0,0.0,1000000.0,1000000.0,18235.736401720173
1790,1000000.0,0.0,1000000.0,1000000.0,18235.705999680875
1791,998339.0651617711,0.0,998339.0651617711,998339.0651617711,18208.55771398395
1792,885131.7835944309,0.0,885131.7835944309,885131.7835944309,16343.364230814776
1793,799733.1685258077,0.0,799733.1685258077,799733.1685258077,14913.041263720757
1794,809370.6553131957,0.0,809370.6553131957,809370.6553131957,15075.48852349804
1795,879022.8658188415,0.0,879022.8658188415,879022.8658188415,16241.65691029964
1796,852149.7754975422,0.0,852149.7754975422,852149.7754975422,15793.33715421161
1797,550143.6096573732,0.0,550143.6096573732,550143.6096573732,10601.427853900826
1798,544249.9379861522,0.0,544249.9379861522,544249.9379861522,10496.973866330212
1799,99314.26125857269,0.0,99314.26125857269,99314.26125857269,2077.0511827469204
1800,169751.8301094956,0.0,169751.8301094956,169751.8301094956,3317.5511698032674
1801,90268.93324217021,0.0,90268.93324217021,90268.93324217021,1888.7953435354566
1802,74525.75888383684,0.0,74525.75888383684,74525.75888383684,1558.7799194836919
1803,494290.5126337037,0.0,494290.5126337037,494290.5126337037,8763.42702114299
1804,695575.7612446338,0.0,695575.7612446338,695575.7612446338,13137.854238077089
1805,850190.1104678751,0.0,850190.1104678751,850190.1104678751,15759.345607951269
1806,776480.4500427955,0.0,776480.4500427955,776480.4500427955,14518.661062184892
1807,1000000.0,0.0,1000000.0,1000000.0,18234.076752876586
1808,953853.4747699571,0.0,953853.4747699571,953853.4747699571,17478.07203941158
1809,911220.6798264511,0.0,911220.6798264511,911220.6798264511,16774.703915535225
1810,790777.038955647,0.0,790777.038955647,790777.038955647,14760.456998383826
1811,700835.7621193966,0.0,700835.7621193966,700835.7621193966,13228.107584948853
1812,627557.497577841,0.0,627557.497577841,627557.497577841,11960.252432353067
1813,610532.5147367045,0.0,610532.5147367045,610532.5147367045,11663.037430030306
1814,582089.5522388059,0.0,582089.5522388059,582089.5522388059,11164.203211686137
1815,582089.5522388059,0.0,582089.5522388059,582089.5522388059,11164.184601689807
1816,555647.9892193328,0.0,555647.9892193328,555647.9892193328,10697.803534531235
1817,423645.19480408484,0.0,423645.19480408484,423645.19480408484,8328.700870230994
1818,119061.99856761537,0.0,119061.99856761537,119061.99856761537,2486.0287701330244
1819,462701.6559998438,0.0,462701.6559998438,462701.6559998438,8640.877319821688
1820,851571.3736810517,0.0,851571.3736810517,851571.3736810517,15781.76182010079
1821,879022.8658188415,0.0,879022.8658188415,879022.8658188415,16239.64965678366
1822,218218.749980491,0.0,218218.749980491,218218.749980491,4479.90336057594
1823,719682.8812505815,0.0,719682.8812505815,719682.8812505815,13550.794141896611
1824,823874.3027070201,0.0,823874.3027070201,823874.3027070201,15317.47420416293
1825,846904.3546132444,0.0,846904.3546132444,846904.3546132444,15703.571739848489
1826,874810.8712608594,0.0,874810.8712608594,874810.8712608594,16169.396145274415
1827,873056.4669381074,0.0,873056.4669381074,873056.4669381074,16140.147137670272
1828,873575.7648720703,0.0,873575.7648720703,873575.7648720703,16148.770750173766
1829,827532.5094113529,0.0,827532.5094113529,827532.5094113529,15378.781996684742
1830,879022.8658188415,0.0,879022.8658188415,879022.8658188415,16239.40977076229
1831,1000000.0,0.0,1000000.0,1000000.0,18233.03580029457
1832,1000000.0,0.0,1000000.0,1000000.0,18233.005407254543
1833,1000000.0,0.0,1000000.0,1000000.0,18232.97501431582
1834,1000000.0,0.0,1000000.0,1000000.0,18232.9446214784
1835,1000000.0,0.0,1000000.0,1000000.0,18232.914228742287
1836,1000000.0,0.0,1000000.0,1000000.0,18232.88383610747
1837,1000000.0,0.0,1000000.0,1000000.0,18232.853443573975
1838,1000000.0,0.0,1000000.0,1000000.0,18232.823051141768
1839,729712.1677509524,0.0,729712.1677509524,729712.1677509524,13721.941599962327
1840,479028.89592079667,0.0,479028.89592079667,479028.89592079667,9330.759393873228
1841,442883.4581315359,0.0,442883.4581315359,442883.4581315359,8677.918574641353
1842,121911.48239152762,0.0,121911.48239152762,121911.48239152762,2551.181219847336
1843,63190.86002818581,0.0,63190.86002818581,63190.86002818581,1315.7730876291039
1844,130306.9364803158,0.0,130306.9364803158,130306.9364803158,2470.800908045075
1845,272560.99076162744,0.0,272560.99076162744,272560.99076162744,5375.091672355976
1846,667512.5318550753,0.0,667512.5318550753,667512.5318550753,12652.244900131644
1847,740130.2682124531,0.0,740130.2682124531,740130.2682124531,13898.966559398945
1848,870834.4623977019,0.0,870834.4623977019,870834.4623977019,16101.813473427068
1849,874924.666699712,0.0,874924.666699712,874924.666699712,16169.921728457126
1850,849806.390537976,0.0,849806.390537976,849806.390537976,15750.728666716046
1851,859920.1273308515,0.0,859920.1273308515,859920.1273308515,15919.691430842111
1852,879022.8658188415,0.0,879022.8658188415,879022.8658188415,16238.062123405725
1853,879022.8658188415,0.0,879022.8658188415,879022.8658188415,16238.035058901885
1854,425460.5138038527,0.0,425460.5138038527,425460.5138038527,8360.649891428915
1855,948321.630936562,0.0,948321.630936562,948321.630936562,17384.62450561977
1856,1000000.0,0.0,1000000.0,1000000.0,18231.45418960459
1857,955689.0961691717,0.0,955689.0961691717,955689.0961691717,17505.717677856286
1858,569717.9552294613,0.0,569717.9552294613,569717.9552294613,10944.754564469631
1859,622570.3906630477,0.0,622570.3906630477,622570.3906630477,11871.55535311078
1860,570593.6549517824,0.0,570593.6549517824,570593.6549517824,10960.156800250737
1861,461089.652817104,0.0,461089.652817104,461089.652817104,9006.670180975627
1862,411577.7901928567,0.0,411577.7901928567,411577.7901928567,8107.279917457429
1863,486470.3057330671,0.0,486470.3057330671,486470.3057330671,9463.64849683536
1864,468260.6798189021,0.0,468260.6798189021,468260.6798189021,9136.0175417997
1865,1000000.0,0.0,1000000.0,1000000.0,18231.193566952024
1866,1000000.0,0.0,1000000.0,1000000.0,18231.16318005112
1867,895007.9909670232,0.0,895007.9909670232,895007.9909670232,16503.312610763744
1868,874862.9255867755,0.0,874862.9255867755,874862.9255867755,16168.390465842462
1869,873382.493715077,0.0,873382.493715077,873382.493715077,16143.708180143321
1870,787034.5947862165,0.0,787034.5947862165,787034.5947862165,14694.765749583708
1871,847140.8713969641,0.0,847140.8713969641,847140.8713969641,15705.599794928077
1872,761206.9499000666,0.0,761206.9499000666,761206.9499000666,14257.039169832418
1873,513883.3196613616,0.0,513883.3196613616,513883.3196613616,9954.143921852268
1874,527515.1111522891,0.0,527515.1111522891,527515.1111522891,10197.014148806167
1875,613729.6578210806,0.0,613729.6578210806,613729.6578210806,11716.905416208547
1876,638171.8629997788,0.0,638171.8629997788,638171.8629997788,12142.901031384474
1877,596637.8085136293,0.0,596637.8085136293,596637.8085136293,11417.71227389786
1878,595343.2484808387,0.0,595343.2484808387,595343.2484808387,11394.992360339045
1879,667417.9774641049,0.0,667417.9774641049,667417.9774641049,12649.875912089125
1880,763789.7233537668,0.0,763789.7233537668,763789.7233537668,14300.711946733722
1881,706977.928106688,0.0,706977.928106688,706977.928106688,13331.119009259806
1882,761021.9592281613,0.0,761021.9592281613,761021.9592281613,14253.663200846266
1883,830036.3170301956,0.0,830036.3170301956,830036.3170301956,15418.711743267417
1884,773566.1558312521,0.0,773566.1558312521,773566.1558312521,14466.447923445801
1885,701083.7448245843,0.0,701083.7448245843,701083.7448245843,13229.848615688928
1886,671491.6264149287,0.0,671491.6264149287,671491.6264149287,12720.120617066661
1887,548348.5993594766,0.0,548348.5993594766,548348.5993594766,10566.599584686748
1888,579221.047488936,0.0,579221.047488936,579221.047488936,11111.583452820467
1889,269933.671395725,0.0,269933.671395725,269933.671395725,5469.865946378528
1890,235210.95979991762,0.0,235210.95979991762,235210.95979991762,4806.564682625238
1891,628651.8793282993,0.0,628651.8793282993,628651.8793282993,11976.922042068072
1892,721918.1447173634,0.0,721918.1447173634,721918.1447173634,13586.84030696932
1893,845308.0107848924,0.0,845308.0107848924,845308.0107848924,15674.371789330402
1894,877451.9743674386,0.0,877451.9743674386,877451.9743674386,16210.810813875094
1895,879022.8658188415,0.0,879022.8658188415,879022.8658188415,16236.926656961958
1896,879022.8658188415,0.0,879022.8658188415,879022.8658188415,16236.899596242065
1897,879022.8658188415,0.0,879022.8658188415,879022.8658188415,16236.872535612352
1898,879022.8658188415,0.0,879022.8658188415,879022.8658188415,16236.845475072812
1899,879022.8658188415,0.0,879022.8658188415,879022.8658188415,16236.818414623453
1900,879022.8658188415,0.0,879022.8658188415,879022.8658188415,16236.791354264267
1901,879022.8658188415,0.0,879022.8658188415,879022.8658188415,16236.764293995251
1902,879022.8658188415,0.0,879022.8658188415,879022.8658188415,16236.737233816415
1903,1000000.0,0.0,1000000.0,1000000.0,18230.074563992217
1904,1000000.0,0.0,1000000.0,1000000.0,18230.04418082066
1905,1000000.0,0.0,1000000.0,1000000.0,18230.01379775036
1906,1000000.0,0.0,1000000.0,1000000.0,18229.98341478131
1907,1000000.0,0.0,1000000.0,1000000.0,18229.95303191352
1908,1000000.0,0.0,1000000.0,1000000.0,18229.922649146978
1909,1000000.0,0.0,1000000.0,1000000.0,18229.892266481696
1910,1000000.0,0.0,1000000.0,1000000.0,18229.861883917663
1911,1000000.0,0.0,1000000.0,1000000.0,18229.831501454893
1912,1000000.0,0.0,1000000.0,1000000.0,18229.80111909336
1913,1000000.0,0.0,1000000.0,1000000.0,18229.77073683309
1914,1000000.0,0.0,1000000.0,1000000.0,18229.74035467406
1915,921493.1935073959,0.0,921493.1935073959,921493.1935073959,16940.58294593552
1916,876408.5296922874,0.0,876408.5296922874,876408.5296922874,16192.843584386463
1917,862909.5917056529,0.0,862909.5917056529,862909.5917056529,15967.850175362944
1918,872733.3808159386,0.0,872733.3808159386,872733.3808159386,16131.592160259537
1919,874522.5666153636,0.0,874522.5666153636,874522.5666153636,16161.362936163381
1920,875145.2296000953,0.0,875145.2296000953,875145.2296000953,16171.703913884649
1921,778317.2568265588,0.0,778317.2568265588,778317.2568265588,14546.030027575825
1922,870648.1903238307,0.0,870648.1903238307,870648.1903238307,16096.746350249612
1923,856337.4604114335,0.0,856337.4604114335,856337.4604114335,15857.978169088718
1924,809018.1715080007,0.0,809018.1715080007,809018.1715080007,15064.363614886744
1925,480622.7128254539,0.0,480622.7128254539,480622.7128254539,9357.581467543772
1926,700650.2780655137,0.0,700650.2780655137,700650.2780655137,13221.486361061807
1927,423323.42363597895,0.0,423323.42363597895,423323.42363597895,8320.655687696868
1928,769551.9550301275,0.0,769551.9550301275,769551.9550301275,14397.332672177406
1929,788298.4035067486,0.0,788298.4035067486,788298.4035067486,14714.685855912547
1930,919081.2193009786,0.0,919081.2193009786,919081.2193009786,16900.3055589686
1931,890497.5184492694,0.0,890497.5184492694,890497.5184492694,16426.696971173897
1932,833965.3540867524,0.0,833965.3540867524,833965.3540867524,15483.355397363119
1933,836672.845201646,0.0,836672.845201646,836672.845201646,15528.714796144777
1934,657707.5358716177,0.0,657707.5358716177,657707.5358716177,12480.684707225373
1935,630661.1868003474,0.0,630661.1868003474,630661.1868003474,12011.010096148333
1936,509792.49873345875,0.0,509792.49873345875,509792.49873345875,9880.037119671379
1937,237489.18279813457,0.0,237489.18279813457,237489.18279813457,4849.90095039855
1938,254431.25352508354,0.0,254431.25352508354,254431.25352508354,5174.198643346948
1939,150666.09551640137,0.0,150666.09551640137,150666.09551640137,3146.7812019704525
1940,145732.1902665866,0.0,145732.1902665866,145732.1902665866,3048.922469920479
1941,148488.5057982374,0.0,148488.5057982374,148488.5057982374,3103.613454854286
1942,196360.89043026385,0.0,196360.89043026385,196360.89043026385,4018.961699444657
1943,164574.0195838469,0.0,164574.0195838469,164574.0195838469,3430.885105807786
1944,190024.36991531274,0.0,190024.36991531274,190024.36991531274,3930.8248086694744
1945,172134.5821073174,0.0,172134.5821073174,172134.5821073174,3579.973804197355
1946,162407.03816247694,0.0,162407.03816247694,162407.03816247694,3388.037896162844
1947,120115.1646398234,0.0,120115.1646398234,120115.1646398234,2514.880182643354
1948,59444.63246867663,0.0,59444.63246867663,59444.63246867663,1241.5167451590337
1949,0.0,0.0,0.0,0.0,-0.0
1950,0.0,0.0,0.0,0.0,-0.0
1951,194635.0439932519,0.0,194635.0439932519,194635.0439932519,3350.3896611438254
1952,72770.36135544257,0.0,72770.36135544257,72770.36135544257,1523.3450718224906
1953,176283.0222408256,0.0,176283.0222408256,176283.0222408256,3340.142671858501
1954,719252.7963532421,0.0,719252.7963532421,719252.7963532421,13538.33414330584
1955,1000000.0,0.0,1000000.0,1000000.0,18226.60098720957
1956,835600.0685369074,0.0,835600.0685369074,835600.0685369074,15508.477275557225
1957,692122.4033047595,0.0,692122.4033047595,692122.4033047595,13072.779247762379
1958,903174.6537018318,0.0,903174.6537018318,903174.6537018318,16634.496245666935
1959,656147.1053235244,0.0,656147.1053235244,656147.1053235244,12451.760532165517
1960,1000000.0,0.0,1000000.0,1000000.0,18226.452278464392
1961,1000000.0,0.0,1000000.0,1000000.0,18226.421907361964
1962,1000000.0,0.0,1000000.0,1000000.0,18226.391536360727
1963,937085.569342673,0.0,937085.569342673,937085.569342673,17194.717126880405
1964,270125.0739083303,0.0,270125.0739083303,270125.0739083303,5472.1120075066865
1965,277614.9381410292,0.0,277614.9381410292,277614.9381410292,5614.170890477658
1966,874985.8649841909,0.0,874985.8649841909,874985.8649841909,16166.097872598464
1967,874617.0148945516,0.0,874617.0148945516,874617.0148945516,16159.930216352492
1968,879022.8658188415,0.0,879022.8658188415,879022.8658188415,16233.228235099476
1969,878892.6675595659,0.0,878892.6675595659,878892.6675595659,16231.035123413172
1970,879022.8658188415,0.0,879022.8658188415,879022.8658188415,16233.174138793442
1971,879022.8658188415,0.0,879022.8658188415,879022.8658188415,16233.147090575658
1972,879022.8658188415,0.0,879022.8658188415,879022.8658188415,16233.120042447987
1973,879022.8658188415,0.0,879022.8658188415,879022.8658188415,16233.092994410426
1974,879022.8658188415,0.0,879022.8658188415,879022.8658188415,16233.06594646298
1975,1000000.0,0.0,1000000.0,1000000.0,18226.00666713959
1976,1000000.0,0.0,1000000.0,1000000.0,18225.976297521902
1977,1000000.0,0.0,1000000.0,1000000.0,18225.945928005407
1978,1000000.0,0.0,1000000.0,1000000.0,18225.915558590095
1979,1000000.0,0.0,1000000.0,1000000.0,18225.88518927597
1980,1000000.0,0.0,1000000.0,1000000.0,18225.85482006304
1981,1000000.0,0.0,1000000.0,1000000.0,18225.824450951284
1982,1000000.0,0.0,1000000.0,1000000.0,18225.794081940723
1983,1000000.0,0.0,1000000.0,1000000.0,18225.763713031338
1984,1000000.0,0.0,1000000.0,1000000.0,18225.733344223143
1985,981805.844164436,0.0,981805.844164436,981805.844164436,17928.414286732488
1986,401237.02306200325,0.0,401237.02306200325,401237.02306200325,7915.4409597224885
1987,406857.2395287913,0.0,406857.2395287913,406857.2395287913,8018.28712729325
1988,544921.8678640473,0.0,544921.8678640473,544921.8678640473,10502.881592804837
1989,697154.7167254892,0.0,697154.7167254892,697154.7167254892,13158.588527777378
1990,704108.1946192622,0.0,704108.1946192622,704108.1946192622,13277.977593616024
1991,681518.2323144176,0.0,681518.2323144176,681518.2323144176,12889.44386258931
1992,704694.5177054155,0.0,704694.5177054155,704694.5177054155,13287.995031308077
1993,740472.9328467664,0.0,740472.9328467664,740472.9328467664,13899.861224916527
1994,713143.0775979607,0.0,713143.0775979607,713143.0775979607,13432.80854578187
1995,616902.3944713323,0.0,616902.3944713323,616902.3944713323,11768.614793874056
1996,567307.431611308,0.0,567307.431611308,567307.431611308,10898.451412061222
1997,408091.82058508805,0.0,408091.82058508805,408091.82058508805,8040.724116334461
1998,311507.95076133934,0.0,311507.95076133934,311507.95076133934,6252.690732426338
1999,568706.3781021907,0.0,568706.3781021907,568706.3781021907,10923.065335845633
2000,765507.4954696589,0.0,765507.4954696589,765507.4954696589,14325.445995018767
2001,749984.5600387844,0.0,749984.5600387844,749984.5600387844,14061.66583956191
2002,753576.86123826,0.0,753576.86123826,753576.86123826,14122.746859467461
2003,737320.0409497725,0.0,737320.0409497725,737320.0409497725,13845.876560830815
2004,678234.9940265847,0.0,678234.9940265847,678234.9940265847,12832.561296540152
2005,621815.4997559902,0.0,621815.4997559902,621815.4997559902,11854.139469179994
2006,613710.9128941545,0.0,613710.9128941545,613710.9128941545,11712.671237807777
2007,610380.8293424625,0.0,610380.8293424625,610380.8293424625,11654.465038334347
2008,590226.0327180498,0.0,590226.0327180498,590226.0327180498,11301.43667916544
2009,502854.47773680376,0.0,502854.47773680376,502854.47773680376,9753.712072935474
2010,126665.64572269889,0.0,126665.64572269889,126665.64572269889,2644.227511230143
2011,116302.82461857631,0.0,116302.82461857631,116302.82461857631,2430.1298204418913
2012,134319.20505061682,0.0,134319.20505061682,134319.20505061682,2746.251472873913
2013,120647.18531166512,0.0,120647.18531166512,120647.18531166512,2524.852097052544
2014,109741.19386190255,0.0,109741.19386190255,109741.19386190255,2291.320402682175
2015,133221.45171299903,0.0,133221.45171299903,133221.45171299903,2695.9523805692043
2016,64452.36708722395,0.0,64452.36708722395,64452.36708722395,1349.3890250746797
2017,56837.84839924071,0.0,56837.84839924071,56837.84839924071,1189.5674546931639
2018,42620.96205115732,0.0,42620.96205115732,42620.96205115732,889.8253533935738
2019,177586.4046492183,0.0,177586.4046492183,177586.4046492183,3233.442278977849
2020,390394.0581776862,0.0,390394.0581776862,390394.0581776862,7715.56379222705
2021,471624.7278067148,0.0,471624.7278067148,471624.7278067148,9192.429153775349
2022,553826.9085244718,0.0,553826.9085244718,553826.9085244718,10659.14593254642
2023,958596.5084677711,0.0,958596.5084677711,958596.5084677711,17545.687770740882
2024,1000000.0,0.0,1000000.0,1000000.0,18223.327241957475
2025,1000000.0,0.0,1000000.0,1000000.0,18223.296881265047
2026,1000000.0,0.0,1000000.0,1000000.0,18223.266520673755
2027,1000000.0,0.0,1000000.0,1000000.0,18223.236160183613
2028,1000000.0,0.0,1000000.0,1000000.0,18223.205799794618
2029,943765.0250186439,0.0,943765.0250186439,943765.0250186439,17301.687465204475
2030,866763.4644869252,0.0,866763.4644869252,866763.4644869252,16026.32437205491
2031,970882.5163160147,0.0,970882.5163160147,970882.5163160147,17746.99838423565
2032,978210.1705546525,0.0,978210.1705546525,978210.1705546525,17866.989951052616
2033,1000000.0,0.0,1000000.0,1000000.0,18223.054788247257
2034,869894.965906993,0.0,869894.965906993,869894.965906993,16078.399044425674
2035,874070.37762288,0.0,874070.37762288,874070.37762288,16147.907375994555
2036,877262.9612292036,0.0,877262.9612292036,877262.9612292036,16201.015168230975
2037,879022.8658188415,0.0,879022.8658188415,879022.8658188415,16230.266380123763
2038,879022.8658188415,0.0,879022.8658188415,879022.8658188415,16230.239341591161
2039,879022.8658188415,0.0,879022.8658188415,879022.8658188415,16230.212303148624
2040,879022.8658188415,0.0,879022.8658188415,879022.8658188415,16230.185264796155
2041,879022.8658188415,0.0,879022.8658188415,879022.8658188415,16230.158226533746
2042,879022.8658188415,0.0,879022.8658188415,879022.8658188415,16230.131188361405
2043,879022.8658188415,0.0,879022.8658188415,879022.8658188415,16230.104150279123
2044,879022.8658188415,0.0,879022.8658188415,879022.8658188415,16230.077112286916
2045,879022.8658188415,0.0,879022.8658188415,879022.8658188415,16230.050074384762
2046,879022.8658188415,0.0,879022.8658188415,879022.8658188415,16230.023036572671
2047,1000000.0,0.0,1000000.0,1000000.0,18222.635009579433
2048,1000000.0,0.0,1000000.0,1000000.0,18222.60465119307
2049,1000000.0,0.0,1000000.0,1000000.0,18222.57429290783
2050,1000000.0,0.0,1000000.0,1000000.0,18222.54393472372
2051,1000000.0,0.0,1000000.0,1000000.0,18222.51357664075
2052,1000000.0,0.0,1000000.0,1000000.0,18222.483218658905
2053,1000000.0,0.0,1000000.0,1000000.0,18222.45286077819
2054,1000000.0,0.0,1000000.0,1000000.0,18222.42250299861
2055,1000000.0,0.0,1000000.0,1000000.0,18222.39214532015
2056,1000000.0,0.0,1000000.0,1000000.0,18222.36178774283
2057,1000000.0,0.0,1000000.0,1000000.0,18222.331430266626
2058,1000000.0,0.0,1000000.0,1000000.0,18222.301072891558
2059,973093.5597971983,0.0,973093.5597971983,973093.5597971983,17782.401433920553
2060,879022.8658188415,0.0,879022.8658188415,879022.8658188415,16229.639906741135
2061,879022.8658188415,0.0,879022.8658188415,879022.8658188415,16229.612870295292
2062,879022.8658188415,0.0,879022.8658188415,879022.8658188415,16229.585833939504
2063,879022.8658188415,0.0,879022.8658188415,879022.8658188415,16229.558797673768
2064,879022.8658188415,0.0,879022.8658188415,879022.8658188415,16229.531761498089
2065,879022.8658188415,0.0,879022.8658188415,879022.8658188415,16229.50472541246
2066,879022.8658188415,0.0,879022.8658188415,879022.8658188415,16229.477689416892
2067,879022.8658188415,0.0,879022.8658188415,879022.8658188415,16229.45065351137
2068,879022.8658188415,0.0,879022.8658188415,879022.8658188415,16229.423617695904
2069,879022.8658188415,0.0,879022.8658188415,879022.8658188415,16229.396581970492
2070,879022.8658188415,0.0,879022.8658188415,879022.8658188415,16229.369546335125
2071,1000000.0,0.0,1000000.0,1000000.0,18221.910918686237
2072,1000000.0,0.0,1000000.0,1000000.0,18221.88056271197
2073,1000000.0,0.0,1000000.0,1000000.0,18221.85020683882
2074,1000000.0,0.0,1000000.0,1000000.0,18221.819851066786
2075,1000000.0,0.0,1000000.0,1000000.0,18221.78949539588
2076,1000000.0,0.0,1000000.0,1000000.0,18221.75913982608
2077,1000000.0,0.0,1000000.0,1000000.0,18221.728784357405
2078,1000000.0,0.0,1000000.0,1000000.0,18221.69842898985
2079,1000000.0,0.0,1000000.0,1000000.0,18221.668073723402
2080,1000000.0,0.0,1000000.0,1000000.0,18221.63771855808
2081,1000000.0,0.0,1000000.0,1000000.0,18221.60736349387
2082,1000000.0,0.0,1000000.0,1000000.0,18221.577008530774
2083,895464.5157678538,0.0,895464.5157678538,895464.5157678538,16502.108219334405
2084,879022.8658188415,0.0,879022.8658188415,879022.8658188415,16228.986679250882
2085,879022.8658188415,0.0,879022.8658188415,879022.8658188415,16228.959644980827
2086,879022.8658188415,0.0,879022.8658188415,879022.8658188415,16228.932610800819
2087,879022.8658188415,0.0,879022.8658188415,879022.8658188415,16228.905576710846
2088,879022.8658188415,0.0,879022.8658188415,879022.8658188415,16228.878542710925
2089,879022.8658188415,0.0,879022.8658188415,879022.8658188415,16228.85150880104
2090,879022.8658188415,0.0,879022.8658188415,879022.8658188415,16228.824474981204
2091,879022.8658188415,0.0,879022.8658188415,879022.8658188415,16228.797441251407
2092,879022.8658188415,0.0,879022.8658188415,879022.8658188415,16228.770407611653
2093,879022.8658188415,0.0,879022.8658188415,879022.8658188415,16228.743374061945
2094,879022.8658188415,0.0,879022.8658188415,879022.8658188415,16228.716340602276
2095,907893.832425376,0.0,907893.832425376,907893.832425376,16707.733093164494
2096,1000000.0,0.0,1000000.0,1000000.0,18221.15709079453
2097,1000000.0,0.0,1000000.0,1000000.0,18221.126737331317
2098,913672.3364527193,0.0,913672.3364527193,913672.3364527193,16803.255780082836
2099,812440.905814799,0.0,812440.905814799,812440.905814799,15114.891326008332
2100,890016.0520050554,0.0,890016.0520050554,890016.0520050554,16411.227315678785
2101,1000000.0,0.0,1000000.0,1000000.0,18221.00659957843
2102,975849.0087983685,0.0,975849.0087983685,975849.0087983685,17826.262542386507
2103,858361.5739217661,0.0,858361.5739217661,858361.5739217661,15884.233024795865
2104,753697.1590307843,0.0,753697.1590307843,753697.1590307843,14121.36966469265
2105,936968.3800119403,0.0,936968.3800119403,936968.3800119403,17187.586737743462
2106,669886.604636216,0.0,669886.604636216,669886.604636216,12685.359414038925
2107,879022.8658188415,0.0,879022.8658188415,879022.8658188415,16228.364491980728
2108,181981.39725506926,0.0,181981.39725506926,181981.39725506926,3771.5255944376318
2109,683503.9216344183,0.0,683503.9216344183,683503.9216344183,12920.16060932247
2110,101084.58778359606,0.0,101084.58778359606,101084.58778359606,2110.4990054798955
2111,602802.4276475719,0.0,602802.4276475719,602802.4276475719,10812.075834176989
2112,465936.7970097445,0.0,465936.7970097445,465936.7970097445,9088.22751641437
2113,286778.3752996266,0.0,286778.3752996266,286778.3752996266,5785.384887279959
2114,856247.2648340642,0.0,856247.2648340642,856247.2648340642,15848.242477657815
2115,873262.3404502562,0.0,873262.3404502562,873262.3404502562,16131.881381933314
2116,879022.8658188415,0.0,879022.8658188415,879022.8658188415,16227.706655989963
2117,879022.8658188415,0.0,879022.8658188415,879022.8658188415,16227.67962598194
2118,879022.8658188415,0.0,879022.8658188415,879022.8658188415,16227.652596063936
2119,1000000.0,0.0,1000000.0,1000000.0,18220.008460971636
2120,1000000.0,0.0,1000000.0,1000000.0,18219.97811133303
2121,1000000.0,0.0,1000000.0,1000000.0,18219.947761795498
2122,1000000.0,0.0,1000000.0,1000000.0,18219.917412359064
2123,1000000.0,0.0,1000000.0,1000000.0,18219.88706302371
2124,1000000.0,0.0,1000000.0,1000000.0,18219.856713789446
2125,879024.0464978048,0.0,879024.0464978048,879024.0464978048,16227.480862024624
2126,702488.7815096717,0.0,702488.7815096717,702488.7815096717,13245.845683295378
2127,474164.3497975259,0.0,474164.3497975259,474164.3497975259,9236.169707069894
2128,348873.36458393326,0.0,348873.36458393326,348873.36458393326,6947.531324968228
2129,176586.76783267717,0.0,176586.76783267717,176586.76783267717,3665.4503027894707
2130,121629.92335485513,0.0,121629.92335485513,121629.92335485513,2543.600960710395
2131,161110.74671455566,0.0,161110.74671455566,161110.74671455566,3242.6437021065503
2132,503522.1366871822,0.0,503522.1366871822,503522.1366871822,9762.430353183629
2133,0.0,0.0,0.0,0.0,-0.0
2134,36722.564428213256,0.0,36722.564428213256,36722.564428213256,636.2211557386341
2135,731466.9640577103,0.0,731466.9640577103,731466.9640577103,11932.921487818452
2136,434909.19620300696,0.0,434909.19620300696,434909.19620300696,8525.71724367376
2137,749306.128561769,0.0,749306.128561769,749306.128561769,14044.346552740442
2138,874481.0198198857,0.0,874481.0198198857,874481.0198198857,16150.19213768704
2139,875483.0094448241,0.0,875483.0094448241,875483.0094448241,16166.839249320512
2140,874989.5148387473,0.0,874989.5148387473,874989.5148387473,16158.600491526568
2141,848421.4531086284,0.0,848421.4531086284,848421.4531086284,15715.46747793779
2142,49022.540569667144,0.0,49022.540569667144,49022.540569667144,1025.3526319359942
2143,747082.931595499,0.0,747082.931595499,747082.931595499,12409.225249780293
2144,1000000.0,0.0,1000000.0,1000000.0,18216.877532434635
2145,1000000.0,0.0,1000000.0,1000000.0,18216.84719322151
2146,1000000.0,0.0,1000000.0,1000000.0,18216.81685410942
2147,1000000.0,0.0,1000000.0,1000000.0,18216.78651509837
2148,1000000.0,0.0,1000000.0,1000000.0,18216.756176188348
2149,1000000.0,0.0,1000000.0,1000000.0,18216.725837379363
2150,1000000.0,0.0,1000000.0,1000000.0,18216.695498671415
2151,1000000.0,0.0,1000000.0,1000000.0,18216.665160064505
2152,917688.8007697139,0.0,917688.8007697139,917688.8007697139,16865.488599795728
2153,613577.8154019424,0.0,613577.8154019424,613577.8154019424,11704.633395077935
2154,231884.7910435668,0.0,231884.7910435668,231884.7910435668,4738.558907336438
2155,93267.99388166842,0.0,93267.99388166842,93267.99388166842,1946.3918403749067
2156,178401.22627833564,0.0,178401.22627833564,178401.22627833564,3440.8022323320038
2157,229998.80406969617,0.0,229998.80406969617,229998.80406969617,4702.1183827257355
2158,112369.85808634452,0.0,112369.85808634452,112369.85808634452,2350.9246914225687
2159,101525.52701507583,0.0,101525.52701507583,101525.52701507583,2118.7675122900064
2160,112439.26277522992,0.0,112439.26277522992,112439.26277522992,2296.3364127866116
2161,159455.9627913303,0.0,159455.9627913303,159455.9627913303,3181.105421712764
2162,377969.6758881207,0.0,377969.6758881207,377969.6758881207,7483.457160831288
2163,228673.5681704212,0.0,228673.5681704212,228673.5681704212,4676.446854004373
2164,435252.9215210117,0.0,435252.9215210117,435252.9215210117,8530.608145483651
2165,446705.32004492864,0.0,446705.32004492864,446705.32004492864,8738.208671128112
2166,615447.519886111,0.0,615447.519886111,615447.519886111,11736.361181728953
2167,1000000.0,0.0,1000000.0,1000000.0,18215.225612795697
2168,1000000.0,0.0,1000000.0,1000000.0,18215.195279080515
2169,1000000.0,0.0,1000000.0,1000000.0,18215.16494546633
2170,1000000.0,0.0,1000000.0,1000000.0,18215.134611953155
2171,943199.1977949109,0.0,943199.1977949109,943199.1977949109,17284.668459557975
2172,913076.3198006864,0.0,913076.3198006864,913076.3198006864,16787.795987761954
2173,859990.0316870282,0.0,859990.0316870282,859990.0316870282,15906.17478393372
2174,858416.3126990865,0.0,858416.3126990865,858416.3126990865,15879.894258171766
2175,882725.8913276186,0.0,882725.8913276186,882725.8913276186,16284.643531462378
2176,1000000.0,0.0,1000000.0,1000000.0,18214.95440288866
2177,1000000.0,0.0,1000000.0,1000000.0,18214.92407007657
2178,973262.1370316877,0.0,973262.1370316877,973262.1370316877,17777.942590445316
2179,873898.4122342156,0.0,873898.4122342156,873898.4122342156,16137.740723546298
2180,872845.8558272742,0.0,872845.8558272742,872845.8558272742,16120.196299759513
2181,874104.3424057732,0.0,874104.3424057732,874104.3424057732,16141.113883166521
2182,258982.2574675418,0.0,258982.2574675418,258982.2574675418,5256.410970916471
2183,718954.5087294303,0.0,718954.5087294303,718954.5087294303,13524.115390518875
2184,504256.5098615725,0.0,504256.5098615725,504256.5098615725,9772.875873184048
2185,520422.6680360245,0.0,520422.6680360245,520422.6680360245,10061.182441827863
2186,828929.2834169423,0.0,828929.2834169423,828929.2834169423,15386.317293980632
2187,714102.9457292437,0.0,714102.9457292437,714102.9457292437,13440.970807207528
2188,544899.0755271473,0.0,544899.0755271473,544899.0755271473,10495.733841708028
2189,346399.67244299897,0.0,346399.67244299897,346399.67244299897,6899.449110489012
2190,220934.33936570585,0.0,220934.33936570585,220934.33936570585,4527.1022787109
2191,114709.58489152357,0.0,114709.58489152357,114709.58489152357,2397.182770884086
2192,60259.1562888361,0.0,60259.1562888361,60259.1562888361,1256.8162876431086
2193,127919.39568553452,0.0,127919.39568553452,127919.39568553452,2425.19300573621
2194,140569.6998515739,0.0,140569.6998515739,140569.6998515739,2906.4849163585695
2195,217781.44599740853,0.0,217781.44599740853,217781.44599740853,4387.749295140684
2196,296725.3864702874,0.0,296725.3864702874,296725.3864702874,5970.564123051096
2197,475815.0943376916,0.0,475815.0943376916,475815.0943376916,9262.46644028032
2198,624666.5516112479,0.0,624666.5516112479,624666.5516112479,11895.895802436422
2199,622639.2917608429,0.0,622639.2917608429,622639.2917608429,11860.557752915742
2200,1000000.0,0.0,1000000.0,1000000.0,18213.428853909878
2201,994424.4920827359,0.0,994424.4920827359,994424.4920827359,18122.43870269412
2202,555523.1807113764,0.0,555523.1807113764,555523.1807113764,10682.9305258137
2203,195899.48563441614,0.0,195899.48563441614,195899.48563441614,4041.5740146354724
2204,797882.9065961981,0.0,797882.9065961981,797882.9065961981,14863.199991846133
2205,851445.5253685924,0.0,851445.5253685924,851445.5253685924,15761.994891129052
2206,853662.5697542477,0.0,853662.5697542477,853662.5697542477,15798.99368574703
2207,842933.4872645464,0.0,842933.4872645464,842933.4872645464,15619.65993390953
2208,771783.9022980045,0.0,771783.9022980045,771783.9022980045,14422.06829102545
2209,686932.9712968089,0.0,686932.9712968089,686932.9712968089,12973.586332140223
2210,643852.4399068943,0.0,643852.4399068943,643852.4399068943,12229.193204658508
2211,736133.1009896854,0.0,736133.1009896854,736133.1009896854,13816.190172604438
2212,658745.6611083028,0.0,658745.6611083028,658745.6611083028,12487.192080534953
2213,780052.6033244043,0.0,780052.6033244043,780052.6033244043,14561.8989437544
2214,618170.3386342395,0.0,618170.3386342395,618170.3386342395,11782.352234658214
2215,539718.9396866543,0.0,539718.9396866543,539718.9396866543,10403.0003525618
2216,451419.3376291289,0.0,451419.3376291289,451419.3376291289,8822.295686142746
2217,326327.0439767789,0.0,326327.0439767789,326327.0439767789,6525.170662038562
2218,368026.4176550233,0.0,368026.4176550233,368026.4176550233,7299.07265625109
2219,556951.4035641473,0.0,556951.4035641473,556951.4035641473,10707.855273798288
2220,463177.10912114655,0.0,463177.10912114655,463177.10912114655,9034.54475413099
2221,349992.80164181115,0.0,349992.80164181115,349992.80164181115,6965.406845653835
2222,561760.0239701081,0.0,561760.0239701081,561760.0239701081,10792.690154057102
2223,593524.6564211214,0.0,593524.6564211214,593524.6564211214,11351.276898294502
2224,433294.2225613028,0.0,433294.2225613028,433294.2225613028,8493.748776006414
2225,873361.324723667,0.0,873361.324723667,873361.324723667,16126.865313871525
2226,269565.59862363385,0.0,269565.59862363385,269565.59862363385,5456.929638159279
2227,195958.7781804782,0.0,195958.7781804782,195958.7781804782,4042.5543581646157
2228,268322.77003784373,0.0,268322.77003784373,268322.77003784373,5433.31976635196
2229,139547.18211564154,0.0,139547.18211564154,139547.18211564154,2914.773772711732
2230,240293.63873971693,0.0,240293.63873971693,240293.63873971693,4812.883426426554
2231,258485.366455072,0.0,258485.366455072,258485.366455072,5246.185523385719
2232,120520.98915633591,0.0,120520.98915633591,120520.98915633591,2520.5780512094666
2233,173923.22023869754,0.0,173923.22023869754,173923.22023869754,3484.8508804782505
2234,476759.086419389,0.0,476759.086419389,476759.086419389,9278.643874487107
2235,381161.80598858284,0.0,381161.80598858284,381161.80598858284,7540.704066063871
2236,611023.0447210207,0.0,611023.0447210207,611023.0447210207,11656.928197268433
2237,570616.2593504135,0.0,570616.2593504135,570616.2593504135,10948.286879815178
2238,481573.6769000981,0.0,481573.6769000981,481573.6769000981,9365.077173576394
2239,589212.6410237196,0.0,589212.6410237196,589212.6410237196,11275.110914216508
2240,325824.8049059289,0.0,325824.8049059289,325824.8049059289,6515.384561904446
2241,309125.5127771348,0.0,309125.5127771348,309125.5127771348,6202.92893311311
2242,522200.4569863591,0.0,522200.4569863591,522200.4569863591,10091.173611315127
2243,765751.1538741244,0.0,765751.1538741244,765751.1538741244,14318.707242849334
2244,766067.4364741324,0.0,766067.4364741324,766067.4364741324,14324.045872481724
2245,791061.4660722936,0.0,791061.4660722936,791061.4660722936,14746.824579645745
2246,831736.8466723294,0.0,831736.8466723294,831736.8466723294,15430.88354704815
2247,795578.7292306059,0.0,795578.7292306059,795578.7292306059,14822.988757039651
2248,791457.5989840808,0.0,791457.5989840808,791457.5989840808,14753.436618536549
2249,645924.032082101,0.0,645924.032082101,645924.032082101,12264.070541804876
2250,232446.99111335026,0.0,232446.99111335026,232446.99111335026,4747.903285143501
2251,150587.47613249422,0.0,150587.47613249422,150587.47613249422,3141.8448615609536
2252,161262.75992627942,0.0,161262.75992627942,161262.75992627942,3332.2947783658174
2253,147035.7005958048,0.0,147035.7005958048,147035.7005958048,3071.4854578219015
2254,94268.13450608237,0.0,94268.13450608237,94268.13450608237,1965.7592746333416
2255,60948.18944118155,0.0,60948.18944118155,60948.18944118155,1270.287473989143
2256,0.0,0.0,0.0,0.0,-0.0
2257,0.0,0.0,0.0,0.0,-0.0
2258,0.0,0.0,0.0,0.0,-0.0
2259,0.0,0.0,0.0,0.0,-0.0
2260,0.0,0.0,0.0,0.0,-0.0
2261,0.0,0.0,0.0,0.0,-0.0
2262,135744.75970232696,0.0,135744.75970232696,135744.75970232696,2365.7798200674038
2263,518921.0649444563,0.0,518921.0649444563,518921.0649444563,9856.043954539575
2264,927618.1369693237,0.0,927618.1369693237,927618.1369693237,17023.20346951613
2265,688017.2100332201,0.0,688017.2100332201,688017.2100332201,12989.905486578275
2266,785029.6796312683,0.0,785029.6796312683,785029.6796312683,14643.508747749122
2267,765924.561852255,0.0,765924.561852255,765924.561852255,14320.15029099713
2268,868396.7274165003,0.0,868396.7274165003,868396.7274165003,16041.723624209484
2269,869240.8426725706,0.0,869240.8426725706,869240.8426725706,16055.75271438825
2270,935593.758643555,0.0,935593.758643555,935593.758643555,17154.476939490636
2271,1000000.0,0.0,1000000.0,1000000.0,18209.82912740119
2272,1000000.0,0.0,1000000.0,1000000.0,18209.798811649798
2273,1000000.0,0.0,1000000.0,1000000.0,18209.768495999324
2274,990640.5209919733,0.0,990640.5209919733,990640.5209919733,18057.028678330676
2275,874261.4014552142,0.0,874261.4014552142,874261.4014552142,16139.14860704474
2276,879022.8658188415,0.0,879022.8658188415,879022.8658188415,16218.302539552427
2277,879022.8658188415,0.0,879022.8658188415,879022.8658188415,16218.275540847884
2278,879022.8658188415,0.0,879022.8658188415,879022.8658188415,16218.24854223321
2279,879022.8658188415,0.0,879022.8658188415,879022.8658188415,16218.221543708396
2280,879022.8658188415,0.0,879022.8658188415,879022.8658188415,16218.194545273453
2281,879022.8658188415,0.0,879022.8658188415,879022.8658188415,16218.167546928378
2282,879022.8658188415,0.0,879022.8658188415,879022.8658188415,16218.140548673164
2283,879022.8658188415,0.0,879022.8658188415,879022.8658188415,16218.113550507815
2284,879022.8658188415,0.0,879022.8658188415,879022.8658188415,16218.08655243233
2285,879022.8658188415,0.0,879022.8658188415,879022.8658188415,16218.059554446714
2286,879022.8658188415,0.0,879022.8658188415,879022.8658188415,16218.03255655096
2287,1000000.0,0.0,1000000.0,1000000.0,18209.348922285084
2288,1000000.0,0.0,1000000.0,1000000.0,18209.318608132242
2289,1000000.0,0.0,1000000.0,1000000.0,18209.288294080314
2290,1000000.0,0.0,1000000.0,1000000.0,18209.257980129296
2291,1000000.0,0.0,1000000.0,1000000.0,18209.227666279185
2292,1000000.0,0.0,1000000.0,1000000.0,18209.197352529984
2293,1000000.0,0.0,1000000.0,1000000.0,18209.167038881693
2294,1000000.0,0.0,1000000.0,1000000.0,18209.136725334316
2295,1000000.0,0.0,1000000.0,1000000.0,18209.10641188784
2296,707544.995412058,0.0,707544.995412058,707544.995412058,13324.4633030042
2297,492506.47029638424,0.0,492506.47029638424,492506.47029638424,9559.51595463209
2298,318312.03130502044,0.0,318312.03130502044,318312.03130502044,6373.896736592739
2299,660997.442240587,0.0,660997.442240587,660997.442240587,12523.216750143441
2300,845287.2980075598,0.0,845287.2980075598,845287.2980075598,15655.298499469087
2301,879022.8658188415,0.0,879022.8658188415,879022.8658188415,16217.629222750527
2302,859546.8412958082,0.0,859546.8412958082,859546.8412958082,15893.337512506194
2303,873688.7741549539,0.0,873688.7741549539,873688.7741549539,16128.871270348198
2304,873365.7012277468,0.0,873365.7012277468,873365.7012277468,16123.469299197444
2305,877794.9315034486,0.0,877794.9315034486,877794.9315034486,16197.108297209375
2306,877835.3106206327,0.0,877835.3106206327,877835.3106206327,16197.75265833275
2307,879022.8658188415,0.0,879022.8658188415,879022.8658188415,16217.467346466696
2308,879022.8658188415,0.0,879022.8658188415,879022.8658188415,16217.440350542078
2309,879022.8658188415,0.0,879022.8658188415,879022.8658188415,16217.413354707318
2310,879957.1269335694,0.0,879957.1269335694,879957.1269335694,16232.914486209853
2311,981733.8510132418,0.0,981733.8510132418,981733.8510132418,17910.413234564432
2312,1000000.0,0.0,1000000.0,1000000.0,18208.60264197606
2313,1000000.0,0.0,1000000.0,1000000.0,18208.57233030742
2314,1000000.0,0.0,1000000.0,1000000.0,18208.54201873968
2315,1000000.0,0.0,1000000.0,1000000.0,18208.51170727284
2316,1000000.0,0.0,1000000.0,1000000.0,18208.481395906892
2317,1000000.0,0.0,1000000.0,1000000.0,18208.45108464185
2318,1000000.0,0.0,1000000.0,1000000.0,18208.4207734777
2319,1000000.0,0.0,1000000.0,1000000.0,18208.39046241444
2320,1000000.0,0.0,1000000.0,1000000.0,18208.360151452085
2321,1000000.0,0.0,1000000.0,1000000.0,18208.329840590628
2322,1000000.0,0.0,1000000.0,1000000.0,18208.299529830052
2323,904735.9263261607,0.0,904735.9263261607,904735.9263261607,16643.516079216166
2324,879022.8658188415,0.0,879022.8658188415,879022.8658188415,16217.004078884811
2325,879022.8658188415,0.0,879022.8658188415,879022.8658188415,16216.97708450212
2326,879022.8658188415,0.0,879022.8658188415,879022.8658188415,16216.95009020927
2327,879022.8658188415,0.0,879022.8658188415,879022.8658188415,16216.923096006263
2328,879022.8658188415,0.0,879022.8658188415,879022.8658188415,16216.896101893095
2329,879022.8658188415,0.0,879022.8658188415,879022.8658188415,16216.869107869781
2330,879022.8658188415,0.0,879022.8658188415,879022.8658188415,16216.842113936302
2331,879022.8658188415,0.0,879022.8658188415,879022.8658188415,16216.815120092675
2332,879022.8658188415,0.0,879022.8658188415,879022.8658188415,16216.788126338886
2333,879022.8658188415,0.0,879022.8658188415,879022.8658188415,16216.761132674937
2334,882281.1370028029,0.0,882281.1370028029,882281.1370028029,16270.876642250016
2335,1000000.0,0.0,1000000.0,1000000.0,18207.9101890756
2336,1000000.0,0.0,1000000.0,1000000.0,18207.879879711898
2337,1000000.0,0.0,1000000.0,1000000.0,18207.849570449078
2338,1000000.0,0.0,1000000.0,1000000.0,18207.819261287146
2339,1000000.0,0.0,1000000.0,1000000.0,18207.788952226107
2340,1000000.0,0.0,1000000.0,1000000.0,18207.758643265937
2341,1000000.0,0.0,1000000.0,1000000.0,18207.728334406667
2342,1000000.0,0.0,1000000.0,1000000.0,18207.698025648275
2343,1000000.0,0.0,1000000.0,1000000.0,18207.667716990767
2344,1000000.0,0.0,1000000.0,1000000.0,18207.63740843414
2345,1000000.0,0.0,1000000.0,1000000.0,18207.607099978406
2346,1000000.0,0.0,1000000.0,1000000.0,18207.576791623553
2347,980320.1617069347,0.0,980320.1617069347,980320.1617069347,17886.228264765083
2348,879022.8658188415,0.0,879022.8658188415,879022.8658188415,16216.35160501163
2349,879022.8658188415,0.0,879022.8658188415,879022.8658188415,16216.32461280052
2350,879022.8658188415,0.0,879022.8658188415,879022.8658188415,16216.29762067925
2351,879022.8658188415,0.0,879022.8658188415,879022.8658188415,16216.270628647808
2352,879022.8658188415,0.0,879022.8658188415,879022.8658188415,16216.201156984509
2353,879022.8658188415,0.0,879022.8658188415,879022.8658188415,16216.174165274095
2354,879022.8658188415,0.0,879022.8658188415,879022.8658188415,16216.147173653519
2355,879022.8658188415,0.0,879022.8658188415,879022.8658188415,16216.120182122773
2356,879022.8658188415,0.0,879022.8658188415,879022.8658188415,16216.093190681851
2357,879022.8658188415,0.0,879022.8658188415,879022.8658188415,16216.06619933077
2358,882587.5365748177,0.0,882587.5365748177,882587.5365748177,16275.269365296857
2359,1000000.0,0.0,1000000.0,1000000.0,18207.14016261091
2360,1000000.0,0.0,1000000.0,1000000.0,18207.109855810228
2361,1000000.0,0.0,1000000.0,1000000.0,18207.07954911043
2362,1000000.0,0.0,1000000.0,1000000.0,18207.0492425115
2363,1000000.0,0.0,1000000.0,1000000.0,18207.018936013443
2364,1000000.0,0.0,1000000.0,1000000.0,18206.988629616255
2365,1000000.0,0.0,1000000.0,1000000.0,18206.958323319945
2366,1000000.0,0.0,1000000.0,1000000.0,18206.928017124505
2367,1000000.0,0.0,1000000.0,1000000.0,18206.89771102994
2368,966613.8243251033,0.0,966613.8243251033,966613.8243251033,17661.200023265363
2369,955052.2500121752,0.0,955052.2500121752,955052.2500121752,17471.54372470902
2370,718651.0133961559,0.0,718651.0133961559,718651.0133961559,13512.837582039121
2371,704086.0433117436,0.0,704086.0433117436,704086.0433117436,13263.438814176128
2372,254853.57191518974,0.0,254853.57191518974,254853.57191518974,5175.178327832309
2373,0.0,0.0,0.0,0.0,-0.0
2374,879022.8658188415,0.0,879022.8658188415,879022.8658188415,13512.04454603287
2375,873757.6012829085,0.0,873757.6012829085,873757.6012829085,16126.882655699741
2376,875090.5499977422,0.0,875090.5499977422,875090.5499977422,16149.025571123308
2377,874409.2498769457,0.0,874409.2498769457,874409.2498769457,16137.667867845881
2378,874859.6154021659,0.0,874859.6154021659,874859.6154021659,16145.13125472832
2379,877064.496192566,0.0,877064.496192566,877064.496192566,16181.76661227842
2380,874772.4780532636,0.0,874772.4780532636,874772.4780532636,16143.628332855753
2381,867341.1716761204,0.0,867341.1716761204,867341.1716761204,16019.934199820707
2382,792403.1375315035,0.0,792403.1375315035,792403.1375315035,14764.01384236063
2383,858205.1043647112,0.0,858205.1043647112,858205.1043647112,15867.632488381996
2384,1000000.0,0.0,1000000.0,1000000.0,18205.11444105997
2385,1000000.0,0.0,1000000.0,1000000.0,18205.08414100142
2386,1000000.0,0.0,1000000.0,1000000.0,18205.05384104371
2387,1000000.0,0.0,1000000.0,1000000.0,18205.023541186838
2388,1000000.0,0.0,1000000.0,1000000.0,18204.993241430806
2389,1000000.0,0.0,1000000.0,1000000.0,18204.96294177561
2390,1000000.0,0.0,1000000.0,1000000.0,18204.932642221258
2391,1000000.0,0.0,1000000.0,1000000.0,18204.902342767746
2392,1000000.0,0.0,1000000.0,1000000.0,18204.872043415067
2393,878426.7787934254,0.0,878426.7787934254,878426.7787934254,16204.031135972375
2394,375062.35642642924,0.0,375062.35642642924,375062.35642642924,7425.22162018902
2395,415520.4142184169,0.0,415520.4142184169,415520.4142184169,8166.447293737973
2396,360720.3507853884,0.0,360720.3507853884,360720.3507853884,7160.5990460502035
2397,554217.1028660834,0.0,554217.1028660834,554217.1028660834,10654.50943538687
2398,595298.0944266,0.0,595298.0944266,595298.0944266,11377.063960655452
2399,753388.5113799392,0.0,753388.5113799392,753388.5113799392,14103.179117828457
2400,776224.6448576201,0.0,776224.6448576201,776224.6448576201,14490.273737185404
2401,830942.7556964436,0.0,830942.7556964436,830942.7556964436,15411.44870837128
2402,807593.1453759865,0.0,807593.1453759865,807593.1453759865,15019.408450684741
2403,688554.360807442,0.0,688554.360807442,688554.360807442,12995.106408737991
2404,496554.59381480765,0.0,496554.59381480765,496554.59381480765,9629.42809446781
2405,415927.65547478537,0.0,415927.65547478537,415927.65547478537,8173.730296684546
2406,396404.8333460758,0.0,396404.8333460758,396404.8333460758,7817.015131273588
2407,541098.1367587498,0.0,541098.1367587498,541098.1367587498,10422.264903390807
2408,592986.8322275218,0.0,592986.8322275218,592986.8322275218,11336.38520222262
2409,582089.5522388059,0.0,582089.5522388059,582089.5522388059,11145.207833576711
2410,582089.5522388059,0.0,582089.5522388059,582089.5522388059,11145.189286810755
2411,582089.5522388059,0.0,582089.5522388059,582089.5522388059,11145.170740106494
2412,582089.5522388059,0.0,582089.5522388059,582089.5522388059,11145.152193463931
2413,611295.5084766106,0.0,611295.5084766106,611295.5084766106,11656.497042848761
2414,643405.6509565375,0.0,643405.6509565375,643405.6509565375,12215.212229241246
2415,710670.6718957534,0.0,710670.6718957534,710670.6718957534,13374.311063032466
2416,691610.6000064793,0.0,691610.6000064793,691610.6000064793,13047.362043385154
2417,502913.1041907139,0.0,502913.1041907139,502913.1041907139,9742.874579328893
2418,100497.39121383586,0.0,100497.39121383586,100497.39121383586,2097.0074991259407
2419,70695.71735449771,0.0,70695.71735449771,70695.71735449771,1471.4891014568495
2420,101068.53340510119,0.0,101068.53340510119,101068.53340510119,1991.1998361931255
2421,151932.49661831846,0.0,151932.49661831846,151932.49661831846,2980.538115008451
2422,172951.171738126,0.0,172951.171738126,172951.171738126,3590.2857453407823
2423,404715.950195916,0.0,404715.950195916,404715.950195916,7968.509624881566
2424,793411.8539948077,0.0,793411.8539948077,793411.8539948077,14779.420891767773
2425,876857.7803439036,0.0,876857.7803439036,876857.7803439036,16176.480373267328
2426,878945.8912534148,0.0,878945.8912534148,878945.8912534148,16211.159220649275
2427,879022.8658188415,0.0,879022.8658188415,879022.8658188415,16212.411377952454
2428,877679.9039397778,0.0,877679.9039397778,877679.9039397778,16190.065237853492
2429,870895.3607780512,0.0,870895.3607780512,870895.3607780512,16077.20704398175
2430,797520.3350929202,0.0,797520.3350929202,797520.3350929202,14848.532328290195
2431,1000000.0,0.0,1000000.0,1000000.0,18203.03092583548
2432,1000000.0,0.0,1000000.0,1000000.0,18203.00063270902
2433,1000000.0,0.0,1000000.0,1000000.0,18202.97033968337
2434,993944.2051316194,0.0,993944.2051316194,993944.2051316194,18104.191178272038
2435,736283.5776566734,0.0,736283.5776566734,736283.5776566734,13810.782720750696
2436,739318.3773196363,0.0,739318.3773196363,739318.3773196363,13862.455172727274
2437,866065.9942394905,0.0,866065.9942394905,866065.9942394905,15996.599812301838
2438,986217.549325244,0.0,986217.549325244,986217.549325244,17977.94520039262
2439,996030.7939187244,0.0,996030.7939187244,996030.7939187244,18138.077820895553
2440,1000000.0,0.0,1000000.0,1000000.0,18202.760605552092
2441,1000000.0,0.0,1000000.0,1000000.0,18202.73031332517
2442,904722.4097044525,0.0,904722.4097044525,904722.4097044525,16638.149069428902
2443,826523.3201699527,0.0,826523.3201699527,826523.3201699527,15335.70547476864
2444,878690.8555702094,0.0,878690.8555702094,878690.8555702094,16206.434045121583
2445,879022.8658188415,0.0,879022.8658188415,879022.8658188415,16211.92426808345
2446,879022.8658188415,0.0,879022.8658188415,879022.8658188415,16211.897290603787
2447,879022.8658188415,0.0,879022.8658188415,879022.8658188415,16211.87031321388
2448,879022.8658188415,0.0,879022.8658188415,879022.8658188415,16211.84333591374
2449,879022.8658188415,0.0,879022.8658188415,879022.8658188415,16211.816358703358
2450,879022.8658188415,0.0,879022.8658188415,879022.8658188415,16211.789381582728
2451,879022.8658188415,0.0,879022.8658188415,879022.8658188415,16211.762404551868
2452,879022.8658188415,0.0,879022.8658188415,879022.8658188415,16211.735427610762
2453,879022.8658188415,0.0,879022.8658188415,879022.8658188415,16211.708450759414
2454,886710.2455724205,0.0,886710.2455724205,886710.2455724205,16339.339752819396
2455,1000000.0,0.0,1000000.0,1000000.0,18202.311485409216
2456,1000000.0,0.0,1000000.0,1000000.0,18202.28119467679
2457,1000000.0,0.0,1000000.0,1000000.0,18202.25090404516
2458,1000000.0,0.0,1000000.0,1000000.0,18202.22061351432
2459,1000000.0,0.0,1000000.0,1000000.0,18202.19032308428
2460,1000000.0,0.0,1000000.0,1000000.0,18202.16003275502
2461,1000000.0,0.0,1000000.0,1000000.0,18202.129742526566
2462,1000000.0,0.0,1000000.0,1000000.0,18202.0994523989
2463,1000000.0,0.0,1000000.0,1000000.0,18202.06916237202
2464,1000000.0,0.0,1000000.0,1000000.0,18202.038872445937
2465,1000000.0,0.0,1000000.0,1000000.0,18202.008582620638
2466,898679.1728700222,0.0,898679.1728700222,898679.1728700222,16537.441107170824
2467,854432.0402918465,0.0,854432.0402918465,854432.0402918465,15801.868040723266
2468,878620.362965885,0.0,878620.362965885,878620.362965885,16204.611428329381
2469,821067.9078181266,0.0,821067.9078181266,821067.9078181266,15243.52858260588
2470,839445.4395963053,0.0,839445.4395963053,839445.4395963053,15551.412343447848
2471,833382.2739724263,0.0,833382.2739724263,833382.2739724263,15449.90832909458
2472,878989.5789810842,0.0,878989.5789810842,878989.5789810842,16210.63927832244
2473,879022.8658188415,0.0,879022.8658188415,879022.8658188415,16211.165412506914
2474,879022.8658188415,0.0,879022.8658188415,879022.8658188415,16211.138437552097
2475,879022.8658188415,0.0,879022.8658188415,879022.8658188415,16211.111462687035
2476,879022.8658188415,0.0,879022.8658188415,879022.8658188415,16211.08448791172
2477,879022.8658188415,0.0,879022.8658188415,879022.8658188415,16211.05751322615
2478,896356.4107555645,0.0,896356.4107555645,896356.4107555645,16498.634661353346
2479,1000000.0,0.0,1000000.0,1000000.0,18201.590171584987
2480,1000000.0,0.0,1000000.0,1000000.0,18201.559883252732
2481,1000000.0,0.0,1000000.0,1000000.0,18201.529595021253
2482,1000000.0,0.0,1000000.0,1000000.0,18201.49930689056
2483,1000000.0,0.0,1000000.0,1000000.0,18201.46901886065
2484,1000000.0,0.0,1000000.0,1000000.0,18201.43873093152
2485,1000000.0,0.0,1000000.0,1000000.0,18201.40844310317
2486,1000000.0,0.0,1000000.0,1000000.0,18201.378155375598
2487,1000000.0,0.0,1000000.0,1000000.0,18201.34786774881
2488,1000000.0,0.0,1000000.0,1000000.0,18201.317580222796
2489,1000000.0,0.0,1000000.0,1000000.0,18201.28729279756
2490,745699.4948407979,0.0,745699.4948407979,745699.4948407979,13969.775782764584
2491,837420.0838699954,0.0,837420.0838699954,837420.0838699954,15516.978027163408
2492,879022.8658188415,0.0,879022.8658188415,879022.8658188415,16210.649445648152
2493,876325.9924623572,0.0,876325.9924623572,876325.9924623572,16165.801440318766
2494,879022.8658188415,0.0,879022.8658188415,879022.8658188415,16210.595507526956
2495,879022.8658188415,0.0,879022.8658188415,879022.8658188415,16210.568534468244
2496,879022.8658188415,0.0,879022.8658188415,879022.8658188415,16210.54156149927
2497,879022.8658188415,0.0,879022.8658188415,879022.8658188415,16210.514588620035
2498,801964.4716158597,0.0,801964.4716158597,801964.4716158597,14921.682787833983
2499,875759.5821219684,0.0,875759.5821219684,875759.5821219684,16156.224236599759
2500,879022.8658188415,0.0,879022.8658188415,879022.8658188415,16210.433921474101
2501,879022.8658188415,0.0,879022.8658188415,879022.8658188415,16210.406948952985
2502,902749.5889456663,0.0,902749.5889456663,902749.5889456663,16603.840040786396
2503,1000000.0,0.0,1000000.0,1000000.0,18200.86928166258
2504,1000000.0,0.0,1000000.0,1000000.0,18200.83899572899
2505,1000000.0,0.0,1000000.0,1000000.0,18200.808709896162
2506,1000000.0,0.0,1000000.0,1000000.0,18200.77842416411
2507,934791.0911435016,0.0,934791.0911435016,934791.0911435016,17132.6196601525
2508,782095.3292785921,0.0,782095.3292785921,782095.3292785921,14586.314400201163
2509,935196.3524777195,0.0,935196.3524777195,935196.3524777195,17139.235369880716
2510,920640.5990742263,0.0,920640.5990742263,920640.5990742263,16899.288013651527
2511,1000000.0,0.0,1000000.0,1000000.0,18200.62841505561
2512,1000000.0,0.0,1000000.0,1000000.0,18200.59812992345
2513,1000000.0,0.0,1000000.0,1000000.0,18200.567844892055
2514,984973.8404428186,0.0,984973.8404428186,984973.8404428186,17955.372812312664
2515,721169.800302033,0.0,721169.800302033,721169.800302033,13551.051178511047
2516,836153.4370533031,0.0,836153.4370533031,836153.4370533031,15495.130549028474
2517,808741.3132517992,0.0,808741.3132517992,808741.3132517992,15035.233875353186
2518,867460.7401040641,0.0,867460.7401040641,867460.7401040641,16017.652421030283
2519,844755.1601325535,0.0,844755.1601325535,844755.1601325535,15638.908562365626
2520,785894.4397096793,0.0,785894.4397096793,785894.4397096793,14650.147537656367
2521,865304.2220684289,0.0,865304.2220684289,865304.2220684289,15981.623903708676
2522,878987.2373403333,0.0,878987.2373403333,878987.2373403333,16209.204394673736
2523,879022.8658188415,0.0,879022.8658188415,879022.8658188415,16209.769398029799
2524,879022.8658188415,0.0,879022.8658188415,879022.8658188415,16209.742427719457
2525,878048.2609434812,0.0,878048.2609434812,878048.2609434812,16193.521023099895
2526,903828.0209388997,0.0,903828.0209388997,903828.0209388997,16620.980037970086
2527,1000000.0,0.0,1000000.0,1000000.0,18200.103061901547
2528,1000000.0,0.0,1000000.0,1000000.0,18200.072778517322
2529,1000000.0,0.0,1000000.0,1000000.0,18200.042495233858
2530,969013.3047273057,0.0,969013.3047273057,969013.3047273057,17693.825429377463
2531,720312.3239558849,0.0,720312.3239558849,720312.3239558849,13535.996776833073
2532,649882.3048870065,0.0,649882.3048870065,649882.3048870065,12324.454184873079
2533,677679.8100502185,0.0,677679.8100502185,677679.8100502185,12804.554987808177
2534,730746.6697698697,0.0,730746.6697698697,730746.6697698697,13714.047748721508
2535,879243.9228576778,0.0,879243.9228576778,879243.9228576778,16213.11947915764
2536,912611.5276665621,0.0,912611.5276665621,912611.5276665621,16765.939320383863
2537,994974.460065005,0.0,994974.460065005,994974.460065005,18117.87518206622
2538,932238.630252992,0.0,932238.630252992,932238.630252992,17089.665352291824
2539,876083.3043839813,0.0,876083.3043839813,876083.3043839813,16160.486276119207
2540,879022.8658188415,0.0,879022.8658188415,879022.8658188415,16209.311280490469
2541,879022.8658188415,0.0,879022.8658188415,879022.8658188415,16209.284311704181
2542,879022.8658188415,0.0,879022.8658188415,879022.8658188415,16209.257343007615
2543,879022.8658188415,0.0,879022.8658188415,879022.8658188415,16209.230374400762
2544,879022.8658188415,0.0,879022.8658188415,879022.8658188415,16209.203405883629
2545,879022.8658188415,0.0,879022.8658188415,879022.8658188415,16209.17643745621
2546,879022.8658188415,0.0,879022.8658188415,879022.8658188415,16209.149469118507
2547,879022.8658188415,0.0,879022.8658188415,879022.8658188415,16209.122500870519
2548,879022.8658188415,0.0,879022.8658188415,879022.8658188415,16209.095532712243
2549,879022.8658188415,0.0,879022.8658188415,879022.8658188415,16209.068564643687
2550,883683.8654854137,0.0,883683.8654854137,883683.8654854137,16286.451438052234
2551,1000000.0,0.0,1000000.0,1000000.0,18199.38632460939
2552,1000000.0,0.0,1000000.0,1000000.0,18199.35604360982
2553,1000000.0,0.0,1000000.0,1000000.0,18199.325762710992
2554,1000000.0,0.0,1000000.0,1000000.0,18199.295481912908
2555,1000000.0,0.0,1000000.0,1000000.0,18199.26520121557
2556,1000000.0,0.0,1000000.0,1000000.0,18199.23492061898
2557,1000000.0,0.0,1000000.0,1000000.0,18199.204640123135
2558,1000000.0,0.0,1000000.0,1000000.0,18199.174359728033
2559,1000000.0,0.0,1000000.0,1000000.0,18199.144079433663
2560,1000000.0,0.0,1000000.0,1000000.0,18199.113799240044
2561,1000000.0,0.0,1000000.0,1000000.0,18199.08351914717
2562,253160.58375120172,0.0,253160.58375120172,253160.58375120172,5140.467700189886
2563,879022.8658188415,0.0,879022.8658188415,879022.8658188415,16208.689562854253
2564,878248.5098183058,0.0,878248.5098183058,878248.5098183058,16195.796537847758
2565,879020.8686427443,0.0,879020.8686427443,879020.8686427443,16208.602450642562
2566,878944.6622850124,0.0,878944.6622850124,878944.6622850124,16207.30937950131
2567,878939.7089275594,0.0,878939.7089275594,878939.7089275594,16207.200118903753
2568,732870.0772866909,0.0,732870.0772866909,732870.0772866909,13749.460085567398
2569,875396.7594575213,0.0,875396.7594575213,875396.7594575213,16148.265942661234
2570,879022.8658188415,0.0,879022.8658188415,879022.8658188415,16208.501277946643
2571,879022.8658188415,0.0,879022.8658188415,879022.8658188415,16208.474311854945
2572,854713.5331601026,0.0,854713.5331601026,854713.5331601026,15803.749472605543
2573,823272.1921905804,0.0,823272.1921905804,823272.1921905804,15277.806374908543
2574,908725.9498511027,0.0,908725.9498511027,908725.9498511027,16700.66380192989
2575,1000000.0,0.0,1000000.0,1000000.0,18198.668281329974
2576,1000000.0,0.0,1000000.0,1000000.0,18198.638002719308
2577,1000000.0,0.0,1000000.0,1000000.0,18198.60772420937
2578,1000000.0,0.0,1000000.0,1000000.0,18198.57744580017
2579,1000000.0,0.0,1000000.0,1000000.0,18198.547167491695
2580,1000000.0,0.0,1000000.0,1000000.0,18198.51688928396
2581,1000000.0,0.0,1000000.0,1000000.0,18198.48661117696
2582,1000000.0,0.0,1000000.0,1000000.0,18198.45633317068
2583,1000000.0,0.0,1000000.0,1000000.0,18198.42605526514
2584,1000000.0,0.0,1000000.0,1000000.0,18198.395777460326
2585,1000000.0,0.0,1000000.0,1000000.0,18198.36549975624
2586,1000000.0,0.0,1000000.0,1000000.0,18198.335222152888
2587,728598.0127495339,0.0,728598.0127495339,728598.0127495339,13676.165277730574
2588,857810.110206303,0.0,857810.110206303,857810.110206303,15854.966387721177
2589,747093.3482629346,0.0,747093.3482629346,747093.3482629346,13991.096821482803
2590,790490.6510380933,0.0,790490.6510380933,790490.6510380933,14725.98306692868
2591,835944.6785903766,0.0,835944.6785903766,835944.6785903766,15489.65074006917
2592,879022.8658188415,0.0,879022.8658188415,879022.8658188415,16207.905262235738
2593,874259.4877079249,0.0,874259.4877079249,874259.4877079249,16128.71097714966
2594,850650.3790457284,0.0,850650.3790457284,850650.3790457284,15735.363961242074
2595,741908.1995507693,0.0,741908.1995507693,741908.1995507693,13902.76115593566
2596,816744.8987100674,0.0,816744.8987100674,816744.8987100674,15167.680022831277
2597,759701.7329917471,0.0,759701.7329917471,759701.7329917471,14205.017108200263
2598,591921.218854833,0.0,591921.218854833,591921.218854833,11313.51074309895
2599,779461.7953286639,0.0,779461.7953286639,779461.7953286639,14539.540727319216
2600,698425.3854012082,0.0,698425.3854012082,698425.3854012082,13159.701285659517
2601,696752.3738489286,0.0,696752.3738489286,696752.3738489286,13130.973170257255
2602,637219.5602443471,0.0,637219.5602443471,637219.5602443471,12103.422300444416
2603,602879.0994881557,0.0,602879.0994881557,602879.0994881557,11505.182061923735
2604,624284.6398353063,0.0,624284.6398353063,624284.6398353063,11878.536837387326
2605,614241.5652398207,0.0,614241.5652398207,614241.5652398207,11703.538415230414
2606,621026.8597268772,0.0,621026.8597268772,621026.8597268772,11821.776434699706
2607,614868.7200980184,0.0,614868.7200980184,614868.7200980184,11714.436595188474
2608,615403.1939175875,0.0,615403.1939175875,615403.1939175875,11723.736845600737
2609,505156.1397455272,0.0,505156.1397455272,505156.1397455272,9779.218062571961
2610,164041.4327822705,0.0,164041.4327822705,164041.4327822705,3413.6312821194488
2611,118482.44433393922,0.0,118482.44433393922,118482.44433393922,2469.396513871796
2612,197034.95291905492,0.0,197034.95291905492,197034.95291905492,3881.8114647150123
2613,532514.8721568896,0.0,532514.8721568896,532514.8721568896,10265.760732061059
2614,832359.6553502395,0.0,832359.6553502395,832359.6553502395,15428.77298448809
2615,874392.2162479858,0.0,874392.2162479858,874392.2162479858,16130.046328706152
2616,879022.8658188415,0.0,879022.8658188415,879022.8658188415,16206.976201795222
2617,879022.8658188415,0.0,879022.8658188415,879022.8658188415,16206.94924077523
2618,879022.8658188415,0.0,879022.8658188415,879022.8658188415,16206.922279844917
2619,879022.8658188415,0.0,879022.8658188415,879022.8658188415,16206.895319004287
2620,879022.8658188415,0.0,879022.8658188415,879022.8658188415,16206.868358253336
2621,879022.8658188415,0.0,879022.8658188415,879022.8658188415,16206.841397592056
2622,915580.9577573695,0.0,915580.9577573695,915580.9577573695,16812.299738919584
2623,1000000.0,0.0,1000000.0,1000000.0,18196.918345974438
2624,1000000.0,0.0,1000000.0,1000000.0,18196.88807318391
2625,1000000.0,0.0,1000000.0,1000000.0,18196.857800494086
2626,1000000.0,0.0,1000000.0,1000000.0,18196.827527904963
2627,1000000.0,0.0,1000000.0,1000000.0,18196.79725541655
2628,1000000.0,0.0,1000000.0,1000000.0,18196.766983028832
2629,1000000.0,0.0,1000000.0,1000000.0,18196.736710741825
2630,1000000.0,0.0,1000000.0,1000000.0,18196.706438555517
2631,1000000.0,0.0,1000000.0,1000000.0,18196.676166469908
2632,1000000.0,0.0,1000000.0,1000000.0,18196.645894485002
2633,1000000.0,0.0,1000000.0,1000000.0,18196.6156226008
2634,1000000.0,0.0,1000000.0,1000000.0,18196.58535081729
2635,992711.088948214,0.0,992711.088948214,992711.088948214,18077.72395341576
2636,879022.8658188415,0.0,879022.8658188415,879022.8658188415,16206.432233672997
2637,879022.8658188415,0.0,879022.8658188415,879022.8658188415,16206.40527446235
2638,879022.8658188415,0.0,879022.8658188415,879022.8658188415,16206.378315341371
2639,879022.8658188415,0.0,879022.8658188415,879022.8658188415,16206.351356310064
2640,879022.8658188415,0.0,879022.8658188415,879022.8658188415,16206.324397368426
2641,879022.8658188415,0.0,879022.8658188415,879022.8658188415,16206.29743851645
2642,879022.8658188415,0.0,879022.8658188415,879022.8658188415,16206.270479754148
2643,879022.8658188415,0.0,879022.8658188415,879022.8658188415,16206.243521081515
2644,879022.8658188415,0.0,879022.8658188415,879022.8658188415,16206.216562498545
2645,879022.8658188415,0.0,879022.8658188415,879022.8658188415,16206.189604005247
2646,920217.0652694717,0.0,920217.0652694717,920217.0652694717,16888.14935245632
2647,1000000.0,0.0,1000000.0,1000000.0,18196.196095040883
2648,1000000.0,0.0,1000000.0,1000000.0,18196.165824652926
2649,1000000.0,0.0,1000000.0,1000000.0,18196.13555436567
2650,1000000.0,0.0,1000000.0,1000000.0,18196.1052841791
2651,1000000.0,0.0,1000000.0,1000000.0,18196.075014093218
2652,1000000.0,0.0,1000000.0,1000000.0,18196.044744108036
2653,1000000.0,0.0,1000000.0,1000000.0,18196.01447422354
2654,1000000.0,0.0,1000000.0,1000000.0,18195.98420443973
2655,1000000.0,0.0,1000000.0,1000000.0,18195.953934756617
2656,914911.7271282881,0.0,914911.7271282881,914911.7271282881,16800.293540696926
2657,680603.261974333,0.0,680603.261974333,680603.261974333,12851.944571451118
2658,469688.6423960549,0.0,469688.6423960549,469688.6423960549,9142.73857579825
2659,487685.06417583715,0.0,487685.06417583715,487685.06417583715,9465.790343434253
2660,854839.2265810536,0.0,854839.2265810536,854839.2265810536,15803.243103085842
2661,879022.8658188415,0.0,879022.8658188415,879022.8658188415,16205.75833431371
2662,879022.8658188415,0.0,879022.8658188415,879022.8658188415,16205.731377344497
2663,879022.8658188415,0.0,879022.8658188415,879022.8658188415,16205.704420464941
2664,879022.8658188415,0.0,879022.8658188415,879022.8658188415,16205.677463675042
2665,879022.8658188415,0.0,879022.8658188415,879022.8658188415,16205.650506974805
2666,879022.8658188415,0.0,879022.8658188415,879022.8658188415,16205.623550364222
2667,879022.8658188415,0.0,879022.8658188415,879022.8658188415,16205.596593843298
2668,879022.8658188415,0.0,879022.8658188415,879022.8658188415,16205.569637412033
2669,879022.8658188415,0.0,879022.8658188415,879022.8658188415,16205.542681070421
2670,915050.1283061407,0.0,915050.1283061407,915050.1283061407,16802.19283053116
2671,1000000.0,0.0,1000000.0,1000000.0,18195.479273010184
2672,1000000.0,0.0,1000000.0,1000000.0,18195.449005006656
2673,1000000.0,0.0,1000000.0,1000000.0,18195.418737103802
2674,1000000.0,0.0,1000000.0,1000000.0,18195.38846930163
2675,1000000.0,0.0,1000000.0,1000000.0,18195.35820160014
2676,1000000.0,0.0,1000000.0,1000000.0,18195.327933999324
2677,1000000.0,0.0,1000000.0,1000000.0,18195.29766649919
2678,1000000.0,0.0,1000000.0,1000000.0,18195.267399099735
2679,1000000.0,0.0,1000000.0,1000000.0,18195.237131800965
2680,1000000.0,0.0,1000000.0,1000000.0,18195.20686460286
2681,1000000.0,0.0,1000000.0,1000000.0,18195.176597505444
2682,1000000.0,0.0,1000000.0,1000000.0,18195.14633050869
2683,921746.4417173619,0.0,921746.4417173619,921746.4417173619,16912.339914908047
2684,879022.8658188415,0.0,879022.8658188415,879022.8658188415,16205.133793402041
2685,879022.8658188415,0.0,879022.8658188415,879022.8658188415,16205.106838510008
2686,879022.8658188415,0.0,879022.8658188415,879022.8658188415,16205.079883707625
2687,879022.8658188415,0.0,879022.8658188415,879022.8658188415,16205.052928994888
2688,879022.8658188415,0.0,879022.8658188415,879022.8658188415,16204.983553876624
2689,879022.8658188415,0.0,879022.8658188415,879022.8658188415,16204.956599484252
2690,879022.8658188415,0.0,879022.8658188415,879022.8658188415,16204.929645181519
2691,879022.8658188415,0.0,879022.8658188415,879022.8658188415,16204.902690968436
2692,879022.8658188415,0.0,879022.8658188415,879022.8658188415,16204.875736844999
2693,241069.43133294326,0.0,241069.43133294326,241069.43133294326,4908.209186499367
2694,396917.58331679273,0.0,396917.58331679273,396917.58331679273,7821.874017653328
2695,619589.1725046277,0.0,619589.1725046277,619589.1725046277,11794.676782242503
2696,873688.5180930211,0.0,873688.5180930211,873688.5180930211,16116.127178187802
2697,938123.9975476852,0.0,938123.9975476852,938123.9975476852,17181.68924533664
2698,1000000.0,0.0,1000000.0,1000000.0,18194.6264882259
2699,1000000.0,0.0,1000000.0,1000000.0,18194.596223058907
2700,1000000.0,0.0,1000000.0,1000000.0,18194.565957992585
2701,1000000.0,0.0,1000000.0,1000000.0,18194.53569302693
2702,1000000.0,0.0,1000000.0,1000000.0,18194.50542816194
2703,1000000.0,0.0,1000000.0,1000000.0,18194.47516339762
2704,1000000.0,0.0,1000000.0,1000000.0,18194.44489873396
2705,940436.8596543845,0.0,940436.8596543845,940436.8596543845,17219.500434385838
2706,864644.9651187155,0.0,864644.9651187155,864644.9651187155,15965.391804528177
2707,790272.1348913923,0.0,790272.1348913923,790272.1348913923,14719.098526431102
2708,803973.6352148438,0.0,803973.6352148438,803973.6352148438,14949.883170145273
2709,841385.7918071175,0.0,841385.7918071175,841385.7918071175,15577.27559286118
2710,869796.9321238587,0.0,869796.9321238587,869796.9321238587,16051.030683918501
2711,875067.42084377,0.0,875067.42084377,875067.42084377,16138.644308220088
2712,875327.165565013,0.0,875327.165565013,875327.165565013,16142.934623847097
2713,877241.3558496073,0.0,877241.3558496073,877241.3558496073,16174.717271324667
2714,878943.709067119,0.0,878943.709067119,878943.709067119,16202.971028659686
2715,877839.5667566303,0.0,877839.5667566303,877839.5667566303,16184.602251899245
2716,874970.1531467723,0.0,874970.1531467723,874970.1531467723,16136.893363281157
2717,874156.060685662,0.0,874156.060685662,874156.060685662,16123.334339961848
2718,909174.6468852705,0.0,909174.6468852705,909174.6468852705,16703.750726821712
2719,1000000.0,0.0,1000000.0,1000000.0,18193.997055252315
2720,1000000.0,0.0,1000000.0,1000000.0,18193.96679217888
2721,1000000.0,0.0,1000000.0,1000000.0,18193.93652920611
2722,1000000.0,0.0,1000000.0,1000000.0,18193.906266333994
2723,986295.1407609669,0.0,986295.1407609669,986295.1407609669,17970.364477142713
2724,743876.8757648402,0.0,743876.8757648402,743876.8757648402,13932.92758022593
2725,687185.4737100995,0.0,687185.4737100995,687185.4737100995,12963.63351830781
2726,660611.1867262596,0.0,660611.1867262596,660611.1867262596,12505.662190984767
2727,395941.4020096633,0.0,395941.4020096633,395941.4020096633,7803.546544197144
2728,590024.6252813552,0.0,590024.6252813552,590024.6252813552,11277.50801669215
2729,274002.2069780453,0.0,274002.2069780453,274002.2069780453,5534.6510130560755
2730,132484.43574568717,0.0,132484.43574568717,132484.43574568717,2763.068270834126
2731,102046.3091095877,0.0,102046.3091095877,102046.3091095877,2126.319570174324
2732,163600.51099868523,0.0,163600.51099868523,163600.51099868523,3195.2420007117357
2733,123453.9849285826,0.0,123453.9849285826,123453.9849285826,2575.7690710219654
2734,129760.2090195577,0.0,129760.2090195577,129760.2090195577,2680.867048593308
2735,101593.3492891553,0.0,101593.3492891553,101593.3492891553,2117.355315641852
2736,101049.49231230642,0.0,101049.49231230642,101049.49231230642,2106.6016687162873
2737,128550.64929110101,0.0,128550.64929110101,128550.64929110101,2573.2845218341645
2738,218246.19783318465,0.0,218246.19783318465,218246.19783318465,4351.701052301022
2739,311959.7296513937,0.0,311959.7296513937,311959.7296513937,6248.711691839696
2740,374310.2709488196,0.0,374310.2709488196,374310.2709488196,7405.881772566749
2741,233613.0838907038,0.0,233613.0838907038,233613.0838907038,4764.648213441561
2742,187013.21848191274,0.0,187013.21848191274,187013.21848191274,3863.1326696832725
2743,236365.71064304732,0.0,236365.71064304732,236365.71064304732,4817.407639824065
2744,339335.7057022698,0.0,339335.7057022698,339335.7057022698,6759.141289980745
2745,632333.5150351084,0.0,632333.5150351084,632333.5150351084,12014.713464410665
2746,526824.8076741997,0.0,526824.8076741997,526824.8076741997,10161.821368396477
2747,492609.2231842703,0.0,492609.2231842703,492609.2231842703,9551.941475274045
2748,403003.60400438675,0.0,403003.60400438675,403003.60400438675,7931.984854694581
2749,492935.43089293025,0.0,492935.43089293025,492935.43089293025,9557.746175870283
2750,498408.9433495181,0.0,498408.9433495181,498408.9433495181,9655.59403030723
2751,466215.75568581023,0.0,466215.75568581023,466215.75568581023,9078.24039528036
2752,1000000.0,0.0,1000000.0,1000000.0,18192.09266190222
2753,1000000.0,0.0,1000000.0,1000000.0,18192.062405158627
2754,895179.3505923529,0.0,895179.3505923529,895179.3505923529,16470.350721802137
2755,680156.0718045543,0.0,680156.0718045543,680156.0718045543,12841.395732665094
2756,814191.8315833956,0.0,814191.8315833956,814191.8315833956,15119.656537822508
2757,751106.0801370674,0.0,751106.0801370674,751106.0801370674,14054.284254499635
2758,715801.4573579255,0.0,715801.4573579255,715801.4573579255,13452.722298001365
2759,870302.3003844485,0.0,870302.3003844485,870302.3003844485,16057.305900148353
2760,873464.9400967796,0.0,873464.9400967796,873464.9400967796,16109.86776723294
2761,878416.4643827463,0.0,878416.4643827463,878416.4643827463,16192.119213312339
2762,879022.8658188415,0.0,879022.8658188415,879022.8658188415,16202.16401361299
2763,879022.8658188415,0.0,879022.8658188415,879022.8658188415,16202.137068593547
2764,879022.8658188415,0.0,879022.8658188415,879022.8658188415,16202.110123663711
2765,879022.8658188415,0.0,879022.8658188415,879022.8658188415,16202.083178823468
2766,905403.0505037082,0.0,905403.0505037082,905403.0505037082,16639.223633810467
2767,1000000.0,0.0,1000000.0,1000000.0,18191.64587278494
2768,1000000.0,0.0,1000000.0,1000000.0,18191.61561752721
2769,1000000.0,0.0,1000000.0,1000000.0,18191.58536237011
2770,1000000.0,0.0,1000000.0,1000000.0,18191.55510731362
2771,1000000.0,0.0,1000000.0,1000000.0,18191.524852357747
2772,1000000.0,0.0,1000000.0,1000000.0,18191.49459750249
2773,1000000.0,0.0,1000000.0,1000000.0,18191.464342747848
2774,1000000.0,0.0,1000000.0,1000000.0,18191.434088093825
2775,1000000.0,0.0,1000000.0,1000000.0,18191.403833540408
2776,1000000.0,0.0,1000000.0,1000000.0,18191.373579087616
2777,928498.5263728441,0.0,928498.5263728441,928498.5263728441,17020.095602236124
2778,826397.9537820115,0.0,826397.9537820115,826397.9537820115,15323.85102763108
2779,873636.0123098829,0.0,873636.0123098829,873636.0123098829,16112.198522539094
2780,875256.155654355,0.0,875256.155654355,875256.155654355,16139.099208217327
2781,878987.5217924824,0.0,878987.5217924824,878987.5217924824,16201.061456418567
2782,877515.1991942433,0.0,877515.1991942433,877515.1991942433,16176.579507862723
2783,876907.6806090366,0.0,876907.6806090366,876907.6806090366,16166.46009778536
2784,854659.6188385992,0.0,854659.6188385992,854659.6188385992,15796.123864568995
2785,864472.6570146949,0.0,864472.6570146949,864472.6570146949,15959.602171628168
2786,444990.45067777,0.0,444990.45067777,444990.45067777,8694.7187622779
2787,553630.801090294,0.0,553630.801090294,553630.801090294,10635.700808286487
2788,695694.6116384055,0.0,695694.6116384055,695694.6116384055,13107.688319074769
2789,786622.1501509452,0.0,786622.1501509452,786622.1501509452,14654.740619312317
2790,792339.084900834,0.0,792339.084900834,792339.084900834,14751.135120170453
2791,806533.415400052,0.0,806533.415400052,806533.415400052,14990.08326780277
2792,933055.8809713086,0.0,933055.8809713086,933055.8809713086,17094.724881404847
2793,918238.1390695041,0.0,918238.1390695041,918238.1390695041,16850.48726339624
2794,947855.9369240662,0.0,947855.9369240662,947855.9369240662,17338.006236830068
2795,705049.430409492,0.0,705049.430409492,705049.430409492,13267.904142779857
2796,762641.9300808475,0.0,762641.9300808475,762641.9300808475,14249.05948361737
2797,788374.2306060353,0.0,788374.2306060353,788374.2306060353,14684.10444950823
2798,756801.5194002191,0.0,756801.5194002191,756801.5194002191,14149.984309520934
2799,737328.6512732238,0.0,737328.6512732238,737328.6512732238,13819.02394497076
2800,722385.0710464919,0.0,722385.0710464919,722385.0710464919,13564.23297467363
2801,684491.5800385447,0.0,684491.5800385447,684491.5800385447,12914.972533668293
2802,425018.6397131235,0.0,425018.6397131235,425018.6397131235,8332.388188053757
2803,432447.91911900544,0.0,432447.91911900544,432447.91911900544,8467.268450805057
2804,586917.388364467,0.0,586917.388364467,586917.388364467,11220.978867732962
2805,776387.3133033073,0.0,776387.3133033073,776387.3133033073,14481.496383682546
2806,759435.5908978184,0.0,759435.5908978184,759435.5908978184,14194.473839845255
2807,371212.7004534096,0.0,371212.7004534096,371212.7004534096,7347.979962288817
2808,564083.1926319015,0.0,564083.1926319015,564083.1926319015,10819.6417232601
2809,650539.9264547697,0.0,650539.9264547697,650539.9264547697,12329.098502239953
2810,722670.5144019978,0.0,722670.5144019978,722670.5144019978,13568.884432458657
2811,833833.8580082894,0.0,833833.8580082894,833833.8580082894,15447.537461715801
2812,874354.0116401545,0.0,874354.0116401545,874354.0116401545,16123.263647551583
2813,875491.5590207457,0.0,875491.5590207457,875491.5590207457,16142.140948401922
2814,923619.8407362784,0.0,923619.8407362784,923619.8407362784,16938.673934463466
2815,1000000.0,0.0,1000000.0,1000000.0,18190.2266169627
2816,1000000.0,0.0,1000000.0,1000000.0,18190.196366424683
2817,1000000.0,0.0,1000000.0,1000000.0,18190.166115987275
2818,1000000.0,0.0,1000000.0,1000000.0,18190.135865650445
2819,896672.209862022,0.0,896672.209862022,896672.209862022,16493.308771574288
2820,660634.2443895319,0.0,660634.2443895319,660634.2443895319,12503.405558066663
2821,393924.5611926405,0.0,393924.5611926405,393924.5611926405,7764.897314306383
2822,525898.0823334305,0.0,525898.0823334305,525898.0823334305,10144.036084442892
2823,446684.8124439897,0.0,446684.8124439897,446684.8124439897,8724.800480048723
2824,601355.4537740971,0.0,601355.4537740971,601355.4537740971,11473.334490410283
2825,612219.351548428,0.0,612219.351548428,612219.351548428,11662.995338141665
2826,230172.61030886008,0.0,230172.61030886008,230172.61030886008,4697.8892282616125
2827,390641.6860037964,0.0,390641.6860037964,390641.6860037964,7704.678433494542
2828,862168.8104460123,0.0,862168.8104460123,862168.8104460123,15920.124775520158
2829,878662.4658751636,0.0,878662.4658751636,878662.4658751636,16194.39610735294
2830,879022.8658188415,0.0,879022.8658188415,879022.8658188415,16200.354347456865
2831,879022.8658188415,0.0,879022.8658188415,879022.8658188415,16200.327408454703
2832,879022.8658188415,0.0,879022.8658188415,879022.8658188415,16200.300469542104
2833,879022.8658188415,0.0,879022.8658188415,879022.8658188415,16200.273530719078
2834,879022.8658188415,0.0,879022.8658188415,879022.8658188415,16200.246591985626
2835,879022.8658188415,0.0,879022.8658188415,879022.8658188415,16200.219653341734
2836,879022.8658188415,0.0,879022.8658188415,879022.8658188415,16200.192714787412
2837,879022.8658188415,0.0,879022.8658188415,879022.8658188415,16200.165776322656
2838,927595.2617624396,0.0,927595.2617624396,927595.2617624396,17003.526069478583
2839,1000000.0,0.0,1000000.0,1000000.0,18189.521156707728
2840,1000000.0,0.0,1000000.0,1000000.0,18189.490908515578
2841,1000000.0,0.0,1000000.0,1000000.0,18189.460660424007
2842,1000000.0,0.0,1000000.0,1000000.0,18189.430412433027
2843,1000000.0,0.0,1000000.0,1000000.0,18189.40016454261
2844,838495.3058586203,0.0,838495.3058586203,838495.3058586203,15524.665834541622
2845,838090.1901435938,0.0,838090.1901435938,838090.1901435938,15517.866084708647
2846,742918.8259430684,0.0,742918.8259430684,742918.8259430684,13913.06003183536
2847,734618.1179221612,0.0,734618.1179221612,734618.1179221612,13771.763763558636
2848,680307.5187599164,0.0,680307.5187599164,680307.5187599164,12841.986478074517
2849,561952.169938822,0.0,561952.169938822,561952.169938822,10781.338756992895
2850,282507.601755774,0.0,282507.601755774,282507.601755774,5693.899956798245
2851,525739.6337787427,0.0,525739.6337787427,525739.6337787427,10140.718234539387
2852,879022.8658188415,0.0,879022.8658188415,879022.8658188415,16199.76617681571
2853,879022.8658188415,0.0,879022.8658188415,879022.8658188415,16199.739239769113
2854,879022.8658188415,0.0,879022.8658188415,879022.8658188415,16199.712302812079
2855,879022.8658188415,0.0,879022.8658188415,879022.8658188415,16199.685365944599
2856,879022.8658188415,0.0,879022.8658188415,879022.8658188415,16199.616037475416
2857,879022.8658188415,0.0,879022.8658188415,879022.8658188415,16199.589100927977
2858,879022.8658188415,0.0,879022.8658188415,879022.8658188415,16199.562164470095
2859,879022.8658188415,0.0,879022.8658188415,879022.8658188415,16199.535228101771
2860,879022.8658188415,0.0,879022.8658188415,879022.8658188415,16199.508291823004
2861,879022.8658188415,0.0,879022.8658188415,879022.8658188415,16199.48135563379
2862,927638.9958827795,0.0,927638.9958827795,927638.9958827795,17003.532056926844
2863,1000000.0,0.0,1000000.0,1000000.0,18188.762759487305
2864,1000000.0,0.0,1000000.0,1000000.0,18188.73251381692
2865,1000000.0,0.0,1000000.0,1000000.0,18188.70226824711
2866,1000000.0,0.0,1000000.0,1000000.0,18188.672022777868
2867,1000000.0,0.0,1000000.0,1000000.0,18188.641777409193
2868,1000000.0,0.0,1000000.0,1000000.0,18188.61153214109
2869,1000000.0,0.0,1000000.0,1000000.0,18188.58128697355
2870,1000000.0,0.0,1000000.0,1000000.0,18188.551041906576
2871,1000000.0,0.0,1000000.0,1000000.0,18188.52079694017
2872,1000000.0,0.0,1000000.0,1000000.0,18188.49055207433
2873,1000000.0,0.0,1000000.0,1000000.0,18188.46030730905
2874,1000000.0,0.0,1000000.0,1000000.0,18188.430062644344
2875,943193.1142320031,0.0,943193.1142320031,943193.1142320031,17259.073743096615
2876,879022.8658188415,0.0,879022.8658188415,879022.8658188415,16199.072672075086
2877,879022.8658188415,0.0,879022.8658188415,879022.8658188415,16199.045737334161
2878,732169.236456865,0.0,732169.236456865,732169.236456865,13729.28812252687
2879,731055.313349398,0.0,731055.313349398,731055.313349398,13710.282907006153
2880,872282.4526314363,0.0,872282.4526314363,872282.4526314363,16086.976558459191
2881,765046.1292160196,0.0,765046.1292160196,765046.1292160196,14287.729288827395
2882,879022.8658188415,0.0,879022.8658188415,879022.8658188415,16198.912385082122
2883,879022.8658188415,0.0,879022.8658188415,879022.8658188415,16198.88545087409
2884,879022.8658188415,0.0,879022.8658188415,879022.8658188415,16198.858516755605
2885,879022.8658188415,0.0,879022.8658188415,879022.8658188415,16198.831582726669
2886,924805.5478327814,0.0,924805.5478327814,924805.5478327814,16956.166854809308
2887,1000000.0,0.0,1000000.0,1000000.0,18188.042763888385
2888,1000000.0,0.0,1000000.0,1000000.0,18188.012520612003
2889,1000000.0,0.0,1000000.0,1000000.0,18187.98227743618
2890,1000000.0,0.0,1000000.0,1000000.0,18187.952034360907
2891,1000000.0,0.0,1000000.0,1000000.0,18187.921791386198
2892,796738.5491192121,0.0,796738.5491192121,796738.5491192121,14822.71001254466
2893,671327.8657298954,0.0,671327.8657298954,671327.8657298954,12686.328481400582
2894,596072.5830370112,0.0,596072.5830370112,596072.5830370112,11379.546743636325
2895,557669.7629241353,0.0,557669.7629241353,557669.7629241353,10704.96031670648
2896,521393.8403480685,0.0,521393.8403480685,521393.8403480685,10062.689439413025
2897,103028.75377777232,0.0,103028.75377777232,103028.75377777232,2145.0543168681475
2898,140636.18777417374,0.0,140636.18777417374,140636.18777417374,2788.2862952333217
2899,117218.15464303554,0.0,117218.15464303554,117218.15464303554,2442.986630639173
2900,551964.0054663752,0.0,551964.0054663752,551964.0054663752,10139.424744880953
2901,713723.7453122365,0.0,713723.7453122365,713723.7453122365,13413.432036639111
2902,758587.2237011403,0.0,758587.2237011403,758587.2237011403,14177.24658180253
2903,842860.5242671471,0.0,842860.5242671471,842860.5242671471,15595.48467121495
2904,864027.656395166,0.0,864027.656395166,864027.656395166,15948.437607688784
2905,855616.4573540342,0.0,855616.4573540342,855616.4573540342,15808.299627996243
2906,873498.412046012,0.0,873498.412046012,873498.412046012,16105.908151114247
2907,875647.2619036734,0.0,875647.2619036734,875647.2619036734,16141.587529086784
2908,875883.4093236582,0.0,875883.4093236582,875883.4093236582,16145.483824737052
2909,879008.1893648206,0.0,879008.1893648206,879008.1893648206,16197.354510421992
2910,882207.2749242288,0.0,882207.2749242288,882207.2749242288,16250.431116368889
2911,894551.5448468145,0.0,894551.5448468145,894551.5448468145,16455.049510689434
2912,953586.3233635573,0.0,953586.3233635573,953586.3233635573,17428.03088396335
2913,943767.7120137361,0.0,943767.7120137361,943767.7120137361,17266.811803152854
2914,1000000.0,0.0,1000000.0,1000000.0,18186.58614682612
2915,976419.6165159146,0.0,976419.6165159146,976419.6165159146,17801.82877523295
2916,995605.717058688,0.0,995605.717058688,995605.717058688,18114.936504685713
2917,1000000.0,0.0,1000000.0,1000000.0,18186.495521727713
2918,1000000.0,0.0,1000000.0,1000000.0,18186.46528359278
2919,1000000.0,0.0,1000000.0,1000000.0,18186.435045558377
2920,1000000.0,0.0,1000000.0,1000000.0,18186.40480762451
2921,1000000.0,0.0,1000000.0,1000000.0,18186.374569791176
2922,1000000.0,0.0,1000000.0,1000000.0,18186.344332058365
2923,963371.827415176,0.0,963371.827415176,963371.827415176,17588.10634636517
2924,879022.8658188415,0.0,879022.8658188415,879022.8658188415,16197.190380579199
2925,878716.8993837051,0.0,878716.8993837051,878716.8993837051,16192.083174858957
2926,874548.4146346393,0.0,874548.4146346393,874548.4146346393,16122.8168349918
2927,874923.524689172,0.0,874923.524689172,874923.524689172,16129.022654061364
2928,879022.8658188415,0.0,879022.8658188415,879022.8658188415,16197.0826943521
2929,879022.8658188415,0.0,879022.8658188415,879022.8658188415,16197.05576622411
2930,876584.4899777737,0.0,876584.4899777737,876584.4899777737,16156.535056911785
2931,875095.92069646,0.0,875095.92069646,875095.92069646,16131.779654452166
2932,876751.9195090915,0.0,876751.9195090915,876751.9195090915,16159.26233906389
2933,874394.8436575371,0.0,874394.8436575371,874394.8436575371,16120.077419401945
2934,925611.4072703946,0.0,925611.4072703946,925611.4072703946,16967.484329999854
2935,1000000.0,0.0,1000000.0,1000000.0,18185.955666124497
2936,1000000.0,0.0,1000000.0,1000000.0,18185.92542978438
2937,984890.8450211063,0.0,984890.8450211063,984890.8450211063,17939.549978604035
2938,841106.8342236495,0.0,841106.8342236495,841106.8342236495,15565.269077871011
2939,861491.823185241,0.0,861491.823185241,861491.823185241,15905.285262382187
2940,832165.8182482652,0.0,832165.8182482652,832165.8182482652,15415.6984292118
2941,782136.4976086102,0.0,782136.4976086102,782136.4976086102,14574.73762479307
2942,791267.3850784702,0.0,791267.3850784702,791267.3850784702,14728.745882060262
2943,718617.2341049013,0.0,718617.2341049013,718617.2341049013,13496.09327042239
2944,699498.7431532418,0.0,699498.7431532418,699498.7431532418,13168.94138797333
2945,625912.1987417291,0.0,625912.1987417291,625912.1987417291,11898.550921074415
2946,151607.51908358914,0.0,151607.51908358914,151607.51908358914,3165.2502263534902
2947,31997.07697067023,0.0,31997.07697067023,31997.07697067023,668.8865717042106
2948,231771.70171229885,0.0,231771.70171229885,231771.70171229885,4105.286509178085
2949,419966.19507567777,0.0,419966.19507567777,419966.19507567777,8237.547150578503
2950,631566.2082883848,0.0,631566.2082883848,631566.2082883848,11996.021313222103
2951,820541.3533926732,0.0,820541.3533926732,820541.3533926732,15219.831454417455
2952,851780.0720804464,0.0,851780.0720804464,851780.0720804464,15742.215385253665
2953,878992.8503752762,0.0,878992.8503752762,878992.8503752762,16195.01408127876
2954,879008.4530805605,0.0,879008.4530805605,879008.4530805605,16195.246197524079
2955,878941.7869761634,0.0,878941.7869761634,878941.7869761634,16194.112471908027
2956,859658.4956368502,0.0,859658.4956368502,859658.4956368502,15873.421794068976
2957,874155.3130064523,0.0,874155.3130064523,874155.3130064523,16114.560785118425
2958,837567.6551971922,0.0,837567.6551971922,837567.6551971922,15504.73158575831
2959,819255.3468930272,0.0,819255.3468930272,819255.3468930272,15198.061894226801
2960,616045.5837795053,0.0,616045.5837795053,616045.5837795053,11725.840800111067
2961,583354.0501004256,0.0,583354.0501004256,583354.0501004256,11154.381357698845
2962,608815.7040732588,0.0,608815.7040732588,608815.7040732588,11599.753021934752
2963,577561.7050208718,0.0,577561.7050208718,577561.7050208718,11052.695068865136
2964,630876.9732038118,0.0,630876.9732038118,630876.9732038118,11983.766279429552
2965,626785.9483761067,0.0,626785.9483761067,626785.9483761067,11912.656488196173
2966,615280.5934578573,0.0,615280.5934578573,615280.5934578573,11712.395613780312
2967,637763.0564880042,0.0,637763.0564880042,637763.0564880042,12103.235249232705
2968,540818.0350755624,0.0,540818.0350755624,540818.0350755624,10404.914735380886
2969,565155.8647249229,0.0,565155.8647249229,565155.8647249229,10834.464984297463
2970,173652.93055164907,0.0,173652.93055164907,173652.93055164907,3599.6815995994543
2971,241817.31306733482,0.0,241817.31306733482,241817.31306733482,4919.22096304501
2972,523994.65778847603,0.0,523994.65778847603,523994.65778847603,10106.602869446646
2973,566387.003740639,0.0,566387.003740639,566387.003740639,10856.066572135398
2974,775704.3083672669,0.0,775704.3083672669,775704.3083672669,14464.482105961823
2975,832812.2903621207,0.0,832812.2903621207,832812.2903621207,15424.77376456821
2976,863168.8624752776,0.0,863168.8624752776,863168.8624752776,15931.360629673027
2977,821880.3543528519,0.0,821880.3543528519,821880.3543528519,15241.635832019356
2978,863931.9312778589,0.0,863931.9312778589,863931.9312778589,15944.008787481967
2979,874374.0206891339,0.0,874374.0206891339,874374.0206891339,16117.623090611414
2980,830390.9704671638,0.0,830390.9704671638,830390.9704671638,15384.12334885954
2981,776022.6067179856,0.0,776022.6067179856,776022.6067179856,14469.691885882092
2982,795157.8150617199,0.0,795157.8150617199,795157.8150617199,14792.496291879386
2983,824444.0196260044,0.0,824444.0196260044,824444.0196260044,15284.450354106186
2984,809591.1421073303,0.0,809591.1421073303,809591.1421073303,15035.227183559531
2985,853428.0694600081,0.0,853428.0694600081,853428.0694600081,15768.849092701961
2986,758794.2141806053,0.0,758794.2141806053,758794.2141806053,14177.965808558114
2987,788607.5133868936,0.0,788607.5133868936,788607.5133868936,14681.988099801089
2988,739893.3421684129,0.0,739893.3421684129,739893.3421684129,13856.955430206037
2989,720834.1032792884,0.0,720834.1032792884,720834.1032792884,13532.14886754332
2990,690222.4045567693,0.0,690222.4045567693,690222.4045567693,13008.05353417622
2991,665020.229151662,0.0,665020.229151662,665020.229151662,12574.273293122274
2992,617881.5469286074,0.0,617881.5469286074,617881.5469286074,11757.191073502403
2993,374509.139263322,0.0,374509.139263322,374509.139263322,7405.476305227305
2994,102963.48896466114,0.0,102963.48896466114,102963.48896466114,2143.2649315346434
2995,116182.37936497152,0.0,116182.37936497152,116182.37936497152,2364.337657523296
2996,183972.4628374321,0.0,183972.4628374321,183972.4628374321,3634.995325032528
2997,212338.28984422918,0.0,212338.28984422918,212338.28984422918,4352.391072344738
2998,197986.691156266,0.0,197986.691156266,197986.691156266,4074.393152533423
2999,195050.25141063958,0.0,195050.25141063958,195050.25141063958,4017.3171547135144
3000,143684.59064414626,0.0,143684.59064414626,143684.59064414626,2999.5411513991667
3001,99407.16271297268,0.0,99407.16271297268,99407.16271297268,2072.972413582554
3002,253170.4353157787,0.0,253170.4353157787,253170.4353157787,4820.467993569897
3003,538167.4948556613,0.0,538167.4948556613,538167.4948556613,10356.835805384539
3004,408147.85979607975,0.0,408147.85979607975,408147.85979607975,8021.069826908427
3005,380879.0678047167,0.0,380879.0678047167,380879.0678047167,7521.995664759148
3006,616014.5938605254,0.0,616014.5938605254,616014.5938605254,11723.78792292159
3007,749235.5781705162,0.0,749235.5781705162,749235.5781705162,14014.582877155124
3008,798913.1584445847,0.0,798913.1584445847,798913.1584445847,14854.333866141722
3009,446816.9259571062,0.0,446816.9259571062,446816.9259571062,8723.011950630893
3010,530094.5210908914,0.0,530094.5210908914,530094.5210908914,10213.666276598255
3011,623858.0907885879,0.0,623858.0907885879,623858.0907885879,11860.214171144899
3012,440445.43007709953,0.0,440445.43007709953,440445.43007709953,8607.744237571065
3013,171596.30894508187,0.0,171596.30894508187,171596.30894508187,3558.82438211654
3014,63366.328603294714,0.0,63366.328603294714,63366.328603294714,1315.845621746076
3015,56816.19532364375,0.0,56816.19532364375,56816.19532364375,1186.5439982124367
3016,287332.0271567679,0.0,287332.0271567679,287332.0271567679,5173.850011936457
3017,436710.1375160213,0.0,436710.1375160213,436710.1375160213,8539.646425444987
3018,267137.32690067415,0.0,267137.32690067415,267137.32690067415,5400.291729944967
3019,219828.24855528475,0.0,219828.24855528475,219828.24855528475,4496.359155222663
3020,341468.93168966565,0.0,341468.93168966565,341468.93168966565,6794.039500745014
3021,610662.499833534,0.0,610662.499833534,610662.499833534,11629.695979147356
3022,725882.6175040712,0.0,725882.6175040712,725882.6175040712,13616.255138001288
3023,409972.05621624185,0.0,409972.05621624185,409972.05621624185,8053.7021959861195
3024,606787.0320944032,0.0,606787.0320944032,606787.0320944032,11562.0020288384
3025,850830.7272742654,0.0,850830.7272742654,850830.7272742654,15722.997608885178
3026,874090.1417301081,0.0,874090.1417301081,874090.1417301081,16110.128075345165
3027,875571.5345670951,0.0,875571.5345670951,875571.5345670951,16134.708026642844
3028,874469.6665579567,0.0,874469.6665579567,874469.6665579567,16116.379202207561
3029,874246.739608691,0.0,874246.739608691,874246.739608691,16112.649199327667
3030,812250.875726356,0.0,812250.875726356,812250.875726356,15077.304467649607
3031,1000000.0,0.0,1000000.0,1000000.0,18180.427696468254
3032,1000000.0,0.0,1000000.0,1000000.0,18180.397478496245
3033,1000000.0,0.0,1000000.0,1000000.0,18180.367260624662
3034,1000000.0,0.0,1000000.0,1000000.0,18180.337042853513
3035,1000000.0,0.0,1000000.0,1000000.0,18180.30682518279
3036,1000000.0,0.0,1000000.0,1000000.0,18180.2766076125
3037,1000000.0,0.0,1000000.0,1000000.0,18180.24639014264
3038,1000000.0,0.0,1000000.0,1000000.0,18180.21617277321
3039,1000000.0,0.0,1000000.0,1000000.0,18180.185955504207
3040,1000000.0,0.0,1000000.0,1000000.0,18180.15573833563
3041,1000000.0,0.0,1000000.0,1000000.0,18180.12552126748
3042,1000000.0,0.0,1000000.0,1000000.0,18180.095304299757
3043,952738.5822436968,0.0,952738.5822436968,952738.5822436968,17407.790108828147
3044,788788.8048625777,0.0,788788.8048625777,788788.8048625777,14682.235495273357
3045,879022.8658188415,0.0,879022.8658188415,879022.8658188415,16191.524481156768
3046,875034.0162736123,0.0,875034.0162736123,875034.0162736123,16125.26684296002
3047,0.0,0.0,0.0,0.0,-0.0
3048,221568.99196611063,0.0,221568.99196611063,221568.99196611063,3774.389084458781
3049,872179.7613813743,0.0,872179.7613813743,872179.7613813743,16076.627139509708
3050,878585.1360389873,0.0,878585.1360389873,878585.1360389873,16182.976974722913
3051,767519.1385860026,0.0,767519.1385860026,767519.1385860026,14321.78724955688
3052,867937.099910215,0.0,867937.099910215,867937.099910215,16006.025147043281
3053,878920.6630999128,0.0,878920.6630999128,878920.6630999128,16188.46574592195
3054,928509.6546004293,0.0,928509.6546004293,928509.6546004293,17008.137779232657
3055,1000000.0,0.0,1000000.0,1000000.0,18178.43599324055
3056,1000000.0,0.0,1000000.0,1000000.0,18178.405781887734
3057,1000000.0,0.0,1000000.0,1000000.0,18178.375570635308
3058,1000000.0,0.0,1000000.0,1000000.0,18178.345359483283
3059,1000000.0,0.0,1000000.0,1000000.0,18178.31514843166
3060,1000000.0,0.0,1000000.0,1000000.0,18178.284937480425
3061,1000000.0,0.0,1000000.0,1000000.0,18178.254726629595
3062,1000000.0,0.0,1000000.0,1000000.0,18178.224515879152
3063,1000000.0,0.0,1000000.0,1000000.0,18178.19430522911
3064,1000000.0,0.0,1000000.0,1000000.0,18178.16409467946
3065,1000000.0,0.0,1000000.0,1000000.0,18178.133884230214
3066,1000000.0,0.0,1000000.0,1000000.0,18178.103673881356
3067,944422.1468084753,0.0,944422.1468084753,944422.1468084753,17269.399300155874
3068,879022.8658188415,0.0,879022.8658188415,879022.8658188415,16189.753822157463
3069,879022.8658188415,0.0,879022.8658188415,879022.8658188415,16189.726918380105
3070,879022.8658188415,0.0,879022.8658188415,879022.8658188415,16189.700014692142
3071,879022.8658188415,0.0,879022.8658188415,879022.8658188415,16189.673111093569
3072,879022.8658188415,0.0,879022.8658188415,879022.8658188415,16189.646207584394
3073,875513.9996319431,0.0,875513.9996319431,875513.9996319431,16131.366554359458
3074,871969.2792126089,0.0,871969.2792126089,871969.2792126089,16072.457156672119
3075,873668.8933877386,0.0,873668.8933877386,873668.8933877386,16100.667650067604
3076,874542.8391159164,0.0,874542.8391159164,874542.8391159164,16115.157384512559
3077,877389.694388667,0.0,877389.694388667,877389.694388667,16162.402918924388
3078,912381.7318842411,0.0,912381.7318842411,912381.7318842411,16741.60437757385
3079,1000000.0,0.0,1000000.0,1000000.0,18177.715465296802
3080,1000000.0,0.0,1000000.0,1000000.0,18177.685256338395
3081,1000000.0,0.0,1000000.0,1000000.0,18177.655047480373
3082,1000000.0,0.0,1000000.0,1000000.0,18177.62483872273
3083,997314.1448419581,0.0,997314.1448419581,997314.1448419581,18133.862846413143
3084,1000000.0,0.0,1000000.0,1000000.0,18177.564430098362
3085,1000000.0,0.0,1000000.0,1000000.0,18177.534221641847
3086,1000000.0,0.0,1000000.0,1000000.0,18177.50401328572
3087,963982.4609525352,0.0,963982.4609525352,963982.4609525352,17589.51998127293
3088,966054.4161531131,0.0,966054.4161531131,966054.4161531131,17623.402810398602
3089,574246.5222026804,0.0,574246.5222026804,574246.5222026804,10990.185551093671
3090,272751.5806021178,0.0,272751.5806021178,272751.5806021178,5505.470582691017
3091,339059.6281849259,0.0,339059.6281849259,339059.6281849259,6747.9234652898585
3092,314188.80922486464,0.0,314188.80922486464,314188.80922486464,6284.661036797935
3093,664271.1616671302,0.0,664271.1616671302,664271.1616671302,12557.028509735728
3094,726005.2009108793,0.0,726005.2009108793,726005.2009108793,13615.666869868153
3095,498460.1353958168,0.0,498460.1353958168,498460.1353958168,9648.08007594241
3096,153456.09153264275,0.0,153456.09153264275,153456.09153264275,3200.1766976965955
3097,100670.94170675657,0.0,100670.94170675657,100670.94170675657,2097.345716055231
3098,53388.04543523305,0.0,53388.04543523305,53388.04543523305,1109.4358432418353
3099,354696.55431960814,0.0,354696.55431960814,354696.55431960814,6235.181083453331
3100,223264.00967611343,0.0,223264.00967611343,223264.00967611343,4561.205204544518
3101,305108.10273350734,0.0,305108.10273350734,305108.10273350734,6114.29978690521
3102,218897.3359749338,0.0,218897.3359749338,218897.3359749338,4477.136982015154
3103,586919.4946848382,0.0,586919.4946848382,586919.4946848382,11211.688285436694
3104,563015.662204717,0.0,563015.662204717,563015.662204717,10791.88017847955
3105,1000000.0,0.0,1000000.0,1000000.0,18176.107760478375
3106,1000000.0,0.0,1000000.0,1000000.0,18176.077556860528
3107,1000000.0,0.0,1000000.0,1000000.0,18176.047353343034
3108,1000000.0,0.0,1000000.0,1000000.0,18176.0171499259
3109,840778.2706761875,0.0,840778.2706761875,840778.2706761875,15551.177411851884
3110,904624.7811843609,0.0,904624.7811843609,904624.7811843609,16611.838668805027
3111,609973.9844041279,0.0,609973.9844041279,609973.9844041279,11614.44778367465
3112,239572.0658039541,0.0,239572.0658039541,239572.0658039541,4873.869913365134
3113,204225.50615725675,0.0,204225.50615725675,204225.50615725675,4193.650564099859
3114,79807.90741507689,0.0,79807.90741507689,79807.90741507689,1667.1138959436469
3115,35315.09473114956,0.0,35315.09473114956,35315.09473114956,734.2120098823551
3116,44314.44521047953,0.0,44314.44521047953,44314.44521047953,890.3785851427037
3117,873137.9504924638,0.0,873137.9504924638,873137.9504924638,14114.276667315755
3118,303682.1710197248,0.0,303682.1710197248,303682.1710197248,6087.034574241409
3119,322066.9298463241,0.0,322066.9298463241,322066.9298463241,6430.737136418944
3120,206875.03959977953,0.0,206875.03959977953,206875.03959977953,4244.635022814186
3121,186443.79135265318,0.0,186443.79135265318,186443.79135265318,3847.743961717474
3122,472917.3671079221,0.0,472917.3671079221,472917.3671079221,9189.323310599786
3123,162147.24500555405,0.0,162147.24500555405,162147.24500555405,3371.3443588719006
3124,246267.7403207588,0.0,246267.7403207588,246267.7403207588,5001.376804320213
3125,107363.35071617246,0.0,107363.35071617246,107363.35071617246,2237.906406560942
3126,235801.5125425081,0.0,235801.5125425081,235801.5125425081,4548.955061557286
3127,576985.0759309689,0.0,576985.0759309689,576985.0759309689,11036.16689256068
3128,617368.7505421101,0.0,617368.7505421101,617368.7505421101,11742.03880306823
3129,791724.9144885036,0.0,791724.9144885036,791724.9144885036,14726.762600772652
3130,939867.8274815446,0.0,939867.8274815446,939867.8274815446,17190.734681485566
3131,1000000.0,0.0,1000000.0,1000000.0,18173.99833202654
3132,1000000.0,0.0,1000000.0,1000000.0,18173.968135414103
3133,952323.5678019965,0.0,952323.5678019965,952323.5678019965,17395.088810168785
3134,867428.6155919072,0.0,867428.6155919072,867428.6155919072,15993.446736328611
3135,915167.9273081357,0.0,915167.9273081357,915167.9273081357,16783.97765880058
3136,885513.7383060708,0.0,885513.7383060708,885513.7383060708,16293.615440924246
3137,802295.6010669017,0.0,802295.6010669017,802295.6010669017,14904.452605193694
3138,504838.2086632301,0.0,504838.2086632301,504838.2086632301,9759.899228578919
3139,302279.9097677369,0.0,302279.9097677369,302279.9097677369,6060.375851998412
3140,294581.2788488083,0.0,294581.2788488083,294581.2788488083,5915.844059470159
3141,107913.27019226004,0.0,107913.27019226004,107913.27019226004,2248.7149052480877
3142,345618.9991093981,0.0,345618.9991093981,345618.9991093981,6507.075129834751
3143,252659.20270576086,0.0,252659.20270576086,252659.20270576086,5122.774229205498
3144,269502.64198180387,0.0,269502.64198180387,269502.64198180387,5442.575520414835
3145,70200.7434096351,0.0,70200.7434096351,70200.7434096351,1459.4615588387944
3146,70965.7248091858,0.0,70965.7248091858,70965.7248091858,1474.5209642813024
3147,104614.79546347933,0.0,104614.79546347933,104614.79546347933,2043.5140724134171
3148,135595.10216405982,0.0,135595.10216405982,135595.10216405982,2718.6389586334967
3149,127665.13401148717,0.0,127665.13401148717,127665.13401148717,2664.2079137412948
3150,199279.88954421596,0.0,199279.88954421596,199279.88954421596,3989.266524759632
3151,543320.9522601855,0.0,543320.9522601855,543320.9522601855,10442.067023105556
3152,560508.1676758992,0.0,560508.1676758992,560508.1676758992,10745.287384188476
3153,628732.5569934996,0.0,628732.5569934996,628732.5569934996,11938.34155599934
3154,646169.0561375481,0.0,646169.0561375481,646169.0561375481,12240.611125958996
3155,610135.9468537504,0.0,610135.9468537504,610135.9468537504,11614.739784580215
3156,498905.05447521765,0.0,498905.05447521765,498905.05447521765,9653.122437920822
3157,475677.27286133304,0.0,475677.27286133304,475677.27286133304,9237.468519684699
3158,481769.92786002625,0.0,481769.92786002625,481769.92786002625,9346.68575815778
3159,474321.53572805936,0.0,474321.53572805936,474321.53572805936,9213.110834359099
3160,580069.2100276629,0.0,580069.2100276629,580069.2100276629,11088.928006554717
3161,436601.3903118458,0.0,436601.3903118458,436601.3903118458,8533.17781067829
3162,103995.60578678166,0.0,103995.60578678166,103995.60578678166,2171.0066323808455
3163,216148.27399332752,0.0,216148.27399332752,216148.27399332752,4190.544011023856
3164,400249.583589195,0.0,400249.583589195,400249.583589195,7871.923247193883
3165,835675.4798482851,0.0,835675.4798482851,835675.4798482851,15461.991972266365
3166,867392.331693885,0.0,867392.331693885,867392.331693885,15990.636379900501
3167,869736.0549538794,0.0,869736.0549538794,869736.0549538794,16029.563514965259
3168,876017.5184905903,0.0,876017.5184905903,876017.5184905903,16133.861970054104
3169,878395.097496802,0.0,878395.097496802,878395.097496802,16173.294337709118
3170,879022.8658188415,0.0,879022.8658188415,879022.8658188415,16183.683517320102
3171,876475.0497039818,0.0,876475.0497039818,876475.0497039818,16141.376100193542
3172,878891.6936799139,0.0,878891.6936799139,878891.6936799139,16181.45342249077
3173,878924.2369952754,0.0,878924.2369952754,878924.2369952754,16181.966486962001
3174,931040.4268082725,0.0,931040.4268082725,931040.4268082725,17042.926258651652
3175,1000000.0,0.0,1000000.0,1000000.0,18171.167617067764
3176,1000000.0,0.0,1000000.0,1000000.0,18171.137429852315
3177,1000000.0,0.0,1000000.0,1000000.0,18171.107242737147
3178,1000000.0,0.0,1000000.0,1000000.0,18171.077055722264
3179,1000000.0,0.0,1000000.0,1000000.0,18171.04686880765
3180,989728.8469726425,0.0,989728.8469726425,989728.8469726425,18003.735350219988
3181,841517.4139705859,0.0,841517.4139705859,841517.4139705859,15559.165311875373
3182,851909.366778736,0.0,851909.366778736,851909.366778736,15732.494038130455
3183,798445.1753375481,0.0,798445.1753375481,798445.1753375481,14837.279707284193
3184,787568.4780662796,0.0,787568.4780662796,787568.4780662796,14654.11415152213
3185,711020.8130232436,0.0,711020.8130232436,711020.8130232436,13354.97152412021
3186,459491.26770313,0.0,459491.26770313,459491.26770313,8945.876099473218
3187,287011.19987430377,0.0,287011.19987430377,287011.19987430377,5772.385905509544
3188,802707.5463877197,0.0,802707.5463877197,802707.5463877197,14908.832972083877
3189,875558.1338912421,0.0,875558.1338912421,875558.1338912421,16125.676314367893
3190,879022.8658188415,0.0,879022.8658188415,879022.8658188415,16183.148901746967
3191,879022.8658188415,0.0,879022.8658188415,879022.8658188415,16183.122019900367
3192,879022.8658188415,0.0,879022.8658188415,879022.8658188415,16183.052836192066
3193,879022.8658188415,0.0,879022.8658188415,879022.8658188415,16183.025954664512
3194,879022.8658188415,0.0,879022.8658188415,879022.8658188415,16182.999073226247
3195,879022.8658188415,0.0,879022.8658188415,879022.8658188415,16182.972191877263
3196,879022.8658188415,0.0,879022.8658188415,879022.8658188415,16182.945310617559
3197,879022.8658188415,0.0,879022.8658188415,879022.8658188415,16182.918429447138
3198,932353.1439557368,0.0,932353.1439557368,932353.1439557368,17063.801559835694
3199,1000000.0,0.0,1000000.0,1000000.0,18170.40916763665
3200,1000000.0,0.0,1000000.0,1000000.0,18170.3789829406
3201,1000000.0,0.0,1000000.0,1000000.0,18170.348798344818
3202,1000000.0,0.0,1000000.0,1000000.0,18170.318613849304
3203,1000000.0,0.0,1000000.0,1000000.0,18170.288429454045
3204,1000000.0,0.0,1000000.0,1000000.0,18170.258245159057
3205,1000000.0,0.0,1000000.0,1000000.0,18170.22806096433
3206,1000000.0,0.0,1000000.0,1000000.0,18170.197876869872
3207,1000000.0,0.0,1000000.0,1000000.0,18170.167692875668
3208,1000000.0,0.0,1000000.0,1000000.0,18170.13750898173
3209,1000000.0,0.0,1000000.0,1000000.0,18170.107325188055
3210,1000000.0,0.0,1000000.0,1000000.0,18170.07714149464
3211,923390.659789128,0.0,923390.659789128,923390.659789128,16915.92529208517
3212,871210.7101026556,0.0,871210.7101026556,871210.7101026556,16052.820516871772
3213,295905.3804927589,0.0,295905.3804927589,295905.3804927589,5939.369069175899
3214,875057.9529954778,0.0,875057.9529954778,875057.9529954778,16116.658712442506
3215,874446.3222532792,0.0,874446.3222532792,874446.3222532792,16106.477649057368
3216,867894.3927876911,0.0,867894.3927876911,867894.3927876911,15997.610687560122
3217,879022.8658188415,0.0,879022.8658188415,879022.8658188415,16182.37857037986
3218,877551.1062214796,0.0,877551.1062214796,877551.1062214796,16157.932059121504
3219,878984.2402491203,0.0,878984.2402491203,878984.2402491203,16181.684013257101
3220,879022.8658188415,0.0,879022.8658188415,879022.8658188415,16182.297937394682
3221,879022.8658188415,0.0,879022.8658188415,879022.8658188415,16182.271058374352
3222,934563.5537938689,0.0,934563.5537938689,934563.5537938689,17099.468862545535
3223,894459.1392549786,0.0,894459.1392549786,894459.1392549786,16437.97669428101
3224,1000000.0,0.0,1000000.0,1000000.0,18169.66196070899
3225,1000000.0,0.0,1000000.0,1000000.0,18169.63177849491
3226,1000000.0,0.0,1000000.0,1000000.0,18169.60159638109
3227,1000000.0,0.0,1000000.0,1000000.0,18169.571414367525
3228,1000000.0,0.0,1000000.0,1000000.0,18169.541232454205
3229,1000000.0,0.0,1000000.0,1000000.0,18169.511050641137
3230,1000000.0,0.0,1000000.0,1000000.0,18169.48086892832
3231,1000000.0,0.0,1000000.0,1000000.0,18169.45068731576
3232,1000000.0,0.0,1000000.0,1000000.0,18169.420505803446
3233,897403.3838861396,0.0,897403.3838861396,897403.3838861396,16486.40844369968
3234,911291.7856539564,0.0,911291.7856539564,911291.7856539564,16715.824271637135
3235,870596.4526139295,0.0,870596.4526139295,870596.4526139295,16042.001311114851
3236,879022.8658188415,0.0,879022.8658188415,879022.8658188415,16181.864315237062
3237,876163.0625289278,0.0,876163.0625289278,876163.0625289278,16134.38304840017
3238,878542.588739297,0.0,878542.588739297,878542.588739297,16173.842643011107
3239,799538.7974334059,0.0,799538.7974334059,799538.7974334059,14854.240169846176
3240,674875.7515950529,0.0,674875.7515950529,674875.7515950529,12733.86028429509
3241,879022.8658188415,0.0,879022.8658188415,879022.8658188415,16181.730847456405
3242,879022.8658188415,0.0,879022.8658188415,879022.8658188415,16181.703970319457
3243,879022.8658188415,0.0,879022.8658188415,879022.8658188415,16181.677093271766
3244,879022.8658188415,0.0,879022.8658188415,879022.8658188415,16181.650216313334
3245,879022.8658188415,0.0,879022.8658188415,879022.8658188415,16181.623339444168
3246,935855.3372310074,0.0,935855.3372310074,935855.3372310074,17120.02279138684
3247,1000000.0,0.0,1000000.0,1000000.0,18168.97404460473
3248,1000000.0,0.0,1000000.0,1000000.0,18168.94386467559
3249,1000000.0,0.0,1000000.0,1000000.0,18168.91368484669
3250,785690.3620240154,0.0,785690.3620240154,785690.3620240154,14620.794548927348
3251,561355.5644205555,0.0,561355.5644205555,561355.5644205555,10758.098396760113
3252,564270.0809140239,0.0,564270.0809140239,564270.0809140239,10809.374353555664
3253,557654.973453483,0.0,557654.973453483,557654.973453483,10692.889107052602
3254,542251.2511388392,0.0,542251.2511388392,542251.2511388392,10421.037014143472
3255,521240.27293725,0.0,521240.27293725,521240.27293725,10048.783073052464
3256,489803.02056523605,0.0,489803.02056523605,489803.02056523605,9488.611173665224
3257,412006.28367227345,0.0,412006.28367227345,412006.28367227345,8084.991734679526
3258,111288.9692163381,0.0,111288.9692163381,111288.9692163381,2314.796425726304
3259,879022.8658188415,0.0,879022.8658188415,879022.8658188415,15330.81382504495
3260,215944.04974334475,0.0,215944.04974334475,215944.04974334475,4418.0187200287
3261,879022.8658188415,0.0,879022.8658188415,879022.8658188415,16180.84437158648
3262,872832.1310038583,0.0,872832.1310038583,872832.1310038583,16078.068206779952
3263,486676.8228954615,0.0,486676.8228954615,486676.8228954615,9432.36083900397
3264,442133.5047168271,0.0,442133.5047168271,442133.5047168271,8631.280370907052
3265,873007.7570840345,0.0,873007.7570840345,873007.7570840345,16080.907327110064
3266,879022.8658188415,0.0,879022.8658188415,879022.8658188415,16180.712957250867
3267,879022.8658188415,0.0,879022.8658188415,879022.8658188415,16180.686083492139
3268,879022.8658188415,0.0,879022.8658188415,879022.8658188415,16180.659209822656
3269,879022.8658188415,0.0,879022.8658188415,879022.8658188415,16180.632336242412
3270,932313.3048747833,0.0,932313.3048747833,932313.3048747833,17060.750122558256
3271,1000000.0,0.0,1000000.0,1000000.0,18167.87588777138
3272,1000000.0,0.0,1000000.0,1000000.0,18167.84571148727
3273,1000000.0,0.0,1000000.0,1000000.0,18167.815535303387
3274,1000000.0,0.0,1000000.0,1000000.0,18167.785359219728
3275,1000000.0,0.0,1000000.0,1000000.0,18167.755183236284
3276,1000000.0,0.0,1000000.0,1000000.0,18167.725007353067
3277,1000000.0,0.0,1000000.0,1000000.0,18167.69483157007
3278,842466.4606282708,0.0,842466.4606282708,842466.4606282708,15572.112623206314
3279,689021.0861714268,0.0,689021.0861714268,689021.0861714268,12975.792343557167
3280,670431.220227205,0.0,670431.220227205,670431.220227205,12656.206606853993
3281,439698.1528465726,0.0,439698.1528465726,439698.1528465726,8586.986278661556
3282,349393.42787021043,0.0,349393.42787021043,349393.42787021043,6935.382318253791
3283,62036.37888658242,0.0,62036.37888658242,62036.37888658242,1288.868985876636
3284,867096.1199036052,0.0,867096.1199036052,867096.1199036052,14300.699794987566
3285,879022.8658188415,0.0,879022.8658188415,879022.8658188415,16179.481560627437
3286,879022.8658188415,0.0,879022.8658188415,879022.8658188415,16179.454690955758
3287,879022.8658188415,0.0,879022.8658188415,879022.8658188415,16179.427821373298
3288,879022.8658188415,0.0,879022.8658188415,879022.8658188415,16179.400951880065
3289,879022.8658188415,0.0,879022.8658188415,879022.8658188415,16179.374082476052
3290,875059.5734380143,0.0,875059.5734380143,875059.5734380143,16113.584938990674
3291,879022.8658188415,0.0,879022.8658188415,879022.8658188415,16179.320356039581
3292,879022.8658188415,0.0,879022.8658188415,879022.8658188415,16179.293486903192
3293,0.0,0.0,0.0,0.0,-0.0
3294,281728.2188134397,0.0,281728.2188134397,281728.2188134397,4725.70064596562
3295,453223.2921903477,0.0,453223.2921903477,453223.2921903477,8829.930981846208
3296,1000000.0,0.0,1000000.0,1000000.0,18165.064380829208
3297,1000000.0,0.0,1000000.0,1000000.0,18165.034213879873
3298,1000000.0,0.0,1000000.0,1000000.0,18165.004047030707
3299,1000000.0,0.0,1000000.0,1000000.0,18164.973880281716
3300,1000000.0,0.0,1000000.0,1000000.0,18164.943713632907
3301,1000000.0,0.0,1000000.0,1000000.0,18164.913547084274
3302,1000000.0,0.0,1000000.0,1000000.0,18164.88338063581
3303,1000000.0,0.0,1000000.0,1000000.0,18164.853214287523
3304,1000000.0,0.0,1000000.0,1000000.0,18164.823048039412
3305,1000000.0,0.0,1000000.0,1000000.0,18164.792881891473
3306,1000000.0,0.0,1000000.0,1000000.0,18164.762715843703
3307,1000000.0,0.0,1000000.0,1000000.0,18164.73254989611
3308,880122.7331900112,0.0,880122.7331900112,880122.7331900112,16195.955192975503
3309,879022.8658188415,0.0,879022.8658188415,879022.8658188415,16177.68774132012
3310,879022.8658188415,0.0,879022.8658188415,879022.8658188415,16177.660877604683
3311,879022.8658188415,0.0,879022.8658188415,879022.8658188415,16177.63401397844
3312,879022.8658188415,0.0,879022.8658188415,879022.8658188415,16177.607150441392
3313,879022.8658188415,0.0,879022.8658188415,879022.8658188415,16177.580286993538
3314,878991.7144933859,0.0,878991.7144933859,878991.7144933859,16177.036755104686
3315,879022.8658188415,0.0,879022.8658188415,879022.8658188415,16177.526560460426
3316,879022.8658188415,0.0,879022.8658188415,879022.8658188415,16177.499697280147
3317,879022.8658188415,0.0,879022.8658188415,879022.8658188415,16177.472834189057
3318,936538.3889088929,0.0,936538.3889088929,936538.3889088929,17126.882770958622
3319,1000000.0,0.0,1000000.0,1000000.0,18164.374738937106
3320,1000000.0,0.0,1000000.0,1000000.0,18164.344574277864
3321,1000000.0,0.0,1000000.0,1000000.0,18164.314409718783
3322,1000000.0,0.0,1000000.0,1000000.0,18164.284245259856
3323,1000000.0,0.0,1000000.0,1000000.0,18164.254080901104
3324,950639.6516297719,0.0,950639.6516297719,950639.6516297719,17358.141865916987
3325,1000000.0,0.0,1000000.0,1000000.0,18164.19391176516
3326,1000000.0,0.0,1000000.0,1000000.0,18164.16374770637
3327,1000000.0,0.0,1000000.0,1000000.0,18164.13358374774
3328,1000000.0,0.0,1000000.0,1000000.0,18164.10341988927
3329,1000000.0,0.0,1000000.0,1000000.0,18164.07325613097
3330,1000000.0,0.0,1000000.0,1000000.0,18164.04309247282
3331,995393.2936172232,0.0,995393.2936172232,995393.2936172232,18089.043818810198
3332,760333.5964359125,0.0,760333.5964359125,760333.5964359125,14188.424049594705
3333,751635.2871144242,0.0,751635.2871144242,751635.2871144242,14041.015592127116
3334,812465.0977845932,0.0,812465.0977845932,812465.0977845932,15066.897782128177
3335,786976.9108720226,0.0,786976.9108720226,786976.9108720226,14638.363030213824
3336,879022.8658188415,0.0,879022.8658188415,879022.8658188415,16176.95904957481
3337,879022.8658188415,0.0,879022.8658188415,879022.8658188415,16176.93218827875
3338,879022.8658188415,0.0,879022.8658188415,879022.8658188415,16176.905327071876
3339,879022.8658188415,0.0,879022.8658188415,879022.8658188415,16176.878465954183
3340,879022.8658188415,0.0,879022.8658188415,879022.8658188415,16176.851604925672
3341,879022.8658188415,0.0,879022.8658188415,879022.8658188415,16176.824743986339
3342,936102.7844789852,0.0,936102.7844789852,936102.7844789852,17119.043748885637
3343,1000000.0,0.0,1000000.0,1000000.0,18163.65657454827
3344,1000000.0,0.0,1000000.0,1000000.0,18163.626412273738
3345,1000000.0,0.0,1000000.0,1000000.0,18163.596250099356
3346,1000000.0,0.0,1000000.0,1000000.0,18163.566088025123
3347,1000000.0,0.0,1000000.0,1000000.0,18163.53592605105
3348,1000000.0,0.0,1000000.0,1000000.0,18163.505764177124
3349,1000000.0,0.0,1000000.0,1000000.0,18163.475602403352
3350,1000000.0,0.0,1000000.0,1000000.0,18163.44544072973
3351,1000000.0,0.0,1000000.0,1000000.0,18163.415279156263
3352,1000000.0,0.0,1000000.0,1000000.0,18163.38511768294
3353,1000000.0,0.0,1000000.0,1000000.0,18163.354956309773
3354,1000000.0,0.0,1000000.0,1000000.0,18163.32479503675
3355,464322.4106334784,0.0,464322.4106334784,464322.4106334784,9028.802656064736
3356,699055.9274223895,0.0,699055.9274223895,699055.9274223895,13144.54956497578
3357,872512.5730881508,0.0,872512.5730881508,872512.5730881508,16068.362893812573
3358,851837.2500829722,0.0,851837.2500829722,851837.2500829722,15724.473288427715
3359,879022.8658188415,0.0,879022.8658188415,879022.8658188415,16176.338930220036
3360,875601.7160365677,0.0,875601.7160365677,875601.7160365677,16119.515395099874
3361,875337.3637686097,0.0,875337.3637686097,875337.3637686097,16115.101874852056
3362,879022.8658188415,0.0,879022.8658188415,879022.8658188415,16176.216108788516
3363,879022.8658188415,0.0,879022.8658188415,879022.8658188415,16176.18924995901
3364,879022.8658188415,0.0,879022.8658188415,879022.8658188415,16176.162391218677
3365,879022.8658188415,0.0,879022.8658188415,879022.8658188415,16176.135532567514
3366,929041.9408754888,0.0,929041.9408754888,929041.9408754888,17002.23947315246
3367,935893.3881570926,0.0,935893.3881570926,935893.3881570926,17114.85003650395
3368,1000000.0,0.0,1000000.0,1000000.0,18162.86291123305
3369,1000000.0,0.0,1000000.0,1000000.0,18162.832751593793
3370,801615.2655535808,0.0,801615.2655535808,801615.2655535808,14883.78449208824
3371,530755.8878314255,0.0,530755.8878314255,530755.8878314255,10214.017078361025
3372,1000000.0,0.0,1000000.0,1000000.0,18162.744651682966
3373,1000000.0,0.0,1000000.0,1000000.0,18162.714492436367
3374,1000000.0,0.0,1000000.0,1000000.0,18162.684333289915
3375,1000000.0,0.0,1000000.0,1000000.0,18162.6541742436
3376,1000000.0,0.0,1000000.0,1000000.0,18162.624015297413
3377,1000000.0,0.0,1000000.0,1000000.0,18162.59385645137
3378,546929.1647562666,0.0,546929.1647562666,546929.1647562666,10499.890959428247
3379,148217.64869741365,0.0,148217.64869741365,148217.64869741365,3085.4426913633074
3380,105457.46542767287,0.0,105457.46542767287,105457.46542767287,2198.7959034168935
3381,41130.8814025469,0.0,41130.8814025469,41130.8814025469,857.7232421253503
3382,0.0,0.0,0.0,0.0,-0.0
3383,12622.665273899436,0.0,12622.665273899436,12622.665273899436,214.21993445124255
3384,99986.0806125643,0.0,99986.0806125643,99986.0806125643,1763.9750900625004
3385,149564.24234704784,0.0,149564.24234704784,149564.24234704784,2939.2329740611485
3386,573624.0311824839,0.0,573624.0311824839,573624.0311824839,10872.893211781666
3387,497845.3282368092,0.0,497845.3282368092,497845.3282368092,9627.990134268672
3388,845700.7845056037,0.0,845700.7845056037,845700.7845056037,15620.324485609146
3389,644900.4967165402,0.0,644900.4967165402,644900.4967165402,12210.855509906574
3390,826589.258617918,0.0,826589.258617918,826589.258617918,15301.043302425744
3391,1000000.0,0.0,1000000.0,1000000.0,18160.995525753042
3392,1000000.0,0.0,1000000.0,1000000.0,18160.965372314018
3393,982992.4770752378,0.0,982992.4770752378,982992.4770752378,17883.93422615778
3394,892793.8683009648,0.0,892793.8683009648,892793.8683009648,16402.388056530286
3395,1000000.0,0.0,1000000.0,1000000.0,18160.875317620324
3396,1000000.0,0.0,1000000.0,1000000.0,18160.845164580394
3397,1000000.0,0.0,1000000.0,1000000.0,18160.815011640567
3398,1000000.0,0.0,1000000.0,1000000.0,18160.784858800856
3399,1000000.0,0.0,1000000.0,1000000.0,18160.754706061245
3400,1000000.0,0.0,1000000.0,1000000.0,18160.724553421747
3401,1000000.0,0.0,1000000.0,1000000.0,18160.694400882352
3402,823479.7989112642,0.0,823479.7989112642,823479.7989112642,15248.695964828868
3403,753935.5509476925,0.0,753935.5509476925,753935.5509476925,14077.368766565181
3404,872119.8439456318,0.0,872119.8439456318,872119.8439456318,16059.482139401474
3405,879022.8658188415,0.0,879022.8658188415,879022.8658188415,16173.990560496562
3406,879022.8658188415,0.0,879022.8658188415,879022.8658188415,16173.963709055392
3407,879022.8658188415,0.0,879022.8658188415,879022.8658188415,16173.936857703355
3408,879022.8658188415,0.0,879022.8658188415,879022.8658188415,16173.910006440448
3409,879022.8658188415,0.0,879022.8658188415,879022.8658188415,16173.883155266674
3410,879022.8658188415,0.0,879022.8658188415,879022.8658188415,16173.85630418204
3411,879022.8658188415,0.0,879022.8658188415,879022.8658188415,16173.829453186525
3412,879022.8658188415,0.0,879022.8658188415,879022.8658188415,16173.802602280142
3413,879022.8658188415,0.0,879022.8658188415,879022.8658188415,16173.775751462894
3414,934950.5717647683,0.0,934950.5717647683,934950.5717647683,17096.906675252434
3415,1000000.0,0.0,1000000.0,1000000.0,18160.27790049581
3416,1000000.0,0.0,1000000.0,1000000.0,18160.247749439266
3417,1000000.0,0.0,1000000.0,1000000.0,18160.217598482817
3418,1000000.0,0.0,1000000.0,1000000.0,18160.187447626475
3419,1000000.0,0.0,1000000.0,1000000.0,18160.157296870228
3420,1000000.0,0.0,1000000.0,1000000.0,18160.12714621407
3421,822466.65733606,0.0,822466.65733606,822466.65733606,15231.249574294647
3422,887566.2341690594,0.0,887566.2341690594,887566.2341690594,16315.098007592067
3423,1000000.0,0.0,1000000.0,1000000.0,18160.03765378567
3424,1000000.0,0.0,1000000.0,1000000.0,18160.007503526715
3425,1000000.0,0.0,1000000.0,1000000.0,18159.977353367853
3426,914571.4118027516,0.0,914571.4118027516,914571.4118027516,16761.160901603158
3427,373950.5590366707,0.0,373950.5590366707,373950.5590366707,7384.867179101846
3428,319475.3822101299,0.0,319475.3822101299,319475.3822101299,6376.657988532966
3429,349119.2567151501,0.0,349119.2567151501,349119.2567151501,6927.1021497247275
3430,807185.3817776132,0.0,807185.3817776132,807185.3817776132,14974.84678356156
3431,375707.9584762836,0.0,375707.9584762836,375707.9584762836,7417.10154429714
3432,162314.0038842191,0.0,162314.0038842191,162314.0038842191,3371.4612149819013
3433,253723.09174873252,0.0,253723.09174873252,253723.09174873252,5138.755624028426
3434,426466.62149453344,0.0,426466.62149453344,426466.62149453344,8343.399981027103
3435,473403.07384672004,0.0,473403.07384672004,473403.07384672004,9189.947795483982
3436,771202.9186744712,0.0,771202.9186744712,771202.9186744712,14368.766123679583
3437,752357.8143001457,0.0,752357.8143001457,752357.8143001457,14049.83366697868
3438,758407.1498967591,0.0,758407.1498967591,758407.1498967591,14152.299362645901
3439,969132.3137369937,0.0,969132.3137369937,969132.3137369937,17656.33345452878
3440,800793.2946427391,0.0,800793.2946427391,800793.2946427391,14867.24711850092
3441,961807.4274423084,0.0,961807.4274423084,961807.4274423084,17536.501078817593
3442,866503.1573228666,0.0,866503.1573228666,866503.1573228666,15965.19763519135
3443,740372.8532122965,0.0,740372.8532122965,740372.8532122965,13846.308064442874
3444,857518.7498691592,0.0,857518.7498691592,857518.7498691592,15815.744579321969
3445,1000000.0,0.0,1000000.0,1000000.0,18159.401858796096
3446,1000000.0,0.0,1000000.0,1000000.0,18159.371710647843
3447,841295.5269748339,0.0,841295.5269748339,841295.5269748339,15545.316026831279
3448,965173.2424747803,0.0,965173.2424747803,965173.2424747803,17591.352096901253
3449,1000000.0,0.0,1000000.0,1000000.0,18159.281904327876
3450,295844.9987404193,0.0,295844.9987404193,295844.9987404193,5934.352896994196
3451,0.0,0.0,0.0,0.0,-0.0
3452,50600.959443685264,0.0,50600.959443685264,50600.959443685264,877.9073264734388
3453,878962.2297204264,0.0,878962.2297204264,878962.2297204264,14327.900300458685
3454,877306.7553272655,0.0,877306.7553272655,877306.7553272655,16143.104817598225
3455,874916.4641306597,0.0,874916.4641306597,874916.4641306597,16103.427205913375
3456,873244.272158116,0.0,873244.272158116,873244.272158116,16075.652322146823
3457,868882.0397118679,0.0,868882.0397118679,868882.0397118679,16003.202833799136
3458,872075.1764235314,0.0,872075.1764235314,872075.1764235314,16056.194582431839
3459,874354.4029782389,0.0,874354.4029782389,874354.4029782389,16093.994448654837
3460,874691.0052704317,0.0,874691.0052704317,874691.0052704317,16099.552826683583
3461,875918.433988097,0.0,875918.433988097,875918.433988097,16119.88959346187
3462,882634.8523367861,0.0,882634.8523367861,882634.8523367861,16231.216774005277
3463,917051.5698265837,0.0,917051.5698265837,917051.5698265837,16799.86384350715
3464,1000000.0,0.0,1000000.0,1000000.0,18157.587466465306
3465,1000000.0,0.0,1000000.0,1000000.0,18157.55732434007
3466,1000000.0,0.0,1000000.0,1000000.0,18157.527182314894
3467,1000000.0,0.0,1000000.0,1000000.0,18157.49704038977
3468,1000000.0,0.0,1000000.0,1000000.0,18157.466898564697
3469,1000000.0,0.0,1000000.0,1000000.0,18157.436756839677
3470,1000000.0,0.0,1000000.0,1000000.0,18157.406615214713
3471,911677.026738795,0.0,911677.026738795,911677.026738795,16711.046297299472
3472,1000000.0,0.0,1000000.0,1000000.0,18157.346619658267
3473,1000000.0,0.0,1000000.0,1000000.0,18157.316478332494
3474,996651.0034020793,0.0,996651.0034020793,996651.0034020793,18102.808141362002
3475,713796.6823326063,0.0,713796.6823326063,713796.6823326063,13392.026649725323
3476,859332.608918636,0.0,859332.608918636,859332.608918636,15843.971732795602
3477,878671.331099403,0.0,878671.331099403,878671.331099403,16165.113469424728
3478,876173.4037327844,0.0,876173.4037327844,876173.4037327844,16123.660795176547
3479,879022.8658188415,0.0,879022.8658188415,879022.8658188415,16170.888303429074
3480,878922.4900948338,0.0,878922.4900948338,878922.4900948338,16169.19725749612
3481,879022.8658188415,0.0,879022.8658188415,879022.8658188415,16170.834621535625
3482,873708.0460465892,0.0,873708.0460465892,873708.0460465892,16082.651325507963
3483,877292.1810650802,0.0,877292.1810650802,877292.1810650802,16142.082859466713
3484,878989.280705415,0.0,878989.280705415,878989.280705415,16170.197293876197
3485,879022.8658188415,0.0,879022.8658188415,879022.8658188415,16170.727279804958
3486,929366.3528094846,0.0,929366.3528094846,929366.3528094846,17001.921143470863
3487,1000000.0,0.0,1000000.0,1000000.0,18156.89980082691
3488,1000000.0,0.0,1000000.0,1000000.0,18156.86966098427
3489,1000000.0,0.0,1000000.0,1000000.0,18156.839521241673
3490,1000000.0,0.0,1000000.0,1000000.0,18156.809381599116
3491,1000000.0,0.0,1000000.0,1000000.0,18156.779242056604
3492,1000000.0,0.0,1000000.0,1000000.0,18156.749102614125
3493,1000000.0,0.0,1000000.0,1000000.0,18156.71896327169
3494,1000000.0,0.0,1000000.0,1000000.0,18156.688824029294
3495,1000000.0,0.0,1000000.0,1000000.0,18156.65868488694
3496,1000000.0,0.0,1000000.0,1000000.0,18156.628545844622
3497,1000000.0,0.0,1000000.0,1000000.0,18156.59840690234
3498,1000000.0,0.0,1000000.0,1000000.0,18156.568268060102
3499,851704.8454110723,0.0,851704.8454110723,851704.8454110723,15716.399418181252
3500,873159.0953305739,0.0,873159.0953305739,873159.0953305739,16073.056616582451
3501,879022.8658188415,0.0,879022.8658188415,879022.8658188415,16170.293494834574
3502,879022.8658188415,0.0,879022.8658188415,879022.8658188415,16170.266655664393
3503,879022.8658188415,0.0,879022.8658188415,879022.8658188415,16170.239816583282
3504,879022.8658188415,0.0,879022.8658188415,879022.8658188415,16170.212977591244
3505,879022.8658188415,0.0,879022.8658188415,879022.8658188415,16170.186138688276
3506,879022.8658188415,0.0,879022.8658188415,879022.8658188415,16170.159299874378
3507,879022.8658188415,0.0,879022.8658188415,879022.8658188415,16170.132461149546
3508,879022.8658188415,0.0,879022.8658188415,879022.8658188415,16170.10562251379
3509,879022.8658188415,0.0,879022.8658188415,879022.8658188415,16170.078783967096
3510,937634.5422327447,0.0,937634.5422327447,937634.5422327447,17137.106228425073
3511,1000000.0,0.0,1000000.0,1000000.0,18156.18115052382
3512,1000000.0,0.0,1000000.0,1000000.0,18156.151013066523
3513,1000000.0,0.0,1000000.0,1000000.0,18156.120875709257
3514,1000000.0,0.0,1000000.0,1000000.0,18156.09073845202
3515,1000000.0,0.0,1000000.0,1000000.0,18156.060601294816
3516,1000000.0,0.0,1000000.0,1000000.0,18156.03046423764
3517,1000000.0,0.0,1000000.0,1000000.0,18156.00032728049
3518,1000000.0,0.0,1000000.0,1000000.0,18155.97019042337
3519,1000000.0,0.0,1000000.0,1000000.0,18155.940053666272
3520,1000000.0,0.0,1000000.0,1000000.0,18155.90991700921
3521,1000000.0,0.0,1000000.0,1000000.0,18155.879780452167
3522,991127.0222211865,0.0,991127.0222211865,991127.0222211865,18011.461769466627
3523,879883.6992141381,0.0,879883.6992141381,879883.6992141381,16183.968958060559
3524,879022.8658188415,0.0,879022.8658188415,879022.8658188415,16169.67176758374
3525,879022.8658188415,0.0,879022.8658188415,879022.8658188415,16169.644930476858
3526,879022.8658188415,0.0,879022.8658188415,879022.8658188415,16169.618093459037
3527,879022.8658188415,0.0,879022.8658188415,879022.8658188415,16169.591256530282
3528,879022.8658188415,0.0,879022.8658188415,879022.8658188415,16169.522188946248
3529,879022.8658188415,0.0,879022.8658188415,879022.8658188415,16169.495352335738
3530,879022.8658188415,0.0,879022.8658188415,879022.8658188415,16169.468515814282
3531,879022.8658188415,0.0,879022.8658188415,879022.8658188415,16169.44167938189
3532,879022.8658188415,0.0,879022.8658188415,879022.8658188415,16169.414843038547
3533,879022.8658188415,0.0,879022.8658188415,879022.8658188415,16169.388006784267
3534,894231.1569896479,0.0,894231.1569896479,894231.1569896479,16421.170184326013
3535,918364.7300103102,0.0,918364.7300103102,918364.7300103102,16819.4406753611
3536,906943.6263276461,0.0,906943.6263276461,906943.6263276461,16631.1160631352
3537,933816.7280140839,0.0,933816.7280140839,933816.7280140839,17073.584416078895
3538,979718.3567989774,0.0,979718.3567989774,979718.3567989774,17825.00657300285
3539,997526.7363165088,0.0,997526.7363165088,997526.7363165088,18115.070080470043
3540,1000000.0,0.0,1000000.0,1000000.0,18155.26599832783
3541,1000000.0,0.0,1000000.0,1000000.0,18155.23586390795
3542,1000000.0,0.0,1000000.0,1000000.0,18155.205729588084
3543,1000000.0,0.0,1000000.0,1000000.0,18155.17559536823
3544,1000000.0,0.0,1000000.0,1000000.0,18155.145461248387
3545,1000000.0,0.0,1000000.0,1000000.0,18155.115327228566
3546,1000000.0,0.0,1000000.0,1000000.0,18155.085193308747
3547,899338.3662646881,0.0,899338.3662646881,899338.3662646881,16505.231382377053
3548,879022.8658188415,0.0,879022.8658188415,879022.8658188415,16168.981842220182
3549,879022.8658188415,0.0,879022.8658188415,879022.8658188415,16168.955007402814
3550,879022.8658188415,0.0,879022.8658188415,879022.8658188415,16168.928172674498
3551,879022.8658188415,0.0,879022.8658188415,879022.8658188415,16168.90133803523
3552,879022.8658188415,0.0,879022.8658188415,879022.8658188415,16168.87450348501
3553,879022.8658188415,0.0,879022.8658188415,879022.8658188415,16168.847669023842
3554,879022.8658188415,0.0,879022.8658188415,879022.8658188415,16168.820834651719
3555,879022.8658188415,0.0,879022.8658188415,879022.8658188415,16168.794000368645
3556,879022.8658188415,0.0,879022.8658188415,879022.8658188415,16168.76716617462
3557,879022.8658188415,0.0,879022.8658188415,879022.8658188415,16168.740332069643
3558,921231.1561659692,0.0,921231.1561659692,921231.1561659692,16865.999476748104
3559,1000000.0,0.0,1000000.0,1000000.0,18154.698012045697
3560,1000000.0,0.0,1000000.0,1000000.0,18154.66787951091
3561,1000000.0,0.0,1000000.0,1000000.0,18154.63774707613
3562,1000000.0,0.0,1000000.0,1000000.0,18154.607614741362
3563,1000000.0,0.0,1000000.0,1000000.0,18154.57748250659
3564,1000000.0,0.0,1000000.0,1000000.0,18154.547350371824
3565,1000000.0,0.0,1000000.0,1000000.0,18154.517218337063
3566,1000000.0,0.0,1000000.0,1000000.0,18154.487086402307
3567,1000000.0,0.0,1000000.0,1000000.0,18154.45695456755
3568,1000000.0,0.0,1000000.0,1000000.0,18154.4268228328
3569,1000000.0,0.0,1000000.0,1000000.0,18154.39669119805
3570,1000000.0,0.0,1000000.0,1000000.0,18154.3665596633
3571,1000000.0,0.0,1000000.0,1000000.0,18154.33642822855
3572,881803.1323679854,0.0,881803.1323679854,881803.1323679854,16214.411728723308
3573,879022.8658188415,0.0,879022.8658188415,879022.8658188415,16168.306209774799
3574,879022.8658188415,0.0,879022.8658188415,879022.8658188415,16168.279377199438
3575,879022.8658188415,0.0,879022.8658188415,879022.8658188415,16168.252544713123
3576,879022.8658188415,0.0,879022.8658188415,879022.8658188415,16168.225712315842
3577,879022.8658188415,0.0,879022.8658188415,879022.8658188415,16168.198880007594
3578,879022.8658188415,0.0,879022.8658188415,879022.8658188415,16168.172047788392
3579,879022.8658188415,0.0,879022.8658188415,879022.8658188415,16168.145215658224
3580,879022.8658188415,0.0,879022.8658188415,879022.8658188415,16168.118383617091
3581,879022.8658188415,0.0,879022.8658188415,879022.8658188415,16168.091551664998
3582,934474.8522045938,0.0,934474.8522045938,934474.8522045938,17083.120531846147
3583,1000000.0,0.0,1000000.0,1000000.0,18153.97902763826
3584,1000000.0,0.0,1000000.0,1000000.0,18153.948897489638
3585,1000000.0,0.0,1000000.0,1000000.0,18153.918767441013
3586,1000000.0,0.0,1000000.0,1000000.0,18153.888637492382
3587,1000000.0,0.0,1000000.0,1000000.0,18153.85850764374
3588,1000000.0,0.0,1000000.0,1000000.0,18153.828377895097
3589,1000000.0,0.0,1000000.0,1000000.0,18153.798248246436
3590,1000000.0,0.0,1000000.0,1000000.0,18153.76811869778
3591,999784.6192765285,0.0,999784.6192765285,999784.6192765285,18150.23582948121
3592,811114.8287806143,0.0,811114.8287806143,811114.8287806143,15035.60385306484
3593,903081.6825561011,0.0,903081.6825561011,903081.6825561011,16565.79128297807
3594,663163.1352300915,0.0,663163.1352300915,663163.1352300915,12520.940352773485
3595,387455.00687325303,0.0,387455.00687325303,387455.00687325303,7629.704477135847
3596,543535.4418034123,0.0,543535.4418034123,543535.4418034123,10434.504627889432
3597,787581.5768322482,0.0,787581.5768322482,787581.5768322482,14640.018677066524
3598,782029.1961111171,0.0,782029.1961111171,782029.1961111171,14546.44982342724
3599,879022.8658188415,0.0,879022.8658188415,879022.8658188415,16167.609564843446
3600,879022.8658188415,0.0,879022.8658188415,879022.8658188415,16167.582734579728
3601,879022.8658188415,0.0,879022.8658188415,879022.8658188415,16167.555904405037
3602,879022.8658188415,0.0,879022.8658188415,879022.8658188415,16167.529074319375
3603,879022.8658188415,0.0,879022.8658188415,879022.8658188415,16167.502244322735
3604,879022.8658188415,0.0,879022.8658188415,879022.8658188415,16167.475414415121
3605,879022.8658188415,0.0,879022.8658188415,879022.8658188415,16167.448584596536
3606,935890.6426881965,0.0,935890.6426881965,935890.6426881965,17105.700042740125
3607,1000000.0,0.0,1000000.0,1000000.0,18153.266523484075
3608,1000000.0,0.0,1000000.0,1000000.0,18153.236395700016
3609,1000000.0,0.0,1000000.0,1000000.0,18153.206268015943
3610,1000000.0,0.0,1000000.0,1000000.0,18153.176140431857
3611,1000000.0,0.0,1000000.0,1000000.0,18153.146012947745
3612,1000000.0,0.0,1000000.0,1000000.0,18153.115885563613
3613,1000000.0,0.0,1000000.0,1000000.0,18153.085758279467
3614,1000000.0,0.0,1000000.0,1000000.0,18153.055631095292
3615,1000000.0,0.0,1000000.0,1000000.0,18153.025504011104
3616,1000000.0,0.0,1000000.0,1000000.0,18152.995377026895
3617,1000000.0,0.0,1000000.0,1000000.0,18152.965250142657
3618,1000000.0,0.0,1000000.0,1000000.0,18152.935123358406
3619,948437.5282518001,0.0,948437.5282518001,948437.5282518001,17311.181057999693
3620,878967.0202405648,0.0,878967.0202405648,878967.0202405648,16166.115767108873
3621,879022.8658188415,0.0,879022.8658188415,879022.8658188415,16167.014646747215
3622,879022.8658188415,0.0,879022.8658188415,879022.8658188415,16166.9878184575
3623,879022.8658188415,0.0,879022.8658188415,879022.8658188415,16166.960990256808
3624,879022.8658188415,0.0,879022.8658188415,879022.8658188415,16166.934162145126
3625,879022.8658188415,0.0,879022.8658188415,879022.8658188415,16166.907334122468
3626,879022.8658188415,0.0,879022.8658188415,879022.8658188415,16166.880506188822
3627,879022.8658188415,0.0,879022.8658188415,879022.8658188415,16166.853678344194
3628,879022.8658188415,0.0,879022.8658188415,879022.8658188415,16166.826850588583
3629,873731.6160292706,0.0,873731.6160292706,873731.6160292706,16079.05406145181
3630,99294.23452460766,0.0,99294.23452460766,99294.23452460766,2067.233614801164
3631,289871.8139594698,0.0,289871.8139594698,289871.8139594698,5462.921827579104
3632,199223.71767087735,0.0,199223.71767087735,199223.71767087735,4090.583563087977
3633,747311.8619792324,0.0,747311.8619792324,747311.8619792324,13958.236366663567
3634,525613.312841519,0.0,525613.312841519,525613.312841519,10116.49989114928
3635,743962.7850289496,0.0,743962.7850289496,743962.7850289496,13901.371274680565
3636,1000000.0,0.0,1000000.0,1000000.0,18151.94295837669
3637,1000000.0,0.0,1000000.0,1000000.0,18151.912834982224
3638,1000000.0,0.0,1000000.0,1000000.0,18151.882711687715
3639,1000000.0,0.0,1000000.0,1000000.0,18151.852588493162
3640,1000000.0,0.0,1000000.0,1000000.0,18151.822465398567
3641,1000000.0,0.0,1000000.0,1000000.0,18151.792342403936
3642,985247.4249155399,0.0,985247.4249155399,985247.4249155399,17911.63643529254
3643,716897.6428682788,0.0,716897.6428682788,716897.6428682788,13440.72074239588
3644,870481.3094758198,0.0,870481.3094758198,870481.3094758198,16024.305241617967
3645,850347.869351264,0.0,850347.869351264,850347.869351264,15689.52117263978
3646,875513.1843949606,0.0,875513.1843949606,875513.1843949606,16107.739916516406
3647,870359.5134592884,0.0,870359.5134592884,870359.5134592884,16022.203837648723
3648,872193.0913845248,0.0,872193.0913845248,872193.0913845248,16052.608248692623
3649,871569.7239940232,0.0,871569.7239940232,871569.7239940232,16042.236951144048
3650,874196.7954011936,0.0,874196.7954011936,874196.7954011936,16085.79870708536
3651,874201.858543459,0.0,874201.858543459,874201.858543459,16085.856004697698
3652,874725.1333328676,0.0,874725.1333328676,874725.1333328676,16094.509171764934
3653,844911.1892900293,0.0,844911.1892900293,844911.1892900293,15598.722368475726
3654,609748.9052879058,0.0,609748.9052879058,609748.9052879058,11594.11024840835
3655,614615.5930180086,0.0,614615.5930180086,614615.5930180086,11678.797898725621
3656,707400.2830247309,0.0,707400.2830247309,707400.2830247309,13278.301603419734
3657,849119.7990158512,0.0,849119.7990158512,849119.7990158512,15668.754715087316
3658,803693.9368757185,0.0,803693.9368757185,803693.9368757185,14909.045724423677
3659,725315.8639079015,0.0,725315.8639079015,725315.8639079015,13583.823391648057
3660,670916.8876652033,0.0,670916.8876652033,670916.8876652033,12652.707790474498
3661,608879.9069766778,0.0,608879.9069766778,608879.9069766778,11578.839872853958
3662,583978.0267239626,0.0,583978.0267239626,583978.0267239626,11144.006256623912
3663,580604.1714563494,0.0,580604.1714563494,580604.1714563494,11084.905542366385
3664,574086.7913770755,0.0,574086.7913770755,574086.7913770755,10970.639402432205
3665,534842.5337462553,0.0,534842.5337462553,534842.5337462553,10279.367106697602
3666,270242.7249845069,0.0,270242.7249845069,270242.7249845069,5449.181058544835
3667,330524.48619219847,0.0,330524.48619219847,330524.48619219847,6578.825844200319
3668,611365.9818988997,0.0,611365.9818988997,611365.9818988997,11621.996237505262
3669,771422.7821527757,0.0,771422.7821527757,771422.7821527757,14365.42167508869
3670,856122.0124541118,0.0,856122.0124541118,856122.0124541118,15785.00192890684
3671,862133.2595976649,0.0,862133.2595976649,862133.2595976649,15884.942086086707
3672,861595.4083221824,0.0,861595.4083221824,861595.4083221824,15875.97546615194
3673,842166.1965434662,0.0,842166.1965434662,842166.1965434662,15552.447374465139
3674,874016.6120970035,0.0,874016.6120970035,874016.6120970035,16082.183827284543
3675,866308.3611670644,0.0,866308.3611670644,866308.3611670644,15954.208169187103
3676,873763.6640907346,0.0,873763.6640907346,873763.6640907346,16077.934432163122
3677,872654.3668906464,0.0,872654.3668906464,872654.3668906464,16059.50401517877
3678,932496.8154668396,0.0,932496.8154668396,932496.8154668396,17047.49926515415
3679,1000000.0,0.0,1000000.0,1000000.0,18150.679389962585
3680,1000000.0,0.0,1000000.0,1000000.0,18150.649270760947
3681,1000000.0,0.0,1000000.0,1000000.0,18150.619151659244
3682,1000000.0,0.0,1000000.0,1000000.0,18150.58903265748
3683,1000000.0,0.0,1000000.0,1000000.0,18150.558913755664
3684,1000000.0,0.0,1000000.0,1000000.0,18150.528794953774
3685,1000000.0,0.0,1000000.0,1000000.0,18150.498676251827
3686,1000000.0,0.0,1000000.0,1000000.0,18150.46855764982
3687,1000000.0,0.0,1000000.0,1000000.0,18150.43843914775
3688,1000000.0,0.0,1000000.0,1000000.0,18150.40832074561
3689,1000000.0,0.0,1000000.0,1000000.0,18150.378202443404
3690,891520.4674481637,0.0,891520.4674481637,891520.4674481637,16371.68237327109
3691,755529.01611147,0.0,755529.01611147,755529.01611147,14096.133106509888
3692,815350.3457495978,0.0,815350.3457495978,815350.3457495978,15103.70282080023
3693,866134.035387401,0.0,866134.035387401,866134.035387401,15950.8321029154
3694,874343.7972896766,0.0,874343.7972896766,874343.7972896766,16087.073580280652
3695,879022.8658188415,0.0,879022.8658188415,879022.8658188415,16164.627666438199
3696,879022.8658188415,0.0,879022.8658188415,879022.8658188415,16164.558641582697
3697,879022.8658188415,0.0,879022.8658188415,879022.8658188415,16164.531821439077
3698,146226.2598185284,0.0,146226.2598185284,146226.2598185284,3043.6747019434333
3699,866408.0948195916,0.0,866408.0948195916,866408.0948195916,15815.48430080277
3700,573386.6637236036,0.0,573386.6637236036,573386.6637236036,10957.61021196109
3701,584809.2812904022,0.0,584809.2812904022,584809.2812904022,11157.741869867996
3702,197930.55019141216,0.0,197930.55019141216,197930.55019141216,4064.963637832031
3703,530546.1099444195,0.0,530546.1099444195,530546.1099444195,10202.604973288953
3704,712835.8444292017,0.0,712835.8444292017,712835.8444292017,13369.968578689826
3705,1000000.0,0.0,1000000.0,1000000.0,18149.80029282249
3706,1000000.0,0.0,1000000.0,1000000.0,18149.770176537226
3707,1000000.0,0.0,1000000.0,1000000.0,18149.74006035189
3708,1000000.0,0.0,1000000.0,1000000.0,18149.70994426648
3709,1000000.0,0.0,1000000.0,1000000.0,18149.67982828099
3710,1000000.0,0.0,1000000.0,1000000.0,18149.649712395425
3711,1000000.0,0.0,1000000.0,1000000.0,18149.619596609788
3712,1000000.0,0.0,1000000.0,1000000.0,18149.589480924067
3713,1000000.0,0.0,1000000.0,1000000.0,18149.55936533827
3714,1000000.0,0.0,1000000.0,1000000.0,18149.529249852396
3715,1000000.0,0.0,1000000.0,1000000.0,18149.499134466438
3716,887182.9105646398,0.0,887182.9105646398,887182.9105646398,16299.115358404555
3717,879022.8658188415,0.0,879022.8658188415,879022.8658188415,16163.941060178342
3718,879022.8658188415,0.0,879022.8658188415,879022.8658188415,16163.914242083103
3719,879022.8658188415,0.0,879022.8658188415,879022.8658188415,16163.887424076825
3720,544618.6939908762,0.0,544618.6939908762,544618.6939908762,10451.046047104386
3721,840410.0231833557,0.0,840410.0231833557,840410.0231833557,15521.81694548046
3722,879022.8658188415,0.0,879022.8658188415,879022.8658188415,16163.808222650965
3723,879022.8658188415,0.0,879022.8658188415,879022.8658188415,16163.781404996398
3724,879022.8658188415,0.0,879022.8658188415,879022.8658188415,16163.754587430803
3725,879022.8658188415,0.0,879022.8658188415,879022.8658188415,16163.727769954163
3726,934580.8109869397,0.0,934580.8109869397,934580.8109869397,17080.27826689733
3727,1000000.0,0.0,1000000.0,1000000.0,18149.143293241057
3728,983468.7948825837,0.0,983468.7948825837,983468.7948825837,17880.03476530278
3729,503839.41011295613,0.0,503839.41011295613,503839.41011295613,9727.997260507009
3730,659552.9073204221,0.0,659552.9073204221,659552.9073204221,12455.423151417974
3731,714046.7464432076,0.0,714046.7464432076,714046.7464432076,13390.020168351697
3732,757200.4766895112,0.0,757200.4766895112,757200.4766895112,14123.375829554969
3733,585124.7376668743,0.0,585124.7376668743,585124.7376668743,11162.651158901463
3734,617077.3383465599,0.0,617077.3383465599,617077.3383465599,11719.965673935172
3735,596899.0673100472,0.0,596899.0673100472,596899.0673100472,11368.409684839186
3736,635803.3254547762,0.0,635803.3254547762,635803.3254547762,12044.888494732828
3737,916645.858631338,0.0,916645.858631338,916645.858631338,16784.99969666128
3738,990914.1620878064,0.0,990914.1620878064,990914.1620878064,18001.01917915142
3739,802597.0565789668,0.0,802597.0565789668,802597.0565789668,14888.533557319894
3740,879022.8658188415,0.0,879022.8658188415,879022.8658188415,16163.330969927058
3741,224349.1167433637,0.0,224349.1167433637,224349.1167433637,4574.2575998295115
3742,859923.5416012064,0.0,859923.5416012064,859923.5416012064,15846.246845837262
3743,291441.7741373679,0.0,291441.7741373679,291441.7741373679,5847.8712368605175
3744,81850.24737430073,0.0,81850.24737430073,81850.24737430073,1704.9971735188183
3745,35489.71549384004,0.0,35489.71549384004,35489.71549384004,736.5989610122047
3746,87652.33689367556,0.0,87652.33689367556,87652.33689367556,1634.2498777293047
3747,247980.88148190462,0.0,247980.88148190462,247980.88148190462,4673.6066222352365
3748,302950.85140128824,0.0,302950.85140128824,302950.85140128824,6063.285858992452
3749,168252.44524699787,0.0,168252.44524699787,168252.44524699787,3485.5621423893826
3750,497836.12985146715,0.0,497836.12985146715,497836.12985146715,9620.143509255679
3751,287288.9991132918,0.0,287288.9991132918,287288.9991132918,5769.394126440895
3752,702210.5940548725,0.0,702210.5940548725,702210.5940548725,13186.659361554532
3753,812242.4751685937,0.0,812242.4751685937,812242.4751685937,15049.192457440904
3754,533077.1324181443,0.0,533077.1324181443,533077.1324181443,10245.926396387837
3755,563057.0865998345,0.0,563057.0865998345,563057.0865998345,10774.590145785025
3756,656176.3534252576,0.0,656176.3534252576,656176.3534252576,12395.968937377498
3757,587845.0594553181,0.0,587845.0594553181,587845.0594553181,11209.165912909424
3758,989961.2226149456,0.0,989961.2226149456,989961.2226149456,17983.975887736116
3759,502998.5670061704,0.0,502998.5670061704,502998.5670061704,9711.98012137457
3760,1000000.0,0.0,1000000.0,1000000.0,18147.222674469824
3761,721363.5133712027,0.0,721363.5133712027,721363.5133712027,13513.367898563922
3762,605389.4901446633,0.0,605389.4901446633,605389.4901446633,11515.339040579878
3763,520350.98464374605,0.0,520350.98464374605,520350.98464374605,10020.324959502446
3764,426559.16245463054,0.0,426559.16245463054,426559.16245463054,8338.82722955418
3765,443141.19024628575,0.0,443141.19024628575,443141.19024628575,8638.74462809384
3766,563897.3972645517,0.0,563897.3972645517,563897.3972645517,10789.161723154246
3767,437374.5600285865,0.0,437374.5600285865,437374.5600285865,8534.544679024002
3768,426906.6525949774,0.0,426906.6525949774,426906.6525949774,8345.068983369076
3769,424012.5599759872,0.0,424012.5599759872,424012.5599759872,8292.590490482185
3770,680962.3571017106,0.0,680962.3571017106,680962.3571017106,12822.222968892875
3771,691891.6439838598,0.0,691891.6439838598,691891.6439838598,13009.637623772316
3772,457246.5434758967,0.0,457246.5434758967,457246.5434758967,8892.85310120185
3773,326263.62598621426,0.0,326263.62598621426,326263.62598621426,6497.973467048755
3774,202021.46487926375,0.0,202021.46487926375,202021.46487926375,4143.418324124915
3775,219473.03544400295,0.0,219473.03544400295,219473.03544400295,4480.037040116284
3776,212135.17233781348,0.0,212135.17233781348,212135.17233781348,4338.755156775601
3777,384439.65238266555,0.0,384439.65238266555,384439.65238266555,7571.370731503426
3778,473129.0138005112,0.0,473129.0138005112,473129.0138005112,9178.009653991357
3779,525982.1018429002,0.0,525982.1018429002,525982.1018429002,10119.893894927924
3780,490682.79260186444,0.0,490682.79260186444,490682.79260186444,9492.037290077744
3781,460808.672028285,0.0,460808.672028285,460808.672028285,8956.78763126877
3782,538004.9014711197,0.0,538004.9014711197,538004.9014711197,10332.5803494418
3783,586339.7570981623,0.0,586339.7570981623,586339.7570981623,11182.361312247811
3784,600526.7895335037,0.0,600526.7895335037,600526.7895335037,11430.154750801157
3785,652602.4431765003,0.0,652602.4431765003,652602.4431765003,12333.714666093221
3786,431189.7687352407,0.0,431189.7687352407,431189.7687352407,8422.395270148158
3787,484109.4314558575,0.0,484109.4314558575,484109.4314558575,9374.46808518436
3788,715543.654385124,0.0,715543.654385124,715543.654385124,13413.577621092287
3789,844333.6864478331,0.0,844333.6864478331,844333.6864478331,15584.698889680474
3790,867620.0771015023,0.0,867620.0771015023,867620.0771015023,15972.042655882035
3791,874309.3105856042,0.0,874309.3105856042,874309.3105856042,16083.010977558806
3792,877886.3133597965,0.0,877886.3133597965,877886.3133597965,16142.286729275595
3793,879022.8658188415,0.0,879022.8658188415,879022.8658188415,16161.095206775308
3794,879022.8658188415,0.0,879022.8658188415,879022.8658188415,16161.068398118852
3795,874317.092755866,0.0,874317.092755866,874317.092755866,16083.03327907318
3796,874715.4588829329,0.0,874715.4588829329,874715.4588829329,16089.61273771218
3797,874783.230159154,0.0,874783.230159154,874783.230159154,16090.709859013821
3798,933490.2363856783,0.0,933490.2363856783,933490.2363856783,17059.49099853954
3799,982056.422133507,0.0,982056.422133507,982056.422133507,17854.050635430034
3800,1000000.0,0.0,1000000.0,1000000.0,18146.077169954362
3801,1000000.0,0.0,1000000.0,1000000.0,18146.04706601964
3802,1000000.0,0.0,1000000.0,1000000.0,18146.01696218479
3803,1000000.0,0.0,1000000.0,1000000.0,18145.986858449796
3804,1000000.0,0.0,1000000.0,1000000.0,18145.95675481467
3805,1000000.0,0.0,1000000.0,1000000.0,18145.926651279406
3806,1000000.0,0.0,1000000.0,1000000.0,18145.896547843997
3807,1000000.0,0.0,1000000.0,1000000.0,18145.86644450845
3808,1000000.0,0.0,1000000.0,1000000.0,18145.836341272767
3809,1000000.0,0.0,1000000.0,1000000.0,18145.806238136945
3810,977590.3217649207,0.0,977590.3217649207,977590.3217649207,17780.907900273833
3811,801116.1906587044,0.0,801116.1906587044,801116.1906587044,14861.114479903203
3812,874280.9431162497,0.0,874280.9431162497,874280.9431162497,16081.97598784447
3813,877042.3396416873,0.0,877042.3396416873,877042.3396416873,16127.73186372044
3814,871794.875942986,0.0,871794.875942986,871794.875942986,16040.686898191496
3815,873772.9334016724,0.0,873772.9334016724,873772.9334016724,16073.471141925964
3816,252112.4309694113,0.0,252112.4309694113,252112.4309694113,5103.66534899017
3817,256304.48214313696,0.0,256304.48214313696,256304.48214313696,5183.301499474538
3818,68175.7848416044,0.0,68175.7848416044,68175.7848416044,1417.319422796668
3819,79694.56082441454,0.0,79694.56082441454,79694.56082441454,1606.658418261076
3820,155681.56784093298,0.0,155681.56784093298,155681.56784093298,2982.3456580841607
3821,28921.802531783218,0.0,28921.802531783218,28921.802531783218,597.555214647257
3822,166580.9915879129,0.0,166580.9915879129,166580.9915879129,2967.6109314517835
3823,432416.1884609912,0.0,432416.1884609912,432416.1884609912,8443.154758348892
3824,477624.9540894001,0.0,477624.9540894001,477624.9540894001,9256.861614182098
3825,524377.4066242857,0.0,524377.4066242857,524377.4066242857,10089.613040825778
3826,535190.388355423,0.0,535190.388355423,535190.388355423,10280.985710835195
3827,546125.2100659438,0.0,546125.2100659438,546125.2100659438,10474.062411236655
3828,578793.7079280593,0.0,578793.7079280593,578793.7079280593,11048.269902535656
3829,608342.195981318,0.0,608342.195981318,608342.195981318,11564.294473088867
3830,627731.0121658407,0.0,627731.0121658407,627731.0121658407,11901.20963216983
3831,609583.0572368291,0.0,609583.0572368291,609583.0572368291,11585.858823246412
3832,587349.7781192531,0.0,587349.7781192531,587349.7781192531,11197.942907645607
3833,540084.7308184173,0.0,540084.7308184173,540084.7308184173,10367.347859584175
3834,217500.1213836904,0.0,217500.1213836904,217500.1213836904,4441.124852292665
3835,119476.10039598038,0.0,119476.10039598038,119476.10039598038,2489.5100424302364
3836,177975.11047579497,0.0,177975.11047579497,177975.11047579497,3546.2956350038744
3837,607185.6832779349,0.0,607185.6832779349,607185.6832779349,11543.828915426066
3838,418807.6780367868,0.0,418807.6780367868,418807.6780367868,8196.17521406142
3839,484513.6664151216,0.0,484513.6664151216,484513.6664151216,9379.731880123974
3840,772912.9532109083,0.0,772912.9532109083,772912.9532109083,14383.991555821303
3841,816637.8726898317,0.0,816637.8726898317,816637.8726898317,15118.941600152524
3842,848697.7485703455,0.0,848697.7485703455,848697.7485703455,15654.263268698825
3843,875147.4674430816,0.0,875147.4674430816,875147.4674430816,16093.709433250093
3844,878138.6360981006,0.0,878138.6360981006,878138.6360981006,16143.259458864446
3845,878895.9156847759,0.0,878895.9156847759,878895.9156847759,16155.78017610349
3846,926667.901987228,0.0,926667.901987228,926667.901987228,16944.141890360475
3847,1000000.0,0.0,1000000.0,1000000.0,18142.666881060544
3848,1000000.0,0.0,1000000.0,1000000.0,18142.636788432086
3849,1000000.0,0.0,1000000.0,1000000.0,18142.606695903432
3850,1000000.0,0.0,1000000.0,1000000.0,18142.576603474587
3851,1000000.0,0.0,1000000.0,1000000.0,18142.546511145552
3852,1000000.0,0.0,1000000.0,1000000.0,18142.516418916315
3853,1000000.0,0.0,1000000.0,1000000.0,18142.48632678689
3854,889634.821841452,0.0,889634.821841452,889634.821841452,16333.299037273982
3855,776380.9413515357,0.0,776380.9413515357,776380.9413515357,14442.127949422895
3856,765625.4609035257,0.0,765625.4609035257,765625.4609035257,14260.554379701138
3857,646522.3965218178,0.0,646522.3965218178,646522.3965218178,12225.783054301786
3858,487224.12484046153,0.0,487224.12484046153,487224.12484046153,9427.85949648507
3859,537616.5053964297,0.0,537616.5053964297,537616.5053964297,10323.129907039885
3860,795908.8684816367,0.0,795908.8684816367,795908.8684816367,14770.745344286848
3861,873859.448466584,0.0,873859.448466584,873859.448466584,16071.875152547582
3862,877331.0331234115,0.0,877331.0331234115,877331.0331234115,16129.396332716602
3863,879022.8658188415,0.0,879022.8658188415,879022.8658188415,16157.402684980543
3864,877570.8337249872,0.0,877570.8337249872,877570.8337249872,16133.27460787449
3865,876064.1433048729,0.0,876064.1433048729,876064.1433048729,16108.276973764649
3866,869437.6236676893,0.0,869437.6236676893,869437.6236676893,15998.352347891063
3867,868293.9549918971,0.0,868293.9549918971,868293.9549918971,15979.346272580107
3868,865194.8823104725,0.0,865194.8823104725,865194.8823104725,15927.87145697579
3869,865138.1832110041,0.0,865138.1832110041,865138.1832110041,15926.903520951277
3870,926890.0638247753,0.0,926890.0638247753,926890.0638247753,16947.08077607707
3871,892162.1256592586,0.0,892162.1256592586,892162.1256592586,16374.588577621733
3872,1000000.0,0.0,1000000.0,1000000.0,18141.8796283557
3873,1000000.0,0.0,1000000.0,1000000.0,18141.84953833821
3874,1000000.0,0.0,1000000.0,1000000.0,18141.819448420516
3875,1000000.0,0.0,1000000.0,1000000.0,18141.789358602615
3876,1000000.0,0.0,1000000.0,1000000.0,18141.75926888451
3877,900256.6128800425,0.0,900256.6128800425,900256.6128800425,16508.144491781386
3878,1000000.0,0.0,1000000.0,1000000.0,18141.699414629264
3879,902346.0478571435,0.0,902346.0478571435,902346.0478571435,16542.577843585903
3880,987629.5600898929,0.0,987629.5600898929,987629.5600898929,17940.423549287505
3881,899677.1391328794,0.0,899677.1391328794,899677.1391328794,16498.467503154472
3882,712344.3708142679,0.0,712344.3708142679,712344.3708142679,13355.302811577543
3883,611339.5118950951,0.0,611339.5118950951,611339.5118950951,11615.194315529146
3884,836979.5276390574,0.0,836979.5276390574,836979.5276390574,15457.807953227622
3885,873390.3072945861,0.0,873390.3072945861,873390.3072945861,16063.412868326974
3886,874968.003905115,0.0,874968.003905115,874968.003905115,16089.544610671444
3887,874393.579812092,0.0,874393.579812092,874393.579812092,16079.994725442562
3888,876445.9074379858,0.0,876445.9074379858,876445.9074379858,16113.988731230118
3889,879020.4367489829,0.0,879020.4367489829,879020.4367489829,16156.622511791888
3890,879022.8658188415,0.0,879022.8658188415,879022.8658188415,16156.63595941453
3891,879022.8658188415,0.0,879022.8658188415,879022.8658188415,16156.609165541502
3892,876943.7187904272,0.0,876943.7187904272,876943.7187904272,16122.132046595954
3893,877470.8442818578,0.0,877470.8442818578,877470.8442818578,16130.840605811462
3894,930619.9061051887,0.0,930619.9061051887,930619.9061051887,17007.698829650377
3895,1000000.0,0.0,1000000.0,1000000.0,18141.19535025133
3896,1000000.0,0.0,1000000.0,1000000.0,18141.165262503226
3897,1000000.0,0.0,1000000.0,1000000.0,18141.135174854906
3898,1000000.0,0.0,1000000.0,1000000.0,18141.10508730637
3899,1000000.0,0.0,1000000.0,1000000.0,18141.07499985761
3900,1000000.0,0.0,1000000.0,1000000.0,18141.04491250863
3901,989080.9092169583,0.0,989080.9092169583,989080.9092169583,17963.43145920083
3902,920718.3012072488,0.0,920718.3012072488,920718.3012072488,16844.68565171077
3903,676786.372227285,0.0,676786.372227285,676786.372227285,12746.136617908029
3904,1000000.0,0.0,1000000.0,1000000.0,18140.925975090497
3905,1000000.0,0.0,1000000.0,1000000.0,18140.895888235744
3906,678311.2385303266,0.0,678311.2385303266,678311.2385303266,12772.259113126232
3907,722365.3722906722,0.0,722365.3722906722,722365.3722906722,13525.543800147696
3908,807390.9174842011,0.0,807390.9174842011,807390.9174842011,14962.263736980036
3909,876136.7630662217,0.0,876136.7630662217,876136.7630662217,16108.302308252105
3910,876177.2371982136,0.0,876177.2371982136,876177.2371982136,16108.946415754555
3911,879022.8658188415,0.0,879022.8658188415,879022.8658188415,16156.071889869712
3912,877822.9507609797,0.0,877822.9507609797,877822.9507609797,16136.165207566823
3913,879022.8658188415,0.0,879022.8658188415,879022.8658188415,16156.018309604631
3914,875300.6861943025,0.0,875300.6861943025,875300.6861943025,16094.310611139595
3915,875827.8342165651,0.0,875827.8342165651,875827.8342165651,16103.021698761926
3916,878161.7386159064,0.0,878161.7386159064,878161.7386159064,16141.67150341011
3917,873870.0315802604,0.0,873870.0315802604,873870.0315802604,16070.512819715148
3918,902672.4929463661,0.0,902672.4929463661,902672.4929463661,16546.89747860786
3919,1000000.0,0.0,1000000.0,1000000.0,18140.48133439964
3920,950076.4588534051,0.0,950076.4588534051,950076.4588534051,17326.082075098006
3921,864840.9497839804,0.0,864840.9497839804,864840.9497839804,15920.589278606629
3922,650301.132211837,0.0,650301.132211837,650301.132211837,12289.65561487395
3923,703934.5420728403,0.0,703934.5420728403,703934.5420728403,13210.78893879677
3924,722222.7190040378,0.0,722222.7190040378,722222.7190040378,13522.727390893306
3925,708692.0038955528,0.0,708692.0038955528,708692.0038955528,13292.000708705555
3926,524225.3055942408,0.0,524225.3055942408,524225.3055942408,10084.979092145746
3927,725079.7197047696,0.0,725079.7197047696,725079.7197047696,13571.299370912966
3928,685864.8667475884,0.0,685864.8667475884,685864.8667475884,12901.392019678366
3929,782365.2366449039,0.0,782365.2366449039,782365.2366449039,14541.152294329702
3930,439104.99870255037,0.0,439104.99870255037,439104.99870255037,8562.33475997228
3931,592516.0714156206,0.0,592516.0714156206,592516.0714156206,11286.123625811651
3932,634096.9557560298,0.0,634096.9557560298,634096.9557560298,12009.258123023727
3933,869926.832643192,0.0,869926.832643192,869926.832643192,16004.694782648432
3934,875018.5352745148,0.0,875018.5352745148,875018.5352745148,16089.10734518297
3935,874872.9385488675,0.0,874872.9385488675,874872.9385488675,16086.667138424731
3936,876559.0008032911,0.0,876559.0008032911,876559.0008032911,16114.586338024188
3937,857775.5260093269,0.0,857775.5260093269,857775.5260093269,15802.784661729083
3938,863034.3376985148,0.0,863034.3376985148,863034.3376985148,15890.145130132618
3939,873728.5633225905,0.0,873728.5633225905,873728.5633225905,16067.588516916956
3940,831687.6485128654,0.0,831687.6485128654,831687.6485128654,15368.045310479354
3941,851601.5529595086,0.0,851601.5529595086,851601.5529595086,15699.987136154461
3942,859543.2867766072,0.0,859543.2867766072,859543.2867766072,15832.037360791575
3943,455376.364322788,0.0,455376.364322788,455376.364322788,8855.477048137538
3944,472780.3749466843,0.0,472780.3749466843,472780.3749466843,9167.992929782366
3945,413247.8557819908,0.0,413247.8557819908,413247.8557819908,8093.63107518937
3946,530881.2686010052,0.0,530881.2686010052,530881.2686010052,10202.478984411624
3947,511420.0782045142,0.0,511420.0782045142,511420.0782045142,9857.424531323302
3948,809754.895511699,0.0,809754.895511699,809754.895511699,15000.910644067822
3949,796211.3354932263,0.0,796211.3354932263,796211.3354932263,14773.599781325544
3950,778398.1341851797,0.0,778398.1341851797,778398.1341851797,14473.808966811841
3951,1000000.0,0.0,1000000.0,1000000.0,18139.549116140068
3952,677127.9434290364,0.0,677127.9434290364,677127.9434290364,12750.955294697784
3953,602156.8597419776,0.0,602156.8597419776,602156.8597419776,11453.907943244232
3954,20472.519059357364,0.0,20472.519059357364,20472.519059357364,421.4886322431879
3955,38094.01923465298,0.0,38094.01923465298,38094.01923465298,721.7079988351588
3956,0.0,0.0,0.0,0.0,-0.0
3957,277902.20037487446,0.0,277902.20037487446,277902.20037487446,4657.810068682454
3958,192246.47168801486,0.0,192246.47168801486,192246.47168801486,3951.694199950737
3959,497872.9330531442,0.0,497872.9330531442,497872.9330531442,9615.408386036968
3960,872339.6790721993,0.0,872339.6790721993,872339.6790721993,16042.799324533722
3961,831482.0831458853,0.0,831482.0831458853,831482.0831458853,15362.920492368365
3962,873947.3147661505,0.0,873947.3147661505,873947.3147661505,16069.400877176979
3963,863134.0070878542,0.0,863134.0070878542,863134.0070878542,15889.951446736872
3964,867333.5354459066,0.0,867333.5354459066,867333.5354459066,15959.645453012161
3965,833778.5002473013,0.0,833778.5002473013,833778.5002473013,15401.154973546232
3966,518798.5810721202,0.0,518798.5810721202,518798.5810721202,9987.29848726584
3967,411425.69290311704,0.0,411425.69290311704,411425.69290311704,8059.549591949618
3968,355456.84743683855,0.0,355456.84743683855,355456.84743683855,7034.822818988575
3969,534300.2451788171,0.0,534300.2451788171,534300.2451788171,10261.735056362739
3970,426172.65768501983,0.0,426172.65768501983,426172.65768501983,8327.139219566523
3971,535782.7457863648,0.0,535782.7457863648,535782.7457863648,10287.90353735636
3972,936769.7060151282,0.0,936769.7060151282,936769.7060151282,17105.22278943731
3973,1000000.0,0.0,1000000.0,1000000.0,18137.559585526127
3974,923142.6500019938,0.0,923142.6500019938,923142.6500019938,16881.324267009135
3975,880999.7876670475,0.0,880999.7876670475,880999.7876670475,16185.906223486778
3976,827037.3568164546,0.0,827037.3568164546,827037.3568164546,15288.30176575742
3977,762645.5789695561,0.0,762645.5789695561,762645.5789695561,14206.204825124956
3978,649803.7014596364,0.0,649803.7014596364,649803.7014596364,12278.964742357412
3979,708130.4440724519,0.0,708130.4440724519,708130.4440724519,13280.200453030351
3980,686907.2980290401,0.0,686907.2980290401,686907.2980290401,12917.14780736136
3981,561531.4573641808,0.0,561531.4573641808,561531.4573641808,10741.492216890767
3982,631078.3479592241,0.0,631078.3479592241,631078.3479592241,11955.029609321125
3983,539247.8613409491,0.0,539247.8613409491,539247.8613409491,10348.902724535768
3984,600330.1951966888,0.0,600330.1951966888,600330.1951966888,11420.57589846701
3985,585247.8123333013,0.0,585247.8123333013,585247.8123333013,11157.199963689574
3986,790538.9947612336,0.0,790538.9947612336,790538.9947612336,14676.23634463896
3987,794330.8368772125,0.0,794330.8368772125,794330.8368772125,14739.956477199368
3988,856091.4441283369,0.0,856091.4441283369,856091.4441283369,15772.280779522012
3989,869811.7467666263,0.0,869811.7467666263,869811.7467666263,16000.117788422416
3990,931928.8171460078,0.0,931928.8171460078,931928.8171460078,17025.263397137394
3991,1000000.0,0.0,1000000.0,1000000.0,18137.033510631507
3992,1000000.0,0.0,1000000.0,1000000.0,18137.00343668497
3993,1000000.0,0.0,1000000.0,1000000.0,18136.973362838144
3994,1000000.0,0.0,1000000.0,1000000.0,18136.94328909104
3995,806665.1356000928,0.0,806665.1356000928,806665.1356000928,14946.812423366433
3996,634484.4372756592,0.0,634484.4372756592,634484.4372756592,12013.741872520604
3997,645632.644784197,0.0,645632.644784197,645632.644784197,12206.539222954823
3998,729728.2293749191,0.0,729728.2293749191,729728.2293749191,13647.727241680466
3999,665761.0922104996,0.0,665761.0922104996,665761.0922104996,12553.569771176137
4000,781002.0508668164,0.0,781002.0508668164,781002.0508668164,14515.382574230096
4001,680925.9662846894,0.0,680925.9662846894,680925.9662846894,12814.119586899153
4002,677597.2706578257,0.0,677597.2706578257,677597.2706578257,12756.963505138185
4003,398448.4525277721,0.0,398448.4525277721,398448.4525277721,7822.747580854023
4004,658574.7870868947,0.0,658574.7870868947,658574.7870868947,12429.711134155292
4005,879022.8658188415,0.0,879022.8658188415,879022.8658188415,16152.37690119635
4006,879022.8658188415,0.0,879022.8658188415,879022.8658188415,16152.350121444937
4007,467736.7904358223,0.0,467736.7904358223,467736.7904358223,9075.8456117866
4008,738430.0784274791,0.0,738430.0784274791,738430.0784274791,13795.332719668346
4009,31657.90087078506,0.0,31657.90087078506,31657.90087078506,650.5207009499602
4010,400260.35705718945,0.0,400260.35705718945,400260.35705718945,6753.135361159426
4011,508301.0892444117,0.0,508301.0892444117,508301.0892444117,9799.528567913367
4012,784040.4759686313,0.0,784040.4759686313,784040.4759686313,14565.387434556143
4013,874059.0718548442,0.0,874059.0718548442,874059.0718548442,16068.962258950085
4014,869372.3600877274,0.0,869372.3600877274,869372.3600877274,15991.221294288809
4015,370100.95231157553,0.0,370100.95231157553,370100.95231157553,7303.282469366637
4016,426747.8929535275,0.0,426747.8929535275,426747.8929535275,8336.366581078551
4017,660391.8697316162,0.0,660391.8697316162,660391.8697316162,12459.9881303319
4018,834724.6809413972,0.0,834724.6809413972,834724.6809413972,15414.690932736783
4019,684998.24558563,0.0,684998.24558563,684998.24558563,12882.799239649883
4020,652478.6372391192,0.0,652478.6372391192,652478.6372391192,12323.511038475985
4021,609493.0614900544,0.0,609493.0614900544,609493.0614900544,11578.741740393525
4022,584256.185931587,0.0,584256.185931587,584256.185931587,11138.471508197048
4023,648069.7578855413,0.0,648069.7578855413,648069.7578855413,12247.355144655807
4024,562252.2377697718,0.0,562252.2377697718,562252.2377697718,10752.710264603696
4025,279419.3312573477,0.0,279419.3312573477,279419.3312573477,5616.918183616064
4026,554000.3401279472,0.0,554000.3401279472,554000.3401279472,10607.563823648527
4027,633029.0898347367,0.0,633029.0898347367,633029.0898347367,11987.18631059928
4028,874146.5822523935,0.0,874146.5822523935,874146.5822523935,16070.02653204368
4029,617090.0516892683,0.0,617090.0516892683,617090.0516892683,11710.674085719611
4030,330757.7760844686,0.0,330757.7760844686,330757.7760844686,6576.711137423048
4031,667298.3722463254,0.0,667298.3722463254,667298.3722463254,12578.58803342286
4032,178401.22627833564,0.0,178401.22627833564,178401.22627833564,3681.3376973742925
4033,36325.27186082276,0.0,36325.27186082276,36325.27186082276,752.4896107562022
4034,30707.76696677731,0.0,30707.76696677731,30707.76696677731,632.0457278893841
4035,0.0,0.0,0.0,0.0,-0.0
4036,0.0,0.0,0.0,0.0,-0.0
4037,0.0,0.0,0.0,0.0,-0.0
4038,89412.86499226408,0.0,89412.86499226408,89412.86499226408,1551.0983736887204
4039,375791.6513176685,0.0,375791.6513176685,375791.6513176685,6888.014294159807
4040,461492.7209254121,0.0,461492.7209254121,461492.7209254121,8962.053173312635
4041,518506.13729980495,0.0,518506.13729980495,518506.13729980495,9979.523279867844
4042,541091.3413242582,0.0,541091.3413242582,541091.3413242582,10379.046272908632
4043,543296.3936200761,0.0,543296.3936200761,543296.3936200761,10417.933224118464
4044,552047.7759858674,0.0,552047.7759858674,552047.7759858674,10572.13802465974
4045,546464.6777632252,0.0,546464.6777632252,546464.6777632252,10473.765114185491
4046,540705.8601019874,0.0,540705.8601019874,540705.8601019874,10372.174453759902
4047,526025.8166114416,0.0,526025.8166114416,526025.8166114416,10112.664904664827
4048,503703.01831033727,0.0,503703.01831033727,503703.01831033727,9716.470260703947
4049,429544.9744812117,0.0,429544.9744812117,429544.9744812117,8385.94299256992
4050,151388.83128146493,0.0,151388.83128146493,151388.83128146493,3150.363215686044
4051,70117.91195686819,0.0,70117.91195686819,70117.91195686819,1454.532339526699
4052,117338.44929680016,0.0,117338.44929680016,117338.44929680016,2263.591056142567
4053,593953.434231765,0.0,593953.434231765,593953.434231765,10811.270024027837
4054,673725.2143853998,0.0,673725.2143853998,673725.2143853998,12687.20731030612
4055,673686.4000332233,0.0,673686.4000332233,673686.4000332233,12686.519505958491
4056,752449.1457653488,0.0,752449.1457653488,752449.1457653488,14029.532634045296
4057,860026.8270367635,0.0,860026.8270367635,860026.8270367635,15833.28571136518
4058,689126.9230422663,0.0,689126.9230422663,689126.9230422663,12951.310880761375
4059,312259.31864047993,0.0,312259.31864047993,312259.31864047993,6231.446926364182
4060,523768.8937068096,0.0,523768.8937068096,523768.8937068096,10072.053687611236
4061,589655.4520323166,0.0,589655.4520323166,589655.4520323166,11230.881152977883
4062,925393.3731431365,0.0,925393.3731431365,925393.3731431365,16913.13905427622
4063,1000000.0,0.0,1000000.0,1000000.0,18131.980010950254
4064,1000000.0,0.0,1000000.0,1000000.0,18131.94995375314
4065,1000000.0,0.0,1000000.0,1000000.0,18131.91989665566
4066,1000000.0,0.0,1000000.0,1000000.0,18131.889839657804
4067,597180.5531935313,0.0,597180.5531935313,597180.5531935313,11362.108355405573
4068,1000000.0,0.0,1000000.0,1000000.0,18131.831156778
4069,1000000.0,0.0,1000000.0,1000000.0,18131.80110007429
4070,790938.6612827284,0.0,790938.6612827284,790938.6612827284,14678.473705443079
4071,818171.9498272554,0.0,818171.9498272554,818171.9498272554,15135.16880838464
4072,863210.5247051902,0.0,863210.5247051902,863210.5247051902,15885.766872637076
4073,918090.5729323647,0.0,918090.5729323647,918090.5729323647,16792.749789642476
4074,811240.6105014414,0.0,811240.6105014414,811240.6105014414,15019.057037774879
4075,798218.9930366176,0.0,798218.9930366176,798218.9930366176,14800.660181917488
4076,867362.7083813966,0.0,867362.7083813966,867362.7083813966,15954.574090256552
4077,874232.173616549,0.0,874232.173616549,874232.173616549,16068.452385496648
4078,879022.8658188415,0.0,879022.8658188415,879022.8658188415,16147.784327159141
4079,879022.8658188415,0.0,879022.8658188415,879022.8658188415,16147.757562626688
4080,879022.8658188415,0.0,879022.8658188415,879022.8658188415,16147.730798182936
4081,76393.06147135451,0.0,76393.06147135451,76393.06147135451,1587.0113730248022
4082,0.0,0.0,0.0,0.0,-0.0
4083,486738.8630057607,0.0,486738.8630057607,486738.8630057607,7843.690123686085
4084,877207.1927472341,0.0,877207.1927472341,877207.1927472341,16116.429216675331
4085,879022.8658188415,0.0,879022.8658188415,879022.8658188415,16146.46978867483
4086,930913.440121879,0.0,930913.440121879,930913.440121879,17001.961533695816
4087,1000000.0,0.0,1000000.0,1000000.0,18130.0185235554
4088,1000000.0,0.0,1000000.0,1000000.0,18129.98847285977
4089,1000000.0,0.0,1000000.0,1000000.0,18129.95842226373
4090,1000000.0,0.0,1000000.0,1000000.0,18129.92837176729
4091,1000000.0,0.0,1000000.0,1000000.0,18129.89832137045
4092,1000000.0,0.0,1000000.0,1000000.0,18129.868271073206
4093,1000000.0,0.0,1000000.0,1000000.0,18129.83822087556
4094,1000000.0,0.0,1000000.0,1000000.0,18129.80817077751
4095,1000000.0,0.0,1000000.0,1000000.0,18129.77812077905
4096,1000000.0,0.0,1000000.0,1000000.0,18129.74807088019
4097,1000000.0,0.0,1000000.0,1000000.0,18129.718021080924
4098,1000000.0,0.0,1000000.0,1000000.0,18129.687971381252
4099,1000000.0,0.0,1000000.0,1000000.0,18129.65792178117
4100,905631.2302910675,0.0,905631.2302910675,905631.2302910675,16585.650895205075
4101,877193.2235092614,0.0,877193.2235092614,877193.2235092614,16115.73883761225
4102,874576.4751480664,0.0,874576.4751480664,874576.4751480664,16072.36416169403
4103,876654.4603078088,0.0,876654.4603078088,876654.4603078088,16106.762058941706
4104,879022.8658188415,0.0,879022.8658188415,879022.8658188415,16145.956510686694
4105,877095.7863472047,0.0,877095.7863472047,877095.7863472047,16114.018250441604
4106,879022.8658188415,0.0,879022.8658188415,879022.8658188415,16145.902999682978
4107,879022.8658188415,0.0,879022.8658188415,879022.8658188415,16145.876241385142
4108,878358.2270103534,0.0,878358.2270103534,878358.2270103534,16134.844591117979
4109,879022.8658188415,0.0,879022.8658188415,879022.8658188415,16145.82272707516
4110,926994.4620273754,0.0,926994.4620273754,926994.4620273754,16936.925657876694
4111,1000000.0,0.0,1000000.0,1000000.0,18129.301474630196
4112,1000000.0,0.0,1000000.0,1000000.0,18129.27142631107
4113,1000000.0,0.0,1000000.0,1000000.0,18129.24137809153
4114,1000000.0,0.0,1000000.0,1000000.0,18129.21132997158
4115,1000000.0,0.0,1000000.0,1000000.0,18129.181281951205
4116,1000000.0,0.0,1000000.0,1000000.0,18129.151234030425
4117,1000000.0,0.0,1000000.0,1000000.0,18129.121186209228
4118,1000000.0,0.0,1000000.0,1000000.0,18129.09113848761
4119,1000000.0,0.0,1000000.0,1000000.0,18129.061090865584
4120,1000000.0,0.0,1000000.0,1000000.0,18129.031043343137
4121,1000000.0,0.0,1000000.0,1000000.0,18129.00099592027
4122,1000000.0,0.0,1000000.0,1000000.0,18128.970948596987
4123,989895.1294785793,0.0,989895.1294785793,989895.1294785793,17964.70656740476
4124,873813.2188151513,0.0,873813.2188151513,873813.2188151513,16059.126239789704
4125,876638.5506890088,0.0,876638.5506890088,876638.5506890088,16105.906440824394
4126,879022.8658188415,0.0,879022.8658188415,879022.8658188415,16145.363120913667
4127,879022.8658188415,0.0,879022.8658188415,879022.8658188415,16145.33636440481
4128,879022.8658188415,0.0,879022.8658188415,879022.8658188415,16145.309607984611
4129,879022.8658188415,0.0,879022.8658188415,879022.8658188415,16145.282851653075
4130,879022.8658188415,0.0,879022.8658188415,879022.8658188415,16145.2560954102
4131,879022.8658188415,0.0,879022.8658188415,879022.8658188415,16145.229339255977
4132,879022.8658188415,0.0,879022.8658188415,879022.8658188415,16145.202583190417
4133,879022.8658188415,0.0,879022.8658188415,879022.8658188415,16145.175827213514
4134,938127.9549016984,0.0,938127.9549016984,938127.9549016984,17118.9756700735
4135,1000000.0,0.0,1000000.0,1000000.0,18128.584554821045
4136,1000000.0,0.0,1000000.0,1000000.0,18128.554508877904
4137,1000000.0,0.0,1000000.0,1000000.0,18128.524463034333
4138,1000000.0,0.0,1000000.0,1000000.0,18128.494417290345
4139,1000000.0,0.0,1000000.0,1000000.0,18128.464371645925
4140,1000000.0,0.0,1000000.0,1000000.0,18128.434326101087
4141,1000000.0,0.0,1000000.0,1000000.0,18128.404280655814
4142,1000000.0,0.0,1000000.0,1000000.0,18128.37423531011
4143,1000000.0,0.0,1000000.0,1000000.0,18128.344190063985
4144,1000000.0,0.0,1000000.0,1000000.0,18128.314144917436
4145,1000000.0,0.0,1000000.0,1000000.0,18128.28409987045
4146,1000000.0,0.0,1000000.0,1000000.0,18128.254054923036
4147,1000000.0,0.0,1000000.0,1000000.0,18128.224010075195
4148,903665.6026127758,0.0,903665.6026127758,903665.6026127758,16551.92024560765
4149,879022.8658188415,0.0,879022.8658188415,879022.8658188415,16144.742852851741
4150,879022.8658188415,0.0,879022.8658188415,879022.8658188415,16144.716098398172
4151,879022.8658188415,0.0,879022.8658188415,879022.8658188415,16144.689344033251
4152,878453.3487797503,0.0,878453.3487797503,878453.3487797503,16135.233387369297
4153,879022.8658188415,0.0,879022.8658188415,879022.8658188415,16144.635837299697
4154,879022.8658188415,0.0,879022.8658188415,879022.8658188415,16144.609083200721
4155,879022.8658188415,0.0,879022.8658188415,879022.8658188415,16144.582329190389
4156,879022.8658188415,0.0,879022.8658188415,879022.8658188415,16144.555575268709
4157,879022.8658188415,0.0,879022.8658188415,879022.8658188415,16144.528821435679
4158,925269.2360897498,0.0,925269.2360897498,925269.2360897498,16907.232632215022
4159,1000000.0,0.0,1000000.0,1000000.0,18127.86759556254
4160,1000000.0,0.0,1000000.0,1000000.0,18127.837551995424
4161,1000000.0,0.0,1000000.0,1000000.0,18127.80750852787
4162,1000000.0,0.0,1000000.0,1000000.0,18127.777465159877
4163,1000000.0,0.0,1000000.0,1000000.0,18127.747421891447
4164,1000000.0,0.0,1000000.0,1000000.0,18127.71737872258
4165,1000000.0,0.0,1000000.0,1000000.0,18127.687335653274
4166,1000000.0,0.0,1000000.0,1000000.0,18127.65729268352
4167,1000000.0,0.0,1000000.0,1000000.0,18127.62724981334
4168,1000000.0,0.0,1000000.0,1000000.0,18127.59720704271
4169,1000000.0,0.0,1000000.0,1000000.0,18127.567164371645
4170,1000000.0,0.0,1000000.0,1000000.0,18127.537121800142
4171,968014.6335955235,0.0,968014.6335955235,968014.6335955235,17606.808793804215
4172,874221.5706947944,0.0,874221.5706947944,874221.5706947944,16064.604615032425
4173,879022.8658188415,0.0,879022.8658188415,879022.8658188415,16144.096101202473
4174,879022.8658188415,0.0,879022.8658188415,879022.8658188415,16144.069348891855
4175,879022.8658188415,0.0,879022.8658188415,879022.8658188415,16144.042596669884
4176,879022.8658188415,0.0,879022.8658188415,879022.8658188415,16144.015844536556
4177,879022.8658188415,0.0,879022.8658188415,879022.8658188415,16143.989092491858
4178,879022.8658188415,0.0,879022.8658188415,879022.8658188415,16143.962340535802
4179,879022.8658188415,0.0,879022.8658188415,879022.8658188415,16143.935588668384
4180,879022.8658188415,0.0,879022.8658188415,879022.8658188415,16143.908836889603
4181,876164.8879934074,0.0,876164.8879934074,876164.8879934074,16096.557035800413
4182,936482.1393496637,0.0,936482.1393496637,936482.1393496637,17090.623798195335
4183,1000000.0,0.0,1000000.0,1000000.0,18127.15086492923
4184,1000000.0,0.0,1000000.0,1000000.0,18127.12082373728
4185,1000000.0,0.0,1000000.0,1000000.0,18127.09078264489
4186,1000000.0,0.0,1000000.0,1000000.0,18127.060741652043
4187,1000000.0,0.0,1000000.0,1000000.0,18127.03070075875
4188,1000000.0,0.0,1000000.0,1000000.0,18127.000659965004
4189,1000000.0,0.0,1000000.0,1000000.0,18126.970619270814
4190,1000000.0,0.0,1000000.0,1000000.0,18126.94057867617
4191,1000000.0,0.0,1000000.0,1000000.0,18126.910538181073
4192,1000000.0,0.0,1000000.0,1000000.0,18126.88049778552
4193,1000000.0,0.0,1000000.0,1000000.0,18126.85045748952
4194,1000000.0,0.0,1000000.0,1000000.0,18126.820417293067
4195,962292.3436649687,0.0,962292.3436649687,962292.3436649687,17512.686360913198
4196,872160.9643731938,0.0,872160.9643731938,872160.9643731938,16029.815029204634
4197,877189.2293609125,0.0,877189.2293609125,877189.2293609125,16113.089656182448
4198,876915.3566736338,0.0,876915.3566736338,876915.3566736338,16108.527624588132
4199,879022.8658188415,0.0,879022.8658188415,879022.8658188415,16143.395909797595
4200,878908.8517403089,0.0,878908.8517403089,878908.8517403089,16141.439604829573
4201,879022.8658188415,0.0,879022.8658188415,879022.8658188415,16143.300317733663
4202,879022.8658188415,0.0,879022.8658188415,879022.8658188415,16143.273568059667
4203,879022.8658188415,0.0,879022.8658188415,879022.8658188415,16143.246818474303
4204,879022.8658188415,0.0,879022.8658188415,879022.8658188415,16143.220068977562
4205,879022.8658188415,0.0,879022.8658188415,879022.8658188415,16143.19331956945
4206,932887.7155393425,0.0,932887.7155393425,932887.7155393425,17030.933339605854
4207,1000000.0,0.0,1000000.0,1000000.0,18126.38758620216
4208,1000000.0,0.0,1000000.0,1000000.0,18126.35754753951
4209,1000000.0,0.0,1000000.0,1000000.0,18126.327508976403
4210,1000000.0,0.0,1000000.0,1000000.0,18126.297470512825
4211,1000000.0,0.0,1000000.0,1000000.0,18126.267432148794
4212,1000000.0,0.0,1000000.0,1000000.0,18126.23739388429
4213,1000000.0,0.0,1000000.0,1000000.0,18126.207355719333
4214,1000000.0,0.0,1000000.0,1000000.0,18126.177317653906
4215,1000000.0,0.0,1000000.0,1000000.0,18126.14727968802
4216,1000000.0,0.0,1000000.0,1000000.0,18126.117241821663
4217,1000000.0,0.0,1000000.0,1000000.0,18126.087204054842
4218,958816.8223258731,0.0,958816.8223258731,958816.8223258731,17455.19384062298
4219,814203.1321282127,0.0,814203.1321282127,814203.1321282127,15063.896554420979
4220,874294.3182953233,0.0,874294.3182953233,874294.3182953233,16064.48081602523
4221,879022.8658188415,0.0,879022.8658188415,879022.8658188415,16142.76123202996
4222,879022.8658188415,0.0,879022.8658188415,879022.8658188415,16142.734484142022
4223,879022.8658188415,0.0,879022.8658188415,879022.8658188415,16142.707736342712
4224,879022.8658188415,0.0,879022.8658188415,879022.8658188415,16142.680988632019
4225,879022.8658188415,0.0,879022.8658188415,879022.8658188415,16142.65424100994
4226,879022.8658188415,0.0,879022.8658188415,879022.8658188415,16142.62749347648
4227,879022.8658188415,0.0,879022.8658188415,879022.8658188415,16142.600746031632
4228,879022.8658188415,0.0,879022.8658188415,879022.8658188415,16142.573998675405
4229,879022.8658188415,0.0,879022.8658188415,879022.8658188415,16142.547251407792
4230,926349.5411327316,0.0,926349.5411327316,926349.5411327316,16922.91490485017
4231,1000000.0,0.0,1000000.0,1000000.0,18125.67164299539
4232,1000000.0,0.0,1000000.0,1000000.0,18125.641606705114
4233,1000000.0,0.0,1000000.0,1000000.0,18125.61157051436
4234,1000000.0,0.0,1000000.0,1000000.0,18125.581534423134
4235,1000000.0,0.0,1000000.0,1000000.0,18125.551498431425
4236,1000000.0,0.0,1000000.0,1000000.0,18125.521462539247
4237,1000000.0,0.0,1000000.0,1000000.0,18125.491426746597
4238,1000000.0,0.0,1000000.0,1000000.0,18125.461391053468
4239,815838.8101354837,0.0,815838.8101354837,815838.8101354837,15090.763472058336
4240,806251.9175673277,0.0,806251.9175673277,806251.9175673277,14930.194468853973
4241,752023.524097062,0.0,752023.524097062,752023.524097062,14016.91177423513
4242,727271.1297233221,0.0,727271.1297233221,727271.1297233221,13597.0548053835
4243,686176.6675589387,0.0,686176.6675589387,686176.6675589387,12895.740842139865
4244,853575.7848975345,0.0,853575.7848975345,853575.7848975345,15720.011639664513
4245,874403.1794125434,0.0,874403.1794125434,874403.1794125434,16065.617474869507
4246,879022.8658188415,0.0,879022.8658188415,879022.8658188415,16142.091577356543
4247,879022.8658188415,0.0,879022.8658188415,879022.8658188415,16142.064831687185
4248,879022.8658188415,0.0,879022.8658188415,879022.8658188415,16142.038086106433
4249,879022.8658188415,0.0,879022.8658188415,879022.8658188415,16142.01134061429
4250,879022.8658188415,0.0,879022.8658188415,879022.8658188415,16141.984595210752
4251,879022.8658188415,0.0,879022.8658188415,879022.8658188415,16141.957849895818
4252,879022.8658188415,0.0,879022.8658188415,879022.8658188415,16141.93110466949
4253,879022.8658188415,0.0,879022.8658188415,879022.8658188415,16141.904359531767
4254,935510.6657441006,0.0,935510.6657441006,935510.6657441006,17072.61095444752
4255,1000000.0,0.0,1000000.0,1000000.0,18124.95916746447
4256,1000000.0,0.0,1000000.0,1000000.0,18124.92913353497
4257,1000000.0,0.0,1000000.0,1000000.0,18124.89909970499
4258,957026.4062893571,0.0,957026.4062893571,957026.4062893571,17424.783404214268
4259,754425.7948042629,0.0,754425.7948042629,754425.7948042629,14057.131263387926
4260,653678.9824268608,0.0,653678.9824268608,653678.9824268608,12336.905561615229
4261,595805.5717672977,0.0,595805.5717672977,595805.5717672977,11333.477487080436
4262,608123.5683210331,0.0,608123.5683210331,608123.5683210331,11548.003384071206
4263,630277.8307485008,0.0,630277.8307485008,630277.8307485008,11932.510045285317
4264,627561.1172513443,0.0,627561.1172513443,627561.1172513443,11885.428631230014
4265,605844.2136674725,0.0,605844.2136674725,605844.2136674725,11508.286571271641
4266,286858.69196363643,0.0,286858.69196363643,286858.69196363643,5753.26178699627
4267,224619.9879282341,0.0,224619.9879282341,224619.9879282341,4572.600525303594
4268,427090.7999610264,0.0,427090.7999610264,427090.7999610264,8337.293671501217
4269,797905.9921375207,0.0,797905.9921375207,797905.9921375207,14789.506781010066
4270,854049.6236657078,0.0,854049.6236657078,854049.6236657078,15727.219768288105
4271,877662.5848952614,0.0,877662.5848952614,877662.5848952614,16118.914944878861
4272,875490.0535177982,0.0,875490.0535177982,875490.0535177982,16082.912266933437
4273,873544.8409140889,0.0,873544.8409140889,873544.8409140889,16050.662923559137
4274,875163.3219592138,0.0,875163.3219592138,875163.3219592138,16077.44736795349
4275,876867.5375517593,0.0,876867.5375517593,876867.5375517593,16105.644151369592
4276,872988.9155168931,0.0,872988.9155168931,872988.9155168931,16041.372274254045
4277,873873.1093824302,0.0,873873.1093824302,873873.1093824302,16055.995049753315
4278,879942.243822727,0.0,879942.243822727,879942.243822727,16156.463694586442
4279,911496.3109151961,0.0,911496.3109151961,911496.3109151961,16677.30177555374
4280,465765.6315333379,0.0,465765.6315333379,465765.6315333379,9033.893055003922
4281,523003.078813451,0.0,523003.078813451,523003.078813451,10053.859046696582
4282,541121.2737914987,0.0,541121.2737914987,541121.2737914987,10374.046185326592
4283,598976.3813527807,0.0,598976.3813527807,598976.3813527807,11388.336547492387
4284,502118.4999235879,0.0,502118.4999235879,502118.4999235879,9683.148158130069
4285,508219.2245374662,0.0,508219.2245374662,508219.2245374662,9791.583702264923
4286,486172.5746596122,0.0,486172.5746596122,486172.5746596122,9398.953527867116
4287,675452.3340415795,0.0,675452.3340415795,675452.3340415795,12710.894276042653
4288,647841.7761827102,0.0,647841.7761827102,647841.7761827102,12235.654259645502
4289,769697.5479548422,0.0,769697.5479548422,769697.5479548422,14314.399033846079
4290,568376.8067648013,0.0,568376.8067648013,568376.8067648013,10853.267730971333
4291,364419.240218713,0.0,364419.240218713,364419.240218713,7193.933250145948
4292,379473.78992381785,0.0,379473.78992381785,379473.78992381785,7470.134537673102
4293,662575.3395477259,0.0,662575.3395477259,662575.3395477259,12489.455977301099
4294,754897.2305938808,0.0,754897.2305938808,754897.2305938808,14064.30275736497
4295,738397.4222013731,0.0,738397.4222013731,738397.4222013731,13784.801238419102
4296,723882.2086931135,0.0,723882.2086931135,723882.2086931135,13538.215962766732
4297,793175.710223722,0.0,793175.710223722,793175.710223722,14709.40730464305
4298,757210.3871773641,0.0,757210.3871773641,757210.3871773641,14103.323275156641
4299,812388.2159267085,0.0,812388.2159267085,812388.2159267085,15031.532963859976
4300,652664.8986255787,0.0,652664.8986255787,652664.8986255787,12318.606481869308
4301,833787.3113116527,0.0,833787.3113116527,833787.3113116527,15389.057705647469
4302,580471.2576354594,0.0,580471.2576354594,580471.2576354594,11064.882265372695
4303,746633.0718194684,0.0,746633.0718194684,746633.0718194684,13924.2197936665
4304,490777.1510382428,0.0,490777.1510382428,490777.1510382428,9480.823248256529
4305,984068.6113255615,0.0,984068.6113255615,984068.6113255615,17864.533801873684
4306,637522.607522513,0.0,637522.607522513,637522.607522513,12057.026389354387
4307,543369.4013770735,0.0,543369.4013770735,543369.4013770735,10413.253507731224
4308,461786.27485633316,0.0,461786.27485633316,461786.27485633316,8962.063534898103
4309,475669.42314892635,0.0,475669.42314892635,475669.42314892635,9210.867241912563
4310,424849.9999418411,0.0,424849.9999418411,424849.9999418411,8296.127649877435
4311,298261.6975431722,0.0,298261.6975431722,298261.6975431722,5966.627606311843
4312,481340.70436811,0.0,481340.70436811,481340.70436811,9312.23812217822
4313,350315.8925362152,0.0,350315.8925362152,350315.8925362152,6933.925641641978
4314,155811.1498896758,0.0,155811.1498896758,155811.1498896758,3235.6691432148496
4315,41403.81460595767,0.0,41403.81460595767,41403.81460595767,861.1676238251298
4316,55042.504881715075,0.0,55042.504881715075,55042.504881715075,1107.0124595997174
4317,386591.6744551396,0.0,386591.6744551396,386591.6744551396,6733.762968223647
4318,822646.2124542543,0.0,822646.2124542543,822646.2124542543,15201.86669697952
4319,714266.7956811612,0.0,714266.7956811612,714266.7956811612,13373.323452426217
4320,681378.8373268074,0.0,681378.8373268074,681378.8373268074,12811.208407470795
4321,879022.8658188415,0.0,879022.8658188415,879022.8658188415,16139.31538966537
4322,422327.81207952567,0.0,422327.81207952567,422327.81207952567,8249.829265944558
4323,29066.24609434504,0.0,29066.24609434504,29066.24609434504,599.6583661541074
4324,680150.7696057229,0.0,680150.7696057229,680150.7696057229,10995.01788501352
4325,180276.93270628277,0.0,180276.93270628277,180276.93270628277,3714.722972085164
4326,4594.93137919354,0.0,4594.93137919354,4594.93137919354,-0.0
4327,86129.0052586528,0.0,86129.0052586528,86129.0052586528,1488.6489674462696
4328,211857.02520969228,0.0,211857.02520969228,211857.02520969228,3985.0930939683935
4329,304239.88950935303,0.0,304239.88950935303,304239.88950935303,6077.057640383207
4330,458223.7669620086,0.0,458223.7669620086,458223.7669620086,8896.061345612261
4331,400266.7580617341,0.0,400266.7580617341,400266.7580617341,7847.8659844158865
4332,544352.2799796542,0.0,544352.2799796542,544352.2799796542,10428.185762935187
4333,397475.0843583523,0.0,397475.0843583523,397475.0843583523,7796.9790069841865
4334,501563.02590013,0.0,501563.02590013,501563.02590013,9670.623759460132
4335,593126.3730607573,0.0,593126.3730607573,593126.3730607573,11283.24801894773
4336,681696.452248156,0.0,681696.452248156,681696.452248156,12814.621803756538
4337,603872.8567690162,0.0,603872.8567690162,603872.8567690162,11470.46277713727
4338,378880.72815780644,0.0,378880.72815780644,378880.72815780644,7457.242968471336
4339,311039.2725547512,0.0,311039.2725547512,311039.2725547512,6203.864025844921
4340,537029.8528042269,0.0,537029.8528042269,537029.8528042269,10298.912300283158
4341,596172.5751953662,0.0,596172.5751953662,596172.5751953662,11336.257276885884
4342,494495.4211319522,0.0,494495.4211319522,494495.4211319522,9544.6896398278
4343,787305.4915026356,0.0,787305.4915026356,787305.4915026356,14607.009382323971
4344,456034.8682714574,0.0,456034.8682714574,456034.8682714574,8856.527328543596
4345,635496.38350758,0.0,635496.38350758,635496.38350758,12018.98336442993
4346,344595.5184149799,0.0,344595.5184149799,344595.5184149799,6826.583339855516
4347,370616.2604615973,0.0,370616.2604615973,370616.2604615973,7305.647063339836
4348,234099.78483421684,0.0,234099.78483421684,234099.78483421684,4752.366900557889
4349,194878.78326619216,0.0,194878.78326619216,194878.78326619216,3998.0273095784187
4350,232474.9588560643,0.0,232474.9588560643,232474.9588560643,4721.312206694565
4351,134489.9585650855,0.0,134489.9585650855,134489.9585650855,2789.9588546801606
4352,146796.96098338766,0.0,146796.96098338766,146796.96098338766,2992.6215122567523
4353,315600.3638927549,0.0,315600.3638927549,315600.3638927549,6233.620524915898
4354,612103.3169834376,0.0,612103.3169834376,612103.3169834376,11613.151037542275
4355,788573.8106919851,0.0,788573.8106919851,788573.8106919851,14627.892863578165
4356,820305.2884227464,0.0,820305.2884227464,820305.2884227464,15159.6860087611
4357,922025.0814119173,0.0,922025.0814119173,922025.0814119173,16845.222938164836
4358,1000000.0,0.0,1000000.0,1000000.0,18118.596752022473
4359,834932.3053862918,0.0,834932.3053862918,834932.3053862918,15403.770494557022
4360,1000000.0,0.0,1000000.0,1000000.0,18118.537271496498
4361,1000000.0,0.0,1000000.0,1000000.0,18118.507258837013
4362,603104.5524547634,0.0,603104.5524547634,603104.5524547634,11456.489795516467
4363,400598.23460779816,0.0,400598.23460779816,400598.23460779816,7853.38561233841
4364,570720.5974318652,0.0,570720.5974318652,570720.5974318652,10890.862518384472
4365,407744.7314881681,0.0,407744.7314881681,407744.7314881681,7983.380963443707
4366,309678.9246966822,0.0,309678.9246966822,309678.9246966822,6178.131933861482
4367,231219.12509996878,0.0,231219.12509996878,231219.12509996878,4697.111705881722
4368,361637.11958665145,0.0,361637.11958665145,361637.11958665145,7140.339945854495
4369,258385.04580567972,0.0,258385.04580567972,258385.04580567972,5214.008315800295
4370,191658.10263662666,0.0,191658.10263662666,191658.10263662666,3935.3791446372647
4371,78716.14185258787,0.0,78716.14185258787,78716.14185258787,1631.4332034016659
4372,64752.87128443026,0.0,64752.87128443026,64752.87128443026,1347.6137005091489
4373,48766.69646729977,0.0,48766.69646729977,48766.69646729977,1014.9453635692478
4374,79683.70278265771,0.0,79683.70278265771,79683.70278265771,1548.565997208105
4375,308844.6772310849,0.0,308844.6772310849,308844.6772310849,5676.460511561122
4376,437398.315233908,0.0,437398.315233908,437398.315233908,8519.8965146984
4377,547570.3955193444,0.0,547570.3955193444,547570.3955193444,10483.454438070476
4378,612422.7312047592,0.0,612422.7312047592,612422.7312047592,11617.66375023534
4379,650990.1359521991,0.0,650990.1359521991,650990.1359521991,12285.122700040765
4380,703674.7457778414,0.0,703674.7457778414,703674.7457778414,13188.835297477855
4381,733129.9127040859,0.0,733129.9127040859,733129.9127040859,13690.165434174709
4382,681507.6429343529,0.0,681507.6429343529,681507.6429343529,12809.656901383121
4383,678512.0075057861,0.0,678512.0075057861,678512.0075057861,12758.277255400799
4384,579042.7420699863,0.0,579042.7420699863,579042.7420699863,11035.656894193397
4385,532108.7228828786,0.0,532108.7228828786,532108.7228828786,10210.619332957152
4386,264636.2905553373,0.0,264636.2905553373,264636.2905553373,5331.886646664701
4387,106634.91987829297,0.0,106634.91987829297,106634.91987829297,2215.9363632272825
4388,124031.47167839139,0.0,124031.47167839139,124031.47167839139,2518.253344548329
4389,612623.0691429994,0.0,612623.0691429994,612623.0691429994,11213.905149194015
4390,762615.4029901772,0.0,762615.4029901772,762615.4029901772,14188.798907524673
4391,833029.8639360759,0.0,833029.8639360759,833029.8639360759,15370.18392031117
4392,842074.1117868132,0.0,842074.1117868132,842074.1117868132,15520.855163138729
4393,835599.4303747246,0.0,835599.4303747246,835599.4303747246,15412.97116969338
4394,763699.0180482194,0.0,763699.0180482194,763699.0180482194,14206.99699430252
4395,756598.1177210297,0.0,756598.1177210297,756598.1177210297,14087.03697866068
4396,708114.3465802291,0.0,708114.3465802291,708114.3465802291,13263.9338825788
4397,715068.2352450521,0.0,715068.2352450521,715068.2352450521,13382.41760297785
4398,698931.894152764,0.0,698931.894152764,698931.894152764,13107.169163297911
4399,1000000.0,0.0,1000000.0,1000000.0,18116.17479179993
4400,775505.9108524482,0.0,775505.9108524482,775505.9108524482,14405.937520765488
4401,758819.2576577679,0.0,758819.2576577679,758819.2576577679,14124.428713653699
4402,652795.8478234663,0.0,652795.8478234663,652795.8478234663,12315.502855795514
4403,575995.6242663466,0.0,575995.6242663466,575995.6242663466,10981.740935286556
4404,443474.1124999869,0.0,443474.1124999869,443474.1124999869,8628.85728427007
4405,480760.05585498543,0.0,480760.05585498543,480760.05585498543,9297.850901494998
4406,447000.9626819357,0.0,447000.9626819357,447000.9626819357,8692.357109199034
4407,578603.5937562191,0.0,578603.5937562191,578603.5937562191,11027.301766142637
4408,452940.1290392114,0.0,452940.1290392114,452940.1290392114,8799.1904473219
4409,389312.23772837006,0.0,389312.23772837006,389312.23772837006,7646.408170938393
4410,228297.7190740905,0.0,228297.7190740905,228297.7190740905,4640.524359363888
4411,107757.19680520218,0.0,107757.19680520218,107757.19680520218,2237.968169798806
4412,418309.8671730555,0.0,418309.8671730555,418309.8671730555,7744.530865889853
4413,828053.0212574942,0.0,828053.0212574942,828053.0212574942,15286.275773594396
4414,859798.2477445409,0.0,859798.2477445409,859798.2477445409,15814.595253384065
4415,871061.5690075491,0.0,871061.5690075491,871061.5690075491,16001.346409384998
4416,875492.099299397,0.0,875492.099299397,875492.099299397,16074.693965290086
4417,874452.398800064,0.0,874452.398800064,874452.398800064,16057.453749437605
4418,873734.4031716501,0.0,873734.4031716501,873734.4031716501,16045.538082018249
4419,876630.8171951734,0.0,876630.8171951734,876630.8171951734,16093.463600378855
4420,752655.0375178048,0.0,752655.0375178048,752655.0375178048,14019.48193743511
4421,581422.0829704371,0.0,581422.0829704371,581422.0829704371,11076.075776176809
4422,852044.3859022642,0.0,852044.3859022642,852044.3859022642,15685.601548335111
4423,902696.8876761809,0.0,902696.8876761809,902696.8876761809,16523.86464381173
4424,310900.2338493011,0.0,310900.2338493011,310900.2338493011,6199.661449344038
4425,702250.6594816332,0.0,702250.6594816332,702250.6594816332,13162.960820436172
4426,700568.8182193335,0.0,700568.8182193335,700568.8182193335,13134.224711709141
4427,695947.577652901,0.0,695947.577652901,695947.577652901,13055.257082241198
4428,615398.9674695231,0.0,615398.9674695231,615398.9674695231,11667.854765005108
4429,679194.6918795292,0.0,679194.6918795292,679194.6918795292,12768.44024926619
4430,1000000.0,0.0,1000000.0,1000000.0,18114.88591441283
4431,1000000.0,0.0,1000000.0,1000000.0,18114.85591383858
4432,1000000.0,0.0,1000000.0,1000000.0,18114.825913363675
4433,773376.5122909897,0.0,773376.5122909897,773376.5122909897,14368.966317218954
4434,257642.59364213422,0.0,257642.59364213422,257642.59364213422,5198.830186720478
4435,245843.90937316057,0.0,245843.90937316057,245843.90937316057,4974.874310195541
4436,658704.1030805161,0.0,658704.1030805161,658704.1030805161,12416.287291190805
4437,819241.0267869534,0.0,819241.0267869534,819241.0267869534,15138.510559348184
4438,875003.787892412,0.0,875003.787892412,875003.787892412,16066.03606828448
4439,877306.0002114237,0.0,877306.0002114237,877306.0002114237,16104.116873287143
4440,877499.1366008273,0.0,877499.1366008273,877499.1366008273,16107.28643138374
4441,879022.8658188415,0.0,879022.8658188415,879022.8658188415,16132.472404648312
4442,879022.8658188415,0.0,879022.8658188415,879022.8658188415,16132.44569082577
4443,879022.8658188415,0.0,879022.8658188415,879022.8658188415,16132.418977091673
4444,879022.8658188415,0.0,879022.8658188415,879022.8658188415,16132.39226344603
4445,879016.7475834474,0.0,879016.7475834474,879016.7475834474,16132.264326825232
4446,930590.5854713061,0.0,930590.5854713061,930590.5854713061,16981.898540648424
4447,1000000.0,0.0,1000000.0,1000000.0,18114.38819678863
4448,1000000.0,0.0,1000000.0,1000000.0,18114.358197862595
4449,1000000.0,0.0,1000000.0,1000000.0,18114.328199035903
4450,1000000.0,0.0,1000000.0,1000000.0,18114.298200308545
4451,1000000.0,0.0,1000000.0,1000000.0,18114.26820168053
4452,1000000.0,0.0,1000000.0,1000000.0,18114.238203151857
4453,1000000.0,0.0,1000000.0,1000000.0,18114.208204722523
4454,978931.8634186974,0.0,978931.8634186974,978931.8634186974,17771.71642483034
4455,777703.0255681899,0.0,777703.0255681899,777703.0255681899,14441.305871555373
4456,852363.4183853589,0.0,852363.4183853589,852363.4183853589,15690.025433162698
4457,937809.9338294363,0.0,937809.9338294363,937809.9338294363,17099.95775924698
4458,935806.0682856381,0.0,935806.0682856381,935806.0682856381,17067.087512177888
4459,572080.9421631387,0.0,572080.9421631387,572080.9421631387,10911.911031153297
4460,861548.8395961109,0.0,861548.8395961109,861548.8395961109,15842.449063065285
4461,878971.7685409922,0.0,878971.7685409922,878971.7685409922,16131.090969398758
4462,879022.8658188415,0.0,879022.8658188415,879022.8658188415,16131.909618870452
4463,879022.8658188415,0.0,879022.8658188415,879022.8658188415,16131.882906911242
4464,879022.8658188415,0.0,879022.8658188415,879022.8658188415,16131.856195040473
4465,879022.8658188415,0.0,879022.8658188415,879022.8658188415,16131.829483258143
4466,879022.8658188415,0.0,879022.8658188415,879022.8658188415,16131.80277156425
4467,879022.8658188415,0.0,879022.8658188415,879022.8658188415,16131.776059958795
4468,879022.8658188415,0.0,879022.8658188415,879022.8658188415,16131.74934844178
4469,879022.8658188415,0.0,879022.8658188415,879022.8658188415,16131.722637013201
4470,931837.0494014797,0.0,931837.0494014797,931837.0494014797,17001.672192628477
4471,1000000.0,0.0,1000000.0,1000000.0,18113.675712258224
4472,1000000.0,0.0,1000000.0,1000000.0,18113.64571569153
4473,1000000.0,0.0,1000000.0,1000000.0,18113.615719224174
4474,1000000.0,0.0,1000000.0,1000000.0,18113.585722856144
4475,1000000.0,0.0,1000000.0,1000000.0,18113.55572658744
4476,1000000.0,0.0,1000000.0,1000000.0,18113.525730418067
4477,1000000.0,0.0,1000000.0,1000000.0,18113.49573434802
4478,1000000.0,0.0,1000000.0,1000000.0,18113.465738377297
4479,1000000.0,0.0,1000000.0,1000000.0,18113.435742505906
4480,1000000.0,0.0,1000000.0,1000000.0,18113.405746733843
4481,1000000.0,0.0,1000000.0,1000000.0,18113.375751061103
4482,932124.5344225689,0.0,932124.5344225689,932124.5344225689,17006.047217940624
4483,719160.85017581,0.0,719160.85017581,719160.85017581,13449.854032216374
4484,850255.9558792674,0.0,850255.9558792674,850255.9558792674,15654.26566304777
4485,873100.9448179663,0.0,873100.9448179663,873100.9448179663,16033.27407117724
4486,876522.3426466155,0.0,876522.3426466155,876522.3426466155,16089.888997578031
4487,878919.4730842899,0.0,878919.4730842899,878919.4730842899,16129.52774393432
4488,875107.8718942506,0.0,875107.8718942506,875107.8718942506,16066.423031767641
4489,875104.9345689523,0.0,875104.9345689523,875104.9345689523,16066.347804482848
4490,877380.13743418,0.0,877380.13743418,877380.13743418,16103.978143622646
4491,875768.2092710298,0.0,875768.2092710298,875768.2092710298,16077.273926709731
4492,874078.8842609937,0.0,874078.8842609937,874078.8842609937,16049.281186401353
4493,872193.3182538261,0.0,872193.3182538261,872193.3182538261,16018.030543114774
4494,866115.6509735474,0.0,866115.6509735474,866115.6509735474,15917.293937502882
4495,901933.6430893533,0.0,901933.6430893533,901933.6430893533,16509.32706401432
4496,865729.5453316853,0.0,865729.5453316853,865729.5453316853,15910.839707982768
4497,866602.3168042416,0.0,866602.3168042416,866602.3168042416,15925.282809036233
4498,763089.2788195598,0.0,763089.2788195598,763089.2788195598,14193.929719998867
4499,670426.7514453417,0.0,670426.7514453417,670426.7514453417,12616.486254835861
4500,639216.631806938,0.0,639216.631806938,639216.631806938,12078.890862545617
4501,711721.5729062855,0.0,711721.5729062855,711721.5729062855,13322.783664011782
4502,674139.6546788579,0.0,674139.6546788579,674139.6546788579,12680.159485846892
4503,660332.4674837365,0.0,660332.4674837365,660332.4674837365,12442.892918657946
4504,690669.5192911816,0.0,690669.5192911816,690669.5192911816,12963.320027976373
4505,751460.0171453707,0.0,751460.0171453707,751460.0171453707,13997.278900208381
4506,485848.68878402235,0.0,485848.68878402235,485848.68878402235,9386.854873984194
4507,451668.11290253897,0.0,451668.11290253897,451668.11290253897,8774.598087426262
4508,296639.36552871024,0.0,296639.36552871024,296639.36552871024,5932.353762990875
4509,387557.49234617536,0.0,387557.49234617536,387557.49234617536,7612.84238012213
4510,441449.4150677064,0.0,441449.4150677064,441449.4150677064,8590.578882820913
4511,674311.1358828967,0.0,674311.1358828967,674311.1358828967,12682.917012587479
4512,841999.7847542987,0.0,841999.7847542987,841999.7847542987,15516.213520767436
4513,833076.6010582546,0.0,833076.6010582546,833076.6010582546,15367.537328851122
4514,854005.2624492793,0.0,854005.2624492793,854005.2624492793,15715.80384094248
4515,796992.2621345449,0.0,796992.2621345449,796992.2621345449,14764.021590656817
4516,808943.5041337103,0.0,808943.5041337103,808943.5041337103,14964.285944041245
4517,834565.139404081,0.0,834565.139404081,834565.139404081,15392.248731348507
4518,822974.197855355,0.0,822974.197855355,822974.197855355,15198.841521762184
4519,874372.7788726245,0.0,874372.7788726245,874372.7788726245,16053.443951696208
4520,800870.489732455,0.0,800870.489732455,800870.489732455,14828.93908594839
4521,766237.7390464046,0.0,766237.7390464046,766237.7390464046,14246.51954284409
4522,662995.8418871947,0.0,662995.8418871947,662995.8418871947,12488.312959698744
4523,630382.0764731325,0.0,630382.0764731325,630382.0764731325,11925.666193660614
4524,647889.4808815182,0.0,647889.4808815182,647889.4808815182,12228.116555220884
4525,600904.0298085596,0.0,600904.0298085596,600904.0298085596,11413.955672544684
4526,616040.5361815884,0.0,616040.5361815884,616040.5361815884,11677.049506931793
4527,541076.8100179574,0.0,541076.8100179574,541076.8100179574,10365.910814139172
4528,611846.4213274186,0.0,611846.4213274186,611846.4213274186,11604.186857028677
4529,597571.4960989659,0.0,597571.4960989659,597571.4960989659,11355.843756564514
4530,432636.14466959855,0.0,432636.14466959855,432636.14466959855,8431.259436161386
4531,405991.3808583921,0.0,405991.3808583921,405991.3808583921,7948.4304547343045
4532,657511.6639218405,0.0,657511.6639218405,657511.6639218405,12393.752298818528
4533,754158.4260710309,0.0,754158.4260710309,754158.4260710309,14042.267064374226
4534,874535.2926161104,0.0,874535.2926161104,874535.2926161104,16055.74740587023
4535,869369.1886893739,0.0,869369.1886893739,869369.1886893739,15970.160880595231
4536,876305.9390011337,0.0,876305.9390011337,876305.9390011337,16084.960418348095
4537,844395.7250754727,0.0,844395.7250754727,844395.7250754727,15555.414407672826
4538,823778.414945507,0.0,823778.414945507,823778.414945507,15211.736340224628
4539,867456.4947321464,0.0,867456.4947321464,867456.4947321464,15938.317542363457
4540,877206.1419897857,0.0,877206.1419897857,877206.1419897857,16099.751080142943
4541,875137.7240794448,0.0,875137.7240794448,875137.7240794448,16065.49218716305
4542,915867.2915831822,0.0,915867.2915831822,915867.2915831822,16737.39362996151
4543,1000000.0,0.0,1000000.0,1000000.0,18111.52450649257
4544,1000000.0,0.0,1000000.0,1000000.0,18111.494517048868
4545,1000000.0,0.0,1000000.0,1000000.0,18111.464527704455
4546,1000000.0,0.0,1000000.0,1000000.0,18111.43453845934
4547,1000000.0,0.0,1000000.0,1000000.0,18111.404549313524
4548,940169.0346153046,0.0,940169.0346153046,940169.0346153046,17136.023187564868
4549,903156.3146502546,0.0,903156.3146502546,903156.3146502546,16527.984847294585
4550,885419.155479418,0.0,885419.155479418,885419.155479418,16235.289617349656
4551,833274.716289215,0.0,833274.716289215,833274.716289215,15369.838570247372
4552,809901.0287643741,0.0,809901.0287643741,809901.0287643741,14979.385683741408
4553,1000000.0,0.0,1000000.0,1000000.0,18111.226678109353
4554,605166.3485768317,0.0,605166.3485768317,605166.3485768317,11487.531355439845
4555,634739.9773253608,0.0,634739.9773253608,634739.9773253608,12000.374266146728
4556,671802.6395158508,0.0,671802.6395158508,671802.6395158508,12638.874577222025
4557,784229.6611727094,0.0,784229.6611727094,784229.6611727094,14548.62040091447
4558,797551.0930089371,0.0,797551.0930089371,797551.0930089371,14772.308411420232
4559,864910.5634895038,0.0,864910.5634895038,864910.5634895038,15895.585606416016
4560,872657.3845468806,0.0,872657.3845468806,872657.3845468806,16023.923478500274
4561,875286.8669672047,0.0,875286.8669672047,875286.8669672047,16067.429449382105
4562,839488.7897577065,0.0,839488.7897577065,839488.7897577065,15473.09250133723
4563,872925.0521643133,0.0,872925.0521643133,872925.0521643133,16028.276227266222
4564,740479.5566168941,0.0,740479.5566168941,740479.5566168941,13809.984713862605
4565,712403.7098566178,0.0,712403.7098566178,712403.7098566178,13332.951318960306
4566,856650.2137171694,0.0,856650.2137171694,856650.2137171694,15758.346248399264
4567,893908.5206698584,0.0,893908.5206698584,893908.5206698584,16375.016930995771
4568,855132.1146731891,0.0,855132.1146731891,855132.1146731891,15733.084930955047
4569,790781.6708312278,0.0,790781.6708312278,790781.6708312278,14658.424325937567
4570,680571.0751556763,0.0,680571.0751556763,680571.0751556763,12788.967343002016
4571,629693.8113211975,0.0,629693.8113211975,629693.8113211975,11912.75617995011
4572,613160.3193958947,0.0,613160.3193958947,613160.3193958947,11626.108224272708
4573,634741.2808555204,0.0,634741.2808555204,634741.2808555204,12000.032793879667
4574,667002.491956328,0.0,667002.491956328,667002.491956328,12556.056919777726
4575,538711.2622618753,0.0,538711.2622618753,538711.2622618753,10323.325701520347
4576,604348.5110453076,0.0,604348.5110453076,604348.5110453076,11472.879650548073
4577,560112.0271722262,0.0,560112.0271722262,560112.0271722262,10699.83556139003
4578,251143.86042211033,0.0,251143.86042211033,251143.86042211033,5074.249020352814
4579,196695.0468561191,0.0,196695.0468561191,196695.0468561191,4031.038040506255
4580,460165.9578487207,0.0,460165.9578487207,460165.9578487207,8926.114893447937
4581,534207.6918432224,0.0,534207.6918432224,534207.6918432224,10243.76711983697
4582,836493.8164813119,0.0,836493.8164813119,836493.8164813119,15422.709717314148
4583,874856.5643517978,0.0,874856.5643517978,874856.5643517978,16059.73813087744
4584,876143.0242534857,0.0,876143.0242534857,876143.0242534857,16081.00345840853
4585,868673.7943507219,0.0,868673.7943507219,868673.7943507219,15957.291686210752
4586,871011.7245758586,0.0,871011.7245758586,871011.7245758586,15995.996258384093
4587,873756.8578199052,0.0,873756.8578199052,873756.8578199052,16041.427272427516
4588,876389.0194861399,0.0,876389.0194861399,876389.0194861399,16084.96788521227
4589,875833.3902636806,0.0,875833.3902636806,875833.3902636806,16075.746163388529
4590,888426.5544335181,0.0,888426.5544335181,888426.5544335181,16283.915181517887
4591,983694.3713455154,0.0,983694.3713455154,983694.3713455154,17845.225590961098
4592,785514.3875533558,0.0,785514.3875533558,785514.3875533558,14569.380340030755
4593,577733.0794152227,0.0,577733.0794152227,577733.0794152227,11008.310431416206
4594,436252.89366004453,0.0,436252.89366004453,436252.89366004453,8495.592372447933
4595,425170.13000936725,0.0,425170.13000936725,425170.13000936725,8295.32481309785
4596,421821.71137114626,0.0,421821.71137114626,421821.71137114626,8234.704418571177
4597,491584.86362985347,0.0,491584.86362985347,491584.86362985347,9487.63461965807
4598,545171.5617846343,0.0,545171.5617846343,545171.5617846343,10436.772265013207
4599,304680.1986011673,0.0,304680.1986011673,304680.1986011673,6081.683911413527
4600,419254.1968095229,0.0,419254.1968095229,419254.1968095229,8188.144724114286
4601,363852.0438342744,0.0,363852.0438342744,363852.0438342744,7177.42196889411
4602,267563.78951665014,0.0,267563.78951665014,267563.78951665014,5384.845170465214
4603,356647.47763154533,0.0,356647.47763154533,356647.47763154533,7044.915429633829
4604,376840.8329576932,0.0,376840.8329576932,376840.8329576932,7415.609340222037
4605,785551.335736223,0.0,785551.335736223,785551.335736223,14569.703101533134
4606,822445.3015653368,0.0,822445.3015653368,822445.3015653368,15187.788974918081
4607,873193.1565891659,0.0,873193.1565891659,873193.1565891659,16031.583843278335
4608,872793.9631356702,0.0,872793.9631356702,872793.9631356702,16024.947807646717
4609,851781.6312703121,0.0,851781.6312703121,851781.6312703121,15676.392944045037
4610,857312.4594692357,0.0,857312.4594692357,857312.4594692357,15768.225362129784
4611,812827.1172791381,0.0,812827.1172791381,812827.1172791381,15026.907629307632
4612,789554.9494036451,0.0,789554.9494036451,789554.9494036451,14636.801807780517
4613,786890.1385468887,0.0,786890.1385468887,786890.1385468887,14592.008878357465
4614,812693.8248820056,0.0,812693.8248820056,812693.8248820056,15024.603471006081
4615,751263.8239220618,0.0,751263.8239220618,751263.8239220618,13991.391428030804
4616,793388.3332610527,0.0,793388.3332610527,793388.3332610527,14701.06835885805
4617,610202.3975529623,0.0,610202.3975529623,610202.3975529623,11573.864042755493
4618,589466.9968793781,0.0,589466.9968793781,589466.9968793781,11212.828091007235
4619,595328.4946392294,0.0,595328.4946392294,595328.4946392294,11315.016372489563
4620,634646.5183446661,0.0,634646.5183446661,634646.5183446661,11997.461440275973
4621,674530.0404223808,0.0,674530.0404223808,674530.0404223808,12684.317632142322
4622,713476.6819269966,0.0,713476.6819269966,713476.6819269966,13349.978044683627
4623,1000000.0,0.0,1000000.0,1000000.0,18109.206847417303
4624,789361.7544392552,0.0,789361.7544392552,789361.7544392552,14633.268471727155
4625,408087.4300147145,0.0,408087.4300147145,408087.4300147145,7985.201608437934
4626,301478.62043691543,0.0,301478.62043691543,301478.62043691543,6021.594910430953
4627,743102.0305665822,0.0,743102.0305665822,743102.0305665822,13852.988215214842
4628,536149.9146470017,0.0,536149.9146470017,536149.9146470017,10277.229972383542
4629,844572.7994767079,0.0,844572.7994767079,844572.7994767079,15556.030691489277
4630,818847.6281912978,0.0,818847.6281912978,818847.6281912978,15127.096000278349
4631,832273.2702547789,0.0,832273.2702547789,832273.2702547789,15351.149079222561
4632,852873.5853304125,0.0,852873.5853304125,852873.5853304125,15693.9481950706
4633,842645.6621984267,0.0,842645.6621984267,842645.6621984267,15523.862702753047
4634,837400.7128285067,0.0,837400.7128285067,837400.7128285067,15436.514570365223
4635,793002.7697019412,0.0,793002.7697019412,793002.7697019412,14694.140127981627
4636,684868.9240828645,0.0,684868.9240828645,684868.9240828645,12861.190609801548
4637,767772.7714499214,0.0,767772.7714499214,767772.7714499214,14269.65241432712
4638,773541.3779640812,0.0,773541.3779640812,773541.3779640812,14366.841200307694
4639,713275.8489697131,0.0,713275.8489697131,713275.8489697131,13346.181781363324
4640,685676.6917293717,0.0,685676.6917293717,685676.6917293717,12874.93378155826
4641,608973.6114730568,0.0,608973.6114730568,608973.6114730568,11552.047787234771
4642,589046.9784239904,0.0,589046.9784239904,589046.9784239904,11205.047662388984
4643,582600.7044557743,0.0,582600.7044557743,582600.7044557743,11092.478064120027
4644,620425.1203553957,0.0,620425.1203553957,620425.1203553957,11750.762421713796
4645,579513.0566755168,0.0,579513.0566755168,579513.0566755168,11038.47856893524
4646,425044.0863894081,0.0,425044.0863894081,425044.0863894081,8292.32018251399
4647,214534.45208387953,0.0,214534.45208387953,214534.45208387953,4374.547113359527
4648,537505.5217560229,0.0,537505.5217560229,537505.5217560229,10300.796566550078
4649,435002.74795558164,0.0,435002.74795558164,435002.74795558164,8472.235784663684
4650,166520.38419889996,0.0,166520.38419889996,166520.38419889996,3443.015657931678
4651,113582.97819184569,0.0,113582.97819184569,113582.97819184569,2359.9560053772107
4652,117737.53108853092,0.0,117737.53108853092,117737.53108853092,2441.806667057996
4653,107229.91833954795,0.0,107229.91833954795,107229.91833954795,2226.569608666263
4654,862722.4105554277,0.0,862722.4105554277,862722.4105554277,15023.833892051089
4655,874783.8044013946,0.0,874783.8044013946,874783.8044013946,16056.333157144578
4656,875031.0362940268,0.0,875031.0362940268,875031.0362940268,16060.398364212251
4657,876255.3774681668,0.0,876255.3774681668,876255.3774681668,16080.632594599654
4658,871725.6222234267,0.0,871725.6222234267,871725.6222234267,16005.625509647005
4659,868196.2349473023,0.0,868196.2349473023,868196.2349473023,15947.138303166763
4660,460399.65269538434,0.0,460399.65269538434,460399.65269538434,8928.891262577894
4661,424644.09248219576,0.0,424644.09248219576,424644.09248219576,8284.685959999579
4662,319344.3234856744,0.0,319344.3234856744,319344.3234856744,6354.059595097588
4663,594553.5943597753,0.0,594553.5943597753,594553.5943597753,11300.436333170994
4664,318472.42271333735,0.0,318472.42271333735,318472.42271333735,6337.826597784979
4665,574460.7608465896,0.0,574460.7608465896,574460.7608465896,10949.504113878695
4666,524952.7856343497,0.0,524952.7856343497,524952.7856343497,10078.572181127278
4667,522435.9144636949,0.0,522435.9144636949,522435.9144636949,10034.033872502363
4668,515922.24069121096,0.0,515922.24069121096,515922.24069121096,9918.682154832793
4669,341062.4107335618,0.0,341062.4107335618,341062.4107335618,6756.531849188147
4670,1000000.0,0.0,1000000.0,1000000.0,18107.484815068718
4671,1000000.0,0.0,1000000.0,1000000.0,18107.454838996084
4672,1000000.0,0.0,1000000.0,1000000.0,18107.42486302268
4673,1000000.0,0.0,1000000.0,1000000.0,18107.394887148508
4674,967719.5516685845,0.0,967719.5516685845,967719.5516685845,17582.367977102567
4675,877342.4840784871,0.0,877342.4840784871,877342.4840784871,16098.15251076674
4676,879022.8658188415,0.0,879022.8658188415,879022.8658188415,16125.920895071884
4677,799019.6882685496,0.0,799019.6882685496,799019.6882685496,14793.759620735182
4678,260922.10092065585,0.0,260922.10092065585,260922.10092065585,5258.489950716767
4679,375904.4419831998,0.0,375904.4419831998,375904.4419831998,7397.333292381503
4680,478767.9194806583,0.0,478767.9194806583,478767.9194806583,9257.438845274084
4681,797053.8402771569,0.0,797053.8402771569,797053.8402771569,14760.701095137621
4682,721347.6736446754,0.0,721347.6736446754,721347.6736446754,13482.303951110784
4683,381436.98968364147,0.0,381436.98968364147,381436.98968364147,7498.521926349526
4684,304785.01379871316,0.0,304785.01379871316,304785.01379871316,6082.5959918442
4685,370468.7916849355,0.0,370468.7916849355,370468.7916849355,7297.653012970183
4686,204257.57451617043,0.0,204257.57451617043,204257.57451617043,4176.269536916122
4687,192618.7872039113,0.0,192618.7872039113,192618.7872039113,3951.2291798047067
4688,227845.20748231772,0.0,227845.20748231772,227845.20748231772,4629.3081664361525
4689,301572.00507285347,0.0,301572.00507285347,301572.00507285347,6022.540556294512
4690,340925.05685680563,0.0,340925.05685680563,340925.05685680563,6753.750245883706
4691,281511.8551981526,0.0,281511.8551981526,281511.8551981526,5646.600649628104
4692,363711.6783421834,0.0,363711.6783421834,363711.6783421834,7173.556460739756
4693,270441.4518692996,0.0,270441.4518692996,270441.4518692996,5438.154617472749
4694,304264.9469286004,0.0,304264.9469286004,304264.9469286004,6072.786995789729
4695,176303.36464229797,0.0,176303.36464229797,176303.36464229797,3633.9401979229515
4696,195372.33950236917,0.0,195372.33950236917,195372.33950236917,4004.500417690996
4697,129065.2153442609,0.0,129065.2153442609,129065.2153442609,2681.061339310317
4698,3064.677501982114,0.0,3064.677501982114,3064.677501982114,-0.0
4699,27477.74215194401,0.0,27477.74215194401,27477.74215194401,473.43730254349805
4700,25522.02678967252,0.0,25522.02678967252,25522.02678967252,529.7362794407071
4701,187407.7739023477,0.0,187407.7739023477,187407.7739023477,3309.6873960676503
4702,145948.57100511488,0.0,145948.57100511488,145948.57100511488,3029.6446561255184
4703,163057.9604565095,0.0,163057.9604565095,163057.9604565095,3344.9231566578774
4704,155379.68832534557,0.0,155379.68832534557,155379.68832534557,3223.457715999192
4705,118279.32348884006,0.0,118279.32348884006,118279.32348884006,2452.022827459418
4706,31490.011025022406,0.0,31490.011025022406,31490.011025022406,646.2335597960755
4707,0.0,0.0,0.0,0.0,-0.0
4708,0.0,0.0,0.0,0.0,-0.0
4709,0.0,0.0,0.0,0.0,-0.0
4710,68328.03845723812,0.0,68328.03845723812,68328.03845723812,1180.8215787613801
4711,138111.67996666624,0.0,138111.67996666624,138111.67996666624,2614.3060280493874
4712,97954.59233739802,0.0,97954.59233739802,97954.59233739802,2034.8995457651624
4713,436156.1839881243,0.0,436156.1839881243,436156.1839881243,7970.337567582258
4714,175703.12107152696,0.0,175703.12107152696,175703.12107152696,3621.465553322784
4715,98825.42999654406,0.0,98825.42999654406,98825.42999654406,2052.0587109270323
4716,214071.88185283347,0.0,214071.88185283347,214071.88185283347,4096.7963668129105
4717,128368.64202087531,0.0,128368.64202087531,128368.64202087531,2666.703027518522
4718,187552.26941951626,0.0,187552.26941951626,187552.26941951626,3750.8268996801826
4719,349860.6703488017,0.0,349860.6703488017,349860.6703488017,6916.905752315725
4720,371407.6125096712,0.0,371407.6125096712,371407.6125096712,7312.921284987197
4721,154416.29609030642,0.0,154416.29609030642,154416.29609030642,3203.944539132585
4722,256841.9570870867,0.0,256841.9570870867,256841.9570870867,5179.765560177768
4723,74056.36395900964,0.0,74056.36395900964,74056.36395900964,1538.4170725793238
4724,152793.8684576643,0.0,152793.8684576643,152793.8684576643,2894.054403779172
4725,196598.79635497837,0.0,196598.79635497837,196598.79635497837,4026.9919792177866
4726,78470.32130933767,0.0,78470.32130933767,78470.32130933767,1625.2513350485735
4727,255030.34651443854,0.0,255030.34651443854,255030.34651443854,4694.425419582975
4728,241865.36283967138,0.0,241865.36283967138,241865.36283967138,4895.023841256803
4729,254778.69345056245,0.0,254778.69345056245,254778.69345056245,5140.201987240637
4730,598798.1076028948,0.0,598798.1076028948,598798.1076028948,11369.995355378185
4731,135285.74547386082,0.0,135285.74547386082,135285.74547386082,2810.708182361977
4732,190910.21994424277,0.0,190910.21994424277,190910.21994424277,3848.0949763655126
4733,137521.5127848094,0.0,137521.5127848094,137521.5127848094,2854.803508364754
4734,154632.75258940112,0.0,154632.75258940112,154632.75258940112,3151.7171766771316
4735,153225.7686753122,0.0,153225.7686753122,153225.7686753122,3180.082235922905
4736,175531.7999498007,0.0,175531.7999498007,175531.7999498007,3617.472948092926
4737,296761.26332064415,0.0,296761.26332064415,296761.26332064415,5930.2867109379085
4738,514463.41599119845,0.0,514463.41599119845,514463.41599119845,9888.774969561247
4739,489553.10310259985,0.0,489553.10310259985,489553.10310259985,9446.180607762479
4740,524643.1493683725,0.0,524643.1493683725,524643.1493683725,10068.908419151869
4741,401678.094530848,0.0,401678.094530848,401678.094530848,7864.590124994043
4742,464096.62469323375,0.0,464096.62469323375,464096.62469323375,8991.29748636759
4743,927257.0862238695,0.0,927257.0862238695,927257.0862238695,16914.00832107729
4744,232056.9399207425,0.0,232056.9399207425,232056.9399207425,4707.877105146155
4745,306819.3316984654,0.0,306819.3316984654,306819.3316984654,6118.054600657289
4746,229205.87262555934,0.0,229205.87262555934,229205.87262555934,4653.406301091114
4747,260996.024234627,0.0,260996.024234627,260996.024234627,5257.639761013326
4748,302850.0081636432,0.0,302850.0081636432,302850.0081636432,6043.95731922452
4749,183051.30243698577,0.0,183051.30243698577,183051.30243698577,3763.8588516182663
4750,263452.3236551956,0.0,263452.3236551956,263452.3236551956,5304.04034477879
4751,354591.2407622021,0.0,354591.2407622021,354591.2407622021,7003.005567425158
4752,198163.88245209184,0.0,198163.88245209184,198163.88245209184,4056.8332950917547
4753,204584.33244857163,0.0,204584.33244857163,204584.33244857163,4180.772705023427
4754,295264.331649964,0.0,295264.331649964,295264.331649964,5902.114373634548
4755,225355.36938835893,0.0,225355.36938835893,225355.36938835893,4579.707370332882
4756,285412.9858651022,0.0,285412.9858651022,285412.9858651022,5717.491841875159
4757,173505.9155724742,0.0,173505.9155724742,173505.9155724742,3577.800782198793
4758,252984.6220826113,0.0,252984.6220826113,252984.6220826113,5105.869178593437
4759,242243.8078736749,0.0,242243.8078736749,242243.8078736749,4901.889731514724
4760,386174.229778533,0.0,386174.229778533,386174.229778533,7581.844314908921
4761,361621.02763128566,0.0,361621.02763128566,361621.02763128566,7132.162811865741
4762,447232.6883222492,0.0,447232.6883222492,447232.6883222492,8688.243975406338
4763,557169.0225646041,0.0,557169.0225646041,557169.0225646041,10641.54344578513
4764,448386.14846673934,0.0,448386.14846673934,448386.14846673934,8708.961303720436
4765,703287.344282106,0.0,703287.344282106,703287.344282106,13169.203384053297
4766,461857.37267487374,0.0,461857.37267487374,461857.37267487374,8950.815425992581
4767,469155.1751411449,0.0,469155.1751411449,469155.1751411449,9081.523108762212
4768,653880.0375205592,0.0,653880.0375205592,653880.0375205592,12322.591333692224
4769,586018.3937110485,0.0,586018.3937110485,586018.3937110485,11146.393340037737
4770,312535.56791207334,0.0,312535.56791207334,312535.56791207334,6224.3130058923
4771,85957.5738038633,0.0,85957.5738038633,85957.5738038633,1781.2035670910325
4772,203227.85127003523,0.0,203227.85127003523,203227.85127003523,3826.992431921992
4773,118527.53432520447,0.0,118527.53432520447,118527.53432520447,2456.1787540174364
4774,127748.8674230631,0.0,127748.8674230631,127748.8674230631,2598.8050256797637
4775,128062.13777948942,0.0,128062.13777948942,128062.13777948942,2660.093415132871
4776,184428.6020617967,0.0,184428.6020617967,184428.6020617967,3690.8138366216426
4777,234684.81544685064,0.0,234684.81544685064,234684.81544685064,4757.48617088549
4778,322350.2144623816,0.0,322350.2144623816,322350.2144623816,6406.351890021752
4779,456910.68196853827,0.0,456910.68196853827,456910.68196853827,8861.414393907016
4780,411393.67937515373,0.0,411393.67937515373,411393.67937515373,8040.1249623217545
4781,287503.3956132156,0.0,287503.3956132156,287503.3956132156,5756.144018948606
4782,395716.4233895722,0.0,395716.4233895722,395716.4233895722,7755.139401826591
4783,585367.7635823186,0.0,585367.7635823186,585367.7635823186,11134.198884238844
4784,561908.000239969,0.0,561908.000239969,561908.000239969,10723.764544774469
4785,617446.5525201868,0.0,617446.5525201868,617446.5525201868,11692.176078752587
4786,603114.150561848,0.0,603114.150561848,603114.150561848,11443.292052712959
4787,565232.8058301776,0.0,565232.8058301776,565232.8058301776,10781.998381005207
4788,614667.8723953149,0.0,614667.8723953149,614667.8723953149,11643.926071724092
4789,614709.3329768241,0.0,614709.3329768241,614709.3329768241,11644.626083160583
4790,585580.0876628836,0.0,585580.0876628836,585580.0876628836,11137.77518802543
4791,620002.3571523785,0.0,620002.3571523785,620002.3571523785,11736.363173311604
4792,552210.0994612685,0.0,552210.0994612685,552210.0994612685,10553.376369858861
4793,507412.3225816391,0.0,507412.3225816391,507412.3225816391,9762.349468075952
4794,329835.1686180817,0.0,329835.1686180817,329835.1686180817,6544.993610756257
4795,134041.05782087345,0.0,134041.05782087345,134041.05782087345,2777.7673601986985
4796,156883.37620515315,0.0,156883.37620515315,156883.37620515315,3166.2520314118565
4797,144430.30436980035,0.0,144430.30436980035,144430.30436980035,2998.350038011016
4798,339999.03035242134,0.0,339999.03035242134,339999.03035242134,6674.03052578556
4799,609941.2193053698,0.0,609941.2193053698,609941.2193053698,11561.506795828196
4800,734049.3007114828,0.0,734049.3007114828,734049.3007114828,13690.631045847249
4801,872815.2890909578,0.0,872815.2890909578,872815.2890909578,16014.52973547072
4802,820871.8359286517,0.0,820871.8359286517,820871.8359286517,15151.181691503865
4803,813810.8844492753,0.0,813810.8844492753,813810.8844492753,15033.207430520277
4804,697024.8189741491,0.0,697024.8189741491,697024.8189741491,13060.645385559277
4805,701037.3959510796,0.0,701037.3959510796,701037.3959510796,13129.10007019242
4806,725364.9080338817,0.0,725364.9080338817,725364.9080338817,13543.136914417599
4807,920392.7616573165,0.0,920392.7616573165,920392.7616573165,16798.58452167076
4808,892365.2627808219,0.0,892365.2627808219,892365.2627808219,16337.325782145637
4809,766197.3658329681,0.0,766197.3658329681,766197.3658329681,14233.883807853103
4810,673820.8558482416,0.0,673820.8558482416,673820.8558482416,12663.508725518512
4811,638272.2308869548,0.0,638272.2308869548,638272.2308869548,12051.82227298355
4812,656431.7878562891,0.0,656431.7878562891,656431.7878562891,12364.791723434062
4813,662853.5443455232,0.0,662853.5443455232,662853.5443455232,12475.188356405879
4814,661186.6375889241,0.0,661186.6375889241,661186.6375889241,12446.519819829231
4815,704135.9818309555,0.0,704135.9818309555,704135.9818309555,13181.724676362097
4816,663979.9632649787,0.0,663979.9632649787,663979.9632649787,12494.479994611374
4817,625853.7032457488,0.0,625853.7032457488,625853.7032457488,11837.018960503248
4818,362044.50281321065,0.0,362044.50281321065,362044.50281321065,7138.744056276764
4819,218344.32832171876,0.0,218344.32832171876,218344.32832171876,4444.560276727641
4820,478134.1096599693,0.0,478134.1096599693,478134.1096599693,9240.60322975667
4821,683480.2569084712,0.0,683480.2569084712,683480.2569084712,12828.758818338058
4822,720192.0243372386,0.0,720192.0243372386,720192.0243372386,13454.898565462978
4823,867843.781314398,0.0,867843.781314398,867843.781314398,15931.662820692773
4824,224121.7061760229,0.0,224121.7061760229,224121.7061760229,4555.212877026392
4825,298721.13199679524,0.0,298721.13199679524,298721.13199679524,5965.609415999306
4826,417591.3655140708,0.0,417591.3655140708,417591.3655140708,8151.714811693441
4827,396434.65407737327,0.0,396434.65407737327,396434.65407737327,7767.50198565175
4828,305104.7790891311,0.0,305104.7790891311,305104.7790891311,6084.77515795874
4829,777059.2162495353,0.0,777059.2162495353,777059.2162495353,14416.328652732758
4830,867113.8924879052,0.0,867113.8924879052,867113.8924879052,15919.40056064671
4831,1000000.0,0.0,1000000.0,1000000.0,18096.780279894127
4832,1000000.0,0.0,1000000.0,1000000.0,18096.75033922088
4833,993615.3509171384,0.0,993615.3509171384,993615.3509171384,17993.143242981616
4834,767830.2500177808,0.0,767830.2500177808,767830.2500177808,14260.82624078696
4835,742788.1815429985,0.0,742788.1815429985,742788.1815429985,13837.885469832032
4836,838378.157412657,0.0,838378.157412657,838378.157412657,15442.148549095717
4837,787745.0927809702,0.0,787745.0927809702,787745.0927809702,14595.726036267217
4838,650927.2807736051,0.0,650927.2807736051,650927.2807736051,12269.510915690002
4839,641332.0148088625,0.0,641332.0148088625,641332.0148088625,12104.078598745458
4840,657739.6028145092,0.0,657739.6028145092,657739.6028145092,12386.719149543454
4841,1000000.0,0.0,1000000.0,1000000.0,18096.48743477448
4842,741240.3187055533,0.0,741240.3187055533,741240.3187055533,13811.521374618365
4843,305542.62466943805,0.0,305542.62466943805,305542.62466943805,6092.779950175283
4844,190627.7938567527,0.0,190627.7938567527,190627.7938567527,3910.0248651518564
4845,432062.7890547579,0.0,432062.7890547579,432062.7890547579,8413.105033167538
4846,502730.8090589209,0.0,502730.8090589209,502730.8090589209,9678.231120703998
4847,614216.1341961662,0.0,614216.1341961662,614216.1341961662,11634.77933068976
4848,809078.499119199,0.0,809078.499119199,809078.499119199,14952.986985325759
4849,873732.5329161974,0.0,873732.5329161974,873732.5329161974,16028.470448335935
4850,874888.7392563367,0.0,874888.7392563367,874888.7392563367,16047.570386192829
4851,879022.8658188415,0.0,879022.8658188415,879022.8658188415,16115.902122932313
4852,879010.2709469306,0.0,879010.2709469306,879010.2709469306,16115.667277779607
4853,879019.6610042528,0.0,879019.6610042528,879019.6610042528,16115.795831373036
4854,927201.237929451,0.0,927201.237929451,927201.237929451,16909.040866041767
4855,1000000.0,0.0,1000000.0,1000000.0,18096.08378591866
4856,1000000.0,0.0,1000000.0,1000000.0,18096.05384754957
4857,1000000.0,0.0,1000000.0,1000000.0,18096.02390927952
4858,1000000.0,0.0,1000000.0,1000000.0,18095.99397110851
4859,1000000.0,0.0,1000000.0,1000000.0,18095.964033036536
4860,1000000.0,0.0,1000000.0,1000000.0,18095.93409506361
4861,989706.2271911355,0.0,989706.2271911355,989706.2271911355,17928.866683784938
4862,1000000.0,0.0,1000000.0,1000000.0,18095.874252095127
4863,1000000.0,0.0,1000000.0,1000000.0,18095.844314419206
4864,858119.9516941578,0.0,858119.9516941578,858119.9516941578,15769.44247890678
4865,938580.5191542578,0.0,938580.5191542578,938580.5191542578,17095.178334923054
4866,712014.5017764223,0.0,712014.5017764223,712014.5017764223,13314.822458440574
4867,755680.1405841793,0.0,755680.1405841793,755680.1405841793,14055.101125004636
4868,861822.1864618044,0.0,861822.1864618044,861822.1864618044,15830.728109635193
4869,873048.8594159876,0.0,873048.8594159876,873048.8594159876,16016.626410171533
4870,877299.1479917871,0.0,877299.1479917871,877299.1479917871,16086.897801736368
4871,874241.0625479338,0.0,874241.0625479338,874241.0625479338,16036.296909349165
4872,878817.2779848878,0.0,878817.2779848878,878817.2779848878,16111.899740129305
4873,873700.8901822357,0.0,873700.8901822357,873700.8901822357,16027.26614456221
4874,879022.8658188415,0.0,879022.8658188415,879022.8658188415,16115.244640062325
4875,879022.8658188415,0.0,879022.8658188415,879022.8658188415,16115.217983224742
4876,878992.0594247737,0.0,878992.0594247737,878992.0594247737,16114.682132605667
4877,876463.3736492319,0.0,876463.3736492319,876463.3736492319,16072.850420266088
4878,925014.7786860402,0.0,925014.7786860402,925014.7786860402,16872.46411902001
4879,1000000.0,0.0,1000000.0,1000000.0,18095.325618010254
4880,1000000.0,0.0,1000000.0,1000000.0,18095.295682149215
4881,1000000.0,0.0,1000000.0,1000000.0,18095.265746387206
4882,1000000.0,0.0,1000000.0,1000000.0,18095.235810724218
4883,1000000.0,0.0,1000000.0,1000000.0,18095.205875160267
4884,1000000.0,0.0,1000000.0,1000000.0,18095.17593969534
4885,1000000.0,0.0,1000000.0,1000000.0,18095.146004329443
4886,1000000.0,0.0,1000000.0,1000000.0,18095.116069062566
4887,1000000.0,0.0,1000000.0,1000000.0,18095.086133894714
4888,1000000.0,0.0,1000000.0,1000000.0,18095.056198825892
4889,1000000.0,0.0,1000000.0,1000000.0,18095.02626385609
4890,720556.1027203046,0.0,720556.1027203046,720556.1027203046,13459.522226371311
4891,489313.3106504943,0.0,489313.3106504943,489313.3106504943,9438.81485798726
4892,829739.9972844709,0.0,829739.9972844709,829739.9972844709,15296.816576641038
4893,873485.8366121255,0.0,873485.8366121255,873485.8366121255,16023.175900887116
4894,874279.2617589575,0.0,874279.2617589575,874279.2617589575,16036.274620875944
4895,878369.7155292272,0.0,878369.7155292272,878369.7155292272,16103.886782856152
4896,876347.6194719003,0.0,876347.6194719003,876347.6194719003,16070.429085834887
4897,879022.8658188415,0.0,879022.8658188415,879022.8658188415,16114.629552068229
4898,879022.8658188415,0.0,879022.8658188415,879022.8658188415,16114.602897264982
4899,872731.0290581407,0.0,872731.0290581407,872731.0290581407,16010.528910897783
4900,873710.3339473084,0.0,873710.3339473084,873710.3339473084,16026.704207916639
4901,878848.8198336577,0.0,878848.8198336577,878848.8198336577,16111.646262858876
4902,920771.226475902,0.0,920771.226475902,920771.226475902,16802.158503776198
4903,1000000.0,0.0,1000000.0,1000000.0,18094.61446644805
4904,832673.4924996735,0.0,832673.4924996735,832673.4924996735,15345.388960886103
4905,716800.6407068318,0.0,716800.6407068318,716800.6407068318,13395.339827378117
4906,511363.19549319125,0.0,511363.19549319125,511363.19549319125,9830.344267189805
4907,473738.3387142054,0.0,473738.3387142054,473738.3387142054,9160.658600099754
4908,484995.2253850193,0.0,484995.2253850193,484995.2253850193,9361.590850804378
4909,428383.66151870333,0.0,428383.66151870333,428383.66151870333,8345.70847514124
4910,549970.3526328815,0.0,549970.3526328815,549970.3526328815,10511.715032802604
4911,507836.5754050477,0.0,507836.5754050477,507836.5754050477,9767.732064877833
4912,573283.0448974264,0.0,573283.0448974264,573283.0448974264,10920.459075270632
4913,514219.2671101854,0.0,514219.2671101854,514219.2671101854,9880.83666681354
4914,217600.58937217976,0.0,217600.58937217976,217600.58937217976,4429.515836250072
4915,101298.37561297222,0.0,101298.37561297222,101298.37561297222,2099.8786916561407
4916,224524.87263984905,0.0,224524.87263984905,224524.87263984905,4282.635895745148
4917,142875.82090280563,0.0,142875.82090280563,142875.82090280563,2958.992391528795
4918,361116.51993624534,0.0,361116.51993624534,361116.51993624534,6995.68035592531
4919,695514.952218165,0.0,695514.952218165,695514.952218165,13031.897794503173
4920,747208.7077229134,0.0,747208.7077229134,747208.7077229134,13910.213180505238
4921,785156.6785088639,0.0,785156.6785088639,785156.6785088639,14549.711237082585
4922,588286.9173763131,0.0,588286.9173763131,588286.9173763131,11181.932396280146
4923,418256.7804260711,0.0,418256.7804260711,418256.7804260711,8162.079126506484
4924,399853.0655274947,0.0,399853.0655274947,399853.0655274947,7828.091060506202
4925,200732.6385388137,0.0,200732.6385388137,200732.6385388137,4104.717774425906
4926,173435.71496509068,0.0,173435.71496509068,173435.71496509068,3574.9229496895764
4927,418598.7830070596,0.0,418598.7830070596,418598.7830070596,8168.218762963444
4928,384589.1904020995,0.0,384589.1904020995,384589.1904020995,7549.892952159024
4929,588173.7703398998,0.0,588173.7703398998,588173.7703398998,11179.834969928894
4930,554769.0987818579,0.0,554769.0987818579,554769.0987818579,10595.312095117912
4931,439951.0129722135,0.0,439951.0129722135,439951.0129722135,8553.755719741775
4932,422438.8273715857,0.0,422438.8273715857,422438.8273715857,8237.641632732235
4933,440022.17539826344,0.0,440022.17539826344,440022.17539826344,8555.009301871096
4934,605982.5110102021,0.0,605982.5110102021,605982.5110102021,11489.714850690141
4935,623888.3047472665,0.0,623888.3047472665,623888.3047472665,11800.232784528902
4936,644097.9695617552,0.0,644097.9695617552,644097.9695617552,12149.377419216282
4937,293567.47562044754,0.0,293567.47562044754,293567.47562044754,5867.824941539629
4938,215508.8511093613,0.0,215508.8511093613,215508.8511093613,4389.032256388492
4939,317663.7256000431,0.0,317663.7256000431,317663.7256000431,6317.160775368424
4940,382248.89813016774,0.0,382248.89813016774,382248.89813016774,7507.00180043705
4941,818772.37504084,0.0,818772.37504084,818772.37504084,15112.164035953885
4942,874100.5292989374,0.0,874100.5292989374,874100.5292989374,16031.565541995013
4943,876104.6400123885,0.0,876104.6400123885,876104.6400123885,16064.681990919971
4944,877983.5434482999,0.0,877983.5434482999,877983.5434482999,16095.717696142623
4945,874778.8996066353,0.0,874778.8996066353,874778.8996066353,16042.705728354607
4946,874298.4965707645,0.0,874298.4965707645,874298.4965707645,16034.73382427269
4947,878021.7884720921,0.0,878021.7884720921,878021.7884720921,16096.270023578547
4948,876596.0942205365,0.0,876596.0942205365,876596.0942205365,16072.674816601408
4949,875324.9134767707,0.0,875324.9134767707,875324.9134767707,16051.629279517414
4950,883822.0353869932,0.0,883822.0353869932,883822.0353869932,16192.018095880332
4951,991760.683057697,0.0,991760.683057697,991760.683057697,17959.00600329643
4952,901265.7469597541,0.0,901265.7469597541,901265.7469597541,16479.605350531987
4953,948229.0696140003,0.0,948229.0696140003,948229.0696140003,17249.953917541887
4954,729476.3804936804,0.0,729476.3804936804,729476.3804936804,13609.115352925364
4955,628512.5205155027,0.0,628512.5205155027,628512.5205155027,11879.851993915758
4956,572688.1900078129,0.0,572688.1900078129,572688.1900078129,10908.88417759394
4957,585382.482470406,0.0,585382.482470406,585382.482470406,11130.628041131036
4958,588348.1598831166,0.0,588348.1598831166,588348.1598831166,11182.334704876843
4959,562281.0277075747,0.0,562281.0277075747,562281.0277075747,10726.587261050729
4960,506528.12318976154,0.0,506528.12318976154,506528.12318976154,9743.38347455258
4961,429307.3627356688,0.0,429307.3627356688,429307.3627356688,8361.36283999228
4962,214087.29374051548,0.0,214087.29374051548,214087.29374051548,4361.549981146033
4963,233264.89330880798,0.0,233264.89330880798,233264.89330880798,4728.564670572166
4964,521117.8012844517,0.0,521117.8012844517,521117.8012844517,10001.74594582441
4965,764363.6095280268,0.0,764363.6095280268,764363.6095280268,14198.82883752342
4966,828505.1617481622,0.0,828505.1617481622,828505.1617481622,15273.90887775785
4967,644463.2385306442,0.0,644463.2385306442,644463.2385306442,12155.053097201202
4968,869355.3152489051,0.0,869355.3152489051,869355.3152489051,15952.375952065857
4969,874423.3021124587,0.0,874423.3021124587,874423.3021124587,16036.20309726198
4970,723739.9755408261,0.0,723739.9755408261,723739.9755408261,13511.397907951008
4971,514682.6599705008,0.0,514682.6599705008,514682.6599705008,9887.744648708762
4972,585441.060337732,0.0,585441.060337732,585441.060337732,11131.3745801431
4973,367417.3810411277,0.0,367417.3810411277,367417.3810411277,7235.133053870589
4974,447662.6068354274,0.0,447662.6068354274,447662.6068354274,8691.903390006728
4975,533065.8082851722,0.0,533065.8082851722,533065.8082851722,10212.581480140787
4976,470577.8167362417,0.0,470577.8167362417,470577.8167362417,9102.776377328733
4977,534606.1806558378,0.0,534606.1806558378,534606.1806558378,10239.713676761008
4978,667095.569655079,0.0,667095.569655079,667095.569655079,12544.163326757624
4979,596393.3351076079,0.0,596393.3351076079,596393.3351076079,11322.10403796496
4980,671755.5294592916,0.0,671755.5294592916,671755.5294592916,12624.072409369172
4981,691588.8052366491,0.0,691588.8052366491,691588.8052366491,12963.531275073423
4982,667650.3212981068,0.0,667650.3212981068,667650.3212981068,12553.602025543574
4983,673806.7477030964,0.0,673806.7477030964,673806.7477030964,12659.179386193176
4984,593537.0622385439,0.0,593537.0622385439,593537.0622385439,11272.277106504092
4985,544257.618964023,0.0,544257.618964023,544257.618964023,10409.58199402671
4986,321581.2433290363,0.0,321581.2433290363,321581.2433290363,6389.401823062355
4987,201490.50031525135,0.0,201490.50031525135,201490.50031525135,4118.888707083076
4988,496540.000698812,0.0,496540.000698812,496540.000698812,9565.539942453508
4989,552730.6279690122,0.0,552730.6279690122,552730.6279690122,10558.474970052443
4990,528561.0644467431,0.0,528561.0644467431,528561.0644467431,10132.832975405354
4991,576480.956138285,0.0,576480.956138285,576480.956138285,10974.57055404635
4992,600463.6778739053,0.0,600463.6778739053,600463.6778739053,11392.683618918683
4993,762359.9638151956,0.0,762359.9638151956,762359.9638151956,14164.407521222602
4994,811961.3670052396,0.0,811961.3670052396,811961.3670052396,14997.092782460357
4995,816940.4193108686,0.0,816940.4193108686,816940.4193108686,15080.256045373788
4996,799939.7595970588,0.0,799939.7595970588,799939.7595970588,14795.893495120064
4997,851055.1193957159,0.0,851055.1193957159,851055.1193957159,15648.265969540322
4998,863584.2573302442,0.0,863584.2573302442,863584.2573302442,15856.042217416592
4999,998225.7027905914,0.0,998225.7027905914,998225.7027905914,18062.527530326042
5000,905367.3023028055,0.0,905367.3023028055,905367.3023028055,16545.853890378476
5001,921604.8120424405,0.0,921604.8120424405,921604.8120424405,16812.646046303573
5002,822422.9945672454,0.0,822422.9945672454,822422.9945672454,15171.597022252698
5003,708339.1602472635,0.0,708339.1602472635,708339.1602472635,13248.769925907749
5004,638352.1875329041,0.0,638352.1875329041,638352.1875329041,12048.894077407052
5005,617690.9719608079,0.0,617690.9719608079,617690.9719608079,11691.522719816903
5006,619889.1984867288,0.0,619889.1984867288,619889.1984867288,11729.593234525639
5007,647342.679063648,0.0,647342.679063648,647342.679063648,12203.876245374131
5008,659874.1125709678,0.0,659874.1125709678,659874.1125709678,12419.507159657716
5009,607980.6343621612,0.0,607980.6343621612,607980.6343621612,11522.988629333751
5010,436784.7425440332,0.0,436784.7425440332,436784.7425440332,8495.558210204548
5011,135069.6311308644,0.0,135069.6311308644,135069.6311308644,2796.817490327282
5012,403174.8208895304,0.0,403174.8208895304,403174.8208895304,7680.321108436048
5013,627429.4225101311,0.0,627429.4225101311,627429.4225101311,11859.84938506265
5014,780071.3048239516,0.0,780071.3048239516,780071.3048239516,14461.928104554321
5015,826923.146922715,0.0,826923.146922715,826923.146922715,15246.162279202954
5016,873716.3815886824,0.0,873716.3815886824,873716.3815886824,16023.126441066346
5017,874302.6120578994,0.0,874302.6120578994,874302.6120578994,16032.795365325946
5018,879022.8658188415,0.0,879022.8658188415,879022.8658188415,16110.800612255704
5019,879022.8658188415,0.0,879022.8658188415,879022.8658188415,16110.77397010818
5020,879022.8658188415,0.0,879022.8658188415,879022.8658188415,16110.747328048745
5021,879022.8658188415,0.0,879022.8658188415,879022.8658188415,16110.720686077406
5022,887807.4432177037,0.0,887807.4432177037,887807.4432177037,16255.75093126061
5023,976069.7781180955,0.0,976069.7781180955,976069.7781180955,17701.782045832715
5024,1000000.0,0.0,1000000.0,1000000.0,18090.37083001204
5025,1000000.0,0.0,1000000.0,1000000.0,18090.340910532446
5026,1000000.0,0.0,1000000.0,1000000.0,18090.310991151808
5027,1000000.0,0.0,1000000.0,1000000.0,18090.281071870108
5028,1000000.0,0.0,1000000.0,1000000.0,18090.25115268736
5029,1000000.0,0.0,1000000.0,1000000.0,18090.221233603555
5030,1000000.0,0.0,1000000.0,1000000.0,18090.191314618696
5031,1000000.0,0.0,1000000.0,1000000.0,18090.161395732783
5032,1000000.0,0.0,1000000.0,1000000.0,18090.13147694581
5033,874762.586504739,0.0,874762.586504739,874762.586504739,16039.973939560945
5034,525945.7146417499,0.0,525945.7146417499,525945.7146417499,10085.76772675453
5035,683786.1027244267,0.0,683786.1027244267,683786.1027244267,12828.830263087657
5036,847108.4846772794,0.0,847108.4846772794,847108.4846772794,15581.546064370874
5037,878187.2254334412,0.0,878187.2254334412,878187.2254334412,16096.483500816443
5038,879022.8658188415,0.0,879022.8658188415,879022.8658188415,16110.266210145473
5039,879022.8658188415,0.0,879022.8658188415,879022.8658188415,16110.239569764934
5040,879022.8658188415,0.0,879022.8658188415,879022.8658188415,16110.171014135412
5041,879022.8658188415,0.0,879022.8658188415,879022.8658188415,16110.144374069598
5042,879022.8658188415,0.0,879022.8658188415,879022.8658188415,16110.117734091868
5043,879022.8658188415,0.0,879022.8658188415,879022.8658188415,16110.091094202218
5044,879022.8658188415,0.0,879022.8658188415,879022.8658188415,16110.064454400654
5045,879022.8658188415,0.0,879022.8658188415,879022.8658188415,16110.037814687163
5046,880399.4309567751,0.0,880399.4309567751,880399.4309567751,16132.75502888418
5047,1000000.0,0.0,1000000.0,1000000.0,18089.643908806345
5048,1000000.0,0.0,1000000.0,1000000.0,18089.613991730686
5049,1000000.0,0.0,1000000.0,1000000.0,18089.584074753962
5050,1000000.0,0.0,1000000.0,1000000.0,18089.554157876166
5051,1000000.0,0.0,1000000.0,1000000.0,18089.52424109731
5052,1000000.0,0.0,1000000.0,1000000.0,18089.494324417392
5053,938302.5154849787,0.0,938302.5154849787,938302.5154849787,17084.61859311358
5054,609825.8364421546,0.0,609825.8364421546,609825.8364421546,11553.97527460338
5055,523187.75149639783,0.0,523187.75149639783,523187.75149639783,10036.644228653988
5056,530483.7422379428,0.0,530483.7422379428,530483.7422379428,10165.475337173455
5057,369925.41513998713,0.0,369925.41513998713,369925.41513998713,7279.929990854326
5058,270212.7924805186,0.0,270212.7924805186,270212.7924805186,5427.994613116953
5059,232348.17698504188,0.0,232348.17698504188,232348.17698504188,4710.191585005755
5060,176360.49437325058,0.0,176360.49437325058,176360.49437325058,3631.034868956212
5061,347042.67820271896,0.0,347042.67820271896,347042.67820271896,6859.3811679644
5062,864312.3482424269,0.0,864312.3482424269,864312.3482424269,15866.227914535599
5063,874642.6311850301,0.0,874642.6311850301,874642.6311850301,16037.167306698791
5064,874424.8227614933,0.0,874424.8227614933,874424.8227614933,16033.539115638336
5065,870116.757632746,0.0,870116.757632746,870116.757632746,15962.247825544575
5066,877611.4483219702,0.0,877611.4483219702,877611.4483219702,16086.166878208644
5067,879005.3363583784,0.0,879005.3363583784,879005.3363583784,16109.175008882561
5068,878097.5563323227,0.0,878097.5563323227,878097.5563323227,16094.147458517507
5069,876996.6216323972,0.0,876996.6216323972,876996.6216323972,16075.925077708427
5070,899278.6694422188,0.0,899278.6694422188,899278.6694422188,16443.522327843955
5071,1000000.0,0.0,1000000.0,1000000.0,18088.949615146495
5072,963605.5598573661,0.0,963605.5598573661,963605.5598573661,17497.360102409915
5073,757280.7895093985,0.0,757280.7895093985,757280.7895093985,14076.658586384303
5074,569142.7304550535,0.0,569142.7304550535,569142.7304550535,10844.533225157487
5075,517414.3768751427,0.0,517414.3768751427,517414.3768751427,9934.206907821852
5076,533826.9812156828,0.0,533826.9812156828,533826.9812156828,10224.106041893978
5077,535969.2648099173,0.0,535969.2648099173,535969.2648099173,10261.855211625765
5078,527793.0741825807,0.0,527793.0741825807,527793.0741825807,10117.607877010389
5079,390929.1630767887,0.0,390929.1630767887,390929.1630767887,7663.438155559563
5080,482071.3197242878,0.0,482071.3197242878,482071.3197242878,9306.270846984828
5081,61734.265007656,0.0,61734.265007656,61734.265007656,1277.4442772280763
5082,24219.35433663016,0.0,24219.35433663016,24219.35433663016,503.6512742275724
5083,122287.44087422987,0.0,122287.44087422987,122287.44087422987,2198.661050394374
5084,223461.11374461473,0.0,223461.11374461473,223461.11374461473,4381.121557530468
5085,80099.15609915982,0.0,80099.15609915982,80099.15609915982,1664.7287131063026
5086,42923.162563786726,0.0,42923.162563786726,42923.162563786726,889.5879760919797
5087,0.0,0.0,0.0,0.0,-0.0
5088,0.0,0.0,0.0,0.0,-0.0
5089,0.0,0.0,0.0,0.0,-0.0
5090,51408.61281548485,0.0,51408.61281548485,51408.61281548485,887.7918261280483
5091,125895.78880208133,0.0,125895.78880208133,125895.78880208133,2347.022915008369
5092,222898.97613648113,0.0,222898.97613648113,222898.97613648113,4370.368141274179
5093,266960.0284956445,0.0,266960.0284956445,266960.0284956445,5365.6268013029985
5094,152651.24226306003,0.0,152651.24226306003,152651.24226306003,3165.823703140469
5095,158268.3470592369,0.0,158268.3470592369,158268.3470592369,3276.3280334338997
5096,392217.76050853025,0.0,392217.76050853025,392217.76050853025,7685.696650993628
5097,479924.8389213615,0.0,479924.8389213615,479924.8389213615,9266.530159915896
5098,554035.9575236292,0.0,554035.9575236292,554035.9575236292,10577.960273206067
5099,538116.1563284191,0.0,538116.1563284191,538116.1563284191,10298.003863223645
5100,544396.5096688202,0.0,544396.5096688202,544396.5096688202,10408.535491378898
5101,539699.769986073,0.0,539699.769986073,539699.769986073,10325.85896652923
5102,530823.3896764136,0.0,530823.3896764136,530823.3896764136,10169.397318103343
5103,521419.3305736728,0.0,521419.3305736728,521419.3305736728,10003.309645280227
5104,376058.7735022616,0.0,376058.7735022616,376058.7735022616,7390.657988004676
5105,316369.00816278945,0.0,316369.00816278945,316369.00816278945,6290.339472680573
5106,153473.6838290137,0.0,153473.6838290137,153473.6838290137,3181.9558827999545
5107,64927.36794761127,0.0,64927.36794761127,64927.36794761127,1348.831008889815
5108,80935.19351126588,0.0,80935.19351126588,80935.19351126588,1625.0536845011495
5109,510122.2490611997,0.0,510122.2490611997,510122.2490611997,9030.471233723454
5110,790767.6851562929,0.0,790767.6851562929,790767.6851562929,14636.823259885547
5111,862889.6008222927,0.0,862889.6008222927,862889.6008222927,15838.85559499223
5112,869165.8522127281,0.0,869165.8522127281,869165.8522127281,15942.738699268231
5113,875877.9542401186,0.0,875877.9542401186,875877.9542401186,16053.716944575754
5114,874278.584485439,0.0,874278.584485439,874278.584485439,16027.25136116932
5115,875638.2383944726,0.0,875638.2383944726,875638.2383944726,16049.701602753634
5116,874154.3590180575,0.0,874154.3590180575,874154.3590180575,16025.144517480447
5117,874035.2543585716,0.0,874035.2543585716,874035.2543585716,16023.148803317676
5118,919174.4039509953,0.0,919174.4039509953,919174.4039509953,16766.67179652138
5119,1000000.0,0.0,1000000.0,1000000.0,18084.701553972616
5120,1000000.0,0.0,1000000.0,1000000.0,18084.671653234353
5121,1000000.0,0.0,1000000.0,1000000.0,18084.641752594955
5122,1000000.0,0.0,1000000.0,1000000.0,18084.611852054408
5123,1000000.0,0.0,1000000.0,1000000.0,18084.581951612705
5124,1000000.0,0.0,1000000.0,1000000.0,18084.552051269868
5125,991609.0052799773,0.0,991609.0052799773,991609.0052799773,17948.456625496477
5126,770801.1713676935,0.0,770801.1713676935,770801.1713676935,14300.975820544409
5127,676045.3902644324,0.0,676045.3902644324,676045.3902644324,12692.236096444203
5128,647800.531808274,0.0,647800.531808274,647800.531808274,12207.102962936413
5129,544048.7261744061,0.0,544048.7261744061,544048.7261744061,10401.473103438748
5130,280983.04567094427,0.0,280983.04567094427,280983.04567094427,5628.883538270081
5131,429419.50385856314,0.0,429419.50385856314,429419.50385856314,8359.391969307319
5132,617278.5207664475,0.0,617278.5207664475,617278.5207664475,11679.781113274825
5133,824363.6552530823,0.0,824363.6552530823,824363.6552530823,15198.049182981915
5134,875274.5156978162,0.0,875274.5156978162,875274.5156978162,16043.19043347779
5135,878770.837393528,0.0,878770.837393528,878770.837393528,16100.940865577244
5136,878969.3906184654,0.0,878969.3906184654,878969.3906184654,16104.194343682686
5137,878328.4988931816,0.0,878328.4988931816,878328.4988931816,16093.57983305039
5138,878946.0444952175,0.0,878946.0444952175,878946.0444952175,16103.755431508178
5139,879022.8658188415,0.0,879022.8658188415,879022.8658188415,16104.997867313201
5140,879022.8658188415,0.0,879022.8658188415,879022.8658188415,16104.971244344875
5141,879022.8658188415,0.0,879022.8658188415,879022.8658188415,16104.94462146455
5142,921490.4426340271,0.0,921490.4426340271,921490.4426340271,16804.017124807604
5143,1000000.0,0.0,1000000.0,1000000.0,18083.999201171515
5144,1000000.0,0.0,1000000.0,1000000.0,18083.96930275525
5145,1000000.0,0.0,1000000.0,1000000.0,18083.939404437824
5146,1000000.0,0.0,1000000.0,1000000.0,18083.90950621924
5147,1000000.0,0.0,1000000.0,1000000.0,18083.8796080995
5148,946743.6623735782,0.0,946743.6623735782,946743.6623735782,17217.293904993567
5149,652320.5079563194,0.0,652320.5079563194,652320.5079563194,12284.478673849882
5150,646886.3976457317,0.0,646886.3976457317,646886.3976457317,12190.906096935769
5151,638661.7834451564,0.0,638661.7834451564,638661.7834451564,12049.103746953508
5152,663685.0413794715,0.0,663685.0413794715,663685.0413794715,12479.746634036199
5153,784678.2095693556,0.0,784678.2095693556,784678.2095693556,14533.599869480355
5154,340902.70645017776,0.0,340902.70645017776,340902.70645017776,6743.843489314075
5155,438876.29233218735,0.0,438876.29233218735,438876.29233218735,8529.530898452293
5156,783058.4993057114,0.0,783058.4993057114,783058.4993057114,14506.33417444438
5157,874167.6075394411,0.0,874167.6075394411,874167.6075394411,16024.287070946033
5158,874714.2120320892,0.0,874714.2120320892,874714.2120320892,16033.296831636311
5159,876762.0401588767,0.0,876762.0401588767,876762.0401588767,16067.116861529483
5160,875489.2030498809,0.0,875489.2030498809,875489.2030498809,16046.054217775554
5161,874530.6416085877,0.0,874530.6416085877,874530.6416085877,16030.182704340314
5162,875395.2338435693,0.0,875395.2338435693,875395.2338435693,16044.447977815189
5163,875922.7742901767,0.0,875922.7742901767,875922.7742901767,16053.140715431611
5164,874737.1376199542,0.0,874737.1376199542,874737.1376199542,16033.516773838233
5165,878300.2174568106,0.0,878300.2174568106,878300.2174568106,16092.372750969971
5166,916393.4201825532,0.0,916393.4201825532,916393.4201825532,16719.709821522712
5167,1000000.0,0.0,1000000.0,1000000.0,18083.296774605333
5168,1000000.0,0.0,1000000.0,1000000.0,18083.266878511215
5169,1000000.0,0.0,1000000.0,1000000.0,18083.236982515922
5170,966536.8583683544,0.0,966536.8583683544,966536.8583683544,17539.568705207115
5171,790517.775318651,0.0,790517.775318651,790517.775318651,14631.149692679748
5172,715172.869418556,0.0,715172.869418556,715172.869418556,13358.947276766583
5173,627201.6467605567,0.0,627201.6467605567,627201.6467605567,11850.72074979243
5174,673206.4902108397,0.0,673206.4902108397,673206.4902108397,12642.599902652586
5175,504730.46357461554,0.0,504730.46357461554,504730.46357461554,9706.149593083224
5176,650454.8460083408,0.0,650454.8460083408,650454.8460083408,12251.816031685421
5177,711502.4985010878,0.0,711502.4985010878,711502.4985010878,13296.416124521678
5178,400836.48695882165,0.0,400836.48695882165,400836.48695882165,7841.06804123364
5179,322344.7326515338,0.0,322344.7326515338,322344.7326515338,6400.180407823984
5180,677169.0381475152,0.0,677169.0381475152,677169.0381475152,12710.355348591509
5181,800539.1630493839,0.0,800539.1630493839,800539.1630493839,14798.82950533133
5182,825357.4968382819,0.0,825357.4968382819,825357.4968382819,15213.390890903274
5183,874449.9974684691,0.0,874449.9974684691,874449.9974684691,16028.274623185065
5184,875035.8944031264,0.0,875035.8944031264,875035.8944031264,16037.933092401132
5185,874862.6777630814,0.0,874862.6777630814,874862.6777630814,16035.043388077884
5186,878927.2013214439,0.0,878927.2013214439,878927.2013214439,16102.179842713924
5187,879022.8658188415,0.0,879022.8658188415,879022.8658188415,16103.733456704058
5188,879011.1460301013,0.0,879011.1460301013,879011.1460301013,16103.51324667617
5189,877663.079038748,0.0,877663.079038748,877663.079038748,16081.216345446466
5190,918896.3639958767,0.0,918896.3639958767,918896.3639958767,16760.141746953002
5191,1000000.0,0.0,1000000.0,1000000.0,18082.59793258016
5192,1000000.0,0.0,1000000.0,1000000.0,18082.56803879624
5193,1000000.0,0.0,1000000.0,1000000.0,18082.538145111143
5194,1000000.0,0.0,1000000.0,1000000.0,18082.508251524872
5195,969826.7011853617,0.0,969826.7011853617,969826.7011853617,17592.428466739228
5196,793293.5007184031,0.0,793293.5007184031,793293.5007184031,14677.084031229342
5197,754294.5047385115,0.0,754294.5047385115,754294.5047385115,14021.091633390075
5198,741402.2319037709,0.0,741402.2319037709,741402.2319037709,13803.204901828305
5199,746820.4195653875,0.0,746820.4195653875,746820.4195653875,13894.804901057996
5200,633890.5030473324,0.0,633890.5030473324,633890.5030473324,11965.759148901492
5201,610916.4368582678,0.0,610916.4368582678,610916.4368582678,11568.124230521162
5202,373997.2369685383,0.0,373997.2369685383,373997.2369685383,7351.364162213579
5203,178237.483501223,0.0,178237.483501223,178237.483501223,3665.9761535745447
5204,594347.0352859852,0.0,594347.0352859852,594347.0352859852,11280.160567281502
5205,838753.2159745063,0.0,838753.2159745063,838753.2159745063,15435.84438106654
5206,879022.8658188415,0.0,879022.8658188415,879022.8658188415,16103.2349801025
5207,878660.7205528166,0.0,878660.7205528166,878660.7205528166,16097.226322077975
5208,879022.8658188415,0.0,879022.8658188415,879022.8658188415,16103.139868553866
5209,879022.8658188415,0.0,879022.8658188415,879022.8658188415,16103.113251726474
5210,879022.8658188415,0.0,879022.8658188415,879022.8658188415,16103.086634987038
5211,879022.8658188415,0.0,879022.8658188415,879022.8658188415,16103.060018335575
5212,879022.8658188415,0.0,879022.8658188415,879022.8658188415,16103.033401772082
5213,879022.8658188415,0.0,879022.8658188415,879022.8658188415,16103.006785296548
5214,919230.0237765653,0.0,919230.0237765653,919230.0237765653,16764.919263175503
5215,1000000.0,0.0,1000000.0,1000000.0,18081.851588079735
5216,1000000.0,0.0,1000000.0,1000000.0,18081.821696762923
5217,1000000.0,0.0,1000000.0,1000000.0,18081.79180554492
5218,1000000.0,0.0,1000000.0,1000000.0,18081.76191442572
5219,1000000.0,0.0,1000000.0,1000000.0,18081.73202340533
5220,1000000.0,0.0,1000000.0,1000000.0,18081.70213248374
5221,903490.4049597324,0.0,903490.4049597324,903490.4049597324,16506.119381513774
5222,736907.6482433351,0.0,736907.6482433351,736907.6482433351,13726.54673932686
5223,717343.6866129141,0.0,717343.6866129141,717343.6866129141,13394.67250058294
5224,647889.608407689,0.0,647889.608407689,647889.608407689,12206.632075157768
5225,654377.6694196444,0.0,654377.6694196444,654377.6694196444,12318.262372044726
5226,295793.714814452,0.0,295793.714814452,295793.714814452,5905.303670781742
5227,444920.75482386915,0.0,444920.75482386915,444920.75482386915,8637.19952375317
5228,646841.2733463239,0.0,646841.2733463239,646841.2733463239,12188.49956139876
5229,842444.9202341442,0.0,842444.9202341442,842444.9202341442,15496.565501554347
5230,879022.8658188415,0.0,879022.8658188415,879022.8658188415,16102.559053051998
5231,879022.8658188415,0.0,879022.8658188415,879022.8658188415,16102.532438144135
5232,879022.8658188415,0.0,879022.8658188415,879022.8658188415,16102.505823324233
5233,878940.8888208696,0.0,878940.8888208696,878940.8888208696,16101.12517021451
5234,879022.8658188415,0.0,879022.8658188415,879022.8658188415,16102.452594196031
5235,879022.8658188415,0.0,879022.8658188415,879022.8658188415,16102.425979639993
5236,879022.8658188415,0.0,879022.8658188415,879022.8658188415,16102.399365171916
5237,879022.8658188415,0.0,879022.8658188415,879022.8658188415,16102.372750791794
5238,908270.1325032607,0.0,908270.1325032607,908270.1325032607,16584.2635651877
5239,964918.8126276524,0.0,964918.8126276524,964918.8126276524,17511.21010517638
5240,1000000.0,0.0,1000000.0,1000000.0,18081.119172422492
5241,1000000.0,0.0,1000000.0,1000000.0,18081.089283526682
5242,1000000.0,0.0,1000000.0,1000000.0,18081.059394729655
5243,1000000.0,0.0,1000000.0,1000000.0,18081.029506031435
5244,995855.1416743051,0.0,995855.1416743051,995855.1416743051,18013.82132471352
5245,875315.6556219095,0.0,875315.6556219095,875315.6556219095,16040.907308703834
5246,823871.9155785672,0.0,823871.9155785672,823871.9155785672,15186.977693137267
5247,773156.9268712376,0.0,773156.9268712376,773156.9268712376,14337.70349207474
5248,669397.8673228457,0.0,669397.8673228457,669397.8673228457,12575.712505125572
5249,668860.4328108253,0.0,668860.4328108253,668860.4328108253,12566.475759381827
5250,469789.40365737345,0.0,469789.40365737345,469789.40365737345,9082.694825973002
5251,599919.8565208823,0.0,599919.8565208823,599919.8565208823,11376.160749719988
5252,867412.9986353785,0.0,867412.9986353785,867412.9986353785,15910.03346915422
5253,878999.1716684467,0.0,878999.1716684467,878999.1716684467,16101.557711766234
5254,341461.3734744097,0.0,341461.3734744097,341461.3734744097,6752.940022419338
5255,127062.74558095205,0.0,127062.74558095205,127062.74558095205,2629.5134062964685
5256,67316.67475392953,0.0,67316.67475392953,67316.67475392953,1395.5086210060326
5257,57383.860046038055,0.0,57383.860046038055,57383.860046038055,1191.3688432559443
5258,598172.0643151057,0.0,598172.0643151057,598172.0643151057,10152.493325123516
5259,876298.7146104015,0.0,876298.7146104015,876298.7146104015,16056.099465724357
5260,873365.7449965514,0.0,873365.7449965514,873365.7449965514,16007.598571716295
5261,874100.6724754148,0.0,874100.6724754148,874100.6724754148,16019.720758360108
5262,895830.6332668896,0.0,895830.6332668896,895830.6332668896,16378.231417302895
5263,1000000.0,0.0,1000000.0,1000000.0,18079.68116556872
5264,893058.1274621605,0.0,893058.1274621605,893058.1274621605,16332.503107147977
5265,857327.2085910459,0.0,857327.2085910459,857327.2085910459,15741.972206909304
5266,629099.7472660285,0.0,629099.7472660285,629099.7472660285,11881.113497688333
5267,855146.5390622602,0.0,855146.5390622602,855146.5390622602,15705.768132286887
5268,850225.9921740249,0.0,850225.9921740249,850225.9921740249,15624.116891451416
5269,811693.4143343975,0.0,811693.4143343975,811693.4143343975,14982.514324505297
5270,790673.1967988987,0.0,790673.1967988987,790673.1967988987,14630.689992134827
5271,1000000.0,0.0,1000000.0,1000000.0,18079.44648733308
5272,736703.8146269374,0.0,736703.8146269374,736703.8146269374,13721.354683106047
5273,515153.6633247557,0.0,515153.6633247557,515153.6633247557,9888.704687662768
5274,611953.5774795588,0.0,611953.5774795588,611953.5774795588,11584.137891944314
5275,563887.7726304011,0.0,563887.7726304011,563887.7726304011,10746.537614072613
5276,839404.52442464,0.0,839404.52442464,839404.52442464,15444.162229604508
5277,147408.99092237672,0.0,147408.99092237672,147408.99092237672,3053.4910805684626
5278,290173.37736592523,0.0,290173.37736592523,290173.37736592523,5748.666466372503
5279,784422.4093101477,0.0,784422.4093101477,784422.4093101477,14525.5597168157
5280,879022.8658188415,0.0,879022.8658188415,879022.8658188415,16100.493315121443
5281,879022.8658188415,0.0,879022.8658188415,879022.8658188415,16100.46670703649
5282,878972.2468878437,0.0,878972.2468878437,878972.2468878437,16099.604107615969
5283,878629.2775157628,0.0,878629.2775157628,878629.2775157628,16093.913051402882
5284,875220.8943063663,0.0,875220.8943063663,875220.8943063663,16037.576475841664
5285,487048.8042182039,0.0,487048.8042182039,487048.8042182039,9389.609374637552
5286,374638.7073739038,0.0,374638.7073739038,374638.7073739038,7361.62595538902
5287,503958.3954124305,0.0,503958.3954124305,503958.3954124305,9690.091458386696
5288,613143.9282678356,0.0,613143.9282678356,613143.9282678356,11604.464077150336
5289,631860.9899589878,0.0,631860.9899589878,631860.9899589878,11928.318261131808
5290,581814.9409798647,0.0,581814.9409798647,581814.9409798647,11059.580180657897
5291,521601.21889699466,0.0,521601.21889699466,521601.21889699466,10002.376892206623
5292,516891.3592209118,0.0,516891.3592209118,516891.3592209118,9919.094381394163
5293,512649.3307851425,0.0,512649.3307851425,512649.3307851425,9844.009821518883
5294,520052.62284806353,0.0,520052.62284806353,520052.62284806353,9974.959085809645
5295,519161.4581543426,0.0,519161.4581543426,519161.4581543426,9959.188944984711
5296,138740.5301781186,0.0,138740.5301781186,138740.5301781186,2874.958005475417
5297,102021.82410552177,0.0,102021.82410552177,102021.82410552177,2112.201597731273
5298,52580.0875926126,0.0,52580.0875926126,52580.0875926126,1087.9326759329174
5299,108650.19811556186,0.0,108650.19811556186,108650.19811556186,2049.0069730265413
5300,135662.95396292844,0.0,135662.95396292844,135662.95396292844,2704.1778254569676
5301,739387.3081522251,0.0,739387.3081522251,739387.3081522251,13524.738090568955
5302,297242.4485643759,0.0,297242.4485643759,297242.4485643759,5930.9739812084235
5303,236266.18062971171,0.0,236266.18062971171,236266.18062971171,4781.42287196063
5304,255924.3940319445,0.0,255924.3940319445,255924.3940319445,5154.440576365408
5305,202518.45031409877,0.0,202518.45031409877,202518.45031409877,4135.075534690769
5306,293182.1532893582,0.0,293182.1532893582,293182.1532893582,5855.056322284509
5307,292904.84759747935,0.0,292904.84759747935,292904.84759747935,5849.861058796069
5308,141562.86420479527,0.0,141562.86420479527,141562.86420479527,2930.2407118515407
5309,223883.84284466202,0.0,223883.84284466202,223883.84284466202,4465.660709294189
5310,384170.2022268379,0.0,384170.2022268379,384170.2022268379,7535.000977339824
5311,514565.3801261523,0.0,514565.3801261523,514565.3801261523,9877.080254292658
5312,321735.32006384816,0.0,321735.32006384816,321735.32006384816,6386.6682447566445
5313,282298.86109752394,0.0,282298.86109752394,282298.86109752394,5651.107524636013
5314,407561.3133783957,0.0,407561.3133783957,407561.3133783957,7960.434909085055
5315,593229.9164632623,0.0,593229.9164632623,593229.9164632623,11257.422280733468
5316,669864.5034094944,0.0,669864.5034094944,669864.5034094944,12581.020557279106
5317,659569.7669930896,0.0,659569.7669930896,659569.7669930896,12404.348746296451
5318,624809.7210697818,0.0,624809.7210697818,624809.7210697818,11805.242336736243
5319,618082.9821944773,0.0,618082.9821944773,618082.9821944773,11688.812471075129
5320,616782.52873561,0.0,616782.52873561,616782.52873561,11666.269999864202
5321,529196.2424098619,0.0,529196.2424098619,529196.2424098619,10135.405333750768
5322,311165.6680712667,0.0,311165.6680712667,311165.6680712667,6190.238476634496
5323,155860.5450532456,0.0,155860.5450532456,155860.5450532456,3227.1146838260693
5324,32314.08731804109,0.0,32314.08731804109,32314.08731804109,671.520426337866
5325,232260.57766240818,0.0,232260.57766240818,232260.57766240818,4086.0546126843337
5326,62305.771950983326,0.0,62305.771950983326,62305.771950983326,1287.8533332890217
5327,30467.24156792404,0.0,30467.24156792404,30467.24156792404,625.598974375418
5328,0.0,0.0,0.0,0.0,-0.0
5329,6221.287425311271,0.0,6221.287425311271,6221.287425311271,-0.0
5330,46283.979653981645,0.0,46283.979653981645,46283.979653981645,795.7125363800153
5331,32579.490644263253,0.0,32579.490644263253,32579.490644263253,676.6953282982068
5332,29743.552323946762,0.0,29743.552323946762,29743.552323946762,611.4963761455296
5333,0.0,0.0,0.0,0.0,-0.0
5334,39366.14092107922,0.0,39366.14092107922,39366.14092107922,674.5673445801399
5335,288151.39049362007,0.0,288151.39049362007,288151.39049362007,5002.435666525526
5336,451665.69435355236,0.0,451665.69435355236,451665.69435355236,8754.581020276086
5337,529009.2727334809,0.0,529009.2727334809,529009.2727334809,10130.41309240269
5338,526347.0187167211,0.0,526347.0187167211,526347.0187167211,10083.427681511888
5339,539486.7025180693,0.0,539486.7025180693,539486.7025180693,10314.966193688713
5340,543346.6778418837,0.0,543346.6778418837,543346.6778418837,10382.848190805125
5341,304106.9291944468,0.0,304106.9291944468,304106.9291944468,6057.715687974601
5342,423955.2772925373,0.0,423955.2772925373,423955.2772925373,8255.617134230637
5343,673238.6170141593,0.0,673238.6170141593,673238.6170141593,12636.545700195229
5344,595073.9362803285,0.0,595073.9362803285,595073.9362803285,11287.399900916964
5345,484729.80842664425,0.0,484729.80842664425,484729.80842664425,9345.527362866316
5346,92875.38188403269,0.0,92875.38188403269,92875.38188403269,1923.2910595812054
5347,875522.5271960848,0.0,875522.5271960848,875522.5271960848,14914.56142669627
5348,488924.9252176328,0.0,488924.9252176328,488924.9252176328,9419.86529527678
5349,874513.0205633342,0.0,874513.0205633342,874513.0205633342,16020.747344858493
5350,867982.9098372856,0.0,867982.9098372856,867982.9098372856,15912.765771488857
5351,836614.7639848442,0.0,836614.7639848442,836614.7639848442,15392.51112611535
5352,556762.1441375525,0.0,556762.1441375525,556762.1441375525,10617.862603193746
5353,138571.47177570662,0.0,138571.47177570662,138571.47177570662,2870.6706026889365
5354,508603.44727432466,0.0,508603.44727432466,508603.44727432466,9598.288773622684
5355,780294.5894683595,0.0,780294.5894683595,780294.5894683595,14451.199932272306
5356,737602.3978612988,0.0,737602.3978612988,737602.3978612988,13731.517850462813
5357,789712.4321192811,0.0,789712.4321192811,789712.4321192811,14609.168573249124
5358,723609.6859514875,0.0,723609.6859514875,723609.6859514875,13494.380963236566
5359,799833.5958750546,0.0,799833.5958750546,799833.5958750546,14778.644411533987
5360,813716.6572254146,0.0,813716.6572254146,813716.6572254146,15010.665242601086
5361,693992.9960106825,0.0,693992.9960106825,693992.9960106825,12990.457575199363
5362,668491.1596989747,0.0,668491.1596989747,668491.1596989747,12554.322717631416
5363,640332.9830885602,0.0,640332.9830885602,640332.9830885602,12070.267564884107
5364,624715.6260518972,0.0,624715.6260518972,624715.6260518972,11800.634524328138
5365,600957.8879564046,0.0,600957.8879564046,600957.8879564046,11388.856348917398
5366,596565.6329943127,0.0,596565.6329943127,596565.6329943127,11312.496723991177
5367,590168.4039022956,0.0,590168.4039022956,590168.4039022956,11201.167241775369
5368,711509.3721804984,0.0,711509.3721804984,711509.3721804984,13288.640854648098
5369,543221.9009045484,0.0,543221.9009045484,543221.9009045484,10379.750782454901
5370,238192.9685990701,0.0,238192.9685990701,238192.9685990701,4816.574538839117
5371,104395.44077779328,0.0,104395.44077779328,104395.44077779328,2166.371983035048
5372,294577.0805861709,0.0,294577.0805861709,294577.0805861709,5570.695340784799
5373,613164.2241120964,0.0,613164.2241120964,613164.2241120964,11600.240760909795
5374,824069.9227213742,0.0,824069.9227213742,824069.9227213742,15182.67112927942
5375,865316.2095316721,0.0,865316.2095316721,865316.2095316721,15867.542513223281
5376,872820.8363322656,0.0,872820.8363322656,872820.8363322656,15991.577652825948
5377,873610.7579786847,0.0,873610.7579786847,873610.7579786847,16004.604977925052
5378,877250.669628397,0.0,877250.669628397,877250.669628397,16064.70716890871
5379,876684.1971119202,0.0,876684.1971119202,876684.1971119202,16055.325328853367
5380,878905.7105186105,0.0,878905.7105186105,878905.7105186105,16091.98204261155
5381,877645.8922609766,0.0,877645.8922609766,877645.8922609766,16071.154119008452
5382,912868.052197441,0.0,912868.052197441,912868.052197441,16651.071996354476
5383,1000000.0,0.0,1000000.0,1000000.0,18071.747248732005
5384,1000000.0,0.0,1000000.0,1000000.0,18071.717390790018
5385,1000000.0,0.0,1000000.0,1000000.0,18071.68753294668
5386,969187.4924132528,0.0,969187.4924132528,969187.4924132528,17571.46683801647
5387,648369.5551938885,0.0,648369.5551938885,648369.5551938885,12207.88677910787
5388,550915.2702011636,0.0,550915.2702011636,550915.2702011636,10514.29830106657
5389,562988.9755959235,0.0,562988.9755959235,562988.9755959235,10725.939002680041
5390,515657.5011866268,0.0,515657.5011866268,515657.5011866268,9893.058516856829
5391,510694.64121858333,0.0,510694.64121858333,510694.64121858333,9805.22153273886
5392,481918.7016156655,0.0,481918.7016156655,481918.7016156655,9294.100108253919
5393,441100.4495569098,0.0,441100.4495569098,441100.4495569098,8563.363099797589
5394,120646.75108529201,0.0,120646.75108529201,120646.75108529201,2501.9790490310775
5395,30912.48786531894,0.0,30912.48786531894,30912.48786531894,634.0519468830541
5396,35300.0849942061,0.0,35300.0849942061,35300.0849942061,699.6196587282788
5397,0.0,0.0,0.0,0.0,-0.0
5398,565430.9138242014,0.0,565430.9138242014,565430.9138242014,8973.102259790485
5399,519825.65152524726,0.0,519825.65152524726,519825.65152524726,9965.848856339928
5400,398134.3117849282,0.0,398134.3117849282,398134.3117849282,7785.882004260542
5401,435199.82409261796,0.0,435199.82409261796,435199.82409261796,8456.402358949683
5402,652437.3542999381,0.0,652437.3542999381,652437.3542999381,12276.661457702068
5403,545137.2768588052,0.0,545137.2768588052,545137.2768588052,10411.782912350332
5404,455244.48170353996,0.0,455244.48170353996,455244.48170353996,8816.516968366948
5405,290443.64680492604,0.0,290443.64680492604,290443.64680492604,5801.085310825383
5406,338277.8404994762,0.0,338277.8404994762,338277.8404994762,6689.759318707532
5407,297053.83011446963,0.0,297053.83011446963,297053.83011446963,5924.59599121469
5408,266192.207806665,0.0,266192.207806665,266192.207806665,5345.747612979477
5409,174482.1378888091,0.0,174482.1378888091,174482.1378888091,3589.9707059725088
5410,351334.7263672528,0.0,351334.7263672528,351334.7263672528,6930.259618490359
5411,327319.1168393904,0.0,327319.1168393904,327319.1168393904,6487.159885779316
5412,404103.7352202295,0.0,404103.7352202295,404103.7352202295,7894.125155165564
5413,380602.39992810885,0.0,380602.39992810885,380602.39992810885,7466.429070366849
5414,531504.3314503549,0.0,531504.3314503549,531504.3314503549,10171.688143235513
5415,604919.0341949244,0.0,604919.0341949244,604919.0341949244,11455.565599156866
5416,515302.86288572673,0.0,515302.86288572673,515302.86288572673,9885.626375639666
5417,457733.4627072579,0.0,457733.4627072579,457733.4627072579,8860.933922267046
5418,194893.31534659132,0.0,194893.31534659132,194893.31534659132,3985.885378088834
5419,444449.81142245326,0.0,444449.81142245326,444449.81142245326,8622.560707498524
5420,327197.1899632214,0.0,327197.1899632214,327197.1899632214,6484.804884775195
5421,276322.1017444979,0.0,276322.1017444979,276322.1017444979,5536.2192677191015
5422,266932.3427100751,0.0,266932.3427100751,266932.3427100751,5359.566963154874
5423,183916.17390938906,0.0,183916.17390938906,183916.17390938906,3773.3166425559116
5424,92280.33120753283,0.0,92280.33120753283,92280.33120753283,1911.1613109435598
5425,490344.5425501838,0.0,490344.5425501838,490344.5425501838,8781.561271530258
5426,124100.18715721468,0.0,124100.18715721468,124100.18715721468,2569.5244628707833
5427,157120.61051062925,0.0,157120.61051062925,157120.61051062925,3136.4958810672424
5428,340647.22309565917,0.0,340647.22309565917,340647.22309565917,6732.905645670386
5429,132261.40564788607,0.0,132261.40564788607,132261.40564788607,2737.9109202375066
5430,119539.66803351486,0.0,119539.66803351486,119539.66803351486,2479.746894845367
5431,41638.19897020905,0.0,41638.19897020905,41638.19897020905,863.462087699794
5432,294324.1795360944,0.0,294324.1795360944,294324.1795360944,5152.264002006723
5433,519678.43408111203,0.0,519678.43408111203,519678.43408111203,9961.705276735122
5434,539196.2630288452,0.0,539196.2630288452,539196.2630288452,10305.776928999258
5435,147902.56752530593,0.0,147902.56752530593,147902.56752530593,3060.942058120299
5436,558188.3995903732,0.0,558188.3995903732,558188.3995903732,10546.200583981914
5437,588061.5537424355,0.0,588061.5537424355,588061.5537424355,11160.941628921146
5438,553685.0655002187,0.0,553685.0655002187,553685.0655002187,10560.170803509609
5439,546587.3498592908,0.0,546587.3498592908,546587.3498592908,10435.577526332936
5440,546924.1053950523,0.0,546924.1053950523,546924.1053950523,10441.47509476449
5441,498066.29942307837,0.0,498066.29942307837,498066.29942307837,9578.825682404226
5442,122059.74635296875,0.0,122059.74635296875,122059.74635296875,2529.1894329139504
5443,0.0,0.0,0.0,0.0,-0.0
5444,77540.64720612453,0.0,77540.64720612453,77540.64720612453,1336.6729269370617
5445,504414.818650141,0.0,504414.818650141,504414.818650141,8842.233386374344
5446,709327.5116992206,0.0,709327.5116992206,709327.5116992206,13246.29721946091
5447,503545.53947979276,0.0,503545.53947979276,503545.53947979276,9675.223313230139
5448,633493.9852898663,0.0,633493.9852898663,633493.9852898663,11947.395759924828
5449,813213.4055776204,0.0,813213.4055776204,813213.4055776204,14996.143279367241
5450,745598.7894800042,0.0,745598.7894800042,745598.7894800042,13860.917621356182
5451,614253.8708699576,0.0,614253.8708699576,614253.8708699576,11614.734746335365
5452,182536.79274427454,0.0,182536.79274427454,182536.79274427454,3745.6395383462
5453,879022.8658188415,0.0,879022.8658188415,879022.8658188415,16088.212600302395
5454,817740.805546356,0.0,817740.805546356,817740.805546356,15071.552298182996
5455,289820.65484188043,0.0,289820.65484188043,289820.65484188043,5787.872583168962
5456,87753.29916513206,0.0,87753.29916513206,87753.29916513206,1821.7013106313282
5457,558234.9117516429,0.0,558234.9117516429,558234.9117516429,9893.803643873047
5458,555606.3758275353,0.0,555606.3758275353,555606.3758275353,10592.419059534264
5459,686855.6703728521,0.0,686855.6703728521,686855.6703728521,12862.705253575672
5460,641968.3972290937,0.0,641968.3972290937,641968.3972290937,12092.885339967692
5461,575852.4731753797,0.0,575852.4731753797,575852.4731753797,10946.511341065661
5462,572445.3346325436,0.0,572445.3346325436,572445.3346325436,10886.999979852404
5463,564738.2883614614,0.0,564738.2883614614,564738.2883614614,10752.251320333262
5464,525378.4622781416,0.0,525378.4622781416,525378.4622781416,10060.7460466827
5465,447461.4380896997,0.0,447461.4380896997,447461.4380896997,8674.178104422872
5466,472538.2036730649,0.0,472538.2036730649,472538.2036730649,9123.067047124989
5467,398083.5804446247,0.0,398083.5804446247,398083.5804446247,7782.44235627849
5468,556186.2034356663,0.0,556186.2034356663,556186.2034356663,10602.407722124259
5469,543840.2151658676,0.0,543840.2151658676,543840.2151658676,10385.72342786776
5470,437295.70583744475,0.0,437295.70583744475,437295.70583744475,8491.38347639726
5471,595494.0437449237,0.0,595494.0437449237,595494.0437449237,11288.484211943894
5472,686029.8260073743,0.0,686029.8260073743,686029.8260073743,12848.332106314634
5473,764622.5895182898,0.0,764622.5895182898,764622.5895182898,14180.750893085044
5474,720111.9410124887,0.0,720111.9410124887,720111.9410124887,13428.48518180367
5475,799362.5654643663,0.0,799362.5654643663,799362.5654643663,14763.646363162636
5476,599311.4365886197,0.0,599311.4365886197,599311.4365886197,11354.727956069568
5477,233497.8162597686,0.0,233497.8162597686,233497.8162597686,4724.776589558808
5478,209943.69615324333,0.0,209943.69615324333,209943.69615324333,4274.404309588631
5479,447764.2581395941,0.0,447764.2581395941,447764.2581395941,8679.411729677608
5480,557493.3024875231,0.0,557493.3024875231,557493.3024875231,10625.104221617356
5481,577280.1539412019,0.0,577280.1539412019,577280.1539412019,10971.068931882315
5482,597982.2438384685,0.0,597982.2438384685,597982.2438384685,11331.526089831978
5483,611214.6010258447,0.0,611214.6010258447,611214.6010258447,11561.121339928837
5484,624090.9934232776,0.0,624090.9934232776,624090.9934232776,11783.953579466133
5485,618414.1452818849,0.0,618414.1452818849,618414.1452818849,11685.755935690664
5486,639192.3685639618,0.0,639192.3685639618,639192.3685639618,12044.54702354303
5487,672031.1255116507,0.0,672031.1255116507,672031.1255116507,12608.632616259309
5488,632961.9471063089,0.0,632961.9471063089,632961.9471063089,11937.07189337259
5489,510807.4332999782,0.0,510807.4332999782,510807.4332999782,9802.866806524517
5490,383388.52176438895,0.0,383388.52176438895,383388.52176438895,7514.6927702066205
5491,427159.16053147713,0.0,427159.16053147713,427159.16053147713,8308.454710078024
5492,674991.6022808204,0.0,674991.6022808204,674991.6022808204,12659.209868364393
5493,766914.6453365128,0.0,766914.6453365128,766914.6453365128,14218.867126097706
5494,819527.4710073984,0.0,819527.4710073984,819527.4710073984,15099.930527874089
5495,864977.5037839232,0.0,864977.5037839232,864977.5037839232,15854.607871383523
5496,844411.895601453,0.0,844411.895601453,844411.895601453,15513.810109615933
5497,873842.3700190737,0.0,873842.3700190737,873842.3700190737,16001.083715776651
5498,872181.8505054642,0.0,872181.8505054642,872181.8505054642,15973.626941260116
5499,876156.4316830656,0.0,876156.4316830656,876156.4316830656,16039.244504159702
5500,303143.19918650365,0.0,303143.19918650365,303143.19918650365,6035.9172811548315
5501,824623.2868375513,0.0,824623.2868375513,824623.2868375513,15184.664745678363
5502,829798.084965242,0.0,829798.084965242,829798.084965242,15270.786909137576
5503,1000000.0,0.0,1000000.0,1000000.0,18063.567283007844
5504,791309.0756243062,0.0,791309.0756243062,791309.0756243062,14628.140877860518
5505,638438.9622782139,0.0,638438.9622782139,638438.9622782139,12031.181987344176
5506,715690.8370548644,0.0,715690.8370548644,715690.8370548644,13352.73347321581
5507,680663.1265910659,0.0,680663.1265910659,680663.1265910659,12755.89857958672
5508,650828.7200295995,0.0,650828.7200295995,650828.7200295995,12244.4017696881
5509,659220.4125586702,0.0,659220.4125586702,659220.4125586702,12388.54495824939
5510,707835.299277369,0.0,707835.299277369,707835.299277369,13219.142571951605
5511,707591.5472285809,0.0,707591.5472285809,707591.5472285809,13214.97511139288
5512,779805.5702568125,0.0,779805.5702568125,779805.5702568125,14435.052976887979
5513,742404.3518609663,0.0,742404.3518609663,742404.3518609663,13805.118705250605
5514,547668.3816007747,0.0,547668.3816007747,547668.3816007747,10452.179774910905
5515,563061.4065015762,0.0,563061.4065015762,563061.4065015762,10721.98022337461
5516,831606.1806478478,0.0,831606.1806478478,831606.1806478478,15300.52055977603
5517,863974.0328227836,0.0,863974.0328227836,863974.0328227836,15837.441376277553
5518,873837.0093442553,0.0,873837.0093442553,873837.0093442553,16000.450001182257
5519,877212.4049395768,0.0,877212.4049395768,877212.4049395768,16056.157243273163
5520,876875.130905301,0.0,876875.130905301,876875.130905301,16050.563162956834
5521,877457.5962541477,0.0,877457.5962541477,877457.5962541477,16060.151529858642
5522,879022.8658188415,0.0,879022.8658188415,879022.8658188415,16085.958583040116
5523,878492.3503067809,0.0,878492.3503067809,878492.3503067809,16077.177035959812
5524,874552.1190089111,0.0,874552.1190089111,874552.1190089111,16012.101657509142
5525,873427.9174499373,0.0,873427.9174499373,873427.9174499373,15993.508124731597
5526,868330.0763875151,0.0,868330.0763875151,868330.0763875151,15909.243272180442
5527,1000000.0,0.0,1000000.0,1000000.0,18062.86917032844
5528,1000000.0,0.0,1000000.0,1000000.0,18062.839341696363
5529,1000000.0,0.0,1000000.0,1000000.0,18062.80951316278
5530,979378.9158219444,0.0,979378.9158219444,979378.9158219444,17728.437935475304
5531,917144.6104263555,0.0,917144.6104263555,917144.6104263555,16712.833883478237
5532,834544.6723411875,0.0,834544.6723411875,834544.6723411875,15348.980123367312
5533,790656.9515290187,0.0,790656.9515290187,790656.9515290187,14616.515005466039
5534,756984.216634958,0.0,756984.216634958,756984.216634958,14050.684690563296
5535,693599.0371327391,0.0,693599.0371327391,693599.0371327391,12976.15475933336
5536,763702.0967200486,0.0,763702.0967200486,763702.0967200486,14163.791467057483
5537,594537.5767206618,0.0,594537.5767206618,594537.5767206618,11270.606942564491
5538,386078.30692838674,0.0,386078.30692838674,386078.30692838674,7563.08557367199
5539,610377.0202210568,0.0,610377.0202210568,610377.0202210568,11545.519335289087
5540,753728.6435181968,0.0,753728.6435181968,753728.6435181968,13995.663425928225
5541,791983.2092294872,0.0,791983.2092294872,791983.2092294872,14638.540919243385
5542,856440.3965455756,0.0,856440.3965455756,856440.3965455756,15712.083318980802
5543,876233.0694018138,0.0,876233.0694018138,876233.0694018138,16039.358787142877
5544,122510.89447997182,0.0,122510.89447997182,122510.89447997182,2537.328776880032
5545,314889.22969935543,0.0,314889.22969935543,314889.22969935543,6035.134323302044
5546,173040.03846383202,0.0,173040.03846383202,173040.03846383202,3560.1210231932146
5547,27801.981147524013,0.0,27801.981147524013,27801.981147524013,573.3123091559843
5548,733238.5171388702,0.0,733238.5171388702,733238.5171388702,11733.764998813382
5549,755606.2996429156,0.0,755606.2996429156,755606.2996429156,14026.02691602444
5550,821013.4967013291,0.0,821013.4967013291,821013.4967013291,15122.145863431697
5551,1000000.0,0.0,1000000.0,1000000.0,18060.810097277255
5552,1000000.0,0.0,1000000.0,1000000.0,18060.780275439276
5553,1000000.0,0.0,1000000.0,1000000.0,18060.750453699755
5554,1000000.0,0.0,1000000.0,1000000.0,18060.720632058703
5555,1000000.0,0.0,1000000.0,1000000.0,18060.690810516106
5556,818054.5499997636,0.0,818054.5499997636,818054.5499997636,15072.676761253986
5557,662913.9384480702,0.0,662913.9384480702,662913.9384480702,12449.942781481035
5558,416639.1264018082,0.0,416639.1264018082,416639.1264018082,8116.842051717658
5559,645616.9210192065,0.0,645616.9210192065,645616.9210192065,12152.751108922483
5560,603663.0548678467,0.0,603663.0548678467,603663.0548678467,11427.774080063386
5561,517931.2685219626,0.0,517931.2685219626,517931.2685219626,9926.829150147407
5562,365794.89531704417,0.0,365794.89531704417,365794.89531704417,7191.68653885824
5563,535532.934925463,0.0,535532.934925463,535532.934925463,10237.170143759478
5564,821962.7254297449,0.0,821962.7254297449,821962.7254297449,15137.615799138948
5565,869527.0846027673,0.0,869527.0846027673,869527.0846027673,15926.799760632766
5566,876673.2514981844,0.0,876673.2514981844,876673.2514981844,16044.800610346649
5567,878249.4129341012,0.0,878249.4129341012,878249.4129341012,16070.787343529262
5568,875043.2207766159,0.0,875043.2207766159,875043.2207766159,16017.83822435932
5569,875154.1666197408,0.0,875154.1666197408,875154.1666197408,16019.643561518325
5570,874835.2952747721,0.0,874835.2952747721,874835.2952747721,16014.352279827717
5571,864509.4334761426,0.0,864509.4334761426,864509.4334761426,15843.686214608791
5572,843448.0617717472,0.0,843448.0617717472,843448.0617717472,15494.694066463191
5573,743876.6023618428,0.0,743876.6023618428,743876.6023618428,13827.5456970463
5574,778573.499649006,0.0,778573.499649006,778573.499649006,14411.780222233041
5575,1000000.0,0.0,1000000.0,1000000.0,18060.112473536206
5576,892123.9428130079,0.0,892123.9428130079,892123.9428130079,16299.24149193353
5577,734718.7959448945,0.0,734718.7959448945,734718.7959448945,13672.633454886816
5578,639114.9870081971,0.0,639114.9870081971,639114.9870081971,12040.409104516782
5579,593126.6664341514,0.0,593126.6664341514,593126.6664341514,11244.38644295295
5580,595697.8207189033,0.0,595697.8207189033,595697.8207189033,11289.0660911406
5581,416082.2566934966,0.0,416082.2566934966,416082.2566934966,8106.450757734122
5582,400518.9559535488,0.0,400518.9559535488,400518.9559535488,7824.477557520899
5583,502935.8362579971,0.0,502935.8362579971,502935.8362579971,9661.112291545624
5584,479778.58038205584,0.0,479778.58038205584,479778.58038205584,9249.594427028325
5585,264200.0903930705,0.0,264200.0903930705,264200.0903930705,5304.942986339921
5586,163814.4572669124,0.0,163814.4572669124,163814.4572669124,3379.49752183771
5587,782043.6192086904,0.0,782043.6192086904,782043.6192086904,14469.71298473057
5588,584560.5335704836,0.0,584560.5335704836,584560.5335704836,11095.137726886182
5589,769416.8395494249,0.0,769416.8395494249,769416.8395494249,14257.60219627414
5590,641349.8502473384,0.0,641349.8502473384,641349.8502473384,12078.6726747012
5591,810858.5058914073,0.0,810858.5058914073,810858.5058914073,14951.78857611578
5592,760765.9723852705,0.0,760765.9723852705,760765.9723852705,14111.966873363966
5593,823407.171063715,0.0,823407.171063715,823407.171063715,15160.963949795156
5594,846063.7442319103,0.0,846063.7442319103,846063.7442319103,15537.552088663153
5595,802512.374811923,0.0,802512.374811923,802512.374811923,14812.282226599506
5596,836053.1573819058,0.0,836053.1573819058,836053.1573819058,15371.278241197331
5597,760468.7934464415,0.0,760468.7934464415,760468.7934464415,14106.845162477026
5598,705403.1141420959,0.0,705403.1141420959,705403.1141420959,13174.818693706224
5599,669043.1035461328,0.0,669043.1035461328,669043.1035461328,12554.129103506099
5600,712885.293749901,0.0,712885.293749901,712885.293749901,13301.969451935269
5601,734369.3073411017,0.0,734369.3073411017,734369.3073411017,13666.186741471338
5602,709237.1593580559,0.0,709237.1593580559,709237.1593580559,13239.930998514614
5603,713268.7833537834,0.0,713268.7833537834,713268.7833537834,13308.41790433766
5604,701709.8317710283,0.0,701709.8317710283,701709.8317710283,13111.838563244713
5605,735184.4847475016,0.0,735184.4847475016,735184.4847475016,13679.888779248577
5606,750555.692677363,0.0,750555.692677363,750555.692677363,13939.548196610518
5607,656420.6099538354,0.0,656420.6099538354,656420.6099538354,12337.4874917361
5608,461132.2257861532,0.0,461132.2257861532,461132.2257861532,8916.324072328003
5609,488776.7309645528,0.0,488776.7309645528,488776.7309645528,9409.345223599703
5610,259272.53285366873,0.0,259272.53285366873,259272.53285366873,5211.7776756009835
5611,271392.8354762196,0.0,271392.8354762196,271392.8354762196,5440.0930008706755
5612,399742.6614261834,0.0,399742.6614261834,399742.6614261834,7809.985816676207
5613,871525.7968089285,0.0,871525.7968089285,871525.7968089285,15958.592940833303
5614,821833.2121683564,0.0,821833.2121683564,821833.2121683564,15134.232928377878
5615,704474.3849762032,0.0,704474.3849762032,704474.3849762032,13158.653603781555
5616,798731.1389723931,0.0,798731.1389723931,798731.1389723931,14748.555307134191
5617,806474.3425459743,0.0,806474.3425459743,806474.3425459743,14877.955783147887
5618,773292.4565579566,0.0,773292.4565579566,773292.4565579566,14322.065630704219
5619,491610.64986192464,0.0,491610.64986192464,491610.64986192464,9459.555990135254
5620,334128.7579247927,0.0,334128.7579247927,334128.7579247927,6608.7327618009285
5621,359466.95303070784,0.0,359466.95303070784,359466.95303070784,7074.992562789156
5622,313261.24190835486,0.0,313261.24190835486,313261.24190835486,6222.294918437609
5623,515826.34091661975,0.0,515826.34091661975,515826.34091661975,9888.602755086336
5624,560617.8358348191,0.0,560617.8358348191,560617.8358348191,10676.398019283115
5625,577067.2694178363,0.0,577067.2694178363,577067.2694178363,10963.834830223417
5626,578748.2943402468,0.0,578748.2943402468,578748.2943402468,10993.13749359304
5627,589382.3623479011,0.0,589382.3623479011,589382.3623479011,11178.365773788295
5628,387451.01574065926,0.0,387451.01574065926,387451.01574065926,7586.294387516004
5629,488409.62654786697,0.0,488409.62654786697,488409.62654786697,9402.505947915794
5630,648310.3650878014,0.0,648310.3650878014,648310.3650878014,12197.662611734282
5631,730446.908086157,0.0,730446.908086157,730446.908086157,13599.135481246822
5632,825338.530671499,0.0,825338.530671499,825338.530671499,15192.173817286366
5633,648547.6694218575,0.0,648547.6694218575,648547.6694218575,12201.68246554384
5634,38658.94663635466,0.0,38658.94663635466,38658.94663635466,795.133973568197
5635,170865.80478054253,0.0,170865.80478054253,170865.80478054253,3054.3753070206503
5636,150466.06938557577,0.0,150466.06938557577,150466.06938557577,3109.3491697311624
5637,78705.29071576569,0.0,78705.29071576569,78705.29071576569,1626.1048176712686
5638,347303.1045987814,0.0,347303.1045987814,347303.1045987814,6250.977078324474
5639,71093.22627896864,0.0,71093.22627896864,71093.22627896864,1467.902546544833
5640,31884.0255358241,0.0,31884.0255358241,31884.0255358241,662.4069283083086
5641,28114.92124337269,0.0,28114.92124337269,28114.92124337269,579.3199270702157
5642,43977.01811544791,0.0,43977.01811544791,43977.01811544791,848.335397796571
5643,73910.07546997996,0.0,73910.07546997996,73910.07546997996,1418.5007616551616
5644,144682.558387804,0.0,144682.558387804,144682.558387804,2746.3312209614414
5645,155486.3088570135,0.0,155486.3088570135,155486.3088570135,3187.2774815345265
5646,127337.9447704278,0.0,127337.9447704278,127337.9447704278,2638.9513896143344
5647,425698.2498656637,0.0,425698.2498656637,425698.2498656637,8060.8239739751825
5648,524458.8435933616,0.0,524458.8435933616,524458.8435933616,10038.947472067926
5649,582497.3653894438,0.0,582497.3653894438,582497.3653894438,11056.2619473736
5650,580540.55410948,0.0,580540.55410948,580540.55410948,11022.144328424358
5651,322278.4379950645,0.0,322278.4379950645,322278.4379950645,6388.132887088714
5652,221775.45698404414,0.0,221775.45698404414,221775.45698404414,4498.531969309966
5653,237694.0759712896,0.0,237694.0759712896,237694.0759712896,4801.870573133163
5654,355164.1524425008,0.0,355164.1524425008,355164.1524425008,6994.4513314454825
5655,1000000.0,0.0,1000000.0,1000000.0,18055.03312301731
5656,835150.934135187,0.0,835150.934135187,835150.934135187,15352.377661762643
5657,545072.2725774494,0.0,545072.2725774494,545072.2725774494,10401.546636788615
5658,516376.6563187351,0.0,516376.6563187351,516376.6563187351,9896.115978310552
5659,296929.64993599575,0.0,296929.64993599575,296929.64993599575,5916.888280737758
5660,369937.2413716243,0.0,369937.2413716243,369937.2413716243,7265.046872350358
5661,447706.39457366324,0.0,447706.39457366324,447706.39457366324,8673.529161003176
5662,867227.3605624337,0.0,867227.3605624337,867227.3605624337,15883.816012099169
5663,832734.3108819793,0.0,832734.3108819793,832734.3108819793,15312.040750370834
5664,870835.5849273242,0.0,870835.5849273242,870835.5849273242,15943.381323418684
5665,862504.8472264218,0.0,862504.8472264218,862504.8472264218,15805.654575323295
5666,837599.7610751507,0.0,837599.7610751507,837599.7610751507,15392.815626023854
5667,813141.5635972595,0.0,813141.5635972595,813141.5635972595,14985.676180494464
5668,796308.3470562567,0.0,796308.3470562567,796308.3470562567,14704.454844120664
5669,829610.8707973685,0.0,829610.8707973685,829610.8707973685,15259.95056854693
5670,823025.158180247,0.0,823025.158180247,823025.158180247,15150.322933504085
5671,686398.3919669188,0.0,686398.3919669188,686398.3919669188,12847.33743429455
5672,584656.1561001457,0.0,584656.1561001457,584656.1561001457,11093.443051976163
5673,536915.1951378112,0.0,536915.1951378112,536915.1951378112,10257.916757728624
5674,561506.8247478533,0.0,561506.8247478533,561506.8247478533,10689.316099489515
5675,246754.00435522723,0.0,246754.00435522723,246754.00435522723,4973.589463517055
5676,417500.9267965531,0.0,417500.9267965531,417500.9267965531,8129.423639262088
5677,498718.5932078787,0.0,498718.5932078787,498718.5932078787,9583.233140652428
5678,205927.11062681058,0.0,205927.11062681058,205927.11062681058,4194.614863978746
5679,343661.0076696682,0.0,343661.0076696682,343661.0076696682,6782.673354022395
5680,799051.9024631416,0.0,799051.9024631416,799051.9024631416,14750.06066040443
5681,825903.0436759375,0.0,825903.0436759375,825903.0436759375,15197.96941562017
5682,736946.4205424675,0.0,736946.4205424675,736946.4205424675,13705.789933060938
5683,695711.9532893304,0.0,695711.9532893304,695711.9532893304,13005.91282546011
5684,674386.5976662112,0.0,674386.5976662112,674386.5976662112,12641.816688198103
5685,749123.576590034,0.0,749123.576590034,749123.576590034,13911.384383811013
5686,784347.3574354833,0.0,784347.3574354833,784347.3574354833,14503.72330020303
5687,765149.8617959594,0.0,765149.8617959594,765149.8617959594,14181.317319513171
5688,834166.1222816741,0.0,834166.1222816741,834166.1222816741,15335.222291762708
5689,834780.9655803707,0.0,834780.9655803707,834780.9655803707,15345.414921683128
5690,814670.850077254,0.0,814670.850077254,814670.850077254,15010.625062518411
5691,828557.3366099233,0.0,828557.3366099233,828557.3366099233,15241.885976309559
5692,814211.9791938459,0.0,814211.9791938459,814211.9791938459,15002.923322244624
5693,705579.3978823113,0.0,705579.3978823113,705579.3978823113,13173.658604860771
5694,488022.37762250553,0.0,488022.37762250553,488022.37762250553,9393.03361799209
5695,788810.2812406174,0.0,788810.2812406174,788810.2812406174,14578.295925444187
5696,710022.8572922305,0.0,710022.8572922305,710022.8572922305,13249.128253005068
5697,723722.4714464495,0.0,723722.4714464495,723722.4714464495,13481.593150373572
5698,702767.4887982621,0.0,702767.4887982621,702767.4887982621,13125.718326589225
5699,717833.757531554,0.0,717833.757531554,717833.757531554,13381.688112853599
5700,789633.2493168196,0.0,789633.2493168196,789633.2493168196,14591.960878815844
5701,780317.2623175335,0.0,780317.2623175335,780317.2623175335,14435.781393223193
5702,683450.2876137972,0.0,683450.2876137972,683450.2876137972,12796.352607721066
5703,689691.9532116156,0.0,689691.9532116156,689691.9532116156,12902.857472341955
5704,677478.3807360337,0.0,677478.3807360337,677478.3807360337,12694.270072945124
5705,713912.5770370936,0.0,713912.5770370936,713912.5770370936,13315.000420880338
5706,678007.1991338956,0.0,678007.1991338956,678007.1991338956,12703.268521580141
5707,386569.16978080745,0.0,386569.16978080745,386569.16978080745,7567.931342188527
5708,666221.1391551218,0.0,666221.1391551218,666221.1391551218,12501.521755774016
5709,574554.4233323444,0.0,574554.4233323444,574554.4233323444,10916.673513370186
5710,688781.1900095702,0.0,688781.1900095702,688781.1900095702,12887.173921723212
5711,725731.6119773303,0.0,725731.6119773303,725731.6119773303,13515.329263239775
5712,780409.2782977278,0.0,780409.2782977278,780409.2782977278,14437.029201102923
5713,569425.4069044071,0.0,569425.4069044071,569425.4069044071,10827.025389883787
5714,733923.5173998561,0.0,733923.5173998561,733923.5173998561,13653.90990207052
5715,465411.7892381636,0.0,465411.7892381636,465411.7892381636,8989.707378786821
5716,388225.82886679005,0.0,388225.82886679005,388225.82886679005,7597.951797357819
5717,353764.1427119919,0.0,353764.1427119919,353764.1427119919,6967.967413591398
5718,359406.9138764085,0.0,359406.9138764085,359406.9138764085,7071.491576056433
5719,480054.24701886554,0.0,480054.24701886554,480054.24701886554,9250.840086765564
5720,570037.4575245942,0.0,570037.4575245942,570037.4575245942,10837.592714944158
5721,212153.66385027813,0.0,212153.66385027813,212153.66385027813,4313.804356007686
5722,254053.70241425376,0.0,254053.70241425376,254053.70241425376,5111.28541479686
5723,401412.08434934425,0.0,401412.08434934425,401412.08434934425,7837.462554840457
5724,524679.784301453,0.0,524679.784301453,524679.784301453,10041.543938578567
5725,674719.1089483758,0.0,674719.1089483758,674719.1089483758,12646.621733720587
5726,510407.63853216975,0.0,510407.63853216975,510407.63853216975,9789.44782482463
5727,1000000.0,0.0,1000000.0,1000000.0,18052.936630821147
5728,1000000.0,0.0,1000000.0,1000000.0,18052.90683496294
5729,879536.4336339917,0.0,879536.4336339917,879536.4336339917,16085.280555873322
5730,547252.8760621818,0.0,547252.8760621818,547252.8760621818,10438.527242034455
5731,407154.95749341446,0.0,407154.95749341446,407154.95749341446,7941.459417841073
5732,608710.8979521412,0.0,608710.8979521412,608710.8979521412,11510.141432631728
5733,484450.3393682467,0.0,484450.3393682467,484450.3393682467,9328.87107565226
5734,554461.7305716751,0.0,554461.7305716751,554461.7305716751,10564.868831170465
5735,802985.3579948904,0.0,802985.3579948904,802985.3579948904,14814.454545447024
5736,802785.4632520796,0.0,802785.4632520796,802785.4632520796,14811.090155921791
5737,802585.5685092688,0.0,802585.5685092688,802585.5685092688,14807.725660319782
5738,858933.7930981474,0.0,858933.7930981474,858933.7930981474,15744.684585186871
5739,838225.2539058547,0.0,838225.2539058547,838225.2539058547,15401.35700464244
5740,874275.4755759249,0.0,874275.4755759249,874275.4755759249,15998.19369404351
5741,875548.14390235,0.0,875548.14390235,875548.14390235,16019.17229414426
5742,886265.6279366233,0.0,886265.6279366233,886265.6279366233,16195.858881920425
5743,1000000.0,0.0,1000000.0,1000000.0,18052.473170362202
5744,1000000.0,0.0,1000000.0,1000000.0,18052.443376033523
5745,1000000.0,0.0,1000000.0,1000000.0,18052.413581803172
5746,1000000.0,0.0,1000000.0,1000000.0,18052.383787671148
5747,1000000.0,0.0,1000000.0,1000000.0,18052.353993637455
5748,899281.2043361,0.0,899281.2043361,899281.2043361,16409.880776037902
5749,850308.7707869387,0.0,850308.7707869387,850308.7707869387,15601.560978707064
5750,936405.9921339676,0.0,936405.9921339676,936405.9921339676,17018.26971560524
5751,831491.3559766694,0.0,831491.3559766694,831491.3559766694,15289.15744905867
5752,817052.8975279827,0.0,817052.8975279827,817052.8975279827,15048.785040901768
5753,689961.9151422672,0.0,689961.9151422672,689961.9151422672,12906.36544389695
5754,232615.15980059945,0.0,232615.15980059945,232615.15980059945,4704.407732631556
5755,152154.57781467147,0.0,152154.57781467147,152154.57781467147,3149.191998733674
5756,440719.17851918924,0.0,440719.17851918924,440719.17851918924,8546.650089617186
5757,692406.7767515879,0.0,692406.7767515879,692406.7767515879,12947.971170968658
5758,694948.5727416739,0.0,694948.5727416739,694948.5727416739,12991.268489952485
5759,534385.616779278,0.0,534385.616779278,534385.616779278,10211.91159423476
5760,432578.0218746737,0.0,432578.0218746737,432578.0218746737,8400.16333239888
5761,188449.43246735234,0.0,188449.43246735234,188449.43246735234,3856.9696674408433
5762,281731.5528712768,0.0,281731.5528712768,281731.5528712768,5631.702926963212
5763,357316.0326186098,0.0,357316.0326186098,357316.0326186098,7032.599519680533
5764,430397.87103111605,0.0,430397.87103111605,430397.87103111605,8360.848808080036
5765,484750.16892378277,0.0,484750.16892378277,484750.16892378277,9333.699445952569
5766,660804.0359883665,0.0,660804.0359883665,660804.0359883665,12407.448012377008
5767,1000000.0,0.0,1000000.0,1000000.0,18051.790840736605
5768,901724.152286351,0.0,901724.152286351,901724.152286351,16449.512423962937
5769,842495.5933283193,0.0,842495.5933283193,842495.5933283193,15471.49926556587
5770,754523.5970435452,0.0,754523.5970435452,754523.5970435452,14000.466322279117
5771,757306.246990764,0.0,757306.246990764,757306.246990764,14047.324160256354
5772,708985.5172745262,0.0,708985.5172745262,708985.5172745262,13229.821599364279
5773,717509.6254628743,0.0,717509.6254628743,717509.6254628743,13374.53740947907
5774,686347.175488165,0.0,686347.175488165,686347.175488165,12844.260446661046
5775,633542.3376719856,0.0,633542.3376719856,633542.3376719856,11938.494541741336
5776,568222.0235520032,0.0,568222.0235520032,568222.0235520032,10804.869619666268
5777,503837.2502089848,0.0,503837.2502089848,503837.2502089848,9672.308624627201
5778,126743.15413529918,0.0,126743.15413529918,126743.15413529918,2618.7752212556975
5779,67437.4042670759,0.0,67437.4042670759,67437.4042670759,1395.8092471029477
5780,145997.11331273566,0.0,145997.11331273566,145997.11331273566,2741.2221779116107
5781,532436.6721789632,0.0,532436.6721789632,532436.6721789632,10087.926599668072
5782,700195.6494891498,0.0,700195.6494891498,700195.6494891498,13079.581890436233
5783,520884.74871447816,0.0,520884.74871447816,520884.74871447816,9973.18624178557
5784,779543.0150332124,0.0,779543.0150332124,779543.0150332124,14420.233156975199
5785,663731.715794727,0.0,663731.715794727,663731.715794727,12456.739654154746
5786,624861.7880059141,0.0,624861.7880059141,624861.7880059141,11788.004240922135
5787,822225.8231119347,0.0,822225.8231119347,822225.8231119347,15133.508269641265
5788,767288.8019851651,0.0,767288.8019851651,767288.8019851651,14214.344309034112
5789,856828.6089430869,0.0,856828.6089430869,856828.6089430869,15707.918318887441
5790,864369.5676425826,0.0,864369.5676425826,864369.5676425826,15832.638038815767
5791,1000000.0,0.0,1000000.0,1000000.0,18050.38714538566
5792,946574.9853664944,0.0,946574.9853664944,946574.9853664944,17182.474538005918
5793,669550.3066318312,0.0,669550.3066318312,669550.3066318312,12556.239245611667
5794,649411.0223741587,0.0,649411.0223741587,649411.0223741587,12210.77363678652
5795,606644.2422454176,0.0,606644.2422454176,606644.2422454176,11472.644111961736
5796,618413.2318086412,0.0,618413.2318086412,618413.2318086412,11676.371097379273
5797,618413.531282,0.0,618413.531282,618413.531282,11676.357017007771
5798,590811.4537266154,0.0,590811.4537266154,590811.4537266154,11197.725059772227
5799,596934.6235731343,0.0,596934.6235731343,596934.6235731343,11304.11131398545
5800,544489.9586719086,0.0,544489.9586719086,544489.9586719086,10388.372268686995
5801,469919.09672093514,0.0,469919.09672093514,469919.09672093514,9068.499087267253
5802,162912.45244906773,0.0,162912.45244906773,162912.45244906773,3359.765183434253
5803,45381.09836667656,0.0,45381.09836667656,45381.09836667656,936.0922954895678
5804,170274.8006074084,0.0,170274.8006074084,170274.8006074084,3073.5933409024524
5805,121994.03688733827,0.0,121994.03688733827,121994.03688733827,2525.1843285045857
5806,288549.8668920896,0.0,288549.8668920896,288549.8668920896,5556.948174464504
5807,325081.1448227265,0.0,325081.1448227265,325081.1448227265,6437.517750404833
5808,207194.9896235763,0.0,207194.9896235763,207194.9896235763,4217.482922452883
5809,271020.5696268455,0.0,271020.5696268455,271020.5696268455,5429.617850132418
5810,346267.0460341591,0.0,346267.0460341591,346267.0460341591,6828.290101507387
5811,548975.5018345007,0.0,548975.5018345007,548975.5018345007,10466.176338444655
5812,270188.8281333676,0.0,270188.8281333676,270188.8281333676,5413.957080000123
5813,829423.2107515149,0.0,829423.2107515149,829423.2107515149,15251.627501773246
5814,770858.7094066141,0.0,770858.7094066141,770858.7094066141,14272.789625108462
5815,1000000.0,0.0,1000000.0,1000000.0,18048.531255687903
5816,863245.583134795,0.0,863245.583134795,863245.583134795,15812.351790906037
5817,696514.594436351,0.0,696514.594436351,696514.594436351,13015.28310638147
5818,643977.5636328892,0.0,643977.5636328892,643977.5636328892,12116.044097644213
5819,591496.4181610923,0.0,591496.4181610923,591496.4181610923,11208.479997916165
5820,566138.1218973291,0.0,566138.1218973291,566138.1218973291,10766.478628814915
5821,588623.0384044363,0.0,588623.0384044363,588623.0384044363,11158.477181075226
5822,580230.5928432529,0.0,580230.5928432529,580230.5928432529,11012.35226729427
5823,567577.8126160618,0.0,567577.8126160618,567577.8126160618,10791.580349731361
5824,544730.5617982268,0.0,544730.5617982268,544730.5617982268,10391.46705814961
5825,413365.5135293314,0.0,413365.5135293314,413365.5135293314,8051.673795209023
5826,103808.91021593624,0.0,103808.91021593624,103808.91021593624,2151.8935214520093
5827,58861.91690740682,0.0,58861.91690740682,58861.91690740682,1218.5742380581967
5828,225032.8584118163,0.0,225032.8584118163,225032.8584118163,4079.5203129195866
5829,523802.9898256294,0.0,523802.9898256294,523802.9898256294,10022.743025857766
5830,670476.0877412697,0.0,670476.0877412697,670476.0877412697,12569.914799593449
5831,546909.7005377564,0.0,546909.7005377564,546909.7005377564,10429.114732382448
5832,557745.7103597077,0.0,557745.7103597077,557745.7103597077,10618.997007660606
5833,836501.3921441174,0.0,836501.3921441174,836501.3921441174,15368.087314070228
5834,874072.8852319184,0.0,874072.8852319184,874072.8852319184,15990.045012608176
5835,874093.3077142524,0.0,874093.3077142524,874093.3077142524,15990.355657368036
5836,874736.9706796057,0.0,874736.9706796057,874736.9706796057,16000.950754921894
5837,875051.2827317701,0.0,875051.2827317701,875051.2827317701,16006.110594123304
5838,878449.3693009249,0.0,878449.3693009249,878449.3693009249,16062.136212302836
5839,1000000.0,0.0,1000000.0,1000000.0,18047.065185883166
5840,837333.7440063755,0.0,837333.7440063755,837333.7440063755,15381.730824001866
5841,712434.3525305648,0.0,712434.3525305648,712434.3525305648,13284.881617324509
5842,584755.947340999,0.0,584755.947340999,584755.947340999,11090.292997828532
5843,522677.5320099459,0.0,522677.5320099459,522677.5320099459,10002.658369260822
5844,532697.6583539012,0.0,532697.6583539012,532697.6583539012,10179.163587421355
5845,196266.07422775336,0.0,196266.07422775336,196266.07422775336,4006.7011632739514
5846,532098.1734880153,0.0,532098.1734880153,532098.1734880153,10168.580895092422
5847,514841.94471151684,0.0,514841.94471151684,514841.94471151684,9864.290149556862
5848,641545.0235700235,0.0,641545.0235700235,641545.0235700235,12073.048102958304
5849,476104.98611810425,0.0,476104.98611810425,476104.98611810425,9177.013930484734
5850,54534.568457900736,0.0,54534.568457900736,54534.568457900736,1124.5514125310708
5851,0.0,0.0,0.0,0.0,-0.0
5852,821718.5972680134,0.0,821718.5972680134,821718.5972680134,12600.626994365044
5853,717146.96619418,0.0,717146.96619418,717146.96619418,13363.654284491322
5854,525692.1449475593,0.0,525692.1449475593,525692.1449475593,10054.892275111
5855,761477.611954826,0.0,761477.611954826,761477.611954826,14112.497786445521
5856,658186.5223889184,0.0,658186.5223889184,658186.5223889184,12357.933164753615
5857,399386.1502925787,0.0,399386.1502925787,399386.1502925787,7797.084091252071
5858,219331.6268092315,0.0,219331.6268092315,219331.6268092315,4449.080763694263
5859,78118.99602752656,0.0,78118.99602752656,78118.99602752656,1613.6568731869686
5860,35584.1095944208,0.0,35584.1095944208,35584.1095944208,734.7636394482344
5861,67187.74401067053,0.0,67187.74401067053,67187.74401067053,1274.6883403502368
5862,53678.726225075996,0.0,53678.726225075996,53678.726225075996,1107.6857108677852
5863,376670.4870531645,0.0,376670.4870531645,376670.4870531645,6542.482730193557
5864,140639.91643236636,0.0,140639.91643236636,140639.91643236636,2906.168384502114
5865,550780.6777118528,0.0,550780.6777118528,550780.6777118528,10311.566763063005
5866,569931.9874242056,0.0,569931.9874242056,569931.9874242056,10829.891958394588
5867,582133.9240707406,0.0,582133.9240707406,582133.9240707406,11042.617860139431
5868,819679.6645020939,0.0,819679.6645020939,819679.6645020939,15085.39295253013
5869,641609.5697650854,0.0,641609.5697650854,641609.5697650854,12072.043176917852
5870,925264.0507375118,0.0,925264.0507375118,925264.0507375118,16828.039132081896
5871,759776.5736755744,0.0,759776.5736755744,759776.5736755744,14082.546840238638
5872,588330.9805836809,0.0,588330.9805836809,588330.9805836809,11150.366877788965
5873,257857.76899919962,0.0,257857.76899919962,257857.76899919962,5180.120280021015
5874,160533.76252282705,0.0,160533.76252282705,160533.76252282705,3311.8484966284645
5875,133619.6727587059,0.0,133619.6727587059,133619.6727587059,2760.476264807701
5876,238851.4759519983,0.0,238851.4759519983,238851.4759519983,4694.048374500748
5877,240838.7050993579,0.0,240838.7050993579,240838.7050993579,4858.060583738679
5878,153691.56460839667,0.0,153691.56460839667,153691.56460839667,3177.6220902730925
5879,97969.73694215159,0.0,97969.73694215159,97969.73694215159,2028.582719145089
5880,126827.22623189115,0.0,126827.22623189115,126827.22623189115,2532.1622654257376
5881,78211.55869672669,0.0,78211.55869672669,78211.55869672669,1615.3038076012301
5882,225025.78292089092,0.0,225025.78292089092,225025.78292089092,4158.1695498312665
5883,165409.06728871458,0.0,165409.06728871458,165409.06728871458,3406.8945162679956
5884,142474.01362559784,0.0,142474.01362559784,142474.01362559784,2941.856780669852
5885,81466.49306034921,0.0,81466.49306034921,81466.49306034921,1687.6868046673187
5886,12038.7025972862,0.0,12038.7025972862,12038.7025972862,244.50723446692305
5887,311530.52958508075,0.0,311530.52958508075,311530.52958508075,5207.321322136327
5888,485014.2491657111,0.0,485014.2491657111,485014.2491657111,9332.410844508819
5889,545739.3651465479,0.0,545739.3651465479,545739.3651465479,10404.723957239656
5890,568023.4765065315,0.0,568023.4765065315,568023.4765065315,10794.72874057023
5891,580717.8716689227,0.0,580717.8716689227,580717.8716689227,11016.082595861648
5892,592968.1257324595,0.0,592968.1257324595,592968.1257324595,11229.14327360366
5893,625619.2746017992,0.0,625619.2746017992,625619.2746017992,11794.476859068427
5894,644991.6794522663,0.0,644991.6794522663,644991.6794522663,12128.155072484058
5895,627144.313104632,0.0,627144.313104632,627144.313104632,11820.753596665374
5896,667173.9775344925,0.0,667173.9775344925,667173.9775344925,12508.665085278857
5897,579293.8460979434,0.0,579293.8460979434,579293.8460979434,10991.16917985166
5898,217778.79429318715,0.0,217778.79429318715,217778.79429318715,4418.127878813051
5899,168734.17750562206,0.0,168734.17750562206,168734.17750562206,3471.430727507877
5900,149086.32766984706,0.0,149086.32766984706,149086.32766984706,3079.065208093371
5901,695313.1809769196,0.0,695313.1809769196,695313.1809769196,12875.510517216971
5902,401979.27141353104,0.0,401979.27141353104,401979.27141353104,7841.869652814877
5903,190009.48319326586,0.0,190009.48319326586,190009.48319326586,3884.344359629782
5904,145977.50280454077,0.0,145977.50280454077,145977.50280454077,3018.0396959415107
5905,430313.58645699517,0.0,430313.58645699517,430313.58645699517,8280.682702973572
5906,544343.8134119025,0.0,544343.8134119025,544343.8134119025,10379.872267679166
5907,356852.5553931908,0.0,356852.5553931908,356852.5553931908,7019.189492800895
5908,310905.3695787057,0.0,310905.3695787057,310905.3695787057,6171.570955536445
5909,79045.7923729029,0.0,79045.7923729029,79045.7923729029,1631.4371089589172
5910,18668.631142800732,0.0,18668.631142800732,18668.631142800732,384.5398052601255
5911,362432.67320654436,0.0,362432.67320654436,362432.67320654436,6059.477536089902
5912,523749.25807868224,0.0,523749.25807868224,523749.25807868224,10016.93479175974
5913,571559.3722844847,0.0,571559.3722844847,571559.3722844847,10855.260614688581
5914,582089.5522388059,0.0,582089.5522388059,582089.5522388059,11038.76226109247
5915,609071.6462115181,0.0,609071.6462115181,609071.6462115181,11507.186475836756
5916,642670.639551741,0.0,642670.639551741,642670.639551741,12086.95179914031
5917,672448.8432883834,0.0,672448.8432883834,672448.8432883834,12597.600805602295
5918,733572.0671328122,0.0,733572.0671328122,733572.0671328122,13636.771524267353
5919,746295.4226142751,0.0,746295.4226142751,746295.4226142751,13851.58897090953
5920,698154.2711657516,0.0,698154.2711657516,698154.2711657516,13036.021763204953
5921,625402.6838060154,0.0,625402.6838060154,625402.6838060154,11789.360619547604
5922,177561.58617719464,0.0,177561.58617719464,177561.58617719464,3642.792955256008
5923,187059.09019851682,0.0,187059.09019851682,187059.09019851682,3826.8794349194127
5924,305711.5404956638,0.0,305711.5404956638,305711.5404956638,6074.501378428013
5925,408937.8200249166,0.0,408937.8200249166,408937.8200249166,7967.02584905788
5926,343341.45414921653,0.0,343341.45414921653,343341.45414921653,6770.364135651303
5927,188136.04720022337,0.0,188136.04720022337,188136.04720022337,3847.6824874936274
5928,636314.5519100813,0.0,636314.5519100813,636314.5519100813,11977.336460010813
5929,773734.8773716228,0.0,773734.8773716228,773734.8773716228,14313.013371682182
5930,566933.5486305463,0.0,566933.5486305463,566933.5486305463,10774.216751129981
5931,385736.00333223527,0.0,385736.00333223527,385736.00333223527,7545.960645256746
5932,343096.3260331085,0.0,343096.3260331085,343096.3260331085,6765.785839144341
5933,364268.0943302444,0.0,364268.0943302444,364268.0943302444,7154.222726821199
5934,374093.8261687848,0.0,374093.8261687848,374093.8261687848,7333.761541944614
5935,604147.4780519846,0.0,604147.4780519846,604147.4780519846,11421.519306025413
5936,635295.544518068,0.0,635295.544518068,635295.544518068,11959.632945946149
5937,604803.7932846146,0.0,604803.7932846146,604803.7932846146,11432.855076986742
5938,541235.5840233067,0.0,541235.5840233067,541235.5840233067,10324.101359323096
5939,244582.5079803714,0.0,244582.5079803714,244582.5079803714,4927.50651112808
5940,218865.53504773355,0.0,218865.53504773355,218865.53504773355,4438.2376303784
5941,258482.86490452962,0.0,258482.86490452962,258482.86490452962,5190.189166371747
5942,305039.44294788805,0.0,305039.44294788805,305039.44294788805,6061.821935463281
5943,195123.85151748415,0.0,195123.85151748415,195123.85151748415,3982.5012574123853
5944,347179.7707072515,0.0,347179.7707072515,347179.7707072515,6840.7398936420395
5945,1000000.0,0.0,1000000.0,1000000.0,18038.188345305472
5946,753086.1044326043,0.0,753086.1044326043,753086.1044326043,13965.457434873177
5947,345543.3160223356,0.0,345543.3160223356,345543.3160223356,6810.622213287523
5948,410936.16336562013,0.0,410936.16336562013,410936.16336562013,8002.868670522402
5949,221322.71278245293,0.0,221322.71278245293,221322.71278245293,4485.105645505826
5950,124471.81207464567,0.0,124471.81207464567,124471.81207464567,2572.211745755507
5951,175339.69623747581,0.0,175339.69623747581,175339.69623747581,3473.6204025292136
5952,346785.2806586514,0.0,346785.2806586514,346785.2806586514,6833.289783203175
5953,632804.0590192687,0.0,632804.0590192687,632804.0590192687,11916.209736981444
5954,589073.8679792207,0.0,589073.8679792207,589073.8679792207,11159.377189752753
5955,488735.52277263236,0.0,488735.52277263236,488735.52277263236,9396.67287166066
5956,386637.78993070417,0.0,386637.78993070417,386637.78993070417,7561.936823411574
5957,303168.1605153989,0.0,303168.1605153989,303168.1605153989,6026.770574292601
5958,202503.15933204046,0.0,202503.15933204046,202503.15933204046,4124.408774421027
5959,415707.2605249578,0.0,415707.2605249578,415707.2605249578,8088.825322949768
5960,498532.5085436433,0.0,498532.5085436433,498532.5085436433,9570.389632114024
5961,534318.1064916766,0.0,534318.1064916766,534318.1064916766,10202.02367514979
5962,538913.5510864593,0.0,538913.5510864593,538913.5510864593,10282.767674911638
5963,550783.7056537336,0.0,550783.7056537336,550783.7056537336,10490.993019394316
5964,595820.882487503,0.0,595820.882487503,595820.882487503,11276.39796056887
5965,612293.0170955299,0.0,612293.0170955299,612293.0170955299,11561.839640333197
5966,612461.8757792305,0.0,612461.8757792305,612461.8757792305,11564.74198311897
5967,614312.7731920491,0.0,614312.7731920491,614312.7731920491,11596.738489825775
5968,523004.4423634577,0.0,523004.4423634577,523004.4423634577,10002.740241969845
5969,605106.6189674472,0.0,605106.6189674472,605106.6189674472,11437.341557997393
5970,155577.91771667358,0.0,155577.91771667358,155577.91771667358,3213.401522941033
5971,123222.30918792187,0.0,123222.30918792187,123222.30918792187,2547.5962135728346
5972,306304.56233175646,0.0,306304.56233175646,306304.56233175646,5872.2229306776435
5973,737010.8719024754,0.0,737010.8719024754,737010.8719024754,13693.290278739649
5974,779538.1919945028,0.0,779538.1919945028,779538.1919945028,14408.911709003643
5975,813086.5730229778,0.0,813086.5730229778,813086.5730229778,14969.629728128999
5976,566129.1694096017,0.0,566129.1694096017,566129.1694096017,10759.039500924679
5977,359187.05012286606,0.0,359187.05012286606,359187.05012286606,7060.451626628666
5978,355380.14398917597,0.0,355380.14398917597,355380.14398917597,6990.666427093143
5979,495448.2849913164,0.0,495448.2849913164,495448.2849913164,9515.272402293114
5980,434812.93295773835,0.0,434812.93295773835,434812.93295773835,8432.696989779022
5981,700818.1370660526,0.0,700818.1370660526,700818.1370660526,13079.682817645675
5982,560333.6458466214,0.0,560333.6458466214,560333.6458466214,10657.658249482027
5983,782381.3686673723,0.0,782381.3686673723,782381.3686673723,14456.354311737876
5984,667361.3569488947,0.0,667361.3569488947,667361.3569488947,12508.846811509287
5985,205759.42691642267,0.0,205759.42691642267,205759.42691642267,4186.707481961921
5986,161190.04441221044,0.0,161190.04441221044,161190.04441221044,3323.1878992992124
5987,201893.0504813519,0.0,201893.0504813519,201893.0504813519,4112.401200169333
5988,482496.2318903594,0.0,482496.2318903594,482496.2318903594,9285.145796206194
5989,592260.1837258375,0.0,592260.1837258375,592260.1837258375,11213.94109418617
5990,455682.8553559436,0.0,455682.8553559436,455682.8553559436,8806.85587951711
5991,491484.9684833334,0.0,491484.9684833334,491484.9684833334,9444.780625397845
5992,509741.06902989966,0.0,509741.06902989966,509741.06902989966,9768.09748892974
5993,415624.14482340903,0.0,415624.14482340903,415624.14482340903,8086.738863926413
5994,215949.26524626874,0.0,215949.26524626874,215949.26524626874,4381.9240531703545
5995,380942.8454337454,0.0,380942.8454337454,380942.8454337454,7457.657792528605
5996,615819.561352467,0.0,615819.561352467,615819.561352467,11622.074610394946
5997,823867.1786010072,0.0,823867.1786010072,823867.1786010072,15148.60475126013
5998,774393.410387264,0.0,774393.410387264,774393.410387264,14322.082200250357
5999,648816.5464269277,0.0,648816.5464269277,648816.5464269277,12190.601764613339
6000,728276.107827383,0.0,728276.107827383,728276.107827383,13545.034064883168
6001,630345.9526299644,0.0,630345.9526299644,630345.9526299644,11872.744012596579
6002,713567.2824729363,0.0,713567.2824729363,713567.2824729363,13295.79154171217
6003,690952.8955436538,0.0,690952.8955436538,690952.8955436538,12911.301351232025
6004,659690.2110190783,0.0,659690.2110190783,659690.2110190783,12377.064126417234
6005,409381.15882300533,0.0,409381.15882300533,409381.15882300533,7973.735346648521
6006,164444.5127748326,0.0,164444.5127748326,164444.5127748326,3386.6837834632147
6007,434928.9780989622,0.0,434928.9780989622,434928.9780989622,8434.404254203933
6008,619935.0310173442,0.0,619935.0310173442,619935.0310173442,11692.963145992631
6009,575857.2166000815,0.0,575857.2166000815,575857.2166000815,10928.177112183823
6010,567658.4441336441,0.0,567658.4441336441,567658.4441336441,10785.145808104071
6011,580548.7841014015,0.0,580548.7841014015,580548.7841014015,11009.868298146968
6012,610853.2077717424,0.0,610853.2077717424,610853.2077717424,11535.870757795094
6013,683511.7965535212,0.0,683511.7965535212,683511.7965535212,12784.230857215043
6014,502842.4122354743,0.0,502842.4122354743,502842.4122354743,9645.716665252878
6015,684015.5094895057,0.0,684015.5094895057,684015.5094895057,12792.782654868575
6016,683565.7003465405,0.0,683565.7003465405,683565.7003465405,12785.087824968194
6017,624260.765168238,0.0,624260.765168238,624260.765168238,11767.477045653846
6018,722239.3991717924,0.0,722239.3991717924,722239.3991717924,13442.450363150167
6019,238504.77684315137,0.0,238504.77684315137,238504.77684315137,4811.444510329168
6020,438206.8368347526,0.0,438206.8368347526,438206.8368347526,8493.124251611409
6021,752163.2435852531,0.0,752163.2435852531,752163.2435852531,13947.832436381637
6022,683459.0972101822,0.0,683459.0972101822,683459.0972101822,12783.14487384011
6023,816905.245125544,0.0,816905.245125544,816905.245125544,15032.104958226164
6024,822839.5331976872,0.0,822839.5331976872,822839.5331976872,15130.855354131203
6025,637849.0823747293,0.0,637849.0823747293,637849.0823747293,12001.515994817923
6026,691196.5610467095,0.0,691196.5610467095,691196.5610467095,12914.970746170975
6027,621781.709147655,0.0,621781.709147655,621781.709147655,11724.488756628194
6028,660515.05857088,0.0,660515.05857088,660515.05857088,12390.715793152374
6029,589938.2862756738,0.0,589938.2862756738,589938.2862756738,11172.864134105388
6030,493922.69463319774,0.0,493922.69463319774,493922.69463319774,9487.413080053662
6031,791897.9062719268,0.0,791897.9062719268,791897.9062719268,14614.55260554952
6032,780716.0379355715,0.0,780716.0379355715,780716.0379355715,14427.317275562145
6033,755097.89888579,0.0,755097.89888579,755097.89888579,13996.979231828784
6034,772644.6578883657,0.0,772644.6578883657,772644.6578883657,14291.905411900987
6035,767234.1388691704,0.0,767234.1388691704,767234.1388691704,14201.033662629216
6036,801974.7382119831,0.0,801974.7382119831,801974.7382119831,14782.826615615515
6037,479709.1290185919,0.0,479709.1290185919,479709.1290185919,9234.809843954305
6038,849298.617422199,0.0,849298.617422199,849298.617422199,15569.690509097716
6039,658373.3681690407,0.0,658373.3681690407,658373.3681690407,12353.78320033246
6040,696308.9824471574,0.0,696308.9824471574,696308.9824471574,13001.723415005532
6041,516348.04296032793,0.0,516348.04296032793,516348.04296032793,9883.985255230682
6042,694700.1019470276,0.0,694700.1019470276,694700.1019470276,12974.295377969456
6043,878951.7356209764,0.0,878951.7356209764,878951.7356209764,16059.430657133928
6044,873534.2966111975,0.0,873534.2966111975,873534.2966111975,15970.089670214951
6045,873134.2392930787,0.0,873134.2392930787,873134.2392930787,15963.464632737856
6046,874568.6562956533,0.0,874568.6562956533,874568.6562956533,15987.096116430412
6047,870335.597533214,0.0,870335.597533214,870335.597533214,15917.237909414518
6048,872844.490065018,0.0,872844.490065018,872844.490065018,15958.564777382619
6049,815616.8846856682,0.0,815616.8846856682,815616.8846856682,15009.971107666335
6050,833540.3203777173,0.0,833540.3203777173,833540.3203777173,15308.025747179072
6051,784253.6172413658,0.0,784253.6172413658,784253.6172413658,14486.094082514172
6052,769222.0555068736,0.0,769222.0555068736,769222.0555068736,14233.98686551479
6053,761356.3339078088,0.0,761356.3339078088,761356.3339078088,14101.783742427859
6054,692246.1947961291,0.0,692246.1947961291,692246.1947961291,12932.21570233475
6055,911519.5432274333,0.0,911519.5432274333,911519.5432274333,16594.319290427302
6056,481296.7443615373,0.0,481296.7443615373,481296.7443615373,9262.725017512965
6057,400314.7114304903,0.0,400314.7114304903,400314.7114304903,7808.839054602931
6058,439379.8682648904,0.0,439379.8682648904,439379.8682648904,8513.61463798919
6059,571768.0910429836,0.0,571768.0910429836,571768.0910429836,10855.942688499874
6060,774865.7962406178,0.0,774865.7962406178,774865.7962406178,14328.527821625778
6061,748553.7814148456,0.0,748553.7814148456,748553.7814148456,13886.062790024233
6062,762138.1842973055,0.0,762138.1842973055,762138.1842973055,14114.724857751837
6063,1000000.0,0.0,1000000.0,1000000.0,18034.290136739128
6064,925742.6908634886,0.0,925742.6908634886,925742.6908634886,16826.945938433437
6065,964001.2291422619,0.0,964001.2291422619,964001.2291422619,17450.68846415064
6066,765293.2631512466,0.0,765293.2631512466,765293.2631512466,14167.663675350745
6067,851313.1988112065,0.0,851313.1988112065,851313.1988112065,15602.270852428119
6068,873009.8418351564,0.0,873009.8418351564,873009.8418351564,15960.773957885207
6069,802356.6203237799,0.0,802356.6203237799,802356.6203237799,14788.364307503924
6070,812894.2549923095,0.0,812894.2549923095,812894.2549923095,14964.097195857821
6071,826694.6117361337,0.0,826694.6117361337,826694.6117361337,15193.764041732084
6072,734776.7689807013,0.0,734776.7689807013,734776.7689807013,13653.308227522326
6073,619252.1924783421,0.0,619252.1924783421,619252.1924783421,11679.870513010525
6074,620062.5829304549,0.0,620062.5829304549,620062.5829304549,11693.848833349859
6075,493941.3789908445,0.0,493941.3789908445,493941.3789908445,9486.990059336396
6076,559464.251098391,0.0,559464.251098391,559464.251098391,10640.759704705193
6077,525777.8064517132,0.0,525777.8064517132,525777.8064517132,10049.596199922524
6078,399419.9131130176,0.0,399419.9131130176,399419.9131130176,7792.334939698597
6079,692079.8484843529,0.0,692079.8484843529,692079.8484843529,12928.849919718705
6080,388219.8021911871,0.0,388219.8021911871,388219.8021911871,7588.965986531664
6081,452498.89042663627,0.0,452498.89042663627,452498.89042663627,8748.494220517297
6082,502235.1580075511,0.0,502235.1580075511,502235.1580075511,9633.831841028661
6083,514534.4603718715,0.0,514534.4603718715,514534.4603718715,9851.244818941199
6084,625224.9310915947,0.0,625224.9310915947,625224.9310915947,11782.772201064876
6085,659464.9806751654,0.0,659464.9806751654,659464.9806751654,12371.519115274183
6086,892823.4037533286,0.0,892823.4037533286,892823.4037533286,16286.591896679423
6087,191395.09853147366,0.0,191395.09853147366,191395.09853147366,3909.4071790496837
6088,836137.764856145,0.0,836137.764856145,836137.764856145,15350.20663977353
6089,600016.0357381563,0.0,600016.0357381563,600016.0357381563,11346.646371000375
6090,341087.0329613845,0.0,341087.0329613845,341087.0329613845,6726.755156089514
6091,362241.66592430684,0.0,362241.66592430684,362241.66592430684,7114.974883080595
6092,569747.6863810612,0.0,569747.6863810612,569747.6863810612,10820.101499465847
6093,491931.9988109179,0.0,491931.9988109179,491931.9988109179,9451.06488449241
6094,336016.3426874435,0.0,336016.3426874435,336016.3426874435,6633.327801520226
6095,436148.35444924945,0.0,436148.35444924945,436148.35444924945,8455.032872661004
6096,471420.4296180344,0.0,471420.4296180344,471420.4296180344,9086.264187745386
6097,779007.1233965646,0.0,779007.1233965646,779007.1233965646,14397.116105486792
6098,468586.6944507665,0.0,468586.6944507665,468586.6944507665,9035.708942263731
6099,464708.9877973259,0.0,464708.9877973259,464708.9877973259,8966.502950684491
6100,475028.3996927106,0.0,475028.3996927106,475028.3996927106,9150.485506843712
6101,329522.7023133096,0.0,329522.7023133096,329522.7023133096,6513.475704725999
6102,226217.15649996806,0.0,226217.15649996806,226217.15649996806,4577.08016744197
6103,422514.1938049708,0.0,422514.1938049708,422514.1938049708,8209.521373230275
6104,568255.3954346862,0.0,568255.3954346862,568255.3954346862,10793.850180544961
6105,562812.8122341529,0.0,562812.8122341529,562812.8122341529,10698.787190207939
6106,591637.6556619393,0.0,591637.6556619393,591637.6556619393,11200.930269024699
6107,472035.0071723493,0.0,472035.0071723493,472035.0071723493,9097.052701046407
6108,581479.0936441858,0.0,581479.0936441858,581479.0936441858,11024.26083178559
6109,653550.7062547801,0.0,653550.7062547801,653550.7062547801,12269.629029393507
6110,370347.02952140314,0.0,370347.02952140314,370347.02952140314,7262.925369997572
6111,694105.4358202622,0.0,694105.4358202622,694105.4358202622,12962.677766447736
6112,335074.17541698355,0.0,335074.17541698355,335074.17541698355,6615.761141991012
6113,537513.3048577564,0.0,537513.3048577564,537513.3048577564,10255.412877573468
6114,193723.59801726468,0.0,193723.59801726468,193723.59801726468,3954.15151154692
6115,196112.46303641348,0.0,196112.46303641348,196112.46303641348,4000.195905786241
6116,392295.4399347678,0.0,392295.4399347678,392295.4399347678,7662.565653353003
6117,565059.0648374362,0.0,565059.0648374362,565059.0648374362,10737.818743220125
6118,515214.8235735234,0.0,515214.8235735234,515214.8235735234,9862.690321329432
6119,548377.1083819795,0.0,548377.1083819795,548377.1083819795,10445.93053504415
6120,425606.0051654408,0.0,425606.0051654408,425606.0051654408,8265.007279978405
6121,196127.32419882837,0.0,196127.32419882837,196127.32419882837,4000.4405809946
6122,173548.69915324685,0.0,173548.69915324685,173548.69915324685,3563.3891106153055
6123,172882.7730958465,0.0,172882.7730958465,172882.7730958465,3550.4299489718987
6124,253887.02345625934,0.0,253887.02345625934,253887.02345625934,5101.659672344522
6125,254758.4922635356,0.0,254758.4922635356,254758.4922635356,5118.100465142665
6126,210651.29475001697,0.0,210651.29475001697,210651.29475001697,4279.47145545971
6127,370044.711503923,0.0,370044.711503923,370044.711503923,7257.202340533719
6128,409466.32575988345,0.0,409466.32575988345,409466.32575988345,7973.595250873864
6129,490499.60426721594,0.0,490499.60426721594,490499.60426721594,9425.096385735356
6130,28057.507119409456,0.0,28057.507119409456,28057.507119409456,577.5998300649495
6131,113620.79302458605,0.0,113620.79302458605,113620.79302458605,2042.794771604989
6132,184205.60032390078,0.0,184205.60032390078,184205.60032390078,3605.1854020465607
6133,617510.5688628103,0.0,617510.5688628103,617510.5688628103,11647.951694558054
6134,652175.3519619766,0.0,652175.3519619766,652175.3519619766,12244.806317423787
6135,426942.0380667029,0.0,426942.0380667029,426942.0380667029,8288.351349302906
6136,632892.4990718191,0.0,632892.4990718191,632892.4990718191,11913.250044650345
6137,442806.68446360127,0.0,442806.68446360127,442806.68446360127,8573.464361811551
6138,207972.4329118341,0.0,207972.4329118341,207972.4329118341,4227.7496390129445
6139,154660.525414183,0.0,154660.525414183,154660.525414183,3194.1557286848065
6140,213907.64123503436,0.0,213907.64123503436,213907.64123503436,4341.441224003476
6141,297794.93925256596,0.0,297794.93925256596,297794.93925256596,5924.368844324826
6142,342101.47330353106,0.0,342101.47330353106,342101.47330353106,6744.4092538078075
6143,874023.875883543,0.0,874023.875883543,874023.875883543,15974.693089679511
6144,874895.8397892212,0.0,874895.8397892212,874895.8397892212,15989.043822382042
6145,218887.1872151535,0.0,218887.1872151535,218887.1872151535,4436.609066473139
6146,152672.6745666146,0.0,152672.6745666146,152672.6745666146,3155.102536953162
6147,354058.66177317157,0.0,354058.66177317157,354058.66177317157,6963.966675830791
6148,139269.298410645,0.0,139269.298410645,139269.298410645,2876.976708752172
6149,87829.76094754958,0.0,87829.76094754958,87829.76094754958,1819.7612606998223
6150,144945.0241873053,0.0,144945.0241873053,144945.0241873053,2802.2867894272754
6151,414364.30142150377,0.0,414364.30142150377,414364.30142150377,7990.699801087065
6152,569444.983041943,0.0,569444.983041943,569444.983041943,10812.790789128365
6153,528543.3614383648,0.0,528543.3614383648,528543.3614383648,10096.1159621474
6154,550328.0559157167,0.0,550328.0559157167,550328.0559157167,10478.568674854218
6155,574132.2154472119,0.0,574132.2154472119,574132.2154472119,10894.472846104622
6156,612630.4450717539,0.0,612630.4450717539,612630.4450717539,11562.82095772883
6157,523774.95409493067,0.0,523774.95409493067,523774.95409493067,10012.09358228476
6158,465268.44322017895,0.0,465268.44322017895,465268.44322017895,8974.792157339807
6159,642552.8541115822,0.0,642552.8541115822,642552.8541115822,12078.686417340188
6160,1000000.0,0.0,1000000.0,1000000.0,18030.02851336738
6161,863995.026277564,0.0,863995.026277564,863995.026277564,15808.277927939494
6162,444005.6228039255,0.0,444005.6228039255,444005.6228039255,8594.350665483755
6163,650736.003196238,0.0,650736.003196238,650736.003196238,12219.170489948156
6164,486319.4069488586,0.0,486319.4069488586,486319.4069488586,9349.473929095773
6165,603320.1201314665,0.0,603320.1201314665,603320.1201314665,11401.493668291618
6166,842083.6060324108,0.0,842083.6060324108,842083.6060324108,15445.5971133868
6167,863814.8613300737,0.0,863814.8613300737,863814.8613300737,15805.150303464914
6168,852336.342600403,0.0,852336.342600403,852336.342600403,15615.357949226647
6169,874594.5005855428,0.0,874594.5005855428,874594.5005855428,15982.978972075114
6170,874616.9859643361,0.0,874616.9859643361,874616.9859643361,15983.323341167641
6171,872975.664847106,0.0,872975.664847106,872975.664847106,15956.233424593449
6172,865784.053853729,0.0,865784.053853729,865784.053853729,15837.538448452984
6173,801304.4641371076,0.0,801304.4641371076,801304.4641371076,14767.062224041858
6174,712767.0023626911,0.0,712767.0023626911,712767.0023626911,13277.301200704804
6175,848684.0903423526,0.0,848684.0903423526,848684.0903423526,15554.721795866648
6176,638426.1841646142,0.0,638426.1841646142,638426.1841646142,12007.373774060992
6177,847534.2729383815,0.0,847534.2729383815,847534.2729383815,15535.630404962703
6178,798312.340841691,0.0,798312.340841691,798312.340841691,14716.978989250485
6179,723743.890924289,0.0,723743.890924289,723743.890924289,13463.19077239798
6180,662712.2066670285,0.0,662712.2066670285,662712.2066670285,12424.134047812226
6181,527512.1582519128,0.0,527512.1582519128,527512.1582519128,10077.490576616103
6182,410063.9956469492,0.0,410063.9956469492,410063.9956469492,7982.927798585688
6183,533155.217165603,0.0,533155.217165603,533155.217165603,10176.719739773484
6184,566011.089891584,0.0,566011.089891584,566011.089891584,10752.28446483244
6185,759131.400675671,0.0,759131.400675671,759131.400675671,14060.141880105028
6186,540076.4453706575,0.0,540076.4453706575,540076.4453706575,10298.249973665184
6187,431479.7887211447,0.0,431479.7887211447,431479.7887211447,8369.028545070581
6188,713928.5499433053,0.0,713928.5499433053,713928.5499433053,13296.6977630131
6189,771360.5466825005,0.0,771360.5466825005,771360.5466825005,14265.50120176985
6190,764845.8066629915,0.0,764845.8066629915,764845.8066629915,14156.085992630113
6191,869305.9126046649,0.0,869305.9126046649,869305.9126046649,15895.18449850363
6192,830355.7634185482,0.0,830355.7634185482,830355.7634185482,15250.345578013272
6193,771152.1533022609,0.0,771152.1533022609,771152.1533022609,14261.909523915834
6194,611343.3224844524,0.0,611343.3224844524,611343.3224844524,11539.828478941534
6195,365314.30001952633,0.0,365314.30001952633,365314.30001952633,7169.248382986441
6196,346680.3340981251,0.0,346680.3340981251,346680.3340981251,6827.741293863555
6197,491515.29676050716,0.0,491515.29676050716,491515.29676050716,9441.176793261178
6198,337668.8270710525,0.0,337668.8270710525,337668.8270710525,6661.964780151371
6199,403333.2334747402,0.0,403333.2334747402,403333.2334747402,7860.918302958705
6200,249648.6915396626,0.0,249648.6915396626,249648.6915396626,5020.442649296594
6201,59129.47868871127,0.0,59129.47868871127,59129.47868871127,1222.640850929563
6202,131560.81816444255,0.0,131560.81816444255,131560.81816444255,2463.2612522419345
6203,121960.19683441085,0.0,121960.19683441085,121960.19683441085,2521.4271316666054
6204,409905.6144821824,0.0,409905.6144821824,409905.6144821824,7700.5553714293255
6205,279799.5893002631,0.0,279799.5893002631,279799.5893002631,5587.232639858645
6206,323628.50792023016,0.0,323628.50792023016,323628.50792023016,6402.492035115147
6207,430447.56399753696,0.0,430447.56399753696,430447.56399753696,8349.762172050454
6208,298474.2685190206,0.0,298474.2685190206,298474.2685190206,5935.837809414712
6209,670555.1585183844,0.0,670555.1585183844,670555.1585183844,12557.134695173512
6210,233408.88036282672,0.0,233408.88036282672,233408.88036282672,4712.356274971874
6211,718398.308279736,0.0,718398.308279736,718398.308279736,13371.328855505366
6212,0.0,0.0,0.0,0.0,-0.0
6213,17816.519776918514,0.0,17816.519776918514,17816.519776918514,306.39062583531523
6214,0.0,0.0,0.0,0.0,-0.0
6215,28778.544201141827,0.0,28778.544201141827,28778.544201141827,492.89006562088707
6216,53514.70843622062,0.0,53514.70843622062,53514.70843622062,1011.5809099118112
6217,35459.59904857275,0.0,35459.59904857275,35459.59904857275,731.6829273448211
6218,0.0,0.0,0.0,0.0,-0.0
6219,0.0,0.0,0.0,0.0,-0.0
6220,0.0,0.0,0.0,0.0,-0.0
6221,36244.40769019141,0.0,36244.40769019141,36244.40769019141,622.4618873531133
6222,30872.608883375735,0.0,30872.608883375735,30872.608883375735,632.0116737092892
6223,66711.77654882704,0.0,66711.77654882704,66711.77654882704,1236.0803227719525
6224,38710.30918109288,0.0,38710.30918109288,38710.30918109288,794.9480963973457
6225,100766.75600462538,0.0,100766.75600462538,100766.75600462538,1850.2921358485926
6226,192188.7800705247,0.0,192188.7800705247,192188.7800705247,3682.6786895125188
6227,273065.24009184283,0.0,273065.24009184283,273065.24009184283,5460.191260588859
6228,296828.26248106343,0.0,296828.26248106343,296828.26248106343,5904.302984524589
6229,427634.8541169067,0.0,427634.8541169067,427634.8541169067,8297.911628177646
6230,273157.8802027553,0.0,273157.8802027553,273157.8802027553,5461.901531251776
6231,318249.6888653725,0.0,318249.6888653725,318249.6888653725,6301.9976811387905
6232,458065.6773439388,0.0,458065.6773439388,458065.6773439388,8843.618953033836
6233,199747.4648042759,0.0,199747.4648042759,199747.4648042759,4068.246862787315
6234,276687.4171527416,0.0,276687.4171527416,276687.4171527416,5528.029183558162
6235,276298.42062949867,0.0,276298.42062949867,276298.42062949867,5520.73154634374
6236,407753.96834246,0.0,407753.96834246,407753.96834246,7939.142989288931
6237,430678.08925302495,0.0,430678.08925302495,430678.08925302495,8352.557383419735
6238,522375.89275903255,0.0,522375.89275903255,522375.89275903255,9984.507676574765
6239,640715.9975461866,0.0,640715.9975461866,640715.9975461866,12043.63939854375
6240,856885.1883837697,0.0,856885.1883837697,856885.1883837697,15686.415018386353
6241,577628.0408193136,0.0,577628.0408193136,577628.0408193136,10952.094881473477
6242,375124.1450427748,0.0,375124.1450427748,375124.1450427748,7346.583687330241
6243,605246.0271318763,0.0,605246.0271318763,605246.0271318763,11431.58971521517
6244,619581.881335198,0.0,619581.881335198,619581.881335198,11679.429880231337
6245,551636.5511878359,0.0,551636.5511878359,551636.5511878359,10498.237191475588
6246,584712.7844303537,0.0,584712.7844303537,584712.7844303537,11075.274661563397
6247,548987.6690710904,0.0,548987.6690710904,548987.6690710904,10451.81711824949
6248,472684.74415238475,0.0,472684.74415238475,472684.74415238475,9104.194130837146
6249,602469.5132205858,0.0,602469.5132205858,602469.5132205858,11383.390858260684
6250,832775.8428497021,0.0,832775.8428497021,832775.8428497021,15286.791794867322
6251,1000000.0,0.0,1000000.0,1000000.0,18024.747857859984
6252,680299.844026037,0.0,680299.844026037,680299.844026037,12721.321113468533
6253,867725.9832530136,0.0,867725.9832530136,867725.9832530136,15865.138814200776
6254,822188.3568954589,0.0,822188.3568954589,822188.3568954589,15110.790489043586
6255,824235.7276456149,0.0,824235.7276456149,824235.7276456149,15144.805475567417
6256,680458.2632390356,0.0,680458.2632390356,680458.2632390356,12723.93889414906
6257,524750.6446734741,0.0,524750.6446734741,524750.6446734741,10026.011456495122
6258,750550.0862808446,0.0,750550.0862808446,750550.0862808446,13911.92292851345
6259,864329.8860250405,0.0,864329.8860250405,864329.8860250405,15808.928624148395
6260,873210.1105941666,0.0,873210.1105941666,873210.1105941666,15955.411779845173
6261,800783.0086420994,0.0,800783.0086420994,800783.0086420994,14754.01015727478
6262,816651.663380437,0.0,816651.663380437,816651.663380437,15018.479696307732
6263,872784.1045958245,0.0,872784.1045958245,872784.1045958245,15948.309879667786
6264,869300.2677876576,0.0,869300.2677876576,869300.2677876576,15890.828070133093
6265,844859.9747418464,0.0,844859.9747418464,844859.9747418464,15486.789816762308
6266,870564.586199261,0.0,870564.586199261,870564.586199261,15911.630742933985
6267,841694.8483225352,0.0,841694.8483225352,841694.8483225352,15434.295731582915
6268,707669.3742195463,0.0,707669.3742195463,707669.3742195463,13186.731846058126
6269,590402.0003306626,0.0,590402.0003306626,590402.0003306626,11173.700825957942
6270,531671.5461527911,0.0,531671.5461527911,531671.5461527911,10147.550376285033
6271,350827.91247229243,0.0,350827.91247229243,350827.91247229243,6901.876694377423
6272,234516.8602030633,0.0,234516.8602030633,234516.8602030633,4732.336402975729
6273,226528.38265008846,0.0,226528.38265008846,226528.38265008846,4580.416241647643
6274,238737.7306495601,0.0,238737.7306495601,238737.7306495601,4812.418871358476
6275,304827.7364057095,0.0,304827.7364057095,304827.7364057095,6052.621217330874
6276,340197.350828454,0.0,340197.350828454,340197.350828454,6706.514894217617
6277,405572.87146134494,0.0,405572.87146134494,405572.87146134494,7899.137298162688
6278,368536.60825917113,0.0,368536.60825917113,368536.60825917113,7225.932898344419
6279,223005.73467293548,0.0,223005.73467293548,223005.73467293548,4513.24799397423
6280,572183.4240991708,0.0,572183.4240991708,572183.4240991708,10856.540043152421
6281,800196.3923389852,0.0,800196.3923389852,800196.3923389852,14743.751013584362
6282,490424.4593884591,0.0,490424.4593884591,490424.4593884591,9418.98290015234
6283,68879.2449111461,0.0,68879.2449111461,68879.2449111461,1422.0001286332547
6284,71535.9864701005,0.0,71535.9864701005,71535.9864701005,1473.9397894344443
6285,119524.71592937905,0.0,119524.71592937905,119524.71592937905,2280.847750594744
6286,72877.0025980058,0.0,72877.0025980058,72877.0025980058,1508.8649773757302
6287,149953.33403081348,0.0,149953.33403081348,149953.33403081348,2835.479720087864
6288,123160.7080146981,0.0,123160.7080146981,123160.7080146981,2544.0863667222707
6289,97073.34532063,0.0,97073.34532063,97073.34532063,2008.538642030927
6290,156837.66540876357,0.0,156837.66540876357,156837.66540876357,3037.071132563221
6291,26676.044759136388,0.0,26676.044759136388,26676.044759136388,550.358692960848
6292,0.0,0.0,0.0,0.0,-0.0
6293,17764.04081185212,0.0,17764.04081185212,17764.04081185212,305.4193613001636
6294,37125.61390472257,0.0,37125.61390472257,37125.61390472257,700.321158257103
6295,174386.05438311948,0.0,174386.05438311948,174386.05438311948,3106.818649520707
6296,446582.63129766594,0.0,446582.63129766594,446582.63129766594,8635.85055380918
6297,448933.8080956908,0.0,448933.8080956908,448933.8080956908,8677.943372926055
6298,700459.3206109836,0.0,700459.3206109836,700459.3206109836,13061.663288500968
6299,539243.1604211762,0.0,539243.1604211762,539243.1604211762,10278.473007191133
6300,439569.60094591277,0.0,439569.60094591277,439569.60094591277,8510.06043560061
6301,810994.2366667832,0.0,810994.2366667832,810994.2366667832,14921.10961250578
6302,415177.0983503006,0.0,415177.0983503006,415177.0983503006,8071.087954078219
6303,404389.9877674827,0.0,404389.9877674827,404389.9877674827,7876.13886223772
6304,532727.176698463,0.0,532727.176698463,532727.176698463,10163.964106663734
6305,181373.46460483252,0.0,181373.46460483252,181373.46460483252,3712.481231916118
6306,224709.99377642438,0.0,224709.99377642438,224709.99377642438,4544.767820925301
6307,222090.74968308047,0.0,222090.74968308047,222090.74968308047,4494.838012834379
6308,182789.04945061033,0.0,182789.04945061033,182789.04945061033,3739.874138483764
6309,347275.9056860385,0.0,347275.9056860385,347275.9056860385,6835.148862724719
6310,425371.7073029399,0.0,425371.7073029399,425371.7073029399,8254.74443103434
6311,361517.36221180524,0.0,361517.36221180524,361517.36221180524,7096.1056836446005
6312,224731.972363145,0.0,224731.972363145,224731.972363145,4545.140927703383
6313,175059.02311312486,0.0,175059.02311312486,175059.02311312486,3589.958937602869
6314,260719.64878723794,0.0,260719.64878723794,260719.64878723794,5226.546447483403
6315,278082.4714057356,0.0,278082.4714057356,278082.4714057356,5552.482427940515
6316,337258.4829082601,0.0,337258.4829082601,337258.4829082601,6650.909019581678
6317,338342.32639291824,0.0,338342.32639291824,338342.32639291824,6670.847489523048
6318,395109.63636129186,0.0,395109.63636129186,395109.63636129186,7707.833529543854
6319,796418.7646840347,0.0,796418.7646840347,796418.7646840347,14677.599650305654
6320,819474.6733741158,0.0,819474.6733741158,819474.6733741158,15061.833511404633
6321,764083.7837914954,0.0,764083.7837914954,764083.7837914954,14136.019303819878
6322,698467.4561838865,0.0,698467.4561838865,698467.4561838865,13027.316800333532
6323,674028.1620126485,0.0,674028.1620126485,674028.1620126485,12610.890734994267
6324,658423.740679654,0.0,658423.740679654,658423.740679654,12343.980118904372
6325,641318.3226811603,0.0,641318.3226811603,641318.3226811603,12050.471096294663
6326,630733.0318885089,0.0,630733.0318885089,630733.0318885089,11868.340545315437
6327,632454.407972868,0.0,632454.407972868,632454.407972868,11897.961575913472
6328,596809.3632171523,0.0,596809.3632171523,596809.3632171523,11282.089226837199
6329,459900.174832753,0.0,459900.174832753,459900.174832753,8873.570108554939
6330,46657.75852894456,0.0,46657.75852894456,46657.75852894456,959.5919249867584
6331,99204.71327614602,0.0,99204.71327614602,99204.71327614602,1850.9102961280719
6332,78689.39387673995,0.0,78689.39387673995,78689.39387673995,1622.5227712769974
6333,68851.73098807973,0.0,68851.73098807973,68851.73098807973,1421.1860414032242
6334,32744.50640690692,0.0,32744.50640690692,32744.50640690692,678.1731030041988
6335,0.0,0.0,0.0,0.0,-0.0
6336,31290.26328531519,0.0,31290.26328531519,31290.26328531519,533.2124148075692
6337,83320.10494728548,0.0,83320.10494728548,83320.10494728548,1520.9523732716027
6338,110910.89959700435,0.0,110910.89959700435,110910.89959700435,2199.580073975813
6339,203899.24705830222,0.0,203899.24705830222,203899.24705830222,3928.7700439970854
6340,200092.2418427468,0.0,200092.2418427468,200092.2418427468,4073.025586188634
6341,211053.49848613355,0.0,211053.49848613355,211053.49848613355,4283.273876782198
6342,242259.11297055648,0.0,242259.11297055648,242259.11297055648,4877.301614187392
6343,614070.002825234,0.0,614070.002825234,614070.002825234,11579.508115116014
6344,812041.2464515788,0.0,812041.2464515788,812041.2464515788,14936.2000282137
6345,741926.7628870013,0.0,741926.7628870013,741926.7628870013,13761.354486522006
6346,719876.2895988973,0.0,719876.2895988973,719876.2895988973,13388.785932663613
6347,647906.3383501318,0.0,647906.3383501318,647906.3383501318,12162.071717145382
6348,625068.6005029061,0.0,625068.6005029061,625068.6005029061,11769.22814071873
6349,630116.8851143793,0.0,630116.8851143793,630116.8851143793,11856.194451659097
6350,632771.459625187,0.0,632771.459625187,632771.459625187,11901.880346552143
6351,662005.3769371224,0.0,662005.3769371224,662005.3769371224,12403.629841342765
6352,681540.1576577158,0.0,681540.1576577158,681540.1576577158,12737.325793537539
6353,567595.5007697297,0.0,567595.5007697297,567595.5007697297,10772.584022253466
6354,226161.07686152897,0.0,226161.07686152897,226161.07686152897,4571.570857895934
6355,484069.4680253672,0.0,484069.4680253672,484069.4680253672,9302.72141099432
6356,594335.4688494129,0.0,594335.4688494129,594335.4688494129,11237.630269899335
6357,808436.1613177337,0.0,808436.1613177337,808436.1613177337,14875.837091861897
6358,818809.3085118468,0.0,818809.3085118468,818809.3085118468,15048.501407450796
6359,864265.7639491966,0.0,864265.7639491966,864265.7639491966,15801.618553413484
6360,875291.878225751,0.0,875291.878225751,875291.878225751,15983.410826890351
6361,878257.2937365267,0.0,878257.2937365267,878257.2937365267,16032.2267508927
6362,879022.8658188415,0.0,879022.8658188415,879022.8658188415,16044.805888830793
6363,879022.8658188415,0.0,879022.8658188415,879022.8658188415,16044.779464362158
6364,879022.8658188415,0.0,879022.8658188415,879022.8658188415,16044.753039980536
6365,877044.3169417933,0.0,877044.3169417933,877044.3169417933,16012.145657647217
6366,874892.1408450628,0.0,874892.1408450628,874892.1408450628,15976.66713017565
6367,1000000.0,0.0,1000000.0,1000000.0,18017.258484738628
6368,1000000.0,0.0,1000000.0,1000000.0,18017.22880646571
6369,1000000.0,0.0,1000000.0,1000000.0,18017.19912829055
6370,1000000.0,0.0,1000000.0,1000000.0,18017.169450213143
6371,1000000.0,0.0,1000000.0,1000000.0,18017.139772233488
6372,1000000.0,0.0,1000000.0,1000000.0,18017.110094351585
6373,1000000.0,0.0,1000000.0,1000000.0,18017.080416567434
6374,1000000.0,0.0,1000000.0,1000000.0,18017.050738881033
6375,1000000.0,0.0,1000000.0,1000000.0,18017.021061292384
6376,937243.2764634575,0.0,937243.2764634575,937243.2764634575,16998.44779880144
6377,640875.6674158294,0.0,640875.6674158294,640875.6674158294,12040.720518318702
6378,263360.7549125993,0.0,263360.7549125993,263360.7549125993,5275.128159569249
6379,662190.1404997464,0.0,662190.1404997464,662190.1404997464,12406.210744166125
6380,743277.49586195,0.0,743277.49586195,743277.49586195,13783.330064375252
6381,663645.2992260432,0.0,663645.2992260432,663645.2992260432,12431.0695823023
6382,735538.7563270091,0.0,735538.7563270091,735538.7563270091,13652.748359814013
6383,594554.4927822864,0.0,594554.4927822864,594554.4927822864,11240.913975383459
6384,159641.4457299447,0.0,159641.4457299447,159641.4457299447,3288.7240359049074
6385,31192.96691498822,0.0,31192.96691498822,31192.96691498822,637.9182498365298
6386,45367.98872972903,0.0,45367.98872972903,45367.98872972903,872.0160077003899
6387,98046.39451927392,0.0,98046.39451927392,98046.39451927392,1829.9484526745714
6388,174040.70328549366,0.0,174040.70328549366,174040.70328549366,3350.719515817661
6389,249497.40386570757,0.0,249497.40386570757,249497.40386570757,5013.437262011106
6390,759532.2648812586,0.0,759532.2648812586,759532.2648812586,14055.842284067396
6391,887693.5581270074,0.0,887693.5581270074,887693.5581270074,16185.735365979193
6392,907767.4931877695,0.0,907767.4931877695,907767.4931877695,16515.171201180146
6393,763987.1677207971,0.0,763987.1677207971,763987.1677207971,14130.608692638496
6394,775492.2097588956,0.0,775492.2097588956,775492.2097588956,14323.579357794802
6395,829075.1793932095,0.0,829075.1793932095,829075.1793932095,15217.265263052697
6396,864995.3113834574,0.0,864995.3113834574,864995.3113834574,15811.75974570593
6397,843985.907924134,0.0,843985.907924134,843985.907924134,15464.44287262975
6398,862290.6919884728,0.0,862290.6919884728,862290.6919884728,15767.06837529378
6399,750773.6022406351,0.0,750773.6022406351,750773.6022406351,13908.324369593454
6400,665761.3986026135,0.0,665761.3986026135,665761.3986026135,12466.11159586273
6401,544518.3585045126,0.0,544518.3585045126,544518.3585045126,10367.625425043676
6402,166316.47009128367,0.0,166316.47009128367,166316.47009128367,3418.707337424839
6403,206760.1583022359,0.0,206760.1583022359,206760.1583022359,4200.275145792898
6404,331244.2338273135,0.0,331244.2338273135,331244.2338273135,6538.050531119053
6405,328261.36269276415,0.0,328261.36269276415,328261.36269276415,6483.03240803469
6406,364078.5178226975,0.0,364078.5178226975,364078.5178226975,7140.629030250023
6407,418890.11889333907,0.0,418890.11889333907,418890.11889333907,8135.33485138395
6408,326557.8577410307,0.0,326557.8577410307,326557.8577410307,6451.565650283005
6409,511637.1602792439,0.0,511637.1602792439,511637.1602792439,9789.270074273107
6410,372225.4351291753,0.0,372225.4351291753,372225.4351291753,7289.298454919783
6411,454511.4262054487,0.0,454511.4262054487,454511.4262054487,8774.67867687977
6412,599356.2486417514,0.0,599356.2486417514,599356.2486417514,11322.920087390039
6413,676969.9880159862,0.0,676969.9880159862,676969.9880159862,12657.320953623639
6414,768990.2085728316,0.0,768990.2085728316,768990.2085728316,14214.10652510652
6415,1000000.0,0.0,1000000.0,1000000.0,18014.830839117974
6416,1000000.0,0.0,1000000.0,1000000.0,18014.80116883841
6417,1000000.0,0.0,1000000.0,1000000.0,18014.771498656562
6418,994417.9710791749,0.0,994417.9710791749,994417.9710791749,17924.55367586238
6419,951012.2672744268,0.0,951012.2672744268,951012.2672744268,17220.581710030572
6420,900664.383431819,0.0,900664.383431819,900664.383431819,16397.984566155625
6421,897861.1441602955,0.0,897861.1441602955,897861.1441602955,16351.963018926284
6422,954023.6903914486,0.0,954023.6903914486,954023.6903914486,17269.488471755314
6423,950969.781332812,0.0,950969.781332812,950969.781332812,17219.777235572703
6424,745040.9950919005,0.0,745040.9950919005,745040.9950919005,13811.225678500945
6425,970317.0192006724,0.0,970317.0192006724,970317.0192006724,17534.072621808788
6426,369983.6471107047,0.0,369983.6471107047,369983.6471107047,7248.20342103751
6427,822132.3518991158,0.0,822132.3518991158,822132.3518991158,15101.15620021108
6428,874058.790472562,0.0,874058.790472562,874058.790472562,15960.387753284707
6429,872810.273333659,0.0,872810.273333659,872810.273333659,15939.789340600044
6430,876052.9288271533,0.0,876052.9288271533,876052.9288271533,15993.184238247484
6431,878455.3323391658,0.0,878455.3323391658,878455.3323391658,16032.717759714027
6432,879022.8658188415,0.0,879022.8658188415,879022.8658188415,16042.034501927477
6433,879022.8658188415,0.0,879022.8658188415,879022.8658188415,16042.008086582213
6434,879022.8658188415,0.0,879022.8658188415,879022.8658188415,16041.981671323918
6435,879022.8658188415,0.0,879022.8658188415,879022.8658188415,16041.955256152592
6436,879022.8658188415,0.0,879022.8658188415,879022.8658188415,16041.928841068233
6437,879022.8658188415,0.0,879022.8658188415,879022.8658188415,16041.902426070848
6438,879022.8658188415,0.0,879022.8658188415,879022.8658188415,16041.876011160437
6439,1000000.0,0.0,1000000.0,1000000.0,18014.12821376187
6440,1000000.0,0.0,1000000.0,1000000.0,18014.098545796234
6441,1000000.0,0.0,1000000.0,1000000.0,18014.0688779283
6442,1000000.0,0.0,1000000.0,1000000.0,18014.03921015808
6443,1000000.0,0.0,1000000.0,1000000.0,18014.009542485554
6444,1000000.0,0.0,1000000.0,1000000.0,18013.97987491073
6445,1000000.0,0.0,1000000.0,1000000.0,18013.950207433605
6446,1000000.0,0.0,1000000.0,1000000.0,18013.92054005418
6447,1000000.0,0.0,1000000.0,1000000.0,18013.89087277246
6448,1000000.0,0.0,1000000.0,1000000.0,18013.86120558843
6449,1000000.0,0.0,1000000.0,1000000.0,18013.83153850211
6450,930764.5307932016,0.0,930764.5307932016,930764.5307932016,16889.71447445952
6451,873430.6908547996,0.0,873430.6908547996,873430.6908547996,15949.430520588156
6452,878587.4078696085,0.0,878587.4078696085,878587.4078696085,16034.333669281086
6453,878970.4809173248,0.0,878970.4809173248,878970.4809173248,16040.61345290998
6454,877939.7562630665,0.0,877939.7562630665,877939.7562630665,16023.618269068851
6455,878910.3997907292,0.0,878910.3997907292,878910.3997907292,16039.571599923898
6456,877957.0143297021,0.0,877957.0143297021,877957.0143297021,16023.849639929073
6457,878961.9871010431,0.0,878961.9871010431,878961.9871010431,16040.367990535351
6458,879022.8658188415,0.0,879022.8658188415,879022.8658188415,16041.34372764462
6459,879022.2977473759,0.0,879022.2977473759,879022.2977473759,16041.307963385212
6460,879022.8658188415,0.0,879022.8658188415,879022.8658188415,16041.290901591312
6461,879022.8658188415,0.0,879022.8658188415,879022.8658188415,16041.264488694245
6462,879022.8658188415,0.0,879022.8658188415,879022.8658188415,16041.23807588414
6463,1000000.0,0.0,1000000.0,1000000.0,18013.421144326763
6464,1000000.0,0.0,1000000.0,1000000.0,18013.391478689602
6465,1000000.0,0.0,1000000.0,1000000.0,18013.36181315014
6466,1000000.0,0.0,1000000.0,1000000.0,18013.332147708366
6467,1000000.0,0.0,1000000.0,1000000.0,18013.302482364288
6468,1000000.0,0.0,1000000.0,1000000.0,18013.272817117893
6469,1000000.0,0.0,1000000.0,1000000.0,18013.243151969185
6470,1000000.0,0.0,1000000.0,1000000.0,18013.21348691817
6471,1000000.0,0.0,1000000.0,1000000.0,18013.18382196484
6472,1000000.0,0.0,1000000.0,1000000.0,18013.154157109202
6473,1000000.0,0.0,1000000.0,1000000.0,18013.12449235125
6474,1000000.0,0.0,1000000.0,1000000.0,18013.09482769098
6475,895067.2987838548,0.0,895067.2987838548,895067.2987838548,16304.6478657681
6476,878895.4839227411,0.0,878895.4839227411,878895.4839227411,16038.767190707758
6477,879022.8658188415,0.0,879022.8658188415,879022.8658188415,16040.837618946656
6478,879022.8658188415,0.0,879022.8658188415,879022.8658188415,16040.811207541905
6479,879022.8658188415,0.0,879022.8658188415,879022.8658188415,16040.784796224105
6480,879022.8658188415,0.0,879022.8658188415,879022.8658188415,16040.758384993256
6481,879022.8658188415,0.0,879022.8658188415,879022.8658188415,16040.731973849359
6482,879022.8658188415,0.0,879022.8658188415,879022.8658188415,16040.705562792413
6483,879022.8658188415,0.0,879022.8658188415,879022.8658188415,16040.67915182241
6484,879022.8658188415,0.0,879022.8658188415,879022.8658188415,16040.652740939364
6485,840732.7187009192,0.0,840732.7187009192,840732.7187009192,15408.329626150213
6486,823726.0527154384,0.0,823726.0527154384,823726.0527154384,15126.154603559302
6487,840947.8097235266,0.0,840947.8097235266,840947.8097235266,15411.842177452776
6488,541614.83267746,0.0,541614.83267746,541614.83267746,10315.196513009223
6489,305478.71631038125,0.0,305478.71631038125,305478.71631038125,6060.4815617307095
6490,267201.94965534745,0.0,267201.94965534745,267201.94965534745,5345.893403167993
6491,376425.55842223624,0.0,376425.55842223624,376425.55842223624,7364.79515243805
6492,668810.9924814356,0.0,668810.9924814356,668810.9924814356,12516.320203553894
6493,884454.5636271243,0.0,884454.5636271243,884454.5636271243,16129.791862226977
6494,899574.0187569365,0.0,899574.0187569365,899574.0187569365,16378.107515426558
6495,882692.3196472172,0.0,882692.3196472172,882692.3196472172,16100.753184103676
6496,740256.2688132267,0.0,740256.2688132267,740256.2688132267,13728.921875236078
6497,632654.3134381559,0.0,632654.3134381559,632654.3134381559,11896.197819044884
6498,357634.6151128581,0.0,357634.6151128581,357634.6151128581,7021.637596012403
6499,359032.68283493794,0.0,359032.68283493794,359032.68283493794,7047.208087907067
6500,260944.62764490495,0.0,260944.62764490495,260944.62764490495,5228.194072302997
6501,420488.70750439446,0.0,420488.70750439446,420488.70750439446,8162.809710815893
6502,191156.64649889266,0.0,191156.64649889266,191156.64649889266,3899.5568445690233
6503,284195.8333444513,0.0,284195.8333444513,284195.8333444513,5664.028344189532
6504,100130.66949231528,0.0,100130.66949231528,100130.66949231528,2067.2098007554728
6505,119578.84799355567,0.0,119578.84799355567,119578.84799355567,2389.9715637575637
6506,25892.274325888437,0.0,25892.274325888437,25892.274325888437,534.7231763334005
6507,32284.934921911175,0.0,32284.934921911175,32284.934921911175,640.9907911425598
6508,29625.104182205985,0.0,29625.104182205985,29625.104182205985,607.4445861603356
6509,74840.52834041731,0.0,74840.52834041731,74840.52834041731,1374.6473297351458
6510,102596.19102192759,0.0,102596.19102192759,102596.19102192759,2027.372343746843
6511,525765.6630828856,0.0,525765.6630828856,525765.6630828856,9421.57306336499
6512,667859.3518560145,0.0,667859.3518560145,667859.3518560145,12498.767394685054
6513,652980.7995330059,0.0,652980.7995330059,652980.7995330059,12244.110897991917
6514,665006.6144389842,0.0,665006.6144389842,665006.6144389842,12449.960347711534
6515,645726.2125958627,0.0,645726.2125958627,645726.2125958627,12119.647435772229
6516,612838.4632633674,0.0,612838.4632633674,612838.4632633674,11553.343209755854
6517,605678.7124996869,0.0,605678.7124996869,605678.7124996869,11429.551316710715
6518,582089.5522388059,0.0,582089.5522388059,582089.5522388059,11020.47034061232
6519,594349.8804696501,0.0,594349.8804696501,594349.8804696501,11233.304153224522
6520,530125.8281666625,0.0,530125.8281666625,530125.8281666625,10112.25991322763
6521,391870.26183328225,0.0,391870.26183328225,391870.26183328225,7644.595858968675
6522,0.0,0.0,0.0,0.0,-0.0
6523,0.0,0.0,0.0,0.0,-0.0
6524,0.0,0.0,0.0,0.0,-0.0
6525,0.0,0.0,0.0,0.0,-0.0
6526,95253.84661620516,0.0,95253.84661620516,95253.84661620516,1635.758825278403
6527,224838.88873630302,0.0,224838.88873630302,224838.88873630302,4226.128514844524
6528,415683.6105003108,0.0,415683.6105003108,415683.6105003108,8074.671570933739
6529,575159.9050982784,0.0,575159.9050982784,575159.9050982784,10898.99716032546
6530,725425.3270678703,0.0,725425.3270678703,725425.3270678703,13475.938755297066
6531,663986.467260217,0.0,663986.467260217,663986.467260217,12431.344140141255
6532,699412.9992845728,0.0,699412.9992845728,699412.9992845728,13035.110206320818
6533,761645.1223792987,0.0,761645.1223792987,761645.1223792987,14086.127995548955
6534,815796.6595031312,0.0,815796.6595031312,815796.6595031312,14991.15261571656
6535,1000000.0,0.0,1000000.0,1000000.0,18008.985097320176
6536,1000000.0,0.0,1000000.0,1000000.0,18008.95544628675
6537,1000000.0,0.0,1000000.0,1000000.0,18008.92579535094
6538,1000000.0,0.0,1000000.0,1000000.0,18008.896144512753
6539,1000000.0,0.0,1000000.0,1000000.0,18008.866493772184
6540,1000000.0,0.0,1000000.0,1000000.0,18008.836843129226
6541,801514.0498031208,0.0,801514.0498031208,801514.0498031208,14753.104851969894
6542,755269.6795954766,0.0,755269.6795954766,755269.6795954766,13978.789148912634
6543,749038.6597513591,0.0,749038.6597513591,749038.6597513591,13873.947954304507
6544,761644.8584805547,0.0,761644.8584805547,761644.8584805547,14085.864518554201
6545,655970.2915610201,0.0,655970.2915610201,655970.2915610201,12293.863072309698
6546,319517.32223897165,0.0,319517.32223897165,319517.32223897165,6319.035488323549
6547,736297.1100700587,0.0,736297.1100700587,736297.1100700587,13659.152441602286
6548,844020.1184396667,0.0,844020.1184396667,844020.1184396667,15459.138667681553
6549,879022.8658188415,0.0,879022.8658188415,879022.8658188415,16036.842451388751
6550,879022.8658188415,0.0,879022.8658188415,879022.8658188415,16036.816053132754
6551,879022.8658188415,0.0,879022.8658188415,879022.8658188415,16036.789654963646
6552,879022.8658188415,0.0,879022.8658188415,879022.8658188415,16036.721729488916
6553,879022.8658188415,0.0,879022.8658188415,879022.8658188415,16036.695331630217
6554,877201.8951664811,0.0,877201.8951664811,877201.8951664811,16006.696641923243
6555,879022.8658188415,0.0,879022.8658188415,879022.8658188415,16036.642541634086
6556,879022.8658188415,0.0,879022.8658188415,879022.8658188415,16036.61614403602
6557,879022.8658188415,0.0,879022.8658188415,879022.8658188415,16036.589746524838
6558,879022.8658188415,0.0,879022.8658188415,879022.8658188415,16036.56334910054
6559,1000000.0,0.0,1000000.0,1000000.0,18008.23976524761
6560,1000000.0,0.0,1000000.0,1000000.0,18008.210116667913
6561,1000000.0,0.0,1000000.0,1000000.0,18008.180468185827
6562,1000000.0,0.0,1000000.0,1000000.0,18008.15081980134
6563,1000000.0,0.0,1000000.0,1000000.0,18008.12117151446
6564,1000000.0,0.0,1000000.0,1000000.0,18008.09152332519
6565,1000000.0,0.0,1000000.0,1000000.0,18008.06187523352
6566,1000000.0,0.0,1000000.0,1000000.0,18008.032227239455
6567,1000000.0,0.0,1000000.0,1000000.0,18008.002579343
6568,1000000.0,0.0,1000000.0,1000000.0,18007.972931544147
6569,718664.509079704,0.0,718664.509079704,718664.509079704,13360.67113728807
6570,552806.9177229422,0.0,552806.9177229422,552806.9177229422,10508.245910609843
6571,843929.3303053654,0.0,843929.3303053654,843929.3303053654,15457.006277765793
6572,878100.4196805872,0.0,878100.4196805872,878100.4196805872,16021.010481481355
6573,879022.8658188415,0.0,879022.8658188415,879022.8658188415,16036.165573603204
6574,879022.8658188415,0.0,879022.8658188415,879022.8658188415,16036.13917757498
6575,879022.8658188415,0.0,879022.8658188415,879022.8658188415,16036.112781633628
6576,879022.8658188415,0.0,879022.8658188415,879022.8658188415,16036.086385779145
6577,879022.8658188415,0.0,879022.8658188415,879022.8658188415,16036.059990011545
6578,879022.8658188415,0.0,879022.8658188415,879022.8658188415,16036.033594330816
6579,879022.8658188415,0.0,879022.8658188415,879022.8658188415,16036.00719873696
6580,879022.8658188415,0.0,879022.8658188415,879022.8658188415,16035.980803229973
6581,879022.8658188415,0.0,879022.8658188415,879022.8658188415,16035.954407809864
6582,879022.8658188415,0.0,879022.8658188415,879022.8658188415,16035.928012476632
6583,1000000.0,0.0,1000000.0,1000000.0,18007.5355700634
6584,1000000.0,0.0,1000000.0,1000000.0,18007.505923801953
6585,1000000.0,0.0,1000000.0,1000000.0,18007.476277638103
6586,1000000.0,0.0,1000000.0,1000000.0,18007.446631571853
6587,1000000.0,0.0,1000000.0,1000000.0,18007.416985603195
6588,1000000.0,0.0,1000000.0,1000000.0,18007.38733973213
6589,1000000.0,0.0,1000000.0,1000000.0,18007.35769395866
6590,1000000.0,0.0,1000000.0,1000000.0,18007.328048282783
6591,1000000.0,0.0,1000000.0,1000000.0,18007.298402704495
6592,1000000.0,0.0,1000000.0,1000000.0,18007.268757223803
6593,889297.2695975171,0.0,889297.2695975171,889297.2695975171,16204.567660956882
6594,633329.3799295301,0.0,633329.3799295301,633329.3799295301,11904.210289755814
6595,747657.8030276096,0.0,747657.8030276096,747657.8030276096,13849.462530568084
6596,873102.4794871307,0.0,873102.4794871307,873102.4794871307,15938.08242659933
6597,879022.8658188415,0.0,879022.8658188415,879022.8658188415,16035.529760166355
6598,879022.8658188415,0.0,879022.8658188415,879022.8658188415,16035.503366230696
6599,879022.8658188415,0.0,879022.8658188415,879022.8658188415,16035.4769723819
6600,879022.8658188415,0.0,879022.8658188415,879022.8658188415,16035.450578619973
6601,879022.8658188415,0.0,879022.8658188415,879022.8658188415,16035.424184944908
6602,879022.8658188415,0.0,879022.8658188415,879022.8658188415,16035.397791356705
6603,879022.8658188415,0.0,879022.8658188415,879022.8658188415,16035.371397855364
6604,879022.8658188415,0.0,879022.8658188415,879022.8658188415,16035.345004440893
6605,879022.8658188415,0.0,879022.8658188415,879022.8658188415,16035.318611113278
6606,879022.8658188415,0.0,879022.8658188415,879022.8658188415,16035.29221787253
6607,1000000.0,0.0,1000000.0,1000000.0,18006.830866541004
6608,1000000.0,0.0,1000000.0,1000000.0,18006.8012225994
6609,1000000.0,0.0,1000000.0,1000000.0,18006.771578755375
6610,1000000.0,0.0,1000000.0,1000000.0,18006.741935008937
6611,1000000.0,0.0,1000000.0,1000000.0,18006.71229136008
6612,1000000.0,0.0,1000000.0,1000000.0,18006.682647808804
6613,1000000.0,0.0,1000000.0,1000000.0,18006.65300435511
6614,1000000.0,0.0,1000000.0,1000000.0,18006.623360998998
6615,1000000.0,0.0,1000000.0,1000000.0,18006.593717740474
6616,1000000.0,0.0,1000000.0,1000000.0,18006.56407457953
6617,1000000.0,0.0,1000000.0,1000000.0,18006.534431516156
6618,1000000.0,0.0,1000000.0,1000000.0,18006.504788550366
6619,892045.5570872168,0.0,892045.5570872168,892045.5570872168,16249.009721289876
6620,879022.8658188415,0.0,879022.8658188415,879022.8658188415,16034.918458161548
6621,879022.8658188415,0.0,879022.8658188415,879022.8658188415,16034.89206623771
6622,879022.8658188415,0.0,879022.8658188415,879022.8658188415,16034.865674400724
6623,879022.8658188415,0.0,879022.8658188415,879022.8658188415,16034.839282650593
6624,879022.8658188415,0.0,879022.8658188415,879022.8658188415,16034.81289098732
6625,879022.8658188415,0.0,879022.8658188415,879022.8658188415,16034.786499410899
6626,879022.8658188415,0.0,879022.8658188415,879022.8658188415,16034.760107921325
6627,879022.8658188415,0.0,879022.8658188415,879022.8658188415,16034.733716518613
6628,879022.8658188415,0.0,879022.8658188415,879022.8658188415,16034.707325202751
6629,879022.8658188415,0.0,879022.8658188415,879022.8658188415,16034.680933973741
6630,879022.8658188415,0.0,879022.8658188415,879022.8658188415,16034.65454283158
6631,928095.6615346401,0.0,928095.6615346401,928095.6615346401,16838.903601612776
6632,1000000.0,0.0,1000000.0,1000000.0,18006.09466563571
6633,1000000.0,0.0,1000000.0,1000000.0,18006.065024117535
6634,1000000.0,0.0,1000000.0,1000000.0,18006.035382696926
6635,1000000.0,0.0,1000000.0,1000000.0,18006.005741373887
6636,1000000.0,0.0,1000000.0,1000000.0,18005.976100148426
6637,1000000.0,0.0,1000000.0,1000000.0,18005.94645902053
6638,1000000.0,0.0,1000000.0,1000000.0,18005.916817990204
6639,1000000.0,0.0,1000000.0,1000000.0,18005.887177057444
6640,1000000.0,0.0,1000000.0,1000000.0,18005.857536222262
6641,1000000.0,0.0,1000000.0,1000000.0,18005.82789548465
6642,868917.2883726488,0.0,868917.2883726488,868917.2883726488,15867.908733818576
6643,877319.7904088262,0.0,877319.7904088262,877319.7904088262,16006.279988079074
6644,877962.1344384538,0.0,877962.1344384538,877962.1344384538,16016.825735758199
6645,878333.1115359726,0.0,878333.1115359726,878333.1115359726,16022.904622743668
6646,879022.8658188415,0.0,879022.8658188415,879022.8658188415,16034.228671672381
6647,879022.8658188415,0.0,879022.8658188415,879022.8658188415,16034.202282018563
6648,879022.8658188415,0.0,879022.8658188415,879022.8658188415,16034.175892451593
6649,879022.8658188415,0.0,879022.8658188415,879022.8658188415,16034.149502971462
6650,879022.8658188415,0.0,879022.8658188415,879022.8658188415,16034.123113578176
6651,476532.7285810211,0.0,476532.7285810211,476532.7285810211,9162.206644360676
6652,659859.8359738692,0.0,659859.8359738692,659859.8359738692,12358.180903455403
6653,617269.333327925,0.0,617269.333327925,617269.333327925,11626.341882797607
6654,754103.0434560825,0.0,754103.0434560825,754103.0434560825,13956.521292188749
6655,1000000.0,0.0,1000000.0,1000000.0,18005.42173138658
6656,1000000.0,0.0,1000000.0,1000000.0,18005.392092083483
6657,895058.2518389691,0.0,895058.2518389691,895058.2518389691,16297.448244028676
6658,932289.6015474895,0.0,932289.6015474895,932289.6015474895,16906.597231359374
6659,947064.6505680118,0.0,947064.6505680118,947064.6505680118,17147.313860707403
6660,1000000.0,0.0,1000000.0,1000000.0,18005.274256545235
6661,1000000.0,0.0,1000000.0,1000000.0,18005.244617727563
6662,1000000.0,0.0,1000000.0,1000000.0,18005.214979007455
6663,1000000.0,0.0,1000000.0,1000000.0,18005.18534038489
6664,1000000.0,0.0,1000000.0,1000000.0,18005.155701859898
6665,729538.8883882817,0.0,729538.8883882817,729538.8883882817,13542.345655400228
6666,154714.8672523402,0.0,154714.8672523402,154714.8672523402,3189.906958079399
6667,76595.32478921878,0.0,76595.32478921878,76595.32478921878,1580.141074647888
6668,667265.1274098204,0.0,667265.1274098204,667265.1274098204,11391.453793317796
6669,413548.132779475,0.0,413548.132779475,413548.132779475,8033.826000332887
6670,340800.512783471,0.0,340800.512783471,340800.512783471,6709.571367726104
6671,290651.1367492739,0.0,290651.1367492739,290651.1367492739,5781.663930779454
6672,154022.44858389968,0.0,154022.44858389968,154022.44858389968,3176.176654787063
6673,121216.59722256656,0.0,121216.59722256656,121216.59722256656,2503.005733796249
6674,68692.4108203393,0.0,68692.4108203393,68692.4108203393,1416.800529180632
6675,67375.92150122595,0.0,67375.92150122595,67375.92150122595,1391.0244355051834
6676,152041.71343678725,0.0,152041.71343678725,152041.71343678725,2835.1748893897907
6677,189419.91071534783,0.0,189419.91071534783,189419.91071534783,3863.895775513305
6678,306892.7290539,0.0,306892.7290539,306892.7290539,6083.284686061916
6679,912554.4487807916,0.0,912554.4487807916,912554.4487807916,16582.345680403698
6680,1000000.0,0.0,1000000.0,1000000.0,18003.365324824346
6681,991892.2320326089,0.0,991892.2320326089,991892.2320326089,17872.387711217747
6682,765728.168061653,0.0,765728.168061653,765728.168061653,14150.042937788132
6683,737928.8687588825,0.0,737928.8687588825,737928.8687588825,13682.481526442189
6684,689276.8155098538,0.0,689276.8155098538,689276.8155098538,12858.459351037005
6685,672869.3701751055,0.0,672869.3701751055,672869.3701751055,12578.854378209382
6686,667644.6833219789,0.0,667644.6833219789,667644.6833219789,12489.621165244087
6687,653958.1324724184,0.0,653958.1324724184,653958.1324724184,12255.475222366005
6688,641524.7851777399,0.0,641524.7851777399,641524.7851777399,12042.228696741367
6689,391289.8527289626,0.0,391289.8527289626,391289.8527289626,7630.652739994811
6690,46079.15497105222,0.0,46079.15497105222,46079.15497105222,947.4732638572129
6691,7236.954084094596,0.0,7236.954084094596,7236.954084094596,-0.0
6692,0.0,0.0,0.0,0.0,-0.0
6693,0.0,0.0,0.0,0.0,-0.0
6694,0.0,0.0,0.0,0.0,-0.0
6695,0.0,0.0,0.0,0.0,-0.0
6696,0.0,0.0,0.0,0.0,-0.0
6697,0.0,0.0,0.0,0.0,-0.0
6698,0.0,0.0,0.0,0.0,-0.0
6699,0.0,0.0,0.0,0.0,-0.0
6700,0.0,0.0,0.0,0.0,-0.0
6701,0.0,0.0,0.0,0.0,-0.0
6702,0.0,0.0,0.0,0.0,-0.0
6703,383256.8952474571,0.0,383256.8952474571,383256.8952474571,6236.857357935448
6704,544044.300428453,0.0,544044.300428453,544044.300428453,10351.140344394105
6705,582089.5522388059,0.0,582089.5522388059,582089.5522388059,11014.756721630156
6706,582089.5522388059,0.0,582089.5522388059,582089.5522388059,11014.738606124896
6707,582089.5522388059,0.0,582089.5522388059,582089.5522388059,11014.720490679196
6708,582089.5522388059,0.0,582089.5522388059,582089.5522388059,11014.702375293047
6709,582089.5522388059,0.0,582089.5522388059,582089.5522388059,11014.684259966458
6710,582089.5522388059,0.0,582089.5522388059,582089.5522388059,11014.666144699417
6711,564470.4890904028,0.0,564470.4890904028,564470.4890904028,10707.97012364909
6712,501742.53486417857,0.0,501742.53486417857,501742.53486417857,9606.819502863656
6713,312190.4319968033,0.0,312190.4319968033,312190.4319968033,6180.744134268091
6714,47582.83741690698,0.0,47582.83741690698,47582.83741690698,976.6140126176585
6715,96516.52616642287,0.0,96516.52616642287,96516.52616642287,1801.2101359410985
6716,91206.87888682603,0.0,91206.87888682603,91206.87888682603,1882.765040254148
6717,133758.60954442873,0.0,133758.60954442873,133758.60954442873,2612.734382705951
6718,321245.63625961944,0.0,321245.63625961944,321245.63625961944,6181.483381609126
6719,520218.8118062539,0.0,520218.8118062539,520218.8118062539,9932.022418438233
6720,545077.9630101484,0.0,545077.9630101484,545077.9630101484,10368.359130538094
6721,766286.0802279067,0.0,766286.0802279067,766286.0802279067,14156.966852880678
6722,826330.6927706558,0.0,826330.6927706558,826330.6927706558,15158.705988878019
6723,812005.7440699277,0.0,812005.7440699277,812005.7440699277,14920.640678404818
6724,845716.4299698091,0.0,845716.4299698091,845716.4299698091,15479.86445870618
6725,830306.1553455116,0.0,830306.1553455116,830306.1553455116,15224.588238157137
6726,778191.5363192529,0.0,778191.5363192529,778191.5363192529,14356.315723902218
6727,1000000.0,0.0,1000000.0,1000000.0,18000.115503623816
6728,1000000.0,0.0,1000000.0,1000000.0,18000.085881771338
6729,1000000.0,0.0,1000000.0,1000000.0,18000.05626001634
6730,1000000.0,0.0,1000000.0,1000000.0,18000.02663835882
6731,1000000.0,0.0,1000000.0,1000000.0,17999.99701679877
6732,1000000.0,0.0,1000000.0,1000000.0,17999.967395336196
6733,1000000.0,0.0,1000000.0,1000000.0,17999.93777397109
6734,1000000.0,0.0,1000000.0,1000000.0,17999.908152703465
6735,1000000.0,0.0,1000000.0,1000000.0,17999.878531533304
6736,943781.4742894586,0.0,943781.4742894586,943781.4742894586,17088.656839264408
6737,624174.0087610586,0.0,624174.0087610586,624174.0087610586,11741.54075447951
6738,728384.3430302783,0.0,728384.3430302783,728384.3430302783,13518.713410519818
6739,784488.3864357856,0.0,784488.3864357856,784488.3864357856,14461.329667793356
6740,872775.574306507,0.0,872775.574306507,872775.574306507,15926.042241281402
6741,868458.11689634,0.0,868458.11689634,868458.11689634,15854.895477529402
6742,869751.3477168023,0.0,869751.3477168023,869751.3477168023,15876.177828987922
6743,878333.1306180328,0.0,878333.1306180328,878333.1306180328,16017.436939153828
6744,879022.8658188415,0.0,879022.8658188415,879022.8658188415,16028.757240386834
6745,879022.8658188415,0.0,879022.8658188415,879022.8658188415,16028.730868723796
6746,879022.8658188415,0.0,879022.8658188415,879022.8658188415,16028.704497147524
6747,879022.8658188415,0.0,879022.8658188415,879022.8658188415,16028.678125658002
6748,879022.8658188415,0.0,879022.8658188415,879022.8658188415,16028.651754255236
6749,879022.8658188415,0.0,879022.8658188415,879022.8658188415,16028.625382939219
6750,879022.8658188415,0.0,879022.8658188415,879022.8658188415,16028.59901170996
6751,1000000.0,0.0,1000000.0,1000000.0,17999.412089095433
6752,1000000.0,0.0,1000000.0,1000000.0,17999.382469557597
6753,1000000.0,0.0,1000000.0,1000000.0,17999.35285011723
6754,1000000.0,0.0,1000000.0,1000000.0,17999.323230774327
6755,1000000.0,0.0,1000000.0,1000000.0,17999.293611528883
6756,1000000.0,0.0,1000000.0,1000000.0,17999.263992380907
6757,1000000.0,0.0,1000000.0,1000000.0,17999.23437333039
6758,1000000.0,0.0,1000000.0,1000000.0,17999.204754377333
6759,1000000.0,0.0,1000000.0,1000000.0,17999.175135521735
6760,1000000.0,0.0,1000000.0,1000000.0,17999.145516763598
6761,1000000.0,0.0,1000000.0,1000000.0,17999.115898102922
6762,905833.7534353847,0.0,905833.7534353847,905833.7534353847,16468.33237920988
6763,859993.093979866,0.0,859993.093979866,859993.093979866,15714.730641541502
6764,878705.3496583899,0.0,878705.3496583899,878705.3496583899,16023.002870915523
6765,879022.8658188415,0.0,879022.8658188415,879022.8658188415,16028.199562886586
6766,879022.8658188415,0.0,879022.8658188415,879022.8658188415,16028.173193058123
6767,879022.8658188415,0.0,879022.8658188415,879022.8658188415,16028.146823316407
6768,879022.8658188415,0.0,879022.8658188415,879022.8658188415,16028.120453661431
6769,879022.8658188415,0.0,879022.8658188415,879022.8658188415,16028.094084093205
6770,879022.8658188415,0.0,879022.8658188415,879022.8658188415,16028.067714611729
6771,879022.8658188415,0.0,879022.8658188415,879022.8658188415,16028.041345216989
6772,879022.8658188415,0.0,879022.8658188415,879022.8658188415,16028.014975908996
6773,879022.8658188415,0.0,879022.8658188415,879022.8658188415,16027.988606687748
6774,879022.8658188415,0.0,879022.8658188415,879022.8658188415,16027.96223755324
6775,1000000.0,0.0,1000000.0,1000000.0,17998.706291536473
6776,1000000.0,0.0,1000000.0,1000000.0,17998.676674321032
6777,1000000.0,0.0,1000000.0,1000000.0,17998.64705720304
6778,1000000.0,0.0,1000000.0,1000000.0,17998.617440182512
6779,1000000.0,0.0,1000000.0,1000000.0,17998.587823259426
6780,1000000.0,0.0,1000000.0,1000000.0,17998.558206433794
6781,1000000.0,0.0,1000000.0,1000000.0,17998.52858970561
6782,1000000.0,0.0,1000000.0,1000000.0,17998.49897307487
6783,1000000.0,0.0,1000000.0,1000000.0,17998.469356541587
6784,1000000.0,0.0,1000000.0,1000000.0,17998.439740105754
6785,1000000.0,0.0,1000000.0,1000000.0,17998.410123767364
6786,1000000.0,0.0,1000000.0,1000000.0,17998.380507526424
6787,896045.731637683,0.0,896045.731637683,896045.731637683,16307.228772001838
6788,879022.8658188415,0.0,879022.8658188415,879022.8658188415,16027.588807326316
6789,879022.8658188415,0.0,879022.8658188415,879022.8658188415,16027.562439506957
6790,879022.8658188415,0.0,879022.8658188415,879022.8658188415,16027.536071774333
6791,879022.8658188415,0.0,879022.8658188415,879022.8658188415,16027.50970412845
6792,879022.8658188415,0.0,879022.8658188415,879022.8658188415,16027.483336569296
6793,879022.8658188415,0.0,879022.8658188415,879022.8658188415,16027.45696909688
6794,879022.8658188415,0.0,879022.8658188415,879022.8658188415,16027.430601711196
6795,879022.8658188415,0.0,879022.8658188415,879022.8658188415,16027.404234412248
6796,879003.8398891729,0.0,879003.8398891729,879003.8398891729,16027.06491791056
6797,879022.8658188415,0.0,879022.8658188415,879022.8658188415,16027.351500131514
6798,874276.1839664921,0.0,874276.1839664921,874276.1839664921,15949.21873826776
6799,1000000.0,0.0,1000000.0,1000000.0,17998.00014291636
6800,1000000.0,0.0,1000000.0,1000000.0,17997.970528024372
6801,1000000.0,0.0,1000000.0,1000000.0,17997.94091322983
6802,984757.8548128353,0.0,984757.8548128353,984757.8548128353,17751.668425118678
6803,754942.3462690255,0.0,754942.3462690255,754942.3462690255,13964.59516508459
6804,733895.7205224425,0.0,733895.7205224425,733895.7205224425,13610.227379317581
6805,739926.9386498543,0.0,739926.9386498543,739926.9386498543,13711.886037897133
6806,699819.9427506904,0.0,699819.9427506904,699819.9427506904,13033.57074717607
6807,687631.5952135336,0.0,687631.5952135336,687631.5952135336,12826.414318949403
6808,612176.8200834849,0.0,612176.8200834849,612176.8200834849,11533.23258140196
6809,502237.33227599185,0.0,502237.33227599185,502237.33227599185,9613.3866560937
6810,261649.4717201658,0.0,261649.4717201658,261649.4717201658,5236.697189824916
6811,147997.92561857984,0.0,147997.92561857984,147997.92561857984,3049.37724674322
6812,82140.18518567979,0.0,82140.18518567979,82140.18518567979,1696.489399221946
6813,282183.40870491887,0.0,282183.40870491887,282183.40870491887,5178.641383104851
6814,295823.630313599,0.0,295823.630313599,295823.630313599,5875.340514691029
6815,358644.9313582091,0.0,358644.9313582091,358644.9313582091,7033.541817990124
6816,83161.86854288445,0.0,83161.86854288445,83161.86854288445,1716.50635092672
6817,179042.7011064221,0.0,179042.7011064221,179042.7011064221,3373.4613936418095
6818,177289.91575918038,0.0,177289.91575918038,177289.91575918038,3627.720779802109
6819,244848.86509468345,0.0,244848.86509468345,244848.86509468345,4919.6727018051615
6820,303845.33095860557,0.0,303845.33095860557,303845.33095860557,6024.088215921801
6821,170148.94366256858,0.0,170148.94366256858,170148.94366256858,3489.128918751123
6822,79271.57334305778,0.0,79271.57334305778,79271.57334305778,1631.819202167641
6823,288533.1195060093,0.0,288533.1195060093,288533.1195060093,5236.9699293705335
6824,520074.0058649108,0.0,520074.0058649108,520074.0058649108,9926.598415890863
6825,633980.1402934457,0.0,633980.1402934457,633980.1402934457,11907.281351750878
6826,601837.5640247604,0.0,601837.5640247604,601837.5640247604,11353.004032549195
6827,609533.2449182435,0.0,609533.2449182435,609533.2449182435,11486.011291911453
6828,647070.2301909581,0.0,647070.2301909581,647070.2301909581,12131.936879079596
6829,570302.2565511074,0.0,570302.2565511074,570302.2565511074,10805.661356037226
6830,562512.2921760622,0.0,562512.2921760622,562512.2921760622,10669.90378605971
6831,623186.6885347979,0.0,623186.6885347979,623186.6885347979,11721.441420178011
6832,670466.8966069621,0.0,670466.8966069621,670466.8966069621,12532.079056016302
6833,632214.3094732787,0.0,632214.3094732787,632214.3094732787,11876.767644555233
6834,568773.6949242256,0.0,568773.6949242256,568773.6949242256,10778.954347621186
6835,259713.84861393282,0.0,259713.84861393282,259713.84861393282,5199.499558109934
6836,197709.21261912762,0.0,197709.21261912762,197709.21261912762,4021.3958011690597
6837,201047.30473734887,0.0,201047.30473734887,201047.30473734887,4085.4843773934917
6838,0.0,0.0,0.0,0.0,-0.0
6839,0.0,0.0,0.0,0.0,-0.0
6840,0.0,0.0,0.0,0.0,-0.0
6841,0.0,0.0,0.0,0.0,-0.0
6842,61616.639018867376,0.0,61616.639018867376,61616.639018867376,1057.461900398189
6843,0.0,0.0,0.0,0.0,-0.0
6844,0.0,0.0,0.0,0.0,-0.0
6845,0.0,0.0,0.0,0.0,-0.0
6846,1353.9972974643138,0.0,1353.9972974643138,1353.9972974643138,-0.0
6847,87711.6554927445,0.0,87711.6554927445,87711.6554927445,1511.211628262721
6848,172114.8572982613,0.0,172114.8572982613,172114.8572982613,3280.0231416571714
6849,145878.289911402,0.0,145878.289911402,145878.289911402,3007.05020662586
6850,266550.83384337765,0.0,266550.83384337765,266550.83384337765,5280.776716516419
6851,166470.6301281231,0.0,166470.6301281231,166470.6301281231,3416.9161283623494
6852,199471.14029954505,0.0,199471.14029954505,199471.14029954505,4054.726561119229
6853,191910.76805409646,0.0,191910.76805409646,191910.76805409646,3909.3599498095673
6854,109592.94402013117,0.0,109592.94402013117,109592.94402013117,2258.1504651470364
6855,25712.416945005116,0.0,25712.416945005116,25712.416945005116,530.7064365503065
6856,50964.83918744601,0.0,50964.83918744601,50964.83918744601,964.021575822048
6857,79233.86131745175,0.0,79233.86131745175,79233.86131745175,1540.2214046588513
6858,170305.15141768233,0.0,170305.15141768233,170305.15141768233,3185.802471385993
6859,213331.28040108396,0.0,213331.28040108396,213331.28040108396,4319.794255372333
6860,147547.17906199725,0.0,147547.17906199725,147547.17906199725,3039.4696603991033
6861,144619.95581971548,0.0,144619.95581971548,144619.95581971548,2982.146601651167
6862,166902.4172337716,0.0,166902.4172337716,166902.4172337716,3395.1435469272215
6863,325800.5443405996,0.0,325800.5443405996,325800.5443405996,6428.464640059519
6864,389849.5694139545,0.0,389849.5694139545,389849.5694139545,7599.327800437894
6865,638845.6529954976,0.0,638845.6529954976,638845.6529954976,11988.2856162471
6866,794054.924611276,0.0,794054.924611276,794054.924611276,14614.423127375449
6867,870653.321998959,0.0,870653.321998959,870653.321998959,15883.87048502015
6868,800472.9304088291,0.0,800472.9304088291,800472.9304088291,14721.383206503899
6869,809505.786417772,0.0,809505.786417772,809505.786417772,14871.762318422017
6870,825181.0974147789,0.0,825181.0974147789,825181.0974147789,15132.18512415696
6871,936301.629745423,0.0,936301.629745423,936301.629745423,16958.94897319579
6872,889676.6601884471,0.0,889676.6601884471,889676.6601884471,16196.485130872674
6873,935411.0147080384,0.0,935411.0147080384,935411.0147080384,16944.382850430444
6874,932691.8676514933,0.0,932691.8676514933,932691.8676514933,16900.04024096258
6875,821453.5163556451,0.0,821453.5163556451,821453.5163556451,15070.189498101005
6876,982982.4547833167,0.0,982982.4547833167,982982.4547833167,17716.533451478364
6877,896963.5365883093,0.0,896963.5365883093,896963.5365883093,16315.888890427512
6878,855911.4883718347,0.0,855911.4883718347,855911.4883718347,15640.54889032786
6879,297770.0526918374,0.0,297770.0526918374,297770.0526918374,5909.474988556045
6880,904475.7298749976,0.0,904475.7298749976,904475.7298749976,16438.89528511136
6881,388177.90998550755,0.0,388177.90998550755,388177.90998550755,7568.788627013571
6882,200253.55966837928,0.0,200253.55966837928,200253.55966837928,4069.256310458239
6883,250978.69146478677,0.0,250978.69146478677,250978.69146478677,5033.792516721324
6884,748345.877397336,0.0,748345.877397336,748345.877397336,13848.377740194264
6885,874607.5647525041,0.0,874607.5647525041,874607.5647525041,15948.497038175461
6886,875178.802002414,0.0,875178.802002414,875178.802002414,15957.86996149042
6887,876034.1826373497,0.0,876034.1826373497,876034.1826373497,15971.91648944152
6888,878346.2547752681,0.0,878346.2547752681,878346.2547752681,16009.877133728782
6889,878524.1898135169,0.0,878524.1898135169,878524.1898135169,16012.776819814524
6890,878099.1227777,0.0,878099.1227777,878099.1227777,16005.76043271828
6891,878909.370482144,0.0,878909.370482144,878909.370482144,16019.057862607602
6892,878964.4456130305,0.0,878964.4456130305,878964.4456130305,16019.937111779735
6893,874884.8701983917,0.0,874884.8701983917,874884.8701983917,15952.80872709897
6894,27336.016821824753,0.0,27336.016821824753,27336.016821824753,562.3773672075444
6895,7224.854217406653,0.0,7224.854217406653,7224.854217406653,-0.0
6896,843717.5946253344,0.0,843717.5946253344,843717.5946253344,12864.59060230535
6897,861720.3449490432,0.0,861720.3449490432,861720.3449490432,15734.775265384797
6898,955898.5642606325,0.0,955898.5642606325,955898.5642606325,17275.7452240219
6899,746592.1044581493,0.0,746592.1044581493,746592.1044581493,13817.528539528725
6900,989508.2186356781,0.0,989508.2186356781,989508.2186356781,17820.08153317836
6901,823178.4812573501,0.0,823178.4812573501,823178.4812573501,15097.09864055528
6902,851551.5080418959,0.0,851551.5080418959,851551.5080418959,15566.832483103224
6903,787672.0983543226,0.0,787672.0983543226,787672.0983543226,14505.951069988554
6904,793858.7392508239,0.0,793858.7392508239,793858.7392508239,14609.183309006492
6905,385264.471332461,0.0,385264.471332461,385264.471332461,7515.036326166157
6906,472081.3622121706,0.0,472081.3622121706,472081.3622121706,9074.268341943274
6907,444682.8426025989,0.0,444682.8426025989,444682.8426025989,8585.618332667973
6908,531350.9940952794,0.0,531350.9940952794,531350.9940952794,10121.067915983978
6909,508602.4165571335,0.0,508602.4165571335,508602.4165571335,9720.871561490047
6910,447737.1374056705,0.0,447737.1374056705,447737.1374056705,8640.199718257005
6911,570056.6847067472,0.0,570056.6847067472,570056.6847067472,10797.465609322779
6912,515711.3470378039,0.0,515711.3470378039,515711.3470378039,9846.090895020452
6913,407429.73992075317,0.0,407429.73992075317,407429.73992075317,7916.109763291925
6914,395757.7797192604,0.0,395757.7797192604,395757.7797192604,7705.117520585536
6915,363226.9986678269,0.0,363226.9986678269,363226.9986678269,7113.8360830794645
6916,210642.70443706287,0.0,210642.70443706287,210642.70443706287,4267.634202266814
6917,743218.4329458751,0.0,743218.4329458751,743218.4329458751,13760.361827759263
6918,590647.9357706014,0.0,590647.9357706014,590647.9357706014,11154.9944786564
6919,805972.3840148203,0.0,805972.3840148203,805972.3840148203,14810.689513203843
6920,705137.957421911,0.0,705137.957421911,705137.957421911,13117.08183248331
6921,1000000.0,0.0,1000000.0,1000000.0,17988.85923598892
6922,860131.6851710352,0.0,860131.6851710352,860131.6851710352,15707.950579797147
6923,656473.2868604417,0.0,656473.2868604417,656473.2868604417,12288.334925171632
6924,795312.0018785355,0.0,795312.0018785355,795312.0018785355,14632.956347830232
6925,490020.65888131666,0.0,490020.65888131666,490020.65888131666,9392.265377874883
6926,395282.0150180112,0.0,395282.0150180112,395282.0150180112,7696.347851199768
6927,346391.43063522456,0.0,346391.43063522456,346391.43063522456,6805.754045363541
6928,368649.5322473936,0.0,368649.5322473936,368649.5322473936,7212.574048632466
6929,342771.2710991507,0.0,342771.2710991507,342771.2710991507,6739.337542228084
6930,212596.36157795475,0.0,212596.36157795475,212596.36157795475,4304.854223325752
6931,111252.84452709819,0.0,111252.84452709819,111252.84452709819,2289.9514381505833
6932,44959.64004865992,0.0,44959.64004865992,44959.64004865992,924.9505815359622
6933,27682.68177964705,0.0,27682.68177964705,27682.68177964705,569.0441291428713
6934,24188.305161406246,0.0,24188.305161406246,24188.305161406246,500.6870222616817
6935,0.0,0.0,0.0,0.0,-0.0
6936,0.0,0.0,0.0,0.0,-0.0
6937,0.0,0.0,0.0,0.0,-0.0
6938,0.0,0.0,0.0,0.0,-0.0
6939,0.0,0.0,0.0,0.0,-0.0
6940,0.0,0.0,0.0,0.0,-0.0
6941,0.0,0.0,0.0,0.0,-0.0
6942,26738.31563868549,0.0,26738.31563868549,26738.31563868549,458.8265505943393
6943,384331.7566410523,0.0,384331.7566410523,384331.7566410523,6445.788325463098
6944,640116.1124556668,0.0,640116.1124556668,640116.1124556668,12006.970459058275
6945,730623.2753655503,0.0,730623.2753655503,730623.2753655503,13546.747050515178
6946,648665.6779777227,0.0,648665.6779777227,648665.6779777227,12153.524963813707
6947,617325.8586004262,0.0,617325.8586004262,617325.8586004262,11614.93621387911
6948,597623.4113346647,0.0,597623.4113346647,597623.4113346647,11274.615086886583
6949,640814.0841984324,0.0,640814.0841984324,640814.0841984324,12018.848534951663
6950,663587.784632767,0.0,663587.784632767,663587.784632767,12408.721951093019
6951,659961.7754652749,0.0,659961.7754652749,659961.7754652749,12346.738155617048
6952,603266.6751534869,0.0,603266.6751534869,603266.6751534869,11372.148493482935
6953,436886.2687816673,0.0,436886.2687816673,436886.2687816673,8444.861300565297
6954,314039.0418261215,0.0,314039.0418261215,314039.0418261215,6209.4334750606695
6955,706508.6144386787,0.0,706508.6144386787,706508.6144386787,13138.833156628962
6956,834718.3614071738,0.0,834718.3614071738,834718.3614071738,15286.254005353081
6957,870434.357126649,0.0,870434.357126649,870434.357126649,15875.970270759668
6958,874655.5744302017,0.0,874655.5744302017,874655.5744302017,15945.4122468572
6959,877939.3393392881,0.0,877939.3393392881,877939.3393392881,15999.392932041406
6960,879022.8658188415,0.0,879022.8658188415,879022.8658188415,16017.180545323725
6961,879022.8658188415,0.0,879022.8658188415,879022.8658188415,16017.154211718072
6962,879022.8658188415,0.0,879022.8658188415,879022.8658188415,16017.127878198988
6963,879022.8658188415,0.0,879022.8658188415,879022.8658188415,16017.101544766469
6964,879022.8658188415,0.0,879022.8658188415,879022.8658188415,16017.075211420515
6965,879022.8658188415,0.0,879022.8658188415,879022.8658188415,16017.048878161128
6966,879022.8658188415,0.0,879022.8658188415,879022.8658188415,16017.022544988307
6967,1000000.0,0.0,1000000.0,1000000.0,17986.58056102627
6968,1000000.0,0.0,1000000.0,1000000.0,17986.550983681598
6969,949817.6067194961,0.0,949817.6067194961,949817.6067194961,17174.079290128742
6970,982941.4522690293,0.0,982941.4522690293,982941.4522690293,17711.021037679322
6971,985861.6178706232,0.0,985861.6178706232,985861.6178706232,17758.199121028236
6972,1000000.0,0.0,1000000.0,1000000.0,17986.432932053278
6973,1000000.0,0.0,1000000.0,1000000.0,17986.403355194037
6974,728553.9341158645,0.0,728553.9341158645,728553.9341158645,13511.183437272684
6975,619494.9890190007,0.0,619494.9890190007,619494.9890190007,11651.7715232491
6976,232766.4050863882,0.0,232766.4050863882,232766.4050863882,4688.012640848226
6977,878299.3087397394,0.0,878299.3087397394,878299.3087397394,16004.839420152406
6978,877179.3451921636,0.0,877179.3451921636,877179.3451921636,15986.398368869448
6979,879022.8658188415,0.0,879022.8658188415,879022.8658188415,16016.681889189593
6980,879022.8658188415,0.0,879022.8658188415,879022.8658188415,16016.65555722317
6981,879022.8658188415,0.0,879022.8658188415,879022.8658188415,16016.629225343298
6982,874211.3778487039,0.0,874211.3778487039,874211.3778487039,15937.476915598252
6983,874968.4539227416,0.0,874968.4539227416,874968.4539227416,15949.90515104652
6984,867007.0265473063,0.0,867007.0265473063,867007.0265473063,15818.829770098664
6985,874156.8498580764,0.0,874156.8498580764,874156.8498580764,15936.501249316996
6986,831832.1425810406,0.0,831832.1425810406,831832.1425810406,15237.687485988306
6987,838654.2793030454,0.0,838654.2793030454,838654.2793030454,15350.634141517196
6988,822804.1812916436,0.0,822804.1812916436,822804.1812916436,15087.93608496341
6989,769189.5210449409,0.0,769189.5210449409,769189.5210449409,14194.031609000982
6990,657844.2074647842,0.0,657844.2074647842,657844.2074647842,12309.727842525946
6991,803711.3242398949,0.0,803711.3242398949,803711.3242398949,14770.500048063477
6992,756746.264736685,0.0,756746.264736685,756746.264736685,13985.293025371315
6993,628221.0147701452,0.0,628221.0147701452,628221.0147701452,11801.634005598107
6994,611262.1644220778,0.0,611262.1644220778,611262.1644220778,11509.437658815898
6995,582089.5522388059,0.0,582089.5522388059,582089.5522388059,11004.483838949314
6996,582089.5522388059,0.0,582089.5522388059,582089.5522388059,11004.465757188897
6997,582089.5522388059,0.0,582089.5522388059,582089.5522388059,11004.447675487869
6998,581575.787466489,0.0,581575.787466489,581575.787466489,10995.510271639836
6999,563065.8022854825,0.0,563065.8022854825,563065.8022854825,10673.516023517775
7000,498579.59601980477,0.0,498579.59601980477,498579.59601980477,9541.913576278706
7001,302529.6657583016,0.0,302529.6657583016,302529.6657583016,5995.756198407225
7002,130156.2155673206,0.0,130156.2155673206,130156.2155673206,2682.7680666079004
7003,273644.9683807344,0.0,273644.9683807344,273644.9683807344,5314.613669130184
7004,667974.8964510704,0.0,667974.8964510704,667974.8964510704,12482.376735730713
7005,808049.0983376133,0.0,808049.0983376133,808049.0983376133,14842.201011227055
7006,869100.4362014858,0.0,869100.4362014858,869100.4362014858,15852.574462944134
7007,875375.8310821011,0.0,875375.8310821011,875375.8310821011,15955.818781173351
7008,877910.6006297339,0.0,877910.6006297339,877910.6006297339,15997.475254236062
7009,879022.8658188415,0.0,879022.8658188415,879022.8658188415,16015.733928440863
7010,879022.8658188415,0.0,879022.8658188415,879022.8658188415,16015.707599588026
7011,879022.8658188415,0.0,879022.8658188415,879022.8658188415,16015.681270821733
7012,879022.8658188415,0.0,879022.8658188415,879022.8658188415,16015.65494214198
7013,879022.8658188415,0.0,879022.8658188415,879022.8658188415,16015.628613548777
7014,879022.8658188415,0.0,879022.8658188415,879022.8658188415,16015.60228504211
7015,1000000.0,0.0,1000000.0,1000000.0,17985.006299379987
7016,1000000.0,0.0,1000000.0,1000000.0,17984.9767272088
7017,1000000.0,0.0,1000000.0,1000000.0,17984.94715513484
7018,1000000.0,0.0,1000000.0,1000000.0,17984.91758315812
7019,1000000.0,0.0,1000000.0,1000000.0,17984.888011278617
7020,1000000.0,0.0,1000000.0,1000000.0,17984.858439496344
7021,1000000.0,0.0,1000000.0,1000000.0,17984.828867811306
7022,1000000.0,0.0,1000000.0,1000000.0,17984.79929622349
7023,1000000.0,0.0,1000000.0,1000000.0,17984.769724732905
7024,1000000.0,0.0,1000000.0,1000000.0,17984.740153339535
7025,1000000.0,0.0,1000000.0,1000000.0,17984.710582043404
7026,1000000.0,0.0,1000000.0,1000000.0,17984.681010844495
7027,894351.5911168365,0.0,894351.5911168365,894351.5911168365,16266.903912888032
7028,879022.8658188415,0.0,879022.8658188415,879022.8658188415,16015.229435187695
7029,879022.8658188415,0.0,879022.8658188415,879022.8658188415,16015.203107993126
7030,879022.8658188415,0.0,879022.8658188415,879022.8658188415,16015.176780885093
7031,879022.8658188415,0.0,879022.8658188415,879022.8658188415,16015.150453863593
7032,879022.8658188415,0.0,879022.8658188415,879022.8658188415,16015.124126928627
7033,879022.8658188415,0.0,879022.8658188415,879022.8658188415,16015.097800080202
7034,879022.8658188415,0.0,879022.8658188415,879022.8658188415,16015.071473318303
7035,879022.8658188415,0.0,879022.8658188415,879022.8658188415,16015.04514664294
7036,849708.4139625645,0.0,849708.4139625645,849708.4139625645,15531.995298071444
7037,350353.09062287724,0.0,350353.09062287724,350353.09062287724,6876.5299864924855
7038,181030.8865958111,0.0,181030.8865958111,181030.8865958111,3697.341168233321
7039,516387.05804213753,0.0,516387.05804213753,516387.05804213753,9855.193365390547
7040,733603.3677919152,0.0,733603.3677919152,733603.3677919152,13594.720958684411
7041,532160.068542331,0.0,532160.068542331,532160.068542331,10132.298549668949
7042,854323.1768193959,0.0,854323.1768193959,854323.1768193959,15608.044405329632
7043,951931.4615155949,0.0,951931.4615155949,951931.4615155949,17206.19089713753
7044,1000000.0,0.0,1000000.0,1000000.0,17984.163789804745
7045,1000000.0,0.0,1000000.0,1000000.0,17984.134220403568
7046,1000000.0,0.0,1000000.0,1000000.0,17984.104651099606
7047,1000000.0,0.0,1000000.0,1000000.0,17984.07508189286
7048,1000000.0,0.0,1000000.0,1000000.0,17984.04551278333
7049,844382.6158403432,0.0,844382.6158403432,844382.6158403432,15443.660028384802
7050,389585.51914214186,0.0,389585.51914214186,389585.51914214186,7590.984111271991
7051,409039.50155499455,0.0,409039.50155499455,409039.50155499455,7942.715572356394
7052,752258.1760829837,0.0,752258.1760829837,752258.1760829837,13908.38636612251
7053,753814.3189379467,0.0,753814.3189379467,753814.3189379467,13934.503390177986
7054,593936.1797652026,0.0,593936.1797652026,593936.1797652026,11208.651857210347
7055,290966.49430571,0.0,290966.49430571,290966.49430571,5780.263073451492
7056,195055.0833359018,0.0,195055.0833359018,195055.0833359018,3967.525953676224
7057,105694.21005141086,0.0,105694.21005141086,105694.21005141086,2180.5431901922093
7058,67890.00010814157,0.0,67890.00010814157,67890.00010814157,1399.5153039084598
7059,29009.51324970251,0.0,29009.51324970251,29009.51324970251,594.6447749855224
7060,3886.8222812997283,0.0,3886.8222812997283,3886.8222812997283,-0.0
7061,0.0,0.0,0.0,0.0,-0.0
7062,0.0,0.0,0.0,0.0,-0.0
7063,327629.9813871838,0.0,327629.9813871838,327629.9813871838,5382.084342855423
7064,534619.0471788114,0.0,534619.0471788114,534619.0471788114,10174.318144115116
7065,606152.807841801,0.0,606152.807841801,606152.807841801,11418.945269783888
7066,587623.9308657724,0.0,587623.9308657724,587623.9308657724,11098.292181951067
7067,597440.3235057531,0.0,597440.3235057531,597440.3235057531,11268.291881597153
7068,618404.5851092098,0.0,618404.5851092098,618404.5851092098,11630.244738234098
7069,629860.6994090201,0.0,629860.6994090201,629860.6994090201,11827.389443541659
7070,629710.9196217827,0.0,629710.9196217827,629710.9196217827,11824.79513303892
7071,608083.8871014153,0.0,608083.8871014153,608083.8871014153,11452.179976221923
7072,515088.0334619477,0.0,515088.0334619477,515088.0334619477,9831.095964680715
7073,255508.70029638067,0.0,255508.70029638067,255508.70029638067,5116.249010784689
7074,31225.833751627477,0.0,31225.833751627477,31225.833751627477,637.4305981259163
7075,97311.56482383717,0.0,97311.56482383717,97311.56482383717,1757.357249260293
7076,154593.19229068243,0.0,154593.19229068243,154593.19229068243,2987.943266312874
7077,257691.24912045276,0.0,257691.24912045276,257691.24912045276,5156.9290774127185
7078,326468.6818200596,0.0,326468.6818200596,326468.6818200596,6436.538471577572
7079,433041.50478983903,0.0,433041.50478983903,433041.50478983903,8372.908271927548
7080,649735.5024580421,0.0,649735.5024580421,649735.5024580421,12167.44543099097
7081,770268.5629982441,0.0,770268.5629982441,770268.5629982441,14208.021493198741
7082,836666.7434188311,0.0,836666.7434188311,836666.7434188311,15313.292684955872
7083,865267.5626389415,0.0,865267.5626389415,865267.5626389415,15785.506216942817
7084,858969.8968400905,0.0,858969.8968400905,858969.8968400905,15681.691926465066
7085,800918.4007302218,0.0,800918.4007302218,800918.4007302218,14719.723468038417
7086,695171.3751408749,0.0,695171.3751408749,695171.3751408749,12941.927825048471
7087,936971.909085871,0.0,936971.909085871,936971.909085871,16959.590608986262
7088,1000000.0,0.0,1000000.0,1000000.0,17980.700975331772
7089,1000000.0,0.0,1000000.0,1000000.0,17980.671417312027
7090,973764.1833711548,0.0,973764.1833711548,973764.1833711548,17556.79604034191
7091,827999.2547064035,0.0,827999.2547064035,827999.2547064035,15169.503022475665
7092,887446.2450659806,0.0,887446.2450659806,887446.2450659806,16149.920433458174
7093,977980.0515194309,0.0,977980.0515194309,977980.0515194309,17624.93301063032
7094,1000000.0,0.0,1000000.0,1000000.0,17980.524702014536
7095,1000000.0,0.0,1000000.0,1000000.0,17980.49514457422
7096,1000000.0,0.0,1000000.0,1000000.0,17980.465587231054
7097,756533.1407394236,0.0,756533.1407394236,756533.1407394236,13977.38608378975
7098,795096.1365967307,0.0,795096.1365967307,795096.1365967307,14622.397742623318
7099,864832.0478103429,0.0,864832.0478103429,864832.0478103429,15777.915871483547
7100,874058.2623605105,0.0,874058.2623605105,874058.2623605105,15929.75323050545
7101,875447.5778404942,0.0,875447.5778404942,875447.5778404942,15952.575002461872
7102,874824.3259502009,0.0,874824.3259502009,874824.3259502009,15942.29977617353
7103,875827.4895805905,0.0,875827.4895805905,875827.4895805905,15958.769465637915
7104,878885.3664021573,0.0,878885.3664021573,878885.3664021573,16009.009622866066
7105,878837.3938764228,0.0,878837.3938764228,878837.3938764228,16008.194921257385
7106,878964.3358715267,0.0,878964.3358715267,878964.3358715267,16010.254788494423
7107,876997.5054272534,0.0,876997.5054272534,876997.5054272534,15977.900546002384
7108,875194.6570469114,0.0,875194.6570469114,875194.6570469114,15948.23247688243
7109,868671.5594601278,0.0,868671.5594601278,868671.5594601278,15840.881969354125
7110,833155.1326151235,0.0,833155.1326151235,833155.1326151235,15254.447520516063
7111,923230.5004422563,0.0,923230.5004422563,923230.5004422563,16734.963198635178
7112,1000000.0,0.0,1000000.0,1000000.0,17979.999386824336
7113,1000000.0,0.0,1000000.0,1000000.0,17979.96983111074
7114,710663.6256598386,0.0,710663.6256598386,710663.6256598386,13203.904643925094
7115,569107.1668299462,0.0,569107.1668299462,569107.1668299462,10775.112371593754
7116,565275.8078752502,0.0,565275.8078752502,565275.8078752502,10708.399211051958
7117,566893.9085198515,0.0,566893.9085198515,566893.9085198515,10736.555584853908
7118,568527.6183200494,0.0,568527.6183200494,568527.6183200494,10764.974066145403
7119,550246.3157892035,0.0,550246.3157892035,550246.3157892035,10446.203079482993
7120,493753.63033063314,0.0,493753.63033063314,493753.63033063314,9453.310999438474
7121,210415.60015549432,0.0,210415.60015549432,210415.60015549432,4260.814633245761
7122,140271.57508990014,0.0,140271.57508990014,140271.57508990014,2887.2757850290986
7123,110973.28187576239,0.0,110973.28187576239,110973.28187576239,2283.2292097130444
7124,164856.3060957761,0.0,164856.3060957761,164856.3060957761,3205.2017879764217
7125,65008.876373200634,0.0,65008.876373200634,65008.876373200634,1342.7361795748984
7126,222600.47293384405,0.0,222600.47293384405,222600.47293384405,4060.262020035068
7127,346647.8015819598,0.0,346647.8015819598,346647.8015819598,6806.2271801263705
7128,400240.4899206927,0.0,400240.4899206927,400240.4899206927,7781.250430535772
7129,432087.34646604577,0.0,432087.34646604577,432087.34646604577,8354.529017968442
7130,710817.3499855318,0.0,710817.3499855318,710817.3499855318,13205.334924594326
7131,646262.7419287096,0.0,646262.7419287096,646262.7419287096,12106.16235259747
7132,500832.7029774598,0.0,500832.7029774598,500832.7029774598,9577.584320957189
7133,353954.1310422003,0.0,353954.1310422003,353954.1310422003,6939.876730575514
7134,308485.8075118818,0.0,308485.8075118818,308485.8075118818,6103.417758737907
7135,461054.59724536526,0.0,461054.59724536526,461054.59724536526,8872.158484307309
7136,621405.6826743803,0.0,621405.6826743803,621405.6826743803,11679.174281733365
7137,676304.7865922246,0.0,676304.7865922246,676304.7865922246,12619.236946444667
7138,459913.87766689074,0.0,459913.87766689074,459913.87766689074,8851.792246368059
7139,476580.1581860935,0.0,476580.1581860935,476580.1581860935,9148.159983150583
7140,660035.0583724219,0.0,660035.0583724219,660035.0583724219,12341.619415807567
7141,779694.7425025045,0.0,779694.7425025045,779694.7425025045,14363.413698504839
7142,750999.7358519173,0.0,750999.7358519173,750999.7358519173,13882.58015551992
7143,754817.5999575777,0.0,754817.5999575777,754817.5999575777,13946.671453185472
7144,692666.3317828861,0.0,692666.3317828861,692666.3317828861,12897.348135653827
7145,486521.2674888979,0.0,486521.2674888979,486521.2674888979,9324.321754239165
7146,423351.3245093315,0.0,423351.3245093315,423351.3245093315,8197.469262062503
7147,586655.7859976834,0.0,586655.7859976834,586655.7859976834,11078.634058275833
7148,742035.8316656098,0.0,742035.8316656098,742035.8316656098,13731.740542089026
7149,791762.736089306,0.0,791762.736089306,791762.736089306,14564.705556200803
7150,826522.5442044087,0.0,826522.5442044087,826522.5442044087,15142.638591345676
7151,872270.8703015881,0.0,872270.8703015881,872270.8703015881,15898.070808237451
7152,874737.3061092932,0.0,874737.3061092932,874737.3061092932,15938.609587679584
7153,870506.8394794646,0.0,870506.8394794646,870506.8394794646,15868.99581791583
7154,873597.3492551958,0.0,873597.3492551958,873597.3492551958,15919.81072288839
7155,874863.9058071651,0.0,874863.9058071651,874863.9058071651,15940.61273147937
7156,874468.7106262863,0.0,874468.7106262863,874468.7106262863,15934.088140990094
7157,809611.6239638189,0.0,809611.6239638189,809611.6239638189,14861.72041231815
7158,810216.3279984823,0.0,810216.3279984823,810216.3279984823,14871.748967960413
7159,868480.1331344513,0.0,868480.1331344513,868480.1331344513,15835.485094847187
7160,1000000.0,0.0,1000000.0,1000000.0,17977.544272827832
7161,1000000.0,0.0,1000000.0,1000000.0,17977.51472517389
7162,983552.2288357733,0.0,983552.2288357733,983552.2288357733,17712.00750504421
7163,726004.3221683453,0.0,726004.3221683453,726004.3221683453,13461.260531910097
7164,831487.3957809414,0.0,831487.3957809414,831487.3957809414,15224.555901550835
7165,880881.6258781052,0.0,880881.6258781052,880881.6258781052,16039.24952506786
7166,1000000.0,0.0,1000000.0,1000000.0,17977.368888978162
7167,923897.0290178409,0.0,923897.0290178409,923897.0290178409,16743.312722039114
7168,268481.3377263808,0.0,268481.3377263808,268481.3377263808,5358.198614351035
7169,327604.09251646645,0.0,327604.09251646645,327604.09251646645,6455.992254669892
7170,88090.69184814519,0.0,88090.69184814519,88090.69184814519,1819.1723802311235
7171,0.0,0.0,0.0,0.0,-0.0
7172,227047.24510068315,0.0,227047.24510068315,227047.24510068315,3813.7559454909538
7173,291929.66837594856,0.0,291929.66837594856,291929.66837594856,5795.36679717565
7174,113549.78627147512,0.0,113549.78627147512,113549.78627147512,2340.978447819177
7175,150742.6742187165,0.0,150742.6742187165,150742.6742187165,2984.4990268068905
7176,274507.70750306157,0.0,274507.70750306157,274507.70750306157,5422.656059828966
7177,228095.51695462523,0.0,228095.51695462523,228095.51695462523,4596.275065316506
7178,347492.1806383754,0.0,347492.1806383754,347492.1806383754,6820.451927617221
7179,223413.16625587954,0.0,223413.16625587954,223413.16625587954,4507.32284005897
7180,415486.3609385365,0.0,415486.3609385365,415486.3609385365,8054.7868693741775
7181,223428.7471943998,0.0,223428.7471943998,223428.7471943998,4507.603904873283
7182,143426.8710155676,0.0,143426.8710155676,143426.8710155676,2955.6728618686943
7183,362734.8813473852,0.0,362734.8813473852,362734.8813473852,7037.009963185255
7184,560693.1087169816,0.0,560693.1087169816,560693.1087169816,10625.672080753357
7185,317384.2689083239,0.0,317384.2689083239,317384.2689083239,6266.767488461811
7186,383802.49977710115,0.0,383802.49977710115,383802.49977710115,7482.126754428479
7187,431922.4151414941,0.0,431922.4151414941,431922.4151414941,8349.94791456158
7188,582089.5522388059,0.0,582089.5522388059,582089.5522388059,10997.652499101441
7189,576381.541057855,0.0,576381.541057855,576381.541057855,10898.542233982686
7190,564252.5071066865,0.0,564252.5071066865,564252.5071066865,10687.574978343297
7191,541813.5006417758,0.0,541813.5006417758,541813.5006417758,10295.888584566386
7192,450303.2777566056,0.0,450303.2777566056,450303.2777566056,8678.744968762769
7193,249527.9402502381,0.0,249527.9402502381,249527.9402502381,5001.399919738967
7194,239878.18412367118,0.0,239878.18412367118,239878.18412367118,4819.284204150109
7195,292970.7413366386,0.0,292970.7413366386,292970.7413366386,5814.374432743337
7196,614384.2912079014,0.0,614384.2912079014,614384.2912079014,11555.989297419617
7197,717028.5966231633,0.0,717028.5966231633,717028.5966231633,13307.717629934528
7198,827931.8771669012,0.0,827931.8771669012,827931.8771669012,15163.453545151175
7199,873724.0265703361,0.0,873724.0265703361,873724.0265703361,15919.314308334871
7200,876930.0363991803,0.0,876930.0363991803,876930.0363991803,15971.992920152928
7201,877660.8750158628,0.0,877660.8750158628,877660.8750158628,15983.977277646703
7202,879022.8658188415,0.0,879022.8658188415,879022.8658188415,16006.33007125981
7203,879020.9950369609,0.0,879020.9950369609,879020.9950369609,16006.27303771569
7204,879022.8658188415,0.0,879022.8658188415,879022.8658188415,16006.277475418578
7205,879022.8658188415,0.0,879022.8658188415,879022.8658188415,16006.251177624754
7206,879022.8658188415,0.0,879022.8658188415,879022.8658188415,16006.224879917318
7207,1000000.0,0.0,1000000.0,1000000.0,17974.61200013695
7208,1000000.0,0.0,1000000.0,1000000.0,17974.58246211406
7209,1000000.0,0.0,1000000.0,1000000.0,17974.55292418823
7210,1000000.0,0.0,1000000.0,1000000.0,17974.523386359462
7211,1000000.0,0.0,1000000.0,1000000.0,17974.493848627757
7212,1000000.0,0.0,1000000.0,1000000.0,17974.464310993106
7213,1000000.0,0.0,1000000.0,1000000.0,17974.434773455523
7214,1000000.0,0.0,1000000.0,1000000.0,17974.405236014994
7215,1000000.0,0.0,1000000.0,1000000.0,17974.375698671523
7216,1000000.0,0.0,1000000.0,1000000.0,17974.346161425114
7217,1000000.0,0.0,1000000.0,1000000.0,17974.316624275758
7218,899843.634358352,0.0,899843.634358352,899843.634358352,16347.384295712425
7219,879022.8658188415,0.0,879022.8658188415,879022.8658188415,16005.879097229146
7220,879022.8658188415,0.0,879022.8658188415,879022.8658188415,16005.85280074402
7221,879022.8658188415,0.0,879022.8658188415,879022.8658188415,16005.826504345281
7222,879022.8658188415,0.0,879022.8658188415,879022.8658188415,16005.800208032926
7223,879022.8658188415,0.0,879022.8658188415,879022.8658188415,16005.773911806957
7224,879022.8658188415,0.0,879022.8658188415,879022.8658188415,16005.706251204274
7225,879022.8658188415,0.0,879022.8658188415,879022.8658188415,16005.679955286905
7226,879022.8658188415,0.0,879022.8658188415,879022.8658188415,16005.65365945591
7227,879022.8658188415,0.0,879022.8658188415,879022.8658188415,16005.627363711299
7228,879022.8658188415,0.0,879022.8658188415,879022.8658188415,16005.601068053078
7229,879022.8658188415,0.0,879022.8658188415,879022.8658188415,16005.574772481232
7230,879022.8658188415,0.0,879022.8658188415,879022.8658188415,16005.548476995766
7231,895103.406825237,0.0,895103.406825237,895103.406825237,16269.35364095865
7232,984575.594563932,0.0,984575.594563932,984575.594563932,17724.937344837675
7233,1000000.0,0.0,1000000.0,1000000.0,17973.803563950823
7234,1000000.0,0.0,1000000.0,1000000.0,17973.774028584332
7235,1000000.0,0.0,1000000.0,1000000.0,17973.744493314887
7236,1000000.0,0.0,1000000.0,1000000.0,17973.714958142496
7237,1000000.0,0.0,1000000.0,1000000.0,17973.68542306715
7238,1000000.0,0.0,1000000.0,1000000.0,17973.655888088848
7239,1000000.0,0.0,1000000.0,1000000.0,17973.626353207597
7240,737957.3103671933,0.0,737957.3103671933,737957.3103671933,13659.72672583922
7241,762588.2222144064,0.0,762588.2222144064,762588.2222144064,14073.43904710845
7242,616140.2646623479,0.0,616140.2646623479,616140.2646623479,11585.313164564941
7243,853340.1112161805,0.0,853340.1112161805,853340.1112161805,15582.382643242956
7244,874008.6592292954,0.0,874008.6592292954,874008.6592292954,15922.770594497115
7245,878825.5249803949,0.0,878825.5249803949,878825.5249803949,16001.91097416675
7246,859260.6956826899,0.0,859260.6956826899,859260.6956826899,15679.938161803053
7247,874990.1987622463,0.0,874990.1987622463,874990.1987622463,15938.829089941059
7248,878849.7348699287,0.0,878849.7348699287,878849.7348699287,16002.229913925905
7249,879022.8658188415,0.0,879022.8658188415,879022.8658188415,16005.047880839164
7250,879022.8658188415,0.0,879022.8658188415,879022.8658188415,16005.021587084488
7251,879022.8658188415,0.0,879022.8658188415,879022.8658188415,16004.99529341619
7252,879022.8658188415,0.0,879022.8658188415,879022.8658188415,16004.968999834258
7253,879022.8658188415,0.0,879022.8658188415,879022.8658188415,16004.942706338696
7254,879022.8658188415,0.0,879022.8658188415,879022.8658188415,16004.916412929502
7255,886666.6174530082,0.0,886666.6174530082,886666.6174530082,16130.38252644477
7256,971253.3670460496,0.0,971253.3670460496,971253.3670460496,17508.80636231726
7257,936684.044685243,0.0,936684.044685243,936684.044685243,16947.663290865443
7258,922094.9103981073,0.0,922094.9103981073,922094.9103981073,16709.913166470622
7259,1000000.0,0.0,1000000.0,1000000.0,17973.044417842168
7260,996340.2970747572,0.0,996340.2970747572,996340.2970747572,17914.015242773396
7261,848812.410598874,0.0,848812.410598874,848812.410598874,15507.192295668323
7262,734778.6378965979,0.0,734778.6378965979,734778.6378965979,13605.69907974585
7263,712519.1617254389,0.0,712519.1617254389,712519.1617254389,13229.970733549282
7264,834935.6891969172,0.0,834935.6891969172,834935.6891969172,15277.734212549303
7265,774813.5954399086,0.0,774813.5954399086,774813.5954399086,14277.546696293683
7266,875898.1468306653,0.0,875898.1468306653,875898.1468306653,15953.255928393752
7267,874690.1331762434,0.0,874690.1331762434,874690.1331762434,15933.372636168842
7268,873450.1318736094,0.0,873450.1318736094,873450.1318736094,15912.959474476296
7269,875001.4092294371,0.0,875001.4092294371,875001.4092294371,15938.43734700947
7270,876296.5998103179,0.0,876296.5998103179,876296.5998103179,15959.69990293801
7271,872762.932008689,0.0,872762.932008689,872762.932008689,15901.580963179693
7272,869552.9383778359,0.0,869552.9383778359,869552.9383778359,15848.75386218307
7273,876465.387581625,0.0,876465.387581625,876465.387581625,15962.395255991083
7274,873244.6169912529,0.0,873244.6169912529,873244.6169912529,15909.423353763574
7275,874335.3414074992,0.0,874335.3414074992,874335.3414074992,15927.330576012231
7276,874662.37073521,0.0,874662.37073521,874662.37073521,15932.680689226609
7277,879022.8658188415,0.0,879022.8658188415,879022.8658188415,16004.31208030501
7278,879022.8658188415,0.0,879022.8658188415,879022.8658188415,16004.285788967281
7279,1000000.0,0.0,1000000.0,1000000.0,17972.46264059263
7280,1000000.0,0.0,1000000.0,1000000.0,17972.433109632035
7281,1000000.0,0.0,1000000.0,1000000.0,17972.403578768462
7282,1000000.0,0.0,1000000.0,1000000.0,17972.374048001922
7283,1000000.0,0.0,1000000.0,1000000.0,17972.34451733241
7284,1000000.0,0.0,1000000.0,1000000.0,17972.31498675992
7285,1000000.0,0.0,1000000.0,1000000.0,17972.28545628445
7286,1000000.0,0.0,1000000.0,1000000.0,17972.255925906014
7287,1000000.0,0.0,1000000.0,1000000.0,17972.22639562459
7288,774134.1237487524,0.0,774134.1237487524,774134.1237487524,14265.63510176304
7289,308383.8895748961,0.0,308383.8895748961,308383.8895748961,6099.242841911667
7290,260124.830375605,0.0,260124.830375605,260124.830375605,5199.798926472128
7291,186090.51317997617,0.0,186090.51317997617,186090.51317997617,3792.1109035033346
7292,329531.7606235768,0.0,329531.7606235768,329531.7606235768,6489.418048117977
7293,503206.0181829858,0.0,503206.0181829858,503206.0181829858,9615.899748800024
7294,457036.1273957747,0.0,457036.1273957747,457036.1273957747,8797.281000962468
7295,793577.2612066873,0.0,793577.2612066873,793577.2612066873,14590.09759576158
7296,716304.5234346798,0.0,716304.5234346798,716304.5234346798,13293.24509231441
7297,685913.9909725,0.0,685913.9909725,685913.9909725,12778.154092217383
7298,867921.5189249754,0.0,867921.5189249754,867921.5189249754,15821.242087146966
7299,741338.6625619455,0.0,741338.6625619455,741338.6625619455,13715.29414116478
7300,879022.8658188415,0.0,879022.8658188415,879022.8658188415,16003.718610640564
7301,879022.8658188415,0.0,879022.8658188415,879022.8658188415,16003.692321252174
7302,879022.8658188415,0.0,879022.8658188415,879022.8658188415,16003.666031950135
7303,1000000.0,0.0,1000000.0,1000000.0,17971.77567789715
7304,1000000.0,0.0,1000000.0,1000000.0,17971.746149193594
7305,1000000.0,0.0,1000000.0,1000000.0,17971.716620587053
7306,1000000.0,0.0,1000000.0,1000000.0,17971.687092077533
7307,1000000.0,0.0,1000000.0,1000000.0,17971.657563665016
7308,1000000.0,0.0,1000000.0,1000000.0,17971.628035349524
7309,1000000.0,0.0,1000000.0,1000000.0,17971.59850713104
7310,1000000.0,0.0,1000000.0,1000000.0,17971.56897900957
7311,1000000.0,0.0,1000000.0,1000000.0,17971.539450985114
7312,1000000.0,0.0,1000000.0,1000000.0,17971.509923057674
7313,1000000.0,0.0,1000000.0,1000000.0,17971.480395227238
7314,906979.1319732501,0.0,906979.1319732501,906979.1319732501,16461.522495723366
7315,830709.339441636,0.0,830709.339441636,830709.339441636,15206.49172099841
7316,854736.3119408924,0.0,854736.3119408924,854736.3119408924,15603.546653545036
7317,876762.0770452922,0.0,876762.0770452922,876762.0770452922,15966.124236290823
7318,872402.8583461328,0.0,872402.8583461328,872402.8583461328,15894.438938918176
7319,846382.055552301,0.0,846382.055552301,846382.055552301,15465.587027724116
7320,786134.939366043,0.0,786134.939366043,786134.939366043,14465.371887211182
7321,567401.6105898186,0.0,567401.6105898186,567401.6105898186,10739.9734192019
7322,216663.804522421,0.0,216663.804522421,216663.804522421,4377.701185369963
7323,154436.12974118165,0.0,154436.12974118165,154436.12974118165,3177.53913741639
7324,173747.1329401088,0.0,173747.1329401088,173747.1329401088,3553.342820338862
7325,165492.13320423552,0.0,165492.13320423552,165492.13320423552,3393.094364644955
7326,202745.11375963164,0.0,202745.11375963164,202745.11375963164,4111.832362673463
7327,485371.5333432857,0.0,485371.5333432857,485371.5333432857,9300.155623184999
7328,682719.6803463111,0.0,682719.6803463111,682719.6803463111,12723.193625661786
7329,691822.2816388854,0.0,691822.2816388854,691822.2816388854,12877.839969875473
7330,638261.9230994707,0.0,638261.9230994707,638261.9230994707,11963.869752149272
7331,623582.2919218829,0.0,623582.2919218829,623582.2919218829,11711.696902247486
7332,582089.5522388059,0.0,582089.5522388059,582089.5522388059,10994.950040242724
7333,582089.5522388059,0.0,582089.5522388059,582089.5522388059,10994.93198976889
7334,578414.992505972,0.0,578414.992505972,578414.992505972,10931.150524379964
7335,545550.6866656498,0.0,545550.6866656498,545550.6866656498,10358.689118014941
7336,456875.4199044686,0.0,456875.4199044686,456875.4199044686,8793.788662155204
7337,132415.9856646771,0.0,132415.9856646771,132415.9856646771,2724.5343439448675
7338,0.0,0.0,0.0,0.0,-0.0
7339,133121.3949830982,0.0,133121.3949830982,133121.3949830982,2281.738911655917
7340,420870.09017292183,0.0,420870.09017292183,420870.09017292183,7935.310769379519
7341,530026.4049029547,0.0,530026.4049029547,530026.4049029547,10086.07122315212
7342,783362.6756927869,0.0,783362.6756927869,783362.6756927869,14417.583651241333
7343,874246.0317082234,0.0,874246.0317082234,874246.0317082234,15923.013275953448
7344,878940.707274361,0.0,878940.707274361,878940.707274361,16000.127384243564
7345,879022.8658188415,0.0,879022.8658188415,879022.8658188415,16001.450553397202
7346,879022.8658188415,0.0,879022.8658188415,879022.8658188415,16001.42427145802
7347,879022.8658188415,0.0,879022.8658188415,879022.8658188415,16001.397989605144
7348,879022.8658188415,0.0,879022.8658188415,879022.8658188415,16001.371707838582
7349,879022.8658188415,0.0,879022.8658188415,879022.8658188415,16001.345426158334
7350,879022.8658188415,0.0,879022.8658188415,879022.8658188415,16001.319144564397
7351,1000000.0,0.0,1000000.0,1000000.0,17969.174291680658
7352,1000000.0,0.0,1000000.0,1000000.0,17969.144771523377
7353,1000000.0,0.0,1000000.0,1000000.0,17969.115251463074
7354,1000000.0,0.0,1000000.0,1000000.0,17969.085731499737
7355,1000000.0,0.0,1000000.0,1000000.0,17969.05621163337
7356,1000000.0,0.0,1000000.0,1000000.0,17969.026691863983
7357,1000000.0,0.0,1000000.0,1000000.0,17968.997172191568
7358,1000000.0,0.0,1000000.0,1000000.0,17968.967652616117
7359,943113.3070177682,0.0,943113.3070177682,943113.3070177682,17048.275144342406
7360,962332.7625904598,0.0,962332.7625904598,962332.7625904598,17360.203430393183
7361,883227.8591691289,0.0,883227.8591691289,883227.8591691289,16070.067570044197
7362,879022.8658188415,0.0,879022.8658188415,879022.8658188415,16001.000523406241
7363,879022.8658188415,0.0,879022.8658188415,879022.8658188415,16000.97424294499
7364,879022.8658188415,0.0,879022.8658188415,879022.8658188415,16000.94796257004
7365,879022.8658188415,0.0,879022.8658188415,879022.8658188415,16000.921682281394
7366,879022.8658188415,0.0,879022.8658188415,879022.8658188415,16000.895402079055
7367,879022.8658188415,0.0,879022.8658188415,879022.8658188415,16000.869121963018
7368,879022.8658188415,0.0,879022.8658188415,879022.8658188415,16000.84284193329
7369,879022.8658188415,0.0,879022.8658188415,879022.8658188415,16000.816561989861
7370,879022.8658188415,0.0,879022.8658188415,879022.8658188415,16000.790282132737
7371,879022.8658188415,0.0,879022.8658188415,879022.8658188415,16000.764002361917
7372,879022.8658188415,0.0,879022.8658188415,879022.8658188415,16000.737722677395
7373,879022.8658188415,0.0,879022.8658188415,879022.8658188415,16000.71144307918
7374,879022.8658188415,0.0,879022.8658188415,879022.8658188415,16000.685163567266
7375,886694.182886839,0.0,886694.182886839,886694.182886839,16126.57391199348
7376,918124.5979186036,0.0,918124.5979186036,918124.5979186036,16640.79655617493
7377,1000000.0,0.0,1000000.0,1000000.0,17968.4131473458
7378,1000000.0,0.0,1000000.0,1000000.0,17968.383629688815
7379,1000000.0,0.0,1000000.0,1000000.0,17968.354112128807
7380,1000000.0,0.0,1000000.0,1000000.0,17968.324594665744
7381,1000000.0,0.0,1000000.0,1000000.0,17968.295077299652
7382,1000000.0,0.0,1000000.0,1000000.0,17968.26556003051
7383,1000000.0,0.0,1000000.0,1000000.0,17968.23604285833
7384,927115.1830092929,0.0,927115.1830092929,927115.1830092929,16787.195566866605
7385,874116.1171415909,0.0,874116.1171415909,874116.1171415909,15919.772982404029
7386,872994.2300317187,0.0,872994.2300317187,872994.2300317187,15901.30450519402
7387,875371.7781037291,0.0,875371.7781037291,875371.7781037291,15940.358002240477
7388,869615.5061545531,0.0,869615.5061545531,869615.5061545531,15845.690004569546
7389,872736.8682345274,0.0,872736.8682345274,872736.8682345274,15896.995012563622
7390,872762.9332507387,0.0,872762.9332507387,872762.9332507387,15897.397433168953
7391,874341.959587996,0.0,874341.959587996,874341.959587996,15923.328238325048
7392,848334.8805185913,0.0,848334.8805185913,848334.8805185913,15494.873506671429
7393,873027.5226204577,0.0,873027.5226204577,873027.5226204577,15901.627994371702
7394,878306.1702733004,0.0,878306.1702733004,878306.1702733004,15988.344335511954
7395,879022.8658188415,0.0,879022.8658188415,879022.8658188415,16000.089480060027
7396,879022.8658188415,0.0,879022.8658188415,879022.8658188415,16000.063202590529
7397,879022.8658188415,0.0,879022.8658188415,879022.8658188415,16000.036925207321
7398,879022.8658188415,0.0,879022.8658188415,879022.8658188415,16000.010647910405
7399,1000000.0,0.0,1000000.0,1000000.0,17967.723895125317
7400,1000000.0,0.0,1000000.0,1000000.0,17967.694379732333
7401,1000000.0,0.0,1000000.0,1000000.0,17967.6648644363
7402,1000000.0,0.0,1000000.0,1000000.0,17967.635349237218
7403,1000000.0,0.0,1000000.0,1000000.0,17967.605834135087
7404,1000000.0,0.0,1000000.0,1000000.0,17967.576319129905
7405,1000000.0,0.0,1000000.0,1000000.0,17967.546804221663
7406,926366.7623833016,0.0,926366.7623833016,926366.7623833016,16774.349759192723
7407,947497.1945273592,0.0,947497.1945273592,947497.1945273592,17118.124750365903
7408,1000000.0,0.0,1000000.0,1000000.0,17967.458659771248
7409,934870.3140121504,0.0,934870.3140121504,934870.3140121504,16912.7616190265
7410,870866.6688164865,0.0,870866.6688164865,870866.6688164865,15865.650787180428
7411,860785.4757246114,0.0,860785.4757246114,860785.4757246114,15699.697112777807
7412,874170.579623385,0.0,874170.579623385,874170.579623385,15919.917720669504
7413,271780.4431007311,0.0,271780.4431007311,271780.4431007311,5416.613639017335
7414,567596.6134716895,0.0,567596.6134716895,567596.6134716895,10740.871061842125
7415,271123.46932464646,0.0,271123.46932464646,271123.46932464646,5404.3077535422435
7416,266705.23897724756,0.0,266705.23897724756,266705.23897724756,5321.598548443338
7417,127552.8834494315,0.0,127552.8834494315,127552.8834494315,2628.769253148885
7418,855577.3963320877,0.0,855577.3963320877,855577.3963320877,15204.505267908818
7419,875686.7200544712,0.0,875686.7200544712,875686.7200544712,15944.486579083417
7420,879022.8658188415,0.0,879022.8658188415,879022.8658188415,15999.26441137358
7421,878181.6350552763,0.0,878181.6350552763,878181.6350552763,15985.421812375558
7422,862020.4735083292,0.0,862020.4735083292,862020.4735083292,15719.59224843041
7423,1000000.0,0.0,1000000.0,1000000.0,17966.83852012888
7424,1000000.0,0.0,1000000.0,1000000.0,17966.809007641186
7425,1000000.0,0.0,1000000.0,1000000.0,17966.779495250434
7426,1000000.0,0.0,1000000.0,1000000.0,17966.74998295661
7427,1000000.0,0.0,1000000.0,1000000.0,17966.720470759727
7428,1000000.0,0.0,1000000.0,1000000.0,17966.69095865978
7429,1000000.0,0.0,1000000.0,1000000.0,17966.66144665676
7430,1000000.0,0.0,1000000.0,1000000.0,17966.631934750676
7431,1000000.0,0.0,1000000.0,1000000.0,17966.602422941523
7432,974617.977731906,0.0,974617.977731906,974617.977731906,17556.831420400747
7433,433194.75712963584,0.0,433194.75712963584,433194.75712963584,8368.430901175214
7434,273235.1001038432,0.0,273235.1001038432,273235.1001038432,5443.54380775852
7435,455533.1691260938,0.0,455533.1691260938,455533.1691260938,8767.588668216358
7436,429042.9453438888,0.0,429042.9453438888,429042.9453438888,8293.96748508939
7437,338667.12907395605,0.0,338667.12907395605,338667.12907395605,6654.983378372879
7438,377022.41991605255,0.0,377022.41991605255,377022.41991605255,7355.10543655905
7439,315976.8957568495,0.0,315976.8957568495,315976.8957568495,6237.397554619945
7440,205827.4324147291,0.0,205827.4324147291,205827.4324147291,4169.571517858596
7441,128731.60824093923,0.0,128731.60824093923,128731.60824093923,2651.736592403578
7442,85338.04965444379,0.0,85338.04965444379,85338.04965444379,1755.9627284954674
7443,42799.95806745409,0.0,42799.95806745409,42799.95806745409,881.646300523043
7444,33274.40019880294,0.0,33274.40019880294,33274.40019880294,686.5915683757786
7445,46994.946409444994,0.0,46994.946409444994,46994.946409444994,931.2349065216845
7446,36995.457966377224,0.0,36995.457966377224,36995.457966377224,759.1831452484258
7447,165038.63023104824,0.0,165038.63023104824,165038.63023104824,2938.382467152575
7448,428445.3023265458,0.0,428445.3023265458,428445.3023265458,8282.60757052714
7449,614294.4080120199,0.0,614294.4080120199,614294.4080120199,11547.854950996489
7450,488455.9583393148,0.0,488455.9583393148,488455.9583393148,9351.440098469204
7451,582089.5522388059,0.0,582089.5522388059,582089.5522388059,10991.17985590901
7452,546766.7748691977,0.0,546766.7748691977,546766.7748691977,10376.398240837516
7453,469890.624145149,0.0,469890.624145149,469890.624145149,9022.28830767468
7454,411083.3465898714,0.0,411083.3465898714,411083.3465898714,7970.488287900211
7455,305836.14233495586,0.0,305836.14233495586,305836.14233495586,6049.406747123683
7456,268766.03264710575,0.0,268766.03264710575,268766.03264710575,5359.429612367116
7457,66680.23773151862,0.0,66680.23773151862,66680.23773151862,1374.3655930554175
7458,131620.75413844688,0.0,131620.75413844688,131620.75413844688,2482.8017439695054
7459,188470.93417096566,0.0,188470.93417096566,188470.93417096566,3735.6095836156974
7460,305542.8916768646,0.0,305542.8916768646,305542.8916768646,6043.664138640957
7461,463304.0446656212,0.0,463304.0446656212,463304.0446656212,8904.705075456975
7462,655226.8623341548,0.0,655226.8623341548,655226.8623341548,12249.459728191656
7463,781032.2781821006,0.0,781032.2781821006,781032.2781821006,14374.252701254454
7464,864068.7999510614,0.0,864068.7999510614,864068.7999510614,15750.786696354146
7465,872178.0549286099,0.0,872178.0549286099,872178.0549286099,15884.15838524648
7466,873131.3635255434,0.0,873131.3635255434,873131.3635255434,15899.80246273973
7467,869653.2976076482,0.0,869653.2976076482,869653.2976076482,15842.593234429169
7468,874627.9201260554,0.0,874627.9201260554,874627.9201260554,15924.345085681307
7469,873928.2750135192,0.0,873928.2750135192,873928.2750135192,15912.821551299472
7470,872337.2781468597,0.0,872337.2781468597,872337.2781468597,15886.645386017439
7471,1000000.0,0.0,1000000.0,1000000.0,17963.8160656273
7472,1000000.0,0.0,1000000.0,1000000.0,17963.786563058806
7473,1000000.0,0.0,1000000.0,1000000.0,17963.757060587202
7474,987952.3018419126,0.0,987952.3018419126,987952.3018419126,17769.46669965167
7475,1000000.0,0.0,1000000.0,1000000.0,17963.69809364137
7476,1000000.0,0.0,1000000.0,1000000.0,17963.66859146029
7477,1000000.0,0.0,1000000.0,1000000.0,17963.639089376105
7478,1000000.0,0.0,1000000.0,1000000.0,17963.609587388804
7479,1000000.0,0.0,1000000.0,1000000.0,17963.580085498386
7480,956294.750779863,0.0,956294.750779863,956294.750779863,17257.12848693841
7481,875654.0047862431,0.0,875654.0047862431,875654.0047862431,15940.860847488966
7482,878486.133752071,0.0,878486.133752071,878486.133752071,15987.353185208012
7483,879022.8658188415,0.0,879022.8658188415,879022.8658188415,15996.140448119502
7484,879022.8658188415,0.0,879022.8658188415,879022.8658188415,15996.114183607004
7485,879022.8658188415,0.0,879022.8658188415,879022.8658188415,15996.08791918073
7486,879022.8658188415,0.0,879022.8658188415,879022.8658188415,15996.06165484069
7487,879022.8658188415,0.0,879022.8658188415,879022.8658188415,15996.035390586867
7488,879022.8658188415,0.0,879022.8658188415,879022.8658188415,15996.009126419274
7489,879022.8658188415,0.0,879022.8658188415,879022.8658188415,15995.982862337907
7490,879022.8658188415,0.0,879022.8658188415,879022.8658188415,15995.95659834276
7491,879022.8658188415,0.0,879022.8658188415,879022.8658188415,15995.93033443384
7492,879022.8658188415,0.0,879022.8658188415,879022.8658188415,15995.90407061115
7493,879022.8658188415,0.0,879022.8658188415,879022.8658188415,15995.877806874676
7494,879022.8658188415,0.0,879022.8658188415,879022.8658188415,15995.85154322443
7495,1000000.0,0.0,1000000.0,1000000.0,17963.11365571427
7496,1000000.0,0.0,1000000.0,1000000.0,17963.084155452456
7497,1000000.0,0.0,1000000.0,1000000.0,17963.054655287524
7498,1000000.0,0.0,1000000.0,1000000.0,17963.02515521946
7499,1000000.0,0.0,1000000.0,1000000.0,17962.995655248276
7500,1000000.0,0.0,1000000.0,1000000.0,17962.966155373964
7501,1000000.0,0.0,1000000.0,1000000.0,17962.93665559652
7502,841962.565504303,0.0,841962.565504303,841962.565504303,15385.249227455051
7503,737206.3609700003,0.0,737206.3609700003,737206.3609700003,13638.700483934676
7504,627908.95542997,0.0,627908.95542997,627908.95542997,11780.523463732126
7505,336617.2185945148,0.0,336617.2185945148,336617.2185945148,6615.907129568306
7506,575148.3304340714,0.0,575148.3304340714,575148.3304340714,10869.267603742608
7507,823933.1707058693,0.0,823933.1707058693,823933.1707058693,15086.801524761662
7508,867585.331327083,0.0,867585.331327083,867585.331327083,15807.51130525666
7509,874326.687713308,0.0,874326.687713308,874326.687713308,15918.321662256449
7510,877384.3723777037,0.0,877384.3723777037,877384.3723777037,15968.526869716075
7511,874859.7747817053,0.0,874859.7747817053,874859.7747817053,15927.028697379832
7512,868918.6009402164,0.0,868918.6009402164,868918.6009402164,15829.337768946461
7513,872344.707705914,0.0,872344.707705914,872344.707705914,15885.643936266395
7514,872805.0533772579,0.0,872805.0533772579,872805.0533772579,15893.184425865822
7515,868474.6036948755,0.0,868474.6036948755,868474.6036948755,15821.95724286369
7516,856151.5547166012,0.0,856151.5547166012,856151.5547166012,15619.035686693576
7517,561837.4766042592,0.0,561837.4766042592,561837.4766042592,10637.629556643242
7518,277907.50733160245,0.0,277907.50733160245,277907.50733160245,5529.430061086031
7519,232014.12207011253,0.0,232014.12207011253,232014.12207011253,4666.7755861237165
7520,472485.08529188787,0.0,472485.08529188787,472485.08529188787,9066.939867936519
7521,572032.7082539955,0.0,572032.7082539955,572032.7082539955,10814.881881649599
7522,562893.0377623148,0.0,562893.0377623148,562893.0377623148,10655.920587255903
7523,582917.0026802482,0.0,582917.0026802482,582917.0026802482,11003.739365946542
7524,189225.1454548625,0.0,189225.1454548625,189225.1454548625,3850.100634779258
7525,302518.8611060306,0.0,302518.8611060306,302518.8611060306,5986.968487646421
7526,642581.3260406199,0.0,642581.3260406199,642581.3260406199,12031.797997672753
7527,614758.3786623394,0.0,614758.3786623394,614758.3786623394,11553.8681556369
7528,525276.8592341873,0.0,525276.8592341873,525276.8592341873,9998.445122364481
7529,248395.35775062186,0.0,248395.35775062186,248395.35775062186,4976.071672270571
7530,420330.8984246367,0.0,420330.8984246367,420330.8984246367,8135.44204848221
7531,723109.4345536632,0.0,723109.4345536632,723109.4345536632,13400.569164280085
7532,774830.0414178588,0.0,774830.0414178588,774830.0414178588,14269.019725415135
7533,802656.3401419667,0.0,802656.3401419667,802656.3401419667,14732.941952216815
7534,867534.3549956288,0.0,867534.3549956288,867534.3549956288,15806.020389320622
7535,874880.4806209883,0.0,874880.4806209883,874880.4806209883,15926.764443541999
7536,876916.0934138765,0.0,876916.0934138765,876916.0934138765,15960.177675810299
7537,878487.9609997226,0.0,878487.9609997226,878487.9609997226,15985.965104762896
7538,874581.9115370662,0.0,874581.9115370662,874581.9115370662,15921.780402832004
7539,851034.2664713499,0.0,851034.2664713499,851034.2664713499,15534.092446382565
7540,769249.6018031852,0.0,769249.6018031852,769249.6018031852,14175.51508811043
7541,760823.0385692419,0.0,760823.0385692419,760823.0385692419,14034.407994960111
7542,732641.8783794922,0.0,732641.8783794922,732641.8783794922,13560.99946422333
7543,782988.5327258998,0.0,782988.5327258998,782988.5327258998,14405.019624075405
7544,993543.980834363,0.0,993543.980834363,993543.980834363,17857.67300282541
7545,732320.52035016,0.0,732320.52035016,732320.52035016,13555.519776633011
7546,571189.7819142782,0.0,571189.7819142782,571189.7819142782,10799.787172367101
7547,636023.5123600367,0.0,636023.5123600367,636023.5123600367,11918.975779154169
7548,730120.8614868706,0.0,730120.8614868706,730120.8614868706,13518.400231756184
7549,684162.904584522,0.0,684162.904584522,684162.904584522,12740.755000809679
7550,625319.6305569264,0.0,625319.6305569264,625319.6305569264,11735.137755683525
7551,560822.102771055,0.0,560822.102771055,560822.102771055,10619.351824206185
7552,442800.85501368175,0.0,442800.85501368175,442800.85501368175,8537.76539844172
7553,80933.1025900194,0.0,80933.1025900194,80933.1025900194,1669.3377167995604
7554,66815.9351172866,0.0,66815.9351172866,66815.9351172866,1376.7754319777125
7555,64368.2056135146,0.0,64368.2056135146,64368.2056135146,1328.8264604917376
7556,61190.8576728663,0.0,61190.8576728663,61190.8576728663,1258.246222133215
7557,37286.96503360985,0.0,37286.96503360985,37286.96503360985,764.6923352919666
7558,0.0,0.0,0.0,0.0,-0.0
7559,0.0,0.0,0.0,0.0,-0.0
7560,0.0,0.0,0.0,0.0,-0.0
7561,15172.097478916932,0.0,15172.097478916932,15172.097478916932,252.1620002673574
7562,609874.9386075654,0.0,609874.9386075654,609874.9386075654,9657.976937355956
7563,512495.6908293452,0.0,512495.6908293452,512495.6908293452,9772.661627809475
7564,787210.642186387,0.0,787210.642186387,787210.642186387,14474.046909579818
7565,877117.4999840884,0.0,877117.4999840884,877117.4999840884,15961.7371001588
7566,878974.1677226074,0.0,878974.1677226074,878974.1677226074,15992.19688970335
7567,970975.2227090657,0.0,970975.2227090657,970975.2227090657,17491.424829533382
7568,1000000.0,0.0,1000000.0,1000000.0,17959.919431972216
7569,1000000.0,0.0,1000000.0,1000000.0,17959.889942199407
7570,1000000.0,0.0,1000000.0,1000000.0,17959.860452523422
7571,1000000.0,0.0,1000000.0,1000000.0,17959.830962944263
7572,1000000.0,0.0,1000000.0,1000000.0,17959.801473461925
7573,1000000.0,0.0,1000000.0,1000000.0,17959.77198407641
7574,1000000.0,0.0,1000000.0,1000000.0,17959.742494787715
7575,1000000.0,0.0,1000000.0,1000000.0,17959.71300559584
7576,1000000.0,0.0,1000000.0,1000000.0,17959.68351650079
7577,995477.6371086058,0.0,995477.6371086058,995477.6371086058,17886.790251420593
7578,781090.3042748169,0.0,781090.3042748169,781090.3042748169,14371.594309694812
7579,789560.7659277268,0.0,789560.7659277268,789560.7659277268,14512.864624339374
7580,754126.0057030006,0.0,754126.0057030006,754126.0057030006,13920.34747759002
7581,811250.4360669254,0.0,811250.4360669254,811250.4360669254,14873.664079089676
7582,730762.1129034342,0.0,730762.1129034342,730762.1129034342,13527.57798016872
7583,729418.3472198782,0.0,729418.3472198782,729418.3472198782,13504.91766629416
7584,588022.5494939241,0.0,588022.5494939241,588022.5494939241,11090.344511112675
7585,478068.17676690867,0.0,478068.17676690867,478068.17676690867,9164.363689247306
7586,303895.1231502801,0.0,303895.1231502801,303895.1231502801,6011.404285096905
7587,119258.16718172838,0.0,119258.16718172838,119258.16718172838,2457.77937681283
7588,45439.48600079542,0.0,45439.48600079542,45439.48600079542,932.7636931306138
7589,0.0,0.0,0.0,0.0,-0.0
7590,0.0,0.0,0.0,0.0,-0.0
7591,206228.6860319238,0.0,206228.6860319238,206228.6860319238,3479.220558734725
7592,527174.9814444587,0.0,527174.9814444587,527174.9814444587,10029.29709850456
7593,582089.5522388059,0.0,582089.5522388059,582089.5522388059,10986.630978857624
7594,582089.5522388059,0.0,582089.5522388059,582089.5522388059,10986.612955667133
7595,582089.5522388059,0.0,582089.5522388059,582089.5522388059,10986.594932535743
7596,582089.5522388059,0.0,582089.5522388059,582089.5522388059,10986.576909463458
7597,598872.9131116975,0.0,598872.9131116975,598872.9131116975,11276.987692815243
7598,619589.0369165082,0.0,619589.0369165082,619589.0369165082,11634.100309263013
7599,628853.7250675171,0.0,628853.7250675171,628853.7250675171,11793.321579519785
7600,553043.5030208093,0.0,553043.5030208093,553043.5030208093,10481.508274979939
7601,215263.150921934,0.0,215263.150921934,215263.150921934,4347.342958283998
7602,241493.20866682418,0.0,241493.20866682418,241493.20866682418,4844.599972129601
7603,601004.4055782771,0.0,601004.4055782771,601004.4055782771,11313.69279026329
7604,777573.0025940911,0.0,777573.0025940911,777573.0025940911,14311.29769726648
7605,839415.0237305441,0.0,839415.0237305441,839415.0237305441,15338.609540187581
7606,875465.1407615532,0.0,875465.1407615532,875465.1407615532,15932.481399263463
7607,879022.8658188415,0.0,879022.8658188415,879022.8658188415,15990.872961909974
7608,879022.8658188415,0.0,879022.8658188415,879022.8658188415,15990.84671468852
7609,879022.8658188415,0.0,879022.8658188415,879022.8658188415,15990.8204675532
7610,879022.8658188415,0.0,879022.8658188415,879022.8658188415,15990.794220504029
7611,878955.3001306995,0.0,878955.3001306995,878955.3001306995,15989.658873043722
7612,879022.8658188415,0.0,879022.8658188415,879022.8658188415,15990.741726865463
7613,879022.8658188415,0.0,879022.8658188415,879022.8658188415,15990.715480074708
7614,879022.8658188415,0.0,879022.8658188415,879022.8658188415,15990.689233370096
7615,893706.5297936867,0.0,893706.5297936867,893706.5297936867,16231.404472555969
7616,980220.9922461502,0.0,980220.9922461502,980220.9922461502,17638.351753052666
7617,1000000.0,0.0,1000000.0,1000000.0,17957.332896610355
7618,1000000.0,0.0,1000000.0,1000000.0,17957.303415329476
7619,1000000.0,0.0,1000000.0,1000000.0,17957.273934145378
7620,1000000.0,0.0,1000000.0,1000000.0,17957.24445305806
7621,1000000.0,0.0,1000000.0,1000000.0,17957.214972067526
7622,1000000.0,0.0,1000000.0,1000000.0,17957.185491173772
7623,1000000.0,0.0,1000000.0,1000000.0,17957.1560103768
7624,1000000.0,0.0,1000000.0,1000000.0,17957.126529676603
7625,1000000.0,0.0,1000000.0,1000000.0,17957.09704907318
7626,918061.0596535876,0.0,918061.0596535876,918061.0596535876,16629.133723962448
7627,879022.8658188415,0.0,879022.8658188415,879022.8658188415,15990.344430223946
7628,879022.8658188415,0.0,879022.8658188415,879022.8658188415,15990.318184737072
7629,879022.8658188415,0.0,879022.8658188415,879022.8658188415,15990.29193933633
7630,879022.8658188415,0.0,879022.8658188415,879022.8658188415,15990.265694021726
7631,879022.8658188415,0.0,879022.8658188415,879022.8658188415,15990.239448793258
7632,879022.8658188415,0.0,879022.8658188415,879022.8658188415,15990.213203650912
7633,879022.8658188415,0.0,879022.8658188415,879022.8658188415,15990.186958594706
7634,879022.8658188415,0.0,879022.8658188415,879022.8658188415,15990.160713624628
7635,879022.8658188415,0.0,879022.8658188415,879022.8658188415,15990.134468740676
7636,879022.8658188415,0.0,879022.8658188415,879022.8658188415,15990.108223942863
7637,877252.8321660694,0.0,877252.8321660694,877252.8321660694,15961.023657592883
7638,877627.5239124548,0.0,877627.5239124548,877627.5239124548,15967.149405577737
7639,1000000.0,0.0,1000000.0,1000000.0,17956.689258240014
7640,1000000.0,0.0,1000000.0,1000000.0,17956.659779072048
7641,1000000.0,0.0,1000000.0,1000000.0,17956.63030000086
7642,1000000.0,0.0,1000000.0,1000000.0,17956.60082102644
7643,1000000.0,0.0,1000000.0,1000000.0,17956.571342148793
7644,850844.8105566145,0.0,850844.8105566145,850844.8105566145,15526.292692927816
7645,896528.5632829068,0.0,896528.5632829068,896528.5632829068,16276.800816926676
7646,983499.3067097634,0.0,983499.3067097634,983499.3067097634,17690.42624885508
7647,1000000.0,0.0,1000000.0,1000000.0,17956.45429154235
7648,1000000.0,0.0,1000000.0,1000000.0,17956.424813145717
7649,1000000.0,0.0,1000000.0,1000000.0,17956.395334845845
7650,886051.6237917334,0.0,886051.6237917334,886051.6237917334,16105.04191098191
7651,879022.8658188415,0.0,879022.8658188415,879022.8658188415,15989.711479500735
7652,879022.8658188415,0.0,879022.8658188415,879022.8658188415,15989.685236091063
7653,879022.8658188415,0.0,879022.8658188415,879022.8658188415,15989.65899276752
7654,879022.8658188415,0.0,879022.8658188415,879022.8658188415,15989.632749530092
7655,879022.8658188415,0.0,879022.8658188415,879022.8658188415,15989.606506378794
7656,879022.8658188415,0.0,879022.8658188415,879022.8658188415,15989.580263313612
7657,879022.8658188415,0.0,879022.8658188415,879022.8658188415,15989.554020334559
7658,879022.8658188415,0.0,879022.8658188415,879022.8658188415,15989.527777441624
7659,879022.8658188415,0.0,879022.8658188415,879022.8658188415,15989.501534634808
7660,879022.8658188415,0.0,879022.8658188415,879022.8658188415,15989.475291914112
7661,879022.8658188415,0.0,879022.8658188415,879022.8658188415,15989.449049279538
7662,879022.8658188415,0.0,879022.8658188415,879022.8658188415,15989.422806731076
7663,983772.9260913786,0.0,983772.9260913786,983772.9260913786,17694.35389291981
7664,1000000.0,0.0,1000000.0,1000000.0,17955.95824384215
7665,1000000.0,0.0,1000000.0,1000000.0,17955.928767073852
7666,1000000.0,0.0,1000000.0,1000000.0,17955.899290402314
7667,1000000.0,0.0,1000000.0,1000000.0,17955.869813827536
7668,1000000.0,0.0,1000000.0,1000000.0,17955.840337349513
7669,1000000.0,0.0,1000000.0,1000000.0,17955.81086096825
7670,1000000.0,0.0,1000000.0,1000000.0,17955.78138468375
7671,1000000.0,0.0,1000000.0,1000000.0,17955.751908496
7672,1000000.0,0.0,1000000.0,1000000.0,17955.72243240501
7673,1000000.0,0.0,1000000.0,1000000.0,17955.692956410778
7674,921553.3709175673,0.0,921553.3709175673,921553.3709175673,16684.764999697996
7675,879022.8658188415,0.0,879022.8658188415,879022.8658188415,15989.077731464176
7676,879022.8658188415,0.0,879022.8658188415,879022.8658188415,15989.051490134243
7677,879022.8658188415,0.0,879022.8658188415,879022.8658188415,15989.025248890428
7678,879022.8658188415,0.0,879022.8658188415,879022.8658188415,15988.999007732722
7679,879022.8658188415,0.0,879022.8658188415,879022.8658188415,15988.972766661125
7680,879022.8658188415,0.0,879022.8658188415,879022.8658188415,15988.946525675643
7681,879022.8658188415,0.0,879022.8658188415,879022.8658188415,15988.920284776272
7682,879022.8658188415,0.0,879022.8658188415,879022.8658188415,15988.894043963013
7683,879022.8658188415,0.0,879022.8658188415,879022.8658188415,15988.867803235864
7684,873956.817775892,0.0,873956.817775892,873956.817775892,15905.656309771386
7685,873017.0549634263,0.0,873017.0549634263,873017.0549634263,15890.19153279205
7686,879022.8658188415,0.0,879022.8658188415,879022.8658188415,15988.789114607076
7687,1000000.0,0.0,1000000.0,1000000.0,17955.28524419363
7688,1000000.0,0.0,1000000.0,1000000.0,17955.255769634463
7689,1000000.0,0.0,1000000.0,1000000.0,17955.22629517205
7690,1000000.0,0.0,1000000.0,1000000.0,17955.196820806384
7691,1000000.0,0.0,1000000.0,1000000.0,17955.167346537466
7692,919025.8053221658,0.0,919025.8053221658,919025.8053221658,16643.064249618852
7693,904023.836946412,0.0,904023.836946412,904023.836946412,16398.1076773241
7694,993402.4004961296,0.0,993402.4004961296,993402.4004961296,17848.786996538787
7695,844135.7688837859,0.0,844135.7688837859,844135.7688837859,15414.28630358857
7696,604977.7534861423,0.0,604977.7534861423,604977.7534861423,11380.470009226041
7697,348882.86959684244,0.0,348882.86959684244,348882.86959684244,6837.38566700424
7698,281500.97673885024,0.0,281500.97673885024,281500.97673885024,5593.86812441865
7699,165140.65482863536,0.0,165140.65482863536,165140.65482863536,3382.7562284986907
7700,95286.18350342529,0.0,95286.18350342529,95286.18350342529,1957.2862611739822
7701,106046.54000552838,0.0,106046.54000552838,106046.54000552838,2127.792726019363
7702,87059.39950311393,0.0,87059.39950311393,87059.39950311393,1788.2972061779337
7703,130306.5188003282,0.0,130306.5188003282,130306.5188003282,2513.503129901983
7704,573364.8317011995,0.0,573364.8317011995,573364.8317011995,10549.062006974473
7705,639899.7614038124,0.0,639899.7614038124,639899.7614038124,11980.181581340916
7706,774978.6024302756,0.0,774978.6024302756,774978.6024302756,14264.979230216552
7707,743591.4111034194,0.0,743591.4111034194,743591.4111034194,13739.114290181018
7708,576154.0202964761,0.0,576154.0202964761,576154.0202964761,10881.119096474862
7709,554050.8603038051,0.0,554050.8603038051,554050.8603038051,10496.698564704464
7710,532234.2568180147,0.0,532234.2568180147,532234.2568180147,10115.515186856092
7711,505786.98158792173,0.0,505786.98158792173,505786.98158792173,9651.04076309308
7712,504810.9877355944,0.0,504810.9877355944,504810.9877355944,9633.833897033162
7713,444096.2501786079,0.0,444096.2501786079,444096.2501786079,8557.007015546995
7714,532374.4641642078,0.0,532374.4641642078,532374.4641642078,10117.90443450455
7715,501867.6621705617,0.0,501867.6621705617,501867.6621705617,9581.921199861094
7716,568071.3742202084,0.0,568071.3742202084,568071.3742202084,10740.61538524981
7717,639891.7651734733,0.0,639891.7651734733,639891.7651734733,11979.81112008537
7718,457400.6804962458,0.0,457400.6804962458,457400.6804962458,8794.165360953804
7719,184247.25554775365,0.0,184247.25554775365,184247.25554775365,3752.178936353989
7720,150254.82126534026,0.0,150254.82126534026,150254.82126534026,3084.9334585099614
7721,159932.35094020775,0.0,159932.35094020775,159932.35094020775,3252.5324456790954
7722,211815.86447685905,0.0,211815.86447685905,211815.86447685905,4280.504853735437
7723,349351.7296767316,0.0,349351.7296767316,349351.7296767316,6845.346855249566
7724,314716.7572225837,0.0,314716.7572225837,314716.7572225837,6209.227276739446
7725,527736.1625954594,0.0,527736.1625954594,527736.1625954594,10036.428249533008
7726,513688.3509521212,0.0,513688.3509521212,513688.3509521212,9789.807078609629
7727,694940.5140582785,0.0,694940.5140582785,694940.5140582785,12917.635920407623
7728,472951.88421144796,0.0,472951.88421144796,472951.88421144796,9070.336944594308
7729,818031.0642971378,0.0,818031.0642971378,818031.0642971378,14980.896256259175
7730,870424.7372826984,0.0,870424.7372826984,870424.7372826984,15845.75034748537
7731,872324.5118227699,0.0,872324.5118227699,872324.5118227699,15876.941974609812
7732,873387.4852231218,0.0,873387.4852231218,873387.4852231218,15894.378692113209
7733,868921.0549710699,0.0,868921.0549710699,868921.0549710699,15820.956502405603
7734,869958.0942985321,0.0,869958.0942985321,869958.0942985321,15837.976851464226
7735,950102.3247264093,0.0,950102.3247264093,950102.3247264093,17146.657173276908
7736,1000000.0,0.0,1000000.0,1000000.0,17953.11135113216
7737,1000000.0,0.0,1000000.0,1000000.0,17953.081883701387
7738,1000000.0,0.0,1000000.0,1000000.0,17953.052416367333
7739,1000000.0,0.0,1000000.0,1000000.0,17953.02294912999
7740,1000000.0,0.0,1000000.0,1000000.0,17952.993481989357
7741,1000000.0,0.0,1000000.0,1000000.0,17952.964014945435
7742,1000000.0,0.0,1000000.0,1000000.0,17952.934547998233
7743,1000000.0,0.0,1000000.0,1000000.0,17952.90508114774
7744,1000000.0,0.0,1000000.0,1000000.0,17952.875614393954
7745,998897.7348210093,0.0,998897.7348210093,998897.7348210093,17935.097124706648
7746,878886.0064796932,0.0,878886.0064796932,878886.0064796932,15984.289880816958
7747,879022.8658188415,0.0,879022.8658188415,879022.8658188415,15986.50969678923
7748,879022.8658188415,0.0,879022.8658188415,879022.8658188415,15986.483463879546
7749,879022.8658188415,0.0,879022.8658188415,879022.8658188415,15986.457231055938
7750,879022.8658188415,0.0,879022.8658188415,879022.8658188415,15986.430998318398
7751,879022.8658188415,0.0,879022.8658188415,879022.8658188415,15986.404765666928
7752,879022.8658188415,0.0,879022.8658188415,879022.8658188415,15986.378533101528
7753,879022.8658188415,0.0,879022.8658188415,879022.8658188415,15986.352300622195
7754,879022.8658188415,0.0,879022.8658188415,879022.8658188415,15986.326068228936
7755,879022.8658188415,0.0,879022.8658188415,879022.8658188415,15986.299835921745
7756,879022.8658188415,0.0,879022.8658188415,879022.8658188415,15986.273603700623
7757,879022.8658188415,0.0,879022.8658188415,879022.8658188415,15986.24737156557
7758,879022.8658188415,0.0,879022.8658188415,879022.8658188415,15986.221139516585
7759,908405.5646835393,0.0,908405.5646835393,908405.5646835393,16467.23393254224
7760,1000000.0,0.0,1000000.0,1000000.0,17952.409497227316
7761,1000000.0,0.0,1000000.0,1000000.0,17952.380032100024
7762,1000000.0,0.0,1000000.0,1000000.0,17952.350567069443
7763,1000000.0,0.0,1000000.0,1000000.0,17952.32110213556
7764,1000000.0,0.0,1000000.0,1000000.0,17952.291637298375
7765,1000000.0,0.0,1000000.0,1000000.0,17952.262172557897
7766,1000000.0,0.0,1000000.0,1000000.0,17952.23270791411
7767,1000000.0,0.0,1000000.0,1000000.0,17952.203243367032
7768,1000000.0,0.0,1000000.0,1000000.0,17952.17377891665
7769,957312.3712297683,0.0,957312.3712297683,957312.3712297683,17262.613310829587
7770,879022.8658188415,0.0,879022.8658188415,879022.8658188415,15985.9028969858
7771,879022.8658188415,0.0,879022.8658188415,879022.8658188415,15985.876666067028
7772,879022.8658188415,0.0,879022.8658188415,879022.8658188415,15985.850435234312
7773,879022.8658188415,0.0,879022.8658188415,879022.8658188415,15985.824204487657
7774,879022.8658188415,0.0,879022.8658188415,879022.8658188415,15985.79797382707
7775,879022.8658188415,0.0,879022.8658188415,879022.8658188415,15985.771743252533
7776,879022.8658188415,0.0,879022.8658188415,879022.8658188415,15985.745512764064
7777,879022.8658188415,0.0,879022.8658188415,879022.8658188415,15985.719282361653
7778,879022.8658188415,0.0,879022.8658188415,879022.8658188415,15985.693052045295
7779,879022.8658188415,0.0,879022.8658188415,879022.8658188415,15985.666821815004
7780,879022.8658188415,0.0,879022.8658188415,879022.8658188415,15985.64059167077
7781,879022.8658188415,0.0,879022.8658188415,879022.8658188415,15985.614361612596
7782,878126.2180298197,0.0,878126.2180298197,878126.2180298197,15970.87277452499
7783,882714.0550167839,0.0,882714.0550167839,882714.0550167839,16046.116997886344
7784,896732.4396314522,0.0,896732.4396314522,896732.4396314522,16275.732921607469
7785,1000000.0,0.0,1000000.0,1000000.0,17951.678782516232
7786,1000000.0,0.0,1000000.0,1000000.0,17951.64931978705
7787,1000000.0,0.0,1000000.0,1000000.0,17951.61985715456
7788,1000000.0,0.0,1000000.0,1000000.0,17951.590394618765
7789,467680.64095331845,0.0,467680.64095331845,467680.64095331845,8975.814787735238
7790,748105.8026841293,0.0,748105.8026841293,748105.8026841293,13812.953598422037
7791,602697.3408158971,0.0,602697.3408158971,602697.3408158971,11338.79265469224
7792,370249.3381028521,0.0,370249.3381028521,370249.3381028521,7225.434574565279
7793,0.0,0.0,0.0,0.0,-0.0
7794,78778.59328836843,0.0,78778.59328836843,78778.59328836843,1348.1831195842765
7795,501857.6753164726,0.0,501857.6753164726,501857.6753164726,8741.61287758327
7796,879022.8658188415,0.0,879022.8658188415,879022.8658188415,15984.119240151924
7797,877530.3802982836,0.0,877530.3802982836,877530.3802982836,15959.59989255689
7798,877174.9851178823,0.0,877174.9851178823,877174.9851178823,15953.740451789112
7799,877955.8419937624,0.0,877955.8419937624,877955.8419937624,15966.530353041922
7800,879022.8658188415,0.0,879022.8658188415,879022.8658188415,15984.01435352944
7801,879022.8658188415,0.0,879022.8658188415,879022.8658188415,15983.988128806584
7802,879022.8658188415,0.0,879022.8658188415,879022.8658188415,15983.961904169757
7803,879022.8658188415,0.0,879022.8658188415,879022.8658188415,15983.935679618964
7804,879022.8658188415,0.0,879022.8658188415,879022.8658188415,15983.909455154197
7805,879022.8658188415,0.0,879022.8658188415,879022.8658188415,15983.883230775464
7806,879022.8658188415,0.0,879022.8658188415,879022.8658188415,15983.857006482758
7807,884803.2673847651,0.0,884803.2673847651,884803.2673847651,16078.634629414812
7808,1000000.0,0.0,1000000.0,1000000.0,17949.7890072996
7809,1000000.0,0.0,1000000.0,1000000.0,17949.759550772073
7810,1000000.0,0.0,1000000.0,1000000.0,17949.730094341205
7811,960276.695676545,0.0,960276.695676545,960276.695676545,17308.27627881907
7812,936469.0778671677,0.0,936469.0778671677,936469.0778671677,16921.925365005023
7813,930185.3898489787,0.0,930185.3898489787,930185.3898489787,16819.69164022178
7814,908647.2741916534,0.0,908647.2741916534,908647.2741916534,16468.56350091958
7815,1000000.0,0.0,1000000.0,1000000.0,17949.583651123852
7816,1000000.0,0.0,1000000.0,1000000.0,17949.554195270186
7817,887931.5244197524,0.0,887931.5244197524,887931.5244197524,16129.636608663055
7818,831203.3372660228,0.0,831203.3372660228,831203.3372660228,15195.764264301024
7819,751450.8601639136,0.0,751450.8601639136,751450.8601639136,13867.441041940923
7820,842673.7327942989,0.0,842673.7327942989,842673.7327942989,15385.253673031199
7821,863708.5508440494,0.0,863708.5508440494,863708.5508440494,15731.860783582655
7822,806237.9507483174,0.0,806237.9507483174,806237.9507483174,14781.847184489032
7823,691374.5399859651,0.0,691374.5399859651,691374.5399859651,12854.151081716163
7824,812551.3495820004,0.0,812551.3495820004,812551.3495820004,14886.6153283985
7825,817948.8326104102,0.0,817948.8326104102,817948.8326104102,14976.11037536423
7826,764942.3078562025,0.0,764942.3078562025,764942.3078562025,14093.295789085249
7827,821016.2096568352,0.0,821016.2096568352,821016.2096568352,15026.897945370103
7828,842325.1277209922,0.0,842325.1277209922,842325.1277209922,15379.297801356566
7829,873292.4622670524,0.0,873292.4622670524,873292.4622670524,15889.184061137945
7830,877720.5824450932,0.0,877720.5824450932,877720.5824450932,15961.857399948152
7831,870632.4321696108,0.0,870632.4321696108,870632.4321696108,15845.434906690782
7832,885965.4049775188,0.0,885965.4049775188,885965.4049775188,16097.024285902566
7833,864221.2105525975,0.0,864221.2105525975,864221.2105525975,15739.985164563954
7834,907466.567743703,0.0,907466.567743703,907466.567743703,16448.74507203455
7835,966797.9482590187,0.0,966797.9482590187,966797.9482590187,17413.16776107668
7836,1000000.0,0.0,1000000.0,1000000.0,17948.9749363094
7837,1000000.0,0.0,1000000.0,1000000.0,17948.945482453146
7838,1000000.0,0.0,1000000.0,1000000.0,17948.91602869354
7839,974039.74876345,0.0,974039.74876345,974039.74876345,17530.157795838186
7840,992835.094427516,0.0,992835.094427516,992835.094427516,17833.455402027485
7841,856346.146438182,0.0,856346.146438182,856346.146438182,15610.161225688726
7842,872946.1658902038,0.0,872946.1658902038,872946.1658902038,15883.155600326272
7843,851956.0067497912,0.0,851956.0067497912,851956.0067497912,15537.779096062606
7844,834935.0675924215,0.0,834935.0675924215,834935.0675924215,15256.81543606555
7845,862217.1926851531,0.0,862217.1926851531,862217.1926851531,15706.705507090164
7846,864613.9128673978,0.0,864613.9128673978,864613.9128673978,15746.106295986567
7847,846287.3143647342,0.0,846287.3143647342,846287.3143647342,15444.202813027608
7848,762040.983668151,0.0,762040.983668151,762040.983668151,14044.223013108875
7849,667137.3414836032,0.0,667137.3414836032,667137.3414836032,12441.619457517783
7850,624646.2445715949,0.0,624646.2445715949,624646.2445715949,11714.709747465997
7851,607367.3366915307,0.0,607367.3366915307,607367.3366915307,11417.364295776068
7852,367435.6357818844,0.0,367435.6357818844,367435.6357818844,7172.97317846714
7853,443292.0284299651,0.0,443292.0284299651,443292.0284299651,8539.896054923953
7854,649184.9546528627,0.0,649184.9546528627,649184.9546528627,12135.143953199968
7855,417062.0728849314,0.0,417062.0728849314,417062.0728849314,8070.045512164628
7856,569750.1949596995,0.0,569750.1949596995,569750.1949596995,10766.39244862616
7857,472487.5912647572,0.0,472487.5912647572,472487.5912647572,9059.418968782911
7858,536391.9957195254,0.0,536391.9957195254,536391.9957195254,10184.930696298852
7859,333380.14519601886,0.0,333380.14519601886,333380.14519601886,6550.669705782534
7860,518211.12144672463,0.0,518211.12144672463,518211.12144672463,9866.278299145706
7861,332250.93914425967,0.0,332250.93914425967,332250.93914425967,6529.919892180024
7862,187429.51298330148,0.0,187429.51298330148,187429.51298330148,3812.14278672229
7863,581870.9916207159,0.0,581870.9916207159,581870.9916207159,10976.537799230884
7864,438571.207487263,0.0,438571.207487263,438571.207487263,8455.399445538173
7865,53848.26118245212,0.0,53848.26118245212,53848.26118245212,1105.0952230233265
7866,4211.728100952779,0.0,4211.728100952779,4211.728100952779,-0.0
7867,0.0,0.0,0.0,0.0,-0.0
7868,0.0,0.0,0.0,0.0,-0.0
7869,0.0,0.0,0.0,0.0,-0.0
7870,0.0,0.0,0.0,0.0,-0.0
7871,0.0,0.0,0.0,0.0,-0.0
7872,0.0,0.0,0.0,0.0,-0.0
7873,0.0,0.0,0.0,0.0,-0.0
7874,0.0,0.0,0.0,0.0,-0.0
7875,26974.489649787905,0.0,26974.489649787905,26974.489649787905,461.6243916131342
7876,0.0,0.0,0.0,0.0,-0.0
7877,38646.766185738656,0.0,38646.766185738656,38646.766185738656,658.5935036754336
7878,493.5037102587683,0.0,493.5037102587683,493.5037102587683,-0.0
7879,85173.9448142852,0.0,85173.9448142852,85173.9448142852,1458.849876289972
7880,501849.74882235983,0.0,501849.74882235983,501849.74882235983,8823.533620797534
7881,224328.76331357524,0.0,224328.76331357524,224328.76331357524,4516.482191444828
7882,49364.90154359172,0.0,49364.90154359172,49364.90154359172,1017.4266435943147
7883,54497.07550266171,0.0,54497.07550266171,54497.07550266171,1117.4995961976024
7884,78397.51304833755,0.0,78397.51304833755,78397.51304833755,1520.5893700822794
7885,63731.97749946709,0.0,63731.97749946709,63731.97749946709,1315.0298060890425
7886,65266.05954487613,0.0,65266.05954487613,65266.05954487613,1345.0875479919114
7887,26706.231857706993,0.0,26706.231857706993,26706.231857706993,548.6284159531137
7888,39159.21158250561,0.0,39159.21158250561,39159.21158250561,766.8220018855742
7889,0.0,0.0,0.0,0.0,-0.0
7890,47151.06331957349,0.0,47151.06331957349,47151.06331957349,804.2135086142109
7891,144654.1820930884,0.0,144654.1820930884,144654.1820930884,2616.4418206135692
7892,238249.19592683006,0.0,238249.19592683006,238249.19592683006,4737.758852259029
7893,533701.5978815353,0.0,533701.5978815353,533701.5978815353,10135.66077458896
7894,781878.0102680756,0.0,781878.0102680756,781878.0102680756,14372.448847602322
7895,787897.809053642,0.0,787897.809053642,787897.809053642,14472.770954970996
7896,786333.9187231107,0.0,786333.9187231107,786333.9187231107,14446.65087859507
7897,812582.4750372843,0.0,812582.4750372843,812582.4750372843,14883.057303201287
7898,850478.2042633576,0.0,850478.2042633576,850478.2042633576,15509.652272351908
7899,867040.631683716,0.0,867040.631683716,867040.631683716,15782.236063954566
7900,875466.163583548,0.0,875466.163583548,875466.163583548,15920.602125295458
7901,875169.8753437334,0.0,875169.8753437334,875169.8753437334,15915.712664732282
7902,877088.5940943912,0.0,877088.5940943912,877088.5940943912,15947.176624121872
7903,937393.7603000582,0.0,937393.7603000582,937393.7603000582,16931.889840523767
7904,1000000.0,0.0,1000000.0,1000000.0,17944.307345606463
7905,1000000.0,0.0,1000000.0,1000000.0,17944.27790707276
7906,1000000.0,0.0,1000000.0,1000000.0,17944.248468635637
7907,1000000.0,0.0,1000000.0,1000000.0,17944.219030295084
7908,1000000.0,0.0,1000000.0,1000000.0,17944.1895920511
7909,1000000.0,0.0,1000000.0,1000000.0,17944.16015390369
7910,1000000.0,0.0,1000000.0,1000000.0,17944.130715852847
7911,1000000.0,0.0,1000000.0,1000000.0,17944.10127789858
7912,1000000.0,0.0,1000000.0,1000000.0,17944.071840040873
7913,1000000.0,0.0,1000000.0,1000000.0,17944.042402279738
7914,884694.3323371657,0.0,884694.3323371657,884694.3323371657,16071.584609875632
7915,879022.8658188415,0.0,879022.8658188415,879022.8658188415,15978.567490852454
7916,879022.8658188415,0.0,879022.8658188415,879022.8658188415,15978.541284003231
7917,879022.8658188415,0.0,879022.8658188415,879022.8658188415,15978.515077239948
7918,879022.8658188415,0.0,879022.8658188415,879022.8658188415,15978.48887056261
7919,879022.8658188415,0.0,879022.8658188415,879022.8658188415,15978.46266397122
7920,878989.7587772086,0.0,878989.7587772086,878989.7587772086,15977.893375718399
7921,848046.3968394946,0.0,848046.3968394946,848046.3968394946,15468.973200507733
7922,802141.8128651124,0.0,802141.8128651124,802141.8128651124,14709.089386728832
7923,717918.5771101791,0.0,717918.5771101791,717918.5771101791,13298.91824996067
7924,496688.6712861272,0.0,496688.6712861272,496688.6712861272,9484.904025968017
7925,215995.08678723287,0.0,215995.08678723287,215995.08678723287,4357.41991706239
7926,228846.28813125077,0.0,228846.28813125077,228846.28813125077,4601.344368163927
7927,78812.29955466407,0.0,78812.29955466407,78812.29955466407,1617.702070682255
7928,612848.6542196264,0.0,612848.6542196264,612848.6542196264,10501.226530562355
7929,613842.1419564444,0.0,613842.1419564444,613842.1419564444,11525.132611367302
7930,582089.5522388059,0.0,582089.5522388059,582089.5522388059,10976.914454855198
7931,582089.5522388059,0.0,582089.5522388059,582089.5522388059,10976.896463510357
7932,582089.5522388059,0.0,582089.5522388059,582089.5522388059,10976.878472224462
7933,582089.5522388059,0.0,582089.5522388059,582089.5522388059,10976.860480997511
7934,622292.4456704479,0.0,622292.4456704479,622292.4456704479,11670.34285986618
7935,595147.5151525184,0.0,595147.5151525184,595147.5151525184,11202.690124943403
7936,220758.6838345544,0.0,220758.6838345544,220758.6838345544,4447.702196281632
7937,151144.11125767065,0.0,151144.11125767065,151144.11125767065,3107.4413556568875
7938,268135.1477918869,0.0,268135.1477918869,268135.1477918869,5340.250085161385
7939,376668.08809004666,0.0,376668.08809004666,376668.08809004666,7338.113219990057
7940,439573.15377543244,0.0,439573.15377543244,439573.15377543244,8470.493549906316
7941,586364.440458479,0.0,586364.440458479,586364.440458479,11050.730000021596
7942,656410.1136322703,0.0,656410.1136322703,656410.1136322703,12254.399105561493
7943,735952.0003624443,0.0,735952.0003624443,735952.0003624443,13601.715715929222
7944,740351.9492402558,0.0,740351.9492402558,740351.9492402558,13675.64466465269
7945,734859.330472747,0.0,734859.330472747,734859.330472747,13583.29712986297
7946,791528.355545982,0.0,791528.355545982,791528.355545982,14531.459254140951
7947,758948.3503863427,0.0,758948.3503863427,758948.3503863427,13987.482151224249
7948,743068.8700535103,0.0,743068.8700535103,743068.8700535103,13721.189145758244
7949,785773.6292712314,0.0,785773.6292712314,785773.6292712314,14435.535217561352
7950,836582.9247165176,0.0,836582.9247165176,836582.9247165176,15278.511666673598
7951,826932.9844444228,0.0,826932.9844444228,826932.9844444228,15118.94639878656
7952,1000000.0,0.0,1000000.0,1000000.0,17942.294581165057
7953,1000000.0,0.0,1000000.0,1000000.0,17942.265149228413
7954,1000000.0,0.0,1000000.0,1000000.0,17942.2357173883
7955,1000000.0,0.0,1000000.0,1000000.0,17942.206285644726
7956,1000000.0,0.0,1000000.0,1000000.0,17942.17685399769
7957,1000000.0,0.0,1000000.0,1000000.0,17942.147422447197
7958,1000000.0,0.0,1000000.0,1000000.0,17942.11799099323
7959,957646.6301083525,0.0,957646.6301083525,957646.6301083525,17258.314511849087
7960,751437.8561626861,0.0,751437.8561626861,751437.8561626861,13861.33837256972
7961,323919.89538991655,0.0,323919.89538991655,323919.89538991655,6374.363562865233
7962,516939.91785590927,0.0,516939.91785590927,516939.91785590927,9840.293265671822
7963,485564.6209006014,0.0,485564.6209006014,485564.6209006014,9287.498011090247
7964,492938.0989573268,0.0,492938.0989573268,492938.0989573268,9417.733693293654
7965,827180.6828487196,0.0,827180.6828487196,827180.6828487196,15122.69916378942
7966,873832.295824688,0.0,873832.295824688,873832.295824688,15891.507531864074
7967,874446.9134645142,0.0,874446.9134645142,874446.9134645142,15901.57063278956
7968,874658.7116338237,0.0,874658.7116338237,874658.7116338237,15905.021053688
7969,838771.5364454878,0.0,838771.5364454878,838771.5364454878,15314.183766043774
7970,816106.5643018727,0.0,816106.5643018727,816106.5643018727,14939.177566317318
7971,845546.9149301712,0.0,845546.9149301712,845546.9149301712,15425.948751823915
7972,861682.9537263463,0.0,861682.9537263463,861682.9537263463,15691.706387733238
7973,863942.8081924948,0.0,863942.8081924948,863942.8081924948,15728.846351575341
7974,863685.8765164698,0.0,863685.8765164698,863685.8765164698,15724.59575573195
7975,861061.5166192632,0.0,861061.5166192632,861061.5166192632,15681.406566616239
7976,1000000.0,0.0,1000000.0,1000000.0,17941.60245526714
7977,1000000.0,0.0,1000000.0,1000000.0,17941.57302560068
7978,1000000.0,0.0,1000000.0,1000000.0,17941.54359603074
7979,1000000.0,0.0,1000000.0,1000000.0,17941.514166557336
7980,1000000.0,0.0,1000000.0,1000000.0,17941.484737180454
7981,1000000.0,0.0,1000000.0,1000000.0,17941.4553079001
7982,1000000.0,0.0,1000000.0,1000000.0,17941.42587871627
7983,1000000.0,0.0,1000000.0,1000000.0,17941.396449628963
7984,1000000.0,0.0,1000000.0,1000000.0,17941.367020638183
7985,874800.3895603836,0.0,874800.3895603836,874800.3895603836,15906.900327311841
7986,874839.3678201869,0.0,874839.3678201869,874839.3678201869,15907.513994043682
7987,877395.7979768672,0.0,877395.7979768672,877395.7979768672,15949.437669066268
7988,879022.8658188415,0.0,879022.8658188415,879022.8658188415,15976.101656596073
7989,879022.8658188415,0.0,879022.8658188415,879022.8658188415,15976.075457827852
7990,879022.8658188415,0.0,879022.8658188415,879022.8658188415,15976.04925914553
7991,879022.8658188415,0.0,879022.8658188415,879022.8658188415,15976.02306054911
7992,879022.8658188415,0.0,879022.8658188415,879022.8658188415,15975.996862038593
7993,879022.8658188415,0.0,879022.8658188415,879022.8658188415,15975.970663613984
7994,879022.8658188415,0.0,879022.8658188415,879022.8658188415,15975.94446527527
7995,879022.8658188415,0.0,879022.8658188415,879022.8658188415,15975.918267022462
7996,879022.8658188415,0.0,879022.8658188415,879022.8658188415,15975.892068855554
7997,879022.8658188415,0.0,879022.8658188415,879022.8658188415,15975.865870774547
7998,879022.8658188415,0.0,879022.8658188415,879022.8658188415,15975.839672779439
7999,879022.8658188415,0.0,879022.8658188415,879022.8658188415,15975.81347487023
8000,1000000.0,0.0,1000000.0,1000000.0,17940.90201357976
8001,1000000.0,0.0,1000000.0,1000000.0,17940.87258621067
8002,1000000.0,0.0,1000000.0,1000000.0,17940.843158938093
8003,1000000.0,0.0,1000000.0,1000000.0,17940.813731762035
8004,1000000.0,0.0,1000000.0,1000000.0,17940.784304682496
8005,1000000.0,0.0,1000000.0,1000000.0,17940.754877699466
8006,1000000.0,0.0,1000000.0,1000000.0,17940.725450812955
8007,1000000.0,0.0,1000000.0,1000000.0,17940.696024022956
8008,1000000.0,0.0,1000000.0,1000000.0,17940.666597329473
8009,969698.8150898425,0.0,969698.8150898425,969698.8150898425,17451.927568804134
8010,872559.8537007998,0.0,872559.8537007998,872559.8537007998,15869.464905459286
8011,878600.6629340458,0.0,878600.6629340458,878600.6629340458,15968.570894290777
8012,879022.8658188415,0.0,879022.8658188415,879022.8658188415,15975.469521631072
8013,879022.8658188415,0.0,879022.8658188415,879022.8658188415,15975.443324935524
8014,879022.8658188415,0.0,879022.8658188415,879022.8658188415,15975.417128325877
8015,879022.8658188415,0.0,879022.8658188415,879022.8658188415,15975.390931802116
8016,879022.8658188415,0.0,879022.8658188415,879022.8658188415,15975.364735364248
8017,879022.8658188415,0.0,879022.8658188415,879022.8658188415,15975.338539012273
8018,879022.8658188415,0.0,879022.8658188415,879022.8658188415,15975.31234274619
8019,879022.8658188415,0.0,879022.8658188415,879022.8658188415,15975.286146565995
8020,878229.3729864416,0.0,878229.3729864416,878229.3729864416,15962.245134321756
8021,856519.2153819039,0.0,856519.2153819039,856519.2153819039,15605.467222633195
8022,740198.6367098322,0.0,740198.6367098322,740198.6367098322,13671.29187863216
8023,775725.5661450365,0.0,775725.5661450365,775725.5661450365,14266.185317920748
8024,858042.1073436971,0.0,858042.1073436971,858042.1073436971,15630.457858032307
8025,768521.1214571148,0.0,768521.1214571148,768521.1214571148,14145.80182570765
8026,669283.1532547541,0.0,669283.1532547541,669283.1532547541,12472.064866259047
8027,418167.30360802764,0.0,418167.30360802764,418167.30360802764,8085.859280523988
8028,303906.6524165339,0.0,303906.6524165339,303906.6524165339,6004.488380266891
8029,317787.29123855836,0.0,317787.29123855836,317787.29123855836,6260.707264066
8030,389572.71054210915,0.0,389572.71054210915,389572.71054210915,7570.637820161998
8031,368719.4151005801,0.0,368719.4151005801,368719.4151005801,7192.6099691537565
8032,600433.6148575088,0.0,600433.6148575088,600433.6148575088,11292.114721011427
8033,658836.3837368994,0.0,658836.3837368994,658836.3837368994,12293.9239966592
8034,798680.1544528807,0.0,798680.1544528807,798680.1544528807,14648.326298775539
8035,874591.3106049073,0.0,874591.3106049073,874591.3106049073,15902.173869759303
8036,879022.8658188415,0.0,879022.8658188415,879022.8658188415,15974.854005581647
8037,879022.8658188415,0.0,879022.8658188415,879022.8658188415,15974.827810904211
8038,879022.8658188415,0.0,879022.8658188415,879022.8658188415,15974.80161631266
8039,873917.5989380473,0.0,873917.5989380473,873917.5989380473,15891.011689102179
8040,875325.4351690165,0.0,875325.4351690165,875325.4351690165,15914.091455489619
8041,831790.8504432554,0.0,831790.8504432554,831790.8504432554,15197.048829212625
8042,875498.6882371304,0.0,875498.6882371304,875498.6882371304,15916.882498224768
8043,873948.483295308,0.0,873948.483295308,873948.483295308,15891.414518579324
8044,873640.0317291517,0.0,873640.0317291517,873640.0317291517,15886.32540143099
8045,877131.6306324711,0.0,877131.6306324711,877131.6306324711,15943.596861205531
8046,876515.3492341973,0.0,876515.3492341973,876515.3492341973,15933.459887561135
8047,879022.8658188415,0.0,879022.8658188415,879022.8658188415,15974.566092035033
8048,1000000.0,0.0,1000000.0,1000000.0,17939.519302014232
8049,1000000.0,0.0,1000000.0,1000000.0,17939.48987918003
8050,1000000.0,0.0,1000000.0,1000000.0,17939.460456442317
8051,1000000.0,0.0,1000000.0,1000000.0,17939.431033801095
8052,888105.9871548758,0.0,888105.9871548758,888105.9871548758,16123.286854323296
8053,807400.7616661115,0.0,807400.7616661115,807400.7616661115,14792.732034086219
8054,842494.8198773456,0.0,842494.8198773456,842494.8198773456,15373.499986030687
8055,752212.22856503,0.0,752212.22856503,752212.22856503,13872.139053214252
8056,613958.6048241841,0.0,613958.6048241841,613958.6048241841,11524.68163678699
8057,357295.34347617027,0.0,357295.34347617027,357295.34347617027,6984.350264207054
8058,431640.4998210842,0.0,431640.4998210842,431640.4998210842,8326.933610957336
8059,748110.4353134121,0.0,748110.4353134121,748110.4353134121,13803.272202883698
8060,708375.9353947086,0.0,708375.9353947086,708375.9353947086,13134.321150799502
8061,797747.1328827885,0.0,797747.1328827885,797747.1328827885,14632.164216904244
8062,769111.951378813,0.0,769111.951378813,769111.951378813,14154.82204903522
8063,878051.2800726331,0.0,878051.2800726331,878051.2800726331,15958.216987892574
8064,879022.8658188415,0.0,879022.8658188415,879022.8658188415,15974.084730309889
8065,879022.8658188415,0.0,879022.8658188415,879022.8658188415,15974.058538154535
8066,879022.8658188415,0.0,879022.8658188415,879022.8658188415,15974.032346085052
8067,879022.8658188415,0.0,879022.8658188415,879022.8658188415,15974.006154101444
8068,879022.8658188415,0.0,879022.8658188415,879022.8658188415,15973.9799622037
8069,879022.8658188415,0.0,879022.8658188415,879022.8658188415,15973.953770391834
8070,879022.8658188415,0.0,879022.8658188415,879022.8658188415,15973.92757866583
8071,879022.8658188415,0.0,879022.8658188415,879022.8658188415,15973.9013870257
8072,1000000.0,0.0,1000000.0,1000000.0,17938.782481509916
8073,1000000.0,0.0,1000000.0,1000000.0,17938.753061092066
8074,1000000.0,0.0,1000000.0,1000000.0,17938.72364077069
8075,1000000.0,0.0,1000000.0,1000000.0,17938.694220545807
8076,1000000.0,0.0,1000000.0,1000000.0,17938.6648004174
8077,1000000.0,0.0,1000000.0,1000000.0,17938.635380385476
8078,747133.2057074757,0.0,747133.2057074757,747133.2057074757,13786.405796013254
8079,759266.2375248859,0.0,759266.2375248859,759266.2375248859,13989.711647711749
8080,896721.6640685233,0.0,896721.6640685233,896721.6640685233,16263.493602183673
8081,325271.569322774,0.0,325271.569322774,325271.569322774,6397.847091601927
8082,419557.8144120217,0.0,419557.8144120217,419557.8144120217,8110.02950333556
8083,873740.4026696594,0.0,873740.4026696594,873740.4026696594,15886.92280277509
8084,879022.8658188415,0.0,879022.8658188415,879022.8658188415,15973.563203871305
8085,879022.8658188415,0.0,879022.8658188415,879022.8658188415,15973.537013425754
8086,879022.8658188415,0.0,879022.8658188415,879022.8658188415,15973.510823066064
8087,879022.8658188415,0.0,879022.8658188415,879022.8658188415,15973.484632792237
8088,879022.8658188415,0.0,879022.8658188415,879022.8658188415,15973.458442604271
8089,879022.8658188415,0.0,879022.8658188415,879022.8658188415,15973.432252502165
8090,879022.8658188415,0.0,879022.8658188415,879022.8658188415,15973.40606248592
8091,879022.8658188415,0.0,879022.8658188415,879022.8658188415,15973.379872555543
8092,879022.8658188415,0.0,879022.8658188415,879022.8658188415,15973.353682711015
8093,879022.8658188415,0.0,879022.8658188415,879022.8658188415,15973.327492952354
8094,879022.8658188415,0.0,879022.8658188415,879022.8658188415,15973.301303279548
8095,879022.8658188415,0.0,879022.8658188415,879022.8658188415,15973.275113692602
8096,1000000.0,0.0,1000000.0,1000000.0,17938.08826190818
8097,1000000.0,0.0,1000000.0,1000000.0,17938.058843766932
8098,1000000.0,0.0,1000000.0,1000000.0,17938.029425722158
8099,972375.4768948837,0.0,972375.4768948837,972375.4768948837,17492.609993616443
8100,1000000.0,0.0,1000000.0,1000000.0,17937.970676432044
8101,1000000.0,0.0,1000000.0,1000000.0,17937.941258676397
8102,975101.0641327868,0.0,975101.0641327868,975101.0641327868,17536.551824454946
8103,630708.9092224851,0.0,630708.9092224851,630708.9092224851,11811.444224628001
8104,624743.7600727451,0.0,624743.7600727451,624743.7600727451,11709.075684376197
8105,218616.1424317997,0.0,218616.1424317997,218616.1424317997,4405.636612950156
8106,411525.89009916614,0.0,411525.89009916614,411525.89009916614,7965.410164321624
8107,571167.2986111406,0.0,571167.2986111406,571167.2986111406,10784.274171608171
8108,230789.0289407996,0.0,230789.0289407996,230789.0289407996,4636.404665433728
8109,100372.26475964741,0.0,100372.26475964741,100372.26475964741,2062.629741390745
8110,75357.18826613188,0.0,75357.18826613188,75357.18826613188,1549.807777868782
8111,0.0,0.0,0.0,0.0,-0.0
8112,475838.4984525546,0.0,475838.4984525546,475838.4984525546,7593.62071084162
8113,741565.3275196173,0.0,741565.3275196173,741565.3275196173,13691.209718512344
8114,840490.6851041554,0.0,840490.6851041554,840490.6851041554,15337.833406264639
8115,870257.1462368094,0.0,870257.1462368094,870257.1462368094,15827.827264741223
8116,873651.8429127834,0.0,873651.8429127834,873651.8429127834,15883.530958202684
8117,875576.8635137153,0.0,875576.8635137153,875576.8635137153,15915.09343256702
8118,874739.2171626552,0.0,874739.2171626552,874739.2171626552,15901.323285485705
8119,873094.550492443,0.0,873094.550492443,873094.550492443,15874.306126584737
8120,873570.8025140748,0.0,873570.8025140748,873570.8025140748,15882.09675174997
8121,891195.1558344046,0.0,891195.1558344046,891195.1558344046,16170.905845770705
8122,998056.5429991912,0.0,998056.5429991912,998056.5429991912,17904.86199919979
8123,849513.1113311795,0.0,849513.1113311795,849513.1113311795,15486.39057990762
8124,992769.1762292256,0.0,992769.1762292256,992769.1762292256,17819.683340412386
8125,800605.2878517064,0.0,800605.2878517064,800605.2878517064,14677.080406784587
8126,692559.7605083634,0.0,692559.7605083634,692559.7605083634,12864.341637610574
8127,562528.8449444681,0.0,562528.8449444681,562528.8449444681,10633.109266054835
8128,618685.2472477924,0.0,618685.2472477924,618685.2472477924,11603.718943993375
8129,500054.37475597876,0.0,500054.37475597876,500054.37475597876,9539.834014329275
8130,531315.2060786291,0.0,531315.2060786291,531315.2060786291,10088.671544969688
8131,492792.8071057111,0.0,492792.8071057111,492792.8071057111,9411.774149012803
8132,743618.563803097,0.0,743618.563803097,743618.563803097,13725.251667329165
8133,476697.2814205479,0.0,476697.2814205479,476697.2814205479,9127.228163359989
8134,176181.74540150687,0.0,176181.74540150687,176181.74540150687,3592.395352174423
8135,828732.757030751,0.0,828732.757030751,828732.757030751,15143.081224188398
8136,469713.01654418703,0.0,469713.01654418703,469713.01654418703,9003.406539079724
8137,839510.8311161812,0.0,839510.8311161812,839510.8311161812,15321.092825645042
8138,667304.2965636465,0.0,667304.2965636465,667304.2965636465,12435.158405024273
8139,858291.188634597,0.0,858291.188634597,858291.188634597,15630.531592623427
8140,790508.0972675302,0.0,790508.0972675302,790508.0972675302,14508.80735488707
8141,748172.0427386647,0.0,748172.0427386647,748172.0427386647,13801.449456892966
8142,859322.1225447978,0.0,859322.1225447978,859322.1225447978,15647.416138711553
8143,833490.5601177025,0.0,833490.5601177025,833490.5601177025,15221.525642888364
8144,1000000.0,0.0,1000000.0,1000000.0,17935.509232068347
8145,1000000.0,0.0,1000000.0,1000000.0,17935.47982238416
8146,1000000.0,0.0,1000000.0,1000000.0,17935.45041279641
8147,1000000.0,0.0,1000000.0,1000000.0,17935.42100330509
8148,1000000.0,0.0,1000000.0,1000000.0,17935.39159391019
8149,1000000.0,0.0,1000000.0,1000000.0,17935.362184611717
8150,1000000.0,0.0,1000000.0,1000000.0,17935.33277540968
8151,958439.7038357259,0.0,958439.7038357259,958439.7038357259,17264.59926727248
8152,759948.6950108894,0.0,759948.6950108894,759948.6950108894,13998.486974629692
8153,538549.0434385973,0.0,538549.0434385973,538549.0434385973,10214.756591176549
8154,715112.4876548476,0.0,715112.4876548476,715112.4876548476,13245.055600722178
8155,807353.5236482284,0.0,807353.5236482284,807353.5236482284,14788.424705798307
8156,870648.0471785686,0.0,870648.0471785686,870648.0471785686,15833.194291310121
8157,872984.082963398,0.0,872984.082963398,872984.082963398,15871.516887461652
8158,873926.0384247089,0.0,873926.0384247089,873926.0384247089,15886.949875691464
8159,870595.4192073131,0.0,870595.4192073131,870595.4192073131,15832.252296686122
8160,860322.9862305167,0.0,860322.9862305167,860322.9862305167,15663.416168613323
8161,856762.8686728708,0.0,856762.8686728708,856762.8686728708,15604.818657945001
8162,844178.9927900628,0.0,844178.9927900628,844178.9927900628,15397.480635493153
8163,792047.0251629945,0.0,792047.0251629945,792047.0251629945,14533.866809873321
8164,733853.5822893281,0.0,733853.5822893281,733853.5822893281,13560.486079695576
8165,589003.4838628551,0.0,589003.4838628551,589003.4838628551,11091.379145023231
8166,500817.29084703635,0.0,500817.29084703635,500817.29084703635,9552.672870075166
8167,556401.6477034232,0.0,556401.6477034232,556401.6477034232,10525.819946882653
8168,458584.12614501856,0.0,458584.12614501856,458584.12614501856,8805.28800473361
8169,423564.1643158161,0.0,423564.1643158161,423564.1643158161,8180.076331175984
8170,524487.4338680191,0.0,524487.4338680191,524487.4338680191,9968.437814697329
8171,487056.69254495157,0.0,487056.69254495157,487056.69254495157,9309.863610050186
8172,496702.61155543424,0.0,496702.61155543424,496702.61155543424,9480.075229287382
8173,395592.100429891,0.0,395592.100429891,395592.100429891,7676.904295338038
8174,330223.07390658185,0.0,330223.07390658185,330223.07390658185,6487.2788284902435
8175,132017.28870297916,0.0,132017.28870297916,132017.28870297916,2710.5119499753378
8176,208874.92556945945,0.0,208874.92556945945,208874.92556945945,4108.85342646835
8177,34536.337064247855,0.0,34536.337064247855,34536.337064247855,709.8757888668371
8178,0.0,0.0,0.0,0.0,-0.0
8179,0.0,0.0,0.0,0.0,-0.0
8180,0.0,0.0,0.0,0.0,-0.0
8181,0.0,0.0,0.0,0.0,-0.0
8182,0.0,0.0,0.0,0.0,-0.0
8183,0.0,0.0,0.0,0.0,-0.0
8184,0.0,0.0,0.0,0.0,-0.0
8185,4878.653791208483,0.0,4878.653791208483,4878.653791208483,-0.0
8186,22871.91777384471,0.0,22871.91777384471,22871.91777384471,385.93369008977277
8187,280219.2713546072,0.0,280219.2713546072,280219.2713546072,4733.421672340622
8188,411391.1728045609,0.0,411391.1728045609,411391.1728045609,7960.722533842582
8189,555125.7430775809,0.0,555125.7430775809,555125.7430775809,10502.499431843822
8190,736541.0207188107,0.0,736541.0207188107,736541.0207188107,13604.169564356383
8191,862195.956337307,0.0,862195.956337307,862195.956337307,15692.393467367268
8192,1000000.0,0.0,1000000.0,1000000.0,17932.962639681562
8193,1000000.0,0.0,1000000.0,1000000.0,17932.93323834386
8194,1000000.0,0.0,1000000.0,1000000.0,17932.90383710254
8195,1000000.0,0.0,1000000.0,1000000.0,17932.874435957616
8196,1000000.0,0.0,1000000.0,1000000.0,17932.845034909074
8197,1000000.0,0.0,1000000.0,1000000.0,17932.81563395692
8198,1000000.0,0.0,1000000.0,1000000.0,17932.786233101153
8199,1000000.0,0.0,1000000.0,1000000.0,17932.756832341773
8200,1000000.0,0.0,1000000.0,1000000.0,17932.727431678777
8201,940599.9791752651,0.0,940599.9791752651,940599.9791752651,16972.894493411794
8202,874114.1005548575,0.0,874114.1005548575,874114.1005548575,15887.850444445408
8203,872613.2970161419,0.0,872613.2970161419,872613.2970161419,15863.196485994999
8204,794874.8936505509,0.0,794874.8936505509,794874.8936505509,14578.959680312291
8205,582643.9810450552,0.0,582643.9810450552,582643.9810450552,10979.869338832154
8206,284401.61644281226,0.0,284401.61644281226,284401.61644281226,5640.082041683556
8207,130802.48312996032,0.0,130802.48312996032,130802.48312996032,2686.4837243223265
8208,69541.54838955884,0.0,69541.54838955884,69541.54838955884,1427.406929408235
8209,41322.1518720916,0.0,41322.1518720916,41322.1518720916,850.9404495749352
8210,85085.2627546356,0.0,85085.2627546356,85085.2627546356,1601.8799020137544
8211,298485.1659495379,0.0,298485.1659495379,298485.1659495379,5436.620517846503
8212,478895.95522806054,0.0,478895.95522806054,478895.95522806054,9163.804799811269
8213,647262.1433459359,0.0,647262.1433459359,647262.1433459359,12090.344306109815
8214,666491.1878266537,0.0,666491.1878266537,666491.1878266537,12418.275842276986
8215,694822.90778494,0.0,694822.90778494,694822.90778494,12899.264638794639
8216,1000000.0,0.0,1000000.0,1000000.0,17931.403185729134
8217,843049.425608463,0.0,843049.425608463,843049.425608463,15375.699067035279
8218,715906.7834687959,0.0,715906.7834687959,715906.7834687959,13255.499328112373
8219,506144.7907088359,0.0,506144.7907088359,506144.7907088359,9644.418033283735
8220,960210.0865920081,0.0,960210.0865920081,960210.0865920081,17289.37039393181
8221,944242.4714575747,0.0,944242.4714575747,944242.4714575747,17030.631508275183
8222,888437.556418003,0.0,888437.556418003,888437.556418003,16121.281557919381
8223,771036.698067478,0.0,771036.698067478,771036.698067478,14180.558777640705
8224,663970.3602745412,0.0,663970.3602745412,663970.3602745412,12375.146123573719
8225,311569.1661472137,0.0,311569.1661472137,311569.1661472137,6142.683697063336
8226,371402.7867060313,0.0,371402.7867060313,371402.7867060313,7237.460072502091
8227,593718.0991517691,0.0,593718.0991517691,593718.0991517691,11170.358147213465
8228,604846.0585080596,0.0,604846.0585080596,604846.0585080596,11362.287547395148
8229,474564.9584766755,0.0,474564.9584766755,474564.9584766755,9086.867955832873
8230,499395.4608690603,0.0,499395.4608690603,499395.4608690603,9525.441067710055
8231,502299.5521857207,0.0,502299.5521857207,502299.5521857207,9576.564054613516
8232,365603.59512807743,0.0,365603.59512807743,365603.59512807743,7132.013297988412
8233,296911.5203580108,0.0,296911.5203580108,296911.5203580108,5871.646411462358
8234,353657.46229813434,0.0,353657.46229813434,353657.46229813434,6914.468594132747
8235,234274.78222998555,0.0,234274.78222998555,234274.78222998555,4700.278123095578
8236,164796.08957740094,0.0,164796.08957740094,164796.08957740094,3370.853496652863
8237,170726.92910790333,0.0,170726.92910790333,170726.92910790333,3485.7932728370083
8238,128650.22896246615,0.0,128650.22896246615,128650.22896246615,2644.1666640736453
8239,70604.76609741627,0.0,70604.76609741627,70604.76609741627,1447.9687206910235
8240,462156.51577894395,0.0,462156.51577894395,462156.51577894395,8012.777592813844
8241,579583.3619716302,0.0,579583.3619716302,579583.3619716302,10925.19528217123
8242,582089.5522388059,0.0,582089.5522388059,582089.5522388059,10968.566403086963
8243,582089.5522388059,0.0,582089.5522388059,582089.5522388059,10968.548439074273
8244,616664.7003572404,0.0,616664.7003572404,616664.7003572404,11564.87816320568
8245,645596.9814748834,0.0,645596.9814748834,645596.9814748834,12060.736158765387
8246,699711.98321897,0.0,699711.98321897,699711.98321897,12980.801341411321
8247,774426.6960894372,0.0,774426.6960894372,774426.6960894372,14236.000158190745
8248,751809.8719833251,0.0,751809.8719833251,751809.8719833251,13857.8017165316
8249,779183.4531264738,0.0,779183.4531264738,779183.4531264738,14315.297735388045
8250,870452.1804785259,0.0,870452.1804785259,870452.1804785259,15825.093740873412
8251,873145.8938890515,0.0,873145.8938890515,873145.8938890515,15869.275978056516
8252,874651.5736811351,0.0,874651.5736811351,874651.5736811351,15893.95199456387
8253,876808.6375360133,0.0,876808.6375360133,876808.6375360133,15929.303769117634
8254,878986.7243754157,0.0,878986.7243754157,878986.7243754157,15964.987478467612
8255,878898.0184953758,0.0,878898.0184953758,878898.0184953758,15963.50723107835
8256,878617.717422739,0.0,878617.717422739,878617.717422739,15958.886187708873
8257,879022.8658188415,0.0,879022.8658188415,879022.8658188415,15965.501419903405
8258,878889.2088076815,0.0,878889.2088076815,878889.2088076815,15963.284338623678
8259,876310.4984628189,0.0,876310.4984628189,876310.4984628189,15920.978362843189
8260,870673.4176129923,0.0,870673.4176129923,870673.4176129923,15828.465777751322
8261,873924.7464799447,0.0,873924.7464799447,873924.7464799447,15881.794188104272
8262,873136.2195293213,0.0,873136.2195293213,873136.2195293213,15868.8310751688
8263,802924.0246577222,0.0,802924.0246577222,802924.0246577222,14709.968349706367
8264,927602.1173717071,0.0,927602.1173717071,927602.1173717071,16758.48176345491
8265,1000000.0,0.0,1000000.0,1000000.0,17929.26817858457
8266,843944.2024567237,0.0,843944.2024567237,843944.2024567237,15388.590867252824
8267,975847.0679511251,0.0,975847.0679511251,975847.0679511251,17540.064695497265
8268,1000000.0,0.0,1000000.0,1000000.0,17929.18059012256
8269,1000000.0,0.0,1000000.0,1000000.0,17929.151201173594
8270,1000000.0,0.0,1000000.0,1000000.0,17929.121812320955
8271,1000000.0,0.0,1000000.0,1000000.0,17929.092423564645
8272,1000000.0,0.0,1000000.0,1000000.0,17929.063034904662
8273,756573.8732254923,0.0,756573.8732254923,756573.8732254923,13937.007125354588
8274,818352.2100351858,0.0,818352.2100351858,818352.2100351858,14965.52117780523
8275,864058.8472580465,0.0,864058.8472580465,864058.8472580465,15719.443147763193
8276,829183.4533617614,0.0,829183.4533617614,829183.4533617614,15144.664755080605
8277,838569.0076985698,0.0,838569.0076985698,838569.0076985698,15299.647725076142
8278,769357.7962192647,0.0,769357.7962192647,769357.7962192647,14150.647342446204
8279,581951.3858039962,0.0,581951.3858039962,581951.3858039962,10965.487967649004
8280,403175.2103667255,0.0,403175.2103667255,403175.2103667255,7810.88047092217
8281,234932.7144224438,0.0,234932.7144224438,234932.7144224438,4712.108973705425
8282,127284.48682584522,0.0,127284.48682584522,127284.48682584522,2617.159485378505
8283,44540.77287475741,0.0,44540.77287475741,44540.77287475741,913.5781739430126
8284,18522.770159118383,0.0,18522.770159118383,18522.770159118383,379.37999901019555
8285,0.0,0.0,0.0,0.0,-0.0
8286,0.0,0.0,0.0,0.0,-0.0
8287,0.0,0.0,0.0,0.0,-0.0
8288,165429.15785604483,0.0,165429.15785604483,165429.15785604483,2818.6827935433967
8289,527965.0097713915,0.0,527965.0097713915,527965.0097713915,10025.021415134654
8290,572643.8898907534,0.0,572643.8898907534,572643.8898907534,10803.332147751005
8291,579202.2078545366,0.0,579202.2078545366,579202.2078545366,10916.95585948766
8292,429003.3111819011,0.0,429003.3111819011,429003.3111819011,8273.829851968065
8293,291567.2594061654,0.0,291567.2594061654,291567.2594061654,5771.317464013838
8294,353269.5274785404,0.0,353269.5274785404,353269.5274785404,6905.906567399921
8295,77721.59691572151,0.0,77721.59691572151,77721.59691572151,1594.9615423086384
8296,71999.18787942495,0.0,71999.18787942495,71999.18787942495,1483.2358617895356
8297,176661.45536373343,0.0,176661.45536373343,176661.45536373343,3284.7376901940293
8298,637509.787531257,0.0,637509.787531257,637509.787531257,11920.142941668031
8299,793549.7782663347,0.0,793549.7782663347,793549.7782663347,14551.885494499702
8300,870418.8141791797,0.0,870418.8141791797,870418.8141791797,15821.696433525347
8301,876001.4679180757,0.0,876001.4679180757,876001.4679180757,15913.254788393317
8302,874575.1058798741,0.0,874575.1058798741,874575.1058798741,15889.83708910771
8303,874049.1661235701,0.0,874049.1661235701,874049.1661235701,15881.184528412552
8304,878999.0755418126,0.0,878999.0755418126,878999.0755418126,15962.317795435874
8305,879022.8658188415,0.0,879022.8658188415,879022.8658188415,15962.681549098263
8306,879022.8658188415,0.0,879022.8658188415,879022.8658188415,15962.655394299658
8307,879022.8658188415,0.0,879022.8658188415,879022.8658188415,15962.629239586739
8308,879022.8658188415,0.0,879022.8658188415,879022.8658188415,15962.603084959514
8309,879022.8658188415,0.0,879022.8658188415,879022.8658188415,15962.576930417972
8310,879022.8658188415,0.0,879022.8658188415,879022.8658188415,15962.550775962112
8311,879022.8658188415,0.0,879022.8658188415,879022.8658188415,15962.524621591936
8312,906571.7638327484,0.0,906571.7638327484,906571.7638327484,16412.987902056266
8313,1000000.0,0.0,1000000.0,1000000.0,17926.142091976606
8314,1000000.0,0.0,1000000.0,1000000.0,17926.112712980816
8315,1000000.0,0.0,1000000.0,1000000.0,17926.0833340813
8316,1000000.0,0.0,1000000.0,1000000.0,17926.053955278065
8317,1000000.0,0.0,1000000.0,1000000.0,17926.02457657111
8318,1000000.0,0.0,1000000.0,1000000.0,17925.995197960434
8319,1000000.0,0.0,1000000.0,1000000.0,17925.965819446028
8320,1000000.0,0.0,1000000.0,1000000.0,17925.936441027905
8321,918205.8604913916,0.0,918205.8604913916,918205.8604913916,16602.3836247814
8322,845281.5485611984,0.0,845281.5485611984,845281.5485611984,15407.700564641247
8323,877428.9265815547,0.0,877428.9265815547,877428.9265815547,15936.081530190715
8324,879022.8658188415,0.0,879022.8658188415,879022.8658188415,15962.181741057255
8325,879022.8658188415,0.0,879022.8658188415,879022.8658188415,15962.15558789608
8326,879022.8658188415,0.0,879022.8658188415,879022.8658188415,15962.129434820587
8327,879022.8658188415,0.0,879022.8658188415,879022.8658188415,15962.103281830769
8328,879022.8658188415,0.0,879022.8658188415,879022.8658188415,15962.077128926632
8329,877929.4670964612,0.0,877929.4670964612,877929.4670964612,15944.12990314797
8330,829936.1865955201,0.0,829936.1865955201,829936.1865955201,15154.262691880764
8331,879022.8658188415,0.0,879022.8658188415,879022.8658188415,15961.998821648895
8332,879022.8658188415,0.0,879022.8658188415,879022.8658188415,15961.97266908697
8333,879022.8658188415,0.0,879022.8658188415,879022.8658188415,15961.946516610727
8334,879022.8658188415,0.0,879022.8658188415,879022.8658188415,15961.920364220161
8335,879022.8658188415,0.0,879022.8658188415,879022.8658188415,15961.894211915265
8336,1000000.0,0.0,1000000.0,1000000.0,17925.47235689099
8337,1000000.0,0.0,1000000.0,1000000.0,17925.44298008997
8338,1000000.0,0.0,1000000.0,1000000.0,17925.41360338522
8339,1000000.0,0.0,1000000.0,1000000.0,17925.384226776732
8340,1000000.0,0.0,1000000.0,1000000.0,17925.354850264514
8341,1000000.0,0.0,1000000.0,1000000.0,17925.32547384856
8342,1000000.0,0.0,1000000.0,1000000.0,17925.296097528873
8343,1000000.0,0.0,1000000.0,1000000.0,17925.26672130546
8344,1000000.0,0.0,1000000.0,1000000.0,17925.237345178302
8345,587706.9869415178,0.0,587706.9869415178,587706.9869415178,11062.67822058945
8346,627946.298115085,0.0,627946.298115085,627946.298115085,11755.356500491866
8347,626527.5264449789,0.0,626527.5264449789,626527.5264449789,11731.008167700504
8348,511003.49280052073,0.0,511003.49280052073,511003.49280052073,9726.263366125906
8349,287220.10759567324,0.0,287220.10759567324,287220.10759567324,5689.843843946921
8350,226192.2360582661,0.0,226192.2360582661,226192.2360582661,4545.75330592309
8351,152224.91421403893,0.0,152224.91421403893,152224.91421403893,3125.010479825252
8352,136213.425013775,0.0,136213.425013775,136213.425013775,2798.1650493900806
8353,122120.18571448165,0.0,122120.18571448165,122120.18571448165,2508.3591580409384
8354,75917.86806332933,0.0,75917.86806332933,75917.86806332933,1559.6457889861513
8355,104442.05869630606,0.0,104442.05869630606,104442.05869630606,2038.3051032353658
8356,55906.40521346631,0.0,55906.40521346631,55906.40521346631,1152.3199200355884
8357,45789.51962879872,0.0,45789.51962879872,45789.51962879872,937.636232089031
8358,83584.58332740302,0.0,83584.58332740302,83584.58332740302,1574.4044561425533
8359,153281.0248533973,0.0,153281.0248533973,153281.0248533973,2897.867886855086
8360,635141.7275638409,0.0,635141.7275638409,635141.7275638409,11877.610080845921
8361,881438.5677069733,0.0,881438.5677069733,881438.5677069733,15999.814728204165
8362,1000000.0,0.0,1000000.0,1000000.0,17923.6343961899
8363,838009.8194617035,0.0,838009.8194617035,838009.8194617035,15285.807335679587
8364,771206.8316475805,0.0,771206.8316475805,771206.8316475805,14177.213058878973
8365,802174.6030409262,0.0,802174.6030409262,802174.6030409262,14692.683139860857
8366,866870.4951100865,0.0,866870.4951100865,866870.4951100865,15760.765397815368
8367,870092.2833659648,0.0,870092.2833659648,870092.2833659648,15813.626832440677
8368,789921.0550232679,0.0,789921.0550232679,789921.0550232679,14488.971871541833
8369,436490.1321640652,0.0,436490.1321640652,436490.1321640652,8405.707259849725
8370,514479.91040071147,0.0,514479.91040071147,514479.91040071147,9786.305793779966
8371,841383.125100508,0.0,841383.125100508,841383.125100508,15341.251195986948
8372,816200.3752466813,0.0,816200.3752466813,816200.3752466813,14925.075309923928
8373,800014.0587669503,0.0,800014.0587669503,800014.0587669503,14656.618491523335
8374,700658.3734733465,0.0,700658.3734733465,700658.3734733465,12991.913756769445
8375,863366.1166749878,0.0,863366.1166749878,863366.1166749878,15702.979306867404
8376,874768.7386174136,0.0,874768.7386174136,874768.7386174136,15890.112833881461
8377,878940.5970539358,0.0,878940.5970539358,878940.5970539358,15958.474323231823
8378,878806.8083531938,0.0,878806.8083531938,878806.8083531938,15956.255769957974
8379,876367.9257869176,0.0,876367.9257869176,876367.9257869176,15916.254995384434
8380,876744.9526971371,0.0,876744.9526971371,876744.9526971371,15922.40964087592
8381,875108.9599540997,0.0,875108.9599540997,875108.9599540997,15895.561477346257
8382,874514.2130509831,0.0,874514.2130509831,874514.2130509831,15885.782791581098
8383,869199.3149119922,0.0,869199.3149119922,869199.3149119922,15798.560788649369
8384,1000000.0,0.0,1000000.0,1000000.0,17923.00192447339
8385,1000000.0,0.0,1000000.0,1000000.0,17922.972555763306
8386,1000000.0,0.0,1000000.0,1000000.0,17922.943187149453
8387,1000000.0,0.0,1000000.0,1000000.0,17922.91381863183
8388,839068.9602220514,0.0,839068.9602220514,839068.9602220514,15302.65501468963
8389,690494.1082730945,0.0,690494.1082730945,690494.1082730945,12819.582532112978
8390,675399.8598962319,0.0,675399.8598962319,675399.8598962319,12563.522243649753
8391,636580.7878672937,0.0,636580.7878672937,636580.7878672937,11901.625033549173
8392,536179.3648957988,0.0,536179.3648957988,536179.3648957988,10165.858063850723
8393,220237.78209914683,0.0,220237.78209914683,220237.78209914683,4432.237901619347
8394,270303.9645149318,0.0,270303.9645149318,270303.9645149318,5374.127069581331
8395,368458.3690860842,0.0,368458.3690860842,368458.3690860842,7180.31293470622
8396,346673.0944263802,0.0,346673.0944263802,346673.0944263802,6783.591092945882
8397,314159.01061150705,0.0,314159.01061150705,314159.01061150705,6187.207055583997
8398,299485.6930628344,0.0,299485.6930628344,299485.6930628344,5916.296991638586
8399,240881.30448846292,0.0,240881.30448846292,240881.30448846292,4822.446606532113
8400,241468.80482358392,0.0,241468.80482358392,241468.80482358392,4833.491244738347
8401,131722.36569163753,0.0,131722.36569163753,131722.36569163753,2702.72750212225
8402,126372.42302640578,0.0,126372.42302640578,126372.42302640578,2590.821347723298
8403,154163.6127651124,0.0,154163.6127651124,154163.6127651124,3051.8558698849815
8404,104322.96675780756,0.0,104322.96675780756,104322.96675780756,2145.5241485172637
8405,92410.66780608789,0.0,92410.66780608789,92410.66780608789,1897.4552210442541
8406,32537.96838352674,0.0,32537.96838352674,32537.96838352674,670.4481389334826
8407,0.0,0.0,0.0,0.0,-0.0
8408,416512.7059769674,0.0,416512.7059769674,416512.7059769674,6705.675728028126
8409,543999.238249714,0.0,543999.238249714,543999.238249714,10301.15587764949
8410,562236.6127721466,0.0,562236.6127721466,562236.6127721466,10618.537516016058
8411,559218.2363366863,0.0,559218.2363366863,559218.2363366863,10566.072562823165
8412,562526.1546852285,0.0,562526.1546852285,562526.1546852285,10623.532133221215
8413,592449.2277150044,0.0,592449.2277150044,592449.2277150044,11141.668903734193
8414,553145.5665969058,0.0,553145.5665969058,553145.5665969058,10460.401935116968
8415,528173.6235885175,0.0,528173.6235885175,528173.6235885175,10024.64221267583
8416,436856.0600743601,0.0,436856.0600743601,436856.0600743601,8410.826774464698
8417,31247.988031606918,0.0,31247.988031606918,31247.988031606918,635.6699648220313
8418,61151.36545377861,0.0,61151.36545377861,61151.36545377861,1135.0288458591058
8419,74456.34770001387,0.0,74456.34770001387,74456.34770001387,1474.1090963027837
8420,112863.66737833965,0.0,112863.66737833965,112863.66737833965,2181.7497292868575
8421,130144.8933253726,0.0,130144.8933253726,130144.8933253726,2616.0998392803986
8422,255340.11658969359,0.0,255340.11658969359,255340.11658969359,4959.861385893278
8423,280554.9030909336,0.0,280554.9030909336,280554.9030909336,5564.003656689531
8424,426348.52881721256,0.0,426348.52881721256,426348.52881721256,8222.373926080138
8425,630754.198273852,0.0,630754.198273852,630754.198273852,11799.503529115462
8426,765290.1983791384,0.0,765290.1983791384,765290.1983791384,14075.003420067153
8427,837576.5128939083,0.0,837576.5128939083,837576.5128939083,15274.94927720667
8428,848403.2842852635,0.0,848403.2842852635,848403.2842852635,15453.372012797752
8429,854996.3201613796,0.0,854996.3201613796,854996.3201613796,15561.854516340027
8430,873475.6790250072,0.0,873475.6790250072,873475.6790250072,15865.326043898067
8431,875519.5682861512,0.0,875519.5682861512,875519.5682861512,15898.810944590414
8432,1000000.0,0.0,1000000.0,1000000.0,17919.18623972143
8433,1000000.0,0.0,1000000.0,1000000.0,17919.156883506454
8434,1000000.0,0.0,1000000.0,1000000.0,17919.12752738764
8435,1000000.0,0.0,1000000.0,1000000.0,17919.098171365
8436,1000000.0,0.0,1000000.0,1000000.0,17919.068815438524
8437,1000000.0,0.0,1000000.0,1000000.0,17919.03945960821
8438,1000000.0,0.0,1000000.0,1000000.0,17919.010103874065
8439,1000000.0,0.0,1000000.0,1000000.0,17918.980748236077
8440,1000000.0,0.0,1000000.0,1000000.0,17918.951392694264
8441,1000000.0,0.0,1000000.0,1000000.0,17918.92203724861
8442,893204.7562248312,0.0,893204.7562248312,893204.7562248312,16188.007251079674
8443,879022.8658188415,0.0,879022.8658188415,879022.8658188415,15955.90642259571
8444,879022.8658188415,0.0,879022.8658188415,879022.8658188415,15955.880289979697
8445,879022.8658188415,0.0,879022.8658188415,879022.8658188415,15955.854157449263
8446,879022.8658188415,0.0,879022.8658188415,879022.8658188415,15955.828025004406
8447,879022.8658188415,0.0,879022.8658188415,879022.8658188415,15955.801892645128
8448,879022.8658188415,0.0,879022.8658188415,879022.8658188415,15955.775760371427
8449,879022.8658188415,0.0,879022.8658188415,879022.8658188415,15955.749628183308
8450,879022.8658188415,0.0,879022.8658188415,879022.8658188415,15955.723496080755
8451,879022.8658188415,0.0,879022.8658188415,879022.8658188415,15955.697364063783
8452,879022.8658188415,0.0,879022.8658188415,879022.8658188415,15955.671232132388
8453,879022.8658188415,0.0,879022.8658188415,879022.8658188415,15955.645100286565
8454,879022.8658188415,0.0,879022.8658188415,879022.8658188415,15955.618968526323
8455,879022.8658188415,0.0,879022.8658188415,879022.8658188415,15955.592836851649
8456,977261.2983895764,0.0,977261.2983895764,977261.2983895764,17552.3612252671
8457,1000000.0,0.0,1000000.0,1000000.0,17918.457797325653
8458,1000000.0,0.0,1000000.0,1000000.0,17918.42844349691
8459,1000000.0,0.0,1000000.0,1000000.0,17918.399089764316
8460,1000000.0,0.0,1000000.0,1000000.0,17918.369736127883
8461,1000000.0,0.0,1000000.0,1000000.0,17918.340382587605
8462,1000000.0,0.0,1000000.0,1000000.0,17918.31102914347
8463,1000000.0,0.0,1000000.0,1000000.0,17918.281675795493
8464,1000000.0,0.0,1000000.0,1000000.0,17918.252322543674
8465,1000000.0,0.0,1000000.0,1000000.0,17918.222969388004
8466,891067.9638512388,0.0,891067.9638512388,891067.9638512388,16152.437274485332
8467,878012.816635093,0.0,878012.816635093,878012.816635093,15938.727232016035
8468,878892.8379271071,0.0,878892.8379271071,878892.8379271071,15953.11946811591
8469,879022.8658188415,0.0,879022.8658188415,879022.8658188415,15955.223548589567
8470,879022.8658188415,0.0,879022.8658188415,879022.8658188415,15955.197418209771
8471,879022.8658188415,0.0,879022.8658188415,879022.8658188415,15955.171287915542
8472,879022.8658188415,0.0,879022.8658188415,879022.8658188415,15955.145157706876
8473,879022.8658188415,0.0,879022.8658188415,879022.8658188415,15955.119027583785
8474,879022.8658188415,0.0,879022.8658188415,879022.8658188415,15955.09289754625
8475,879022.8658188415,0.0,879022.8658188415,879022.8658188415,15955.06676759429
8476,874301.0327050561,0.0,874301.0327050561,874301.0327050561,15877.65584253706
8477,874803.5565316299,0.0,874803.5565316299,874803.5565316299,15885.868411136571
8478,870745.5580783229,0.0,870745.5580783229,870745.5580783229,15819.294564727283
8479,157280.6889783316,0.0,157280.6889783316,157280.6889783316,3222.063123075617
8480,300707.2260229789,0.0,300707.2260229789,300707.2260229789,5937.129925446492
8481,126575.74322807492,0.0,126575.74322807492,126575.74322807492,2594.043546011424
8482,256740.58571982253,0.0,256740.58571982253,256740.58571982253,4940.0956005980515
8483,352227.65311392787,0.0,352227.65311392787,352227.65311392787,6882.768550898381
8484,313257.5689346638,0.0,313257.5689346638,313257.5689346638,6168.622750839063
8485,419993.89690921095,0.0,419993.89690921095,419993.89690921095,8107.56382641803
8486,240644.69004255685,0.0,240644.69004255685,240644.69004255685,4816.420560779886
8487,153794.599423428,0.0,153794.599423428,153794.599423428,3154.0721371024465
8488,285279.57551000686,0.0,285279.57551000686,285279.57551000686,5651.082610955802
8489,215464.540616945,0.0,215464.540616945,215464.540616945,4340.111980366767
8490,231135.30187489188,0.0,231135.30187489188,231135.30187489188,4637.005028331441
8491,261966.421643442,0.0,261966.421643442,261966.421643442,5216.555858963928
8492,182449.92728996582,0.0,182449.92728996582,182449.92728996582,3708.923118151189
8493,150631.08911508406,0.0,150631.08911508406,150631.08911508406,3085.101550442306
8494,54998.82224702288,0.0,54998.82224702288,54998.82224702288,1125.4719014761022
8495,106616.20958622749,0.0,106616.20958622749,106616.20958622749,1993.422287984995
8496,75470.63804475042,0.0,75470.63804475042,75470.63804475042,1550.2228278213963
8497,0.0,0.0,0.0,0.0,-0.0
8498,0.0,0.0,0.0,0.0,-0.0
8499,66621.52600829813,0.0,66621.52600829813,66621.52600829813,1141.0370531214523
8500,390760.6457959959,0.0,390760.6457959959,390760.6457959959,6851.181074086279
8501,726810.5985004407,0.0,726810.5985004407,726810.5985004407,13426.862330800132
8502,0.0,0.0,0.0,0.0,-0.0
8503,155806.96980061976,0.0,155806.96980061976,155806.96980061976,2660.5035584030156
8504,504329.79967340635,0.0,504329.79967340635,504329.79967340635,9602.63720411822
8505,452352.1518048567,0.0,452352.1518048567,452352.1518048567,8683.586141212483
8506,368735.2510732775,0.0,368735.2510732775,368735.2510732775,7181.540489292687
8507,1000000.0,0.0,1000000.0,1000000.0,17913.954505010697
8508,1000000.0,0.0,1000000.0,1000000.0,17913.92516592866
8509,1000000.0,0.0,1000000.0,1000000.0,17913.895826942706
8510,1000000.0,0.0,1000000.0,1000000.0,17913.866488052834
8511,1000000.0,0.0,1000000.0,1000000.0,17913.837149259045
8512,1000000.0,0.0,1000000.0,1000000.0,17913.807810561335
8513,1000000.0,0.0,1000000.0,1000000.0,17913.778471959708
8514,900365.8202751046,0.0,900365.8202751046,900365.8202751046,16300.258078646308
8515,879022.8658188415,0.0,879022.8658188415,879022.8658188415,15951.266475316488
8516,879022.8658188415,0.0,879022.8658188415,879022.8658188415,15951.240357890327
8517,879022.8658188415,0.0,879022.8658188415,879022.8658188415,15951.214240549665
8518,879022.8658188415,0.0,879022.8658188415,879022.8658188415,15951.188123294502
8519,878991.6494894881,0.0,878991.6494894881,878991.6494894881,15950.6507187124
8520,349860.0095032419,0.0,349860.0095032419,349860.0095032419,6837.975860863358
8521,366416.0637031672,0.0,366416.0637031672,366416.0637031672,7139.249969361709
8522,433720.56260009186,0.0,433720.56260009186,433720.56260009186,8351.255839561542
8523,771633.6528724737,0.0,771633.6528724737,771633.6528724737,14176.15358790782
8524,660624.1613850275,0.0,660624.1613850275,660624.1613850275,12305.486096801298
8525,703580.6974834767,0.0,703580.6974834767,703580.6974834767,13033.891959636338
8526,803672.4319449699,0.0,803672.4319449699,803672.4319449699,14709.039126453326
8527,784932.154254475,0.0,784932.154254475,784932.154254475,14397.640523035005
8528,784348.8557930767,0.0,784348.8557930767,784348.8557930767,14387.90894023161
8529,1000000.0,0.0,1000000.0,1000000.0,17913.323301846376
8530,1000000.0,0.0,1000000.0,1000000.0,17913.293964831435
8531,1000000.0,0.0,1000000.0,1000000.0,17913.264627912566
8532,1000000.0,0.0,1000000.0,1000000.0,17913.23529108977
8533,1000000.0,0.0,1000000.0,1000000.0,17913.205954363046
8534,1000000.0,0.0,1000000.0,1000000.0,17913.17661773239
8535,830272.5431556397,0.0,830272.5431556397,830272.5431556397,15149.052835235274
8536,712220.9792697346,0.0,712220.9792697346,712220.9792697346,13179.457582335881
8537,293117.1312512788,0.0,293117.1312512788,293117.1312512788,5794.960314301313
8538,256330.50320131695,0.0,256330.50320131695,256330.50320131695,5109.715449128909
8539,319035.8812058305,0.0,319035.8812058305,319035.8812058305,6273.301022006469
8540,355615.6997634573,0.0,355615.6997634573,355615.6997634573,6942.62560756054
8541,264445.2949480727,0.0,264445.2949480727,264445.2949480727,5261.511188237545
8542,167737.17808356692,0.0,167737.17808356692,167737.17808356692,3423.9852971682058
8543,99757.81502258935,0.0,99757.81502258935,99757.81502258935,2047.5667874468672
8544,42828.011692258326,0.0,42828.011692258326,42828.011692258326,879.5086890807456
8545,3082.4024899619535,0.0,3082.4024899619535,3082.4024899619535,-0.0
8546,0.0,0.0,0.0,0.0,-0.0
8547,0.0,0.0,0.0,0.0,-0.0
8548,0.0,0.0,0.0,0.0,-0.0
8549,0.0,0.0,0.0,0.0,-0.0
8550,58599.5854601366,0.0,58599.5854601366,58599.5854601366,1003.4134817126195
8551,182139.93422104197,0.0,182139.93422104197,182139.93422104197,3312.892277216752
8552,766474.6663202485,0.0,766474.6663202485,766474.6663202485,14088.530355838853
8553,1000000.0,0.0,1000000.0,1000000.0,17911.57869838729
8554,1000000.0,0.0,1000000.0,1000000.0,17911.54936708559
8555,899007.5608285136,0.0,899007.5608285136,899007.5608285136,16276.03859958756
8556,779491.7810370247,0.0,779491.7810370247,779491.7810370247,14305.509451691796
8557,714289.325768609,0.0,714289.325768609,714289.325768609,13213.064686232787
8558,676761.8448087999,0.0,676761.8448087999,676761.8448087999,12578.351132559303
8559,628240.0778254939,0.0,628240.0778254939,628240.0778254939,11750.953891463014
8560,541303.4211630422,0.0,541303.4211630422,541303.4211630422,10248.421530210217
8561,190488.2488217015,0.0,190488.2488217015,190488.2488217015,3861.911430919438
8562,0.0,0.0,0.0,0.0,-0.0
8563,0.0,0.0,0.0,0.0,-0.0
8564,56192.332493944596,0.0,56192.332493944596,56192.332493944596,964.1174090149459
8565,151292.96489641166,0.0,151292.96489641166,151292.96489641166,2777.8638274718674
8566,124363.8020503789,0.0,124363.8020503789,124363.8020503789,2549.72720411937
8567,66109.3560041796,0.0,66109.3560041796,66109.3560041796,1358.7682583753808
8568,28428.88597143478,0.0,28428.88597143478,28428.88597143478,580.9690204343201
8569,0.0,0.0,0.0,0.0,-0.0
8570,0.0,0.0,0.0,0.0,-0.0
8571,32269.65333093154,0.0,32269.65333093154,32269.65333093154,553.8920559568855
8572,136426.83698047668,0.0,136426.83698047668,136426.83698047668,2443.0717540316614
8573,440481.23207972565,0.0,440481.23207972565,440481.23207972565,8321.65566641614
8574,734604.5594329344,0.0,734604.5594329344,734604.5594329344,13552.59884160939
8575,812762.3296786903,0.0,812762.3296786903,812762.3296786903,14855.627348446824
8576,1000000.0,0.0,1000000.0,1000000.0,17908.5637946815
8577,1000000.0,0.0,1000000.0,1000000.0,17908.534473251617
8578,1000000.0,0.0,1000000.0,1000000.0,17908.50515191772
8579,1000000.0,0.0,1000000.0,1000000.0,17908.475830679832
8580,1000000.0,0.0,1000000.0,1000000.0,17908.44650953793
8581,1000000.0,0.0,1000000.0,1000000.0,17908.417188492018
8582,1000000.0,0.0,1000000.0,1000000.0,17908.387867542107
8583,1000000.0,0.0,1000000.0,1000000.0,17908.358546688192
8584,1000000.0,0.0,1000000.0,1000000.0,17908.329225930265
8585,1000000.0,0.0,1000000.0,1000000.0,17908.29990526833
8586,982179.9570466931,0.0,982179.9570466931,982179.9570466931,17621.59448483491
8587,879022.8658188415,0.0,879022.8658188415,879022.8658188415,15946.324124529801
8588,879022.8658188415,0.0,879022.8658188415,879022.8658188415,15946.298023282201
8589,879022.8658188415,0.0,879022.8658188415,879022.8658188415,15946.271922120022
8590,879022.8658188415,0.0,879022.8658188415,879022.8658188415,15946.245821043269
8591,879022.8658188415,0.0,879022.8658188415,879022.8658188415,15946.219720051942
8592,879022.8658188415,0.0,879022.8658188415,879022.8658188415,15946.193619146035
8593,879022.8658188415,0.0,879022.8658188415,879022.8658188415,15946.167518325554
8594,879022.8658188415,0.0,879022.8658188415,879022.8658188415,15946.141417590494
8595,879022.8658188415,0.0,879022.8658188415,879022.8658188415,15946.115316940854
8596,878159.0612765782,0.0,878159.0612765782,878159.0612765782,15931.9441401744
8597,308380.99795319105,0.0,308380.99795319105,308380.99795319105,6075.1777154365855
8598,593873.8163672562,0.0,593873.8163672562,593873.8163672562,11157.898477657858
8599,869749.6455203603,0.0,869749.6455203603,869749.6455203603,15794.057476460855
8600,926890.2807753347,0.0,926890.2807753347,926890.2807753347,16726.733203301992
8601,893294.2422378906,0.0,893294.2422378906,893294.2422378906,16179.369009118353
8602,1000000.0,0.0,1000000.0,1000000.0,17907.810526041518
8603,1000000.0,0.0,1000000.0,1000000.0,17907.78120707773
8604,1000000.0,0.0,1000000.0,1000000.0,17907.751888209914
8605,1000000.0,0.0,1000000.0,1000000.0,17907.722569438087
8606,1000000.0,0.0,1000000.0,1000000.0,17907.69325076224
8607,1000000.0,0.0,1000000.0,1000000.0,17907.66393218238
8608,1000000.0,0.0,1000000.0,1000000.0,17907.634613698498
8609,803435.0452851703,0.0,803435.0452851703,803435.0452851703,14700.232670942984
8610,732636.8580977903,0.0,732636.8580977903,732636.8580977903,13518.745366770889
8611,716002.8752339747,0.0,716002.8752339747,716002.8752339747,13238.951382325162
8612,839774.1902728878,0.0,839774.1902728878,839774.1902728878,15300.928949225683
8613,759941.0796601417,0.0,759941.0796601417,759941.0796601417,13976.086833883117
8614,751607.2003022286,0.0,751607.2003022286,751607.2003022286,13836.691055385127
8615,702632.3011587932,0.0,702632.3011587932,702632.3011587932,13013.359959786136
8616,646242.5369255523,0.0,646242.5369255523,646242.5369255523,12056.025554909875
8617,581497.6701427941,0.0,581497.6701427941,581497.6701427941,10943.8310887432
8618,359550.0311470436,0.0,359550.0311470436,359550.0311470436,7011.813038388667
8619,256682.2539315175,0.0,256682.2539315175,256682.2539315175,5114.475830004291
8620,211570.9837565191,0.0,211570.9837565191,211570.9837565191,4263.398107661249
8621,137340.80123197366,0.0,137340.80123197366,137340.80123197366,2816.9844273759313
8622,84339.10230555276,0.0,84339.10230555276,84339.10230555276,1730.2528533226332
8623,44467.78799835487,0.0,44467.78799835487,44467.78799835487,911.0761680379869
8624,446648.82793358125,0.0,446648.82793358125,446648.82793358125,7526.257121865587
8625,553444.7265277305,0.0,553444.7265277305,553444.7265277305,10456.724235580534
8626,575366.6770826785,0.0,575366.6770826785,575366.6770826785,10837.03972962195
8627,582089.5522388059,0.0,582089.5522388059,582089.5522388059,10953.31613841211
8628,582089.5522388059,0.0,582089.5522388059,582089.5522388059,10953.29822427602
8629,582089.5522388059,0.0,582089.5522388059,582089.5522388059,10953.2803101985
8630,578600.9864126297,0.0,578600.9864126297,578600.9864126297,10892.936452970484
8631,456253.37800288334,0.0,456253.37800288334,456253.37800288334,8748.800639487641
8632,462818.57339757064,0.0,462818.57339757064,462818.57339757064,8865.308093618645
8633,120942.80543972662,0.0,120942.80543972662,120942.80543972662,2482.4150043901577
8634,0.0,0.0,0.0,0.0,-0.0
8635,78428.40255832368,0.0,78428.40255832368,78428.40255832368,1338.8464258735482
8636,100930.4401656758,0.0,100930.4401656758,100930.4401656758,1983.365486062773
8637,135437.52246443994,0.0,135437.52246443994,135437.52246443994,2643.7463821337274
8638,111019.0466585556,0.0,111019.0466585556,111019.0466585556,2273.587961002039
8639,124964.40356569157,0.0,124964.40356569157,124964.40356569157,2503.892228281106
8640,110662.27008068618,0.0,110662.27008068618,110662.27008068618,2266.645032117839
8641,113444.19127686413,0.0,113444.19127686413,113444.19127686413,2300.9088862587373
8642,84572.48302152964,0.0,84572.48302152964,84572.48302152964,1734.5313855883796
8643,48232.323215587916,0.0,48232.323215587916,48232.323215587916,992.9148237632705
8644,27271.560526428362,0.0,27271.560526428362,27271.560526428362,558.3823477745315
8645,0.0,0.0,0.0,0.0,-0.0
8646,0.0,0.0,0.0,0.0,-0.0
8647,0.0,0.0,0.0,0.0,-0.0
8648,241445.65765299526,0.0,241445.65765299526,241445.65765299526,4022.707364098031
8649,547453.613996263,0.0,547453.613996263,547453.613996263,10350.637466831678
8650,566128.7197146905,0.0,566128.7197146905,566128.7197146905,10675.081840901305
8651,575923.6066666795,0.0,575923.6066666795,575923.6066666795,10844.73953267128
8652,582089.5522388059,0.0,582089.5522388059,582089.5522388059,10951.358571478037
8653,582089.5522388059,0.0,582089.5522388059,582089.5522388059,10951.340663741958
8654,567110.8854581787,0.0,567110.8854581787,567110.8854581787,10692.0411695806
8655,335409.0360958204,0.0,335409.0360958204,335409.0360958204,6569.708915618002
8656,154045.93928231605,0.0,154045.93928231605,154045.93928231605,3156.0697828765824
8657,62960.36443376987,0.0,62960.36443376987,62960.36443376987,1288.2623361045976
8658,82997.61671040842,0.0,82997.61671040842,82997.61671040842,1618.642602755321
8659,147993.3416726419,0.0,147993.3416726419,147993.3416726419,2807.098724589836
8660,158884.94509289513,0.0,158884.94509289513,158884.94509289513,3221.675361897433
8661,378912.37259908085,0.0,378912.37259908085,378912.37259908085,7360.726071396691
8662,705639.7626737694,0.0,705639.7626737694,705639.7626737694,13060.137744187079
8663,537678.0850297353,0.0,537678.0850297353,537678.0850297353,10179.60342576952
8664,345660.52270602755,0.0,345660.52270602755,345660.52270602755,6756.604689601593
8665,506066.48876005085,0.0,506066.48876005085,506066.48876005085,9626.31335713259
8666,666579.1640890535,0.0,666579.1640890535,666579.1640890535,12398.589872677685
8667,755022.2264775794,0.0,755022.2264775794,755022.2264775794,13889.473101290989
8668,741727.333757124,0.0,741727.333757124,741727.333757124,13666.878590711005
8669,534050.7152383417,0.0,534050.7152383417,534050.7152383417,10116.207905825468
8670,400798.5064190504,0.0,400798.5064190504,400798.5064190504,7755.450797534258
8671,487023.2142611865,0.0,487023.2142611865,487023.2142611865,9291.094402067822
8672,499829.5914196524,0.0,499829.5914196524,499829.5914196524,9516.599597852717
8673,509386.4239363115,0.0,509386.4239363115,509386.4239363115,9684.467430601895
8674,512746.45032405737,0.0,512746.45032405737,512746.45032405737,9743.393690251089
8675,889646.1439431468,0.0,889646.1439431468,889646.1439431468,16114.236600827688
8676,869677.9830135363,0.0,869677.9830135363,869677.9830135363,15787.384687263222
8677,923400.9797622284,0.0,923400.9797622284,923400.9797622284,16664.254695267082
8678,1000000.0,0.0,1000000.0,1000000.0,17901.692464719144
8679,1000000.0,0.0,1000000.0,1000000.0,17901.663165773287
8680,1000000.0,0.0,1000000.0,1000000.0,17901.633866923316
8681,867732.9137374911,0.0,867732.9137374911,867732.9137374911,15755.361449749098
8682,859653.9898272686,0.0,859653.9898272686,859653.9898272686,15622.757691501603
8683,876653.7890332612,0.0,876653.7890332612,876653.7890332612,15901.498639744805
8684,879022.8658188415,0.0,879022.8658188415,879022.8658188415,15940.259161166729
8685,879022.8658188415,0.0,879022.8658188415,879022.8658188415,15940.233079757676
8686,879022.8658188415,0.0,879022.8658188415,879022.8658188415,15940.206998433947
8687,879022.8658188415,0.0,879022.8658188415,879022.8658188415,15940.180917195546
8688,879022.8658188415,0.0,879022.8658188415,879022.8658188415,15940.154836042471
8689,876159.7836134889,0.0,876159.7836134889,876159.7836134889,15893.25279439836
8690,875344.6898577774,0.0,875344.6898577774,875344.6898577774,15879.877608801022
8691,864348.3617312474,0.0,864348.3617312474,864348.3617312474,15699.584131689347
8692,827248.3067461381,0.0,827248.3067461381,827248.3067461381,15088.91510147484
8693,442424.3136958836,0.0,442424.3136958836,442424.3136958836,8500.309942816824
8694,339045.11439768854,0.0,339045.11439768854,339045.11439768854,6635.450924003309
8695,334919.90592701454,0.0,334919.90592701454,334919.90592701454,6560.0030196981315
8696,547671.2664502678,0.0,547671.2664502678,547671.2664502678,10353.157615841432
8697,886068.3912524838,0.0,886068.3912524838,886068.3912524838,16055.185113051151
8698,956943.4679655947,0.0,956943.4679655947,956943.4679655947,17207.365924977697
8699,891052.752565862,0.0,891052.752565862,891052.752565862,16136.591499240618
8700,974917.6578531802,0.0,974917.6578531802,974917.6578531802,17497.476705031542
8701,1000000.0,0.0,1000000.0,1000000.0,17901.03332865129
8702,909530.3688965862,0.0,909530.3688965862,909530.3688965862,16437.91477591058
8703,878487.3523508648,0.0,878487.3523508648,878487.3523508648,15931.003541018037
8704,821194.1062128175,0.0,821194.1062128175,821194.1062128175,14988.612013171867
8705,781782.7717962557,0.0,781782.7717962557,781782.7717962557,14334.987941689516
8706,739658.898957816,0.0,739658.898957816,739658.898957816,13631.352873898908
8707,565272.9252094136,0.0,565272.9252094136,565272.9252094136,10658.756527655303
8708,689365.401960297,0.0,689365.401960297,689365.401960297,12784.164231815534
8709,729129.9081266271,0.0,729129.9081266271,729129.9081266271,13454.583703323615
8710,709618.9882972401,0.0,709618.9882972401,709618.9882972401,13126.219250415796
8711,657723.9425441431,0.0,657723.9425441431,657723.9425441431,12247.03828484004
8712,432752.2113826204,0.0,432752.2113826204,432752.2113826204,8327.549643830715
8713,315026.5959638776,0.0,315026.5959638776,315026.5959638776,6194.833268298428
8714,209488.56220703566,0.0,209488.56220703566,209488.56220703566,4222.019461538875
8715,210220.663934593,0.0,210220.663934593,210220.663934593,4235.936599494603
8716,159470.4426001088,0.0,159470.4426001088,159470.4426001088,3261.0512888764947
8717,130719.01044827279,0.0,130719.01044827279,130719.01044827279,2679.4226053693637
8718,128073.19450192689,0.0,128073.19450192689,128073.19450192689,2627.845425120691
8719,188820.85562691352,0.0,188820.85562691352,188820.85562691352,3727.083263089094
8720,575487.4536076591,0.0,575487.4536076591,575487.4536076591,10835.359478666644
8721,737484.7741329646,0.0,737484.7741329646,737484.7741329646,13594.427926100316
8722,621700.6668376816,0.0,621700.6668376816,621700.6668376816,11631.279787644085
8723,593472.1867131044,0.0,593472.1867131044,593472.1867131044,11145.947429136739
8724,582089.5522388059,0.0,582089.5522388059,582089.5522388059,10949.45488698497
8725,582089.5522388059,0.0,582089.5522388059,582089.5522388059,10949.43698546537
8726,570006.1675669685,0.0,570006.1675669685,570006.1675669685,10740.350338356668
8727,537464.8091300649,0.0,537464.8091300649,537464.8091300649,10174.689544096376
8728,465033.7477045105,0.0,465033.7477045105,465033.7477045105,8901.404090844622
8729,126805.06240681896,0.0,126805.06240681896,126805.06240681896,2595.5969486324525
8730,3886.331183380636,0.0,3886.331183380636,3886.331183380636,-0.0
8731,33697.50548581675,0.0,33697.50548581675,33697.50548581675,576.8419147941094
8732,65088.26674618994,0.0,65088.26674618994,65088.26674618994,1226.5785968215603
8733,56669.65582725106,0.0,56669.65582725106,56669.65582725106,1165.533331664174
8734,53840.345766610124,0.0,53840.345766610124,53840.345766610124,1101.8270605311666
8735,35280.374712880075,0.0,35280.374712880075,35280.374712880075,723.017572485765
8736,5623.883289989926,0.0,5623.883289989926,5623.883289989926,-0.0
8737,0.0,0.0,0.0,0.0,-0.0
8738,0.0,0.0,0.0,0.0,-0.0
8739,0.0,0.0,0.0,0.0,-0.0
8740,0.0,0.0,0.0,0.0,-0.0
8741,0.0,0.0,0.0,0.0,-0.0
8742,0.0,0.0,0.0,0.0,-0.0
8743,0.0,0.0,0.0,0.0,-0.0
8744,532496.3448906465,0.0,532496.3448906465,532496.3448906465,8405.700324962536
8745,835464.589831314,0.0,835464.589831314,835464.589831314,15221.788926182418
8746,952719.3498192856,0.0,952719.3498192856,952719.3498192856,17136.19875779366
8747,823461.1041528713,0.0,823461.1041528713,823461.1041528713,15023.656135509382
8748,944479.2799303117,0.0,944479.2799303117,944479.2799303117,17002.78072566546
8749,1000000.0,0.0,1000000.0,1000000.0,17898.06387797599
8750,1000000.0,0.0,1000000.0,1000000.0,17898.03459090734
8751,1000000.0,0.0,1000000.0,1000000.0,17898.00530393452
8752,1000000.0,0.0,1000000.0,1000000.0,17897.976017057532
8753,1000000.0,0.0,1000000.0,1000000.0,17897.946730276355
8754,555341.2114317047,0.0,555341.2114317047,555341.2114317047,10484.531992915714
8755,876085.1062566161,0.0,876085.1062566161,876085.1062566161,15888.895765587278
8756,876097.9022410504,0.0,876097.9022410504,876097.9022410504,15889.079291155353
8757,864182.856920597,0.0,864182.856920597,864182.856920597,15693.768729109388
8758,474069.684516256,0.0,474069.684516256,474069.684516256,9060.119319655916
8759,787152.8535419564,0.0,787152.8535419564,787152.8535419564,14421.717762942386
