,Energy to electrolyzer (kWh),Energy from grid (kWh),Energy from renewables (kWh),Total energy (kWh),Hydrogen Hourly production (kg)
0,309594.89532713493,0.0,309594.89532713493,309594.89532713493,6386.465628524204
1,268616.2859017199,0.0,268616.2859017199,268616.2859017199,5586.585266611806
2,264382.29825646075,0.0,264382.29825646075,264382.29825646075,5503.407568522682
3,232394.22128339435,0.0,232394.22128339435,232394.22128339435,4871.589419062995
4,246770.70152287852,0.0,246770.70152287852,246770.70152287852,5156.314930016338
5,213222.44012530282,0.0,213222.44012530282,213222.44012530282,4489.743188169377
6,197965.0578018094,0.0,197965.0578018094,197965.0578018094,4163.970153308488
7,162135.10458472348,0.0,162135.10458472348,162135.10458472348,3406.1792188897434
8,1060945.3470954867,0.0,1060945.3470954867,1060945.3470954867,19073.4570641983
9,1237823.48215284,0.0,1237823.48215284,1237823.48215284,22967.880642894786
10,1199806.534812204,0.0,1199806.534812204,1199806.534812204,22331.515961423593
11,1190745.797487617,0.0,1190745.797487617,1190745.797487617,22179.386802947156
12,1164795.609024473,0.0,1164795.609024473,1164795.609024473,21742.81768624483
13,1187872.208681686,0.0,1187872.208681686,1187872.208681686,22131.04198551341
14,1190599.5318815822,0.0,1190599.5318815822,1190599.5318815822,22176.818860805906
15,999455.7101818917,0.0,999455.7101818917,999455.7101818917,18927.32836193133
16,284557.90675921465,0.0,284557.90675921465,284557.90675921465,5898.537891517165
17,143180.62586617563,0.0,143180.62586617563,143180.62586617563,3006.478779776822
18,296540.4091863414,0.0,296540.4091863414,296540.4091863414,5760.5027229994785
19,292105.7076906492,0.0,292105.7076906492,292105.7076906492,6045.674356830741
20,382802.998111337,0.0,382802.998111337,382802.998111337,7794.237486434874
21,360353.3927074145,0.0,360353.3927074145,360353.3927074145,7364.950422563756
22,335769.7143745173,0.0,335769.7143745173,335769.7143745173,6892.279530394504
23,432109.7660980917,0.0,432109.7660980917,432109.7660980917,8729.618445287319
24,443275.62955607846,0.0,443275.62955607846,443275.62955607846,8940.090498030606
25,474389.96675753227,0.0,474389.96675753227,474389.96675753227,9524.111977707056
26,475277.9850884537,0.0,475277.9850884537,475277.9850884537,9540.711876405123
27,490835.8046344073,0.0,490835.8046344073,490835.8046344073,9831.33568426815
28,576896.3386361601,0.0,576896.3386361601,576896.3386361601,11423.819835280829
29,607031.6210891813,0.0,607031.6210891813,607031.6210891813,11975.64741850007
30,688910.234564893,0.0,688910.234564893,688910.234564893,13460.85034390508
31,742221.6546837486,0.0,742221.6546837486,742221.6546837486,14417.276029031378
32,1400000.0,0.0,1400000.0,1400000.0,25649.196695198985
33,1400000.0,0.0,1400000.0,1400000.0,25649.153728403562
34,1400000.0,0.0,1400000.0,1400000.0,25649.110761752083
35,1400000.0,0.0,1400000.0,1400000.0,25649.067795244533
36,1400000.0,0.0,1400000.0,1400000.0,25649.024828880898
37,1400000.0,0.0,1400000.0,1400000.0,25648.981862661174
38,1400000.0,0.0,1400000.0,1400000.0,25648.93889658539
39,417985.19776200375,0.0,417985.19776200375,417985.19776200375,8462.419432694702
40,407022.32872274367,0.0,407022.32872274367,407022.32872274367,8254.661119296417
41,596886.7188036846,0.0,596886.7188036846,596886.7188036846,11789.945798672108
42,712062.3847391052,0.0,712062.3847391052,712062.3847391052,13876.925829348605
43,623443.7035864359,0.0,623443.7035864359,623443.7035864359,12274.688147909186
44,589295.5078720058,0.0,589295.5078720058,589295.5078720058,11650.905004625994
45,479185.35715305194,0.0,479185.35715305194,479185.35715305194,9613.469732449146
46,520778.7319419007,0.0,520778.7319419007,520778.7319419007,10387.939225291908
47,488434.33538160013,0.0,488434.33538160013,488434.33538160013,9786.188995220751
48,571630.7990880053,0.0,571630.7990880053,571630.7990880053,11326.70596621836
49,638163.998261245,0.0,638163.998261245,638163.998261245,12542.331972161232
50,684796.9138671441,0.0,684796.9138671441,684796.9138671441,13386.259859307484
51,709135.1328520273,0.0,709135.1328520273,709135.1328520273,13824.163436733736
52,674512.3016082197,0.0,674512.3016082197,674512.3016082197,13200.64270528447
53,673406.8407343543,0.0,673406.8407343543,673406.8407343543,13180.655532895304
54,701514.8399655243,0.0,701514.8399655243,701514.8399655243,13687.16406307547
55,570300.4069851638,0.0,570300.4069851638,570300.4069851638,11302.120202201602
56,389001.4522391204,0.0,389001.4522391204,389001.4522391204,7911.883759328249
57,517471.68768124486,0.0,517471.68768124486,517471.68768124486,10326.390762088136
58,388862.68014804454,0.0,388862.68014804454,388862.68014804454,7909.213883992833
59,444091.27360151865,0.0,444091.27360151865,444091.27360151865,8954.904244962761
60,389155.15304911067,0.0,389155.15304911067,389155.15304911067,7914.75761554939
61,353250.6443256992,0.0,353250.6443256992,353250.6443256992,7228.1656301784915
62,314765.0038085704,0.0,314765.0038085704,314765.0038085704,6485.727442253701
63,301839.88437124534,0.0,301839.88437124534,301839.88437124534,6234.765816244225
64,353220.4043005362,0.0,353220.4043005362,353220.4043005362,7227.548803496549
65,392300.58930277464,0.0,392300.58930277464,392300.58930277464,7974.57598780019
66,293723.19348712993,0.0,293723.19348712993,293723.19348712993,6076.706694993358
67,630142.6499327474,0.0,630142.6499327474,630142.6499327474,12396.137618725517
68,632954.4624991303,0.0,632954.4624991303,632954.4624991303,12447.256498213445
69,663056.5844869779,0.0,663056.5844869779,663056.5844869779,12993.211925633273
70,624721.1762873137,0.0,624721.1762873137,624721.1762873137,12297.404291666184
71,676734.7861856066,0.0,676734.7861856066,676734.7861856066,13240.359912529753
72,732911.4429954762,0.0,732911.4429954762,732911.4429954762,14249.85500680994
73,770614.116461267,0.0,770614.116461267,770614.116461267,14922.370666503983
74,779858.8392014563,0.0,779858.8392014563,779858.8392014563,15086.657137738806
75,787915.3740210125,0.0,787915.3740210125,787915.3740210125,15229.636263750737
76,790860.0642208674,0.0,790860.0642208674,790860.0642208674,15281.835656094683
77,792739.4058775078,0.0,792739.4058775078,792739.4058775078,15315.128493409115
78,792739.4058775078,0.0,792739.4058775078,792739.4058775078,15315.102833891866
79,792739.4058775078,0.0,792739.4058775078,792739.4058775078,15315.07717446056
80,1400000.0,0.0,1400000.0,1400000.0,25647.269474757868
81,1400000.0,0.0,1400000.0,1400000.0,25647.22651441778
82,1400000.0,0.0,1400000.0,1400000.0,25647.183554221603
83,1400000.0,0.0,1400000.0,1400000.0,25647.140594169297
84,1400000.0,0.0,1400000.0,1400000.0,25647.09763426091
85,1400000.0,0.0,1400000.0,1400000.0,25647.05467449638
86,1400000.0,0.0,1400000.0,1400000.0,25647.011714875756
87,1400000.0,0.0,1400000.0,1400000.0,25646.968755399015
88,1075016.5109390437,0.0,1075016.5109390437,1075016.5109390437,20218.5378140044
89,773473.6889692469,0.0,773473.6889692469,773473.6889692469,14972.806489969826
90,788404.3617557546,0.0,788404.3617557546,788404.3617557546,15237.91529102974
91,785445.660267145,0.0,785445.660267145,785445.660267145,15185.398013286036
92,781776.5018504864,0.0,781776.5018504864,781776.5018504864,15120.243614697445
93,718993.238652242,0.0,718993.238652242,718993.238652242,14000.073188832112
94,768585.2832092725,0.0,768585.2832092725,768585.2832092725,14885.74366566437
95,646059.8867586281,0.0,646059.8867586281,646059.8867586281,12684.70090184964
96,478128.8618467455,0.0,478128.8618467455,478128.8618467455,9592.87260926649
97,600468.2373761288,0.0,600468.2373761288,600468.2373761288,11854.328342981184
98,547528.2395492676,0.0,547528.2395492676,547528.2395492676,10881.886628599334
99,381625.7381089903,0.0,381625.7381089903,381625.7381089903,7770.704990711966
100,398621.41891061113,0.0,398621.41891061113,398621.41891061113,8094.289163543717
101,496941.3767179059,0.0,496941.3767179059,496941.3767179059,9943.888848238446
102,536669.0183159709,0.0,536669.0183159709,536669.0183159709,10681.209664511633
103,724723.1159068531,0.0,724723.1159068531,724723.1159068531,14102.52656840067
104,1400000.0,0.0,1400000.0,1400000.0,25646.284847355666
105,1400000.0,0.0,1400000.0,1400000.0,25646.241890313453
106,965790.2704565453,0.0,965790.2704565453,965790.2704565453,18343.306273005757
107,921443.8519459986,0.0,921443.8519459986,921443.8519459986,17574.191795168066
108,928938.2490161071,0.0,928938.2490161071,928938.2490161071,17704.468418240205
109,707352.6366012306,0.0,707352.6366012306,707352.6366012306,13790.805352313047
110,659073.6355320573,0.0,659073.6355320573,659073.6355320573,12920.221129209946
111,661524.6238905612,0.0,661524.6238905612,661524.6238905612,12964.560616321487
112,796569.9217137242,0.0,796569.9217137242,796569.9217137242,15382.100510140375
113,792739.4058775078,0.0,792739.4058775078,792739.4058775078,15314.197379215726
114,792739.4058775078,0.0,792739.4058775078,792739.4058775078,15314.171722816705
115,792739.4058775078,0.0,792739.4058775078,792739.4058775078,15314.146066503596
116,792739.4058775078,0.0,792739.4058775078,792739.4058775078,15314.120410276408
117,787862.0742406734,0.0,787862.0742406734,787862.0742406734,15227.61129238047
118,732354.5330368351,0.0,732354.5330368351,732354.5330368351,14238.779991684514
119,677040.4497197272,0.0,677040.4497197272,677040.4497197272,13244.79281462588
120,704026.6578349442,0.0,704026.6578349442,704026.6578349442,13730.794755201423
121,664403.5454534572,0.0,664403.5454534572,664403.5454534572,13016.42392109268
122,667644.4106218305,0.0,667644.4106218305,667644.4106218305,13075.003241445465
123,658635.1952836454,0.0,658635.1952836454,658635.1952836454,12912.000191845998
124,687393.6992177325,0.0,687393.6992177325,687393.6992177325,13431.39415208511
125,694308.1465105013,0.0,694308.1465105013,694308.1465105013,13555.893676243753
126,684627.920300625,0.0,684627.920300625,684627.920300625,13381.501436957033
127,745865.8618244665,0.0,745865.8618244665,745865.8618244665,14480.034488822832
128,1400000.0,0.0,1400000.0,1400000.0,25645.307178775856
129,1400000.0,0.0,1400000.0,1400000.0,25645.264225008097
130,680129.7571926372,0.0,680129.7571926372,680129.7571926372,13300.290883808222
131,1400000.0,0.0,1400000.0,1400000.0,25645.18104442833
132,1400000.0,0.0,1400000.0,1400000.0,25645.138091083005
133,1388717.0676286807,0.0,1388717.0676286807,1388717.0676286807,25460.070505474574
134,1259575.4881043741,0.0,1259575.4881043741,1259575.4881043741,23325.399217383976
135,1048426.558865595,0.0,1048426.558865595,1048426.558865595,19763.145995159855
136,362152.87273758324,0.0,362152.87273758324,362152.87273758324,7397.937890731784
137,281661.8757757253,0.0,281661.8757757253,281661.8757757253,5840.485879694924
138,211843.4716790947,0.0,211843.4716790947,211843.4716790947,4460.866554575928
139,270987.47986314225,0.0,270987.47986314225,270987.47986314225,5631.43788604397
140,232051.1231763786,0.0,232051.1231763786,232051.1231763786,4863.320774906864
141,281228.81556167133,0.0,281228.81556167133,281228.81556167133,5831.9789292987625
142,365259.05302354053,0.0,365259.05302354053,365259.05302354053,7457.354951003617
143,453109.1625645611,0.0,453109.1625645611,453109.1625645611,9123.181538521783
144,644167.8123808047,0.0,644167.8123808047,644167.8123808047,12649.322706043178
145,775419.6658452614,0.0,775419.6658452614,775419.6658452614,15005.99880421822
146,791186.4397960978,0.0,791186.4397960978,791186.4397960978,15285.830474823359
147,792739.4058775078,0.0,792739.4058775078,792739.4058775078,15313.333453771462
148,792739.4058775078,0.0,792739.4058775078,792739.4058775078,15313.307800265484
149,792739.4058775078,0.0,792739.4058775078,792739.4058775078,15313.282146845395
150,792739.4058775078,0.0,792739.4058775078,792739.4058775078,15313.256493511233
151,792739.4058775078,0.0,792739.4058775078,792739.4058775078,15313.230840262971
152,801729.089658607,0.0,801729.089658607,801729.089658607,15472.432566050016
153,1400000.0,0.0,1400000.0,1400000.0,25644.297781660676
154,1074416.0911887377,0.0,1074416.0911887377,1074416.0911887377,20206.14536044903
155,1111528.373119766,0.0,1111528.373119766,1111528.373119766,20836.971213724217
156,1308182.949311198,0.0,1308182.949311198,1308182.949311198,24131.730616998655
157,1214730.5658332128,0.0,1214730.5658332128,1214730.5658332128,22575.762410076437
158,818454.8880470294,0.0,818454.8880470294,818454.8880470294,15767.949578484226
159,822976.8826527155,0.0,822976.8826527155,822976.8826527155,15847.735981925252
160,794658.1772136681,0.0,794658.1772136681,794658.1772136681,15346.99809954084
161,792739.4058775078,0.0,792739.4058775078,792739.4058775078,15312.969025885523
162,792739.4058775078,0.0,792739.4058775078,792739.4058775078,15312.94337359986
163,792739.4058775078,0.0,792739.4058775078,792739.4058775078,15312.917721400097
164,792739.4058775078,0.0,792739.4058775078,792739.4058775078,15312.892069286221
165,788750.1381930894,0.0,788750.1381930894,788750.1381930894,15242.139766358168
166,787936.1786849262,0.0,787936.1786849262,787936.1786849262,15227.678132544821
167,723392.1925770742,0.0,723392.1925770742,723392.1925770742,14077.163313319888
168,565907.8395046942,0.0,565907.8395046942,565907.8395046942,11219.166491664431
169,640127.1086184877,0.0,640127.1086184877,640127.1086184877,12575.42108643959
170,551723.4630264423,0.0,551723.4630264423,551723.4630264423,10957.915247502897
171,357917.926870954,0.0,357917.926870954,357917.926870954,7316.303110405829
172,316774.3578132751,0.0,316774.3578132751,316774.3578132751,6523.378335290736
173,355381.0245332557,0.0,355381.0245332557,355381.0245332557,7267.614258054695
174,307106.01284734614,0.0,307106.01284734614,307106.01284734614,6335.850031220784
175,412151.26596624294,0.0,412151.26596624294,412151.26596624294,8349.939261905298
176,679755.2708383836,0.0,679755.2708383836,679755.2708383836,13292.496182708122
177,538651.7406217079,0.0,538651.7406217079,538651.7406217079,10716.476388037563
178,1283408.7267000217,0.0,1283408.7267000217,1283408.7267000217,23720.0748067476
179,350898.6384767946,0.0,350898.6384767946,350898.6384767946,7181.48504683891
180,841715.9049322507,0.0,841715.9049322507,841715.9049322507,16177.339553565384
181,604078.1679019585,0.0,604078.1679019585,604078.1679019585,11918.596964396227
182,1400000.0,0.0,1400000.0,1400000.0,25643.103833189696
183,1400000.0,0.0,1400000.0,1400000.0,25643.060886800984
184,1138056.9709742372,0.0,1138056.9709742372,1138056.9709742372,21285.081009129568
185,792739.4058775078,0.0,792739.4058775078,792739.4058775078,15312.346794091316
186,792739.4058775078,0.0,792739.4058775078,792739.4058775078,15312.32114388918
187,792739.4058775078,0.0,792739.4058775078,792739.4058775078,15312.295493772923
188,792739.4058775078,0.0,792739.4058775078,792739.4058775078,15312.26984374256
189,792739.4058775078,0.0,792739.4058775078,792739.4058775078,15312.244193798088
190,792739.4058775078,0.0,792739.4058775078,792739.4058775078,15312.218543939489
191,792739.4058775078,0.0,792739.4058775078,792739.4058775078,15312.192894166792
192,792739.4058775078,0.0,792739.4058775078,792739.4058775078,15312.167244479966
193,792686.8984877872,0.0,792686.8984877872,792686.8984877872,15311.21099625723
194,792739.4058775078,0.0,792739.4058775078,792739.4058775078,15312.115945504775
195,792739.4058775078,0.0,792739.4058775078,792739.4058775078,15312.090296075608
196,792739.4058775078,0.0,792739.4058775078,792739.4058775078,15312.06464673233
197,786238.8044434898,0.0,786238.8044434898,786238.8044434898,15196.772080440687
198,785920.7138382384,0.0,785920.7138382384,785920.7138382384,15191.103422583003
199,791607.4080659606,0.0,791607.4080659606,791607.4080659606,15291.923665896587
200,1400000.0,0.0,1400000.0,1400000.0,25642.365180467084
201,1400000.0,0.0,1400000.0,1400000.0,25642.32223655201
202,1400000.0,0.0,1400000.0,1400000.0,25642.27929278074
203,1400000.0,0.0,1400000.0,1400000.0,25642.23634915327
204,1400000.0,0.0,1400000.0,1400000.0,25642.193405669615
205,1123034.1192749594,0.0,1123034.1192749594,1123034.1192749594,21030.216340872717
206,944392.7019609977,0.0,944392.7019609977,944392.7019609977,17969.828062294568
207,1150620.6861933148,0.0,1150620.6861933148,1150620.6861933148,21496.436131404866
208,603198.3995382934,0.0,603198.3995382934,603198.3995382934,11901.963053000676
209,696164.754101452,0.0,696164.754101452,696164.754101452,13587.360479264988
210,626879.1606254922,0.0,626879.1606254922,626879.1606254922,12333.727683364243
211,250229.76767682514,0.0,250229.76767682514,250229.76767682514,5222.402829899689
212,164593.6479493661,0.0,164593.6479493661,164593.6479493661,3464.5893390568353
213,25815.377601498265,0.0,25815.377601498265,25815.377601498265,535.0076669937188
214,0.0,0.0,0.0,0.0,-0.0
215,0.0,0.0,0.0,0.0,-0.0
216,56970.034739740295,0.0,56970.034739740295,56970.034739740295,990.6956659409998
217,100598.13729167315,0.0,100598.13729167315,100598.13729167315,1937.119950147018
218,328621.8468941041,0.0,328621.8468941041,328621.8468941041,6137.72626266956
219,573916.1226979588,0.0,573916.1226979588,573916.1226979588,11364.559205350171
220,380613.6256520537,0.0,380613.6256520537,380613.6256520537,7749.172815711854
221,719185.3808914605,0.0,719185.3808914605,719185.3808914605,13999.522287793881
222,761772.1384015835,0.0,761772.1384015835,761772.1384015835,14760.273844717294
223,786437.9649658033,0.0,786437.9649658033,786437.9649658033,15198.597616230247
224,902954.2488794231,0.0,902954.2488794231,902954.2488794231,17247.602197169374
225,904194.8310977683,0.0,904194.8310977683,904194.8310977683,17269.204217426846
226,937053.8414803856,0.0,937053.8414803856,937053.8414803856,17840.73212054244
227,1028517.5751549584,0.0,1028517.5751549584,1028517.5751549584,19418.068296979407
228,1016508.8858462365,0.0,1016508.8858462365,1016508.8858462365,19212.047560346546
229,999091.5997932253,0.0,999091.5997932253,999091.5997932253,18912.663771895648
230,806804.0493791568,0.0,806804.0493791568,806804.0493791568,15559.113822314797
231,795249.3373868484,0.0,795249.3373868484,795249.3373868484,15354.582235335327
232,796382.552571611,0.0,796382.552571611,796382.552571611,15374.628859444168
233,791869.3522356367,0.0,791869.3522356367,791869.3522356367,15294.641716776772
234,791916.6192232685,0.0,791916.6192232685,791916.6192232685,15295.45382104499
235,787312.1783821483,0.0,787312.1783821483,787312.1783821483,15213.794892856522
236,781438.859941814,0.0,781438.859941814,781438.859941814,15109.557283468697
237,773260.5223669161,0.0,773260.5223669161,773260.5223669161,14964.266189974058
238,660170.1961983427,0.0,660170.1961983427,660170.1961983427,12936.34787821052
239,759334.7108582726,0.0,759334.7108582726,759334.7108582726,14716.444495377567
240,669587.4677766269,0.0,669587.4677766269,669587.4677766269,13106.576767027569
241,715548.2128458613,0.0,715548.2128458613,715548.2128458613,13933.839470384131
242,660199.9092258841,0.0,660199.9092258841,660199.9092258841,12936.798447440126
243,738908.4687555226,0.0,738908.4687555226,738908.4687555226,14351.954415823806
244,490298.0494160755,0.0,490298.0494160755,490298.0494160755,9816.905757950915
245,568371.5362668847,0.0,568371.5362668847,568371.5362668847,11262.189211615696
246,342685.92223996494,0.0,342685.92223996494,342685.92223996494,7022.22640604253
247,475539.8086782919,0.0,475539.8086782919,475539.8086782919,9541.26215152275
248,1141467.2688639157,0.0,1141467.2688639157,1141467.2688639157,21339.07476117992
249,932241.5214211011,0.0,932241.5214211011,932241.5214211011,17756.51869559348
250,914343.3687182366,0.0,914343.3687182366,914343.3687182366,17445.293243125172
251,815017.3104778597,0.0,815017.3104778597,815017.3104778597,15703.717547154734
252,940557.7072177583,0.0,940557.7072177583,940557.7072177583,17900.758280346352
253,794062.1669547041,0.0,794062.1669547041,794062.1669547041,15332.98928562406
254,1115024.8420316014,0.0,1115024.8420316014,1115024.8420316014,20891.487180210497
255,820570.1874612735,0.0,820570.1874612735,820570.1874612735,15801.641325423196
256,796747.418385334,0.0,796747.418385334,796747.418385334,15380.475757478971
257,792739.4058775078,0.0,792739.4058775078,792739.4058775078,15309.448331733653
258,792739.4058775078,0.0,792739.4058775078,792739.4058775078,15309.422691235834
259,792739.4058775078,0.0,792739.4058775078,792739.4058775078,15309.397050823842
260,792739.4058775078,0.0,792739.4058775078,792739.4058775078,15309.371410497708
261,792739.4058775078,0.0,792739.4058775078,792739.4058775078,15309.3457702574
262,792739.4058775078,0.0,792739.4058775078,792739.4058775078,15309.320130102922
263,792739.4058775078,0.0,792739.4058775078,792739.4058775078,15309.294490034288
264,792739.4058775078,0.0,792739.4058775078,792739.4058775078,15309.268850051494
265,792739.4058775078,0.0,792739.4058775078,792739.4058775078,15309.243210154535
266,792739.4058775078,0.0,792739.4058775078,792739.4058775078,15309.217570343406
267,792739.4058775078,0.0,792739.4058775078,792739.4058775078,15309.191930618119
268,792739.4058775078,0.0,792739.4058775078,792739.4058775078,15309.166290978663
269,787009.537922239,0.0,787009.537922239,787009.537922239,15207.563591171363
270,762870.496476596,0.0,762870.496476596,762870.496476596,14778.636911375943
271,785735.7420534393,0.0,785735.7420534393,785735.7420534393,15184.919410107677
272,1400000.0,0.0,1400000.0,1400000.0,25637.764289758707
273,1400000.0,0.0,1400000.0,1400000.0,25637.72136124965
274,1400000.0,0.0,1400000.0,1400000.0,25637.678432884313
275,1400000.0,0.0,1400000.0,1400000.0,25637.63550466272
276,1400000.0,0.0,1400000.0,1400000.0,25637.59257658485
277,1097670.2838499483,0.0,1097670.2838499483,1097670.2838499483,20596.268335516266
278,709374.6155561329,0.0,709374.6155561329,709374.6155561329,13822.200695976338
279,391795.4377561782,0.0,391795.4377561782,391795.4377561782,7961.369444184325
280,234062.16429079563,0.0,234062.16429079563,234062.16429079563,4901.599837074325
281,209636.44240968965,0.0,209636.44240968965,209636.44240968965,4404.779749044281
282,264675.4977021856,0.0,264675.4977021856,264675.4977021856,5463.974536542232
283,322243.4948768469,0.0,322243.4948768469,322243.4948768469,6627.417485814435
284,259279.4219420152,0.0,259279.4219420152,259279.4219420152,5399.5846015046645
285,272988.45351313776,0.0,272988.45351313776,272988.45351313776,5668.732597056661
286,221059.4224582083,0.0,221059.4224582083,221059.4224582083,4643.142513463106
287,232334.80896311652,0.0,232334.80896311652,232334.80896311652,4867.262591382946
288,231656.0609518046,0.0,231656.0609518046,231656.0609518046,4853.786489080841
289,254441.097731899,0.0,254441.097731899,254441.097731899,5304.285386715892
290,259399.15159559352,0.0,259399.15159559352,259399.15159559352,5401.8857948120385
291,303676.57495714317,0.0,303676.57495714317,303676.57495714317,6267.433450729013
292,274609.1087404124,0.0,274609.1087404124,274609.1087404124,5700.414559530679
293,230948.68934686933,0.0,230948.68934686933,230948.68934686933,4839.706416099992
294,202158.929336264,0.0,202158.929336264,202158.929336264,4255.482610108611
295,205742.7500984577,0.0,205742.7500984577,205742.7500984577,4327.0355526487365
296,1042224.3288441636,0.0,1042224.3288441636,1042224.3288441636,19501.63792349505
297,875000.0011645786,0.0,875000.0011645786,875000.0011645786,16757.056128695567
298,1350044.8540258026,0.0,1350044.8540258026,1350044.8540258026,24815.861344291432
299,1363286.0961048407,0.0,1363286.0961048407,1363286.0961048407,25033.80777528134
300,1284799.7231471897,0.0,1284799.7231471897,1284799.7231471897,23736.84651096716
301,1400000.0,0.0,1400000.0,1400000.0,25636.452918490864
302,1400000.0,0.0,1400000.0,1400000.0,25636.409994372298
303,1400000.0,0.0,1400000.0,1400000.0,25636.36707039748
304,1061908.5177330323,0.0,1061908.5177330323,1061908.5177330323,19986.49404887527
305,604290.471879908,0.0,604290.471879908,604290.471879908,11919.036897698537
306,634531.0209168281,0.0,634531.0209168281,634531.0209168281,12469.905372174017
307,633354.8145740516,0.0,633354.8145740516,633354.8145740516,12448.510414884562
308,571205.9149973417,0.0,571205.9149973417,571205.9149973417,11312.984500675133
309,357811.5712481592,0.0,357811.5712481592,357811.5712481592,7311.898247405686
310,331039.2575555195,0.0,331039.2575555195,331039.2575555195,6796.982190660628
311,380123.4592331787,0.0,380123.4592331787,380123.4592331787,7738.533893299169
312,371391.27787514165,0.0,371391.27787514165,371391.27787514165,7571.798112221519
313,332460.7676770102,0.0,332460.7676770102,332460.7676770102,6824.370903441957
314,356453.6720630426,0.0,356453.6720630426,356453.6720630426,7285.799834666032
315,360821.15899757016,0.0,360821.15899757016,360821.15899757016,7369.502899974659
316,279181.2912336702,0.0,279181.2912336702,279181.2912336702,5789.636824846669
317,194996.81054559082,0.0,194996.81054559082,194996.81054559082,4101.912754201265
318,158391.66676373527,0.0,158391.66676373527,158391.66676373527,3329.389651657101
319,137979.2624104419,0.0,137979.2624104419,137979.2624104419,2901.007783819288
320,1011982.169014411,0.0,1011982.169014411,1011982.169014411,17971.565122284646
321,1231135.9419390552,0.0,1231135.9419390552,1231135.9419390552,22841.92619164083
322,1190287.688048558,0.0,1190287.688048558,1190287.688048558,22157.87981754551
323,1203077.7659898854,0.0,1203077.7659898854,1203077.7659898854,22372.37828673833
324,1209886.741897125,0.0,1209886.741897125,1209886.741897125,22486.415419388977
325,1229206.820846865,0.0,1229206.820846865,1229206.820846865,22809.54621030906
326,1238586.080177193,0.0,1238586.080177193,1238586.080177193,22966.124802803133
327,1052960.815058822,0.0,1052960.815058822,1052960.815058822,19832.492796485516
328,401070.0188820184,0.0,401070.0188820184,401070.0188820184,8136.681343541433
329,57823.31824683958,0.0,57823.31824683958,57823.31824683958,1217.1008864391617
330,111144.2340010417,0.0,111144.2340010417,111144.2340010417,2156.880285193599
331,83312.0870656487,0.0,83312.0870656487,83312.0870656487,1746.5450118634114
332,152775.92775620453,0.0,152775.92775620453,152775.92775620453,2956.9644491343042
333,229791.5776612302,0.0,229791.5776612302,229791.5776612302,4560.559183285941
334,255905.1158611723,0.0,255905.1158611723,255905.1158611723,5332.164369261986
335,311712.38506690005,0.0,311712.38506690005,311712.38506690005,6422.279153605739
336,275218.4336186505,0.0,275218.4336186505,275218.4336186505,5711.329375870232
337,239350.64392232356,0.0,239350.64392232356,239350.64392232356,5005.3473478237465
338,194400.7793198183,0.0,194400.7793198183,194400.7793198183,4089.482302239474
339,223409.3826922076,0.0,223409.3826922076,223409.3826922076,4617.949276917734
340,191487.91505176525,0.0,191487.91505176525,191487.91505176525,4020.7387044190136
341,160234.59956603192,0.0,160234.59956603192,160234.59956603192,3365.7258825766844
342,136042.0313649216,0.0,136042.0313649216,136042.0313649216,2862.0489235436908
343,188089.57340570327,0.0,188089.57340570327,188089.57340570327,3779.5987411353963
344,924414.0397177954,0.0,924414.0397177954,924414.0397177954,17215.31937971451
345,1256821.6030400845,0.0,1256821.6030400845,1256821.6030400845,23267.30506333927
346,1240527.4964264925,0.0,1240527.4964264925,1240527.4964264925,22995.69275547802
347,1227270.9112583222,0.0,1227270.9112583222,1227270.9112583222,22774.317648188397
348,1265316.8210039497,0.0,1265316.8210039497,1265316.8210039497,23408.56953803309
349,1310751.4878145668,0.0,1310751.4878145668,1310751.4878145668,24162.288912757467
350,1288007.8047093484,0.0,1288007.8047093484,1288007.8047093484,23785.431497114474
351,1112826.7417752298,0.0,1112826.7417752298,1112826.7417752298,20848.387271827167
352,529868.8713885541,0.0,529868.8713885541,529868.8713885541,10548.698682458815
353,451569.87002946914,0.0,451569.87002946914,451569.87002946914,9089.061796399996
354,606208.5946249205,0.0,606208.5946249205,606208.5946249205,11951.5894915083
355,684744.8090685137,0.0,684744.8090685137,684744.8090685137,13375.770484815812
356,736587.076652687,0.0,736587.076652687,736587.076652687,14305.929054984239
357,762095.5953016285,0.0,762095.5953016285,762095.5953016285,14760.815033290848
358,784817.2968900506,0.0,784817.2968900506,784817.2968900506,15164.498957898346
359,788183.1632041691,0.0,788183.1632041691,788183.1632041691,15224.157900678985
360,789616.2223881417,0.0,789616.2223881417,789616.2223881417,15249.534480400407
361,790207.7662674653,0.0,790207.7662674653,790207.7662674653,15259.992893568275
362,791160.2758918008,0.0,791160.2758918008,791160.2758918008,15276.846697192155
363,792401.0478007542,0.0,792401.0478007542,792401.0478007542,15298.805070421622
364,792411.1267980882,0.0,792411.1267980882,792411.1267980882,15298.958017678553
365,792739.4058775078,0.0,792739.4058775078,792739.4058775078,15304.748123532177
366,792739.4058775078,0.0,792739.4058775078,792739.4058775078,15304.722498766525
367,792739.4058775078,0.0,792739.4058775078,792739.4058775078,15304.696874086636
368,840293.5591868518,0.0,840293.5591868518,840293.5591868518,16144.116387083073
369,861088.1305050283,0.0,861088.1305050283,861088.1305050283,16509.315203680664
370,889308.3116798663,0.0,889308.3116798663,889308.3116798663,17003.17513643994
371,822295.0915582468,0.0,822295.0915582468,822295.0915582468,15827.018409742963
372,737690.0145737117,0.0,737690.0145737117,737690.0145737117,14325.2494619969
373,1148062.560260729,0.0,1148062.560260729,1148062.560260729,21443.464359301543
374,711284.8653137698,0.0,711284.8653137698,711284.8653137698,13852.479478708294
375,1302595.3698113295,0.0,1302595.3698113295,1302595.3698113295,24026.271427626933
376,976131.38292221,0.0,976131.38292221,976131.38292221,18510.198095067764
377,781759.7158506137,0.0,781759.7158506137,781759.7158506137,15109.770770636915
378,786808.2883230717,0.0,786808.2883230717,786808.2883230717,15199.295440884192
379,790767.9857702393,0.0,790767.9857702393,790767.9857702393,15269.457805651322
380,789684.3447611883,0.0,789684.3447611883,789684.3447611883,15250.22831712016
381,755497.7219273782,0.0,755497.7219273782,755497.7219273782,14642.729909155694
382,785644.7299802775,0.0,785644.7299802775,785644.7299802775,15178.561097567774
383,792517.0824116091,0.0,792517.0824116091,792517.0824116091,15300.345787061397
384,788524.291939344,0.0,788524.291939344,788524.291939344,15229.564849921413
385,786492.0239917071,0.0,786492.0239917071,786492.0239917071,15193.509635119528
386,704050.8143895895,0.0,704050.8143895895,704050.8143895895,13722.346399326463
387,394125.9540369347,0.0,394125.9540369347,394125.9540369347,8003.112364951068
388,573449.1169309381,0.0,573449.1169309381,573449.1169309381,11351.217905707656
389,473826.6092622048,0.0,473826.6092622048,473826.6092622048,9505.617805882168
390,351268.3787436433,0.0,351268.3787436433,351268.3787436433,7184.403706815353
391,417453.3253617369,0.0,417453.3253617369,417453.3253617369,8445.40751731427
392,925876.7251523882,0.0,925876.7251523882,925876.7251523882,17639.57878819987
393,928725.2032937218,0.0,928725.2032937218,928725.2032937218,17689.03183660595
394,1054313.570493929,0.0,1054313.570493929,1054313.570493929,19851.593943132833
395,1130475.3450744185,0.0,1130475.3450744185,1130475.3450744185,21145.653160569997
396,1228416.1692316723,0.0,1228416.1692316723,1228416.1692316723,22791.654639971355
397,1253580.0710353483,0.0,1253580.0710353483,1253580.0710353483,23211.375962887156
398,1255511.560092391,0.0,1255511.560092391,1255511.560092391,23243.504327483864
399,1147176.9716618888,0.0,1147176.9716618888,1147176.9716618888,21427.617227672123
400,550809.3038387574,0.0,550809.3038387574,550809.3038387574,10934.531548653593
401,370556.1266127764,0.0,370556.1266127764,370556.1266127764,7553.677076568678
402,349762.5606114748,0.0,349762.5606114748,349762.5606114748,7155.339028877171
403,596699.2830774597,0.0,596699.2830774597,596699.2830774597,11776.872766724227
404,471666.4152471019,0.0,471666.4152471019,471666.4152471019,9464.966319497395
405,350442.3178639552,0.0,350442.3178639552,350442.3178639552,7168.354457685016
406,137596.83559493598,0.0,137596.83559493598,137596.83559493598,2892.737869586937
407,26537.1037285565,0.0,26537.1037285565,26537.1037285565,548.8617784290744
408,0.0,0.0,0.0,0.0,-0.0
409,22162.22652253801,0.0,22162.22652253801,22162.22652253801,385.8139028507704
410,33023.04339499086,0.0,33023.04339499086,33023.04339499086,651.7707394476269
411,198218.58000425482,0.0,198218.58000425482,198218.58000425482,3574.6911919828585
412,470276.3887477987,0.0,470276.3887477987,470276.3887477987,9295.196885859032
413,724037.0409376352,0.0,724037.0409376352,724037.0409376352,14079.122085777111
414,790875.7614800624,0.0,790875.7614800624,790875.7614800624,15269.425472508341
415,792739.4058775078,0.0,792739.4058775078,792739.4058775078,15302.415083361246
416,1022319.7776905532,0.0,1022319.7776905532,1022319.7776905532,19302.142119096254
417,1304747.174051168,0.0,1304747.174051168,1304747.174051168,24058.709281081392
418,1400000.0,0.0,1400000.0,1400000.0,25627.084326303764
419,1400000.0,0.0,1400000.0,1400000.0,25627.041433544808
420,1400000.0,0.0,1400000.0,1400000.0,25626.998540929395
421,1400000.0,0.0,1400000.0,1400000.0,25626.955648457537
422,1400000.0,0.0,1400000.0,1400000.0,25626.912756129226
423,1400000.0,0.0,1400000.0,1400000.0,25626.86986394448
424,1362045.9131202074,0.0,1362045.9131202074,1362045.9131202074,25003.90193543755
425,792739.4058775078,0.0,792739.4058775078,792739.4058775078,15302.147407979712
426,792739.4058775078,0.0,792739.4058775078,792739.4058775078,15302.121791917263
427,792739.4058775078,0.0,792739.4058775078,792739.4058775078,15302.09617594054
428,792739.4058775078,0.0,792739.4058775078,792739.4058775078,15302.070560049518
429,792739.4058775078,0.0,792739.4058775078,792739.4058775078,15302.04494424422
430,792739.4058775078,0.0,792739.4058775078,792739.4058775078,15302.019328524637
431,792739.4058775078,0.0,792739.4058775078,792739.4058775078,15301.993712890768
432,792739.4058775078,0.0,792739.4058775078,792739.4058775078,15301.968097342613
433,792601.6619649441,0.0,792601.6619649441,792601.6619649441,15299.502682351977
434,787502.5699378696,0.0,787502.5699378696,787502.5699378696,15209.123403706335
435,787975.265451239,0.0,787975.265451239,787975.265451239,15217.476818662268
436,785220.7821658063,0.0,785220.7821658063,785220.7821658063,15168.617740476297
437,784796.18775798,0.0,784796.18775798,784796.18775798,15161.063008736235
438,784232.3297072918,0.0,784232.3297072918,784232.3297072918,15151.037990809657
439,784701.492439405,0.0,784701.492439405,784701.492439405,15159.33295662687
440,790677.5517224135,0.0,790677.5517224135,790677.5517224135,15265.237622497752
441,854228.8823525221,0.0,854228.8823525221,854228.8823525221,16385.870913437826
442,981955.1028575007,0.0,981955.1028575007,981955.1028575007,18607.362819350335
443,1286536.2601376846,0.0,1286536.2601376846,1286536.2601376846,23755.9008919187
444,1400000.0,0.0,1400000.0,1400000.0,25626.008870375736
445,1400000.0,0.0,1400000.0,1400000.0,25625.965981216024
446,1400000.0,0.0,1400000.0,1400000.0,25625.923092199846
447,1400000.0,0.0,1400000.0,1400000.0,25625.8802033272
448,1400000.0,0.0,1400000.0,1400000.0,25625.83731459809
449,813518.95400187,0.0,813518.95400187,813518.95400187,15668.996011579846
450,792739.4058775078,0.0,792739.4058775078,792739.4058775078,15301.498284197036
451,792739.4058775078,0.0,792739.4058775078,792739.4058775078,15301.472670306624
452,792739.4058775078,0.0,792739.4058775078,792739.4058775078,15301.447056501924
453,792739.4058775078,0.0,792739.4058775078,792739.4058775078,15301.421442782921
454,792739.4058775078,0.0,792739.4058775078,792739.4058775078,15301.39582914963
455,792739.4058775078,0.0,792739.4058775078,792739.4058775078,15301.370215602037
456,792739.4058775078,0.0,792739.4058775078,792739.4058775078,15301.34460214015
457,792739.4058775078,0.0,792739.4058775078,792739.4058775078,15301.318988763958
458,792739.4058775078,0.0,792739.4058775078,792739.4058775078,15301.293375473479
459,784638.1290330513,0.0,784638.1290330513,784638.1290330513,15157.69260568445
460,777508.0645219903,0.0,777508.0645219903,777508.0645219903,15031.158574163072
461,734128.8719417716,0.0,734128.8719417716,734128.8719417716,14258.467054985029
462,429489.051736572,0.0,429489.051736572,429489.051736572,8671.065789169676
463,430367.5515626336,0.0,430367.5515626336,430367.5515626336,8687.622215500076
464,783875.8655959063,0.0,783875.8655959063,783875.8655959063,15144.04989718926
465,751349.5805804526,0.0,751349.5805804526,751349.5805804526,14565.72543094437
466,890124.6726803104,0.0,890124.6726803104,890124.6726803104,17013.547801843917
467,603572.3203474493,0.0,603572.3203474493,603572.3203474493,11900.30456561669
468,719317.8869481535,0.0,719317.8869481535,719317.8869481535,13993.295666714239
469,550583.104644008,0.0,550583.104644008,550583.104644008,10928.279895632737
470,428956.8099242585,0.0,428956.8099242585,428956.8099242585,8660.905415919235
471,835131.2395142807,0.0,835131.2395142807,835131.2395142807,16049.405221520748
472,468937.6072277402,0.0,468937.6072277402,468937.6072277402,9412.10307651337
473,297811.45923304453,0.0,297811.45923304453,297811.45923304453,6150.095620566835
474,351222.89536214544,0.0,351222.89536214544,351222.89536214544,7181.927748029446
475,318645.36428983527,0.0,318645.36428983527,318645.36428983527,6554.206725534696
476,457953.8773592956,0.0,457953.8773592956,457953.8773592956,9206.262673789159
477,417267.11243580934,0.0,417267.11243580934,417267.11243580934,8439.995016098374
478,562142.9320772681,0.0,562142.9320772681,562142.9320772681,11140.934996924265
479,586414.5804565352,0.0,586414.5804565352,586414.5804565352,11586.338066172284
480,732048.8811458945,0.0,732048.8811458945,732048.8811458945,14220.84545277876
481,783236.2077722693,0.0,783236.2077722693,783236.2077722693,15132.285405946703
482,771737.0801018687,0.0,771737.0801018687,771737.0801018687,14928.126378140696
483,765603.7895431931,0.0,765603.7895431931,765603.7895431931,14819.076063214934
484,786774.7527293982,0.0,786774.7527293982,786774.7527293982,15194.954131132221
485,784300.1046338202,0.0,784300.1046338202,784300.1046338202,15151.052434335143
486,618813.2717378061,0.0,618813.2717378061,618813.2717378061,12177.830272490803
487,563959.1723143932,0.0,563959.1723143932,563959.1723143932,11174.160818087625
488,1330188.8371026872,0.0,1330188.8371026872,1330188.8371026872,24476.504978698733
489,1400000.0,0.0,1400000.0,1400000.0,25624.19067069401
490,1400000.0,0.0,1400000.0,1400000.0,25624.14778761896
491,1400000.0,0.0,1400000.0,1400000.0,25624.104904687414
492,1400000.0,0.0,1400000.0,1400000.0,25624.062021899375
493,1400000.0,0.0,1400000.0,1400000.0,25624.01913925483
494,1400000.0,0.0,1400000.0,1400000.0,25623.976256753795
495,1400000.0,0.0,1400000.0,1400000.0,25623.93337439626
496,1400000.0,0.0,1400000.0,1400000.0,25623.89049218223
497,697061.9492740456,0.0,697061.9492740456,697061.9492740456,13593.243571340854
498,585408.6319094062,0.0,585408.6319094062,585408.6319094062,11567.530521398505
499,454148.67181172344,0.0,454148.67181172344,454148.67181172344,9134.49685297592
500,640113.6456992797,0.0,640113.6456992797,640113.6456992797,12564.710385323575
501,701646.969752553,0.0,701646.969752553,701646.969752553,13675.544259435064
502,689311.2127517506,0.0,689311.2127517506,689311.2127517506,13453.716220557713
503,405467.65551742096,0.0,405467.65551742096,405467.65551742096,8216.181136327412
504,244914.91162657342,0.0,244914.91162657342,244914.91162657342,5113.248757855743
505,142943.7877281971,0.0,142943.7877281971,142943.7877281971,2998.452489860704
506,358199.6251353914,0.0,358199.6251353914,358199.6251353914,6871.868931664597
507,223790.73781956625,0.0,223790.73781956625,223790.73781956625,4694.483513151519
508,258176.41926576674,0.0,258176.41926576674,258176.41926576674,5374.417186555281
509,256691.35327856732,0.0,256691.35327856732,256691.35327856732,5345.1935284692145
510,189071.28249512138,0.0,189071.28249512138,189071.28249512138,3970.8948006855608
511,117699.58145402005,0.0,117699.58145402005,117699.58145402005,2474.029071297077
512,1126576.557851572,0.0,1126576.557851572,1126576.557851572,19476.941467223605
513,593946.4535568857,0.0,593946.4535568857,593946.4535568857,11722.757240858906
514,1210086.7085640503,0.0,1210086.7085640503,1210086.7085640503,22478.00692664647
515,1214527.8110696955,0.0,1214527.8110696955,1214527.8110696955,22552.286354117263
516,978999.3451599785,0.0,978999.3451599785,978999.3451599785,18553.031308911355
517,990186.2345924433,0.0,990186.2345924433,990186.2345924433,18745.747546958453
518,772265.2179620175,0.0,772265.2179620175,772265.2179620175,14935.688327371932
519,566723.972095901,0.0,566723.972095901,566723.972095901,11223.653072388355
520,321054.55811834923,0.0,321054.55811834923,321054.55811834923,6599.8394382915485
521,122205.80938977699,0.0,122205.80938977699,122205.80938977699,2563.7224800106774
522,90066.40715350772,0.0,90066.40715350772,90066.40715350772,1891.234646180102
523,84502.28634121921,0.0,84502.28634121921,84502.28634121921,1769.4161779170047
524,77493.29578215924,0.0,77493.29578215924,77493.29578215924,1629.9628609827182
525,88776.07174200224,0.0,88776.07174200224,88776.07174200224,1830.9606069042295
526,51308.06269387842,0.0,51308.06269387842,51308.06269387842,1076.0038057804284
527,64006.16889434429,0.0,64006.16889434429,64006.16889434429,1302.331925804531
528,84197.54762126,0.0,84197.54762126,84197.54762126,1689.841070240482
529,99321.07915075308,0.0,99321.07915075308,99321.07915075308,2016.701459342207
530,139636.01599709856,0.0,139636.01599709856,139636.01599709856,2792.6857125285287
531,172679.0981284079,0.0,172679.0981284079,172679.0981284079,3515.978666860968
532,152295.24417849228,0.0,152295.24417849228,152295.24417849228,3195.1007323401273
533,137819.63423983884,0.0,137819.63423983884,137819.63423983884,2896.1006838868243
534,108141.67169926828,0.0,108141.67169926828,108141.67169926828,2272.652859991496
535,113016.58983243669,0.0,113016.58983243669,113016.58983243669,2369.681664543531
536,170201.1132625488,0.0,170201.1132625488,170201.1132625488,3362.916688856192
537,225693.22170493292,0.0,225693.22170493292,225693.22170493292,4552.3551539797045
538,216105.27036396388,0.0,216105.27036396388,216105.27036396388,4540.691260918426
539,708483.4336253331,0.0,708483.4336253331,708483.4336253331,13795.599457410868
540,1233631.008122866,0.0,1233631.008122866,1233631.008122866,22869.08767820756
541,1303515.303313556,0.0,1303515.303313556,1303515.303313556,24030.568128495117
542,1400000.0,0.0,1400000.0,1400000.0,25618.887738232952
543,1095592.4626845827,0.0,1095592.4626845827,1095592.4626845827,20545.598535774447
544,1281917.3059582843,0.0,1281917.3059582843,1281917.3059582843,23672.49461242776
545,783294.673302484,0.0,783294.673302484,783294.673302484,15129.733391009106
546,792739.4058775078,0.0,792739.4058775078,792739.4058775078,15297.067904812147
547,792739.4058775078,0.0,792739.4058775078,792739.4058775078,15297.042305742916
548,792739.4058775078,0.0,792739.4058775078,792739.4058775078,15297.016706759328
549,792739.4058775078,0.0,792739.4058775078,792739.4058775078,15296.99110786136
550,792739.4058775078,0.0,792739.4058775078,792739.4058775078,15296.965509049023
551,758410.5986452951,0.0,758410.5986452951,758410.5986452951,14687.486975536385
552,764821.4048887976,0.0,764821.4048887976,764821.4048887976,14801.518755820745
553,721910.4113445194,0.0,721910.4113445194,721910.4113445194,14035.888696457456
554,621172.6212121815,0.0,621172.6212121815,621172.6212121815,12217.750515142412
555,488280.5825610213,0.0,488280.5825610213,488280.5825610213,9770.697844228616
556,677234.0948737818,0.0,677234.0948737818,677234.0948737818,13233.190776847632
557,651860.8108468866,0.0,651860.8108468866,651860.8108468866,12774.735319260388
558,470823.0889947665,0.0,470823.0889947665,470823.0889947665,9444.699355176228
559,492535.16489167686,0.0,492535.16489167686,492535.16489167686,9849.902273103102
560,428973.19235729,0.0,428973.19235729,428973.19235729,8658.67957892654
561,387352.88522179425,0.0,387352.88522179425,387352.88522179425,7870.191123374638
562,513161.6140161189,0.0,513161.6140161189,513161.6140161189,10233.251205466859
563,754316.0967580664,0.0,754316.0967580664,754316.0967580664,14614.294191125922
564,735121.8514760251,0.0,735121.8514760251,735121.8514760251,14271.891948266884
565,828327.7319678277,0.0,828327.7319678277,828327.7319678277,15925.06598318262
566,579621.9026732572,0.0,579621.9026732572,579621.9026732572,11458.645082725829
567,362449.53602129396,0.0,362449.53602129396,362449.53602129396,7394.883306459485
568,201006.80815755605,0.0,201006.80815755605,201006.80815755605,4218.4303617439
569,164805.75030175337,0.0,164805.75030175337,164805.75030175337,3465.2975683634545
570,181221.21125529168,0.0,181221.21125529168,181221.21125529168,3767.766943394206
571,269851.05249846197,0.0,269851.05249846197,269851.05249846197,5432.59317941747
572,302164.8258533228,0.0,302164.8258533228,302164.8258533228,6232.649661074118
573,443571.3980078197,0.0,443571.3980078197,443571.3980078197,8933.25762903723
574,552215.3584274402,0.0,552215.3584274402,552215.3584274402,10954.750182921276
575,624992.01776732,0.0,624992.01776732,624992.01776732,12286.606638949084
576,560684.3371623475,0.0,560684.3371623475,560684.3371623475,11110.57985844777
577,442352.8661175472,0.0,442352.8661175472,442352.8661175472,8910.280871586105
578,305945.76585925487,0.0,305945.76585925487,305945.76585925487,6305.98276562504
579,345883.91729391186,0.0,345883.91729391186,345883.91729391186,7076.987827191926
580,381711.6721703188,0.0,381711.6721703188,381711.6721703188,7762.388287950225
581,401787.81460590166,0.0,401787.81460590166,401787.81460590166,8144.034922884729
582,635256.8041857223,0.0,635256.8041857223,635256.8041857223,12472.980219749496
583,698750.4344588802,0.0,698750.4344588802,698750.4344588802,13619.633798372157
584,1400000.0,0.0,1400000.0,1400000.0,25616.821974901704
585,1400000.0,0.0,1400000.0,1400000.0,25616.77911648005
586,1400000.0,0.0,1400000.0,1400000.0,25616.736258201778
587,1400000.0,0.0,1400000.0,1400000.0,25616.69340006689
588,1400000.0,0.0,1400000.0,1400000.0,25616.650542075382
589,1023134.1998745614,0.0,1023134.1998745614,1023134.1998745614,19307.894590053114
590,887225.385248596,0.0,887225.385248596,887225.385248596,16957.008247250644
591,1400000.0,0.0,1400000.0,1400000.0,25616.525108827456
592,1400000.0,0.0,1400000.0,1400000.0,25616.48225139895
593,985626.0622409326,0.0,985626.0622409326,985626.0622409326,18663.350042754897
594,792566.0636206012,0.0,792566.0636206012,792566.0636206012,15292.536173941755
595,787242.2315409789,0.0,787242.2315409789,787242.2315409789,15198.208043759525
596,784064.4212016084,0.0,784064.4212016084,784064.4212016084,15141.857023492916
597,517406.22386347054,0.0,517406.22386347054,517406.22386347054,10311.172238847856
598,766428.530357348,0.0,766428.530357348,766428.530357348,14828.722601767475
599,676287.7078374762,0.0,676287.7078374762,676287.7078374762,13214.957338548018
600,658752.750657958,0.0,658752.750657958,658752.750657958,12898.302055739921
601,607737.1336919601,0.0,607737.1336919601,607737.1336919601,11971.813159771931
602,571295.6446190479,0.0,571295.6446190479,571295.6446190479,11305.037077033676
603,653317.4454670347,0.0,653317.4454670347,653317.4454670347,12799.9060123701
604,568275.0669195498,0.0,568275.0669195498,568275.0669195498,11249.541563349543
605,536302.2748112187,0.0,536302.2748112187,536302.2748112187,10660.664713621545
606,304424.21785377065,0.0,304424.21785377065,304424.21785377065,6276.13928745594
607,209973.24708690442,0.0,209973.24708690442,209973.24708690442,4407.317379064887
608,983046.3331655253,0.0,983046.3331655253,983046.3331655253,18477.43188842606
609,699890.1755198763,0.0,699890.1755198763,699890.1755198763,13639.46036182498
610,1164179.1044776118,0.0,1164179.1044776118,1164179.1044776118,21702.24042704694
611,1164179.1044776118,0.0,1164179.1044776118,1164179.1044776118,21702.204118644473
612,1164179.1044776118,0.0,1164179.1044776118,1164179.1044776118,21702.16781036346
613,570289.8830095524,0.0,570289.8830095524,570289.8830095524,11286.324698120623
614,117835.0456638645,0.0,117835.0456638645,117835.0456638645,2476.1306196964297
615,202161.64324960668,0.0,202161.64324960668,202161.64324960668,3947.8129311525586
616,85188.12758887804,0.0,85188.12758887804,85188.12758887804,1782.6642715337016
617,108110.64638423224,0.0,108110.64638423224,108110.64638423224,2168.4092998039387
618,266948.92480951623,0.0,266948.92480951623,266948.92480951623,5082.553126817606
619,463087.0082463116,0.0,463087.0082463116,463087.0082463116,9297.995106888051
620,489269.0431746992,0.0,489269.0431746992,489269.0431746992,9787.053955710737
621,468409.49829256686,0.0,468409.49829256686,468409.49829256686,9397.589621292442
622,561487.1623940357,0.0,561487.1623940357,561487.1623940357,11123.555741629045
623,654476.6233088222,0.0,654476.6233088222,654476.6233088222,12819.415529836364
624,732297.3222451936,0.0,732297.3222451936,732297.3222451936,14218.6268282632
625,759780.5994475957,0.0,759780.5994475957,759780.5994475957,14708.6486096548
626,777129.5456495782,0.0,777129.5456495782,777129.5456495782,15016.898866674333
627,781989.8180746265,0.0,781989.8180746265,781989.8180746265,15103.089844734237
628,788258.3818554691,0.0,788258.3818554691,788258.3818554691,15214.168211497632
629,790187.38402358,0.0,790187.38402358,790187.38402358,15248.311005158383
630,789067.9183025032,0.0,789067.9183025032,789067.9183025032,15228.457738107285
631,786978.3572571581,0.0,786978.3572571581,786978.3572571581,15191.413441327799
632,805352.1761358525,0.0,805352.1761358525,805352.1761358525,15516.500166334128
633,842254.6050677242,0.0,842254.6050677242,842254.6050677242,16166.74959840619
634,842319.6421806894,0.0,842319.6421806894,842319.6421806894,16167.865475305844
635,787057.4375115746,0.0,787057.4375115746,787057.4375115746,15192.712633875772
636,764188.414478569,0.0,764188.414478569,764188.414478569,14786.776216039843
637,795283.6620246671,0.0,795283.6620246671,795283.6620246671,15338.32765038086
638,1400000.0,0.0,1400000.0,1400000.0,25612.68859417358
639,993785.5656069639,0.0,993785.5656069639,993785.5656069639,18800.932463672125
640,1026643.0382948637,0.0,1026643.0382948637,1026643.0382948637,19364.892484287957
641,787113.0193598066,0.0,787113.0193598066,787113.0193598066,15193.542459311886
642,787210.9242487254,0.0,787210.9242487254,787210.9242487254,15195.251726827753
643,788247.0772891188,0.0,788247.0772891188,788247.0772891188,15213.583347216872
644,786629.5934700209,0.0,786629.5934700209,786629.5934700209,15184.900466629899
645,772328.7938276887,0.0,772328.7938276887,772328.7938276887,14931.197642152232
646,745052.2028029251,0.0,745052.2028029251,745052.2028029251,14445.779010121865
647,692873.1406459062,0.0,692873.1406459062,692873.1406459062,13511.433310999855
648,612875.182650856,0.0,612875.182650856,612875.182650856,12063.538775987816
649,613398.3333747629,0.0,613398.3333747629,613398.3333747629,12073.0500734852
650,587624.3774233642,0.0,587624.3774233642,587624.3774233642,11602.424320658238
651,642634.3171628014,0.0,642634.3171628014,642634.3171628014,12604.32946499644
652,604290.217476809,0.0,604290.217476809,604290.217476809,11906.924013595306
653,596896.5056807685,0.0,596896.5056807685,596896.5056807685,11771.90575108894
654,399532.24633359886,0.0,399532.24633359886,399532.24633359886,8099.518317460106
655,405930.4059718857,0.0,405930.4059718857,405930.4059718857,8220.82276075181
656,1079523.191061923,0.0,1079523.191061923,1079523.191061923,20266.91195006706
657,349911.0188103773,0.0,349911.0188103773,349911.0188103773,7152.720559020801
658,622783.5194411093,0.0,622783.5194411093,622783.5194411093,12243.715064814109
659,465875.21471763885,0.0,465875.21471763885,465875.21471763885,9349.551814866643
660,418746.136867463,0.0,418746.136867463,418746.136867463,8463.256225217594
661,1131933.6268245592,0.0,1131933.6268245592,1131933.6268245592,21155.176824440663
662,331839.2970115278,0.0,331839.2970115278,331839.2970115278,6805.1421272879215
663,653220.3564292862,0.0,653220.3564292862,653220.3564292862,12795.819504972142
664,479247.26756810717,0.0,479247.26756810717,479247.26756810717,9599.417037329078
665,280943.38986474316,0.0,280943.38986474316,280943.38986474316,5817.835492958263
666,625048.2576885044,0.0,625048.2576885044,625048.2576885044,12284.73885686604
667,748739.861921729,0.0,748739.861921729,748739.861921729,14511.022246921133
668,785133.3140042322,0.0,785133.3140042322,785133.3140042322,15157.788920810865
669,789548.4468335622,0.0,789548.4468335622,789548.4468335622,15235.98599329935
670,788766.9683811732,0.0,788766.9683811732,788766.9683811732,15222.11896202382
671,780027.8063133999,0.0,780027.8063133999,780027.8063133999,15067.194074558742
672,738601.4853617549,0.0,738601.4853617549,738601.4853617549,14330.06003030706
673,792446.0565767002,0.0,792446.0565767002,792446.0565767002,15287.178113910399
674,792739.4058775078,0.0,792739.4058775078,792739.4058775078,15292.34560942351
675,792739.4058775078,0.0,792739.4058775078,792739.4058775078,15292.320026147003
676,792739.4058775078,0.0,792739.4058775078,792739.4058775078,15292.294442956045
677,792739.4058775078,0.0,792739.4058775078,792739.4058775078,15292.268859850643
678,792739.4058775078,0.0,792739.4058775078,792739.4058775078,15292.243276830788
679,792739.4058775078,0.0,792739.4058775078,792739.4058775078,15292.21769389648
680,1138297.2849212028,0.0,1138297.2849212028,1138297.2849212028,21261.980376376916
681,860391.006511114,0.0,860391.006511114,860391.006511114,16483.730037963687
682,781972.5834820502,0.0,781972.5834820502,781972.5834820502,15101.38959120635
683,512838.8461172396,0.0,512838.8461172396,512838.8461172396,10224.116388222927
684,309867.19014331326,0.0,309867.19014331326,309867.19014331326,6380.276396408952
685,292530.0778607998,0.0,292530.0778607998,292530.0778607998,6043.53892645667
686,354170.1334394692,0.0,354170.1334394692,354170.1334394692,7234.031871470502
687,385644.69433218334,0.0,385644.69433218334,385644.69433218334,7835.153409555312
688,624563.1848407235,0.0,624563.1848407235,624563.1848407235,12275.452422697545
689,684208.0584273923,0.0,684208.0584273923,684208.0584273923,13354.578454695675
690,748473.5314562669,0.0,748473.5314562669,748473.5314562669,14505.708156256429
691,790973.1629425021,0.0,790973.1629425021,790973.1629425021,15260.647637852133
692,780064.7754155446,0.0,780064.7754155446,780064.7754155446,15067.312809851173
693,787924.0005815978,0.0,787924.0005815978,787924.0005815978,15206.594146440078
694,779883.3570596776,0.0,779883.3570596776,779883.3570596776,15064.044737227772
695,781901.3230541671,0.0,781901.3230541671,781901.3230541671,15099.80516947136
696,775945.970274118,0.0,775945.970274118,775945.970274118,14994.139091352565
697,735054.8122664823,0.0,735054.8122664823,735054.8122664823,14266.140798049772
698,781829.7078783661,0.0,781829.7078783661,781829.7078783661,15098.45973557737
699,787110.4882652903,0.0,787110.4882652903,787110.4882652903,15192.029882844452
700,774596.7571259689,0.0,774596.7571259689,774596.7571259689,14970.092231018218
701,786313.4063765734,0.0,786313.4063765734,786313.4063765734,15177.856623854681
702,791141.1378977739,0.0,791141.1378977739,791141.1378977739,15263.341364456373
703,793880.8682219645,0.0,793880.8682219645,793880.8682219645,15311.814894752719
704,800888.0950861088,0.0,800888.0950861088,800888.0950861088,15435.74091168467
705,904079.8613057892,0.0,904079.8613057892,904079.8613057892,17246.33581063655
706,911855.5553665427,0.0,911855.5553665427,911855.5553665427,17381.65227378609
707,1033446.2593403624,0.0,1033446.2593403624,1033446.2593403624,19479.23422602418
708,1001140.2464393447,0.0,1001140.2464393447,1001140.2464393447,18925.25585330796
709,922937.2510337809,0.0,922937.2510337809,922937.2510337809,17574.197665207656
710,906343.2550602924,0.0,906343.2550602924,906343.2550602924,17285.60308448072
711,871524.0318779966,0.0,871524.0318779966,871524.0318779966,16677.86432806745
712,794425.5133130861,0.0,794425.5133130861,794425.5133130861,15321.220669477289
713,788423.9134918645,0.0,788423.9134918645,788423.9134918645,15214.938133283938
714,787768.0517219891,0.0,787768.0517219891,787768.0517219891,15203.294979803806
715,791565.1517356025,0.0,791565.1517356025,791565.1517356025,15270.513950961333
716,792739.4058775078,0.0,792739.4058775078,792739.4058775078,15291.275916569888
717,792739.4058775078,0.0,792739.4058775078,792739.4058775078,15291.250336870347
718,787531.3560486218,0.0,787531.3560486218,787531.3560486218,15199.00021266181
719,791823.8436440139,0.0,791823.8436440139,791823.8436440139,15274.991625855979
720,785677.5898729272,0.0,785677.5898729272,785677.5898729272,15166.105284050072
721,785520.8903099966,0.0,785520.8903099966,785520.8903099966,15163.303173807379
722,761482.0991097109,0.0,761482.0991097109,761482.0991097109,14736.521848601838
723,741689.7318139423,0.0,741689.7318139423,741689.7318139423,14383.942644674058
724,781294.0900113767,0.0,781294.0900113767,781294.0900113767,15088.30316108964
725,786583.2947171137,0.0,786583.2947171137,786583.2947171137,15182.026467919732
726,785929.5383534968,0.0,785929.5383534968,785929.5383534968,15170.417650667587
727,797641.1481873873,0.0,797641.1481873873,797641.1481873873,15377.727957215684
728,1400000.0,0.0,1400000.0,1400000.0,25609.03743114151
729,1400000.0,0.0,1400000.0,1400000.0,25608.99459875728
730,1400000.0,0.0,1400000.0,1400000.0,25608.951766516304
731,1400000.0,0.0,1400000.0,1400000.0,25608.908934418592
732,1242574.9545201082,0.0,1242574.9545201082,1242574.9545201082,23009.08445461017
733,1396946.0376569016,0.0,1396946.0376569016,1396946.0376569016,25558.828154922467
734,1400000.0,0.0,1400000.0,1400000.0,25608.78097214787
735,1400000.0,0.0,1400000.0,1400000.0,25608.738140621354
736,993315.7497236322,0.0,993315.7497236322,993315.7497236322,18789.852080849156
737,774090.0673502968,0.0,774090.0673502968,774090.0673502968,14960.156879009326
738,792117.0623810806,0.0,792117.0623810806,792117.0623810806,15279.685852668228
739,792397.1299192396,0.0,792397.1299192396,792397.1299192396,15284.617999774144
740,785428.3953806493,0.0,785428.3953806493,785428.3953806493,15161.170940291997
741,784667.2010659433,0.0,784667.2010659433,784667.2010659433,15147.656393009369
742,785768.0967060893,0.0,785768.0967060893,785768.0967060893,15167.139583553128
743,781540.2310514209,0.0,781540.2310514209,781540.2310514209,15092.176251215407
744,780896.155655588,0.0,780896.155655588,780896.155655588,15080.730711151178
745,748899.6235274049,0.0,748899.6235274049,748899.6235274049,14511.947975541254
746,736238.4065844842,0.0,736238.4065844842,736238.4065844842,14286.08644470868
747,762794.21114965,0.0,762794.21114965,762794.21114965,14759.226518833697
748,610739.2347741924,0.0,610739.2347741924,610739.2347741924,12022.555725405155
749,668600.4399228033,0.0,668600.4399228033,668600.4399228033,13071.875352069186
750,630082.5078549285,0.0,630082.5078549285,630082.5078549285,12374.446937368433
751,794296.3951878356,0.0,794296.3951878356,794296.3951878356,15317.927313808195
752,1358339.4897475122,0.0,1358339.4897475122,1358339.4897475122,24924.592217001675
753,1292567.8488395351,0.0,1292567.8488395351,1292567.8488395351,23838.987131830938
754,1214704.7749121469,0.0,1214704.7749121469,1214704.7749121469,22543.02546463306
755,1266793.5739957965,0.0,1266793.5739957965,1266793.5739957965,23411.251740778276
756,1302290.9519941567,0.0,1302290.9519941567,1302290.9519941567,23999.863542483647
757,1294245.2676605405,0.0,1294245.2676605405,1294245.2676605405,23866.615660563184
758,1286604.8060816356,0.0,1286604.8060816356,1286604.8060816356,23739.962030862007
759,1287390.6104957412,0.0,1287390.6104957412,1287390.6104957412,23752.94943809576
760,853312.1815752384,0.0,853312.1815752384,853312.1815752384,16357.441769219504
761,303413.12070634967,0.0,303413.12070634967,303413.12070634967,6254.233681239722
762,408760.1152401324,0.0,408760.1152401324,408760.1152401324,8272.85905988135
763,351332.6594580957,0.0,351332.6594580957,351332.6594580957,7178.635643219072
764,329394.3622345646,0.0,329394.3622345646,329394.3622345646,6756.771554033952
765,351880.7434094572,0.0,351880.7434094572,351880.7434094572,7189.122424304301
766,411009.18216852617,0.0,411009.18216852617,411009.18216852617,8315.37647916054
767,550381.9927199272,0.0,550381.9927199272,550381.9927199272,10916.45323519287
768,612436.8221739499,0.0,612436.8221739499,612436.8221739499,12053.077369426825
769,573444.4705830786,0.0,573444.4705830786,573444.4705830786,11340.293342367975
770,380865.592230593,0.0,380865.592230593,380865.592230593,7743.013183655823
771,200987.0616893301,0.0,200987.0616893301,200987.0616893301,4216.087482666207
772,144708.3736893375,0.0,144708.3736893375,144708.3736893375,3042.3597341726254
773,116857.84490348787,0.0,116857.84490348787,116857.84490348787,2455.8629880723656
774,41382.14452768583,0.0,41382.14452768583,41382.14452768583,867.0838124501748
775,213159.27873674035,0.0,213159.27873674035,213159.27873674035,3868.492541640188
776,1114505.982505062,0.0,1114505.982505062,1114505.982505062,20855.312061403765
777,267034.443643386,0.0,267034.443643386,267034.443643386,5544.1785572162335
778,274778.99341537914,0.0,274778.99341537914,274778.99341537914,5695.812442639386
779,420117.30732196884,0.0,420117.30732196884,420117.30732196884,8486.86119181216
780,450793.62481660163,0.0,450793.62481660163,450793.62481660163,9064.38055886879
781,588467.8472777782,0.0,588467.8472777782,588467.8472777782,11614.551434578929
782,726535.2378828872,0.0,726535.2378828872,726535.2378828872,14111.023316142971
783,663865.4959500082,0.0,663865.4959500082,663865.4959500082,12984.864540343555
784,506217.67094430514,0.0,506217.67094430514,506217.67094430514,10098.854225198591
785,86195.30186576629,0.0,86195.30186576629,86195.30186576629,1801.988483733066
786,37072.62823475635,0.0,37072.62823475635,37072.62823475635,769.2999688999931
787,27494.79294892355,0.0,27494.79294892355,27494.79294892355,567.0713970078697
788,0.0,0.0,0.0,0.0,-0.0
789,25552.586170805193,0.0,25552.586170805193,25552.586170805193,441.00059867322636
790,47165.757600887795,0.0,47165.757600887795,47165.757600887795,899.454999073199
791,23367.603545422004,0.0,23367.603545422004,23367.603545422004,486.3762594116626
792,37419.46759944742,0.0,37419.46759944742,37419.46759944742,732.8907490108056
793,43563.86781774679,0.0,43563.86781774679,43563.86781774679,872.2541365509601
794,61319.83131897409,0.0,61319.83131897409,61319.83131897409,1214.0235423833396
795,102336.57925041573,0.0,102336.57925041573,102336.57925041573,2001.91076173075
796,206628.65808926887,0.0,206628.65808926887,206628.65808926887,3959.601407234707
797,333671.3595204498,0.0,333671.3595204498,333671.3595204498,6786.103623896679
798,767189.1800029082,0.0,767189.1800029082,767189.1800029082,14834.207892434782
799,908742.9764042852,0.0,908742.9764042852,908742.9764042852,17322.660113836024
800,1400000.0,0.0,1400000.0,1400000.0,25603.043106191577
801,1400000.0,0.0,1400000.0,1400000.0,25603.000293852543
802,1400000.0,0.0,1400000.0,1400000.0,25602.95748165666
803,1400000.0,0.0,1400000.0,1400000.0,25602.91466960394
804,1157017.9462072926,0.0,1157017.9462072926,1157017.9462072926,21570.668801239688
805,689955.2999781809,0.0,689955.2999781809,689955.2999781809,13453.637118563538
806,987051.2797996162,0.0,987051.2797996162,987051.2797996162,18677.590509977927
807,383896.6909391944,0.0,383896.6909391944,383896.6909391944,7799.183357946827
808,210349.79589197392,0.0,210349.79589197392,210349.79589197392,4412.2084987639355
809,268197.16781528,0.0,268197.16781528,268197.16781528,5524.0828445725265
810,266029.67964423733,0.0,266029.67964423733,266029.67964423733,5523.729737647957
811,161350.095786546,0.0,161350.095786546,161350.095786546,3383.7083325975077
812,72414.40580138087,0.0,72414.40580138087,72414.40580138087,1516.9582465926492
813,27052.731066690838,0.0,27052.731066690838,27052.731066690838,558.4111451682159
814,49996.35789537373,0.0,49996.35789537373,49996.35789537373,944.2672491995015
815,60886.122202130144,0.0,60886.122202130144,60886.122202130144,1241.2367401265897
816,153269.1931940556,0.0,153269.1931940556,153269.1931940556,2890.773434649935
817,212665.88229806948,0.0,212665.88229806948,212665.88229806948,4231.541108862995
818,279322.06428555615,0.0,279322.06428555615,279322.06428555615,5783.36707303278
819,326037.0558441258,0.0,326037.0558441258,326037.0558441258,6689.992270185261
820,288409.2612434787,0.0,288409.2612434787,288409.2612434787,5960.59538189831
821,314886.44791233324,0.0,314886.44791233324,314886.44791233324,6474.563663966398
822,431564.20182275143,0.0,431564.20182275143,431564.20182275143,8700.930975755542
823,640902.2311351422,0.0,640902.2311351422,640902.2311351422,12566.793752163585
824,702108.1889161216,0.0,702108.1889161216,702108.1889161216,13670.625729306199
825,575537.4123905385,0.0,575537.4123905385,575537.4123905385,11375.349896844424
826,372561.43649727944,0.0,372561.43649727944,372561.43649727944,7582.395606442372
827,403661.22839658696,0.0,403661.22839658696,403661.22839658696,8173.692754661751
828,453196.4687089545,0.0,453196.4687089545,453196.4687089545,9107.444243513723
829,1309096.9466837817,0.0,1309096.9466837817,1309096.9466837817,24105.25061319782
830,1251366.0857162322,0.0,1251366.0857162322,1251366.0857162322,23147.630350923388
831,1200014.1432739715,0.0,1200014.1432739715,1200014.1432739715,22290.2989535384
832,826228.1102673889,0.0,826228.1102673889,826228.1102673889,15876.47427616148
833,33832.856393155875,0.0,33832.856393155875,33832.856393155875,705.4776043388642
834,0.0,0.0,0.0,0.0,-0.0
835,0.0,0.0,0.0,0.0,-0.0
836,0.0,0.0,0.0,0.0,-0.0
837,0.0,0.0,0.0,0.0,-0.0
838,0.0,0.0,0.0,0.0,-0.0
839,24593.255124945572,0.0,24593.255124945572,24593.255124945572,425.29483712302755
840,88621.28702733216,0.0,88621.28702733216,88621.28702733216,1619.5734572875465
841,211630.32567714492,0.0,211630.32567714492,211630.32567714492,4009.353210037592
842,336758.6239262018,0.0,336758.6239262018,336758.6239262018,6895.796122130895
843,348149.209901959,0.0,348149.209901959,348149.209901959,7114.618625850347
844,542767.4283438344,0.0,542767.4283438344,542767.4283438344,10771.851255361917
845,687168.6896738963,0.0,687168.6896738963,687168.6896738963,13400.857446552705
846,749534.9227246232,0.0,749534.9227246232,749534.9227246232,14517.07885973204
847,711718.9947196657,0.0,711718.9947196657,711718.9947196657,13841.533698982923
848,815291.2937846308,0.0,815291.2937846308,815291.2937846308,15682.333403846776
849,831576.315332214,0.0,831576.315332214,831576.315332214,15969.127442161229
850,529152.3258948744,0.0,529152.3258948744,529152.3258948744,10520.420813404158
851,528236.756288178,0.0,528236.756288178,528236.756288178,10503.480316809046
852,955764.3396291421,0.0,955764.3396291421,955764.3396291421,18134.246709048486
853,517234.94378950883,0.0,517234.94378950883,517234.94378950883,10299.869298994861
854,399044.4613372176,0.0,399044.4613372176,399044.4613372176,8085.237067522914
855,536476.9835035907,0.0,536476.9835035907,536476.9835035907,10655.614220714671
856,1367209.9700038699,0.0,1367209.9700038699,1367209.9700038699,25060.158744584645
857,751051.5383293164,0.0,751051.5383293164,751051.5383293164,14543.821750946177
858,787107.8461898062,0.0,787107.8461898062,787107.8461898062,15184.050582010026
859,785574.0440967462,0.0,785574.0440967462,785574.0440967462,15156.861075902407
860,790069.9085455673,0.0,790069.9085455673,790069.9085455673,15236.440953888228
861,777533.1209373105,0.0,777533.1209373105,777533.1209373105,15014.300100322871
862,712689.8446547352,0.0,712689.8446547352,712689.8446547352,13858.578743031809
863,529062.9712209598,0.0,529062.9712209598,529062.9712209598,10518.535601768419
864,159926.29864364406,0.0,159926.29864364406,159926.29864364406,3354.603847094119
865,43099.2979561027,0.0,43099.2979561027,43099.2979561027,900.7697093096438
866,0.0,0.0,0.0,0.0,-0.0
867,0.0,0.0,0.0,0.0,-0.0
868,0.0,0.0,0.0,0.0,-0.0
869,0.0,0.0,0.0,0.0,-0.0
870,33677.30085176558,0.0,33677.30085176558,33677.30085176558,585.215688231058
871,356855.49884127366,0.0,356855.49884127366,356855.49884127366,6232.730017720803
872,1074264.1242601753,0.0,1074264.1242601753,1074264.1242601753,20164.020438577358
873,1358082.2367574363,0.0,1358082.2367574363,1358082.2367574363,24907.956912770635
874,285429.4366716606,0.0,285429.4366716606,285429.4366716606,5901.125820083905
875,315668.387623114,0.0,315668.387623114,315668.387623114,6488.1634552921705
876,313807.8889858648,0.0,313807.8889858648,313807.8889858648,6452.1675280003155
877,621470.6708415922,0.0,621470.6708415922,621470.6708415922,12211.263935193907
878,330748.464383672,0.0,330748.464383672,330748.464383672,6779.180682244179
879,618679.6067819684,0.0,618679.6067819684,618679.6067819684,12160.466046110714
880,558555.1685728682,0.0,558555.1685728682,558555.1685728682,11061.076285636042
881,765865.0734564465,0.0,765865.0734564465,765865.0734564465,14805.72670882916
882,784775.2047453895,0.0,784775.2047453895,784775.2047453895,15141.136193079537
883,788757.2843400107,0.0,788757.2843400107,788757.2843400107,15211.623453407863
884,792739.4058775078,0.0,792739.4058775078,792739.4058775078,15282.068805599207
885,725471.1942234669,0.0,725471.1942234669,725471.1942234669,14085.831055371164
886,792739.4058775078,0.0,792739.4058775078,792739.4058775078,15282.017891675645
887,792260.0637836437,0.0,792260.0637836437,792260.0637836437,15273.511805245302
888,784088.6793153894,0.0,784088.6793153894,784088.6793153894,15128.823565323373
889,668659.867183664,0.0,668659.867183664,668659.867183664,13065.596838702528
890,562571.6998265124,0.0,562571.6998265124,562571.6998265124,11134.690013533418
891,642207.2903826904,0.0,642207.2903826904,642207.2903826904,12587.335236553734
892,596545.6040135317,0.0,596545.6040135317,596545.6040135317,11756.823477759726
893,579714.8568136216,0.0,579714.8568136216,579714.8568136216,11449.043059750185
894,521311.96765927924,0.0,521311.96765927924,521311.96765927924,10373.925069068038
895,348597.7175498062,0.0,348597.7175498062,348597.7175498062,7122.07492534816
896,185495.61478188922,0.0,185495.61478188922,185495.61478188922,3894.763779656901
897,172673.74172629195,0.0,172673.74172629195,172673.74172629195,3618.374617193951
898,176663.86556484803,0.0,176663.86556484803,176663.86556484803,3674.0855052456313
899,191559.19490085568,0.0,191559.19490085568,191559.19490085568,3980.177754546231
900,284140.48347041773,0.0,284140.48347041773,284140.48347041773,5742.170011707268
901,376119.27838598326,0.0,376119.27838598326,376119.27838598326,7648.065924637936
902,278343.18327423674,0.0,278343.18327423674,278343.18327423674,5762.480277152624
903,344826.3214256596,0.0,344826.3214256596,344826.3214256596,7049.48965273307
904,316536.62251330365,0.0,316536.62251330365,316536.62251330365,6504.512877465069
905,581333.6289430049,0.0,581333.6289430049,581333.6289430049,11478.27053303657
906,702445.3922044686,0.0,702445.3922044686,702445.3922044686,13672.791850599428
907,697900.09562418,0.0,697900.09562418,697900.09562418,13591.19627238483
908,787073.3045698181,0.0,787073.3045698181,787073.3045698181,15180.950604039284
909,791506.5387990578,0.0,791506.5387990578,791506.5387990578,15259.392504061629
910,790651.3767967365,0.0,790651.3767967365,790651.3767967365,15244.234926422914
911,789773.8361526274,0.0,789773.8361526274,789773.8361526274,15228.679377353545
912,789616.3862849743,0.0,789616.3862849743,789616.3862849743,15225.867274405759
913,789890.9839679665,0.0,789890.9839679665,789890.9839679665,15230.701769543279
914,789704.6905056774,0.0,789704.6905056774,789704.6905056774,15227.379232774656
915,789036.5827087365,0.0,789036.5827087365,789036.5827087365,15215.5286677956
916,788055.199975715,0.0,788055.199975715,788055.199975715,15198.131204789086
917,786479.9991340766,0.0,786479.9991340766,786479.9991340766,15170.216903084058
918,754440.1886132244,0.0,754440.1886132244,754440.1886132244,14601.474003324669
919,727461.7717859279,0.0,727461.7717859279,727461.7717859279,14120.390330343876
920,634443.870993945,0.0,634443.870993945,634443.870993945,12445.784753014657
921,358748.74130264635,0.0,358748.74130264635,358748.74130264635,7316.094031391151
922,294821.96413052944,0.0,294821.96413052944,294821.96413052944,6083.358613514005
923,333110.97172086977,0.0,333110.97172086977,333110.97172086977,6824.028301691009
924,1187538.4452787782,0.0,1187538.4452787782,1187538.4452787782,22074.84509926507
925,1164179.1044776118,0.0,1164179.1044776118,1164179.1044776118,21682.56980131413
926,1164179.1044776118,0.0,1164179.1044776118,1164179.1044776118,21682.533558680578
927,1118228.3575945194,0.0,1118228.3575945194,1118228.3575945194,20907.58504477125
928,802178.7279256297,0.0,802178.7279256297,802178.7279256297,15447.584840328069
929,0.0,0.0,0.0,0.0,-0.0
930,0.0,0.0,0.0,0.0,-0.0
931,0.0,0.0,0.0,0.0,-0.0
932,33913.32333731061,0.0,33913.32333731061,33913.32333731061,588.9834040713029
933,87461.92048015248,0.0,87461.92048015248,87461.92048015248,1632.9749437435812
934,157077.04252175768,0.0,157077.04252175768,157077.04252175768,3056.6298932159248
935,231787.8881414769,0.0,231787.8881414769,231787.8881414769,4626.164099831775
936,318753.3535830299,0.0,318753.3535830299,318753.3535830299,6546.506967903575
937,496423.919343188,0.0,496423.919343188,496423.919343188,9910.679008773988
938,581762.8354638515,0.0,581762.8354638515,581762.8354638515,11484.683512147492
939,676978.7712735733,0.0,676978.7712735733,676978.7712735733,13213.339391514815
940,742250.748421258,0.0,742250.748421258,742250.748421258,14382.861874442806
941,777856.0958560443,0.0,777856.0958560443,777856.0958560443,15015.793539605584
942,786571.2457082208,0.0,786571.2457082208,786571.2457082208,15170.172834666293
943,796126.1792518912,0.0,796126.1792518912,796126.1792518912,15339.196088797044
944,847559.1980620297,0.0,847559.1980620297,847559.1980620297,16245.00756226896
945,822453.8667851596,0.0,822453.8667851596,822453.8667851596,15803.68901555217
946,558867.7317847183,0.0,558867.7317847183,558867.7317847183,11064.631281193955
947,482713.9813392302,0.0,482713.9813392302,482713.9813392302,9655.30714387314
948,560050.3075386831,0.0,560050.3075386831,560050.3075386831,11086.324616165775
949,658705.0077079486,0.0,658705.0077079486,658705.0077079486,12883.487602129902
950,676478.843235617,0.0,676478.843235617,676478.843235617,13204.091077735186
951,600116.4189634519,0.0,600116.4189634519,600116.4189634519,11819.817175276374
952,1327363.2804994106,0.0,1327363.2804994106,1327363.2804994106,24397.191038059813
953,768744.7646777862,0.0,768744.7646777862,768744.7646777862,14853.854181473396
954,786514.8052946182,0.0,786514.8052946182,786514.8052946182,15168.87122811113
955,792339.5567216324,0.0,792339.5567216324,792339.5567216324,15271.927041208999
956,792739.4058775078,0.0,792739.4058775078,792739.4058775078,15278.974347479756
957,792739.4058775078,0.0,792739.4058775078,792739.4058775078,15278.94880889702
958,792739.4058775078,0.0,792739.4058775078,792739.4058775078,15278.923270399617
959,792739.4058775078,0.0,792739.4058775078,792739.4058775078,15278.89773198753
960,791322.5942481122,0.0,791322.5942481122,791322.5942481122,15253.808792609594
961,789861.4960352783,0.0,789861.4960352783,789861.4960352783,15227.930892589271
962,791321.2687468325,0.0,791321.2687468325,791321.2687468325,15253.734353297805
963,775272.476601792,0.0,775272.476601792,775272.476601792,14969.431442584866
964,780090.3342635379,0.0,780090.3342635379,780090.3342635379,15054.819266867267
965,784084.3807410522,0.0,784084.3807410522,784084.3807410522,15125.55461456519
966,745347.6280071561,0.0,745347.6280071561,745347.6280071561,14437.424998313165
967,793351.201756787,0.0,793351.201756787,793351.201756787,15289.514576174846
968,810441.3544310258,0.0,810441.3544310258,810441.3544310258,15591.362461885252
969,866458.0803544368,0.0,866458.0803544368,866458.0803544368,16575.453176287087
970,844613.4837619823,0.0,844613.4837619823,844613.4837619823,16192.615404259355
971,959899.3294696358,0.0,959899.3294696358,959899.3294696358,18199.48768082934
972,1020836.4846578361,0.0,1020836.4846578361,1020836.4846578361,19247.35290634887
973,917882.9825162941,0.0,917882.9825162941,917882.9825162941,17471.790263965562
974,1299222.0787931143,0.0,1299222.0787931143,1299222.0787931143,23931.52092582997
975,1400000.0,0.0,1400000.0,1400000.0,25589.21778759591
976,1002820.3818934773,0.0,1002820.3818934773,1002820.3818934773,18938.310392040545
977,792739.4058775078,0.0,792739.4058775078,792739.4058775078,15278.433496664566
978,792739.4058775078,0.0,792739.4058775078,792739.4058775078,15278.407959888837
979,792739.4058775078,0.0,792739.4058775078,792739.4058775078,15278.382423198429
980,792739.4058775078,0.0,792739.4058775078,792739.4058775078,15278.356886593341
981,792739.4058775078,0.0,792739.4058775078,792739.4058775078,15278.331350073573
982,792739.4058775078,0.0,792739.4058775078,792739.4058775078,15278.305813639116
983,792739.4058775078,0.0,792739.4058775078,792739.4058775078,15278.280277289976
984,792739.4058775078,0.0,792739.4058775078,792739.4058775078,15278.254741026152
985,792739.4058775078,0.0,792739.4058775078,792739.4058775078,15278.229204847643
986,792739.4058775078,0.0,792739.4058775078,792739.4058775078,15278.203668754451
987,792739.4058775078,0.0,792739.4058775078,792739.4058775078,15278.178132746572
988,792739.4058775078,0.0,792739.4058775078,792739.4058775078,15278.15259682401
989,792739.4058775078,0.0,792739.4058775078,792739.4058775078,15278.127060986757
990,792739.4058775078,0.0,792739.4058775078,792739.4058775078,15278.101525234822
991,877370.7578100774,0.0,877370.7578100774,877370.7578100774,16765.620544973975
992,815885.70802109,0.0,815885.70802109,815885.70802109,15686.734494197133
993,924176.9666931897,0.0,924176.9666931897,924176.9666931897,17580.476188549845
994,1025227.252753404,0.0,1025227.252753404,1025227.252753404,19321.826644802575
995,1032522.8271523882,0.0,1032522.8271523882,1032522.8271523882,19446.600386305716
996,1088156.8282465767,0.0,1088156.8282465767,1088156.8282465767,20394.381846161195
997,1079532.0492487256,0.0,1079532.0492487256,1079532.0492487256,20247.8599105631
998,979385.2786790495,0.0,979385.2786790495,979385.2786790495,18534.68610703315
999,905077.1953968506,0.0,905077.1953968506,905077.1953968506,17248.42050446203
1000,1400000.0,0.0,1400000.0,1400000.0,25588.19473210225
1001,968597.841738062,0.0,968597.841738062,968597.841738062,18348.68546429233
1002,792561.0362678057,0.0,792561.0362678057,792561.0362678057,15274.634409264063
1003,789412.7463408988,0.0,789412.7463408988,789412.7463408988,15218.910523614904
1004,787418.0490789235,0.0,787418.0490789235,787418.0490789235,15183.582004877833
1005,778127.5974777,0.0,778127.5974777,778127.5974777,15018.989551553033
1006,729761.851845974,0.0,729761.851845974,729761.851845974,14158.438884030444
1007,787677.0431210097,0.0,787677.0431210097,787677.0431210097,15188.090432916324
1008,352715.4673082149,0.0,352715.4673082149,352715.4673082149,7198.9335416808435
1009,566584.3095230318,0.0,566584.3095230318,566584.3095230318,11205.116548479567
1010,618603.0647804209,0.0,618603.0647804209,618603.0647804209,12155.322961015074
1011,653336.106363125,0.0,653336.106363125,653336.106363125,12785.088862720779
1012,530696.0736884408,0.0,530696.0736884408,530696.0736884408,10544.382623233156
1013,508040.9239086172,0.0,508040.9239086172,508040.9239086172,10125.062187442489
1014,530728.5646669915,0.0,530728.5646669915,530728.5646669915,10544.947502739384
1015,379311.5811851585,0.0,379311.5811851585,379311.5811851585,7706.780002885902
1016,263784.7373541611,0.0,263784.7373541611,263784.7373541611,5476.034886786754
1017,228753.09393467486,0.0,228753.09393467486,228753.09393467486,4785.482686038725
1018,683338.8988193215,0.0,683338.8988193215,683338.8988193215,13326.047252477749
1019,1219847.6580164658,0.0,1219847.6580164658,1219847.6580164658,22610.578947914768
1020,1251916.3832500926,0.0,1251916.3832500926,1251916.3832500926,23145.013771206464
1021,1304133.5178178875,0.0,1304133.5178178875,1304133.5178178875,24010.929744250465
1022,1310716.4150594492,0.0,1310716.4150594492,1310716.4150594492,24119.68565057891
1023,1254872.1871895287,0.0,1254872.1871895287,1254872.1871895287,23194.057357487833
1024,925189.9672054555,0.0,925189.9672054555,925189.9672054555,17597.137771320948
1025,214057.31429487624,0.0,214057.31429487624,214057.31429487624,4493.377487932214
1026,442175.0669000822,0.0,442175.0669000822,442175.0669000822,8895.45086301268
1027,645967.1596879617,0.0,645967.1596879617,645967.1596879617,12651.439793238118
1028,682537.3760408519,0.0,682537.3760408519,682537.3760408519,13311.3991161391
1029,758719.5443484491,0.0,758719.5443484491,758719.5443484491,14673.855525897221
1030,780931.2876151503,0.0,780931.2876151503,780931.2876151503,15068.042272555624
1031,724298.8599271479,0.0,724298.8599271479,724298.8599271479,14060.237778524795
1032,716204.1312025647,0.0,716204.1312025647,716204.1312025647,13915.440770953624
1033,550868.3617708058,0.0,550868.3617708058,550868.3617708058,10915.877105223404
1034,396375.84764067293,0.0,396375.84764067293,396375.84764067293,8030.810175530294
1035,257124.4872334752,0.0,257124.4872334752,257124.4872334752,5345.139843233783
1036,205740.24456937014,0.0,205740.24456937014,205740.24456937014,4317.34962045529
1037,219342.7308351751,0.0,219342.7308351751,219342.7308351751,4563.658686300158
1038,231071.97974047525,0.0,231071.97974047525,231071.97974047525,4831.2314209271535
1039,622783.2520743407,0.0,622783.2520743407,622783.2520743407,12230.681588381967
1040,1219823.2641659856,0.0,1219823.2641659856,1219823.2641659856,22609.3480569954
1041,1393509.1819743777,0.0,1393509.1819743777,1393509.1819743777,25480.258181140613
1042,837056.1911924508,0.0,837056.1911924508,837056.1911924508,16057.910805238855
1043,750084.4406593072,0.0,750084.4406593072,750084.4406593072,14519.855013685492
1044,979623.4857236672,0.0,979623.4857236672,979623.4857236672,18537.328981437164
1045,1226730.549734624,0.0,1226730.549734624,1226730.549734624,22724.45167691093
1046,321872.70096580626,0.0,321872.70096580626,321872.70096580626,6605.422704660112
1047,210391.47439394277,0.0,210391.47439394277,210391.47439394277,4409.802005672344
1048,226404.1291354977,0.0,226404.1291354977,226404.1291354977,4702.737909872511
1049,386603.4094564882,0.0,386603.4094564882,386603.4094564882,7844.989037547535
1050,524591.8344344231,0.0,524591.8344344231,524591.8344344231,10430.835523249792
1051,528715.8178274562,0.0,528715.8178274562,528715.8178274562,10507.036821340917
1052,576908.1623405523,0.0,576908.1623405523,576908.1623405523,11393.487414383444
1053,609506.7140775685,0.0,609506.7140775685,609506.7140775685,11988.831427879955
1054,603239.5485997648,0.0,603239.5485997648,603239.5485997648,11874.61168209075
1055,678638.0502903431,0.0,678638.0502903431,678638.0502903431,13240.535863511304
1056,665069.0727297182,0.0,665069.0727297182,665069.0727297182,12995.953045066442
1057,770089.8394723044,0.0,770089.8394723044,770089.8394723044,14875.040751322054
1058,788203.8549342178,0.0,788203.8549342178,788203.8549342178,15196.02921302022
1059,782144.5015136737,0.0,782144.5015136737,782144.5015136737,15088.719493842033
1060,782676.7988346978,0.0,782676.7988346978,782676.7988346978,15098.12283833295
1061,792739.4058775078,0.0,792739.4058775078,792739.4058775078,15276.193052206336
1062,788167.0160027879,0.0,788167.0160027879,788167.0160027879,15195.275696073399
1063,1055158.085938776,0.0,1055158.085938776,1055158.085938776,19830.74254571293
1064,1400000.0,0.0,1400000.0,1400000.0,25585.453547868925
1065,1400000.0,0.0,1400000.0,1400000.0,25585.410794321757
1066,1400000.0,0.0,1400000.0,1400000.0,25585.368040917434
1067,1400000.0,0.0,1400000.0,1400000.0,25585.325287655985
1068,1400000.0,0.0,1400000.0,1400000.0,25585.282534537382
1069,1254348.4928563111,0.0,1254348.4928563111,1254348.4928563111,23183.50855560456
1070,834733.8760549376,0.0,834733.8760549376,834733.8760549376,16016.302401665227
1071,904356.7543435603,0.0,904356.7543435603,904356.7543435603,17233.721535226192
1072,683530.6666839157,0.0,683530.6666839157,683530.6666839157,13328.195276037615
1073,720511.1441941336,0.0,720511.1441941336,720511.1441941336,13991.441196701611
1074,776710.66046238,0.0,776710.66046238,776710.66046238,14992.041466964281
1075,787214.9191901805,0.0,787214.9191901805,787214.9191901805,15178.086314669476
1076,791403.933839754,0.0,791403.933839754,791403.933839754,15252.181527561688
1077,790531.3722487779,0.0,790531.3722487779,790531.3722487779,15236.720791364129
1078,788059.7939606908,0.0,788059.7939606908,788059.7939606908,15192.963176373494
1079,787074.3920510226,0.0,787074.3920510226,787074.3920510226,15175.497539345171
1080,777871.2283293486,0.0,777871.2283293486,777871.2283293486,15012.463430718864
1081,792739.4058775078,0.0,792739.4058775078,792739.4058775078,15275.67400682949
1082,726224.236150076,0.0,726224.236150076,726224.236150076,14093.348957511713
1083,424426.6537462325,0.0,424426.6537462325,424426.6537462325,8560.49844559142
1084,382855.6377313521,0.0,382855.6377313521,382855.6377313521,7773.239772049011
1085,530108.3298837476,0.0,530108.3298837476,530108.3298837476,10532.140662553133
1086,445556.9969169857,0.0,445556.9969169857,445556.9969169857,8957.972556155295
1087,1041256.5446526974,0.0,1041256.5446526974,1041256.5446526974,19592.785972637277
1088,1400000.0,0.0,1400000.0,1400000.0,25584.474436705994
1089,1400000.0,0.0,1400000.0,1400000.0,25584.43168643032
1090,1348414.2431210263,0.0,1348414.2431210263,1348414.2431210263,24738.328645695863
1091,1327180.9773915964,0.0,1327180.9773915964,1327180.9773915964,24388.615060376414
1092,1345262.9373576636,0.0,1345262.9373576636,1345262.9373576636,24686.403117422145
1093,1391875.7888876174,0.0,1391875.7888876174,1391875.7888876174,25451.337317598875
1094,1400000.0,0.0,1400000.0,1400000.0,25584.218548269117
1095,1400000.0,0.0,1400000.0,1400000.0,25584.175798848413
1096,1400000.0,0.0,1400000.0,1400000.0,25584.133049570562
1097,548038.4675863322,0.0,548038.4675863322,548038.4675863322,10862.519944621934
1098,527100.1148907043,0.0,527100.1148907043,527100.1148907043,10476.324191003609
1099,711923.0341759303,0.0,711923.0341759303,711923.0341759303,13837.143818951989
1100,760889.2369685248,0.0,760889.2369685248,760889.2369685248,14710.57396177116
1101,721636.181933264,0.0,721636.181933264,721636.181933264,14010.892047576974
1102,495903.0197388206,0.0,495903.0197388206,495903.0197388206,9898.090304927167
1103,667116.3477168528,0.0,667116.3477168528,667116.3477168528,13031.837313454924
1104,491862.52503062517,0.0,491862.52503062517,491862.52503062517,9822.927210831413
1105,407658.9489287572,0.0,407658.9489287572,407658.9489287572,8243.486011740184
1106,316376.7043415482,0.0,316376.7043415482,316376.7043415482,6498.558518386996
1107,326202.14415103756,0.0,326202.14415103756,326202.14415103756,6688.183447411594
1108,328229.43572618073,0.0,328229.43572618073,328229.43572618073,6727.242001329448
1109,287755.9363290263,0.0,287755.9363290263,287755.9363290263,5943.3834469200465
1110,286515.33790600626,0.0,286515.33790600626,286515.33790600626,5919.214231860299
1111,878554.041371374,0.0,878554.041371374,878554.041371374,16782.844466770985
1112,1274379.9037641445,0.0,1274379.9037641445,1274379.9037641445,23514.59869322355
1113,1238082.6791442072,0.0,1238082.6791442072,1238082.6791442072,22911.156218777196
1114,1237882.090073037,0.0,1237882.090073037,1237882.090073037,22907.776138279696
1115,1247913.3893305946,0.0,1247913.3893305946,1247913.3893305946,23074.760493934104
1116,1259307.8995093915,0.0,1259307.8995093915,1259307.8995093915,23264.2008841554
1117,1279793.5722597353,0.0,1279793.5722597353,1279793.5722597353,23604.177817080978
1118,1292097.167664487,0.0,1292097.167664487,1292097.167664487,23807.958629109966
1119,1272797.2046006417,0.0,1272797.2046006417,1272797.2046006417,23488.067279402192
1120,1036457.8069689164,0.0,1036457.8069689164,1036457.8069689164,19509.75212266604
1121,63442.98946288526,0.0,63442.98946288526,63442.98946288526,1326.4154495244195
1122,43646.31499716356,0.0,43646.31499716356,43646.31499716356,911.0262137205658
1123,100527.18743744807,0.0,100527.18743744807,100527.18743744807,1896.2900744397891
1124,83827.84165411232,0.0,83827.84165411232,83827.84165411232,1753.2843530378605
1125,14131.103455423246,0.0,14131.103455423246,14131.103455423246,290.71746241950353
1126,0.0,0.0,0.0,0.0,-0.0
1127,0.0,0.0,0.0,0.0,-0.0
1128,0.0,0.0,0.0,0.0,-0.0
1129,42079.11781446359,0.0,42079.11781446359,42079.11781446359,733.2875070745429
1130,30137.958783683513,0.0,30137.958783683513,30137.958783683513,631.7668315167969
1131,37126.93761055448,0.0,37126.93761055448,37126.93761055448,769.5573002176582
1132,49924.98864724534,0.0,49924.98864724534,49924.98864724534,977.0279827355307
1133,97335.1152827769,0.0,97335.1152827769,97335.1152827769,1872.9934022096318
1134,160093.5494471727,0.0,160093.5494471727,160093.5494471727,3145.7759677158765
1135,772026.4704495436,0.0,772026.4704495436,772026.4704495436,14228.986939119883
1136,1132523.0388593455,0.0,1132523.0388593455,1132523.0388593455,21138.765425422876
1137,1264036.2937088103,0.0,1264036.2937088103,1264036.2937088103,23340.131729549972
1138,1213246.2072211262,0.0,1213246.2072211262,1213246.2072211262,22494.081902225196
1139,1349858.1000061866,0.0,1349858.1000061866,1349858.1000061866,24758.206129576272
1140,1386820.5020604357,0.0,1386820.5020604357,1386820.5020604357,25364.6965414204
1141,1400000.0,0.0,1400000.0,1400000.0,25580.32075478043
1142,1400000.0,0.0,1400000.0,1400000.0,25580.278018382596
1143,1400000.0,0.0,1400000.0,1400000.0,25580.235282127538
1144,1400000.0,0.0,1400000.0,1400000.0,25580.192546015238
1145,973004.8651697871,0.0,973004.8651697871,973004.8651697871,18418.69700815028
1146,792739.4058775078,0.0,792739.4058775078,792739.4058775078,15272.749669440149
1147,792739.4058775078,0.0,792739.4058775078,792739.4058775078,15272.724151650611
1148,792739.4058775078,0.0,792739.4058775078,792739.4058775078,15272.698633946296
1149,792739.4058775078,0.0,792739.4058775078,792739.4058775078,15272.673116327203
1150,792739.4058775078,0.0,792739.4058775078,792739.4058775078,15272.647598793332
1151,792739.4058775078,0.0,792739.4058775078,792739.4058775078,15272.622081344682
1152,792739.4058775078,0.0,792739.4058775078,792739.4058775078,15272.596563981258
1153,792739.4058775078,0.0,792739.4058775078,792739.4058775078,15272.571046703042
1154,792739.4058775078,0.0,792739.4058775078,792739.4058775078,15272.545529510055
1155,792739.4058775078,0.0,792739.4058775078,792739.4058775078,15272.520012402292
1156,792739.4058775078,0.0,792739.4058775078,792739.4058775078,15272.494495379746
1157,792739.4058775078,0.0,792739.4058775078,792739.4058775078,15272.468978442417
1158,792739.4058775078,0.0,792739.4058775078,792739.4058775078,15272.443461590301
1159,969465.8599178611,0.0,969465.8599178611,969465.8599178611,18357.279435757373
1160,1036928.9437427733,0.0,1036928.9437427733,1036928.9437427733,19514.95328922384
1161,1400000.0,0.0,1400000.0,1400000.0,25579.499116606676
1162,1400000.0,0.0,1400000.0,1400000.0,25579.45638295364
1163,1400000.0,0.0,1400000.0,1400000.0,25579.41364944335
1164,1260585.1845522579,0.0,1260585.1845522579,1260585.1845522579,23281.777968594797
1165,798900.8915720473,0.0,798900.8915720473,798900.8915720473,15381.150162652802
1166,1240990.4931695084,0.0,1240990.4931695084,1240990.4931695084,22955.79937141409
1167,416762.6937526503,0.0,416762.6937526503,416762.6937526503,8413.913005368147
1168,809460.3590286934,0.0,809460.3590286934,809460.3590286934,15567.45549898159
1169,786020.3194057441,0.0,786020.3194057441,786020.3194057441,15153.295787031482
1170,789500.7275615069,0.0,789500.7275615069,789500.7275615069,15214.853883336564
1171,726722.4691833525,0.0,726722.4691833525,726722.4691833525,14098.956118061116
1172,792739.4058775078,0.0,792739.4058775078,792739.4058775078,15272.080151227028
1173,792739.4058775078,0.0,792739.4058775078,792739.4058775078,15272.05463567346
1174,789826.3244246608,0.0,789826.3244246608,789826.3244246608,15220.511877245988
1175,792739.4058775078,0.0,792739.4058775078,792739.4058775078,15272.003612599923
1176,790916.1842732608,0.0,790916.1842732608,790916.1842732608,15239.723569017744
1177,792739.4058775078,0.0,792739.4058775078,792739.4058775078,15271.938580709142
1178,792739.4058775078,0.0,792739.4058775078,792739.4058775078,15271.91306562835
1179,792250.1110732185,0.0,792250.1110732185,792250.1110732185,15263.236127308966
1180,792739.4058775078,0.0,792739.4058775078,792739.4058775078,15271.862037027764
1181,792739.4058775078,0.0,792739.4058775078,792739.4058775078,15271.836522202597
1182,792739.4058775078,0.0,792739.4058775078,792739.4058775078,15271.811007462637
1183,1339494.089790389,0.0,1339494.089790389,1339494.089790389,24585.920911357327
1184,1400000.0,0.0,1400000.0,1400000.0,25578.535029205177
1185,1400000.0,0.0,1400000.0,1400000.0,25578.492298772668
1186,1400000.0,0.0,1400000.0,1400000.0,25578.4495684829
1187,1400000.0,0.0,1400000.0,1400000.0,25578.40683833586
1188,1400000.0,0.0,1400000.0,1400000.0,25578.36410833157
1189,1400000.0,0.0,1400000.0,1400000.0,25578.321378470002
1190,1400000.0,0.0,1400000.0,1400000.0,25578.278648751177
1191,1400000.0,0.0,1400000.0,1400000.0,25578.235919175087
1192,1400000.0,0.0,1400000.0,1400000.0,25578.19318974173
1193,1108527.7192236509,0.0,1108527.7192236509,1108527.7192236509,20731.25734298655
1194,744816.8588523715,0.0,744816.8588523715,744816.8588523715,14421.106620522829
1195,759214.5447104279,0.0,759214.5447104279,759214.5447104279,14677.224892802587
1196,738803.6572158105,0.0,738803.6572158105,738803.6572158105,14313.911294110034
1197,707307.7706320803,0.0,707307.7706320803,707307.7706320803,13751.022281075175
1198,731942.5767880826,0.0,731942.5767880826,731942.5767880826,14191.48607050827
1199,670364.5447604514,0.0,670364.5447604514,670364.5447604514,13087.154721740597
1200,626070.5366777907,0.0,626070.5366777907,626070.5366777907,12285.923401704122
1201,623990.7423398673,0.0,623990.7423398673,623990.7423398673,12248.136897580245
1202,539490.508307823,0.0,539490.508307823,539490.508307823,10702.176779853578
1203,641585.0449157973,0.0,641585.0449157973,641585.0449157973,12567.16529035475
1204,423890.73074375564,0.0,423890.73074375564,423890.73074375564,8547.821350648102
1205,488828.0614582082,0.0,488828.0614582082,488828.0614582082,9763.899362450915
1206,350009.2064088271,0.0,350009.2064088271,350009.2064088271,7143.878415506838
1207,1013521.2221885849,0.0,1013521.2221885849,1013521.2221885849,19112.9465562159
1208,1400000.0,0.0,1400000.0,1400000.0,25577.551402306737
1209,1374952.5250541563,0.0,1374952.5250541563,1374952.5250541563,25167.407829529944
1210,1235428.859919038,0.0,1235428.859919038,1235428.859919038,22861.509267485755
1211,1228542.786252394,0.0,1228542.786252394,1228542.786252394,22746.691596117274
1212,1192640.6714583968,0.0,1192640.6714583968,1192640.6714583968,22146.68109660705
1213,1194129.7094724893,0.0,1194129.7094724893,1194129.7094724893,22171.579846968933
1214,1190218.316823693,0.0,1190218.316823693,1190218.316823693,22106.03221370318
1215,1194934.473872154,0.0,1194934.473872154,1194934.473872154,22184.980614986318
1216,1017175.1167818556,0.0,1017175.1167818556,1017175.1167818556,19175.24867202066
1217,163013.4710544528,0.0,163013.4710544528,163013.4710544528,3412.920887391858
1218,135103.69529124812,0.0,135103.69529124812,135103.69529124812,2836.6754434115355
1219,230435.0457240895,0.0,230435.0457240895,230435.0457240895,4524.666988032047
1220,310722.5562304065,0.0,310722.5562304065,310722.5562304065,6387.1534371266125
1221,538847.275419956,0.0,538847.275419956,538847.275419956,10689.678382046231
1222,606992.0094813821,0.0,606992.0094813821,606992.0094813821,11938.21536985521
1223,695877.5112393948,0.0,695877.5112393948,695877.5112393948,13545.101634035485
1224,661640.6610480463,0.0,661640.6610480463,661640.6610480463,12928.923935350165
1225,600289.8540258363,0.0,600289.8540258363,600289.8540258363,11816.017407398514
1226,711304.2078618525,0.0,711304.2078618525,711304.2078618525,13821.55695649557
1227,661184.9696318317,0.0,661184.9696318317,661184.9696318317,12920.6350058438
1228,595579.5455089593,0.0,595579.5455089593,595579.5455089593,11730.034754288026
1229,608877.4796052264,0.0,608877.4796052264,608877.4796052264,11972.40971937425
1230,687999.1848583857,0.0,687999.1848583857,687999.1848583857,13403.462781090233
1231,939597.7882788521,0.0,939597.7882788521,939597.7882788521,17838.71661689754
1232,977140.9655489933,0.0,977140.9655489933,977140.9655489933,18486.791653301123
1233,1335112.7287718826,0.0,1335112.7287718826,1335112.7287718826,24511.195669899727
1234,1220759.5281038312,0.0,1220759.5281038312,1220759.5281038312,22615.43500267895
1235,1019184.4760264545,0.0,1019184.4760264545,1019184.4760264545,19208.571135802707
1236,990275.3195057123,0.0,990275.3195057123,990275.3195057123,18712.618299073736
1237,1078258.3665657146,0.0,1078258.3665657146,1078258.3665657146,20215.99830902422
1238,986772.8228223876,0.0,986772.8228223876,986772.8228223876,18652.341168660754
1239,964880.3791936582,0.0,964880.3791936582,964880.3791936582,18275.289314505742
1240,721426.2765860421,0.0,721426.2765860421,721426.2765860421,14002.293278524383
1241,750234.0393458094,0.0,750234.0393458094,750234.0393458094,14516.017873711095
1242,788673.1086981164,0.0,788673.1086981164,788673.1086981164,15197.95380318014
1243,790919.5682972448,0.0,790919.5682972448,790919.5682972448,15237.660310688836
1244,787489.1155671068,0.0,787489.1155671068,787489.1155671068,15176.956993302298
1245,791026.9436409504,0.0,791026.9436409504,791026.9436409504,15239.508156906053
1246,792300.859737854,0.0,792300.859737854,792300.859737854,15262.007303653534
1247,787359.2450191993,0.0,787359.2450191993,787359.2450191993,15174.583154502647
1248,747535.0623168619,0.0,747535.0623168619,747535.0623168619,14467.813152152636
1249,729018.7834624882,0.0,729018.7834624882,729018.7834624882,14137.706738963732
1250,742314.7889060475,0.0,742314.7889060475,742314.7889060475,14374.801601618823
1251,711022.5145014621,0.0,711022.5145014621,711022.5145014621,13815.928769274951
1252,706293.7071592101,0.0,706293.7071592101,706293.7071592101,13731.213873156577
1253,671283.9843388372,0.0,671283.9843388372,671283.9843388372,13102.17545505238
1254,604157.6715306842,0.0,604157.6715306842,604157.6715306842,11885.930631492802
1255,483781.72929034184,0.0,483781.72929034184,483781.72929034184,9668.847815541081
1256,378580.77196154796,0.0,378580.77196154796,378580.77196154796,7688.641086299957
1257,188045.71498532212,0.0,188045.71498532212,188045.71498532212,3942.155359079894
1258,152354.0682845161,0.0,152354.0682845161,152354.0682845161,3190.1135597221582
1259,144727.7003272499,0.0,144727.7003272499,144727.7003272499,3038.4145761141963
1260,143341.42434496226,0.0,143341.42434496226,143341.42434496226,3000.268625524801
1261,186421.3833941852,0.0,186421.3833941852,186421.3833941852,3738.3526084270143
1262,105888.7856488683,0.0,105888.7856488683,105888.7856488683,2223.4868922284086
1263,116764.80617190583,0.0,116764.80617190583,116764.80617190583,2416.4514226746132
1264,140389.4112209755,0.0,140389.4112209755,140389.4112209755,2871.565115194637
1265,198526.05704360927,0.0,198526.05704360927,198526.05704360927,3952.9112919635195
1266,393315.1314014098,0.0,393315.1314014098,393315.1314014098,7847.435538986952
1267,582624.6406558305,0.0,582624.6406558305,582624.6406558305,11492.001956387188
1268,674281.8582663694,0.0,674281.8582663694,674281.8582663694,13155.182416767315
1269,719666.7767481919,0.0,719666.7767481919,719666.7767481919,13969.460788532728
1270,674402.0853367482,0.0,674402.0853367482,674402.0853367482,13157.303344583572
1271,667998.657099498,0.0,667998.657099498,667998.657099498,13041.912606566764
1272,622800.5512555337,0.0,622800.5512555337,622800.5512555337,12224.093992837714
1273,626151.9514058864,0.0,626151.9514058864,626151.9514058864,12284.924556935119
1274,608818.4256517363,0.0,608818.4256517363,608818.4256517363,11969.80817983955
1275,665746.0228993772,0.0,665746.0228993772,665746.0228993772,13001.21232105663
1276,668811.2306928434,0.0,668811.2306928434,668811.2306928434,13056.450535515722
1277,688130.7930735585,0.0,688130.7930735585,688130.7930735585,13404.08993776703
1278,648566.2371409319,0.0,648566.2371409319,648566.2371409319,12690.913236739983
1279,631184.886043979,0.0,631184.886043979,631184.886043979,12376.118062261972
1280,444459.9758006313,0.0,444459.9758006313,444459.9758006313,8932.84893941102
1281,255721.85277692782,0.0,255721.85277692782,255721.85277692782,5314.251206519007
1282,310141.01331338973,0.0,310141.01331338973,310141.01331338973,6374.860986674119
1283,1336499.5350381904,0.0,1336499.5350381904,1336499.5350381904,24530.92947649573
1284,1332102.2907887104,0.0,1332102.2907887104,1332102.2907887104,24458.47493299046
1285,1312435.743762181,0.0,1312435.743762181,1312435.743762181,24134.1224465146
1286,1304469.442676598,0.0,1304469.442676598,1304469.442676598,24002.505708887726
1287,551848.8382402585,0.0,551848.8382402585,551848.8382402585,10927.26851523785
1288,121109.67393469381,0.0,121109.67393469381,121109.67393469381,2536.7876824712744
1289,91831.19786279545,0.0,91831.19786279545,91831.19786279545,1922.5303358677402
1290,132142.66424018884,0.0,132142.66424018884,132142.66424018884,2624.862086371035
1291,115498.68085614435,0.0,115498.68085614435,115498.68085614435,2425.0791155589764
1292,150399.71472840224,0.0,150399.71472840224,150399.71472840224,3045.9264414558393
1293,150012.5352689087,0.0,150012.5352689087,150012.5352689087,3143.2074197492507
1294,136981.66887451184,0.0,136981.66887451184,136981.66887451184,2873.5486232182934
1295,108755.5211323283,0.0,108755.5211323283,108755.5211323283,2280.4106840367976
1296,113069.55206947585,0.0,113069.55206947585,113069.55206947585,2366.0986857631824
1297,92054.37920048262,0.0,92054.37920048262,92054.37920048262,1926.9335179684977
1298,68883.93386325082,0.0,68883.93386325082,68883.93386325082,1444.8907370930742
1299,30819.625001840217,0.0,30819.625001840217,30819.625001840217,645.1085134334442
1300,0.0,0.0,0.0,0.0,-0.0
1301,0.0,0.0,0.0,0.0,-0.0
1302,0.0,0.0,0.0,0.0,-0.0
1303,576885.4500705199,0.0,576885.4500705199,576885.4500705199,9487.756888427535
1304,1050192.889097157,0.0,1050192.889097157,1050192.889097157,19733.595170253477
1305,1164179.1044776118,0.0,1164179.1044776118,1164179.1044776118,21662.580487765634
1306,1164179.1044776118,0.0,1164179.1044776118,1164179.1044776118,21662.54431190577
1307,1164179.1044776118,0.0,1164179.1044776118,1164179.1044776118,21662.508136166696
1308,1164179.1044776118,0.0,1164179.1044776118,1164179.1044776118,21662.471960548417
1309,1164179.1044776118,0.0,1164179.1044776118,1164179.1044776118,21662.435785050922
1310,1164179.1044776118,0.0,1164179.1044776118,1164179.1044776118,21662.39960967423
1311,1088465.8723565147,0.0,1088465.8723565147,1088465.8723565147,20384.19520764353
1312,770923.0385752559,0.0,770923.0385752559,770923.0385752559,14879.799972971885
1313,100031.90672843016,0.0,100031.90672843016,100031.90672843016,2096.0457596806855
1314,39736.54333074018,0.0,39736.54333074018,39736.54333074018,833.0791061450742
1315,62197.28515024232,0.0,62197.28515024232,62197.28515024232,1228.7224530150993
1316,87795.76682449273,0.0,87795.76682449273,87795.76682449273,1739.683753616702
1317,97807.07515619311,0.0,97807.07515619311,97807.07515619311,2017.496429178854
1318,61370.405277247155,0.0,61370.405277247155,61370.405277247155,1284.583198739364
1319,63984.27272396444,0.0,63984.27272396444,63984.27272396444,1336.3619605779838
1320,82307.74229640025,0.0,82307.74229640025,82307.74229640025,1650.417380356665
1321,78930.71593294776,0.0,78930.71593294776,78930.71593294776,1655.0749444483436
1322,84018.77901823755,0.0,84018.77901823755,84018.77901823755,1756.0547862795052
1323,67392.48906432827,0.0,67392.48906432827,67392.48906432827,1414.9454005064276
1324,57258.85419157846,0.0,57258.85419157846,57258.85419157846,1191.3573703378447
1325,44120.28476383773,0.0,44120.28476383773,44120.28476383773,919.8913470738687
1326,64912.34348993714,0.0,64912.34348993714,64912.34348993714,1279.412969805829
1327,155000.51755583475,0.0,155000.51755583475,155000.51755583475,2913.455897012741
1328,349746.7310121092,0.0,349746.7310121092,349746.7310121092,6811.371656478398
1329,277429.9249990645,0.0,277429.9249990645,277429.9249990645,5737.801369610233
1330,573075.466920651,0.0,573075.466920651,573075.466920651,11314.177738348812
1331,452734.9976728498,0.0,452734.9976728498,452734.9976728498,9085.722850937143
1332,646676.5589469871,0.0,646676.5589469871,646676.5589469871,12653.55582691479
1333,795050.6285089212,0.0,795050.6285089212,795050.6285089212,15305.231812738952
1334,590601.7565747659,0.0,590601.7565747659,590601.7565747659,11634.587776719623
1335,816110.0669333384,0.0,816110.0669333384,816110.0669333384,15676.64531253883
1336,762807.6305787215,0.0,762807.6305787215,762807.6305787215,14734.137627011509
1337,150344.31273187342,0.0,150344.31273187342,150344.31273187342,3149.03325257161
1338,172052.57524940328,0.0,172052.57524940328,172052.57524940328,3531.015997343769
1339,383677.2424564129,0.0,383677.2424564129,383677.2424564129,7487.955231973059
1340,616473.9729025553,0.0,616473.9729025553,616473.9729025553,12105.50579503643
1341,735840.4792111204,0.0,735840.4792111204,735840.4792111204,14253.933962303483
1342,746361.6423903452,0.0,746361.6423903452,746361.6423903452,14441.317946286663
1343,773966.8045497771,0.0,773966.8045497771,773966.8045497771,14931.56381494173
1344,784414.1772272078,0.0,784414.1772272078,784414.1772272078,15116.531931782138
1345,765343.6928704707,0.0,765343.6928704707,765343.6928704707,14778.576636702694
1346,785100.2221964992,0.0,785100.2221964992,785100.2221964992,15128.620000366445
1347,784772.2240738855,0.0,784772.2240738855,784772.2240738855,15122.791486289374
1348,783861.2099013579,0.0,783861.2099013579,783861.2099013579,15106.646225583683
1349,788128.8956310551,0.0,788128.8956310551,788128.8956310551,15182.116603423994
1350,790607.3427175067,0.0,790607.3427175067,790607.3427175067,15225.912718090696
1351,795115.2957410648,0.0,795115.2957410648,795115.2957410648,15305.5504115477
1352,803514.7954968506,0.0,803514.7954968506,803514.7954968506,15453.81404941202
1353,927807.2388806507,0.0,927807.2388806507,927807.2388806507,17626.93044216533
1354,866501.5900545408,0.0,866501.5900545408,866501.5900545408,16559.903117833543
1355,1125610.4335685964,0.0,1125610.4335685964,1125610.4335685964,21009.3288816473
1356,1387329.411425088,0.0,1387329.411425088,1387329.411425088,25358.10325526641
1357,987835.7398521834,0.0,987835.7398521834,987835.7398521834,18662.761295805103
1358,948453.041589939,0.0,948453.041589939,948453.041589939,17984.04488918251
1359,1400000.0,0.0,1400000.0,1400000.0,25565.204102380176
1360,1204731.8683142443,0.0,1204731.8683142443,1204731.8683142443,22338.189391179836
1361,802181.4172167263,0.0,802181.4172167263,802181.4172167263,15430.048628432325
1362,792739.4058775078,0.0,792739.4058775078,792739.4058775078,15263.284784795194
1363,792739.4058775078,0.0,792739.4058775078,792739.4058775078,15263.259298604247
1364,792739.4058775078,0.0,792739.4058775078,792739.4058775078,15263.233812498369
1365,792135.7730552774,0.0,792135.7730552774,792135.7730552774,15252.540669277982
1366,789029.8668981274,0.0,789029.8668981274,789029.8668981274,15197.611035584232
1367,782966.9910623375,0.0,782966.9910623375,782966.9910623375,15090.336058926154
1368,781320.714798564,0.0,781320.714798564,781320.714798564,15061.17201059536
1369,783672.5380325263,0.0,783672.5380325263,783672.5380325263,15102.77150392068
1370,784378.0850027149,0.0,784378.0850027149,784378.0850027149,15115.230768260635
1371,781634.2912297589,0.0,781634.2912297589,781634.2912297589,15066.647343366705
1372,780108.8491818579,0.0,780108.8491818579,780108.8491818579,15039.61703795804
1373,779056.7677495817,0.0,779056.7677495817,779056.7677495817,15020.963143148396
1374,778305.2810122417,0.0,778305.2810122417,778305.2810122417,15007.629986874941
1375,796891.2235243925,0.0,796891.2235243925,796891.2235243925,15336.299058575567
1376,798551.0197654399,0.0,798551.0197654399,798551.0197654399,15365.582292912844
1377,792803.8252675624,0.0,792803.8252675624,792803.8252675624,15264.041096827526
1378,749508.3029422789,0.0,749508.3029422789,749508.3029422789,14496.41424996932
1379,1323941.1378889983,0.0,1323941.1378889983,1323941.1378889983,24316.09503664814
1380,900315.4968619647,0.0,900315.4968619647,900315.4968619647,17148.822893878227
1381,848722.9642031743,0.0,848722.9642031743,848722.9642031743,16247.982256830022
1382,898238.050453186,0.0,898238.050453186,898238.050453186,17112.62169127784
1383,1400000.0,0.0,1400000.0,1400000.0,25564.22646778567
1384,965944.5907619238,0.0,965944.5907619238,965944.5907619238,18285.1421223612
1385,888261.1732565828,0.0,888261.1732565828,888261.1732565828,16938.805744811718
1386,787998.5023695444,0.0,787998.5023695444,787998.5023695444,15178.862753510675
1387,787532.5775523889,0.0,787532.5775523889,787532.5775523889,15170.597859176627
1388,784287.9033652362,0.0,784287.9033652362,784287.9033652362,15113.176759270453
1389,780992.6867830921,0.0,780992.6867830921,780992.6867830921,15054.83292991884
1390,788174.2046524897,0.0,788174.2046524897,788174.2046524897,15181.868412361224
1391,786033.9616425085,0.0,786033.9616425085,786033.9616425085,15143.99082963639
1392,787895.3623853972,0.0,787895.3623853972,787895.3623853972,15176.88683006731
1393,788780.381991355,0.0,788780.381991355,788780.381991355,15192.510938417372
1394,788623.0183808423,0.0,788623.0183808423,788623.0183808423,15189.703130724703
1395,786503.10365918,0.0,786503.10365918,786503.10365918,15152.187887800299
1396,786733.7971738854,0.0,786733.7971738854,786733.7971738854,15156.242891080568
1397,792460.3792320043,0.0,792460.3792320043,792460.3792320043,15257.458610405594
1398,789280.6041002405,0.0,789280.6041002405,789280.6041002405,15201.228343951976
1399,802480.3846787056,0.0,802480.3846787056,802480.3846787056,15434.342419427892
1400,788229.3271333706,0.0,788229.3271333706,788229.3271333706,15182.589603309505
1401,584361.2365212359,0.0,584361.2365212359,584361.2365212359,11518.977976763736
1402,645053.3184923129,0.0,645053.3184923129,645053.3184923129,12622.382817519037
1403,573482.8305110021,0.0,573482.8305110021,573482.8305110021,11319.941497153772
1404,480291.2927715194,0.0,480291.2927715194,480291.2927715194,9599.037312239408
1405,457716.08839571726,0.0,457716.08839571726,457716.08839571726,9177.567673552581
1406,513211.47074799595,0.0,513211.47074799595,513211.47074799595,10210.305501328476
1407,581187.1140243325,0.0,581187.1140243325,581187.1140243325,11460.838776829907
1408,275221.0438862852,0.0,275221.0438862852,275221.0438862852,5693.729831723724
1409,444320.3148786255,0.0,444320.3148786255,444320.3148786255,8926.530482534567
1410,616924.2842841393,0.0,616924.2842841393,616924.2842841393,12112.234487313382
1411,744201.2655418232,0.0,744201.2655418232,744201.2655418232,14401.179420642391
1412,704726.9301703279,0.0,704726.9301703279,704726.9301703279,13696.26010894909
1413,735902.3956739402,0.0,735902.3956739402,735902.3956739402,14253.300259252164
1414,522710.520074888,0.0,522710.520074888,522710.520074888,10385.8519483019
1415,632490.9054072903,0.0,632490.9054072903,632490.9054072903,12394.653185949535
1416,787534.1115384956,0.0,787534.1115384956,787534.1115384956,15169.900364734027
1417,726457.3399427088,0.0,726457.3399427088,726457.3399427088,14084.725099318492
1418,775668.9126917032,0.0,775668.9126917032,775668.9126917032,14959.836055662872
1419,706781.7364385719,0.0,706781.7364385719,706781.7364385719,13732.901021588383
1420,636278.8487910181,0.0,636278.8487910181,636278.8487910181,12463.183984938629
1421,610216.824208942,0.0,610216.824208942,610216.824208942,11990.04689195366
1422,709113.7038124978,0.0,709113.7038124978,709113.7038124978,13774.5825901595
1423,702696.3838249729,0.0,702696.3838249729,702696.3838249729,13659.631210229036
1424,671171.6309994081,0.0,671171.6309994081,671171.6309994081,13093.308455687982
1425,430551.7591649982,0.0,430551.7591649982,430551.7591649982,8667.620359293938
1426,532048.3423214338,0.0,532048.3423214338,532048.3423214338,10558.038435273966
1427,497661.1575525823,0.0,497661.1575525823,497661.1575525823,9921.67244755848
1428,510794.3070350082,0.0,510794.3070350082,510794.3070350082,10165.171907227932
1429,559534.9159906615,0.0,559534.9159906615,559534.9159906615,11063.751811998256
1430,483853.34587369533,0.0,483853.34587369533,483853.34587369533,9664.941736903573
1431,360671.457506553,0.0,360671.457506553,360671.457506553,7343.006364853121
1432,280395.2736612223,0.0,280395.2736612223,280395.2736612223,5794.424066403126
1433,352640.9756206828,0.0,352640.9756206828,352640.9756206828,7189.443824966216
1434,571260.7749252368,0.0,571260.7749252368,571260.7749252368,11278.663961040718
1435,428819.8204637055,0.0,428819.8204637055,428819.8204637055,8634.88656651422
1436,338799.56150614086,0.0,338799.56150614086,338799.56150614086,6924.085459156466
1437,237645.75978163292,0.0,237645.75978163292,237645.75978163292,4955.8420761437565
1438,368479.50602686097,0.0,368479.50602686097,368479.50602686097,7491.931595992095
1439,454824.86400294345,0.0,454824.86400294345,454824.86400294345,9122.932236785078
1440,480411.53277354705,0.0,480411.53277354705,480411.53277354705,9600.696053359967
1441,589341.987984446,0.0,589341.987984446,589341.987984446,11609.194956416502
1442,524696.9404142338,0.0,524696.9404142338,524696.9404142338,10422.064330750902
1443,495130.4110596842,0.0,495130.4110596842,495130.4110596842,9874.416064136036
1444,139213.275690353,0.0,139213.275690353,139213.275690353,2916.6671411417788
1445,285017.98526027513,0.0,285017.98526027513,285017.98526027513,5527.779287590021
1446,214098.18398309138,0.0,214098.18398309138,214098.18398309138,4488.897167847819
1447,1037305.2325367335,0.0,1037305.2325367335,1037305.2325367335,19506.837296257796
1448,1282264.995633377,0.0,1282264.995633377,1282264.995633377,23624.34976792433
1449,1188988.6448311757,0.0,1188988.6448311757,1188988.6448311757,22071.083323600942
1450,1194982.7937217124,0.0,1194982.7937217124,1194982.7937217124,22171.384532679665
1451,1222864.181724814,0.0,1222864.181724814,1222864.181724814,22637.10441747313
1452,1247891.7692398776,0.0,1247891.7692398776,1247891.7692398776,23053.8232119341
1453,1251558.3252781776,0.0,1251558.3252781776,1251558.3252781776,23114.73550809876
1454,1240867.4277461513,0.0,1240867.4277461513,1240867.4277461513,22936.90356519617
1455,1246473.4081480142,0.0,1246473.4081480142,1246473.4081480142,23030.12268371491
1456,1124904.5055734369,0.0,1124904.5055734369,1124904.5055734369,20993.458257931066
1457,363991.5065243429,0.0,363991.5065243429,363991.5065243429,7405.853981080913
1458,127867.34789251591,0.0,127867.34789251591,127867.34789251591,2680.448319700906
1459,192567.2746349833,0.0,192567.2746349833,192567.2746349833,3804.2644882024374
1460,226056.61216374332,0.0,226056.61216374332,226056.61216374332,4654.558272254039
1461,188698.71207185223,0.0,188698.71207185223,188698.71207185223,3952.4970375824255
1462,154868.42816116393,0.0,154868.42816116393,154868.42816116393,3248.6207666720197
1463,103237.57804626883,0.0,103237.57804626883,103237.57804626883,2158.8626261950094
1464,48648.38425620572,0.0,48648.38425620572,48648.38425620572,1020.6692226411458
1465,52417.5515916084,0.0,52417.5515916084,52417.5515916084,1095.5079113712336
1466,54642.38873307186,0.0,54642.38873307186,54642.38873307186,1139.4876871770791
1467,52170.34746477909,0.0,52170.34746477909,52170.34746477909,1090.6086862603838
1468,36322.909177905756,0.0,36322.909177905756,36322.909177905756,753.3040217074742
1469,27587.37433257861,0.0,27587.37433257861,27587.37433257861,567.9250089543546
1470,24854.167610507062,0.0,24854.167610507062,24854.167610507062,514.7258250981146
1471,5688.436403957062,0.0,5688.436403957062,5688.436403957062,-0.0
1472,1120100.2827902955,0.0,1120100.2827902955,1120100.2827902955,17424.937898284865
1473,1164179.1044776118,0.0,1164179.1044776118,1164179.1044776118,21652.21847061583
1474,1164179.1044776118,0.0,1164179.1044776118,1164179.1044776118,21652.18232934393
1475,1164179.1044776118,0.0,1164179.1044776118,1164179.1044776118,21652.14618819264
1476,1164179.1044776118,0.0,1164179.1044776118,1164179.1044776118,21652.11004716198
1477,1164179.1044776118,0.0,1164179.1044776118,1164179.1044776118,21652.07390625194
1478,354819.1420934457,0.0,354819.1420934457,354819.1420934457,7229.62661015784
1479,1164179.1044776118,0.0,1164179.1044776118,1164179.1044776118,21652.00481180254
1480,1033489.7195774871,0.0,1033489.7195774871,1033489.7195774871,19438.865353807592
1481,308169.1218744316,0.0,308169.1218744316,308169.1218744316,6332.417741074604
1482,83706.32326902782,0.0,83706.32326902782,83706.32326902782,1749.1650005894944
1483,157081.22273756357,0.0,157081.22273756357,157081.22273756357,3017.9126693880767
1484,178768.5029536726,0.0,178768.5029536726,178768.5029536726,3674.802613336322
1485,475129.02687261853,0.0,475129.02687261853,475129.02687261853,9212.20651448343
1486,453652.06278710713,0.0,453652.06278710713,453652.06278710713,9098.654831245207
1487,415193.8699686676,0.0,415193.8699686676,415193.8699686676,8375.869945003968
1488,471911.3631600129,0.0,471911.3631600129,471911.3631600129,9439.823083082041
1489,523582.6213894997,0.0,523582.6213894997,523582.6213894997,10398.85567333372
1490,568724.0269240092,0.0,568724.0269240092,568724.0269240092,11229.206636620467
1491,616999.6746428212,0.0,616999.6746428212,616999.6746428212,12109.904649700924
1492,660187.6926389165,0.0,660187.6926389165,660187.6926389165,12891.677960899391
1493,700399.5632708885,0.0,700399.5632708885,700399.5632708885,13614.599736571092
1494,715262.9248719825,0.0,715262.9248719825,715262.9248719825,13880.61567731788
1495,709071.8779813324,0.0,709071.8779813324,709071.8779813324,13769.855707272447
1496,743671.247656322,0.0,743671.247656322,743671.247656322,14387.316412799039
1497,872845.5793321653,0.0,872845.5793321653,872845.5793321653,16664.08914948746
1498,947205.8553917094,0.0,947205.8553917094,947205.8553917094,17955.45754509924
1499,888491.1306344083,0.0,888491.1306344083,888491.1306344083,16936.87466024114
1500,1133365.70177095,0.0,1133365.70177095,1133365.70177095,21131.85939181781
1501,1054210.1571331492,0.0,1054210.1571331492,1054210.1571331492,19790.675543252943
1502,1400000.0,0.0,1400000.0,1400000.0,25555.440868676076
1503,1046880.3391908945,0.0,1046880.3391908945,1046880.3391908945,19665.723326168736
1504,789424.9333847819,0.0,789424.9333847819,789424.9333847819,15198.597054553142
1505,780756.1089738309,0.0,780756.1089738309,780756.1089738309,15045.257991298393
1506,762240.4150021528,0.0,762240.4150021528,762240.4150021528,14717.094433258142
1507,774417.6492740882,0.0,774417.6492740882,774417.6492740882,14932.980890437258
1508,782826.5816684795,0.0,782826.5816684795,782826.5816684795,15081.818467526187
1509,748707.4464708914,0.0,748707.4464708914,748707.4464708914,14476.598528555094
1510,724579.7700526257,0.0,724579.7700526257,724579.7700526257,14046.677549338474
1511,660606.4176247633,0.0,660606.4176247633,660606.4176247633,12898.812969750046
1512,562784.6884087115,0.0,562784.6884087115,562784.6884087115,11119.907263489567
1513,346220.32076032157,0.0,346220.32076032157,346220.32076032157,7064.227644534526
1514,250419.63599074847,0.0,250419.63599074847,250419.63599074847,5205.870780380242
1515,342351.68105016276,0.0,342351.68105016276,342351.68105016276,6990.044290896557
1516,261131.7951329213,0.0,261131.7951329213,261131.7951329213,5416.097429054887
1517,241895.03657129186,0.0,241895.03657129186,241895.03657129186,5038.041091815515
1518,301414.95044773916,0.0,301414.95044773916,301414.95044773916,6200.930982855237
1519,193818.14755622455,0.0,193818.14755622455,193818.14755622455,4063.7595368416814
1520,211154.30316360848,0.0,211154.30316360848,211154.30316360848,4383.671514530427
1521,237245.78183460698,0.0,237245.78183460698,237245.78183460698,4908.8343171271945
1522,208104.75737004555,0.0,208104.75737004555,208104.75737004555,4358.140293695764
1523,445440.9017448465,0.0,445440.9017448465,445440.9017448465,8876.468539806725
1524,547017.1422619328,0.0,547017.1422619328,547017.1422619328,10830.016299705068
1525,456479.94689074054,0.0,456479.94689074054,456479.94689074054,9150.86767564161
1526,619439.5631732033,0.0,619439.5631732033,619439.5631732033,12153.379401529699
1527,621769.4819975098,0.0,621769.4819975098,621769.4819975098,12195.660066021916
1528,768166.7965992946,0.0,768166.7965992946,768166.7965992946,14821.53829949958
1529,787050.108080298,0.0,787050.108080298,787050.108080298,15155.841346002535
1530,761106.5538135687,0.0,761106.5538135687,761106.5538135687,14696.24045284593
1531,710013.6111623433,0.0,710013.6111623433,710013.6111623433,13785.737006165007
1532,786706.0683489412,0.0,786706.0683489412,786706.0683489412,15149.683124735919
1533,785423.2720813851,0.0,785423.2720813851,785423.2720813851,15126.97527636939
1534,786008.9057124628,0.0,786008.9057124628,786008.9057124628,15137.305805920832
1535,787618.7145078646,0.0,787618.7145078646,787618.7145078646,15165.742072878991
1536,792739.4058775078,0.0,792739.4058775078,792739.4058775078,15256.204843698546
1537,792739.4058775078,0.0,792739.4058775078,792739.4058775078,15256.179381130009
1538,791936.6367938505,0.0,791936.6367938505,791936.6367938505,15241.972790527147
1539,792517.5999065388,0.0,792517.5999065388,792517.5999065388,15252.210374577262
1540,792676.6955307741,0.0,792676.6955307741,792676.6955307741,15254.995266884622
1541,792527.5954558488,0.0,792527.5954558488,792527.5954558488,15252.336030994846
1542,792739.4058775078,0.0,792739.4058775078,792739.4058775078,15256.052073020219
1543,801772.999249657,0.0,801772.999249657,801772.999249657,15415.4883193125
1544,712097.7687102507,0.0,712097.7687102507,712097.7687102507,13822.717370393799
1545,324815.5933794001,0.0,324815.5933794001,324815.5933794001,6652.596376481116
1546,588563.8864162936,0.0,588563.8864162936,588563.8864162936,11590.827857084316
1547,604066.4801912348,0.0,604066.4801912348,604066.4801912348,11873.429527787834
1548,442349.82690638816,0.0,442349.82690638816,442349.82690638816,8885.788841771584
1549,429189.3218836527,0.0,429189.3218836527,429189.3218836527,8638.539739796084
1550,266186.78926019336,0.0,266186.78926019336,266186.78926019336,5514.68829092286
1551,223660.93047331378,0.0,223660.93047331378,223660.93047331378,4677.230930797319
1552,1105561.369335917,0.0,1105561.369335917,1105561.369335917,20660.3886161023
1553,476472.8553427544,0.0,476472.8553427544,476472.8553427544,9523.707605700858
1554,493243.15272052184,0.0,493243.15272052184,493243.15272052184,9835.683395993983
1555,465075.01777068665,0.0,465075.01777068665,465075.01777068665,9311.052368484532
1556,389618.6041687953,0.0,389618.6041687953,389618.6041687953,7890.950006891768
1557,367804.6312278489,0.0,367804.6312278489,367804.6312278489,7476.11240944294
1558,333875.36784137797,0.0,333875.36784137797,333875.36784137797,6826.737114620185
1559,195248.65448466243,0.0,195248.65448466243,195248.65448466243,4091.932477772503
1560,132972.55793687436,0.0,132972.55793687436,132972.55793687436,2781.052470388866
1561,107614.92043597077,0.0,107614.92043597077,107614.92043597077,2256.0109366775573
1562,73984.15562954986,0.0,73984.15562954986,73984.15562954986,1545.0309782625623
1563,42083.574329527684,0.0,42083.574329527684,42083.574329527684,879.193103593916
1564,33924.61952724774,0.0,33924.61952724774,33924.61952724774,706.0375590378501
1565,16301.610210925199,0.0,16301.610210925199,16301.610210925199,332.1615066202016
1566,0.0,0.0,0.0,0.0,-0.0
1567,750744.8596199217,0.0,750744.8596199217,750744.8596199217,12091.93368188169
1568,1113196.3802557113,0.0,1113196.3802557113,1113196.3802557113,20787.603445779812
1569,1164179.1044776118,0.0,1164179.1044776118,1164179.1044776118,21646.328473655638
1570,114990.67001113224,0.0,114990.67001113224,114990.67001113224,2402.156869738661
1571,253819.34784750294,0.0,253819.34784750294,253819.34784750294,4832.434899935015
1572,214440.60206780236,0.0,214440.60206780236,214440.60206780236,4493.437929955312
1573,431893.6532013609,0.0,431893.6532013609,431893.6532013609,8688.098027442787
1574,1164179.1044776118,0.0,1164179.1044776118,1164179.1044776118,21645.385052722446
1575,1180343.7207151041,0.0,1180343.7207151041,1180343.7207151041,21916.481801143822
1576,922592.3982481206,0.0,922592.3982481206,922592.3982481206,17525.30006162947
1577,360147.3144707777,0.0,360147.3144707777,360147.3144707777,7328.9483531817505
1578,149230.62547642493,0.0,149230.62547642493,149230.62547642493,3124.8511764795985
1579,249341.88583815118,0.0,249341.88583815118,249341.88583815118,4908.667174245183
1580,345471.0974892905,0.0,345471.0974892905,345471.0974892905,7048.025601682646
1581,314764.3990120698,0.0,314764.3990120698,314764.3990120698,6457.486690833544
1582,452849.1055295075,0.0,452849.1055295075,452849.1055295075,9080.824467825021
1583,490247.9899487398,0.0,490247.9899487398,490247.9899487398,9778.262953546484
1584,504209.35470243916,0.0,504209.35470243916,504209.35470243916,10037.323711263205
1585,548318.3044292042,0.0,548318.3044292042,548318.3044292042,10851.404868573187
1586,606950.6750428901,0.0,606950.6750428901,606950.6750428901,11923.602928051441
1587,615819.7834825253,0.0,615819.7834825253,615819.7834825253,12084.824985014777
1588,670473.6476753681,0.0,670473.6476753681,670473.6476753681,13073.138627970333
1589,730624.1673752513,0.0,730624.1673752513,730624.1673752513,14150.726161797018
1590,774210.756577872,0.0,774210.756577872,774210.756577872,14925.227343101758
1591,1400000.0,0.0,1400000.0,1400000.0,25548.572729660435
1592,1400000.0,0.0,1400000.0,1400000.0,25548.53009924736
1593,1400000.0,0.0,1400000.0,1400000.0,25548.48746897652
1594,1400000.0,0.0,1400000.0,1400000.0,25548.44483884792
1595,1400000.0,0.0,1400000.0,1400000.0,25548.402208861553
1596,1400000.0,0.0,1400000.0,1400000.0,25548.35957901742
1597,1400000.0,0.0,1400000.0,1400000.0,25548.31694931553
1598,1400000.0,0.0,1400000.0,1400000.0,25548.27431975586
1599,593191.0589704402,0.0,593191.0589704402,593191.0589704402,11672.698212106116
1600,1394459.8344071638,0.0,1394459.8344071638,1394459.8344071638,25457.672599244666
1601,978523.8211745333,0.0,978523.8211745333,978523.8211745333,18489.772501169275
1602,788443.0937728456,0.0,788443.0937728456,788443.0937728456,15176.699130183999
1603,790032.6515485425,0.0,790032.6515485425,790032.6515485425,15204.76088808163
1604,789805.7745696047,0.0,789805.7745696047,789805.7745696047,15200.72707679867
1605,789488.0670541074,0.0,789488.0670541074,789488.0670541074,15195.088265201315
1606,792605.2286824423,0.0,792605.2286824423,792605.2286824423,15250.127100292217
1607,790142.5648377548,0.0,790142.5648377548,790142.5648377548,15206.601280241654
1608,786562.4884704106,0.0,786562.4884704106,786562.4884704106,15143.308894830729
1609,772726.9616337353,0.0,772726.9616337353,772726.9616337353,14898.460406675824
1610,784742.7586946045,0.0,784742.7586946045,784742.7586946045,15111.087165102046
1611,787823.1523981907,0.0,787823.1523981907,787823.1523981907,15165.515349104113
1612,784800.8259057954,0.0,784800.8259057954,784800.8259057954,15112.063439780652
1613,788900.8072974378,0.0,788900.8072974378,788900.8072974378,15184.508862706898
1614,792087.8096961714,0.0,792087.8096961714,792087.8096961714,15240.78544500148
1615,799980.2054539646,0.0,799980.2054539646,799980.2054539646,15380.071570142642
1616,875110.1531681431,0.0,875110.1531681431,875110.1531681431,16698.078825295142
1617,831805.2249258545,0.0,831805.2249258545,831805.2249258545,15940.112445078754
1618,879611.4574006145,0.0,879611.4574006145,879611.4574006145,16776.534617967525
1619,923664.0676496984,0.0,923664.0676496984,923664.0676496984,17542.2215600408
1620,949040.1226146254,0.0,949040.1226146254,949040.1226146254,17981.130564960775
1621,981247.7193161253,0.0,981247.7193161253,981247.7193161253,18536.000006361995
1622,878177.5266710662,0.0,878177.5266710662,878177.5266710662,16751.41721508077
1623,921986.8105948418,0.0,921986.8105948418,921986.8105948418,17513.037754734378
1624,908659.7562874389,0.0,908659.7562874389,908659.7562874389,17281.80977765057
1625,803649.3961774197,0.0,803649.3961774197,803649.3961774197,15444.521608765826
1626,791085.5532720352,0.0,791085.5532720352,791085.5532720352,15222.774896771276
1627,792501.3812841598,0.0,792501.3812841598,792501.3812841598,15247.756270364485
1628,792739.4058775078,0.0,792739.4058775078,792739.4058775078,15251.934360035624
1629,792739.4058775078,0.0,792739.4058775078,792739.4058775078,15251.908911710272
1630,792739.4058775078,0.0,792739.4058775078,792739.4058775078,15251.8834634698
1631,792739.4058775078,0.0,792739.4058775078,792739.4058775078,15251.858015314201
1632,792739.4058775078,0.0,792739.4058775078,792739.4058775078,15251.832567243478
1633,792739.4058775078,0.0,792739.4058775078,792739.4058775078,15251.807119257628
1634,792739.4058775078,0.0,792739.4058775078,792739.4058775078,15251.781671356652
1635,791138.7975015588,0.0,791138.7975015588,791138.7975015588,15223.486767743789
1636,773201.2784785647,0.0,773201.2784785647,773201.2784785647,14906.186682193373
1637,482895.8752136002,0.0,482895.8752136002,482895.8752136002,9640.644564025795
1638,520230.3988877835,0.0,520230.3988877835,520230.3988877835,10332.814245619094
1639,50629.47688738595,0.0,50629.47688738595,50629.47688738595,1059.5588148140616
1640,24536.715006124497,0.0,24536.715006124497,24536.715006124497,508.2832877065771
1641,202800.6024020392,0.0,202800.6024020392,202800.6024020392,3609.915356158735
1642,646368.4834863534,0.0,646368.4834863534,646368.4834863534,12540.712126111763
1643,944820.4124957182,0.0,944820.4124957182,944820.4124957182,17906.407501618407
1644,919683.9999628817,0.0,919683.9999628817,919683.9999628817,17471.3777205187
1645,900382.9446393086,0.0,900382.9446393086,900382.9446393086,17136.293152131617
1646,846257.0981270912,0.0,846257.0981270912,846257.0981270912,16191.742329007673
1647,1053160.0823019384,0.0,1053160.0823019384,1053160.0823019384,19764.201604642334
1648,856960.2159438457,0.0,856960.2159438457,856960.2159438457,16379.046658390178
1649,800441.3995095788,0.0,800441.3995095788,800441.3995095788,15386.31802082185
1650,719646.0058564409,0.0,719646.0058564409,719646.0058564409,13952.445012030135
1651,773542.9330558747,0.0,773542.9330558747,773542.9330558747,14910.878366245024
1652,681808.8034030516,0.0,681808.8034030516,681808.8034030516,13274.67202814083
1653,731215.1503643085,0.0,731215.1503643085,731215.1503643085,14158.787168610537
1654,767555.0726828848,0.0,767555.0726828848,767555.0726828848,14804.714406867015
1655,647132.2739549853,0.0,647132.2739549853,647132.2739549853,12649.845393492595
1656,715866.559107162,0.0,715866.559107162,715866.559107162,13884.792850943611
1657,739362.4395534924,0.0,739362.4395534924,739362.4395534924,14303.828561513747
1658,767507.8735257173,0.0,767507.8735257173,767507.8735257173,14803.779524167025
1659,689257.4615857522,0.0,689257.4615857522,689257.4615857522,13408.257075185738
1660,772713.1329761943,0.0,772713.1329761943,772713.1329761943,14895.959659164182
1661,683632.4744104708,0.0,683632.4744104708,683632.4744104708,13307.230567475372
1662,668454.623294667,0.0,668454.623294667,668454.623294667,13034.272087665784
1663,694429.1937823608,0.0,694429.1937823608,694429.1937823608,13500.931172502242
1664,563641.3930495904,0.0,563641.3930495904,563641.3930495904,11130.42183075934
1665,531109.246718613,0.0,531109.246718613,531109.246718613,10532.39710861687
1666,430697.6216343191,0.0,430697.6216343191,430697.6216343191,8663.392546499574
1667,606189.8604926418,0.0,606189.8604926418,606189.8604926418,11907.30700828539
1668,778420.9695125723,0.0,778420.9695125723,778420.9695125723,14996.813414990163
1669,871403.9578954612,0.0,871403.9578954612,871403.9578954612,16630.853563558114
1670,1224255.1278790976,0.0,1224255.1278790976,1224255.1278790976,22644.925316052628
1671,1258868.0504201744,0.0,1258868.0504201744,1258868.0504201744,23220.487650222734
1672,731220.2586849703,0.0,731220.2586849703,731220.2586849703,14158.429362854074
1673,429395.905198948,0.0,429395.905198948,429395.905198948,8638.812956679505
1674,658971.4778447108,0.0,658971.4778447108,658971.4778447108,12863.138971009244
1675,776066.6948109958,0.0,776066.6948109958,776066.6948109958,14954.96944138184
1676,730316.0561993284,0.0,730316.0561993284,730316.0561993284,14142.217499423217
1677,704824.5272844789,0.0,704824.5272844789,704824.5272844789,13686.83676438732
1678,630925.0638344391,0.0,630925.0638344391,630925.0638344391,12356.13626115479
1679,561912.1734842403,0.0,561912.1734842403,561912.1734842403,11098.440281995845
1680,472253.54293669644,0.0,472253.54293669644,472253.54293669644,9441.071255916375
1681,415193.8699686676,0.0,415193.8699686676,415193.8699686676,8371.248798771107
1682,524986.7376281825,0.0,524986.7376281825,524986.7376281825,10419.146423307659
1683,459463.56487757823,0.0,459463.56487757823,459463.56487757823,9202.293682998099
1684,461946.8954374878,0.0,461946.8954374878,461946.8954374878,9248.677782713925
1685,397632.36992636044,0.0,397632.36992636044,397632.36992636044,8039.383833476284
1686,395808.80084389815,0.0,395808.80084389815,395808.80084389815,8004.843973404881
1687,507089.2077057835,0.0,507089.2077057835,507089.2077057835,10088.188092368828
1688,574930.0620197634,0.0,574930.0620197634,574930.0620197634,11336.652201214314
1689,1152621.274824367,0.0,1152621.274824367,1152621.274824367,21445.350095641785
1690,1318165.6162665524,0.0,1318165.6162665524,1318165.6162665524,24200.42742839383
1691,1238606.8517930722,0.0,1238606.8517930722,1238606.8517930722,22883.098910745786
1692,1162935.9352686421,0.0,1162935.9352686421,1162935.9352686421,21618.51952197239
1693,1400000.0,0.0,1400000.0,1400000.0,25542.82604196852
1694,1400000.0,0.0,1400000.0,1400000.0,25542.783430726853
1695,1400000.0,0.0,1400000.0,1400000.0,25542.740819627325
1696,1203525.7855402366,0.0,1203525.7855402366,1203525.7855402366,22298.111862845548
1697,1086941.4476299437,0.0,1086941.4476299437,1086941.4476299437,20336.426870044535
1698,785510.4502315357,0.0,785510.4502315357,785510.4502315357,15121.429412398587
1699,786792.6329871165,0.0,786792.6329871165,786792.6329871165,15144.06590798054
1700,786884.4852051489,0.0,786884.4852051489,786884.4852051489,15145.663899770561
1701,785893.9838695278,0.0,785893.9838695278,785893.9838695278,15128.132867321834
1702,786095.6906977928,0.0,786095.6906977928,786095.6906977928,15131.67273149982
1703,776723.1279462229,0.0,776723.1279462229,776723.1279462229,14965.875773339227
1704,765352.3583754675,0.0,765352.3583754675,765352.3583754675,14764.419980390749
1705,753605.7879209158,0.0,753605.7879209158,753605.7879209158,14555.939248868417
1706,751906.2000741271,0.0,751906.2000741271,751906.2000741271,14525.72271525852
1707,764032.9394133552,0.0,764032.9394133552,764032.9394133552,14740.950377207711
1708,731745.0865623818,0.0,731745.0865623818,731745.0865623818,14166.91710176872
1709,751217.3009212229,0.0,751217.3009212229,751217.3009212229,14513.409923652594
1710,727868.2450269308,0.0,727868.2450269308,727868.2450269308,14097.75427121277
1711,1400000.0,0.0,1400000.0,1400000.0,25542.091017243205
1712,1400000.0,0.0,1400000.0,1400000.0,25542.048408453393
1713,1400000.0,0.0,1400000.0,1400000.0,25542.005799805702
1714,1400000.0,0.0,1400000.0,1400000.0,25541.96319130014
1715,1400000.0,0.0,1400000.0,1400000.0,25541.92058293671
1716,1400000.0,0.0,1400000.0,1400000.0,25541.87797471541
1717,1400000.0,0.0,1400000.0,1400000.0,25541.835366636238
1718,1400000.0,0.0,1400000.0,1400000.0,25541.792758699183
1719,1400000.0,0.0,1400000.0,1400000.0,25541.750150904252
1720,1400000.0,0.0,1400000.0,1400000.0,25541.707543251458
1721,548567.942194329,0.0,548567.942194329,548567.942194329,10852.697622777769
1722,385713.077893288,0.0,385713.077893288,385713.077893288,7812.9429850434635
1723,496290.52015360736,0.0,496290.52015360736,496290.52015360736,9887.3864590879
1724,331923.721146593,0.0,331923.721146593,331923.721146593,6785.816216726824
1725,237676.0599402528,0.0,237676.0599402528,237676.0599402528,4951.862940597364
1726,164247.98375306895,0.0,164247.98375306895,164247.98375306895,3442.833732917686
1727,121977.80168330568,0.0,121977.80168330568,121977.80168330568,2550.87201598401
1728,79189.24132910807,0.0,79189.24132910807,79189.24132910807,1658.578588233397
1729,42174.4495541396,0.0,42174.4495541396,42174.4495541396,880.620565458537
1730,24038.29216876839,0.0,24038.29216876839,24038.29216876839,498.4475492513902
1731,0.0,0.0,0.0,0.0,-0.0
1732,28952.51003288337,0.0,28952.51003288337,28952.51003288337,506.07669924492984
1733,91647.85436412349,0.0,91647.85436412349,91647.85436412349,1703.5344345113724
1734,177304.69463436707,0.0,177304.69463436707,177304.69463436707,3403.0923143254277
1735,218045.58437112832,0.0,218045.58437112832,218045.58437112832,4424.806999497645
1736,270263.4832458771,0.0,270263.4832458771,270263.4832458771,5590.960677357084
1737,344080.27002244146,0.0,344080.27002244146,344080.27002244146,7018.426456973388
1738,485042.7183215476,0.0,485042.7183215476,485042.7183215476,9677.554913385247
1739,444102.3257393043,0.0,444102.3257393043,444102.3257393043,8913.279434418951
1740,855354.0653149713,0.0,855354.0653149713,855354.0653149713,16347.37610643783
1741,1261953.7332653548,0.0,1261953.7332653548,1261953.7332653548,23267.592993769467
1742,1246837.8979322282,0.0,1246837.8979322282,1246837.8979322282,23016.605900408482
1743,1215666.2228562913,0.0,1215666.2228562913,1215666.2228562913,22497.639812865964
1744,636843.4759591089,0.0,636843.4759591089,636843.4759591089,12461.056769741064
1745,330263.9222684938,0.0,330263.9222684938,330263.9222684938,6753.1909940456
1746,139931.03924739547,0.0,139931.03924739547,139931.03924739547,2928.308063584948
1747,206723.44114677896,0.0,206723.44114677896,206723.44114677896,4087.369562534088
1748,201048.2934943445,0.0,201048.2934943445,201048.2934943445,4204.456237882928
1749,209805.49554981195,0.0,209805.49554981195,209805.49554981195,4353.951542664202
1750,187153.85708855896,0.0,187153.85708855896,187153.85708855896,3918.1346690405057
1751,171857.51119124916,0.0,171857.51119124916,171857.51119124916,3593.52566654235
1752,186738.39402859495,0.0,186738.39402859495,186738.39402859495,3841.3145397968565
1753,210279.95056760387,0.0,210279.95056760387,210279.95056760387,4328.322913250919
1754,219424.18792362738,0.0,219424.18792362738,219424.18792362738,4555.2232904988605
1755,205801.39713770285,0.0,205801.39713770285,205801.39713770285,4309.126218686614
1756,139169.3324752739,0.0,139169.3324752739,139169.3324752739,2913.1359397452798
1757,117586.82178741526,0.0,117586.82178741526,117586.82178741526,2463.368403268595
1758,125625.36067841448,0.0,125625.36067841448,125625.36067841448,2599.752754246878
1759,180639.5363236352,0.0,180639.5363236352,180639.5363236352,3603.417439835755
1760,125171.13557503406,0.0,125171.13557503406,125171.13557503406,2624.4452770506145
1761,154359.99686833026,0.0,154359.99686833026,154359.99686833026,3134.413471607989
1762,254449.58457168218,0.0,254449.58457168218,254449.58457168218,5040.845830906638
1763,664304.5797117756,0.0,664304.5797117756,664304.5797117756,12955.262106358225
1764,724171.1633892959,0.0,724171.1633892959,724171.1633892959,14028.33593157493
1765,524018.3804052587,0.0,524018.3804052587,524018.3804052587,10398.11633513444
1766,747377.0044096994,0.0,747377.0044096994,747377.0044096994,14441.51993840741
1767,1039478.4611524863,0.0,1039478.4611524863,1039478.4611524863,19524.26802912362
1768,222513.53592866246,0.0,222513.53592866246,222513.53592866246,4650.862674986099
1769,257017.7185736335,0.0,257017.7185736335,257017.7185736335,5330.933145818436
1770,426157.7612087355,0.0,426157.7612087355,426157.7612087355,8575.05129091767
1771,451148.41855553904,0.0,451148.41855553904,451148.41855553904,9043.913169883153
1772,637607.4690740313,0.0,637607.4690740313,637607.4690740313,12473.162739933503
1773,215680.18229586293,0.0,215680.18229586293,215680.18229586293,4515.21659349858
1774,547720.7045686729,0.0,547720.7045686729,547720.7045686729,10834.426163584281
1775,658595.8812534033,0.0,658595.8812534033,658595.8812534033,12852.139336523287
1776,521009.1466556801,0.0,521009.1466556801,521009.1466556801,10342.377666644887
1777,353941.37652947876,0.0,353941.37652947876,353941.37652947876,7205.943158434973
1778,225975.53783852945,0.0,225975.53783852945,225975.53783852945,4719.362208867958
1779,305720.2632861163,0.0,305720.2632861163,305720.2632861163,6278.978324208154
1780,531223.9218741115,0.0,531223.9218741115,531223.9218741115,10530.743626799916
1781,480378.29656962224,0.0,480378.29656962224,480378.29656962224,9589.19841931467
1782,439520.96539663704,0.0,439520.96539663704,439520.96539663704,8825.893478141546
1783,334829.79305321886,0.0,334829.79305321886,334829.79305321886,6839.807188852491
1784,344962.713712699,0.0,344962.713712699,344962.713712699,7034.089242426023
1785,553786.8369884044,0.0,553786.8369884044,553786.8369884044,10945.63244209058
1786,844496.3366609622,0.0,844496.3366609622,844496.3366609622,16154.657716117741
1787,1023347.2984341304,0.0,1023347.2984341304,1023347.2984341304,19248.32437106672
1788,1393388.9634436504,0.0,1393388.9634436504,1393388.9634436504,25427.28039881789
1789,987977.8772778962,0.0,987977.8772778962,987977.8772778962,18642.48497800588
1790,1094999.401483282,0.0,1094999.401483282,1094999.401483282,20466.789196554244
1791,683269.0909186611,0.0,683269.0909186611,683269.0909186611,13295.703912968003
1792,437970.5032530073,0.0,437970.5032530073,437970.5032530073,8796.652557822566
1793,494190.2346265456,0.0,494190.2346265456,494190.2346265456,9845.652554345786
1794,136328.63094916428,0.0,136328.63094916428,136328.63094916428,2856.439665982536
1795,379741.2953289116,0.0,379741.2953289116,379741.2953289116,7231.046477799325
1796,383652.1887260929,0.0,383652.1887260929,383652.1887260929,7771.335826098824
1797,403209.55057133164,0.0,403209.55057133164,403209.55057133164,8141.745794302367
1798,313115.51751819183,0.0,313115.51751819183,313115.51751819183,6421.462575923209
1799,281778.95844711224,0.0,281778.95844711224,281778.95844711224,5814.125156435515
1800,347278.092315621,0.0,347278.092315621,347278.092315621,7078.020884807604
1801,343201.9451487972,0.0,343201.9451487972,343201.9451487972,6999.955345194857
1802,260605.22433738233,0.0,260605.22433738233,260605.22433738233,5400.756976788984
1803,319536.1951256841,0.0,319536.1951256841,319536.1951256841,6545.233707703841
1804,359538.87688852136,0.0,359538.87688852136,359538.87688852136,7312.301654281035
1805,281577.5116140794,0.0,281577.5116140794,281577.5116140794,5810.145660373289
1806,207375.57141615328,0.0,207375.57141615328,207375.57141615328,4339.668738640829
1807,1125444.6601305767,0.0,1125444.6601305767,1125444.6601305767,20821.272097986737
1808,1400000.0,0.0,1400000.0,1400000.0,25533.743385838272
1809,1400000.0,0.0,1400000.0,1400000.0,25533.70080488206
1810,1395433.2637887523,0.0,1395433.2637887523,1395433.2637887523,25459.08473444848
1811,1399790.3823653103,0.0,1399790.3823653103,1399790.3823653103,25530.193485098327
1812,1400000.0,0.0,1400000.0,1400000.0,25533.57307825553
1813,1400000.0,0.0,1400000.0,1400000.0,25533.53049786723
1814,1184682.534480388,0.0,1184682.534480388,1184682.534480388,21974.91053519696
1815,905700.492864686,0.0,905700.492864686,905700.492864686,17220.729296369413
1816,557306.010280546,0.0,557306.010280546,557306.010280546,11009.283607725456
1817,597388.1666716444,0.0,597388.1666716444,597388.1666716444,11741.838733510733
1818,739317.3221452802,0.0,739317.3221452802,739317.3221452802,14296.516073918316
1819,789801.933243549,0.0,789801.933243549,789801.933243549,15191.406025027414
1820,792008.8224047065,0.0,792008.8224047065,792008.8224047065,15230.344361956431
1821,790956.9255873638,0.0,790956.9255873638,790956.9255873638,15211.748872378534
1822,789600.9103311427,0.0,789600.9103311427,789600.9103311427,15187.78023016273
1823,786611.5410078074,0.0,786611.5410078074,786611.5410078074,15134.954146794622
1824,786844.2499342578,0.0,786844.2499342578,786844.2499342578,15139.0400575362
1825,790171.462484683,0.0,790171.462484683,790171.462484683,15197.779102802466
1826,787671.5316300318,0.0,787671.5316300318,787671.5316300318,15153.603506585241
1827,786562.9696201812,0.0,786562.9696201812,786562.9696201812,15133.995079518529
1828,629433.2502412023,0.0,629433.2502412023,629433.2502412023,12323.651069995383
1829,331567.8160537538,0.0,331567.8160537538,331567.8160537538,6776.393058279182
1830,219442.03331148348,0.0,219442.03331148348,219442.03331148348,4589.289078429395
1831,345812.987563715,0.0,345812.987563715,345812.987563715,7049.565380052464
1832,142079.8341834331,0.0,142079.8341834331,142079.8341834331,2970.4367290145765
1833,76094.77645297613,0.0,76094.77645297613,76094.77645297613,1585.6304227018832
1834,212183.45570759894,0.0,212183.45570759894,212183.45570759894,3939.949539050052
1835,298009.8017626358,0.0,298009.8017626358,298009.8017626358,6128.583897697074
1836,341988.4608452009,0.0,341988.4608452009,341988.4608452009,6975.8813884699275
1837,551565.6793542502,0.0,551565.6793542502,551565.6793542502,10903.000192948663
1838,691152.849781432,0.0,691152.849781432,691152.849781432,13435.037862131361
1839,919688.1785722096,0.0,919688.1785722096,919688.1785722096,17461.820306953014
1840,1030413.3951071146,0.0,1030413.3951071146,1030413.3951071146,19365.840998305717
1841,789617.4642160917,0.0,789617.4642160917,789617.4642160917,15186.844771053566
1842,792739.4058775078,0.0,792739.4058775078,792739.4058775078,15241.932234180567
1843,697089.5331217947,0.0,697089.5331217947,697089.5331217947,13541.317086556986
1844,774861.648693275,0.0,774861.648693275,774861.648693275,14925.928009808438
1845,792739.4058775078,0.0,792739.4058775078,792739.4058775078,15241.856299982772
1846,792693.2680062554,0.0,792693.2680062554,792693.2680062554,15241.016589836234
1847,792739.4058775078,0.0,792739.4058775078,792739.4058775078,15241.805470729978
1848,792739.4058775078,0.0,792739.4058775078,792739.4058775078,15241.766113297568
1849,764853.5677287651,0.0,764853.5677287651,764853.5677287651,14748.543643760917
1850,792739.4058775078,0.0,792739.4058775078,792739.4058775078,15241.715359302929
1851,792739.4058775078,0.0,792739.4058775078,792739.4058775078,15241.689945042617
1852,792739.4058775078,0.0,792739.4058775078,792739.4058775078,15241.664530867005
1853,791742.3869175235,0.0,791742.3869175235,791742.3869175235,15224.04149631537
1854,909523.1447077814,0.0,909523.1447077814,909523.1447077814,17285.11880747883
1855,1400000.0,0.0,1400000.0,1400000.0,25530.621688932824
1856,1400000.0,0.0,1400000.0,1400000.0,25530.5791183841
1857,1400000.0,0.0,1400000.0,1400000.0,25530.536547977314
1858,1400000.0,0.0,1400000.0,1400000.0,25530.49397771247
1859,1400000.0,0.0,1400000.0,1400000.0,25530.45140758956
1860,1400000.0,0.0,1400000.0,1400000.0,25530.408837608586
1861,1400000.0,0.0,1400000.0,1400000.0,25530.366267769554
1862,1400000.0,0.0,1400000.0,1400000.0,25530.323698072454
1863,1400000.0,0.0,1400000.0,1400000.0,25530.28112851729
1864,1400000.0,0.0,1400000.0,1400000.0,25530.23855910406
1865,1395257.7598524324,0.0,1395257.7598524324,1395257.7598524324,25452.765090241206
1866,737453.3929127358,0.0,737453.3929127358,737453.3929127358,14261.461353563382
1867,706899.8383201432,0.0,706899.8383201432,706899.8383201432,13716.329097453467
1868,786007.0448279236,0.0,786007.0448279236,786007.0448279236,15122.366425011238
1869,769675.8537764561,0.0,769675.8537764561,769675.8537764561,14833.470906525328
1870,787493.5244142477,0.0,787493.5244142477,787493.5244142477,15148.57377176493
1871,792333.2010556489,0.0,792333.2010556489,792333.2010556489,15233.99748725872
1872,791255.7341912166,0.0,791255.7341912166,791255.7341912166,15214.953829438708
1873,785131.816284131,0.0,785131.816284131,785131.816284131,15106.777311002228
1874,775438.2447095904,0.0,775438.2447095904,775438.2447095904,14935.3547051434
1875,749011.9008023095,0.0,749011.9008023095,749011.9008023095,14466.782691290688
1876,728608.0509131603,0.0,728608.0509131603,728608.0509131603,14103.683274475974
1877,737537.0961857345,0.0,737537.0961857345,737537.0961857345,14262.688777340654
1878,878031.4946627619,0.0,878031.4946627619,878031.4946627619,16736.78765142002
1879,1400000.0,0.0,1400000.0,1400000.0,25529.629974131476
1880,1400000.0,0.0,1400000.0,1400000.0,25529.587406889263
1881,1400000.0,0.0,1400000.0,1400000.0,25529.544839788963
1882,1400000.0,0.0,1400000.0,1400000.0,25529.5022728306
1883,1400000.0,0.0,1400000.0,1400000.0,25529.45970601415
1884,1400000.0,0.0,1400000.0,1400000.0,25529.417139339617
1885,1400000.0,0.0,1400000.0,1400000.0,25529.374572807003
1886,1400000.0,0.0,1400000.0,1400000.0,25529.332006416313
1887,1400000.0,0.0,1400000.0,1400000.0,25529.289440167544
1888,1400000.0,0.0,1400000.0,1400000.0,25529.24687406068
1889,1400000.0,0.0,1400000.0,1400000.0,25529.204308095745
1890,622238.5893224935,0.0,622238.5893224935,622238.5893224935,12191.31927030416
1891,336665.6586300489,0.0,336665.6586300489,336665.6586300489,6873.131555525658
1892,528807.6090556,0.0,528807.6090556,528807.6090556,10483.303808817282
1893,706078.5229049294,0.0,706078.5229049294,706078.5229049294,13701.029260183168
1894,689825.1435836363,0.0,689825.1435836363,689825.1435836363,13409.926498058212
1895,617537.5429237683,0.0,617537.5429237683,617537.5429237683,12105.941100692815
1896,750091.0253910506,0.0,750091.0253910506,750091.0253910506,14485.432883378742
1897,680860.4047601955,0.0,680860.4047601955,680860.4047601955,13248.98670551532
1898,641342.5005428562,0.0,641342.5005428562,641342.5005428562,12537.008073302548
1899,545378.1216101267,0.0,545378.1216101267,545378.1216101267,10788.163368445961
1900,502761.56742277934,0.0,502761.56742277934,502761.56742277934,10001.894653511621
1901,373574.32321465085,0.0,373574.32321465085,373574.32321465085,7577.994743369512
1902,464423.02756144776,0.0,464423.02756144776,464423.02756144776,9289.125461424115
1903,1277008.0670450663,0.0,1277008.0670450663,1277008.0670450663,23507.196073759915
1904,1230632.030991321,0.0,1230632.030991321,1230632.030991321,22737.46772442077
1905,1187698.2329313958,0.0,1187698.2329313958,1187698.2329313958,22021.06106242597
1906,1197742.8255010957,0.0,1197742.8255010957,1197742.8255010957,22188.95614453657
1907,1165770.7399843775,0.0,1165770.7399843775,1165770.7399843775,21653.67274814618
1908,1164179.1044776118,0.0,1164179.1044776118,1164179.1044776118,21626.936064215857
1909,1164179.1044776118,0.0,1164179.1044776118,1164179.1044776118,21626.900007260883
1910,1164179.1044776118,0.0,1164179.1044776118,1164179.1044776118,21626.86395042611
1911,1164179.1044776118,0.0,1164179.1044776118,1164179.1044776118,21626.827893711532
1912,1079070.8541264597,0.0,1079070.8541264597,1079070.8541264597,20191.2785416309
1913,493334.23451529606,0.0,493334.23451529606,493334.23451529606,9826.895593532041
1914,47638.0422511214,0.0,47638.0422511214,47638.0422511214,987.7739460906785
1915,113691.01763232349,0.0,113691.01763232349,113691.01763232349,2122.6407164682955
1916,82531.25174805241,0.0,82531.25174805241,82531.25174805241,1724.080601365341
1917,65059.848524394765,0.0,65059.848524394765,65059.848524394765,1355.705633845098
1918,43547.89426278355,0.0,43547.89426278355,43547.89426278355,907.3750659212083
1919,26577.89584726037,0.0,26577.89584726037,26577.89584726037,547.7597216065114
1920,26577.89584726037,0.0,26577.89584726037,26577.89584726037,547.7588057684898
1921,26336.399956693287,0.0,26336.399956693287,26336.399956693287,543.0655042699244
1922,17538.402122946824,0.0,17538.402122946824,17538.402122946824,355.45736277512236
1923,25581.810043153346,0.0,25581.810043153346,25581.810043153346,484.33034353137793
1924,40326.71210419268,0.0,40326.71210419268,40326.71210419268,773.3091741460026
1925,69190.48202766216,0.0,69190.48202766216,69190.48202766216,1345.1230259310153
1926,250376.96533326886,0.0,250376.96533326886,250376.96533326886,4607.779895403108
1927,1062189.703756863,0.0,1062189.703756863,1062189.703756863,19902.64941414201
1928,1177008.4774448876,0.0,1177008.4774448876,1177008.4774448876,21839.608347300997
1929,1164179.1044776118,0.0,1164179.1044776118,1164179.1044776118,21624.522362056618
1930,1164179.1044776118,0.0,1164179.1044776118,1164179.1044776118,21624.486313148005
1931,1164179.1044776118,0.0,1164179.1044776118,1164179.1044776118,21624.450264359555
1932,1164179.1044776118,0.0,1164179.1044776118,1164179.1044776118,21624.41421569125
1933,1164179.1044776118,0.0,1164179.1044776118,1164179.1044776118,21624.378167143102
1934,1164179.1044776118,0.0,1164179.1044776118,1164179.1044776118,21624.34211871511
1935,1164179.1044776118,0.0,1164179.1044776118,1164179.1044776118,21624.30607040727
1936,1053463.46474403,0.0,1053463.46474403,1053463.46474403,19753.97356447959
1937,390706.20546187065,0.0,390706.20546187065,390706.20546187065,7902.03692769428
1938,0.0,0.0,0.0,0.0,-0.0
1939,37870.384954761015,0.0,37870.384954761015,37870.384954761015,652.1621268390287
1940,85343.47217339522,0.0,85343.47217339522,85343.47217339522,1594.048007143417
1941,105557.64112802847,0.0,105557.64112802847,105557.64112802847,2128.4049769044377
1942,90967.27622828734,0.0,90967.27622828734,90967.27622828734,1901.83206430361
1943,87553.98089137948,0.0,87553.98089137948,87553.98089137948,1834.0573300496385
1944,69688.21016154632,0.0,69688.21016154632,69688.21016154632,1458.2797992780384
1945,63362.055726283914,0.0,63362.055726283914,63362.055726283914,1321.9258062560525
1946,34131.66734963407,0.0,34131.66734963407,34131.66734963407,709.4001354130927
1947,29706.87852888405,0.0,29706.87852888405,29706.87852888405,621.976272378953
1948,2963.094807729677,0.0,2963.094807729677,2963.094807729677,-0.0
1949,0.0,0.0,0.0,0.0,-0.0
1950,180353.53022099534,0.0,180353.53022099534,180353.53022099534,3141.731735004332
1951,513386.09289198974,0.0,513386.09289198974,513386.09289198974,9887.100110566516
1952,1192921.1729709716,0.0,1192921.1729709716,1192921.1729709716,22103.007805358146
1953,1164179.1044776118,0.0,1164179.1044776118,1164179.1044776118,21621.713818313336
1954,1164533.331742664,0.0,1164533.331742664,1164533.331742664,21627.619305612232
1955,1191120.0303975113,0.0,1191120.0303975113,1191120.0303975113,22072.788908361777
1956,1196434.5591680575,0.0,1196434.5591680575,1196434.5591680575,22161.572563153935
1957,1196192.9859012868,0.0,1196192.9859012868,1196192.9859012868,22157.499519361045
1958,1223026.1270127387,0.0,1223026.1270127387,1223026.1270127387,22605.058209288298
1959,1133504.8920471298,0.0,1133504.8920471298,1133504.8920471298,21106.003810443734
1960,913406.4893992324,0.0,913406.4893992324,913406.4893992324,17346.417424336036
1961,370855.9722272103,0.0,370855.9722272103,370855.9722272103,7524.08396204775
1962,381980.8053226891,0.0,381980.8053226891,381980.8053226891,7735.467996420639
1963,627991.5964631201,0.0,627991.5964631201,627991.5964631201,12291.871927108763
1964,422417.17509797623,0.0,422417.17509797623,422417.17509797623,8499.503555623589
1965,483414.43126479746,0.0,483414.43126479746,483414.43126479746,9640.037397471651
1966,464174.9230336458,0.0,464174.9230336458,464174.9230336458,9281.769162454595
1967,417064.812397983,0.0,417064.812397983,417064.812397983,8398.704223083327
1968,251815.16386111215,0.0,251815.16386111215,251815.16386111215,5225.537344670974
1969,164195.83947782652,0.0,164195.83947782652,164195.83947782652,3438.888715633505
1970,114747.80920996999,0.0,114747.80920996999,114747.80920996999,2394.5854615572734
1971,116731.25651886484,0.0,116731.25651886484,116731.25651886484,2410.7508113355802
1972,137434.17936245888,0.0,137434.17936245888,137434.17936245888,2808.2014302213624
1973,284049.31740213995,0.0,284049.31740213995,284049.31740213995,5500.317813684802
1974,266697.004067664,0.0,266697.004067664,266697.004067664,5516.646762790506
1975,234913.62462578257,0.0,234913.62462578257,234913.62462578257,4892.755536465466
1976,442401.46905490174,0.0,442401.46905490174,442401.46905490174,8874.21579976192
1977,667018.0108606147,0.0,667018.0108606147,667018.0108606147,12995.608034231385
1978,1067678.221795341,0.0,1067678.221795341,1067678.221795341,19991.72121968924
1979,1055538.8004713226,0.0,1055538.8004713226,1055538.8004713226,19785.415294903785
1980,1265167.9098248086,0.0,1265167.9098248086,1265167.9098248086,23303.537926387784
1981,1184701.4197336375,0.0,1184701.4197336375,1184701.4197336375,21963.79257712646
1982,1245275.191857876,0.0,1245275.191857876,1245275.191857876,22973.45896483611
1983,926147.685834662,0.0,926147.685834662,926147.685834662,17565.85256798012
1984,930768.6912626306,0.0,930768.6912626306,930768.6912626306,17645.76236897192
1985,757379.636997764,0.0,757379.636997764,757379.636997764,14609.574755662168
1986,776518.2546363082,0.0,776518.2546363082,776518.2546363082,14948.515766834835
1987,721576.6994024401,0.0,721576.6994024401,721576.6994024401,13972.726764740131
1988,772340.4349145964,0.0,772340.4349145964,772340.4349145964,14874.557070851655
1989,783669.8164924814,0.0,783669.8164924814,783669.8164924814,15074.849223046307
1990,761915.7556779133,0.0,761915.7556779133,761915.7556779133,14689.881659131717
1991,683060.5607279466,0.0,683060.5607279466,683060.5607279466,13283.563914204125
1992,590087.8525798047,0.0,590087.8525798047,590087.8525798047,11602.22435907677
1993,636643.346352804,0.0,636643.346352804,636643.346352804,12447.376529261983
1994,739521.428284624,0.0,739521.428284624,739521.428284624,14292.172527643037
1995,750493.9067741615,0.0,750493.9067741615,750493.9067741615,14487.136883065139
1996,781882.1564856243,0.0,781882.1564856243,781882.1564856243,15043.09007978001
1997,731264.6796623329,0.0,731264.6796623329,731264.6796623329,14145.154291449735
1998,770314.4597487852,0.0,770314.4597487852,770314.4597487852,14838.453004227975
1999,761666.0736602859,0.0,761666.0736602859,761666.0736602859,14685.236914893547
2000,883796.2871943717,0.0,883796.2871943717,883796.2871943717,16830.319850465585
2001,1263348.771189102,0.0,1263348.771189102,1263348.771189102,23272.609199992476
2002,1379459.9277406554,0.0,1379459.9277406554,1379459.9277406554,25184.031712234257
2003,1400000.0,0.0,1400000.0,1400000.0,25519.5342076559
2004,1400000.0,0.0,1400000.0,1400000.0,25519.491674068067
2005,1400000.0,0.0,1400000.0,1400000.0,25519.44914062199
2006,1400000.0,0.0,1400000.0,1400000.0,25519.40660731767
2007,1374536.6844554693,0.0,1374536.6844554693,1374536.6844554693,25103.282409287716
2008,1087152.662257087,0.0,1087152.662257087,1087152.662257087,20320.950110371803
2009,827629.083412242,0.0,827629.083412242,827629.083412242,15848.347418785357
2010,784703.6413308413,0.0,784703.6413308413,784703.6413308413,15092.574378278316
2011,784444.0713933273,0.0,784444.0713933273,784444.0713933273,15087.964438952336
2012,787115.9953918966,0.0,787115.9953918966,787115.9953918966,15135.124840578621
2013,787065.6743209283,0.0,787065.6743209283,787065.6743209283,15134.211135049045
2014,784428.8672750468,0.0,784428.8672750468,784428.8672750468,15087.62043273861
2015,768501.7979992327,0.0,768501.7979992327,768501.7979992327,14805.931043747494
2016,743604.3659819835,0.0,743604.3659819835,743604.3659819835,14364.21604607984
2017,673021.726171873,0.0,673021.726171873,673021.726171873,13102.670373856321
2018,595692.5620440458,0.0,595692.5620440458,595692.5620440458,11703.793069330626
2019,496351.5293687976,0.0,496351.5293687976,496351.5293687976,9878.8983202352
2020,510075.1141528815,0.0,510075.1141528815,510075.1141528815,10132.956663180958
2021,515305.51812441536,0.0,515305.51812441536,515305.51812441536,10229.601907073831
2022,831356.2503966213,0.0,831356.2503966213,831356.2503966213,15913.387135240506
2023,1400000.0,0.0,1400000.0,1400000.0,25518.699093284853
2024,1400000.0,0.0,1400000.0,1400000.0,25518.656562480162
2025,1373923.8912398631,0.0,1373923.8912398631,1373923.8912398631,25092.51569084625
2026,1297630.5407828214,0.0,1297630.5407828214,1297630.5407828214,23838.629505976223
2027,1400000.0,0.0,1400000.0,1400000.0,25518.529389840136
2028,1400000.0,0.0,1400000.0,1400000.0,25518.486859601006
2029,1285230.001048216,0.0,1285230.001048216,1285230.001048216,23633.679446798782
2030,862731.456024101,0.0,862731.456024101,862731.456024101,16462.221638801107
2031,961078.1641057471,0.0,961078.1641057471,961078.1641057471,18167.388908103476
2032,163323.57428298585,0.0,163323.57428298585,163323.57428298585,3421.047363192475
2033,142760.23214978504,0.0,142760.23214978504,142760.23214978504,2981.9637098854287
2034,224492.24942482135,0.0,224492.24942482135,224492.24942482135,4402.461950656679
2035,227659.6344758139,0.0,227659.6344758139,227659.6344758139,4748.822237566131
2036,168517.30517939405,0.0,168517.30517939405,168517.30517939405,3524.154660836044
2037,278595.951854804,0.0,278595.951854804,278595.951854804,5530.316425769712
2038,333619.4632239474,0.0,333619.4632239474,333619.4632239474,6811.050197322021
2039,277996.740182315,0.0,277996.740182315,277996.740182315,5736.090141667924
2040,125464.62199760218,0.0,125464.62199760218,125464.62199760218,2628.1847592421796
2041,63260.007267461246,0.0,63260.007267461246,63260.007267461246,1319.5779158992889
2042,62158.99996122074,0.0,62158.99996122074,62158.99996122074,1297.8034308219885
2043,50634.93121494554,0.0,50634.93121494554,50634.93121494554,1058.5113445601644
2044,65013.19934396556,0.0,65013.19934396556,65013.19934396556,1316.5615817482171
2045,31582.72425877571,0.0,31582.72425877571,31582.72425877571,658.9832816041798
2046,248174.50234443304,0.0,248174.50234443304,248174.50234443304,4411.039289615697
2047,951551.2797242177,0.0,951551.2797242177,951551.2797242177,18000.91147827742
2048,1194051.1590255126,0.0,1194051.1590255126,1194051.1590255126,22115.48517905863
2049,1164179.1044776118,0.0,1164179.1044776118,1164179.1044776118,21615.434603624104
2050,1164179.1044776118,0.0,1164179.1044776118,1164179.1044776118,21615.3985849968
2051,1164179.1044776118,0.0,1164179.1044776118,1164179.1044776118,21615.3625664895
2052,1187519.9683999217,0.0,1187519.9683999217,1187519.9683999217,22006.17223248393
2053,1164179.1044776118,0.0,1164179.1044776118,1164179.1044776118,21615.290459795167
2054,1164179.1044776118,0.0,1164179.1044776118,1164179.1044776118,21615.25444164811
2055,1164179.1044776118,0.0,1164179.1044776118,1164179.1044776118,21615.218423621056
2056,1067865.81914832,0.0,1067865.81914832,1067865.81914832,19990.296718829268
2057,445981.8632225569,0.0,445981.8632225569,445981.8632225569,8939.018197718886
2058,51559.25506358316,0.0,51559.25506358316,51559.25506358316,1076.7578316917698
2059,29970.77301385168,0.0,29970.77301385168,29970.77301385168,627.0396808564616
2060,34165.87477494279,0.0,34165.87477494279,34165.87477494279,709.8713329842385
2061,0.0,0.0,0.0,0.0,-0.0
2062,0.0,0.0,0.0,0.0,-0.0
2063,0.0,0.0,0.0,0.0,-0.0
2064,0.0,0.0,0.0,0.0,-0.0
2065,0.0,0.0,0.0,0.0,-0.0
2066,0.0,0.0,0.0,0.0,-0.0
2067,0.0,0.0,0.0,0.0,-0.0
2068,0.0,0.0,0.0,0.0,-0.0
2069,0.0,0.0,0.0,0.0,-0.0
2070,244255.9569593211,0.0,244255.9569593211,244255.9569593211,4229.1684770034435
2071,931946.0500079163,0.0,931946.0500079163,931946.0500079163,17660.75830137111
2072,1144060.878275255,0.0,1144060.878275255,1144060.878275255,21275.68514562779
2073,1164179.1044776118,0.0,1164179.1044776118,1164179.1044776118,21613.4098535844
2074,1164179.1044776118,0.0,1164179.1044776118,1164179.1044776118,21613.373841702793
2075,951012.1346953633,0.0,951012.1346953633,951012.1346953633,17989.776895886986
2076,1164179.1044776118,0.0,1164179.1044776118,1164179.1044776118,21613.302491273298
2077,1164179.1044776118,0.0,1164179.1044776118,1164179.1044776118,21613.266479749367
2078,1148282.1195076806,0.0,1148282.1195076806,1148282.1195076806,21346.411708148677
2079,667525.5710633593,0.0,667525.5710633593,667525.5710633593,13000.342658147245
2080,529972.2328707943,0.0,529972.2328707943,529972.2328707943,10497.336064584379
2081,368615.2427741818,0.0,368615.2427741818,368615.2427741818,7478.296442715796
2082,0.0,0.0,0.0,0.0,-0.0
2083,0.0,0.0,0.0,0.0,-0.0
2084,0.0,0.0,0.0,0.0,-0.0
2085,0.0,0.0,0.0,0.0,-0.0
2086,0.0,0.0,0.0,0.0,-0.0
2087,0.0,0.0,0.0,0.0,-0.0
2088,0.0,0.0,0.0,0.0,-0.0
2089,0.0,0.0,0.0,0.0,-0.0
2090,38830.20512881219,0.0,38830.20512881219,38830.20512881219,677.8056114416208
2091,27842.584170553422,0.0,27842.584170553422,27842.584170553422,571.9166692922632
2092,39921.53094819323,0.0,39921.53094819323,39921.53094819323,765.437889557403
2093,55187.27681121897,0.0,55187.27681121897,55187.27681121897,1109.8682096306093
2094,294322.89349818253,0.0,294322.89349818253,294322.89349818253,5272.347560177852
2095,1009713.560731259,0.0,1009713.560731259,1009713.560731259,18995.966143407048
2096,1248891.049522688,0.0,1248891.049522688,1248891.049522688,23024.28889828927
2097,1188485.7546399117,0.0,1188485.7546399117,1188485.7546399117,22018.164631977994
2098,1164179.1044776118,0.0,1164179.1044776118,1164179.1044776118,21611.203287629723
2099,1164179.1044776118,0.0,1164179.1044776118,1164179.1044776118,21611.167283099283
2100,1164179.1044776118,0.0,1164179.1044776118,1164179.1044776118,21611.131278688787
2101,1164179.1044776118,0.0,1164179.1044776118,1164179.1044776118,21611.09527439821
2102,1164179.1044776118,0.0,1164179.1044776118,1164179.1044776118,21611.05927022758
2103,1078274.2379479625,0.0,1078274.2379479625,1078274.2379479625,20162.9482784716
2104,869433.8657809473,0.0,869433.8657809473,869433.8657809473,16573.451129996174
2105,383787.067678903,0.0,383787.067678903,383787.067678903,7765.644383226044
2106,10536.229012799648,0.0,10536.229012799648,10536.229012799648,219.80583322765546
2107,20143.316386456012,0.0,20143.316386456012,20143.316386456012,386.0866588358483
2108,28580.508804867557,0.0,28580.508804867557,28580.508804867557,586.1328376372336
2109,115794.30363072074,0.0,115794.30363072074,115794.30363072074,2088.0521261951217
2110,162830.26065154577,0.0,162830.26065154577,162830.26065154577,3257.9791539775783
2111,187547.8750898785,0.0,187547.8750898785,187547.8750898785,3817.714561873505
2112,369392.68215295835,0.0,369392.68215295835,369392.68215295835,7321.5916550778375
2113,618600.6126728997,0.0,618600.6126728997,618600.6126728997,12114.524988302825
2114,725467.4323958522,0.0,725467.4323958522,725467.4323958522,14034.962826680356
2115,786261.6768648245,0.0,786261.6768648245,786261.6768648245,15113.017708825957
2116,787003.6859117966,0.0,787003.6859117966,787003.6859117966,15126.088995332493
2117,776561.7964387655,0.0,776561.7964387655,776561.7964387655,14941.629541114851
2118,830346.7636575798,0.0,830346.7636575798,830346.7636575798,15888.526045427396
2119,970419.4630873096,0.0,970419.4630873096,970419.4630873096,18320.25867589695
2120,1012300.0240844272,0.0,1012300.0240844272,1012300.0240844272,19038.180043914374
2121,910821.0227805187,0.0,910821.0227805187,910821.0227805187,17291.403142347215
2122,1400000.0,0.0,1400000.0,1400000.0,25507.64467750032
2123,1089834.4370662672,0.0,1089834.4370662672,1089834.4370662672,20356.769008287047
2124,1124374.1726412997,0.0,1124374.1726412997,1124374.1726412997,20939.940853851087
2125,1125039.8365209578,0.0,1125039.8365209578,1125039.8365209578,20951.12069326983
2126,1021897.9143418188,0.0,1021897.9143418188,1021897.9143418188,19201.9549913252
2127,874009.0539105346,0.0,874009.0539105346,874009.0539105346,16651.47906345723
2128,715490.8692863951,0.0,715490.8692863951,715490.8692863951,13856.742219810694
2129,174044.05412463745,0.0,174044.05412463745,174044.05412463745,3642.418195881929
2130,612598.3018976719,0.0,612598.3018976719,612598.3018976719,11641.781350695164
2131,237282.78195729305,0.0,237282.78195729305,237282.78195729305,4936.4276651786895
2132,150677.4752094197,0.0,150677.4752094197,150677.4752094197,3148.0522861209747
2133,248565.17597292954,0.0,248565.17597292954,248565.17597292954,4884.939365075842
2134,457036.9014522728,0.0,457036.9014522728,457036.9014522728,9142.365163962246
2135,296505.9897211829,0.0,296505.9897211829,296505.9897211829,6092.626200974502
2136,235524.93261222538,0.0,235524.93261222538,235524.93261222538,4901.620192943879
2137,302070.3176749438,0.0,302070.3176749438,302070.3176749438,6200.266423206507
2138,191595.43523402544,0.0,191595.43523402544,191595.43523402544,4000.715767974686
2139,198528.30521872838,0.0,198528.30521872838,198528.30521872838,4114.011836561614
2140,277192.9634484862,0.0,277192.9634484862,277192.9634484862,5631.091385337346
2141,302433.46282462584,0.0,302433.46282462584,302433.46282462584,6207.179908978812
2142,811981.2773385302,0.0,811981.2773385302,811981.2773385302,15564.707735647748
2143,1400000.0,0.0,1400000.0,1400000.0,25505.689847347952
2144,1400000.0,0.0,1400000.0,1400000.0,25505.647359879742
2145,880298.331229112,0.0,880298.331229112,880298.331229112,16759.75872416208
2146,1133334.7453847944,0.0,1133334.7453847944,1133334.7453847944,21089.138688704228
2147,1201631.3722740598,0.0,1201631.3722740598,1201631.3722740598,22233.54593884819
2148,1400000.0,0.0,1400000.0,1400000.0,25505.48081179186
2149,1400000.0,0.0,1400000.0,1400000.0,25505.43832501993
2150,1400000.0,0.0,1400000.0,1400000.0,25505.39583838953
2151,1400000.0,0.0,1400000.0,1400000.0,25505.35335190064
2152,1400000.0,0.0,1400000.0,1400000.0,25505.31086555327
2153,1262980.1540690924,0.0,1262980.1540690924,1262980.1540690924,23253.277067206647
2154,732705.3066951117,0.0,732705.3066951117,732705.3066951117,14162.229148780527
2155,787512.1886515794,0.0,787512.1886515794,787512.1886515794,15133.371437341902
2156,713274.0048267072,0.0,713274.0048267072,713274.0048267072,13815.880520110668
2157,792293.1314794131,0.0,792293.1314794131,792293.1314794131,15217.654499341723
2158,787820.7105098311,0.0,787820.7105098311,787820.7105098311,15138.739990491204
2159,781709.683127435,0.0,781709.683127435,781709.683127435,15030.836330737406
2160,780178.5962733133,0.0,780178.5962733133,780178.5962733133,15003.76733005517
2161,784643.2460848026,0.0,784643.2460848026,784643.2460848026,15082.584943348125
2162,785314.4229500842,0.0,785314.4229500842,785314.4229500842,15094.407720841635
2163,681704.1706173543,0.0,681704.1706173543,681704.1706173543,13250.814467858983
2164,692201.8986996355,0.0,692201.8986996355,692201.8986996355,13438.952700416168
2165,669166.517596068,0.0,669166.517596068,669166.517596068,13025.628485357543
2166,929190.1667259578,0.0,929190.1667259578,929190.1667259578,17607.288183051383
2167,1400000.0,0.0,1400000.0,1400000.0,25504.704410452006
2168,1400000.0,0.0,1400000.0,1400000.0,25504.66192626617
2169,1400000.0,0.0,1400000.0,1400000.0,25504.619442221832
2170,1400000.0,0.0,1400000.0,1400000.0,25504.576958319012
2171,1400000.0,0.0,1400000.0,1400000.0,25504.534474557688
2172,1400000.0,0.0,1400000.0,1400000.0,25504.491990937866
2173,1400000.0,0.0,1400000.0,1400000.0,25504.44950745955
2174,1400000.0,0.0,1400000.0,1400000.0,25504.407024122753
2175,1400000.0,0.0,1400000.0,1400000.0,25504.36454092744
2176,1400000.0,0.0,1400000.0,1400000.0,25504.32205787363
2177,1174038.0435346013,0.0,1174038.0435346013,1174038.0435346013,21771.244180551865
2178,453473.88464863517,0.0,453473.88464863517,453473.88464863517,9075.022356728312
2179,788794.8397130545,0.0,788794.8397130545,788794.8397130545,15155.383876662145
2180,790749.6510376984,0.0,790749.6510376984,790749.6510376984,15189.839905135745
2181,733767.6913969725,0.0,733767.6913969725,733767.6913969725,14180.478846409205
2182,727792.3728136185,0.0,727792.3728136185,727792.3728136185,14074.098439121142
2183,684157.6711666947,0.0,684157.6711666947,684157.6711666947,13294.359820602383
2184,480275.99116835237,0.0,480275.99116835237,480275.99116835237,9574.31531514328
2185,435533.76420945814,0.0,435533.76420945814,435533.76420945814,8739.141958304177
2186,463430.3244583089,0.0,463430.3244583089,463430.3244583089,9260.711832334262
2187,478257.7833612449,0.0,478257.7833612449,478257.7833612449,9536.754164183725
2188,264006.59577435855,0.0,264006.59577435855,264006.59577435855,5459.947855041879
2189,381639.214655891,0.0,381639.214655891,381639.214655891,7722.838857389335
2190,824954.0524662933,0.0,824954.0524662933,824954.0524662933,15791.281547803092
2191,1279234.4250860908,0.0,1279234.4250860908,1279234.4250860908,23520.81985959372
2192,1247863.0960433017,0.0,1247863.0960433017,1247863.0960433017,23001.17454019944
2193,1212802.5121866106,0.0,1212802.5121866106,1212802.5121866106,22418.136524962534
2194,1306330.0835999523,0.0,1306330.0835999523,1306330.0835999523,23967.96228806078
2195,1400000.0,0.0,1400000.0,1400000.0,25503.53794513632
2196,1400000.0,0.0,1400000.0,1400000.0,25503.495464835625
2197,1400000.0,0.0,1400000.0,1400000.0,25503.45298467642
2198,1400000.0,0.0,1400000.0,1400000.0,25503.4105046587
2199,1400000.0,0.0,1400000.0,1400000.0,25503.368024782467
2200,1400000.0,0.0,1400000.0,1400000.0,25503.32554504772
2201,974723.3133533315,0.0,974723.3133533315,974723.3133533315,18390.876415642295
2202,586917.6476822529,0.0,586917.6476822529,586917.6476822529,11536.250672625216
2203,330097.421506839,0.0,330097.421506839,330097.421506839,6739.325387186574
2204,338171.2036627979,0.0,338171.2036627979,338171.2036627979,6894.136142799619
2205,208740.81304206816,0.0,208740.81304206816,208740.81304206816,4360.77642624197
2206,263521.4628846798,0.0,263521.4628846798,263521.4628846798,5409.057116255449
2207,241454.587027909,0.0,241454.587027909,241454.587027909,5017.6609906790445
2208,178155.00301007577,0.0,178155.00301007577,178155.00301007577,3723.4425143527565
2209,206540.85885222448,0.0,206540.85885222448,206540.85885222448,4214.430693088424
2210,111830.48920246706,0.0,111830.48920246706,111830.48920246706,2335.1755485704307
2211,92190.97985494332,0.0,92190.97985494332,92190.97985494332,1924.4654280165216
2212,64375.732230868794,0.0,64375.732230868794,64375.732230868794,1340.8265509249845
2213,51330.71753888094,0.0,51330.71753888094,51330.71753888094,1071.6879516954184
2214,194297.08491190025,0.0,194297.08491190025,194297.08491190025,3555.955768635568
2215,720318.0555316381,0.0,720318.0555316381,720318.0555316381,13728.325756252878
2216,981926.5617997218,0.0,981926.5617997218,981926.5617997218,18512.899886804782
2217,1173283.8353934798,0.0,1173283.8353934798,1173283.8353934798,21755.79946902915
2218,1164179.1044776118,0.0,1164179.1044776118,1164179.1044776118,21603.246134102625
2219,1189317.5106349646,0.0,1189317.5106349646,1189317.5106349646,22023.89938904842
2220,1195906.980181671,0.0,1195906.980181671,1195906.980181671,22133.92308546668
2221,1215884.2925422313,0.0,1215884.2925422313,1215884.2925422313,22467.019347782847
2222,1224365.7640261073,0.0,1224365.7640261073,1224365.7640261073,22608.172794809016
2223,1202643.2495213288,0.0,1202643.2495213288,1202643.2495213288,22246.233118816308
2224,858641.5077504196,0.0,858641.5077504196,858641.5077504196,16378.909651441307
2225,373642.0773421921,0.0,373642.0773421921,373642.0773421921,7570.0100913667175
2226,170546.1578489379,0.0,170546.1578489379,170546.1578489379,3561.957512476861
2227,295929.7584921978,0.0,295929.7584921978,295929.7584921978,5849.883403753188
2228,501319.4919916759,0.0,501319.4919916759,501319.4919916759,9962.98044894092
2229,652725.414665111,0.0,652725.414665111,652725.414665111,12727.21234389312
2230,685587.2098008313,0.0,685587.2098008313,685587.2098008313,13317.798360052931
2231,779744.0377038998,0.0,779744.0377038998,779744.0377038998,14993.035452320728
2232,785688.3728836767,0.0,785688.3728836767,785688.3728836767,15097.959009343314
2233,786653.7226538438,0.0,786653.7226538438,786653.7226538438,15114.968410262913
2234,787342.4877017757,0.0,787342.4877017757,787342.4877017757,15127.095640276733
2235,786784.5059238354,0.0,786784.5059238354,786784.5059238354,15117.225668102523
2236,786925.504214474,0.0,786925.504214474,786925.504214474,15119.688278777021
2237,784979.0250665221,0.0,784979.0250665221,784979.0250665221,15085.314640776121
2238,1110406.5389717019,0.0,1110406.5389717019,1110406.5389717019,20697.943377221065
2239,1400000.0,0.0,1400000.0,1400000.0,25499.741969810744
2240,1400000.0,0.0,1400000.0,1400000.0,25499.699502147898
2241,1400000.0,0.0,1400000.0,1400000.0,25499.657034626485
2242,1400000.0,0.0,1400000.0,1400000.0,25499.614567246495
2243,1400000.0,0.0,1400000.0,1400000.0,25499.572100007932
2244,1400000.0,0.0,1400000.0,1400000.0,25499.529632910777
2245,1400000.0,0.0,1400000.0,1400000.0,25499.48716595505
2246,790392.4169654452,0.0,790392.4169654452,790392.4169654452,15180.57886949514
2247,1400000.0,0.0,1400000.0,1400000.0,25499.404444847798
2248,1285364.6322423487,0.0,1285364.6322423487,1285364.6322423487,23618.07336353793
2249,727795.1007820126,0.0,727795.1007820126,727795.1007820126,14071.358208225953
2250,271840.3114475477,0.0,271840.3114475477,271840.3114475477,5611.684120464564
2251,346240.598665761,0.0,346240.598665761,346240.598665761,7047.358698468877
2252,387408.1157840294,0.0,387408.1157840294,387408.1157840294,7830.618332112847
2253,792739.4058775078,0.0,792739.4058775078,792739.4058775078,15221.784088913686
2254,792739.4058775078,0.0,792739.4058775078,792739.4058775078,15221.758741032938
2255,792739.4058775078,0.0,792739.4058775078,792739.4058775078,15221.733393236565
2256,792739.4058775078,0.0,792739.4058775078,792739.4058775078,15221.708045524572
2257,790551.7524233438,0.0,790551.7524233438,790551.7524233438,15183.112633655626
2258,789956.0181744073,0.0,789956.0181744073,789956.0181744073,15172.581901221538
2259,760709.648872586,0.0,760709.648872586,760709.648872586,14655.647277323902
2260,653187.4466188515,0.0,653187.4466188515,653187.4466188515,12734.864254481336
2261,603576.6561307537,0.0,603576.6561307537,603576.6561307537,11837.219353532477
2262,948983.2059290378,0.0,948983.2059290378,948983.2059290378,17944.64854326461
2263,1363271.8553503812,0.0,1363271.8553503812,1363271.8553503812,24898.66492880301
2264,1281071.7721109553,0.0,1281071.7721109553,1281071.7721109553,23546.54839146675
2265,1251536.0190272098,0.0,1251536.0190272098,1251536.0190272098,23057.549879387923
2266,1253441.1742508756,0.0,1253441.1742508756,1253441.1742508756,23089.102170034206
2267,1200859.8223455066,0.0,1200859.8223455066,1200859.8223455066,22214.54121823834
2268,1209232.9396202893,0.0,1209232.9396202893,1209232.9396202893,22354.13347912037
2269,567099.4390516744,0.0,567099.4390516744,567099.4390516744,11172.200942652482
2270,145230.44104811148,0.0,145230.44104811148,145230.44104811148,3039.029055419823
2271,283459.5577853577,0.0,283459.5577853577,283459.5577853577,5528.255490134586
2272,650807.3694110466,0.0,650807.3694110466,650807.3694110466,12691.40732169057
2273,325757.938196839,0.0,325757.938196839,325757.938196839,6654.396489458921
2274,404723.58404855704,0.0,404723.58404855704,404723.58404855704,8157.411729886337
2275,688405.4216599269,0.0,688405.4216599269,688405.4216599269,13366.964792782292
2276,708577.1636582384,0.0,708577.1636582384,708577.1636582384,13727.733347792344
2277,783976.986806698,0.0,783976.986806698,783976.986806698,15066.26224260028
2278,786584.2549670703,0.0,786584.2549670703,786584.2549670703,15112.246996641605
2279,789822.470389644,0.0,789822.470389644,789822.470389644,15169.34059345243
2280,791226.8919934946,0.0,791226.8919934946,791226.8919934946,15194.07918278603
2281,792739.4058775078,0.0,792739.4058775078,792739.4058775078,15220.717810339003
2282,792336.2210241772,0.0,792336.2210241772,792336.2210241772,15213.585371259589
2283,792739.4058775078,0.0,792739.4058775078,792739.4058775078,15220.667122825527
2284,792739.4058775078,0.0,792739.4058775078,792739.4058775078,15220.641778661111
2285,792739.4058775078,0.0,792739.4058775078,792739.4058775078,15220.61643458105
2286,805699.2036066917,0.0,805699.2036066917,805699.2036066917,15448.8085148571
2287,902928.3480396206,0.0,902928.3480396206,902928.3480396206,17147.184610920263
2288,1400000.0,0.0,1400000.0,1400000.0,25497.190261182157
2289,1400000.0,0.0,1400000.0,1400000.0,25497.147802014282
2290,1400000.0,0.0,1400000.0,1400000.0,25497.105342987787
2291,1269811.9493396925,0.0,1269811.9493396925,1269811.9493396925,23358.80753217339
2292,1030979.5387735282,0.0,1030979.5387735282,1030979.5387735282,19348.731713194316
2293,1072535.9355363233,0.0,1072535.9355363233,1072535.9355363233,20055.13371680458
2294,1022650.9034505864,0.0,1022650.9034505864,1022650.9034505864,19206.62147890013
2295,927256.0523657468,0.0,927256.0523657468,927256.0523657468,17568.22105732219
2296,802860.722042758,0.0,802860.722042758,802860.722042758,15398.597683051614
2297,761707.1413758346,0.0,761707.1413758346,761707.1413758346,14672.031295276714
2298,783410.2658342631,0.0,783410.2658342631,783410.2658342631,15055.724463207212
2299,786239.6080102074,0.0,786239.6080102074,786239.6080102074,15105.629943725773
2300,754446.5936619393,0.0,754446.5936619393,754446.5936619393,14543.30568752253
2301,790137.8077766742,0.0,790137.8077766742,790137.8077766742,15174.337754194123
2302,784888.7538419018,0.0,784888.7538419018,784888.7538419018,15081.71825881437
2303,545544.9108940043,0.0,545544.9108940043,545544.9108940043,10776.437172400292
2304,709222.1558648109,0.0,709222.1558648109,709222.1558648109,13738.598215083872
2305,119275.64124916754,0.0,119275.64124916754,119275.64124916754,2492.9135632911953
2306,740336.4137342819,0.0,740336.4137342819,740336.4137342819,13210.549185524676
2307,787688.0241779194,0.0,787688.0241779194,787688.0241779194,15130.473959963632
2308,785184.2380240558,0.0,785184.2380240558,785184.2380240558,15086.276124699447
2309,627079.9672282418,0.0,627079.9672282418,627079.9672282418,12261.688475071222
2310,387846.7091122006,0.0,387846.7091122006,387846.7091122006,7837.652703370513
2311,497137.75918041554,0.0,497137.75918041554,497137.75918041554,9883.552738182127
2312,826048.2310125162,0.0,826048.2310125162,826048.2310125162,15805.046097644343
2313,1011968.1224478653,0.0,1011968.1224478653,1011968.1224478653,19022.98528567385
2314,1164179.1044776118,0.0,1164179.1044776118,1164179.1044776118,21598.353097145526
2315,1164179.1044776118,0.0,1164179.1044776118,1164179.1044776118,21598.31713539587
2316,1164179.1044776118,0.0,1164179.1044776118,1164179.1044776118,21598.281173765936
2317,1164179.1044776118,0.0,1164179.1044776118,1164179.1044776118,21598.24521225572
2318,1130218.257320307,0.0,1130218.257320307,1130218.257320307,21027.915384944325
2319,1125174.3602814742,0.0,1125174.3602814742,1125174.3602814742,20942.973389630046
2320,949931.1139765164,0.0,949931.1139765164,949931.1139765164,17958.258180883182
2321,446736.65086374164,0.0,446736.65086374164,446736.65086374164,8945.51528451918
2322,47625.539890902095,0.0,47625.539890902095,47625.539890902095,986.3469229267603
2323,260447.9765627955,0.0,260447.9765627955,260447.9765627955,4653.418962077375
2324,551804.521732512,0.0,551804.521732512,551804.521732512,10889.813930108658
2325,765443.7974128637,0.0,765443.7974128637,765443.7974128637,14736.107612176804
2326,787282.4022234274,0.0,787282.4022234274,787282.4022234274,15121.92348449915
2327,792739.4058775078,0.0,792739.4058775078,792739.4058775078,15218.112734825749
2328,792739.4058775078,0.0,792739.4058775078,792739.4058775078,15218.087399160047
2329,792739.4058775078,0.0,792739.4058775078,792739.4058775078,15218.062063578662
2330,791095.9971881207,0.0,791095.9971881207,791095.9971881207,15189.069629172325
2331,686458.5822658025,0.0,686458.5822658025,686458.5822658025,13329.549474156658
2332,175697.39105070278,0.0,175697.39105070278,175697.39105070278,3673.2432090238663
2333,174521.29976971625,0.0,174521.29976971625,174521.29976971625,3649.8904839430033
2334,110221.5619205501,0.0,110221.5619205501,110221.5619205501,2302.562056347798
2335,565392.8181225347,0.0,565392.8181225347,565392.8181225347,10210.653180288296
2336,151544.01867627952,0.0,151544.01867627952,151544.01867627952,3163.573692804435
2337,838246.7300589622,0.0,838246.7300589622,838246.7300589622,15168.054820536649
2338,1164179.1044776118,0.0,1164179.1044776118,1164179.1044776118,21595.011414105917
2339,756470.6970606718,0.0,756470.6970606718,756470.6970606718,14575.987855121983
2340,761756.2612334243,0.0,761756.2612334243,761756.2612334243,14669.58660467459
2341,1188603.1648052358,0.0,1188603.1648052358,1188603.1648052358,22003.518818649718
2342,983942.0925542435,0.0,983942.0925542435,983942.0925542435,18540.11491747376
2343,1026540.2217925802,0.0,1026540.2217925802,1026540.2217925802,19268.540014587008
2344,675450.4581982674,0.0,675450.4581982674,675450.4581982674,13131.056765339341
2345,289745.6199310981,0.0,289745.6199310981,289745.6199310981,5957.619608184532
2346,157109.39665931897,0.0,157109.39665931897,157109.39665931897,3284.108928927767
2347,407711.17996025685,0.0,407711.17996025685,407711.17996025685,7838.5669653394425
2348,675102.8104482201,0.0,675102.8104482201,675102.8104482201,13124.464731809194
2349,740947.5575567266,0.0,740947.5575567266,740947.5575567266,14300.059902443965
2350,775120.9115493834,0.0,775120.9115493834,775120.9115493834,14905.430884054409
2351,787643.0351812636,0.0,787643.0351812636,787643.0351812636,15126.451795599265
2352,792264.019010785,0.0,792264.019010785,792264.019010785,15207.878709802453
2353,784973.1240550665,0.0,784973.1240550665,784973.1240550665,15079.292481238084
2354,769900.189133038,0.0,769900.189133038,769900.189133038,14813.036066675255
2355,741801.7966135297,0.0,741801.7966135297,741801.7966135297,14315.075322258697
2356,653910.1835207129,0.0,653910.1835207129,653910.1835207129,12743.249706211203
2357,777387.1319320755,0.0,777387.1319320755,777387.1319320755,14945.278814257283
2358,764083.4067499342,0.0,764083.4067499342,764083.4067499342,14710.034156597623
2359,652980.8401186722,0.0,652980.8401186722,652980.8401186722,12726.446443406201
2360,816675.4141585589,0.0,816675.4141585589,816675.4141585589,15637.10082866549
2361,706274.5989340259,0.0,706274.5989340259,706274.5989340259,13682.238095375926
2362,818017.1962437619,0.0,818017.1962437619,818017.1962437619,15660.607270659435
2363,473502.05027201213,0.0,473502.05027201213,473502.05027201213,9442.645347559574
2364,324920.76773020305,0.0,324920.76773020305,324920.76773020305,6636.003586882803
2365,773730.8317616766,0.0,773730.8317616766,773730.8317616766,14880.484528288189
2366,508394.6034761774,0.0,508394.6034761774,508394.6034761774,10089.357569643838
2367,842653.207283621,0.0,842653.207283621,842653.207283621,16092.195271979785
2368,936673.8827536871,0.0,936673.8827536871,936673.8827536871,17725.75320545317
2369,804149.5104278359,0.0,804149.5104278359,804149.5104278359,15416.72392200009
2370,788763.8645991482,0.0,788763.8645991482,788763.8645991482,15145.727813590107
2371,790654.4375320764,0.0,790654.4375320764,790654.4375320764,15179.03284160492
2372,792739.4058775078,0.0,792739.4058775078,792739.4058775078,15215.753909181436
2373,788388.1897063747,0.0,788388.1897063747,788388.1897063747,15139.028018244326
2374,764870.3681506657,0.0,764870.3681506657,764870.3681506657,14723.571570844046
2375,781695.9271774356,0.0,781695.9271774356,781695.9271774356,15020.912794648948
2376,792739.4058775078,0.0,792739.4058775078,792739.4058775078,15215.652713765881
2377,792739.4058775078,0.0,792739.4058775078,792739.4058775078,15215.627386281212
2378,792739.4058775078,0.0,792739.4058775078,792739.4058775078,15215.602058880815
2379,617061.2962700374,0.0,617061.2962700374,617061.2962700374,12077.08184806113
2380,789257.2692474782,0.0,789257.2692474782,789257.2692474782,15154.17559711773
2381,749931.9840478624,0.0,749931.9840478624,749931.9840478624,14458.748759735818
2382,783932.1451386705,0.0,783932.1451386705,783932.1451386705,15060.20241169919
2383,813966.5192831265,0.0,813966.5192831265,813966.5192831265,15588.933614208978
2384,824182.7288494166,0.0,824182.7288494166,824182.7288494166,15768.225989981413
2385,878212.630948341,0.0,878212.630948341,878212.630948341,16712.10873166266
2386,949072.5210832241,0.0,949072.5210832241,949072.5210832241,17939.040008297234
2387,942828.3661552861,0.0,942828.3661552861,942828.3661552861,17831.377721804212
2388,1003501.8105085177,0.0,1003501.8105085177,1003501.8105085177,18873.31892639702
2389,1033017.9885843738,0.0,1033017.9885843738,1033017.9885843738,19377.11397581672
2390,1006470.9933467826,0.0,1006470.9933467826,1006470.9933467826,18924.027963281358
2391,1103038.3428859273,0.0,1103038.3428859273,1103038.3428859273,20564.500974604587
2392,897215.4940806418,0.0,897215.4940806418,897215.4940806418,17042.149985972712
2393,919915.7805624806,0.0,919915.7805624806,919915.7805624806,17435.45267564189
2394,792739.4058775078,0.0,792739.4058775078,792739.4058775078,15215.193346162267
2395,792739.4058775078,0.0,792739.4058775078,792739.4058775078,15215.168020206012
2396,790267.3525225498,0.0,790267.3525225498,790267.3525225498,15171.574540436306
2397,792739.4058775078,0.0,792739.4058775078,792739.4058775078,15215.117375096714
2398,792739.4058775078,0.0,792739.4058775078,792739.4058775078,15215.092049393228
2399,792739.4058775078,0.0,792739.4058775078,792739.4058775078,15215.066723774004
2400,792739.4058775078,0.0,792739.4058775078,792739.4058775078,15215.041398239046
2401,792739.4058775078,0.0,792739.4058775078,792739.4058775078,15215.016072788347
2402,790715.6201155913,0.0,790715.6201155913,790715.6201155913,15179.324511413093
2403,784977.9827934476,0.0,784977.9827934476,784977.9827934476,15078.122957476726
2404,777979.2565141424,0.0,777979.2565141424,777979.2565141424,14954.56533543461
2405,766388.090623058,0.0,766388.090623058,766388.090623058,14749.659804058447
2406,972091.0221559912,0.0,972091.0221559912,972091.0221559912,18334.417913289257
2407,705664.5868357306,0.0,705664.5868357306,705664.5868357306,13670.286373400899
2408,666205.597808643,0.0,666205.597808643,666205.597808643,12963.334451958255
2409,424799.81604803354,0.0,424799.81604803354,424799.81604803354,8531.799859713656
2410,522649.1871327701,0.0,522649.1871327701,522649.1871327701,10351.570880275738
2411,524500.5403252342,0.0,524500.5403252342,524500.5403252342,10385.657812986612
2412,503971.6269466189,0.0,503971.6269466189,503971.6269466189,10006.817975528653
2413,510757.0692461665,0.0,510757.0692461665,510757.0692461665,10132.17397263369
2414,58629.81795436435,0.0,58629.81795436435,58629.81795436435,1226.5908760334348
2415,188963.4497541697,0.0,188963.4497541697,188963.4497541697,3495.6986245452263
2416,107261.19719960427,0.0,107261.19719960427,107261.19719960427,2243.419925764617
2417,31355.05011021178,0.0,31355.05011021178,31355.05011021178,653.899973182662
2418,3511.0430679029187,0.0,3511.0430679029187,3511.0430679029187,-0.0
2419,0.0,0.0,0.0,0.0,-0.0
2420,112311.40625575783,0.0,112311.40625575783,112311.40625575783,1952.7608700170067
2421,121158.0293074395,0.0,121158.0293074395,121158.0293074395,2494.1258910469514
2422,121685.28747467513,0.0,121685.28747467513,121685.28747467513,2539.6701671598657
2423,161876.4510311507,0.0,161876.4510311507,161876.4510311507,3237.0941532531424
2424,160354.966830473,0.0,160354.966830473,160354.966830473,3347.55408335092
2425,175246.45105318679,0.0,175246.45105318679,175246.45105318679,3595.2951271402535
2426,281113.43342034926,0.0,281113.43342034926,281113.43342034926,5613.330086226257
2427,248119.3332838689,0.0,248119.3332838689,248119.3332838689,5144.414231559526
2428,158910.8473265967,0.0,158910.8473265967,158910.8473265967,3318.9227985534276
2429,153415.89987875056,0.0,153415.89987875056,153415.89987875056,3199.6838996802257
2430,674705.5117912195,0.0,674705.5117912195,674705.5117912195,12419.38131211844
2431,285358.91707627126,0.0,285358.91707627126,285358.91707627126,5870.664452759746
2432,360832.37729630654,0.0,360832.37729630654,360832.37729630654,7320.94014961492
2433,740635.1648696468,0.0,740635.1648696468,740635.1648696468,14290.602606949804
2434,476015.3928097228,0.0,476015.3928097228,476015.3928097228,9486.916523154061
2435,598530.2801157137,0.0,598530.2801157137,598530.2801157137,11738.056947880523
2436,731405.3962402104,0.0,731405.3962402104,731405.3962402104,14126.5087481572
2437,775143.1433716232,0.0,775143.1433716232,775143.1433716232,14901.69035985374
2438,726886.988476253,0.0,726886.988476253,726886.988476253,14046.07848557301
2439,844674.2660364967,0.0,844674.2660364967,844674.2660364967,16123.512926522155
2440,834237.3351882803,0.0,834237.3351882803,834237.3351882803,15940.878560861178
2441,809147.242040079,0.0,809147.242040079,809147.242040079,15500.721761497924
2442,776045.9875317768,0.0,776045.9875317768,776045.9875317768,14917.513294578697
2443,724834.3644113741,0.0,724834.3644113741,724834.3644113741,14009.425757357676
2444,648442.7493576128,0.0,648442.7493576128,648442.7493576128,12641.168313738524
2445,778676.3872264308,0.0,778676.3872264308,778676.3872264308,14963.888233789154
2446,787275.9945366983,0.0,787275.9945366983,787275.9945366983,15115.59043678279
2447,737011.0033338044,0.0,737011.0033338044,737011.0033338044,14225.893698151795
2448,705393.1074361261,0.0,705393.1074361261,705393.1074361261,13662.688496770352
2449,678849.3623847462,0.0,678849.3623847462,678849.3623847462,13187.681990006124
2450,673277.2511422025,0.0,673277.2511422025,673277.2511422025,13087.692973843687
2451,702056.2522449474,0.0,702056.2522449474,702056.2522449474,13603.020304674998
2452,686930.1463407645,0.0,686930.1463407645,686930.1463407645,13332.430095445634
2453,670537.3963524875,0.0,670537.3963524875,670537.3963524875,13038.439954161135
2454,1040145.5705114262,0.0,1040145.5705114262,1040145.5705114262,19493.927314878827
2455,678603.1765075377,0.0,678603.1765075377,678603.1765075377,13183.134667141936
2456,596151.0721242852,0.0,596151.0721242852,596151.0721242852,11694.39165616189
2457,731867.5218607769,0.0,731867.5218607769,731867.5218607769,14134.23242798079
2458,964201.4273743983,0.0,964201.4273743983,964201.4273743983,18194.947703716505
2459,1400000.0,0.0,1400000.0,1400000.0,25482.916815557648
2460,1400000.0,0.0,1400000.0,1400000.0,25482.874403890888
2461,1400000.0,0.0,1400000.0,1400000.0,25482.831992365278
2462,1400000.0,0.0,1400000.0,1400000.0,25482.78958098081
2463,1111234.022235237,0.0,1111234.022235237,1111234.022235237,20697.74370000487
2464,1370213.4723735552,0.0,1370213.4723735552,1370213.4723735552,24996.482663907173
2465,464993.8854158479,0.0,464993.8854158479,464993.8854158479,9281.366743874936
2466,81243.94618233018,0.0,81243.94618233018,81243.94618233018,1695.7577651763006
2467,96728.07963236803,0.0,96728.07963236803,96728.07963236803,1956.2211107240612
2468,0.0,0.0,0.0,0.0,-0.0
2469,8052.292767563251,0.0,8052.292767563251,8052.292767563251,-0.0
2470,24183.5458167017,0.0,24183.5458167017,24183.5458167017,416.9370905515633
2471,105051.83390940465,0.0,105051.83390940465,105051.83390940465,1896.547677701265
2472,81246.69209242718,0.0,81246.69209242718,81246.69209242718,1695.6623972352893
2473,128769.36505029934,0.0,128769.36505029934,128769.36505029934,2517.709988801338
2474,386815.68985644984,0.0,386815.68985644984,386815.68985644984,7280.956295505846
2475,468821.33349155774,0.0,468821.33349155774,468821.33349155774,9351.683826623143
2476,631427.5171841722,0.0,631427.5171841722,631427.5171841722,12332.41398523433
2477,785478.9798098862,0.0,785478.9798098862,785478.9798098862,15081.916141076123
2478,907866.1316663984,0.0,907866.1316663984,907866.1316663984,17220.821284235903
2479,1203183.8367684009,0.0,1203183.8367684009,1203183.8367684009,22236.986523241238
2480,940256.4156918442,0.0,940256.4156918442,940256.4156918442,17780.601087753694
2481,1121377.4694148493,0.0,1121377.4694148493,1121377.4694148493,20866.44359984702
2482,974911.0149649325,0.0,974911.0149649325,974911.0149649325,18376.746274011315
2483,1249663.2316317218,0.0,1249663.2316317218,1249663.2316317218,23009.43390112136
2484,1400000.0,0.0,1400000.0,1400000.0,25479.971341804914
2485,1400000.0,0.0,1400000.0,1400000.0,25479.928939940673
2486,1400000.0,0.0,1400000.0,1400000.0,25479.886538217535
2487,1400000.0,0.0,1400000.0,1400000.0,25479.844136635475
2488,1112934.0394264304,0.0,1112934.0394264304,1112934.0394264304,20723.953414063937
2489,1106024.3972300054,0.0,1106024.3972300054,1106024.3972300054,20607.401224181536
2490,797790.6202408605,0.0,797790.6202408605,797790.6202408605,15298.48568424465
2491,792739.4058775078,0.0,792739.4058775078,792739.4058775078,15209.516382351334
2492,792739.4058775078,0.0,792739.4058775078,792739.4058775078,15209.491075278358
2493,734661.0363748744,0.0,734661.0363748744,734661.0363748744,14181.888274108405
2494,284095.9410384405,0.0,284095.9410384405,284095.9410384405,5844.990387764377
2495,314423.16731978883,0.0,314423.16731978883,314423.16731978883,6431.136822292009
2496,375908.961226069,0.0,375908.961226069,375908.961226069,7606.00734371643
2497,216726.13651996746,0.0,216726.13651996746,216726.13651996746,4524.434060792043
2498,27218.992258375685,0.0,27218.992258375685,27218.992258375685,559.330969066477
2499,25091.53720422594,0.0,25091.53720422594,25091.53720422594,518.0143303898033
2500,105330.67896914743,0.0,105330.67896914743,105330.67896914743,1901.0728862644476
2501,190156.44231044358,0.0,190156.44231044358,190156.44231044358,3654.4512483736125
2502,1094189.5134357347,0.0,1094189.5134357347,1094189.5134357347,19942.88141894025
2503,1400000.0,0.0,1400000.0,1400000.0,25477.648078565282
2504,1400000.0,0.0,1400000.0,1400000.0,25477.60568443076
2505,1400000.0,0.0,1400000.0,1400000.0,25477.563290437287
2506,1037447.9692395038,0.0,1037447.9692395038,1037447.9692395038,19443.615439998757
2507,860721.6529423655,0.0,860721.6529423655,860721.6529423655,16399.537650521866
2508,962855.5439782685,0.0,962855.5439782685,962855.5439782685,18167.728377310075
2509,1083739.904197134,0.0,1083739.904197134,1083739.904197134,20228.993654161823
2510,1103119.4199919882,0.0,1103119.4199919882,1103119.4199919882,20556.398109134556
2511,909860.264172449,0.0,909860.264172449,909860.264172449,17253.312395934925
2512,458652.61896104174,0.0,458652.61896104174,458652.61896104174,9161.066152240246
2513,478290.0410365088,0.0,478290.0410365088,478290.0410365088,9526.443392175317
2514,150613.96602813617,0.0,150613.96602813617,150613.96602813617,3143.2337279151184
2515,169584.95361542262,0.0,169584.95361542262,169584.95361542262,3470.19528223684
2516,191442.93578961235,0.0,191442.93578961235,191442.93578961235,3922.7736940781074
2517,187641.172740216,0.0,187641.172740216,187641.172740216,3917.406936929505
2518,244035.88875757201,0.0,244035.88875757201,244035.88875757201,4947.553522029699
2519,787382.7578719428,0.0,787382.7578719428,787382.7578719428,15113.107640911878
2520,781464.1121390383,0.0,781464.1121390383,781464.1121390383,15008.693639434567
2521,245412.63746455518,0.0,245412.63746455518,245412.63746455518,5089.383306419505
2522,694167.9572455147,0.0,694167.9572455147,694167.9572455147,13458.10691852749
2523,700863.1955360539,0.0,700863.1955360539,700863.1955360539,13577.755766658567
2524,391732.87197814015,0.0,391732.87197814015,391732.87197814015,7904.568254142482
2525,566770.7080390768,0.0,566770.7080390768,566770.7080390768,11155.615110260596
2526,692602.4031860888,0.0,692602.4031860888,692602.4031860888,13430.017401248662
2527,772788.3628430103,0.0,772788.3628430103,772788.3628430103,14855.359507381581
2528,476354.2832485797,0.0,476354.2832485797,476354.2832485797,9490.017490631357
2529,874963.3256401576,0.0,874963.3256401576,874963.3256401576,16646.655468814526
2530,1237846.4098733368,0.0,1237846.4098733368,1237846.4098733368,22809.785015090998
2531,1192186.3774876052,0.0,1192186.3774876052,1192186.3774876052,22049.843828414618
2532,1221586.3398047586,0.0,1221586.3398047586,1221586.3398047586,22539.576759305164
2533,1119358.5384927723,0.0,1119358.5384927723,1119358.5384927723,20828.92136566891
2534,676904.4658886679,0.0,676904.4658886679,676904.4658886679,13148.678290098063
2535,806145.2046310144,0.0,806145.2046310144,806145.2046310144,15442.948303354957
2536,300594.0481028339,0.0,300594.0481028339,300594.0481028339,6163.404997632871
2537,179252.00016977117,0.0,179252.00016977117,179252.00016977117,3740.9583791886143
2538,128303.03892111714,0.0,128303.03892111714,128303.03892111714,2680.320166785683
2539,345145.83962163766,0.0,345145.83962163766,345145.83962163766,6541.01652055385
2540,616589.290430811,0.0,616589.290430811,616589.290430811,12061.18400244838
2541,614324.8205718602,0.0,614324.8205718602,614324.8205718602,12020.141554072228
2542,593729.819739969,0.0,593729.819739969,593729.819739969,11646.302160865238
2543,552173.036975863,0.0,552173.036975863,552173.036975863,10887.906520155462
2544,643942.5574573107,0.0,643942.5574573107,643942.5574573107,12555.392169646653
2545,656036.8170981173,0.0,656036.8170981173,656036.8170981173,12773.204495052087
2546,690790.0582025415,0.0,690790.0582025415,690790.0582025415,13396.743224010785
2547,708310.4152390446,0.0,708310.4152390446,708310.4152390446,13709.760143268522
2548,742221.8526252512,0.0,742221.8526252512,742221.8526252512,14313.185531205603
2549,792739.4058775078,0.0,792739.4058775078,792739.4058775078,15206.275814306264
2550,801041.0481273036,0.0,801041.0481273036,801041.0481273036,15352.365144625088
2551,815899.0541152668,0.0,815899.0541152668,815899.0541152668,15613.399168245965
2552,815929.48182532,0.0,815929.48182532,815929.48182532,15613.907227261021
2553,48263.622700243366,0.0,48263.622700243366,48263.622700243366,1009.9948247623574
2554,708965.4168740882,0.0,708965.4168740882,708965.4168740882,11954.26106815511
2555,909599.955099104,0.0,909599.955099104,909599.955099104,17245.69511538814
2556,417252.07736540446,0.0,417252.07736540446,417252.07736540446,8384.402584704547
2557,779805.3765987931,0.0,779805.3765987931,779805.3765987931,14977.208349588233
2558,258712.7310313959,0.0,258712.7310313959,258712.7310313959,5349.003630315946
2559,765912.4122866708,0.0,765912.4122866708,765912.4122866708,14731.762901724955
2560,545020.5679464445,0.0,545020.5679464445,545020.5679464445,10755.873476980965
2561,724538.0304292593,0.0,724538.0304292593,724538.0304292593,13997.797291182073
2562,775589.7095277244,0.0,775589.7095277244,775589.7095277244,14902.678325283288
2563,657562.8408628751,0.0,657562.8408628751,657562.8408628751,12799.531821869736
2564,792719.8683148125,0.0,792719.8683148125,792719.8683148125,15204.687482727959
2565,606743.6068051499,0.0,606743.6068051499,606743.6068051499,11881.515722195234
2566,730198.5862055927,0.0,730198.5862055927,730198.5862055927,14098.367934146698
2567,514984.964442505,0.0,514984.964442505,514984.964442505,10203.44091320577
2568,789476.1827558855,0.0,789476.1827558855,789476.1827558855,15147.451646147103
2569,327667.0098892875,0.0,327667.0098892875,327667.0098892875,6683.561328272488
2570,639338.0446656989,0.0,639338.0446656989,639338.0446656989,12471.077620062133
2571,658878.4537108359,0.0,658878.4537108359,658878.4537108359,12823.023837726885
2572,682620.6341878717,0.0,682620.6341878717,682620.6341878717,13249.13971103251
2573,384764.4617601177,0.0,384764.4617601177,384764.4617601177,7771.3725216921675
2574,299512.86318025936,0.0,299512.86318025936,299512.86318025936,6141.535203253697
2575,600310.1283497892,0.0,600310.1283497892,600310.1283497892,11764.54813685346
2576,762930.3693658685,0.0,762930.3693658685,762930.3693658685,14678.614510615427
2577,773014.2738355407,0.0,773014.2738355407,773014.2738355407,14856.834040274962
2578,553057.6712888193,0.0,553057.6712888193,553057.6712888193,10902.825164577709
2579,391796.1251823114,0.0,391796.1251823114,391796.1251823114,7904.288899714145
2580,508760.93049515854,0.0,508760.93049515854,508760.93049515854,10088.388990773952
2581,639893.0198008283,0.0,639893.0198008283,639893.0198008283,12480.863704972977
2582,524713.0517572728,0.0,524713.0517572728,524713.0517572728,10382.397120499816
2583,1091861.6941777866,0.0,1091861.6941777866,1091861.6941777866,20361.739152664766
2584,773731.1726942132,0.0,773731.1726942132,773731.1726942132,14869.325393245945
2585,1252308.8771393984,0.0,1252308.8771393984,1252308.8771393984,23045.699509939248
2586,786405.8386514497,0.0,786405.8386514497,786405.8386514497,15092.899422972303
2587,792595.4798184416,0.0,792595.4798184416,792595.4798184416,15201.925408762421
2588,786998.0547623851,0.0,786998.0547623851,786998.0547623851,15103.287428452511
2589,785373.5599928702,0.0,785373.5599928702,785373.5599928702,15074.627244958792
2590,784829.1241623467,0.0,784829.1241623467,784829.1241623467,15065.003815627411
2591,788632.8250837497,0.0,788632.8250837497,788632.8250837497,15132.021105217376
2592,790025.5146146207,0.0,790025.5146146207,790025.5146146207,15156.533230881865
2593,791951.6717130538,0.0,791951.6717130538,791951.6717130538,15190.435775761585
2594,790800.6007806158,0.0,790800.6007806158,790800.6007806158,15170.136503214391
2595,791538.5740813435,0.0,791538.5740813435,791538.5740813435,15183.109701633693
2596,791818.153328671,0.0,791818.153328671,791818.153328671,15188.008485107728
2597,793712.1362617422,0.0,793712.1362617422,793712.1362617422,15221.335156717001
2598,841092.2948654861,0.0,841092.2948654861,841092.2948654861,16052.597686682313
2599,820001.5506861653,0.0,820001.5506861653,820001.5506861653,15683.251981358491
2600,870971.3891587681,0.0,870971.3891587681,870971.3891587681,16573.816793530146
2601,927932.910772241,0.0,927932.910772241,927932.910772241,17561.4032095604
2602,1102114.5063233203,0.0,1102114.5063233203,1102114.5063233203,20534.224770643967
2603,1230425.3359477737,0.0,1230425.3359477737,1230425.3359477737,22682.043976487712
2604,963458.4181078541,0.0,963458.4181078541,963458.4181078541,18173.29689095958
2605,1400000.0,0.0,1400000.0,1400000.0,25470.91808180534
2606,1400000.0,0.0,1400000.0,1400000.0,25470.875710052977
2607,1366146.6771907944,0.0,1366146.6771907944,1366146.6771907944,24918.32893826278
2608,932880.4154660506,0.0,932880.4154660506,932880.4154660506,17646.60195779489
2609,914331.5479397259,0.0,914331.5479397259,914331.5479397259,17326.06317608263
2610,822707.4014299507,0.0,822707.4014299507,822707.4014299507,15730.403313956398
2611,788890.0151529466,0.0,788890.0151529466,788890.0151529466,15136.041389739
2612,792739.4058775078,0.0,792739.4058775078,792739.4058775078,15203.820023312946
2613,787730.202875568,0.0,787730.202875568,787730.202875568,15115.554241127433
2614,784390.8598537559,0.0,784390.8598537559,784390.8598537559,15056.667453487404
2615,779826.4541221155,0.0,779826.4541221155,779826.4541221155,14976.139081594201
2616,717514.9767201669,0.0,717514.9767201669,717514.9767201669,13871.473358774663
2617,548896.1943473408,0.0,548896.1943473408,548896.1943473408,10825.867960634427
2618,428147.64941657585,0.0,428147.64941657585,428147.64941657585,8588.056178016119
2619,156282.9423482256,0.0,156282.9423482256,156282.9423482256,3264.882807092044
2620,252325.6925155602,0.0,252325.6925155602,252325.6925155602,4986.385167672254
2621,278912.9775763425,0.0,278912.9775763425,278912.9775763425,5741.834912805032
2622,811717.6022253314,0.0,811717.6022253314,811717.6022253314,15536.972335865086
2623,1138708.8052227357,0.0,1138708.8052227357,1138708.8052227357,21149.1469806772
2624,1164179.1044776118,0.0,1164179.1044776118,1164179.1044776118,21576.210875851204
2625,1166664.8697030416,0.0,1166664.8697030416,1166664.8697030416,21617.78545759799
2626,1192822.0670929197,0.0,1192822.0670929197,1192822.0670929197,22054.83911103381
2627,1197257.263438943,0.0,1197257.263438943,1197257.263438943,22128.77676708986
2628,1188475.6882198516,0.0,1188475.6882198516,1188475.6882198516,21982.23418733345
2629,1164179.1044776118,0.0,1164179.1044776118,1164179.1044776118,21576.031172228642
2630,1164179.1044776118,0.0,1164179.1044776118,1164179.1044776118,21575.995284734003
2631,1164179.1044776118,0.0,1164179.1044776118,1164179.1044776118,21575.959397358703
2632,1049916.4473211959,0.0,1049916.4473211959,1049916.4473211959,19649.150411530863
2633,547447.4983015015,0.0,547447.4983015015,547447.4983015015,10798.797955967048
2634,41681.68049827127,0.0,41681.68049827127,41681.68049827127,868.8010730197075
2635,26531.78591589288,0.0,26531.78591589288,26531.78591589288,545.8812327668337
2636,105687.38516949883,0.0,105687.38516949883,105687.38516949883,1909.1190366443589
2637,307523.9324625726,0.0,307523.9324625726,307523.9324625726,5770.876944515921
2638,387513.7852789782,0.0,387513.7852789782,387513.7852789782,7821.8035962319755
2639,478156.7840403115,0.0,478156.7840403115,478156.7840403115,9519.976857214928
2640,679474.4822091822,0.0,679474.4822091822,679474.4822091822,13190.118824654995
2641,788276.0895854782,0.0,788276.0895854782,788276.0895854782,15123.184124345264
2642,780968.1325821994,0.0,780968.1325821994,780968.1325821994,14994.33117716077
2643,784844.5915937566,0.0,784844.5915937566,784844.5915937566,15062.65969241154
2644,789963.5380766327,0.0,789963.5380766327,789963.5380766327,15152.835532370867
2645,789274.8830618045,0.0,789274.8830618045,789274.8830618045,15140.679613467924
2646,980647.449998047,0.0,980647.449998047,980647.449998047,18465.52568001174
2647,657340.3317188598,0.0,657340.3317188598,657340.3317188598,12792.614074249697
2648,962494.6389000609,0.0,962494.6389000609,962494.6389000609,18153.904808016545
2649,1162428.4513403433,0.0,1162428.4513403433,1162428.4513403433,21544.67435115434
2650,1400000.0,0.0,1400000.0,1400000.0,25467.04982489948
2651,1400000.0,0.0,1400000.0,1400000.0,25467.007466010054
2652,1400000.0,0.0,1400000.0,1400000.0,25466.96510726151
2653,1400000.0,0.0,1400000.0,1400000.0,25466.922748653837
2654,1400000.0,0.0,1400000.0,1400000.0,25466.88039018706
2655,1400000.0,0.0,1400000.0,1400000.0,25466.838031861153
2656,1400000.0,0.0,1400000.0,1400000.0,25466.795673676123
2657,1400000.0,0.0,1400000.0,1400000.0,25466.75331563197
2658,817174.3506483592,0.0,817174.3506483592,817174.3506483592,15630.783201807824
2659,792739.4058775078,0.0,792739.4058775078,792739.4058775078,15201.328318176902
2660,792739.4058775078,0.0,792739.4058775078,792739.4058775078,15201.303038321726
2661,792739.4058775078,0.0,792739.4058775078,792739.4058775078,15201.277758550583
2662,792739.4058775078,0.0,792739.4058775078,792739.4058775078,15201.252478863471
2663,792739.4058775078,0.0,792739.4058775078,792739.4058775078,15201.227199260396
2664,792739.4058775078,0.0,792739.4058775078,792739.4058775078,15201.201919741354
2665,792739.4058775078,0.0,792739.4058775078,792739.4058775078,15201.17664030634
2666,792739.4058775078,0.0,792739.4058775078,792739.4058775078,15201.151360955353
2667,792739.4058775078,0.0,792739.4058775078,792739.4058775078,15201.126081688408
2668,792739.4058775078,0.0,792739.4058775078,792739.4058775078,15201.10080250549
2669,794813.3923417917,0.0,794813.3923417917,794813.3923417917,15237.584834284204
2670,916037.5489527389,0.0,916037.5489527389,916037.5489527389,17352.367157155724
2671,1092335.157797974,0.0,1092335.157797974,1092335.157797974,20365.130899638825
2672,1173810.7814548821,0.0,1173810.7814548821,1173810.7814548821,21734.307873212605
2673,1262716.9948865364,0.0,1262716.9948865364,1262716.9948865364,23212.83825233876
2674,739164.1147080535,0.0,739164.1147080535,739164.1147080535,14253.85441554505
2675,1173817.3610308704,0.0,1173817.3610308704,1173817.3610308704,21734.31063680198
2676,1338759.7525002244,0.0,1338759.7525002244,1338759.7525002244,24465.153614500374
2677,1019932.7926698615,0.0,1019932.7926698615,1019932.7926698615,19136.19916024083
2678,1180054.4902172838,0.0,1180054.4902172838,1180054.4902172838,21838.447202069976
2679,1370305.8602291823,0.0,1370305.8602291823,1370305.8602291823,24981.427893818643
2680,1400000.0,0.0,1400000.0,1400000.0,25465.814816025366
2681,1265138.3988871044,0.0,1265138.3988871044,1265138.3988871044,23252.58212467937
2682,730129.9092343614,0.0,730129.9092343614,730129.9092343614,14093.18468504637
2683,788924.1470203127,0.0,788924.1470203127,788924.1470203127,15133.521491171452
2684,790565.4896816594,0.0,790565.4896816594,790565.4896816594,15162.406429991232
2685,792541.6736717402,0.0,792541.6736717402,792541.6736717402,15197.179605236277
2686,788757.939512613,0.0,788757.939512613,788757.939512613,15130.518062532836
2687,464843.006378569,0.0,464843.006378569,464843.006378569,9271.7071029997
2688,244582.23137839863,0.0,244582.23137839863,244582.23137839863,5070.60142283832
2689,250720.62537949078,0.0,250720.62537949078,250720.62537949078,5190.917408315546
2690,251278.66119777196,0.0,251278.66119777196,251278.66119777196,5201.836051388422
2691,430131.7019087272,0.0,430131.7019087272,430131.7019087272,8623.374720363738
2692,553150.7869959441,0.0,553150.7869959441,553150.7869959441,10901.427194898311
2693,522593.5206589727,0.0,522593.5206589727,522593.5206589727,10340.474235284106
2694,759916.8643187999,0.0,759916.8643187999,759916.8643187999,14621.137099174708
2695,764705.8111041817,0.0,764705.8111041817,764705.8111041817,14705.81379881182
2696,629957.8695585704,0.0,629957.8695585704,629957.8695585704,12298.002000633027
2697,692704.8825760412,0.0,692704.8825760412,692704.8825760412,13425.643117603624
2698,835598.7591885289,0.0,835598.7591885289,835598.7591885289,15952.48446174277
2699,908101.1636033698,0.0,908101.1636033698,908101.1636033698,17214.198395210868
2700,899640.9828206077,0.0,899640.9828206077,899640.9828206077,17067.611193737004
2701,903615.1230352491,0.0,903615.1230352491,903615.1230352491,17136.449837062388
2702,853052.6435215331,0.0,853052.6435215331,853052.6435215331,16257.325613605983
2703,737717.5646435388,0.0,737717.5646435388,737717.5646435388,14227.473242860011
2704,787832.6220014635,0.0,787832.6220014635,787832.6220014635,15113.75914379966
2705,582834.0845241019,0.0,582834.0845241019,582834.0845241019,11443.139263970019
2706,672421.8822107341,0.0,672421.8822107341,672421.8822107341,13062.189609073173
2707,771767.4428472428,0.0,771767.4428472428,771767.4428472428,14830.302622996385
2708,766436.9989634792,0.0,766436.9989634792,766436.9989634792,14736.099049741708
2709,743415.1371373564,0.0,743415.1371373564,743415.1371373564,14328.438859109374
2710,672879.7051728767,0.0,672879.7051728767,672879.7051728767,13070.314357608106
2711,641352.154780872,0.0,641352.154780872,641352.154780872,12503.324467262517
2712,557903.4365322996,0.0,557903.4365322996,557903.4365322996,10988.02054498768
2713,526706.0366716099,0.0,526706.0366716099,526706.0366716099,10415.79377559026
2714,446193.52298279724,0.0,446193.52298279724,446193.52298279724,8923.552818866108
2715,518909.54076182627,0.0,518909.54076182627,518909.54076182627,10272.25174622098
2716,563253.5404954158,0.0,563253.5404954158,563253.5404954158,11085.755244604066
2717,682574.9828531537,0.0,682574.9828531537,682574.9828531537,13243.930366058394
2718,991889.3879826522,0.0,991889.3879826522,991889.3879826522,18655.874106031042
2719,1255266.6598396746,0.0,1255266.6598396746,1255266.6598396746,23087.831290807204
2720,1278965.1834454113,0.0,1278965.1834454113,1278965.1834454113,23479.60426373234
2721,1285287.1502999505,0.0,1285287.1502999505,1285287.1502999505,23583.90420857449
2722,1297491.2264357477,0.0,1297491.2264357477,1297491.2264357477,23785.067185751715
2723,1312630.3713443074,0.0,1312630.3713443074,1312630.3713443074,24034.225705559405
2724,1359792.0550647033,0.0,1359792.0550647033,1359792.0550647033,24807.74574552475
2725,1355849.8354254696,0.0,1355849.8354254696,1355849.8354254696,24743.200320737244
2726,1400000.0,0.0,1400000.0,1400000.0,25463.9526804639
2727,1400000.0,0.0,1400000.0,1400000.0,25463.910331874584
2728,1114727.2902588474,0.0,1114727.2902588474,1114727.2902588474,20740.898439761604
2729,1008556.8661569802,0.0,1008556.8661569802,1008556.8661569802,18940.45391052697
2730,615814.8017778686,0.0,615814.8017778686,615814.8017778686,12041.507785431833
2731,787991.7052381822,0.0,787991.7052381822,787991.7052381822,15115.876733911346
2732,790687.3585392573,0.0,790687.3585392573,790687.3585392573,15163.331421045406
2733,792739.4058775078,0.0,792739.4058775078,792739.4058775078,15199.436951675685
2734,792505.4974092044,0.0,792505.4974092044,792505.4974092044,15195.293780251684
2735,790314.4777727409,0.0,790314.4777727409,790314.4777727409,15156.689220352417
2736,780456.018618343,0.0,780456.018618343,780456.018618343,14982.91991289922
2737,765316.3217062928,0.0,765316.3217062928,765316.3217062928,14715.570469458322
2738,761841.9939091627,0.0,761841.9939091627,761841.9939091627,14654.112295281957
2739,792418.2308097805,0.0,792418.2308097805,792418.2308097805,15193.631308744067
2740,790827.4941542685,0.0,790827.4941542685,790827.4941542685,15165.597591967124
2741,811162.9900283676,0.0,811162.9900283676,811162.9900283676,15523.122150149338
2742,1289215.2689579297,0.0,1289215.2689579297,1289215.2689579297,23647.89217730251
2743,1400000.0,0.0,1400000.0,1400000.0,25463.262858647948
2744,1400000.0,0.0,1400000.0,1400000.0,25463.220512352593
2745,1400000.0,0.0,1400000.0,1400000.0,25463.17816619806
2746,1400000.0,0.0,1400000.0,1400000.0,25463.135820184347
2747,1400000.0,0.0,1400000.0,1400000.0,25463.093474311445
2748,1400000.0,0.0,1400000.0,1400000.0,25463.05112857936
2749,1351109.0355097486,0.0,1351109.0355097486,1351109.0355097486,24664.633051126457
2750,1335589.5162924002,0.0,1335589.5162924002,1335589.5162924002,24410.252045103683
2751,1295138.758689113,0.0,1295138.758689113,1295138.758689113,23745.18032467304
2752,1145048.62148982,0.0,1145048.62148982,1145048.62148982,21249.76614704899
2753,624793.8859100841,0.0,624793.8859100841,624793.8859100841,12203.48048551759
2754,144082.87161312593,0.0,144082.87161312593,144082.87161312593,3011.9963410323876
2755,47207.65968251893,0.0,47207.65968251893,47207.65968251893,977.1782727172845
2756,113791.45150074323,0.0,113791.45150074323,113791.45150074323,2119.055632836355
2757,253245.13093180445,0.0,253245.13093180445,253245.13093180445,4803.239932462902
2758,602620.3585929907,0.0,602620.3585929907,602620.3585929907,11801.049063098171
2759,702184.140222956,0.0,702184.140222956,702184.140222956,13592.764632104889
2760,790310.4727789657,0.0,790310.4727789657,790310.4727789657,15155.08360271674
2761,792739.4058775078,0.0,792739.4058775078,792739.4058775078,15197.822116627778
2762,792739.4058775078,0.0,792739.4058775078,792739.4058775078,15197.796848425236
2763,792739.4058775078,0.0,792739.4058775078,792739.4058775078,15197.771580306675
2764,792739.4058775078,0.0,792739.4058775078,792739.4058775078,15197.746312272091
2765,797655.8905114296,0.0,797655.8905114296,797655.8905114296,15284.232333555627
2766,1274624.2503615504,0.0,1274624.2503615504,1274624.2503615504,23404.848098226663
2767,1400000.0,0.0,1400000.0,1400000.0,25460.85779017915
2768,1400000.0,0.0,1400000.0,1400000.0,25460.81545187962
2769,1400000.0,0.0,1400000.0,1400000.0,25460.773113720858
2770,1400000.0,0.0,1400000.0,1400000.0,25460.730775702883
2771,1400000.0,0.0,1400000.0,1400000.0,25460.68843782568
2772,1400000.0,0.0,1400000.0,1400000.0,25460.646100089256
2773,1400000.0,0.0,1400000.0,1400000.0,25460.603762493614
2774,1400000.0,0.0,1400000.0,1400000.0,25460.561425038737
2775,1400000.0,0.0,1400000.0,1400000.0,25460.519087724635
2776,1400000.0,0.0,1400000.0,1400000.0,25460.476750551312
2777,1271586.5683639052,0.0,1271586.5683639052,1271586.5683639052,23354.2356260014
2778,830168.044016777,0.0,830168.044016777,830168.044016777,15854.373893215705
2779,758713.2435231134,0.0,758713.2435231134,758713.2435231134,14596.87228591168
2780,713487.8348896538,0.0,713487.8348896538,713487.8348896538,13793.860239653068
2781,714750.8420920296,0.0,714750.8420920296,714750.8420920296,13816.339283213762
2782,622154.7022543753,0.0,622154.7022543753,622154.7022543753,12154.418256902669
2783,707498.5109286121,0.0,707498.5109286121,707498.5109286121,13687.023970566483
2784,736509.040924229,0.0,736509.040924229,736509.040924229,14203.218143677343
2785,743334.0629171884,0.0,743334.0629171884,743334.0629171884,14324.30041307534
2786,687161.0924666942,0.0,687161.0924666942,687161.0924666942,13323.656661175995
2787,458560.6927014466,0.0,458560.6927014466,458560.6927014466,9152.540458356434
2788,253992.26725686193,0.0,253992.26725686193,253992.26725686193,5253.67362926848
2789,279904.9866626412,0.0,279904.9866626412,279904.9866626412,5758.578363759785
2790,651418.2467366433,0.0,651418.2467366433,651418.2467366433,12682.18864627488
2791,1030874.7386941034,0.0,1030874.7386941034,1030874.7386941034,19317.902190774563
2792,1156280.6532851423,0.0,1156280.6532851423,1156280.6532851423,21435.47163093013
2793,1203988.5510047218,0.0,1203988.5510047218,1203988.5510047218,22232.327999776688
2794,1210606.1243371596,0.0,1210606.1243371596,1210606.1243371596,22342.46320121397
2795,440332.13735508465,0.0,440332.13735508465,440332.13735508465,8812.194991867507
2796,634364.5666165119,0.0,634364.5666165119,634364.5666165119,12374.716728530038
2797,522844.7183802208,0.0,522844.7183802208,522844.7183802208,10342.601929599621
2798,311999.1782573142,0.0,311999.1782573142,311999.1782573142,6378.828861015238
2799,664131.3671658612,0.0,664131.3671658612,664131.3671658612,12910.550105940109
2800,567221.5375847099,0.0,567221.5375847099,567221.5375847099,11155.937764502287
2801,293396.45206240634,0.0,293396.45206240634,293396.45206240634,6019.876677881115
2802,101859.03451253382,0.0,101859.03451253382,101859.03451253382,2123.3946075855365
2803,48227.99512863829,0.0,48227.99512863829,48227.99512863829,1008.7599398061748
2804,46039.82389542537,0.0,46039.82389542537,46039.82389542537,954.2273718720089
2805,0.0,0.0,0.0,0.0,-0.0
2806,0.0,0.0,0.0,0.0,-0.0
2807,0.0,0.0,0.0,0.0,-0.0
2808,0.0,0.0,0.0,0.0,-0.0
2809,0.0,0.0,0.0,0.0,-0.0
2810,0.0,0.0,0.0,0.0,-0.0
2811,0.0,0.0,0.0,0.0,-0.0
2812,0.0,0.0,0.0,0.0,-0.0
2813,45201.726007507095,0.0,45201.726007507095,45201.726007507095,781.4268078177222
2814,468906.9599606046,0.0,468906.9599606046,468906.9599606046,8070.423402837907
2815,962469.7044503661,0.0,962469.7044503661,962469.7044503661,18146.38578791267
2816,1122879.2764761574,0.0,1122879.2764761574,1122879.2764761574,20872.787194733624
2817,1157353.4214341387,0.0,1157353.4214341387,1157353.4214341387,21451.395754987374
2818,1163846.0324126775,0.0,1163846.0324126775,1163846.0324126775,21560.060395834345
2819,1157146.8926338996,0.0,1157146.8926338996,1157146.8926338996,21447.86524683617
2820,1158593.346521248,0.0,1158593.346521248,1158593.346521248,21472.05443759683
2821,1154803.2783069059,0.0,1154803.2783069059,1154803.2783069059,21408.534520696365
2822,1156072.8816513908,0.0,1156072.8816513908,1156072.8816513908,21429.76826212517
2823,1094313.0278118248,0.0,1094313.0278118248,1094313.0278118248,20391.164850858317
2824,951699.7389488549,0.0,951699.7389488549,951699.7389488549,17960.965506797547
2825,547399.8133563005,0.0,547399.8133563005,547399.8133563005,10792.324504939534
2826,171361.58585421776,0.0,171361.58585421776,171361.58585421776,3571.63090826799
2827,163000.2616901426,0.0,163000.2616901426,163000.2616901426,3395.937212608868
2828,620496.7229603421,0.0,620496.7229603421,620496.7229603421,11572.508878614282
2829,619174.5579150949,0.0,619174.5579150949,619174.5579150949,12098.599644582811
2830,765802.378953888,0.0,765802.378953888,765802.378953888,14719.85253244736
2831,789111.6088459755,0.0,789111.6088459755,789111.6088459755,15131.009017224413
2832,785326.5522397559,0.0,785326.5522397559,785326.5522397559,15064.313027199714
2833,784159.5375029552,0.0,784159.5375029552,784159.5375029552,15043.724293299168
2834,788825.0100257244,0.0,788825.0100257244,788825.0100257244,15125.88671110342
2835,788438.1304021615,0.0,788438.1304021615,788438.1304021615,15119.048461677427
2836,791844.7575384807,0.0,791844.7575384807,791844.7575384807,15179.00170727762
2837,830776.4430052871,0.0,830776.4430052871,830776.4430052871,15862.263990025265
2838,1097963.8563442165,0.0,1097963.8563442165,1097963.8563442165,20451.900477087533
2839,228043.124944339,0.0,228043.124944339,228043.124944339,4743.225496302248
2840,69116.03798986647,0.0,69116.03798986647,69116.03798986647,1443.382298630183
2841,85305.98306628055,0.0,85305.98306628055,85305.98306628055,1737.2609487979933
2842,330505.82186742086,0.0,330505.82186742086,330505.82186742086,6019.277037032129
2843,1340854.1555849975,0.0,1340854.1555849975,1340854.1555849975,24488.641577371054
2844,1350769.6151291677,0.0,1350769.6151291677,1350769.6151291677,24651.007445314946
2845,644988.1005434556,0.0,644988.1005434556,644988.1005434556,12563.625382030366
2846,951264.566905614,0.0,951264.566905614,951264.566905614,17951.619022679242
2847,855862.5368166226,0.0,855862.5368166226,855862.5368166226,16299.413830911142
2848,721934.4602866091,0.0,721934.4602866091,721934.4602866091,13940.906719518707
2849,366571.9393677078,0.0,366571.9393677078,366571.9393677078,7420.558232129728
2850,217620.06911508305,0.0,217620.06911508305,217620.06911508305,4537.007205353598
2851,769864.1364257887,0.0,769864.1364257887,769864.1364257887,14790.363610640195
2852,772635.207280985,0.0,772635.207280985,772635.207280985,14839.263605869366
2853,792739.4058775078,0.0,792739.4058775078,792739.4058775078,15193.574244117613
2854,791206.3543659109,0.0,791206.3543659109,791206.3543659109,15166.566858139166
2855,792739.4058775078,0.0,792739.4058775078,792739.4058775078,15193.523740069973
2856,792739.4058775078,0.0,792739.4058775078,792739.4058775078,15193.484641569255
2857,792739.4058775078,0.0,792739.4058775078,792739.4058775078,15193.459387776387
2858,792739.4058775078,0.0,792739.4058775078,792739.4058775078,15193.434134067425
2859,792739.4058775078,0.0,792739.4058775078,792739.4058775078,15193.408880442366
2860,777072.7492780542,0.0,777072.7492780542,777072.7492780542,14917.355447383217
2861,833866.0797400492,0.0,833866.0797400492,833866.0797400492,15914.8987059442
2862,1174291.2903635313,0.0,1174291.2903635313,1174291.2903635313,21731.757475480674
2863,912264.7145396421,0.0,912264.7145396421,912264.7145396421,17278.399152588143
2864,1400000.0,0.0,1400000.0,1400000.0,25453.886306250934
2865,1400000.0,0.0,1400000.0,1400000.0,25453.843991124035
2866,1400000.0,0.0,1400000.0,1400000.0,25453.801676137802
2867,1400000.0,0.0,1400000.0,1400000.0,25453.759361292232
2868,1400000.0,0.0,1400000.0,1400000.0,25453.71704658732
2869,1400000.0,0.0,1400000.0,1400000.0,25453.67473202308
2870,1400000.0,0.0,1400000.0,1400000.0,25453.632417599492
2871,1400000.0,0.0,1400000.0,1400000.0,25453.590103316557
2872,1400000.0,0.0,1400000.0,1400000.0,25453.547789174296
2873,1300739.754260252,0.0,1300739.754260252,1300739.754260252,23828.562234577726
2874,832165.46593823,0.0,832165.46593823,832165.46593823,15884.791900376345
2875,788656.428366117,0.0,788656.428366117,788656.428366117,15121.116956326445
2876,792134.9611611179,0.0,792134.9611611179,792134.9611611179,15182.327319208805
2877,792739.4058775078,0.0,792739.4058775078,792739.4058775078,15192.939350222123
2878,792739.4058775078,0.0,792739.4058775078,792739.4058775078,15192.914098240914
2879,792739.4058775078,0.0,792739.4058775078,792739.4058775078,15192.888846343601
2880,243746.71113083957,0.0,243746.71113083957,243746.71113083957,5051.421887522708
2881,0.0,0.0,0.0,0.0,-0.0
2882,0.0,0.0,0.0,0.0,-0.0
2883,30351.536332182553,0.0,30351.536332182553,30351.536332182553,527.7336432676619
2884,410790.5830667675,0.0,410790.5830667675,410790.5830667675,7067.270909654065
2885,856618.6109137379,0.0,856618.6109137379,856618.6109137379,16310.399798573864
2886,1210456.8683762662,0.0,1210456.8683762662,1210456.8683762662,22332.425852061755
2887,1390007.129916334,0.0,1390007.129916334,1390007.129916334,25288.46973802428
2888,1400000.0,0.0,1400000.0,1400000.0,25451.191555093177
2889,1400000.0,0.0,1400000.0,1400000.0,25451.149248923684
2890,1400000.0,0.0,1400000.0,1400000.0,25451.1069428948
2891,1400000.0,0.0,1400000.0,1400000.0,25451.064637006548
2892,1400000.0,0.0,1400000.0,1400000.0,25451.0223312589
2893,1261996.2809835542,0.0,1261996.2809835542,1261996.2809835542,23186.987379118324
2894,1195310.0712915957,0.0,1195310.0712915957,1195310.0712915957,22079.899650173764
2895,1161236.9682540153,0.0,1161236.9682540153,1161236.9682540153,21510.773775010755
2896,1400000.0,0.0,1400000.0,1400000.0,25450.855034310724
2897,1057463.2105478127,0.0,1057463.2105478127,1057463.2105478127,19762.48923438742
2898,860176.20293721,0.0,860176.20293721,860176.20293721,16372.031796607902
2899,792739.4058775078,0.0,792739.4058775078,792739.4058775078,15191.295423425736
2900,792739.4058775078,0.0,792739.4058775078,792739.4058775078,15191.27017690588
2901,792739.4058775078,0.0,792739.4058775078,792739.4058775078,15191.244930469895
2902,792739.4058775078,0.0,792739.4058775078,792739.4058775078,15191.219684117777
2903,792739.4058775078,0.0,792739.4058775078,792739.4058775078,15191.194437849526
2904,792739.4058775078,0.0,792739.4058775078,792739.4058775078,15191.16919166514
2905,792739.4058775078,0.0,792739.4058775078,792739.4058775078,15191.143945564621
2906,792739.4058775078,0.0,792739.4058775078,792739.4058775078,15191.118699547966
2907,792739.4058775078,0.0,792739.4058775078,792739.4058775078,15191.093453615174
2908,792739.4058775078,0.0,792739.4058775078,792739.4058775078,15191.068207766246
2909,801336.4744082895,0.0,801336.4744082895,801336.4744082895,15342.216376661305
2910,835188.281630099,0.0,835188.281630099,835188.281630099,15935.578568312862
2911,1031478.4897654341,0.0,1031478.4897654341,1031478.4897654341,19320.64417635024
2912,910630.7005760804,0.0,910630.7005760804,910630.7005760804,17247.508262833406
2913,1178845.3747003877,0.0,1178845.3747003877,1178845.3747003877,21804.5304890358
2914,1141697.9068588435,0.0,1141697.9068588435,1141697.9068588435,21182.699764883935
2915,1118969.1337563787,0.0,1118969.1337563787,1118969.1337563787,20800.80059436881
2916,1068946.7241024724,0.0,1068946.7241024724,1068946.7241024724,19956.465558463027
2917,1124940.9383136549,0.0,1124940.9383136549,1124940.9383136549,20901.168469732227
2918,1071521.2994539824,0.0,1071521.2994539824,1071521.2994539824,19999.985930336763
2919,1061793.9982607847,0.0,1061793.9982607847,1061793.9982607847,19835.196162111824
2920,896074.142793364,0.0,896074.142793364,896074.142793364,16995.22983409373
2921,818330.2316658532,0.0,818330.2316658532,818330.2316658532,15640.152989284177
2922,797014.8463386759,0.0,797014.8463386759,797014.8463386759,15265.911470355275
2923,790260.1227344916,0.0,790260.1227344916,790260.1227344916,15147.051131492275
2924,790680.7638126295,0.0,790680.7638126295,790680.7638126295,15154.429746207777
2925,791410.5775563007,0.0,791410.5775563007,791410.5775563007,15167.249029403358
2926,750600.2406178763,0.0,750600.2406178763,750600.2406178763,14446.794848273521
2927,776572.0759983513,0.0,776572.0759983513,776572.0759983513,14905.76958604913
2928,787993.204496876,0.0,787993.204496876,787993.204496876,15107.017121737023
2929,792739.4058775078,0.0,792739.4058775078,792739.4058775078,15190.531528348612
2930,791664.1563837074,0.0,791664.1563837074,791664.1563837074,15171.585692908571
2931,792587.5279119723,0.0,792587.5279119723,792587.5279119723,15187.808716868023
2932,784370.1922846063,0.0,784370.1922846063,784370.1922846063,15043.106957807995
2933,793492.1337467801,0.0,793492.1337467801,793492.1337467801,15203.674053906183
2934,801512.8653051801,0.0,801512.8653051801,801512.8653051801,15344.672538029616
2935,843292.2824145093,0.0,843292.2824145093,843292.2824145093,16076.524656814754
2936,900320.3481314493,0.0,900320.3481314493,900320.3481314493,17068.356616748428
2937,786203.5895789353,0.0,786203.5895789353,786203.5895789353,15075.275962427111
2938,1037477.4784822107,0.0,1037477.4784822107,1037477.4784822107,19421.821133903995
2939,980248.3101931787,0.0,980248.3101931787,980248.3101931787,18445.102775420564
2940,1098195.2270816634,0.0,1098195.2270816634,1098195.2270816634,20449.990265940793
2941,1207989.551683656,0.0,1207989.551683656,1207989.551683656,22289.37681159404
2942,1204571.418950431,0.0,1204571.418950431,1204571.418950431,22232.44803585861
2943,782020.2741543467,0.0,782020.2741543467,782020.2741543467,15001.422140491759
2944,583900.2184997894,0.0,583900.2184997894,583900.2184997894,11454.826426104417
2945,732890.3957233955,0.0,732890.3957233955,732890.3957233955,14132.305469409896
2946,743015.0329785033,0.0,743015.0329785033,743015.0329785033,14311.915377740255
2947,781134.6919830777,0.0,781134.6919830777,781134.6919830777,14985.715581188519
2948,784434.8549564044,0.0,784434.8549564044,784434.8549564044,15043.842592626383
2949,757711.5668984886,0.0,757711.5668984886,757711.5668984886,14572.092287685899
2950,701814.2173188716,0.0,701814.2173188716,701814.2173188716,13579.052301083946
2951,712127.6501404204,0.0,712127.6501404204,712127.6501404204,13762.90173528563
2952,660673.8363709812,0.0,660673.8363709812,660673.8363709812,12842.514859321736
2953,624421.8438771372,0.0,624421.8438771372,624421.8438771372,12189.3986502029
2954,618125.238603963,0.0,618125.238603963,618125.238603963,12075.539531675116
2955,640051.8648071776,0.0,640051.8648071776,640051.8648071776,12471.42027360065
2956,635554.6115092873,0.0,635554.6115092873,635554.6115092873,12390.316831898164
2957,710849.7810366648,0.0,710849.7810366648,710849.7810366648,13739.999636041637
2958,935941.2307838593,0.0,935941.2307838593,935941.2307838593,17683.202383632095
2959,1163646.2718995167,0.0,1163646.2718995167,1163646.2718995167,21548.8636555723
2960,700928.2750760071,0.0,700928.2750760071,700928.2750760071,13563.017151799924
2961,783796.477206451,0.0,783796.477206451,783796.477206451,15032.272979149982
2962,759524.0092635967,0.0,759524.0092635967,759524.0092635967,14603.831958949642
2963,528822.1420815422,0.0,528822.1420815422,528822.1420815422,10447.41454200158
2964,1145388.2861867528,0.0,1145388.2861867528,1145388.2861867528,21242.88453806292
2965,1065963.4538823662,0.0,1065963.4538823662,1065963.4538823662,19904.356854634923
2966,1400000.0,0.0,1400000.0,1400000.0,25448.030779535
2967,857505.4170539642,0.0,857505.4170539642,857505.4170539642,16323.62140866901
2968,664197.48653002,0.0,664197.48653002,664197.48653002,12905.438430155958
2969,80614.64539477747,0.0,80614.64539477747,80614.64539477747,1681.0457053112852
2970,41764.82399852068,0.0,41764.82399852068,41764.82399852068,869.7464776500046
2971,786688.2910102481,0.0,786688.2910102481,786688.2910102481,13026.266332779816
2972,249410.7084913772,0.0,249410.7084913772,249410.7084913772,5160.834416137857
2973,32074.01776315223,0.0,32074.01776315223,32074.01776315223,667.1845580558031
2974,0.0,0.0,0.0,0.0,-0.0
2975,0.0,0.0,0.0,0.0,-0.0
2976,0.0,0.0,0.0,0.0,-0.0
2977,38007.13866437193,0.0,38007.13866437193,38007.13866437193,652.6990491353273
2978,67733.61804361097,0.0,67733.61804361097,67733.61804361097,1280.5986739497368
2979,78552.43380071849,0.0,78552.43380071849,78552.43380071849,1605.8566398047665
2980,114996.36143997606,0.0,114996.36143997606,114996.36143997606,2283.7818812341516
2981,209687.96051700998,0.0,209687.96051700998,209687.96051700998,4021.8122984262886
2982,755662.5952341079,0.0,755662.5952341079,755662.5952341079,14423.388537037688
2983,1108151.95401628,0.0,1108151.95401628,1108151.95401628,20613.93430662327
2984,1205220.7248334102,0.0,1205220.7248334102,1205220.7248334102,22239.114278057907
2985,1142595.4501834733,0.0,1142595.4501834733,1142595.4501834733,21192.7881636227
2986,1275923.98457656,0.0,1275923.98457656,1275923.98457656,23410.83812052259
2987,1287073.4546028276,0.0,1287073.4546028276,1287073.4546028276,23594.69650388907
2988,1015055.6166649972,0.0,1015055.6166649972,1015055.6166649972,19036.189526381324
2989,987375.8814010697,0.0,987375.8814010697,987375.8814010697,18563.377413499864
2990,1158166.011462626,0.0,1158166.011462626,1158166.011462626,21453.50233125326
2991,858069.7371934797,0.0,858069.7371934797,858069.7371934797,16330.796213962472
2992,791239.237989707,0.0,791239.237989707,791239.237989707,15160.661048166221
2993,475819.6470883545,0.0,475819.6470883545,475819.6470883545,9466.977986084534
2994,151847.16999201372,0.0,151847.16999201372,151847.16999201372,3163.266953833974
2995,124406.3672212941,0.0,124406.3672212941,124406.3672212941,2589.1346657302333
2996,178406.06474900624,0.0,178406.06474900624,178406.06474900624,3512.6107555905182
2997,55954.888915395546,0.0,55954.888915395546,55954.888915395546,1160.658748229042
2998,89053.8894327212,0.0,89053.8894327212,89053.8894327212,1720.5967831815842
2999,127217.34588162364,0.0,127217.34588162364,127217.34588162364,2519.059082900805
3000,116271.30003654363,0.0,116271.30003654363,116271.30003654363,2428.0979148326205
3001,66563.33092914057,0.0,66563.33092914057,66563.33092914057,1381.1198201320053
3002,61481.912709146185,0.0,61481.912709146185,61481.912709146185,1281.0347228759292
3003,0.0,0.0,0.0,0.0,-0.0
3004,0.0,0.0,0.0,0.0,-0.0
3005,91714.41398049623,0.0,91714.41398049623,91714.41398049623,1592.1605573718116
3006,508917.2809191852,0.0,508917.2809191852,508917.2809191852,9086.177720761298
3007,1040630.2735456597,0.0,1040630.2735456597,1040630.2735456597,19468.759657713967
3008,1271866.0603751277,0.0,1271866.0603751277,1271866.0603751277,23340.542068203606
3009,1206790.095369257,0.0,1206790.095369257,1206790.095369257,22261.95070797914
3010,1206078.7453231257,0.0,1206078.7453231257,1206078.7453231257,22250.077698466117
3011,1197066.2078858179,0.0,1197066.2078858179,1197066.2078858179,22099.994926891013
3012,1164179.1044776118,0.0,1164179.1044776118,1164179.1044776118,21551.038929157196
3013,998593.7637269003,0.0,998593.7637269003,998593.7637269003,18752.412130886336
3014,483738.54862386076,0.0,483738.54862386076,483738.54862386076,9612.345676302353
3015,334134.9777306424,0.0,334134.9777306424,334134.9777306424,6797.940921877898
3016,719188.2007648172,0.0,719188.2007648172,719188.2007648172,13883.802249893872
3017,382765.9670404713,0.0,382765.9670404713,382765.9670404713,7722.763631619642
3018,98808.34407123912,0.0,98808.34407123912,98808.34407123912,2061.3649710877935
3019,0.0,0.0,0.0,0.0,-0.0
3020,25275.013476974265,0.0,25275.013476974265,25275.013476974265,434.0858373593463
3021,25121.56143583405,0.0,25121.56143583405,25121.56143583405,517.9170780628401
3022,38899.56006615031,0.0,38899.56006615031,38899.56006615031,745.0678048485615
3023,12398.082858930671,0.0,12398.082858930671,12398.082858930671,255.81047280279125
3024,50869.66602447624,0.0,50869.66602447624,50869.66602447624,918.8807165911963
3025,29102.55275024088,0.0,29102.55275024088,29102.55275024088,608.1911350323205
3026,0.0,0.0,0.0,0.0,-0.0
3027,0.0,0.0,0.0,0.0,-0.0
3028,0.0,0.0,0.0,0.0,-0.0
3029,94129.13435403381,0.0,94129.13435403381,94129.13435403381,1631.5735162681253
3030,450899.52873007115,0.0,450899.52873007115,450899.52873007115,8115.3128706586185
3031,906969.2680913736,0.0,906969.2680913736,906969.2680913736,17175.324280436736
3032,1047041.27659721,0.0,1047041.27659721,1047041.27659721,19575.181058353963
3033,1103403.6125105768,0.0,1103403.6125105768,1103403.6125105768,20528.31710891314
3034,1135166.8607696306,0.0,1135166.8607696306,1135166.8607696306,21062.435362960845
3035,521305.8068142353,0.0,521305.8068142353,521305.8068142353,10304.50736183516
3036,457592.51372355706,0.0,457592.51372355706,457592.51372355706,9125.597463505059
3037,1146518.3377978925,0.0,1146518.3377978925,1146518.3377978925,21252.71310826357
3038,1239118.2356355877,0.0,1239118.2356355877,1239118.2356355877,22795.835557628536
3039,643070.6061657552,0.0,643070.6061657552,643070.6061657552,12519.933482064132
3040,917053.1609831828,0.0,917053.1609831828,917053.1609831828,17349.3761531166
3041,505394.21730579966,0.0,505394.21730579966,505394.21730579966,10011.323099750767
3042,85577.95613743683,0.0,85577.95613743683,85577.95613743683,1778.101039787005
3043,0.0,0.0,0.0,0.0,-0.0
3044,0.0,0.0,0.0,0.0,-0.0
3045,0.0,0.0,0.0,0.0,-0.0
3046,0.0,0.0,0.0,0.0,-0.0
3047,0.0,0.0,0.0,0.0,-0.0
3048,0.0,0.0,0.0,0.0,-0.0
3049,0.0,0.0,0.0,0.0,-0.0
3050,0.0,0.0,0.0,0.0,-0.0
3051,0.0,0.0,0.0,0.0,-0.0
3052,0.0,0.0,0.0,0.0,-0.0
3053,87221.17551480049,0.0,87221.17551480049,87221.17551480049,1517.6016984345388
3054,526604.6161985788,0.0,526604.6161985788,526604.6161985788,9377.510457253768
3055,945676.0633748277,0.0,945676.0633748277,945676.0633748277,17841.378689138444
3056,1081491.8736421217,0.0,1081491.8736421217,1081491.8736421217,20156.71355462713
3057,1129209.0892278203,0.0,1129209.0892278203,1129209.0892278203,20960.476403795707
3058,862163.1534051901,0.0,862163.1534051901,862163.1534051901,16396.133560469803
3059,513614.22194898984,0.0,513614.22194898984,513614.22194898984,10161.92492962867
3060,967767.9798788007,0.0,967767.9798788007,967767.9798788007,18220.72159921484
3061,813023.8350698459,0.0,813023.8350698459,813023.8350698459,15537.616816711698
3062,688488.9667708159,0.0,688488.9667708159,688488.9667708159,13333.41613458512
3063,248705.07608369528,0.0,248705.07608369528,248705.07608369528,5144.392403692316
3064,58359.327913039466,0.0,58359.327913039466,58359.327913039466,1218.6902989222895
3065,207951.62005601331,0.0,207951.62005601331,207951.62005601331,3816.264479148912
3066,52904.31496285953,0.0,52904.31496285953,52904.31496285953,1100.1415952426078
3067,0.0,0.0,0.0,0.0,-0.0
3068,0.0,0.0,0.0,0.0,-0.0
3069,450700.54239909834,0.0,450700.54239909834,450700.54239909834,7495.847506559599
3070,718754.9544801854,0.0,718754.9544801854,718754.9544801854,13871.143320223353
3071,348923.97183553013,0.0,348923.97183553013,348923.97183553013,7077.616391109717
3072,0.0,0.0,0.0,0.0,-0.0
3073,0.0,0.0,0.0,0.0,-0.0
3074,106268.78875035768,0.0,106268.78875035768,106268.78875035768,1848.625119377784
3075,73438.26330868216,0.0,73438.26330868216,73438.26330868216,1527.1473387295769
3076,90102.86062632034,0.0,90102.86062632034,90102.86062632034,1808.2465074668626
3077,138664.97057507338,0.0,138664.97057507338,138664.97057507338,2718.3371418509064
3078,68580.50420415809,0.0,68580.50420415809,68580.50420415809,1431.1604258683951
3079,196718.72463316104,0.0,196718.72463316104,196718.72463316104,3654.8754331629048
3080,507158.6648426141,0.0,507158.6648426141,507158.6648426141,9888.436270989145
3081,412540.92847575847,0.0,412540.92847575847,412540.92847575847,8279.929994416018
3082,549920.0386560418,0.0,549920.0386560418,549920.0386560418,10825.400345000113
3083,559504.6034657987,0.0,559504.6034657987,559504.6034657987,11000.539783212427
3084,598772.3931181815,0.0,598772.3931181815,598772.3931181815,11715.061679251234
3085,818924.505627529,0.0,818924.505627529,818924.505627529,15636.889193147323
3086,406959.4324361591,0.0,406959.4324361591,406959.4324361591,8174.963127804331
3087,181489.59923464147,0.0,181489.59923464147,181489.59923464147,3777.263758110963
3088,100349.38579918645,0.0,100349.38579918645,100349.38579918645,2090.6865959565216
3089,114489.76063446925,0.0,114489.76063446925,114489.76063446925,2344.5895577752904
3090,34260.21733319734,0.0,34260.21733319734,34260.21733319734,709.5869905070166
3091,0.0,0.0,0.0,0.0,-0.0
3092,2009.9225528574716,0.0,2009.9225528574716,2009.9225528574716,-0.0
3093,127783.85868876873,0.0,127783.85868876873,127783.85868876873,2220.245829616812
3094,176912.63419964205,0.0,176912.63419964205,176912.63419964205,3516.058358456803
3095,302258.97342801763,0.0,302258.97342801763,302258.97342801763,5995.0703473736
3096,738538.2947646299,0.0,738538.2947646299,738538.2947646299,14219.302159983967
3097,747953.1655965399,0.0,747953.1655965399,747953.1655965399,14386.040671483566
3098,601322.1436257823,0.0,601322.1436257823,601322.1436257823,11760.162871437371
3099,759788.3537061674,0.0,759788.3537061674,759788.3537061674,14595.282498716313
3100,565893.3031256865,0.0,565893.3031256865,565893.3031256865,11116.000760699148
3101,738070.3763098011,0.0,738070.3763098011,738070.3763098011,14210.890545415614
3102,759456.106882396,0.0,759456.106882396,759456.106882396,14589.34027481734
3103,692908.9412902093,0.0,692908.9412902093,692908.9412902093,13407.447127356747
3104,677464.0808378338,0.0,677464.0808378338,677464.0808378338,13131.346778238421
3105,793457.4041318072,0.0,793457.4041318072,793457.4041318072,15188.467193746203
3106,872593.175317673,0.0,872593.175317673,872593.175317673,16571.38212356019
3107,1085028.3591340552,0.0,1085028.3591340552,1085028.3591340552,20208.970918859453
3108,782656.6415686614,0.0,782656.6415686614,782656.6415686614,14998.384941344006
3109,1387721.2533868928,0.0,1387721.2533868928,1387721.2533868928,25226.17613073825
3110,1359403.9669156582,0.0,1359403.9669156582,1359403.9669156582,24764.216566750343
3111,369713.8148017983,0.0,369713.8148017983,369713.8148017983,7470.84778049202
3112,274125.53098548495,0.0,274125.53098548495,274125.53098548495,5637.7048539180205
3113,129993.01457842396,0.0,129993.01457842396,129993.01457842396,2707.8928959221103
3114,144005.7298773741,0.0,144005.7298773741,144005.7298773741,2938.6756156512633
3115,29038.735277702424,0.0,29038.735277702424,29038.735277702424,606.5968551196505
3116,0.0,0.0,0.0,0.0,-0.0
3117,0.0,0.0,0.0,0.0,-0.0
3118,0.0,0.0,0.0,0.0,-0.0
3119,62199.57862211232,0.0,62199.57862211232,62199.57862211232,1078.4291167397666
3120,173851.48240123587,0.0,173851.48240123587,173851.48240123587,3222.8498223350425
3121,258569.32767093283,0.0,258569.32767093283,258569.32767093283,5173.124929730672
3122,514377.61656949425,0.0,514377.61656949425,514377.61656949425,10171.005948729904
3123,680703.9847592843,0.0,680703.9847592843,680703.9847592843,13187.923881018078
3124,748589.8263983706,0.0,748589.8263983706,748589.8263983706,14395.609505418184
3125,798862.7962893107,0.0,798862.7962893107,798862.7962893107,15281.82420683317
3126,1358857.4683003388,0.0,1358857.4683003388,1358857.4683003388,24752.951210545958
3127,1400000.0,0.0,1400000.0,1400000.0,25423.5461284085
3128,1400000.0,0.0,1400000.0,1400000.0,25423.50391408035
3129,1400000.0,0.0,1400000.0,1400000.0,25423.461699892356
3130,1400000.0,0.0,1400000.0,1400000.0,25423.419485844523
3131,1400000.0,0.0,1400000.0,1400000.0,25423.37727193685
3132,1400000.0,0.0,1400000.0,1400000.0,25423.335058169338
3133,1400000.0,0.0,1400000.0,1400000.0,25423.29284454197
3134,1400000.0,0.0,1400000.0,1400000.0,25423.250631054776
3135,1372777.1503388179,0.0,1372777.1503388179,1372777.1503388179,24979.81380883498
3136,1400000.0,0.0,1400000.0,1400000.0,25423.166291773265
3137,1400000.0,0.0,1400000.0,1400000.0,25423.124078706238
3138,1063896.5362264197,0.0,1063896.5362264197,1063896.5362264197,19849.29351710001
3139,603543.1501287102,0.0,603543.1501287102,603543.1501287102,11798.701256221773
3140,789287.6607086769,0.0,789287.6607086769,789287.6607086769,15113.154048266924
3141,792739.4058775078,0.0,792739.4058775078,792739.4058775078,15173.817569570952
3142,788217.490014492,0.0,788217.490014492,788217.490014492,15094.281760850285
3143,792739.4058775078,0.0,792739.4058775078,792739.4058775078,15173.767204597561
3144,792739.4058775078,0.0,792739.4058775078,792739.4058775078,15173.742016273629
3145,792439.0884713884,0.0,792439.0884713884,792439.0884713884,15168.43792393526
3146,790645.8651028288,0.0,790645.8651028288,790645.8651028288,15136.887017004892
3147,789518.4436654067,0.0,789518.4436654067,789518.4436654067,15117.036969920595
3148,792560.7642694524,0.0,792560.7642694524,792560.7642694524,15170.501204035068
3149,876812.0279568777,0.0,876812.0279568777,876812.0279568777,16642.266578263585
3150,1317707.3732796619,0.0,1317707.3732796619,1317707.3732796619,24078.166443733833
3151,1400000.0,0.0,1400000.0,1400000.0,25422.55916085171
3152,1400000.0,0.0,1400000.0,1400000.0,25422.516949800447
3153,1400000.0,0.0,1400000.0,1400000.0,25422.474738889316
3154,1400000.0,0.0,1400000.0,1400000.0,25422.432528118337
3155,1400000.0,0.0,1400000.0,1400000.0,25422.390317487505
3156,1400000.0,0.0,1400000.0,1400000.0,25422.348106996807
3157,1400000.0,0.0,1400000.0,1400000.0,25422.305896646252
3158,1400000.0,0.0,1400000.0,1400000.0,25422.263686435836
3159,1400000.0,0.0,1400000.0,1400000.0,25422.22147636557
3160,1400000.0,0.0,1400000.0,1400000.0,25422.17926643543
3161,1236819.1157171368,0.0,1236819.1157171368,1236819.1157171368,22743.922777428237
3162,322739.8906870145,0.0,322739.8906870145,322739.8906870145,6574.367190589379
3163,316013.1764448794,0.0,316013.1764448794,316013.1764448794,6445.325505458359
3164,453093.38409746916,0.0,453093.38409746916,453093.38409746916,9035.765350458367
3165,273657.238913159,0.0,273657.238913159,273657.238913159,5627.625237706771
3166,202458.88379188115,0.0,202458.88379188115,202458.88379188115,4220.626096938541
3167,77093.4666719034,0.0,77093.4666719034,77093.4666719034,1609.4258688708264
3168,44903.5212961554,0.0,44903.5212961554,44903.5212961554,930.4971879925874
3169,25930.15159827196,0.0,25930.15159827196,25930.15159827196,533.2299221475416
3170,32516.10650692928,0.0,32516.10650692928,32516.10650692928,637.641604453491
3171,27951.53349050458,0.0,27951.53349050458,27951.53349050458,572.3171650243634
3172,31022.854493620227,0.0,31022.854493620227,31022.854493620227,609.8463578956524
3173,84810.59246710269,0.0,84810.59246710269,84810.59246710269,1578.2930225562259
3174,462260.6879547253,0.0,462260.6879547253,462260.6879547253,8230.019288933927
3175,1061547.042588747,0.0,1061547.042588747,1061547.042588747,19807.115123599622
3176,1164179.1044776118,0.0,1164179.1044776118,1164179.1044776118,21533.377730298012
3177,1164179.1044776118,0.0,1164179.1044776118,1164179.1044776118,21533.34198451014
3178,1190360.926570093,0.0,1190360.926570093,1190360.926570093,21970.16551934668
3179,1205654.0357683348,0.0,1205654.0357683348,1205654.0357683348,22224.660259542332
3180,1230102.4202520617,0.0,1230102.4202520617,1230102.4202520617,22630.558378230875
3181,1261311.9961834908,0.0,1261311.9961834908,1261311.9961834908,23147.00453419211
3182,917505.8060231197,0.0,917505.8060231197,917505.8060231197,17344.7580047056
3183,492619.7445487706,0.0,492619.7445487706,492619.7445487706,9768.041679291586
3184,1232909.3309423104,0.0,1232909.3309423104,1232909.3309423104,22676.94094230396
3185,752176.5398377844,0.0,752176.5398377844,752176.5398377844,14456.655674118285
3186,770029.603904927,0.0,770029.603904927,770029.603904927,14771.908627835024
3187,792248.833067384,0.0,792248.833067384,792248.833067384,15163.074263386927
3188,792739.4058775078,0.0,792739.4058775078,792739.4058775078,15171.671327290005
3189,792739.4058775078,0.0,792739.4058775078,792739.4058775078,15171.64614591965
3190,792739.4058775078,0.0,792739.4058775078,792739.4058775078,15171.62096463284
3191,792739.4058775078,0.0,792739.4058775078,792739.4058775078,15171.595783429571
3192,792739.4058775078,0.0,792739.4058775078,792739.4058775078,15171.556796491062
3193,792739.4058775078,0.0,792739.4058775078,792739.4058775078,15171.531615500644
3194,792739.4058775078,0.0,792739.4058775078,792739.4058775078,15171.506434593764
3195,792739.4058775078,0.0,792739.4058775078,792739.4058775078,15171.481253770426
3196,792739.4058775078,0.0,792739.4058775078,792739.4058775078,15171.45607303063
3197,885152.5859359362,0.0,885152.5859359362,885152.5859359362,16784.599039762168
3198,1356116.3051659458,0.0,1356116.3051659458,1356116.3051659458,24703.812406191035
3199,1400000.0,0.0,1400000.0,1400000.0,25419.08682154735
3200,1400000.0,0.0,1400000.0,1400000.0,25419.044622023266
3201,1400000.0,0.0,1400000.0,1400000.0,25419.002422639256
3202,1256357.4117525886,0.0,1256357.4117525886,1256357.4117525886,23064.337197016564
3203,1219740.9727075454,0.0,1219740.9727075454,1219740.9727075454,22457.807251058937
3204,1217637.0712622537,0.0,1217637.0712622537,1217637.0712622537,22422.841999591015
3205,1400000.0,0.0,1400000.0,1400000.0,25418.835288293598
3206,1400000.0,0.0,1400000.0,1400000.0,25418.793089604507
3207,1268077.9791473805,0.0,1268077.9791473805,1268077.9791473805,23257.72330419073
3208,1011384.1171308007,0.0,1011384.1171308007,1011384.1171308007,18953.989443703234
3209,889321.2706844145,0.0,889321.2706844145,889321.2706844145,16856.514588673344
3210,835733.9755487717,0.0,835733.9755487717,835733.9755487717,15924.295244530307
3211,792739.4058775078,0.0,792739.4058775078,792739.4058775078,15171.064868769994
3212,792739.4058775078,0.0,792739.4058775078,792739.4058775078,15171.039689411584
3213,792739.4058775078,0.0,792739.4058775078,792739.4058775078,15171.014510136707
3214,792739.4058775078,0.0,792739.4058775078,792739.4058775078,15170.989330945356
3215,786760.6944518568,0.0,786760.6944518568,786760.6944518568,15065.844468463883
3216,792739.4058775078,0.0,792739.4058775078,792739.4058775078,15170.938988581913
3217,792739.4058775078,0.0,792739.4058775078,792739.4058775078,15170.913809641102
3218,787478.2599424124,0.0,787478.2599424124,787478.2599424124,15078.39082176069
3219,784555.8173664819,0.0,784555.8173664819,784555.8173664819,15026.953947804308
3220,342976.6469908757,0.0,342976.6469908757,342976.6469908757,6960.0726478796005
3221,230444.04515464455,0.0,230444.04515464455,230444.04515464455,4782.349838949532
3222,722270.2752373245,0.0,722270.2752373245,722270.2752373245,13925.695369554467
3223,1269422.2641636748,0.0,1269422.2641636748,1269422.2641636748,23279.319017187907
3224,1268833.1564283944,0.0,1268833.1564283944,1268833.1564283944,23269.558700392845
3225,1230942.558358683,0.0,1230942.558358683,1230942.558358683,22642.821181100677
3226,1282558.6011156328,0.0,1282558.6011156328,1282558.6011156328,23495.810130993545
3227,1278022.444596085,0.0,1278022.444596085,1278022.444596085,23421.01129928601
3228,1214914.7399462678,0.0,1214914.7399462678,1214914.7399462678,22376.765749196562
3229,1242640.3008018995,0.0,1242640.3008018995,1242640.3008018995,22836.445571249606
3230,577413.4959751262,0.0,577413.4959751262,577413.4959751262,11321.760573788366
3231,1142751.561745463,0.0,1142751.561745463,1142751.561745463,21172.877182504883
3232,642717.5408430498,0.0,642717.5408430498,642717.5408430498,12503.242142765666
3233,244068.88934371492,0.0,244068.88934371492,244068.88934371492,5049.659035881458
3234,51502.68429433254,0.0,51502.68429433254,51502.68429433254,1071.7695323545252
3235,0.0,0.0,0.0,0.0,-0.0
3236,0.0,0.0,0.0,0.0,-0.0
3237,163835.75817649355,0.0,163835.75817649355,163835.75817649355,2846.779878042145
3238,157199.32390432546,0.0,157199.32390432546,157199.32390432546,3275.0015259450415
3239,128957.89973817932,0.0,128957.89973817932,128957.89973817932,2686.2128487606897
3240,141961.99137853595,0.0,141961.99137853595,141961.99137853595,2918.3808433744052
3241,198236.00617193774,0.0,198236.00617193774,198236.00617193774,3920.0579502470528
3242,71730.92840229902,0.0,71730.92840229902,71730.92840229902,1492.5746926973193
3243,36838.6758973422,0.0,36838.6758973422,36838.6758973422,759.5283675701913
3244,66320.68249197547,0.0,66320.68249197547,66320.68249197547,1260.1320713205223
3245,158920.12560589507,0.0,158920.12560589507,158920.12560589507,2964.292386272609
3246,378691.25271957694,0.0,378691.25271957694,378691.25271957694,7290.322734414682
3247,963039.5381377265,0.0,963039.5381377265,963039.5381377265,18123.880796403224
3248,1084377.6237320597,0.0,1084377.6237320597,1084377.6237320597,20187.984952202394
3249,1130349.0740149864,0.0,1130349.0740149864,1130349.0740149864,20961.544009113673
3250,1177019.7510531321,0.0,1177019.7510531321,1177019.7510531321,21742.328946750837
3251,1188311.37699173,0.0,1188311.37699173,1188311.37699173,21930.533968580286
3252,1206118.0415686786,0.0,1206118.0415686786,1206118.0415686786,22226.825707406628
3253,1191700.4676121934,0.0,1191700.4676121934,1191700.4676121934,21986.909557562703
3254,1170486.1980705676,0.0,1170486.1980705676,1170486.1980705676,21633.146378622943
3255,1107274.4014218824,0.0,1107274.4014218824,1107274.4014218824,20573.607518399476
3256,965506.2444417189,0.0,965506.2444417189,965506.2444417189,18165.901153616844
3257,468585.36587829795,0.0,468585.36587829795,468585.36587829795,9320.375562001534
3258,212902.19651422027,0.0,212902.19651422027,212902.19651422027,4435.3021976762
3259,87000.70564057516,0.0,87000.70564057516,87000.70564057516,1815.0320447077931
3260,173454.04980124522,0.0,173454.04980124522,173454.04980124522,3314.62433586115
3261,448949.09431351145,0.0,448949.09431351145,448949.09431351145,8683.915191635788
3262,0.0,0.0,0.0,0.0,-0.0
3263,0.0,0.0,0.0,0.0,-0.0
3264,306615.1035901144,0.0,306615.1035901144,306615.1035901144,5217.870476406457
3265,770618.5053490354,0.0,770618.5053490354,770618.5053490354,14776.601717786267
3266,670833.8769162777,0.0,670833.8769162777,670833.8769162777,13003.928157900853
3267,526068.9280636404,0.0,526068.9280636404,526068.9280636404,10379.979489285512
3268,731657.0775535387,0.0,731657.0775535387,731657.0775535387,14087.678746884769
3269,778647.1138775863,0.0,778647.1138775863,778647.1138775863,14917.944340200569
3270,814620.7517147174,0.0,814620.7517147174,814620.7517147174,15549.575469746804
3271,826546.7253669547,0.0,826546.7253669547,826546.7253669547,15758.212297067254
3272,788259.114358504,0.0,788259.114358504,788259.114358504,15086.978001698644
3273,658678.2841440465,0.0,658678.2841440465,658678.2841440465,12785.910909893748
3274,892980.5312947793,0.0,892980.5312947793,892980.5312947793,16913.89587617323
3275,1044788.1916444292,0.0,1044788.1916444292,1044788.1916444292,19515.079683359705
3276,1131394.5544272866,0.0,1131394.5544272866,1131394.5544272866,20975.830001885242
3277,1053857.778945635,0.0,1053857.778945635,1053857.778945635,19668.753803560197
3278,1366647.9633406233,0.0,1366647.9633406233,1366647.9633406233,24866.693475702035
3279,1211046.879375452,0.0,1211046.879375452,1211046.879375452,22305.297487915454
3280,512275.20632349665,0.0,512275.20632349665,512275.20632349665,10126.226873527781
3281,1054982.3468679825,0.0,1054982.3468679825,1054982.3468679825,19687.67368529457
3282,597052.1448618524,0.0,597052.1448618524,597052.1448618524,11674.429629833512
3283,738000.6248904051,0.0,738000.6248904051,738000.6248904051,14199.757843448402
3284,768468.1767597174,0.0,768468.1767597174,768468.1767597174,14738.222175102139
3285,787516.0243032114,0.0,787516.0243032114,787516.0243032114,15073.584651645642
3286,786749.8559383863,0.0,786749.8559383863,786749.8559383863,15060.08785771673
3287,787234.4897380752,0.0,787234.4897380752,787234.4897380752,15068.584511806646
3288,781076.1931819184,0.0,781076.1931819184,781076.1931819184,14960.228025201857
3289,748474.0573102343,0.0,748474.0573102343,748474.0573102343,14385.007622815792
3290,496235.78551302955,0.0,496235.78551302955,496235.78551302955,9830.44628454871
3291,185785.68571174986,0.0,185785.68571174986,185785.68571174986,3868.8410599834015
3292,136214.350735887,0.0,136214.350735887,136214.350735887,2839.1496276745984
3293,191099.73914734361,0.0,191099.73914734361,191099.73914734361,3799.748669912074
3294,420899.5881811107,0.0,420899.5881811107,420899.5881811107,8238.15062382289
3295,829570.5124149614,0.0,829570.5124149614,829570.5124149614,15810.021922903785
3296,1129285.7010560632,0.0,1129285.7010560632,1129285.7010560632,20939.2486467247
3297,1178895.2535850606,0.0,1178895.2535850606,1178895.2535850606,21769.004037164035
3298,850081.496546148,0.0,850081.496546148,850081.496546148,16167.779470685888
3299,682923.0474944292,0.0,682923.0474944292,682923.0474944292,13219.097896116675
3300,680097.9847449277,0.0,680097.9847449277,680097.9847449277,13168.58268237991
3301,1048485.6897754637,0.0,1048485.6897754637,1048485.6897754637,19576.454273763167
3302,994663.6182861505,0.0,994663.6182861505,994663.6182861505,18660.797788086413
3303,915672.0142887142,0.0,915672.0142887142,915672.0142887142,17304.891589633768
3304,1125386.1054083887,0.0,1125386.1054083887,1125386.1054083887,20873.53312118985
3305,870836.2776180136,0.0,870836.2776180136,870836.2776180136,16528.59827123736
3306,422105.8483040858,0.0,422105.8483040858,422105.8483040858,8451.779803133742
3307,357726.22431989596,0.0,357726.22431989596,357726.22431989596,7237.601654590749
3308,431273.70951734786,0.0,431273.70951734786,431273.70951734786,8623.297880066671
3309,586988.6740486446,0.0,586988.6740486446,586988.6740486446,11491.024296035725
3310,786226.7188640524,0.0,786226.7188640524,786226.7188640524,15049.899846117916
3311,770953.9689249696,0.0,770953.9689249696,770953.9689249696,14780.99973706173
3312,766949.5597189591,0.0,766949.5597189591,766949.5597189591,14710.375245338288
3313,785318.8396309352,0.0,785318.8396309352,785318.8396309352,15033.859266539526
3314,785317.471359165,0.0,785317.471359165,785317.471359165,15033.810262311916
3315,788248.9471659908,0.0,788248.9471659908,788248.9471659908,15085.329646329617
3316,746267.7222445775,0.0,746267.7222445775,746267.7222445775,14344.959908338607
3317,554191.6725747789,0.0,554191.6725747789,554191.6725747789,10893.67635166479
3318,337089.46167506283,0.0,337089.46167506283,337089.46167506283,6844.530159945836
3319,403379.3879260508,0.0,403379.3879260508,403379.3879260508,8100.174589785837
3320,428120.0414155866,0.0,428120.0414155866,428120.0414155866,8564.14873645092
3321,1400000.0,0.0,1400000.0,1400000.0,25407.51292895971
3322,1400000.0,0.0,1400000.0,1400000.0,25407.47076784087
3323,1400000.0,0.0,1400000.0,1400000.0,25407.42860686194
3324,1027017.2594731177,0.0,1027017.2594731177,1027017.2594731177,19211.297885545642
3325,916860.8260442615,0.0,916860.8260442615,916860.8260442615,17324.78572255639
3326,1400000.0,0.0,1400000.0,1400000.0,25407.305083301755
3327,1326696.7270810122,0.0,1326696.7270810122,1326696.7270810122,24210.933951899275
3328,717249.3723230222,0.0,717249.3723230222,717249.3723230222,13830.139050430276
3329,782774.9746042987,0.0,782774.9746042987,782774.9746042987,14988.710823682934
3330,261327.7416433594,0.0,261327.7416433594,261327.7416433594,5384.220915425089
3331,789381.4489482716,0.0,789381.4489482716,789381.4489482716,15104.834461564296
3332,792673.8446589774,0.0,792673.8446589774,792673.8446589774,15162.661469328103
3333,792739.4058775078,0.0,792739.4058775078,792739.4058775078,15163.788028185349
3334,792739.4058775078,0.0,792739.4058775078,792739.4058775078,15163.76287295752
3335,90491.57618006403,0.0,90491.57618006403,90491.57618006403,1883.683043220375
3336,86031.43752793987,0.0,86031.43752793987,86031.43752793987,1784.8532796617014
3337,0.0,0.0,0.0,0.0,-0.0
3338,511198.20525726513,0.0,511198.20525726513,511198.20525726513,8420.316772236662
3339,634483.4677489195,0.0,634483.4677489195,634483.4677489195,12348.366242589284
3340,788330.8350702476,0.0,788330.8350702476,788330.8350702476,15085.060959872639
3341,889389.5408680454,0.0,889389.5408680454,889389.5408680454,16848.217389022997
3342,1347355.3179963827,0.0,1347355.3179963827,1347355.3179963827,24546.82194756657
3343,1400000.0,0.0,1400000.0,1400000.0,25404.895994427483
3344,1400000.0,0.0,1400000.0,1400000.0,25404.853841991648
3345,1400000.0,0.0,1400000.0,1400000.0,25404.811689695664
3346,1400000.0,0.0,1400000.0,1400000.0,25404.76953753954
3347,1400000.0,0.0,1400000.0,1400000.0,25404.72738552326
3348,1400000.0,0.0,1400000.0,1400000.0,25404.685233646836
3349,1400000.0,0.0,1400000.0,1400000.0,25404.643081910257
3350,1400000.0,0.0,1400000.0,1400000.0,25404.600930313532
3351,1400000.0,0.0,1400000.0,1400000.0,25404.558778856648
3352,1400000.0,0.0,1400000.0,1400000.0,25404.516627539615
3353,1353442.437847402,0.0,1353442.437847402,1353442.437847402,24645.848042810525
3354,768445.087301881,0.0,768445.087301881,768445.087301881,14734.64258784958
3355,777536.8767131774,0.0,777536.8767131774,777536.8767131774,14894.79228804859
3356,786937.4281364258,0.0,786937.4281364258,786937.4281364258,15060.149972442663
3357,762891.6017290492,0.0,762891.6017290492,762891.6017290492,14636.622453420525
3358,783377.1392021601,0.0,783377.1392021601,783377.1392021601,14997.492210549159
3359,787219.5072912638,0.0,787219.5072912638,787219.5072912638,15065.034041182058
3360,774485.8791192302,0.0,774485.8791192302,774485.8791192302,14840.929398798286
3361,782037.1717763891,0.0,782037.1717763891,782037.1717763891,14973.831987629046
3362,650904.1123296759,0.0,650904.1123296759,650904.1123296759,12643.169740677682
3363,698759.2779110251,0.0,698759.2779110251,698759.2779110251,13499.271557387394
3364,553869.1268747,0.0,553869.1268747,553869.1268747,10886.088788148378
3365,718518.2218899977,0.0,718518.2218899977,718518.2218899977,13850.804152731507
3366,637461.7569983589,0.0,637461.7569983589,637461.7569983589,12401.400742786309
3367,1359301.8486586236,0.0,1359301.8486586236,1359301.8486586236,24740.972254510412
3368,1363014.0016126377,0.0,1363014.0016126377,1363014.0016126377,24801.52112761956
3369,601838.0659280084,0.0,601838.0659280084,601838.0659280084,11758.21657234046
3370,1056725.3698225007,0.0,1056725.3698225007,1056725.3698225007,19712.44334666642
3371,1123142.0504621153,0.0,1123142.0504621153,1123142.0504621153,20832.12924915088
3372,1053809.9915625956,0.0,1053809.9915625956,1053809.9915625956,19663.008348189327
3373,1400000.0,0.0,1400000.0,1400000.0,25403.648320127846
3374,1400000.0,0.0,1400000.0,1400000.0,25403.606171831365
3375,1400000.0,0.0,1400000.0,1400000.0,25403.56402367472
3376,1049707.0664298264,0.0,1049707.0664298264,1049707.0664298264,19593.364306591273
3377,662645.8400245141,0.0,662645.8400245141,662645.8400245141,12853.512737357374
3378,245121.05348902696,0.0,245121.05348902696,245121.05348902696,5067.00571471826
3379,111162.24786853172,0.0,111162.24786853172,111162.24786853172,2312.532492812859
3380,181286.0752156062,0.0,181286.0752156062,181286.0752156062,3524.8709305939537
3381,58135.980539731856,0.0,58135.980539731856,58135.980539731856,1212.765220488525
3382,95412.07987620008,0.0,95412.07987620008,95412.07987620008,1870.3638148964508
3383,46331.20207360861,0.0,46331.20207360861,46331.20207360861,957.782665289816
3384,27149.291648469523,0.0,27149.291648469523,27149.291648469523,556.4890497145851
3385,0.0,0.0,0.0,0.0,-0.0
3386,0.0,0.0,0.0,0.0,-0.0
3387,0.0,0.0,0.0,0.0,-0.0
3388,0.0,0.0,0.0,0.0,-0.0
3389,106743.02793976039,0.0,106743.02793976039,106743.02793976039,1854.1141904002118
3390,533167.8202870067,0.0,533167.8202870067,533167.8202870067,9631.421106414464
3391,918903.2060382529,0.0,918903.2060382529,918903.2060382529,17355.23583324891
3392,1078860.9368048608,0.0,1078860.9368048608,1078860.9368048608,20084.093043996083
3393,1149996.9989163587,0.0,1149996.9989163587,1149996.9989163587,21279.486444712387
3394,1217536.8245185118,0.0,1217536.8245185118,1217536.8245185118,22404.731712277404
3395,1242610.249861719,0.0,1242610.249861719,1242610.249861719,22820.115423630734
3396,599188.2321718626,0.0,599188.2321718626,599188.2321718626,11708.535103614367
3397,611891.4267167229,0.0,611891.4267167229,611891.4267167229,11938.364474060836
3398,472139.6679455943,0.0,472139.6679455943,472139.6679455943,9381.001501853525
3399,799815.246581001,0.0,799815.246581001,799815.246581001,15283.75688815903
3400,670694.4536962365,0.0,670694.4536962365,670694.4536962365,12995.923475446
3401,454843.14336047624,0.0,454843.14336047624,454843.14336047624,9059.793495733362
3402,331220.30972478,0.0,331220.30972478,331220.30972478,6730.208764285735
3403,350703.8926111191,0.0,350703.8926111191,350703.8926111191,7101.627694311854
3404,641898.5362305351,0.0,641898.5362305351,641898.5362305351,12479.212330801347
3405,543948.4101963378,0.0,543948.4101963378,543948.4101963378,10702.970228405879
3406,289650.1711709672,0.0,289650.1711709672,289650.1711709672,5931.651251407548
3407,320141.32121755724,0.0,320141.32121755724,320141.32121755724,6518.162367073572
3408,720022.1368147441,0.0,720022.1368147441,720022.1368147441,13875.183270597232
3409,700193.4904176147,0.0,700193.4904176147,700193.4904176147,13522.47963864902
3410,772409.5171199149,0.0,772409.5171199149,772409.5171199149,14801.70400952998
3411,754718.8634995924,0.0,754718.8634995924,754718.8634995924,14489.6223512971
3412,782638.7612284016,0.0,782638.7612284016,782638.7612284016,14981.713286814418
3413,815556.9863257778,0.0,815556.9863257778,815556.9863257778,15559.25458615601
3414,869455.59876789,0.0,869455.59876789,869455.59876789,16498.889016140525
3415,865214.5827605565,0.0,865214.5827605565,865214.5827605565,16425.189948539675
3416,1183988.6442303888,0.0,1183988.6442303888,1183988.6442303888,21846.1856565096
3417,1279036.275081849,0.0,1279036.275081849,1279036.275081849,23420.638208592558
3418,1400000.0,0.0,1400000.0,1400000.0,25399.547449999085
3419,1400000.0,0.0,1400000.0,1400000.0,25399.50531530597
3420,1400000.0,0.0,1400000.0,1400000.0,25399.463180752613
3421,1400000.0,0.0,1400000.0,1400000.0,25399.421046339023
3422,1400000.0,0.0,1400000.0,1400000.0,25399.3789120652
3423,1400000.0,0.0,1400000.0,1400000.0,25399.336777931134
3424,1400000.0,0.0,1400000.0,1400000.0,25399.29464393683
3425,1043335.418907518,0.0,1043335.418907518,1043335.418907518,19481.972728544497
3426,385001.1362274407,0.0,385001.1362274407,385001.1362274407,7751.079340895134
3427,501801.6675990493,0.0,501801.6675990493,501801.6675990493,9928.775716749902
3428,535718.3464608883,0.0,535718.3464608883,535718.3464608883,10551.915329204041
3429,515041.7145871081,0.0,515041.7145871081,515041.7145871081,10172.468233351563
3430,647700.1804014681,0.0,647700.1804014681,647700.1804014681,12582.941320158003
3431,746855.0763228827,0.0,746855.0763228827,746855.0763228827,14350.150321448897
3432,721301.1908622107,0.0,721301.1908622107,721301.1908622107,13897.330685469256
3433,505087.22561450384,0.0,505087.22561450384,505087.22561450384,9989.212601797142
3434,603162.8010031214,0.0,603162.8010031214,603162.8010031214,11779.74823676467
3435,500012.1359144927,0.0,500012.1359144927,500012.1359144927,9895.65429656539
3436,702049.316226515,0.0,702049.316226515,702049.316226515,13554.916976846333
3437,689777.0395730122,0.0,689777.0395730122,689777.0395730122,13336.133030825016
3438,1055443.0508849628,0.0,1055443.0508849628,1055443.0508849628,19686.723254860997
3439,1189075.9135711275,0.0,1189075.9135711275,1189075.9135711275,21930.097709714697
3440,1218996.1639259919,0.0,1218996.1639259919,1218996.1639259919,22427.301725532157
3441,1195738.8626561963,0.0,1195738.8626561963,1195738.8626561963,22040.91075065943
3442,1164179.1044776118,0.0,1164179.1044776118,1164179.1044776118,21514.855192755662
3443,1164179.1044776118,0.0,1164179.1044776118,1164179.1044776118,21514.819508412827
3444,1164179.1044776118,0.0,1164179.1044776118,1164179.1044776118,21514.783824188333
3445,1198047.8598286912,0.0,1198047.8598286912,1198047.8598286912,22079.17041638871
3446,1178557.5401710812,0.0,1178557.5401710812,1178557.5401710812,21754.61320567234
3447,1192205.5322809857,0.0,1192205.5322809857,1192205.5322809857,21981.901157540073
3448,1065759.064439855,0.0,1065759.064439855,1065759.064439855,19860.931528062963
3449,474423.7309327879,0.0,474423.7309327879,474423.7309327879,9422.499143312867
3450,167457.3383261037,0.0,167457.3383261037,167457.3383261037,3485.03291363837
3451,84527.65460276719,0.0,84527.65460276719,84527.65460276719,1754.6104432058194
3452,129160.18525355647,0.0,129160.18525355647,129160.18525355647,2515.9897412984838
3453,132972.80477723555,0.0,132972.80477723555,132972.80477723555,2763.3790827645616
3454,250726.8283399804,0.0,250726.8283399804,250726.8283399804,4822.811920090276
3455,342736.0197970669,0.0,342736.0197970669,342736.0197970669,6948.967891098349
3456,384950.6254198262,0.0,384950.6254198262,384950.6254198262,7749.353922186987
3457,539425.991120641,0.0,539425.991120641,539425.991120641,10618.78579946081
3458,705801.6205354348,0.0,705801.6205354348,705801.6205354348,13620.59828649075
3459,606747.4924404654,0.0,606747.4924404654,606747.4924404654,11843.56643346535
3460,628609.5640029598,0.0,628609.5640029598,628609.5640029598,12238.247034394124
3461,576662.1634325442,0.0,576662.1634325442,576662.1634325442,11297.952652376995
3462,727382.4807554756,0.0,727382.4807554756,727382.4807554756,14003.916757275108
3463,785753.5302845119,0.0,785753.5302845119,785753.5302845119,15034.53091115276
3464,872615.180963909,0.0,872615.180963909,872615.180963909,16551.640461984873
3465,907656.9056329834,0.0,907656.9056329834,907656.9056329834,17158.29071146335
3466,871437.4178940903,0.0,871437.4178940903,871437.4178940903,16531.142394480907
3467,676862.0673606783,0.0,676862.0673606783,676862.0673606783,13104.193909157568
3468,553200.1616791754,0.0,553200.1616791754,553200.1616791754,10870.368770089484
3469,503191.98409302754,0.0,503191.98409302754,503191.98409302754,9953.220619630292
3470,790830.3269015485,0.0,790830.3269015485,790830.3269015485,15123.564559639985
3471,882915.7015216397,0.0,882915.7015216397,882915.7015216397,16730.095332896453
3472,669073.2790000177,0.0,669073.2790000177,669073.2790000177,12964.74629881028
3473,697882.6853124739,0.0,697882.6853124739,697882.6853124739,13479.245597805479
3474,660577.7438526665,0.0,660577.7438526665,660577.7438526665,12812.520342753087
3475,647771.674610018,0.0,647771.674610018,647771.674610018,12582.701262635797
3476,739335.6856361026,0.0,739335.6856361026,739335.6856361026,14215.39380548356
3477,732875.5414904341,0.0,732875.5414904341,732875.5414904341,14100.950158572921
3478,644717.9960826755,0.0,644717.9960826755,644717.9960826755,12527.770481242585
3479,745035.8128234572,0.0,745035.8128234572,745035.8128234572,14316.187057459552
3480,768497.4221327336,0.0,768497.4221327336,768497.4221327336,14730.387747802193
3481,791612.9108405533,0.0,791612.9108405533,791612.9108405533,15137.035631937144
3482,773284.6983663293,0.0,773284.6983663293,773284.6983663293,14814.678130063146
3483,786740.2288359387,0.0,786740.2288359387,786740.2288359387,15051.37800614915
3484,781127.3485166238,0.0,781127.3485166238,781127.3485166238,14952.663614275605
3485,817532.4493665133,0.0,817532.4493665133,817532.4493665133,15591.267001754764
3486,873825.9224082853,0.0,873825.9224082853,873825.9224082853,16572.056350218143
3487,853552.4885551038,0.0,853552.4885551038,853552.4885551038,16219.721505093787
3488,654016.6452491793,0.0,654016.6452491793,654016.6452491793,12694.54703873886
3489,844429.6604063419,0.0,844429.6604063419,844429.6604063419,16060.798079977721
3490,922982.164402512,0.0,922982.164402512,922982.164402512,17421.96925354266
3491,542045.5360602814,0.0,542045.5360602814,542045.5360602814,10666.102548667748
3492,842992.614997636,0.0,842992.614997636,842992.614997636,16035.674299753273
3493,651625.5058195926,0.0,651625.5058195926,651625.5058195926,12651.524631588592
3494,851718.1259325158,0.0,851718.1259325158,851718.1259325158,16187.607638291869
3495,642743.4341899866,0.0,642743.4341899866,642743.4341899866,12491.920102314714
3496,536553.4925042309,0.0,536553.4925042309,536553.4925042309,10565.499931330733
3497,461394.0518968854,0.0,461394.0518968854,461394.0518968854,9179.611611099705
3498,801153.2673388754,0.0,801153.2673388754,801153.2673388754,15304.04037692169
3499,784810.3282981996,0.0,784810.3282981996,784810.3282981996,15017.058294576635
3500,785451.9629210649,0.0,785451.9629210649,785451.9629210649,15028.312742984137
3501,766121.5814392774,0.0,766121.5814392774,766121.5814392774,14687.99846993526
3502,786329.9892470912,0.0,786329.9892470912,786329.9892470912,15043.696046343619
3503,730660.1498121499,0.0,730660.1498121499,730660.1498121499,14061.078399078773
3504,758172.7264824085,0.0,758172.7264824085,758172.7264824085,14547.70577886295
3505,753072.1250894422,0.0,753072.1250894422,753072.1250894422,14457.616298546827
3506,752910.9261971411,0.0,752910.9261971411,752910.9261971411,14454.744767857383
3507,731697.1829234505,0.0,731697.1829234505,731697.1829234505,14079.365780013117
3508,691072.5325855202,0.0,691072.5325855202,691072.5325855202,13357.055031898493
3509,728241.0228405289,0.0,728241.0228405289,728241.0228405289,14018.049389629963
3510,785155.5828360732,0.0,785155.5828360732,785155.5828360732,15022.854678726635
3511,568644.6810381121,0.0,568644.6810381121,568644.6810381121,11151.137841939566
3512,682943.4325033065,0.0,682943.4325033065,682943.4325033065,13211.87642251898
3513,867509.1916919766,0.0,867509.1916919766,867509.1916919766,16461.66896088856
3514,669524.6783463507,0.0,669524.6783463507,669524.6783463507,12971.916679524022
3515,594814.5059019446,0.0,594814.5059019446,594814.5059019446,11626.411685036484
3516,603054.7786932844,0.0,603054.7786932844,603054.7786932844,11775.62440958705
3517,677888.7977119336,0.0,677888.7977119336,677888.7977119336,13121.455872195595
3518,669254.8399166954,0.0,669254.8399166954,669254.8399166954,12967.001207862475
3519,313498.3499578565,0.0,313498.3499578565,313498.3499578565,6389.199749742843
3520,477615.6295919709,0.0,477615.6295919709,477615.6295919709,9480.027811575821
3521,866920.0678410726,0.0,866920.0678410726,866920.0678410726,16451.22507266368
3522,702579.8547325574,0.0,702579.8547325574,702579.8547325574,13561.80731974719
3523,746071.6649715336,0.0,746071.6649715336,746071.6649715336,14333.464928409016
3524,784982.4448033543,0.0,784982.4448033543,784982.4448033543,15019.467682540153
3525,777704.5239826334,0.0,777704.5239826334,777704.5239826334,14891.435431824504
3526,775230.938162388,0.0,775230.938162388,775230.938162388,14847.87226571115
3527,718477.3372685696,0.0,718477.3372685696,718477.3372685696,13844.371947712785
3528,647069.1336606927,0.0,647069.1336606927,647069.1336606927,12568.95558166163
3529,581867.1057296882,0.0,581867.1057296882,581867.1057296882,11391.227598903199
3530,374920.7429790903,0.0,374920.7429790903,374920.7429790903,7558.901332946361
3531,258777.22020604418,0.0,258777.22020604418,258777.22020604418,5331.374781849231
3532,712429.050391112,0.0,712429.050391112,712429.050391112,13736.785569038273
3533,804390.8235997823,0.0,804390.8235997823,804390.8235997823,15359.911285661341
3534,818888.7795997044,0.0,818888.7795997044,818888.7795997044,15613.7284775496
3535,377628.9300620334,0.0,377628.9300620334,377628.9300620334,7610.032402943014
3536,675212.3554161829,0.0,675212.3554161829,675212.3554161829,13073.185058057303
3537,786907.2463782784,0.0,786907.2463782784,786907.2463782784,15052.966450642925
3538,679287.0511286802,0.0,679287.0511286802,679287.0511286802,13145.978706772818
3539,477690.09768305434,0.0,477690.09768305434,477690.09768305434,9481.092079970025
3540,691735.3108650161,0.0,691735.3108650161,691735.3108650161,13368.158868428203
3541,725461.8031308388,0.0,725461.8031308388,725461.8031308388,13968.009560209834
3542,888435.158284922,0.0,888435.158284922,888435.158284922,16823.75731671349
3543,834288.295058933,0.0,834288.295058933,834288.295058933,15882.530648421505
3544,532042.5647139442,0.0,532042.5647139442,532042.5647139442,10482.00991511014
3545,561862.7407516855,0.0,561862.7407516855,561862.7407516855,11026.956366744942
3546,325239.9110980687,0.0,325239.9110980687,325239.9110980687,6613.852328796867
3547,66802.175953634,0.0,66802.175953634,66802.175953634,1383.0033068883465
3548,715298.5960864495,0.0,715298.5960864495,715298.5960864495,12116.726983103565
3549,252966.09880620343,0.0,252966.09880620343,252966.09880620343,5217.621791717005
3550,179381.9394563755,0.0,179381.9394563755,179381.9394563755,3729.4349547027114
3551,56989.34126959723,0.0,56989.34126959723,56989.34126959723,1178.5272823076548
3552,0.0,0.0,0.0,0.0,-0.0
3553,42602.21592092383,0.0,42602.21592092383,42602.21592092383,736.8775329963194
3554,644046.9406949102,0.0,644046.9406949102,644046.9406949102,10807.092508877286
3555,168847.95348730002,0.0,168847.95348730002,168847.95348730002,3511.232992378337
3556,293962.5193655861,0.0,293962.5193655861,293962.5193655861,5784.8140769494985
3557,835876.6871237118,0.0,835876.6871237118,835876.6871237118,15907.653386352848
3558,858357.6380376751,0.0,858357.6380376751,858357.6380376751,16299.14033264709
3559,925277.0253688815,0.0,925277.0253688815,925277.0253688815,17457.121792206577
3560,1135380.9185214154,0.0,1135380.9185214154,1135380.9185214154,21025.332269406117
3561,954267.7151351736,0.0,954267.7151351736,954267.7151351736,17955.378665297467
3562,1324855.7736907061,0.0,1324855.7736907061,1324855.7736907061,24163.601063835285
3563,1400000.0,0.0,1400000.0,1400000.0,25389.291904316084
3564,1107183.256580378,0.0,1107183.256580378,1107183.256580378,20551.94388032601
3565,1259244.3473453675,0.0,1259244.3473453675,1259244.3473453675,23084.696278882537
3566,1104817.2525606854,0.0,1104817.2525606854,1104817.2525606854,20512.089738161358
3567,1199456.7440158988,0.0,1199456.7440158988,1199456.7440158988,22094.353089243035
3568,156644.861960506,0.0,156644.861960506,156644.861960506,3260.253770056242
3569,206124.0520300859,0.0,206124.0520300859,206124.0520300859,4116.921214291818
3570,46791.556472436365,0.0,46791.556472436365,46791.556472436365,966.3070367445426
3571,784505.8428523339,0.0,784505.8428523339,784505.8428523339,12961.287928837235
3572,786487.311200031,0.0,786487.311200031,786487.311200031,15041.438653479712
3573,787091.6301886762,0.0,787091.6301886762,787091.6301886762,15052.031174172997
3574,792241.1770938687,0.0,792241.1770938687,792241.1770938687,15142.440931924282
3575,792739.4058775078,0.0,792739.4058775078,792739.4058775078,15151.161856310719
3576,792739.4058775078,0.0,792739.4058775078,792739.4058775078,15151.136742924375
3577,786981.0232664185,0.0,786981.0232664185,786981.0232664185,15049.988134414729
3578,792305.8888898824,0.0,792305.8888898824,792305.8888898824,15143.476545293475
3579,788391.4649425306,0.0,788391.4649425306,788391.4649425306,15074.715122345637
3580,786576.9940766346,0.0,786576.9940766346,786576.9940766346,15042.814840381088
3581,856183.3255186335,0.0,856183.3255186335,856183.3255186335,16259.467075469654
3582,1155879.7303749747,0.0,1155879.7303749747,1155879.7303749747,21365.97950167252
3583,1017585.5858642636,0.0,1017585.5858642636,1017585.5858642636,19034.817326336513
3584,1276947.2067716501,0.0,1276947.2067716501,1276947.2067716501,23374.14648157247
3585,1400000.0,0.0,1400000.0,1400000.0,25386.55622471235
3586,1400000.0,0.0,1400000.0,1400000.0,25386.51413308883
3587,1400000.0,0.0,1400000.0,1400000.0,25386.472041604862
3588,1400000.0,0.0,1400000.0,1400000.0,25386.429950260448
3589,1216992.0611694134,0.0,1216992.0611694134,1216992.0611694134,22383.074916736605
3590,1094182.9796304242,0.0,1094182.9796304242,1094182.9796304242,20330.806623530243
3591,1223131.8251942024,0.0,1223131.8251942024,1223131.8251942024,22484.7958600928
3592,843267.9230872663,0.0,843267.9230872663,843267.9230872663,16034.347304520143
3593,1125355.998433566,0.0,1125355.998433566,1125355.998433566,20854.59242160085
3594,841378.3092943432,0.0,841378.3092943432,841378.3092943432,16001.366452300184
3595,792739.4058775078,0.0,792739.4058775078,792739.4058775078,15150.647665670373
3596,791519.2741854108,0.0,791519.2741854108,791519.2741854108,15129.20361718225
3597,790271.8205634238,0.0,790271.8205634238,790271.8205634238,15107.275967715294
3598,792739.4058775078,0.0,792739.4058775078,792739.4058775078,15150.572340559329
3599,791688.2303341866,0.0,791688.2303341866,791688.2303341866,15132.094568453062
3600,792305.2837737113,0.0,792305.2837737113,792305.2837737113,15142.901770029468
3601,791796.1815838187,0.0,791796.1815838187,791796.1815838187,15133.939543018309
3602,789935.3017585338,0.0,789935.3017585338,789935.3017585338,15101.241555856019
3603,790206.5396259562,0.0,790206.5396259562,790206.5396259562,15105.979418559264
3604,788580.2865901146,0.0,788580.2865901146,788580.2865901146,15077.394790459823
3605,888191.108476256,0.0,888191.108476256,888191.108476256,16814.154077460902
3606,837253.5088099142,0.0,837253.5088099142,837253.5088099142,15929.143597041526
3607,895672.0474631275,0.0,895672.0474631275,895672.0474631275,16943.529921907128
3608,1064318.2585784476,0.0,1064318.2585784476,1064318.2585784476,19826.371273090353
3609,1400000.0,0.0,1400000.0,1400000.0,25385.581736392294
3610,1398295.1476761482,0.0,1398295.1476761482,1398295.1476761482,25357.84681704244
3611,1400000.0,0.0,1400000.0,1400000.0,25385.497565173835
3612,1400000.0,0.0,1400000.0,1400000.0,25385.455477060106
3613,1400000.0,0.0,1400000.0,1400000.0,25385.413389085923
3614,1400000.0,0.0,1400000.0,1400000.0,25385.371301251267
3615,1400000.0,0.0,1400000.0,1400000.0,25385.32921355615
3616,1400000.0,0.0,1400000.0,1400000.0,25385.287126000552
3617,1400000.0,0.0,1400000.0,1400000.0,25385.2450385845
3618,904883.7477303467,0.0,904883.7477303467,904883.7477303467,17102.395528304976
3619,787156.4382081827,0.0,787156.4382081827,787156.4382081827,15051.995763389335
3620,787566.1611830429,0.0,787566.1611830429,787566.1611830429,15059.16821631885
3621,761018.9891115347,0.0,761018.9891115347,761018.9891115347,14591.882557181529
3622,787910.4628849215,0.0,787910.4628849215,787910.4628849215,15065.166185400123
3623,788981.0542677979,0.0,788981.0542677979,788981.0542677979,15083.94462042726
3624,785184.0046064279,0.0,785184.0046064279,785184.0046064279,15017.216342544572
3625,777301.0174736636,0.0,777301.0174736636,777301.0174736636,14878.58852959573
3626,654896.8879002306,0.0,654896.8879002306,654896.8879002306,12704.563152418516
3627,452234.8679906611,0.0,452234.8679906611,452234.8679906611,9005.270732275278
3628,677990.9431833575,0.0,677990.9431833575,677990.9431833575,13117.922026479
3629,781379.9504354752,0.0,781379.9504354752,781379.9504354752,14950.229578078848
3630,1093035.340215471,0.0,1093035.340215471,1093035.340215471,20310.151951818763
3631,942834.3550003979,0.0,942834.3550003979,942834.3550003979,17755.683556648564
3632,918805.2389110792,0.0,918805.2389110792,918805.2389110792,17342.184178287273
3633,1219511.7345284715,0.0,1219511.7345284715,1219511.7345284715,22423.26188039553
3634,1160705.1690830232,0.0,1160705.1690830232,1160705.1690830232,21444.764092580877
3635,1201687.217456041,0.0,1201687.217456041,1201687.217456041,22127.347943434364
3636,1400000.0,0.0,1400000.0,1400000.0,25384.480573569803
3637,1400000.0,0.0,1400000.0,1400000.0,25384.4384888276
3638,1393828.8118342126,0.0,1393828.8118342126,1393828.8118342126,25284.134047565065
3639,1334179.7302551945,0.0,1334179.7302551945,1334179.7302551945,24311.45760298043
3640,1248206.952335116,0.0,1248206.952335116,1248206.952335116,22897.941577764348
3641,823034.1199435424,0.0,823034.1199435424,823034.1199435424,15680.001184049119
3642,469172.29114100314,0.0,469172.29114100314,469172.29114100314,9319.495003055643
3643,375064.63810676924,0.0,375064.63810676924,375064.63810676924,7558.374410120207
3644,786680.2876570522,0.0,786680.2876570522,786680.2876570522,15043.00073527566
3645,617383.3703258059,0.0,617383.3703258059,617383.3703258059,12029.295485942228
3646,690164.6881048345,0.0,690164.6881048345,690164.6881048345,13334.812079129975
3647,792739.4058775078,0.0,792739.4058775078,792739.4058775078,15149.32237495557
3648,789020.27353993,0.0,789020.27353993,789020.27353993,15084.002333684683
3649,786728.605545993,0.0,786728.605545993,786728.605545993,15043.725614218294
3650,790977.7848963223,0.0,790977.7848963223,790977.7848963223,15118.323810887196
3651,532373.0161711966,0.0,532373.0161711966,532373.0161711966,10483.771967487544
3652,785709.5066964532,0.0,785709.5066964532,785709.5066964532,15025.747341042079
3653,680667.1699859605,0.0,680667.1699859605,680667.1699859605,13165.170654832305
3654,1351316.5928973702,0.0,1351316.5928973702,1351316.5928973702,24590.972246966274
3655,1400000.0,0.0,1400000.0,1400000.0,25383.716784624317
3656,1077466.8244241995,0.0,1077466.8244241995,1077466.8244241995,20046.856896112917
3657,862048.7236640141,0.0,862048.7236640141,862048.7236640141,16359.344716315045
3658,1191693.0089215245,0.0,1191693.0089215245,1191693.0089215245,21960.376006485778
3659,921718.3687337008,0.0,921718.3687337008,921718.3687337008,17391.60435277944
3660,1400000.0,0.0,1400000.0,1400000.0,25383.511712400043
3661,1392348.0524216515,0.0,1392348.0524216515,1392348.0524216515,25259.143557679865
3662,1329335.9471967365,0.0,1329335.9471967365,1329335.9471967365,24231.30089190003
3663,1288516.913979803,0.0,1288516.913979803,1288516.913979803,23561.55359604277
3664,1171388.4681350042,0.0,1171388.4681350042,1171388.4681350042,21621.982846614974
3665,743409.2675888985,0.0,743409.2675888985,743409.2675888985,14279.826716413405
3666,210949.5600240045,0.0,210949.5600240045,210949.5600240045,4380.796506944365
3667,148158.2317467137,0.0,148158.2317467137,148158.2317467137,3081.957573690041
3668,141128.4207900279,0.0,141128.4207900279,141128.4207900279,2933.095215071542
3669,90524.73849638751,0.0,90524.73849638751,90524.73849638751,1882.5546030760843
3670,55640.54182753791,0.0,55640.54182753791,55640.54182753791,1151.7579301527787
3671,60503.90309584044,0.0,60503.90309584044,60503.90309584044,1223.7623312400547
3672,0.0,0.0,0.0,0.0,-0.0
3673,0.0,0.0,0.0,0.0,-0.0
3674,0.0,0.0,0.0,0.0,-0.0
3675,0.0,0.0,0.0,0.0,-0.0
3676,0.0,0.0,0.0,0.0,-0.0
3677,94238.71595101693,0.0,94238.71595101693,94238.71595101693,1629.614257802205
3678,616947.5294912186,0.0,616947.5294912186,616947.5294912186,10837.37627425586
3679,1012888.8831875983,0.0,1012888.8831875983,1012888.8831875983,18950.716824184845
3680,1105293.5030298093,0.0,1105293.5030298093,1105293.5030298093,20513.466959098583
3681,1151171.4726877077,0.0,1151171.4726877077,1151171.4726877077,21282.521421985017
3682,1164179.1044776118,0.0,1164179.1044776118,1164179.1044776118,21499.745858122602
3683,1164179.1044776118,0.0,1164179.1044776118,1164179.1044776118,21499.710223858292
3684,1164179.1044776118,0.0,1164179.1044776118,1164179.1044776118,21499.674589712075
3685,1164179.1044776118,0.0,1164179.1044776118,1164179.1044776118,21499.63895568394
3686,839442.89116573,0.0,839442.89116573,839442.89116573,15964.148495707985
3687,1099079.4726772043,0.0,1099079.4726772043,1099079.4726772043,20408.717766548627
3688,1016374.0223140776,0.0,1016374.0223140776,1016374.0223140776,19009.715930548795
3689,618624.7857169757,0.0,618624.7857169757,618624.7857169757,12049.994827508634
3690,156708.7284662303,0.0,156708.7284662303,156708.7284662303,3260.3456438849216
3691,131477.29910700847,0.0,131477.29910700847,131477.29910700847,2732.0176207351446
3692,105939.83336818106,0.0,105939.83336818106,105939.83336818106,2207.2267088202607
3693,177315.8823572382,0.0,177315.8823572382,177315.8823572382,3448.124244321214
3694,433415.1332529779,0.0,433415.1332529779,433415.1332529779,8391.01432354903
3695,412917.8017842416,0.0,412917.8017842416,412917.8017842416,8269.288923578086
3696,449089.49427341315,0.0,449089.49427341315,449089.49427341315,8944.73866409868
3697,354336.66446419404,0.0,354336.66446419404,354336.66446419404,7164.2122103955635
3698,630190.9289708333,0.0,630190.9289708333,630190.9289708333,12257.814739675405
3699,755928.9977454261,0.0,755928.9977454261,755928.9977454261,14498.718785917983
3700,736385.2019301197,0.0,736385.2019301197,736385.2019301197,14153.296088922418
3701,691265.0691138462,0.0,691265.0691138462,691265.0691138462,13351.83733406031
3702,807705.3749454875,0.0,807705.3749454875,807705.3749454875,15408.74957852041
3703,783866.7553112351,0.0,783866.7553112351,783866.7553112351,14990.580259992954
3704,722799.2178489201,0.0,722799.2178489201,722799.2178489201,13912.481902731459
3705,977676.2452363276,0.0,977676.2452363276,977676.2452363276,18348.753585771563
3706,1197485.214881201,0.0,1197485.214881201,1197485.214881201,22052.858594655478
3707,995298.1951751888,0.0,995298.1951751888,995298.1951751888,18649.559818802456
3708,692490.816740698,0.0,692490.816740698,692490.816740698,13373.526778235719
3709,381287.5074588473,0.0,381287.5074588473,381287.5074588473,7674.211923833633
3710,480427.55453802255,0.0,480427.55453802255,480427.55453802255,9525.774747973339
3711,270717.8965854832,0.0,270717.8965854832,270717.8965854832,5559.831158037136
3712,269908.4176571444,0.0,269908.4176571444,269908.4176571444,5544.117989715439
3713,465536.3377910721,0.0,465536.3377910721,465536.3377910721,9249.97587900336
3714,179660.64599968525,0.0,179660.64599968525,179660.64599968525,3732.854119742153
3715,404349.5173883326,0.0,404349.5173883326,404349.5173883326,7862.957718196862
3716,727521.015670028,0.0,727521.015670028,727521.015670028,13995.740828606235
3717,573763.9471420837,0.0,573763.9471420837,573763.9471420837,11236.514028549747
3718,691956.6495018363,0.0,691956.6495018363,691956.6495018363,13363.61169468908
3719,554216.533071414,0.0,554216.533071414,554216.533071414,10880.539476275337
3720,785050.4920452466,0.0,785050.4920452466,785050.4920452466,15010.764950563298
3721,792739.4058775078,0.0,792739.4058775078,792739.4058775078,15145.74177803054
3722,789565.629485752,0.0,789565.629485752,789565.629485752,15090.010551446787
3723,776319.7583888894,0.0,776319.7583888894,776319.7583888894,14857.207652228844
3724,715461.9916692002,0.0,715461.9916692002,715461.9916692002,13781.629647099102
3725,641683.2085101788,0.0,641683.2085101788,641683.2085101788,12463.798842694507
3726,635937.0344065779,0.0,635937.0344065779,635937.0344065779,12360.47703039474
3727,191852.80151253458,0.0,191852.80151253458,191852.80151253458,3983.170817827411
3728,197380.8084201979,0.0,197380.8084201979,197380.8084201979,4068.1036411821187
3729,716856.9932123191,0.0,716856.9932123191,716856.9932123191,13597.417649378836
3730,747355.557219081,0.0,747355.557219081,747355.557219081,14346.266852807526
3731,846134.8061765836,0.0,846134.8061765836,846134.8061765836,16078.608459464318
3732,969838.13098555,0.0,969838.13098555,969838.13098555,18213.500449463685
3733,322156.26390557236,0.0,322156.26390557236,322156.26390557236,6550.2710809289065
3734,252193.59980428746,0.0,252193.59980428746,252193.59980428746,5199.189170915143
3735,239713.97601237445,0.0,239713.97601237445,239713.97601237445,4955.327212984132
3736,210368.11924281146,0.0,210368.11924281146,210368.11924281146,4368.233018969434
3737,129892.60181303418,0.0,129892.60181303418,129892.60181303418,2700.510287578926
3738,148881.78331840457,0.0,148881.78331840457,148881.78331840457,3026.8494853537795
3739,73409.93017039861,0.0,73409.93017039861,73409.93017039861,1523.5463310711746
3740,142687.18222083896,0.0,142687.18222083896,142687.18222083896,2716.3324982561494
3741,112863.70695092475,0.0,112863.70695092475,112863.70695092475,2343.6471511546265
3742,186256.51343431917,0.0,186256.51343431917,186256.51343431917,3601.0962220611686
3743,353462.562953637,0.0,353462.562953637,353462.562953637,6984.326612229519
3744,230497.55245424627,0.0,230497.55245424627,230497.55245424627,4774.209848514252
3745,194093.5292274776,0.0,194093.5292274776,194093.5292274776,4036.904965427738
3746,256441.4303764108,0.0,256441.4303764108,256441.4303764108,5201.636336773179
3747,180735.9977810519,0.0,180735.9977810519,180735.9977810519,3753.5754237914525
3748,68382.24872724093,0.0,68382.24872724093,68382.24872724093,1424.3608097610809
3749,146617.2987528942,0.0,146617.2987528942,146617.2987528942,2779.5526187849296
3750,60238.02771838792,0.0,60238.02771838792,60238.02771838792,1253.1807700572554
3751,198191.48120015854,0.0,198191.48120015854,198191.48120015854,3637.4502397194883
3752,515068.63920207677,0.0,515068.63920207677,515068.63920207677,10008.095645527043
3753,511832.8159103908,0.0,511832.8159103908,511832.8159103908,10102.244687023325
3754,259766.8560323904,0.0,259766.8560323904,259766.8560323904,5345.671540095934
3755,557223.9711032722,0.0,557223.9711032722,557223.9711032722,10932.942523455264
3756,299435.5095953947,0.0,299435.5095953947,299435.5095953947,6113.074207836596
3757,250471.70714815642,0.0,250471.70714815642,250471.70714815642,5164.557858240128
3758,543840.560181628,0.0,543840.560181628,543840.560181628,10688.661503783293
3759,232312.72187335373,0.0,232312.72187335373,232312.72187335373,4809.268970878267
3760,274991.0237419159,0.0,274991.0237419159,274991.0237419159,5641.144708479672
3761,160382.3490642634,0.0,160382.3490642634,160382.3490642634,3331.8212802922517
3762,176465.2544305944,0.0,176465.2544305944,176465.2544305944,3601.113245907294
3763,240333.20498169053,0.0,240333.20498169053,240333.20498169053,4816.149493313197
3764,268024.29884899646,0.0,268024.29884899646,268024.29884899646,5505.915573363157
3765,263727.2587336967,0.0,263727.2587336967,263727.2587336967,5422.460301776314
3766,297143.669943891,0.0,297143.669943891,297143.669943891,6068.7340104272
3767,177561.21057999655,0.0,177561.21057999655,177561.21057999655,3690.4792671553987
3768,220506.86219066047,0.0,220506.86219066047,220506.86219066047,4438.568556182473
3769,169710.02866582412,0.0,169710.02866582412,169710.02866582412,3525.7151562752642
3770,155313.86213507602,0.0,155313.86213507602,155313.86213507602,3231.7325878694714
3771,108663.65669607265,0.0,108663.65669607265,108663.65669607265,2260.55340484817
3772,132143.88139935548,0.0,132143.88139935548,132143.88139935548,2674.07060043375
3773,101791.09885581481,0.0,101791.09885581481,101791.09885581481,2114.535554826875
3774,245201.27413456843,0.0,245201.27413456843,245201.27413456843,4601.615898263672
3775,303873.37460970035,0.0,303873.37460970035,303873.37460970035,6197.703325735782
3776,393925.7877527878,0.0,393925.7877527878,393925.7877527878,7909.416296864
3777,589929.0402857884,0.0,589929.0402857884,589929.0402857884,11526.025140626836
3778,842379.9597469538,0.0,842379.9597469538,842379.9597469538,16008.419434561541
3779,1079047.6871262328,0.0,1079047.6871262328,1079047.6871262328,20062.778484875627
3780,1024896.8420876346,0.0,1024896.8420876346,1024896.8420876346,19146.45634288083
3781,1191097.1906714619,0.0,1191097.1906714619,1191097.1906714619,21938.818849177063
3782,1139165.0704151026,0.0,1139165.0704151026,1139165.0704151026,21072.51001813546
3783,1057698.141245577,0.0,1057698.141245577,1057698.141245577,19702.159079278503
3784,388074.7784100938,0.0,388074.7784100938,388074.7784100938,7799.16136738699
3785,167532.6978016263,0.0,167532.6978016263,167532.6978016263,3482.5210257065237
3786,87551.87710433107,0.0,87551.87710433107,87551.87710433107,1823.1856067470083
3787,0.0,0.0,0.0,0.0,-0.0
3788,190887.79192499229,0.0,190887.79192499229,190887.79192499229,3302.1281139560356
3789,109271.3926707353,0.0,109271.3926707353,109271.3926707353,2272.2809694026237
3790,65521.1734605158,0.0,65521.1734605158,65521.1734605158,1356.9265882288928
3791,38026.593036141014,0.0,38026.593036141014,38026.593036141014,781.5058862381691
3792,42335.981103547354,0.0,42335.981103547354,42335.981103547354,841.904028257258
3793,29282.212250562392,0.0,29282.212250562392,29282.212250562392,610.2597393213791
3794,48763.30638023977,0.0,48763.30638023977,48763.30638023977,948.2362964461287
3795,110226.2627258803,0.0,110226.2627258803,110226.2627258803,2082.862364207532
3796,123853.24909646524,0.0,123853.24909646524,123853.24909646524,2534.319805428534
3797,311807.62053633656,0.0,311807.62053633656,311807.62053633656,5868.780776088713
3798,558107.1727474106,0.0,558107.1727474106,558107.1727474106,10946.030174844176
3799,1002045.0057688636,0.0,1002045.0057688636,1002045.0057688636,18755.027388316343
3800,999007.0416569551,0.0,999007.0416569551,999007.0416569551,18703.24901593997
3801,983965.923801959,0.0,983965.923801959,983965.923801959,18446.70484400451
3802,1068998.9080291863,0.0,1068998.9080291863,1068998.9080291863,19890.148036291022
3803,1045945.6501240289,0.0,1045945.6501240289,1045945.6501240289,19500.365599247652
3804,838749.9673762001,0.0,838749.9673762001,838749.9673762001,15942.584480677762
3805,874672.1111798622,0.0,874672.1111798622,874672.1111798622,16566.751457038372
3806,938941.2304468587,0.0,938941.2304468587,938941.2304468587,17675.575678448677
3807,572523.1365953025,0.0,572523.1365953025,572523.1365953025,11208.173761203929
3808,487276.6217217274,0.0,487276.6217217274,487276.6217217274,9647.04360212912
3809,572913.3366662491,0.0,572913.3366662491,572913.3366662491,11215.227689944704
3810,302239.9006010475,0.0,302239.9006010475,302239.9006010475,6165.12684605212
3811,348860.5394150227,0.0,348860.5394150227,348860.5394150227,7056.009539538342
3812,644497.1517141615,0.0,644497.1517141615,644497.1517141615,12508.020286378849
3813,779704.6873134789,0.0,779704.6873134789,779704.6873134789,14909.231320126362
3814,768254.6890353446,0.0,768254.6890353446,768254.6890353446,14707.809347023152
3815,792419.7525730608,0.0,792419.7525730608,792419.7525730608,15132.424041521224
3816,792739.4058775078,0.0,792739.4058775078,792739.4058775078,15138.005739477736
3817,792739.4058775078,0.0,792739.4058775078,792739.4058775078,15137.980669646728
3818,792739.4058775078,0.0,792739.4058775078,792739.4058775078,15137.955599898707
3819,792739.4058775078,0.0,792739.4058775078,792739.4058775078,15137.930530233672
3820,792739.4058775078,0.0,792739.4058775078,792739.4058775078,15137.905460651631
3821,805098.2665763044,0.0,805098.2665763044,805098.2665763044,15354.449986731557
3822,805127.7190304867,0.0,805127.7190304867,805127.7190304867,15354.940190503048
3823,828980.3113161591,0.0,828980.3113161591,828980.3113161591,15771.77247330631
3824,1400000.0,0.0,1400000.0,1400000.0,25365.731392687983
3825,1115045.0596415442,0.0,1115045.0596415442,1115045.0596415442,20664.42443368488
3826,1058554.8999840384,0.0,1058554.8999840384,1058554.8999840384,19712.958423197237
3827,1072215.5056138881,0.0,1072215.5056138881,1072215.5056138881,19943.63412711098
3828,1004832.0440398339,0.0,1004832.0440398339,1004832.0440398339,18801.59587422447
3829,439508.3646755518,0.0,439508.3646755518,439508.3646755518,8760.932808865751
3830,1007363.847191062,0.0,1007363.847191062,1007363.847191062,18844.627254344065
3831,1144710.3803890124,0.0,1144710.3803890124,1144710.3803890124,21161.140804826853
3832,682982.7284219378,0.0,682982.7284219378,682982.7284219378,13196.306467451557
3833,713301.1619677235,0.0,713301.1619677235,713301.1619677235,13735.849091955584
3834,617852.7612460896,0.0,617852.7612460896,617852.7612460896,12028.18608622324
3835,439501.8340860473,0.0,439501.8340860473,439501.8340860473,8760.720594376342
3836,122862.9545613478,0.0,122862.9545613478,122862.9545613478,2550.2927519231057
3837,192369.30940868965,0.0,192369.30940868965,192369.30940868965,3734.6247012493277
3838,143613.50525598892,0.0,143613.50525598892,143613.50525598892,2979.8878216543744
3839,133724.8804412198,0.0,133724.8804412198,133724.8804412198,2774.682407119024
3840,128338.52479903685,0.0,128338.52479903685,128338.52479903685,2668.5242935724696
3841,102548.97498464533,0.0,102548.97498464533,102548.97498464533,2128.907623448104
3842,0.0,0.0,0.0,0.0,-0.0
3843,3965.91610670232,0.0,3965.91610670232,3965.91610670232,-0.0
3844,0.0,0.0,0.0,0.0,-0.0
3845,100663.11771489395,0.0,100663.11771489395,100663.11771489395,1742.9797351411448
3846,83142.53987761271,0.0,83142.53987761271,83142.53987761271,1725.3069208771763
3847,170998.3310209427,0.0,170998.3310209427,170998.3310209427,3236.7590739325074
3848,149139.33276792528,0.0,149139.33276792528,149139.33276792528,3098.66433072313
3849,248053.0255435644,0.0,248053.0255435644,248053.0255435644,4844.187282112301
3850,1093374.2696222607,0.0,1093374.2696222607,1093374.2696222607,20297.376777263795
3851,855893.9588804158,0.0,855893.9588804158,855893.9588804158,16237.956321495778
3852,827489.9490851901,0.0,827489.9490851901,827489.9490851901,15743.382265449676
3853,1141842.1429276625,0.0,1141842.1429276625,1141842.1429276625,21110.30786724467
3854,1104794.9255682596,0.0,1104794.9255682596,1104794.9255682596,20489.267819705914
3855,1124675.6483366773,0.0,1124675.6483366773,1124675.6483366773,20822.842923146913
3856,998024.5515318104,0.0,998024.5515318104,998024.5515318104,18682.903888397763
3857,619195.3629300351,0.0,619195.3629300351,619195.3629300351,12050.645637876054
3858,132131.76411511435,0.0,132131.76411511435,132131.76411511435,2742.985958565927
3859,23742.054531960846,0.0,23742.054531960846,23742.054531960846,489.7398982622112
3860,48446.03330744716,0.0,48446.03330744716,48446.03330744716,908.5078397223452
3861,29242.833749148504,0.0,29242.833749148504,29242.833749148504,609.3431513863246
3862,13589.975237096784,0.0,13589.975237096784,13589.975237096784,278.2334961977243
3863,28313.303453417953,0.0,28313.303453417953,28313.303453417953,530.029467760174
3864,41627.83292248666,0.0,41627.83292248666,41627.83292248666,792.2878838946922
3865,90951.52379778217,0.0,90951.52379778217,90951.52379778217,1714.6268818466692
3866,135991.89226928,0.0,135991.89226928,135991.89226928,2660.772332688773
3867,105665.2413787717,0.0,105665.2413787717,105665.2413787717,2200.1750007999494
3868,82567.21713124131,0.0,82567.21713124131,82567.21713124131,1713.7539398552378
3869,173986.45779753508,0.0,173986.45779753508,173986.45779753508,3283.176247399288
3870,514459.74503895885,0.0,514459.74503895885,514459.74503895885,9837.648137264541
3871,652695.7342094793,0.0,652695.7342094793,652695.7342094793,12651.351161205239
3872,454062.4141493909,0.0,454062.4141493909,454062.4141493909,9029.193062063536
3873,1053883.7976547335,0.0,1053883.7976547335,1053883.7976547335,19628.76990940724
3874,497544.393663515,0.0,497544.393663515,497544.393663515,9833.288060583698
3875,920940.4702960325,0.0,920940.4702960325,920940.4702960325,17360.725177710778
3876,914462.0676256872,0.0,914462.0676256872,914462.0676256872,17249.12552992263
3877,808034.1918929636,0.0,808034.1918929636,808034.1918929636,15401.425476659108
3878,1104756.4595930239,0.0,1104756.4595930239,1104756.4595930239,20486.038856104264
3879,1093702.8218170998,0.0,1093702.8218170998,1093702.8218170998,20300.17650544055
3880,275249.8784744516,0.0,275249.8784744516,275249.8784744516,5642.572399676067
3881,567645.6867874264,0.0,567645.6867874264,567645.6867874264,11115.887868139544
3882,189653.73930925466,0.0,189653.73930925466,189653.73930925466,3936.443327559676
3883,0.0,0.0,0.0,0.0,-0.0
3884,0.0,0.0,0.0,0.0,-0.0
3885,468872.71760696283,0.0,468872.71760696283,468872.71760696283,7752.453958339382
3886,345890.65070013446,0.0,345890.65070013446,345890.65070013446,6996.659995708276
3887,26488.2158528624,0.0,26488.2158528624,26488.2158528624,542.9566508915118
3888,197789.82942944928,0.0,197789.82942944928,197789.82942944928,3490.371501971572
3889,40504.231059564845,0.0,40504.231059564845,40504.231059564845,841.999931876273
3890,606224.3924970133,0.0,606224.3924970133,606224.3924970133,10202.691013095671
3891,69658.14110244875,0.0,69658.14110244875,69658.14110244875,1448.4939214608116
3892,14609.361585873874,0.0,14609.361585873874,14609.361585873874,297.8053091746555
3893,730341.174314291,0.0,730341.174314291,730341.174314291,11798.433953012172
3894,40978.69202856761,0.0,40978.69202856761,40978.69202856761,851.2934469784354
3895,535431.3836486815,0.0,535431.3836486815,535431.3836486815,9090.41882968446
3896,211654.33924822853,0.0,211654.33924822853,211654.33924822853,4397.990068686847
3897,1227118.0636976983,0.0,1227118.0636976983,1227118.0636976983,22518.554990642635
3898,638015.0157414592,0.0,638015.0157414592,638015.0157414592,12383.304640449627
3899,1400000.0,0.0,1400000.0,1400000.0,25350.357796995795
3900,990496.2786620402,0.0,990496.2786620402,990496.2786620402,18545.784481658222
3901,818690.6706757062,0.0,818690.6706757062,818690.6706757062,15582.110645722672
3902,627734.6902751338,0.0,627734.6902751338,627734.6902751338,12198.424690847223
3903,636053.1223379769,0.0,636053.1223379769,636053.1223379769,12347.957681912632
3904,326338.8759971144,0.0,326338.8759971144,326338.8759971144,6622.1900339302765
3905,882307.850825322,0.0,882307.850825322,882307.850825322,16687.765715271733
3906,804575.9412773855,0.0,804575.9412773855,804575.9412773855,15335.258590665053
3907,626267.7502448524,0.0,626267.7502448524,626267.7502448524,12171.928866484446
3908,451763.5448126854,0.0,451763.5448126854,451763.5448126854,8982.925476163473
3909,366893.8507774411,0.0,366893.8507774411,366893.8507774411,7392.6576797305215
3910,612401.7290882881,0.0,612401.7290882881,612401.7290882881,11922.057184041469
3911,602607.0094143404,0.0,602607.0094143404,602607.0094143404,11745.221686256504
3912,755551.1301970604,0.0,755551.1301970604,755551.1301970604,14474.112481234964
3913,777203.23075296,0.0,777203.23075296,777203.23075296,14855.136578253594
3914,787132.9725766615,0.0,787132.9725766615,787132.9725766615,15029.445402143916
3915,785781.5248930361,0.0,785781.5248930361,785781.5248930361,15005.708895503994
3916,671975.2690466504,0.0,671975.2690466504,671975.2690466504,12991.158287509052
3917,821444.5882725508,0.0,821444.5882725508,821444.5882725508,15629.783724519137
3918,1202968.0044184234,0.0,1202968.0044184234,1202968.0044184234,22117.692484237312
3919,1240247.6982486043,0.0,1240247.6982486043,1240247.6982486043,22734.818828021485
3920,1343751.5458705535,0.0,1343751.5458705535,1343751.5458705535,24434.256632619366
3921,1400000.0,0.0,1400000.0,1400000.0,25349.484390854755
3922,1400000.0,0.0,1400000.0,1400000.0,25349.442422019583
3923,1400000.0,0.0,1400000.0,1400000.0,25349.400453323353
3924,1400000.0,0.0,1400000.0,1400000.0,25349.358484766068
3925,1009258.7117666765,0.0,1009258.7117666765,1009258.7117666765,18864.443621050315
3926,1356647.0419056646,0.0,1356647.0419056646,1356647.0419056646,24644.350555340832
3927,1247340.4826342296,0.0,1247340.4826342296,1247340.4826342296,22851.62621032379
3928,1135792.740214908,0.0,1135792.740214908,1135792.740214908,20998.206905975392
3929,771210.6225369142,0.0,771210.6225369142,771210.6225369142,14749.396558674087
3930,164710.90768772288,0.0,164710.90768772288,164710.90768772288,3423.4457287224436
3931,174381.152276105,0.0,174381.152276105,174381.152276105,3590.380909825284
3932,310710.2078961115,0.0,310710.2078961115,310710.2078961115,6131.645333173927
3933,413881.9950238872,0.0,413881.9950238872,413881.9950238872,8276.127223209804
3934,236983.45458872264,0.0,236983.45458872264,236983.45458872264,4895.423122947203
3935,260411.61213541217,0.0,260411.61213541217,260411.61213541217,5352.267001718061
3936,400420.11747130466,0.0,400420.11747130466,400420.11747130466,8023.769956221417
3937,618245.2250960775,0.0,618245.2250960775,618245.2250960775,12026.65684701946
3938,548011.965331591,0.0,548011.965331591,548011.965331591,10753.493316407174
3939,538868.04954361,0.0,538868.04954361,538868.04954361,10586.56279756323
3940,556161.4534079568,0.0,556161.4534079568,556161.4534079568,10901.988100798226
3941,732298.0880815965,0.0,732298.0880815965,732298.0880815965,14062.573361758205
3942,578065.1300760119,0.0,578065.1300760119,578065.1300760119,11300.102500927534
3943,773962.5078081643,0.0,773962.5078081643,773962.5078081643,14797.20720041305
3944,770211.5144464895,0.0,770211.5144464895,770211.5144464895,14731.231521246047
3945,1009228.2979295697,0.0,1009228.2979295697,1009228.2979295697,18863.025952535707
3946,536512.5869048121,0.0,536512.5869048121,536512.5869048121,10543.397148069049
3947,1057972.524462294,0.0,1057972.524462294,1057972.524462294,19689.07357860284
3948,1071067.002441629,0.0,1071067.002441629,1071067.002441629,19910.071552721416
3949,1161898.1361367968,0.0,1161898.1361367968,1161898.1361367968,21433.166785570716
3950,1126589.0454260453,0.0,1126589.0454260453,1126589.0454260453,20843.102818304043
3951,1126355.4532494028,0.0,1126355.4532494028,1126355.4532494028,20839.156280710427
3952,573476.4205433682,0.0,573476.4205433682,573476.4205433682,11216.625942867266
3953,323575.19559151714,0.0,323575.19559151714,323575.19559151714,6568.727510382641
3954,295710.0706953647,0.0,295710.0706953647,295710.0706953647,6034.524428988032
3955,579252.6560562635,0.0,579252.6560562635,579252.6560562635,11321.39613939023
3956,425861.98411862354,0.0,425861.98411862354,425861.98411862354,8499.739070010346
3957,610927.4388129035,0.0,610927.4388129035,610927.4388129035,11894.323209570486
3958,363641.41480996716,0.0,363641.41480996716,363641.41480996716,7330.379005947842
3959,754788.0421956257,0.0,754788.0421956257,754788.0421956257,14459.299544239399
3960,787677.2495275283,0.0,787677.2495275283,787677.2495275283,15037.608276884392
3961,788198.1707197616,0.0,788198.1707197616,788198.1707197616,15046.720347845834
3962,740994.3029813785,0.0,740994.3029813785,740994.3029813785,14215.81233820008
3963,536077.3587274894,0.0,536077.3587274894,536077.3587274894,10535.140262525987
3964,573258.4874099253,0.0,573258.4874099253,573258.4874099253,11212.446982472535
3965,216720.51474953518,0.0,216720.51474953518,216720.51474953518,4497.27502525714
3966,565830.474673931,0.0,565830.474673931,565830.474673931,11077.452411884407
3967,803191.4353943758,0.0,803191.4353943758,803191.4353943758,15309.25028040338
3968,721818.3410002331,0.0,721818.3410002331,721818.3410002331,13876.421000848633
3969,842425.8395530328,0.0,842425.8395530328,842425.8395530328,15993.820368205292
3970,1127907.9092219358,0.0,1127907.9092219358,1127907.9092219358,20864.532514235834
3971,546329.7050175401,0.0,546329.7050175401,546329.7050175401,10722.210893362642
3972,1214537.6205012293,0.0,1214537.6205012293,1214537.6205012293,22307.265788084947
3973,1238195.65731692,0.0,1238195.65731692,1238195.65731692,22698.628075031396
3974,506952.23544721864,0.0,506952.23544721864,506952.23544721864,10001.200223250702
3975,1150677.7680709162,0.0,1150677.7680709162,1150677.7680709162,21245.076067403446
3976,1357371.0552700053,0.0,1357371.0552700053,1357371.0552700053,24653.852736729124
3977,398095.5265862079,0.0,398095.5265862079,398095.5265862079,7979.562455926445
3978,83817.74712490368,0.0,83817.74712490368,83817.74712490368,1737.5078436740937
3979,52635.103127795235,0.0,52635.103127795235,52635.103127795235,1091.4871568051742
3980,492061.5652041165,0.0,492061.5652041165,492061.5652041165,8474.855407295105
3981,122023.78306992065,0.0,122023.78306992065,122023.78306992065,2531.6543456281224
3982,157764.4890645702,0.0,157764.4890645702,157764.4890645702,3139.9452770724683
3983,102608.08275069341,0.0,102608.08275069341,102608.08275069341,2128.358640806977
3984,99444.863325119,0.0,99444.863325119,99444.863325119,2066.051889713781
3985,108069.43461208872,0.0,108069.43461208872,108069.43461208872,2212.3404592744005
3986,179741.85432246368,0.0,179741.85432246368,179741.85432246368,3487.5184459790476
3987,122191.7125441572,0.0,122191.7125441572,122191.7125441572,2534.9011504186437
3988,110512.98180549136,0.0,110512.98180549136,110512.98180549136,2294.5055432098065
3989,152320.75405142005,0.0,152320.75405142005,152320.75405142005,3018.6142593736413
3990,609199.638010467,0.0,609199.638010467,609199.638010467,11233.288075608078
3991,905919.0334989151,0.0,905919.0334989151,905919.0334989151,17090.79010574735
3992,842217.2168899328,0.0,842217.2168899328,842217.2168899328,15987.557730763792
3993,1108749.1535621725,0.0,1108749.1535621725,1108749.1535621725,20540.055360991824
3994,1143049.911831358,0.0,1143049.911831358,1143049.911831358,21114.41120799631
3995,1163444.4131294023,0.0,1163444.4131294023,1163444.4131294023,21454.736873267237
3996,1164179.1044776118,0.0,1164179.1044776118,1164179.1044776118,21466.946555651426
3997,1161625.2284540287,0.0,1161625.2284540287,1161625.2284540287,21424.340585340877
3998,1154578.3742575713,0.0,1154578.3742575713,1154578.3742575713,21306.77227127811
3999,1132647.0362620733,0.0,1132647.0362620733,1132647.0362620733,20940.294193473826
4000,1018725.7927720359,0.0,1018725.7927720359,1018725.7927720359,19020.340488754755
4001,803367.926085891,0.0,803367.926085891,803367.926085891,15309.523001551062
4002,164424.84971986446,0.0,164424.84971986446,164424.84971986446,3416.901351762937
4003,4942.543534703734,0.0,4942.543534703734,4942.543534703734,-0.0
4004,0.0,0.0,0.0,0.0,-0.0
4005,69797.92219858922,0.0,69797.92219858922,69797.92219858922,1208.8817499875795
4006,113630.47172434656,0.0,113630.47172434656,113630.47172434656,2213.0251173884094
4007,203745.01176069895,0.0,203745.01176069895,203745.01176069895,3895.3553848208535
4008,48107.94485913884,0.0,48107.94485913884,48107.94485913884,1002.0801508236691
4009,99558.12282815749,0.0,99558.12282815749,99558.12282815749,1895.8071691087578
4010,162895.52826270813,0.0,162895.52826270813,162895.52826270813,3165.7458979620933
4011,331177.75383977115,0.0,331177.75383977115,331177.75383977115,6406.999582548928
4012,358087.36798890715,0.0,358087.36798890715,358087.36798890715,7222.631647206435
4013,509828.83227642695,0.0,509828.83227642695,509828.83227642695,10050.787663835144
4014,943124.6517019474,0.0,943124.6517019474,943124.6517019474,17727.78262163821
4015,787217.8859075662,0.0,787217.8859075662,787217.8859075662,15024.44573315387
4016,1085500.6371459768,0.0,1085500.6371459768,1085500.6371459768,20146.205315618303
4017,1143062.0152333155,0.0,1143062.0152333155,1143062.0152333155,21111.35559390312
4018,1161938.1620162486,0.0,1161938.1620162486,1161938.1620162486,21426.327257851957
4019,1182272.3157594292,0.0,1182272.3157594292,1182272.3157594292,21764.81348927562
4020,1079592.059464537,0.0,1079592.059464537,1079592.059464537,20046.59899877583
4021,1293337.998555583,0.0,1293337.998555583,1293337.998555583,23599.276025251518
4022,1343898.9166697147,0.0,1343898.9166697147,1343898.9166697147,24426.574016960578
4023,1315466.495006021,0.0,1315466.495006021,1315466.495006021,23961.87397846048
4024,1400000.0,0.0,1400000.0,1400000.0,25339.02213532129
4025,878977.8172010182,0.0,878977.8172010182,878977.8172010182,16622.498052094255
4026,98764.92228478043,0.0,98764.92228478043,98764.92228478043,2052.2423970580385
4027,29901.919368249695,0.0,29901.919368249695,29901.919368249695,622.0064710829039
4028,5609.062012039908,0.0,5609.062012039908,5609.062012039908,-0.0
4029,307960.27175187715,0.0,307960.27175187715,307960.27175187715,5222.383945361586
4030,571388.1696349106,0.0,571388.1696349106,571388.1696349106,11173.55781480593
4031,228951.5565220492,0.0,228951.5565220492,228951.5565220492,4735.545365076178
4032,100084.80240685353,0.0,100084.80240685353,100084.80240685353,2078.07824721034
4033,417740.2794597454,0.0,417740.2794597454,417740.2794597454,7586.336247598293
4034,762200.3668177593,0.0,762200.3668177593,762200.3668177593,14582.794758268616
4035,780474.4053743585,0.0,780474.4053743585,780474.4053743585,14903.957690725034
4036,762218.4754111695,0.0,762218.4754111695,762218.4754111695,14583.065190725425
4037,869529.4611484285,0.0,869529.4611484285,869529.4611484285,16456.75208086568
4038,1053011.1336586298,0.0,1053011.1336586298,1053011.1336586298,19595.45402890438
4039,1160570.62059909,0.0,1160570.62059909,1160570.62059909,21400.4873738073
4040,1231785.3502073593,0.0,1231785.3502073593,1231785.3502073593,22582.437233329656
4041,1197463.6931868708,0.0,1197463.6931868708,1197463.6931868708,22014.01549369978
4042,1197309.9534017695,0.0,1197309.9534017695,1197309.9534017695,22011.427799303754
4043,1328122.2046130595,0.0,1328122.2046130595,1328122.2046130595,24165.534745814282
4044,1327555.7443363927,0.0,1327555.7443363927,1327555.7443363927,24156.236575928506
4045,1274743.5938770296,0.0,1274743.5938770296,1274743.5938770296,23290.410256580293
4046,1232154.2091911843,0.0,1232154.2091911843,1232154.2091911843,22588.308394967244
4047,1254670.5943249261,0.0,1254670.5943249261,1254670.5943249261,22959.877790795716
4048,1043206.8919423264,0.0,1043206.8919423264,1043206.8919423264,19429.357138985026
4049,749211.2272785469,0.0,749211.2272785469,749211.2272785469,14353.584877684934
4050,225692.85773960443,0.0,225692.85773960443,225692.85773960443,4671.2265750799215
4051,122594.72485499835,0.0,122594.72485499835,122594.72485499835,2541.9692896199776
4052,433313.4961698796,0.0,433313.4961698796,433313.4961698796,7980.9063098422175
4053,653108.5699077902,0.0,653108.5699077902,653108.5699077902,12645.4878245936
4054,781310.3520827296,0.0,781310.3520827296,781310.3520827296,14917.655666086008
4055,778626.4519907987,0.0,778626.4519907987,778626.4519907987,14870.522694005807
4056,762680.4925230476,0.0,762680.4925230476,762680.4925230476,14590.218344802084
4057,758033.4792280695,0.0,758033.4792280695,758033.4792280695,14508.386861491877
4058,705884.0160552653,0.0,705884.0160552653,705884.0160552653,13586.284352144388
4059,682075.652311389,0.0,682075.652311389,682075.652311389,13162.783859249857
4060,628854.0686013992,0.0,628854.0686013992,628854.0686013992,12210.207238966907
4061,584472.5374794714,0.0,584472.5374794714,584472.5374794714,11409.375268630962
4062,838634.4540199914,0.0,838634.4540199914,838634.4540199914,15919.137825450902
4063,1078042.057973775,0.0,1078042.057973775,1078042.057973775,20016.26435276877
4064,1159025.380192295,0.0,1159025.380192295,1159025.380192295,21373.177140041116
4065,1160692.8664365192,0.0,1160692.8664365192,1160692.8664365192,21400.938309679776
4066,1170839.1079213845,0.0,1170839.1079213845,1170839.1079213845,21569.9151486925
4067,1180097.3094969613,0.0,1180097.3094969613,1180097.3094969613,21723.916048548843
4068,1165015.1385799274,0.0,1165015.1385799274,1165015.1385799274,21472.85626403483
4069,720075.4252146132,0.0,720075.4252146132,720075.4252146132,13837.692573869259
4070,608331.7278622283,0.0,608331.7278622283,608331.7278622283,11840.451717228603
4071,893159.0704488306,0.0,893159.0704488306,893159.0704488306,16863.927778055942
4072,954936.7115240515,0.0,954936.7115240515,954936.7115240515,17925.909585815338
4073,587705.3739732095,0.0,587705.3739732095,587705.3739732095,11467.676383203134
4074,157010.8084678554,0.0,157010.8084678554,157010.8084678554,3259.758127170543
4075,141000.58578455425,0.0,141000.58578455425,141000.58578455425,2924.5987024256465
4076,357426.9860717611,0.0,357426.9860717611,357426.9860717611,6772.124750068106
4077,390476.5649334033,0.0,390476.5649334033,390476.5649334033,7831.538060480262
4078,384625.9605119894,0.0,384625.9605119894,384625.9605119894,7721.474426911539
4079,461007.16875295294,0.0,461007.16875295294,461007.16875295294,9147.59921016195
4080,589885.0463537246,0.0,589885.0463537246,589885.0463537246,11506.6864475628
4081,637767.5155993009,0.0,637767.5155993009,637767.5155993009,12369.55684072541
4082,786844.028609087,0.0,786844.028609087,786844.028609087,15013.640320784778
4083,780900.8462670086,0.0,780900.8462670086,780900.8462670086,14909.367678228266
4084,747684.8061256633,0.0,747684.8061256633,747684.8061256633,14324.982702103734
4085,845648.2759816031,0.0,845648.2759816031,845648.2759816031,16040.098877774419
4086,1199367.9787067866,0.0,1199367.9787067866,1199367.9787067866,22042.770010276294
4087,1400000.0,0.0,1400000.0,1400000.0,25332.395140649605
4088,1373457.2646957969,0.0,1373457.2646957969,1373457.2646957969,24901.418707515673
4089,1365440.6251647607,0.0,1365440.6251647607,1365440.6251647607,24770.976255744277
4090,1400000.0,0.0,1400000.0,1400000.0,25332.269598750416
4091,1400000.0,0.0,1400000.0,1400000.0,25332.22768685872
4092,1400000.0,0.0,1400000.0,1400000.0,25332.185775105692
4093,1400000.0,0.0,1400000.0,1400000.0,25332.143863491314
4094,1400000.0,0.0,1400000.0,1400000.0,25332.1019520156
4095,1400000.0,0.0,1400000.0,1400000.0,25332.06004067854
4096,1400000.0,0.0,1400000.0,1400000.0,25332.018129480133
4097,1328489.2823527146,0.0,1328489.2823527146,1328489.2823527146,24168.086434015593
4098,572101.5092346137,0.0,572101.5092346137,572101.5092346137,11184.056150388988
4099,723874.2339556582,0.0,723874.2339556582,723874.2339556582,13903.895846711815
4100,787064.0442200331,0.0,787064.0442200331,787064.0442200331,15017.035686241883
4101,791793.2227692427,0.0,791793.2227692427,791793.2227692427,15099.892811834186
4102,792739.4058775078,0.0,792739.4058775078,792739.4058775078,15116.443266084178
4103,724482.9975004885,0.0,724482.9975004885,724482.9975004885,13914.57907047047
4104,330004.2183798151,0.0,330004.2183798151,330004.2183798151,6686.666079568746
4105,785049.8193126752,0.0,785049.8193126752,785049.8193126752,14981.594921630673
4106,792472.5616453057,0.0,792472.5616453057,792472.5616453057,15111.670619361128
4107,786259.0277910413,0.0,786259.0277910413,786259.0277910413,15002.749308968261
4108,731983.5365900368,0.0,731983.5365900368,731983.5365900368,14047.146746803412
4109,151940.37101283824,0.0,151940.37101283824,151940.37101283824,3149.7745930009114
4110,526835.6763312315,0.0,526835.6763312315,526835.6763312315,9810.674934556764
4111,391523.33946074906,0.0,391523.33946074906,391523.33946074906,7850.552087145793
4112,328253.48647117143,0.0,328253.48647117143,328253.48647117143,6653.032846098206
4113,180779.32656016698,0.0,180779.32656016698,180779.32656016698,3747.0661355197753
4114,188711.0277983456,0.0,188711.0277983456,188711.0277983456,3878.7891938799785
4115,127403.08539516757,0.0,127403.08539516757,127403.08539516757,2646.486012757344
4116,1120632.3460547104,0.0,1120632.3460547104,1120632.3460547104,19317.71719744452
4117,1062156.4394711386,0.0,1062156.4394711386,1062156.4394711386,19745.14422458725
4118,746058.7811532143,0.0,746058.7811532143,746058.7811532143,14294.680609692667
4119,770167.6840667655,0.0,770167.6840667655,770167.6840667655,14719.15141056096
4120,798820.5390930743,0.0,798820.5390930743,798820.5390930743,15221.620415967993
4121,849757.1701682056,0.0,849757.1701682056,849757.1701682056,16109.63855379612
4122,330711.08600674756,0.0,330711.08600674756,330711.08600674756,6699.529395591031
4123,381931.7510721908,0.0,381931.7510721908,381931.7510721908,7669.691665064852
4124,655484.8790979212,0.0,655484.8790979212,655484.8790979212,12685.456350928582
4125,783492.6075488775,0.0,783492.6075488775,783492.6075488775,14952.95794254399
4126,782490.9958114272,0.0,782490.9958114272,782490.9958114272,14935.363928436655
4127,783473.5661573928,0.0,783473.5661573928,783473.5661573928,14952.574513486674
4128,711336.3122259369,0.0,711336.3122259369,711336.3122259369,13680.308192824652
4129,711751.5891415415,0.0,711751.5891415415,711751.5891415415,13687.650239395713
4130,657378.7643045672,0.0,657378.7643045672,657378.7643045672,12719.21372364092
4131,788259.0850782128,0.0,788259.0850782128,788259.0850782128,15036.382414013839
4132,790498.2440770611,0.0,790498.2440770611,790498.2440770611,15075.596764445412
4133,763141.8998236143,0.0,763141.8998236143,763141.8998236143,14595.271544796722
4134,458867.88236711646,0.0,458867.88236711646,458867.88236711646,9106.561440014844
4135,322337.7653701023,0.0,322337.7653701023,322337.7653701023,6539.661256793956
4136,525384.9267370304,0.0,525384.9267370304,525384.9267370304,10331.383736031274
4137,996826.2455001068,0.0,996826.2455001068,996826.2455001068,18637.477276792437
4138,1022296.4607702417,0.0,1022296.4607702417,1022296.4607702417,19070.17644365487
4139,1400000.0,0.0,1400000.0,1400000.0,25328.982244802137
4140,1400000.0,0.0,1400000.0,1400000.0,25328.940343776274
4141,1400000.0,0.0,1400000.0,1400000.0,25328.89844288903
4142,1400000.0,0.0,1400000.0,1400000.0,25328.856542140373
4143,1400000.0,0.0,1400000.0,1400000.0,25328.81464153033
4144,1067677.9881156536,0.0,1067677.9881156536,1067677.9881156536,19837.415480224983
4145,1071424.9406549374,0.0,1071424.9406549374,1071424.9406549374,19900.544663018947
4146,565314.5702589015,0.0,565314.5702589015,565314.5702589015,11059.2691903324
4147,633824.7216320852,0.0,633824.7216320852,633824.7216320852,12296.691267518545
4148,792739.4058775078,0.0,792739.4058775078,792739.4058775078,15114.453308239094
4149,792739.4058775078,0.0,792739.4058775078,792739.4058775078,15114.428316283387
4150,792739.4058775078,0.0,792739.4058775078,792739.4058775078,15114.403324410276
4151,792739.4058775078,0.0,792739.4058775078,792739.4058775078,15114.378332619774
4152,792739.4058775078,0.0,792739.4058775078,792739.4058775078,15114.353340911868
4153,208686.81933670203,0.0,208686.81933670203,208686.81933670203,4325.471633451499
4154,0.0,0.0,0.0,0.0,-0.0
4155,97308.13737439133,0.0,97308.13737439133,97308.13737439133,1685.5769832655399
4156,313776.73559458856,0.0,313776.73559458856,313776.73559458856,5796.664958589544
4157,805549.5444204035,0.0,805549.5444204035,805549.5444204035,15337.27115470954
4158,1118340.2690043296,0.0,1118340.2690043296,1118340.2690043296,20686.959164585794
4159,1207706.3499769983,0.0,1207706.3499769983,1207706.3499769983,22175.692731756117
4160,1242265.9781065295,0.0,1242265.9781065295,1242265.9781065295,22747.085988772084
4161,1400000.0,0.0,1400000.0,1400000.0,25326.35424169387
4162,794339.9927708498,0.0,794339.9927708498,794339.9927708498,15141.033979217591
4163,1400000.0,0.0,1400000.0,1400000.0,25326.272623221746
4164,1400000.0,0.0,1400000.0,1400000.0,25326.230731158634
4165,1400000.0,0.0,1400000.0,1400000.0,25326.188839234073
4166,1400000.0,0.0,1400000.0,1400000.0,25326.146947448073
4167,1400000.0,0.0,1400000.0,1400000.0,25326.105055800635
4168,1400000.0,0.0,1400000.0,1400000.0,25326.06316429175
4169,1284870.1382623638,0.0,1284870.1382623638,1284870.1382623638,23447.987428661145
4170,866229.1426715789,0.0,866229.1426715789,866229.1426715789,16392.90054604316
4171,741955.3779976988,0.0,741955.3779976988,741955.3779976988,14219.973238049839
4172,786036.5803743704,0.0,786036.5803743704,786036.5803743704,14995.300645626774
4173,777174.6670369772,0.0,777174.6670369772,777174.6670369772,14839.817905122189
4174,770708.4691166776,0.0,770708.4691166776,770708.4691166776,14726.230915934837
4175,262262.3911902217,0.0,262262.3911902217,262262.3911902217,5382.710608215465
4176,774848.9255611927,0.0,774848.9255611927,774848.9255611927,14798.913171815662
4177,767197.2219910007,0.0,767197.2219910007,767197.2219910007,14664.447170815954
4178,770094.8381266317,0.0,770094.8381266317,770094.8381266317,14715.352680319855
4179,471310.8791682524,0.0,471310.8791682524,471310.8791682524,9335.437351878041
4180,573442.1448327336,0.0,573442.1448327336,573442.1448327336,11205.349503951122
4181,554709.3299170077,0.0,554709.3299170077,554709.3299170077,10864.94073155816
4182,325326.6752538913,0.0,325326.6752538913,325326.6752538913,6595.648885032619
4183,332406.5739686005,0.0,332406.5739686005,332406.5739686005,6730.585737543045
4184,269054.28638514003,0.0,269054.28638514003,269054.28638514003,5514.271079849024
4185,422762.20843708544,0.0,422762.20843708544,422762.20843708544,8433.643415912613
4186,605598.0241587098,0.0,605598.0241587098,605598.0241587098,11786.956291918972
4187,344463.5585751935,0.0,344463.5585751935,344463.5585751935,6959.822873562314
4188,1027993.5062384142,0.0,1027993.5062384142,1027993.5062384142,19163.85224818622
4189,674838.3333214914,0.0,674838.3333214914,674838.3333214914,13028.85234685826
4190,243291.79013182933,0.0,243291.79013182933,243291.79013182933,5013.467369960348
4191,396973.26435974555,0.0,396973.26435974555,396973.26435974555,7950.925018874733
4192,777919.7679435569,0.0,777919.7679435569,777919.7679435569,14852.444314090402
4193,981631.2130122061,0.0,981631.2130122061,981631.2130122061,18375.634955196725
4194,399683.89024877775,0.0,399683.89024877775,399683.89024877775,8001.736470982528
4195,231575.99580594647,0.0,231575.99580594647,231575.99580594647,4784.388938603698
4196,62312.00135615804,0.0,62312.00135615804,62312.00135615804,1291.962353317787
4197,114734.00487520068,0.0,114734.00487520068,114734.00487520068,2196.1152319659373
4198,0.0,0.0,0.0,0.0,-0.0
4199,84732.66325823238,0.0,84732.66325823238,84732.66325823238,1461.7370657446875
4200,150635.83861190273,0.0,150635.83861190273,150635.83861190273,2880.4381544846838
4201,102938.41192026321,0.0,102938.41192026321,102938.41192026321,2133.187250260009
4202,118673.92938227922,0.0,118673.92938227922,118673.92938227922,2395.2478653057456
4203,182585.23108591544,0.0,182585.23108591544,182585.23108591544,3558.5698625506047
4204,154596.02612821196,0.0,154596.02612821196,154596.02612821196,3210.606063775742
4205,648624.3120229807,0.0,648624.3120229807,648624.3120229807,11989.077222871325
4206,669600.5468631854,0.0,669600.5468631854,669600.5468631854,12933.558550737656
4207,902602.9788741777,0.0,902602.9788741777,902602.9788741777,17018.592510258404
4208,735174.830316338,0.0,735174.830316338,735174.830316338,14097.799821761138
4209,579367.6754622413,0.0,579367.6754622413,579367.6754622413,11310.94184927831
4210,280344.9501975613,0.0,280344.9501975613,280344.9501975613,5731.595846980887
4211,178785.07073583212,0.0,178785.07073583212,178785.07073583212,3706.3057933312193
4212,842251.2241153984,0.0,842251.2241153984,842251.2241153984,15490.77596457944
4213,612227.3521943272,0.0,612227.3521943272,612227.3521943272,11904.426430939846
4214,609674.2742124067,0.0,609674.2742124067,609674.2742124067,11858.396593336793
4215,1053340.731246801,0.0,1053340.731246801,1053340.731246801,19589.434012636033
4216,638798.851588084,0.0,638798.851588084,638798.851588084,12382.053761632404
4217,874548.5067806165,0.0,874548.5067806165,874548.5067806165,16533.646399321082
4218,106636.21096348141,0.0,106636.21096348141,106636.21096348141,2216.1857568528303
4219,665583.46569152,0.0,665583.46569152,665583.46569152,11791.0870090935
4220,181892.86700340582,0.0,181892.86700340582,181892.86700340582,3767.250244711057
4221,788918.3098865738,0.0,788918.3098865738,788918.3098865738,14587.301203092975
4222,386492.0917318405,0.0,386492.0917318405,386492.0917318405,7752.164275828746
4223,763448.2950268135,0.0,763448.2950268135,763448.2950268135,14594.85922703282
4224,785325.3547805438,0.0,785325.3547805438,785325.3547805438,14978.935477937594
4225,785725.677780198,0.0,785725.677780198,785725.677780198,14985.927494714453
4226,677945.6957008253,0.0,677945.6957008253,677945.6957008253,13081.134840465496
4227,54002.31399928365,0.0,54002.31399928365,54002.31399928365,1117.4803962745877
4228,123904.70421453749,0.0,123904.70421453749,123904.70421453749,2317.0089408707836
4229,30645.85763119006,0.0,30645.85763119006,30645.85763119006,636.2938923956883
4230,577865.1826561241,0.0,577865.1826561241,577865.1826561241,9658.639740285633
4231,524961.8863722201,0.0,524961.8863722201,524961.8863722201,10318.422471897884
4232,532141.424301718,0.0,532141.424301718,532141.424301718,10449.652118352906
4233,618914.466479925,0.0,618914.466479925,618914.466479925,12022.78598736846
4234,318194.0075434734,0.0,318194.0075434734,318194.0075434734,6457.076330053497
4235,710358.5383632806,0.0,710358.5383632806,710358.5383632806,13655.94665120071
4236,811374.7455940236,0.0,811374.7455940236,811374.7455940236,15433.037684406643
4237,864481.9345437635,0.0,864481.9345437635,864481.9345437635,16356.620023638672
4238,846005.1318185399,0.0,846005.1318185399,846005.1318185399,16036.062877901924
4239,231848.98645712066,0.0,231848.98645712066,231848.98645712066,4788.000122333709
4240,879288.3402400602,0.0,879288.3402400602,879288.3402400602,16612.786323623513
4241,535851.7922730709,0.0,535851.7922730709,535851.7922730709,10517.255023207925
4242,142336.37756882946,0.0,142336.37756882946,142336.37756882946,2949.008386866329
4243,38290.594000365396,0.0,38290.594000365396,38290.594000365396,785.5052922272863
4244,5537.9301238701255,0.0,5537.9301238701255,5537.9301238701255,-0.0
4245,181630.34526010253,0.0,181630.34526010253,181630.34526010253,3134.386802956864
4246,162093.02351594705,0.0,162093.02351594705,162093.02351594705,3357.3140992936032
4247,326255.8939358189,0.0,326255.8939358189,326255.8939358189,6310.568972123749
4248,654475.1987303826,0.0,654475.1987303826,654475.1987303826,12659.48619192553
4249,399516.5731146882,0.0,399516.5731146882,399516.5731146882,7994.99986117938
4250,510200.96703075216,0.0,510200.96703075216,510200.96703075216,10046.916495512927
4251,442509.01382706367,0.0,442509.01382706367,442509.01382706367,8797.367524308305
4252,673229.8124444243,0.0,673229.8124444243,673229.8124444243,12994.357131837185
4253,617584.5054322961,0.0,617584.5054322961,617584.5054322961,11997.508713948186
4254,770894.4897370714,0.0,770894.4897370714,770894.4897370714,14722.592412805388
4255,985556.6221429025,0.0,985556.6221429025,985556.6221429025,18434.599836021418
4256,967374.5765011207,0.0,967374.5765011207,967374.5765011207,18124.459502385263
4257,1172012.8721373032,0.0,1172012.8721373032,1172012.8721373032,21572.631397625646
4258,1355056.281097707,0.0,1355056.281097707,1355056.281097707,24584.453859844318
4259,1400000.0,0.0,1400000.0,1400000.0,25314.377692082242
4260,1400000.0,0.0,1400000.0,1400000.0,25314.335839339656
4261,1400000.0,0.0,1400000.0,1400000.0,25314.293986735436
4262,1400000.0,0.0,1400000.0,1400000.0,25314.252134269576
4263,1400000.0,0.0,1400000.0,1400000.0,25314.210281942083
4264,1400000.0,0.0,1400000.0,1400000.0,25314.16842975295
4265,1400000.0,0.0,1400000.0,1400000.0,25314.126577702176
4266,1005300.4653285547,0.0,1005300.4653285547,1005300.4653285547,18770.14314992957
4267,732517.5093666546,0.0,732517.5093666546,732517.5093666546,14046.285828035054
4268,770809.9264883059,0.0,770809.9264883059,770809.9264883059,14720.753216335488
4269,787900.6103758494,0.0,787900.6103758494,787900.6103758494,15020.50429178014
4270,786982.9135358526,0.0,786982.9135358526,786982.9135358526,15004.402363690984
4271,789903.9178190165,0.0,789903.9178190165,789903.9178190165,15055.54282571024
4272,754872.7593995386,0.0,754872.7593995386,754872.7593995386,14440.416353715234
4273,765063.9169244936,0.0,765063.9169244936,765063.9169244936,14619.671852528858
4274,771878.8811222151,0.0,771878.8811222151,771878.8811222151,14739.379429441382
4275,792297.0788987613,0.0,792297.0788987613,792297.0788987613,15097.346010808193
4276,792163.773568859,0.0,792163.773568859,792163.773568859,15094.987381010433
4277,879123.1144507282,0.0,879123.1144507282,879123.1144507282,16607.643241886948
4278,1314566.2476246255,0.0,1314566.2476246255,1314566.2476246255,23922.923102909295
4279,1370815.709245162,0.0,1370815.709245162,1370815.709245162,24839.98729834339
4280,1400000.0,0.0,1400000.0,1400000.0,25313.524817519545
4281,1400000.0,0.0,1400000.0,1400000.0,25313.48296759649
4282,1400000.0,0.0,1400000.0,1400000.0,25313.441117811784
4283,1400000.0,0.0,1400000.0,1400000.0,25313.399268165438
4284,1190306.50141404,0.0,1190306.50141404,1190306.50141404,21875.607494983065
4285,1400000.0,0.0,1400000.0,1400000.0,25313.31625665985
4286,1400000.0,0.0,1400000.0,1400000.0,25313.27440742627
4287,1400000.0,0.0,1400000.0,1400000.0,25313.232558331045
4288,1400000.0,0.0,1400000.0,1400000.0,25313.19070937416
4289,1400000.0,0.0,1400000.0,1400000.0,25313.148860555622
4290,1017189.9360622711,0.0,1017189.9360622711,1017189.9360622711,18971.229001342836
4291,644553.734886587,0.0,644553.734886587,644553.734886587,12480.953093809883
4292,747411.2870085047,0.0,747411.2870085047,747411.2870085047,14308.489401021036
4293,739371.1474803147,0.0,739371.1474803147,739371.1474803147,14166.671826144353
4294,788175.3350383079,0.0,788175.3350383079,788175.3350383079,15024.680278552256
4295,791923.4791957171,0.0,791923.4791957171,791923.4791957171,15090.290973540878
4296,773132.4192315657,0.0,773132.4192315657,773132.4192315657,14760.83618904799
4297,761804.5041599349,0.0,761804.5041599349,761804.5041599349,14561.769080204844
4298,690589.279291427,0.0,690589.279291427,690589.279291427,13302.444804474997
4299,708085.6949542414,0.0,708085.6949542414,708085.6949542414,13613.110055825471
4300,659751.1071177638,0.0,659751.1071177638,659751.1071177638,12752.684228980834
4301,718635.6850161146,0.0,718635.6850161146,718635.6850161146,13799.98933411686
4302,440762.14838534174,0.0,440762.14838534174,440762.14838534174,8764.115420214333
4303,918654.5501193749,0.0,918654.5501193749,918654.5501193749,17288.35017009901
4304,791014.4713819928,0.0,791014.4713819928,791014.4713819928,15074.154008609068
4305,707956.3849645148,0.0,707956.3849645148,707956.3849645148,13610.682244625425
4306,1400000.0,0.0,1400000.0,1400000.0,25312.475860014994
4307,1400000.0,0.0,1400000.0,1400000.0,25312.43401355959
4308,1400000.0,0.0,1400000.0,1400000.0,25312.392167242513
4309,1400000.0,0.0,1400000.0,1400000.0,25312.350321063772
4310,1131937.9496523424,0.0,1131937.9496523424,1131937.9496523424,20902.593674809348
4311,689217.878393516,0.0,689217.878393516,689217.878393516,13277.76387680974
4312,1341917.0365302349,0.0,1341917.0365302349,1341917.0365302349,24368.24418631153
4313,1209955.2091378034,0.0,1209955.2091378034,1209955.2091378034,22200.26396720221
4314,853565.6181072509,0.0,853565.6181072509,853565.6181072509,16164.03512833487
4315,607723.3880942673,0.0,607723.3880942673,607723.3880942673,11818.630359754214
4316,783383.9017313283,0.0,783383.9017313283,783383.9017313283,14940.17224661605
4317,787252.9352553982,0.0,787252.9352553982,787252.9352553982,15007.945721839522
4318,762957.7687290387,0.0,762957.7687290387,762957.7687290387,14581.53562770105
4319,781538.961434895,0.0,781538.961434895,781538.961434895,14907.7550733728
4320,596595.7401233119,0.0,596595.7401233119,596595.7401233119,11617.76878808616
4321,694423.4983176467,0.0,694423.4983176467,694423.4983176467,13370.0854295874
4322,783328.2754037704,0.0,783328.2754037704,783328.2754037704,14939.049900440137
4323,781495.4247717641,0.0,781495.4247717641,781495.4247717641,14906.89395257872
4324,774115.6948526266,0.0,774115.6948526266,774115.6948526266,14777.40765027035
4325,775435.7066267005,0.0,775435.7066267005,775435.7066267005,14800.550560636968
4326,1034532.0081207231,0.0,1034532.0081207231,1034532.0081207231,19263.934503831162
4327,1288545.3302805484,0.0,1288545.3302805484,1288545.3302805484,23494.845027899184
4328,1164059.8296047535,0.0,1164059.8296047535,1164059.8296047535,21437.80459001594
4329,1335329.799308764,0.0,1335329.799308764,1335329.799308764,24260.14672386768
4330,1400000.0,0.0,1400000.0,1400000.0,25311.506852554165
4331,1400000.0,0.0,1400000.0,1400000.0,25311.465009301977
4332,1400000.0,0.0,1400000.0,1400000.0,25311.4231661881
4333,1400000.0,0.0,1400000.0,1400000.0,25311.381323212543
4334,1400000.0,0.0,1400000.0,1400000.0,25311.339480375296
4335,1400000.0,0.0,1400000.0,1400000.0,25311.29763767637
4336,1400000.0,0.0,1400000.0,1400000.0,25311.25579511576
4337,1395524.325244797,0.0,1395524.325244797,1395524.325244797,25238.690254110043
4338,597833.6862892316,0.0,597833.6862892316,597833.6862892316,11639.757546456174
4339,454837.2618290468,0.0,454837.2618290468,454837.2618290468,9024.765764993408
4340,644662.4799063579,0.0,644662.4799063579,644662.4799063579,12481.859537528431
4341,775762.4731607297,0.0,775762.4731607297,775762.4731607297,14805.880242986661
4342,612840.4925449068,0.0,612840.4925449068,612840.4925449068,11910.274322170186
4343,384365.6212238698,0.0,384365.6212238698,384365.6212238698,7709.202891485484
4344,305909.69165750575,0.0,305909.69165750575,305909.69165750575,6220.285212519564
4345,463320.83596744883,0.0,463320.83596744883,463320.83596744883,9181.770343520457
4346,521276.28330450086,0.0,521276.28330450086,521276.28330450086,10248.129962266
4347,582680.9693631211,0.0,582680.9693631211,582680.9693631211,11365.65883825173
4348,740734.4417577572,0.0,740734.4417577572,740734.4417577572,14189.419418751246
4349,878702.9356740187,0.0,878702.9356740187,878702.9356740187,16598.39218645071
4350,1201226.8961586005,0.0,1201226.8961586005,1201226.8961586005,22054.37558406577
4351,1351903.6460083448,0.0,1351903.6460083448,1351903.6460083448,24529.463695749026
4352,1115988.3265514548,0.0,1115988.3265514548,1115988.3265514548,20634.33630226802
4353,1361682.453140486,0.0,1361682.453140486,1361682.453140486,24688.550589939317
4354,1354362.2512516056,0.0,1354362.2512516056,1354362.2512516056,24569.377122949412
4355,1400000.0,0.0,1400000.0,1400000.0,25310.501123402144
4356,1400000.0,0.0,1400000.0,1400000.0,25310.459283474433
4357,1400000.0,0.0,1400000.0,1400000.0,25310.41744368501
4358,1400000.0,0.0,1400000.0,1400000.0,25310.375604033892
4359,1400000.0,0.0,1400000.0,1400000.0,25310.333764521078
4360,1303966.1780685456,0.0,1303966.1780685456,1303966.1780685456,23746.310915790888
4361,1076964.0429061477,0.0,1076964.0429061477,1076964.0429061477,19978.889245672217
4362,613817.0053061912,0.0,613817.0053061912,613817.0053061912,11927.449343754273
4363,402654.15270365524,0.0,402654.15270365524,402654.15270365524,8052.180333649424
4364,505471.9329051682,0.0,505471.9329051682,505471.9329051682,9958.169920716246
4365,478894.48299499927,0.0,478894.48299499927,478894.48299499927,9469.148680681912
4366,295329.26751862705,0.0,295329.26751862705,295329.26751862705,6017.054946683719
4367,527414.7764980942,0.0,527414.7764980942,527414.7764980942,10360.026735855681
4368,273263.71030689596,0.0,273263.71030689596,273263.71030689596,5591.846371897054
4369,146249.83236243125,0.0,146249.83236243125,146249.83236243125,3034.966935513872
4370,156431.3991652492,0.0,156431.3991652492,156431.3991652492,3211.440775460429
4371,58325.845412106166,0.0,58325.845412106166,58325.845412106166,1212.7601075399411
4372,23130.308850216345,0.0,23130.308850216345,23130.308850216345,477.09894659633494
4373,95898.8337509456,0.0,95898.8337509456,95898.8337509456,1726.1256351202
4374,484998.10472458455,0.0,484998.10472458455,484998.10472458455,8638.712271104081
4375,915077.778713359,0.0,915077.778713359,915077.778713359,17223.651561914758
4376,696263.5406712334,0.0,696263.5406712334,696263.5406712334,13400.620159985527
4377,1085607.212067445,0.0,1085607.212067445,1085607.212067445,20122.436988331327
4378,1123371.4839129255,0.0,1123371.4839129255,1123371.4839129255,20755.690114066732
4379,1135814.75862463,0.0,1135814.75862463,1135814.75862463,20963.66555504606
4380,1187344.2809547025,0.0,1187344.2809547025,1187344.2809547025,21821.636548648825
4381,1116424.4237239426,0.0,1116424.4237239426,1116424.4237239426,20639.31510720246
4382,1048703.7082558523,0.0,1048703.7082558523,1048703.7082558523,19500.471127372813
4383,1218874.1750463122,0.0,1218874.1750463122,1218874.1750463122,22343.880346430968
4384,644321.6344243074,0.0,644321.6344243074,644321.6344243074,12473.96885348592
4385,738988.4036477206,0.0,738988.4036477206,738988.4036477206,14156.767820293902
4386,207726.8570263923,0.0,207726.8570263923,207726.8570263923,4302.524892164014
4387,239434.0478724,0.0,239434.0478724,239434.0478724,4896.920277500685
4388,230826.72472295904,0.0,230826.72472295904,230826.72472295904,4765.920931096789
4389,672217.0108907092,0.0,672217.0108907092,672217.0108907092,12972.346611878676
4390,772557.6073258495,0.0,772557.6073258495,772557.6073258495,14747.383196946363
4391,617154.2473535393,0.0,617154.2473535393,617154.2473535393,11986.073241721431
4392,273759.53024652274,0.0,273759.53024652274,273759.53024652274,5600.767956143831
4393,150684.7532931204,0.0,150684.7532931204,150684.7532931204,3121.9332238582983
4394,55533.01679401244,0.0,55533.01679401244,55533.01679401244,1146.92412173937
4395,4523.980803224124,0.0,4523.980803224124,4523.980803224124,-0.0
4396,0.0,0.0,0.0,0.0,-0.0
4397,95758.4295010489,0.0,95758.4295010489,95758.4295010489,1650.0518026449317
4398,508021.582278955,0.0,508021.582278955,508021.582278955,9019.282033724816
4399,932997.0997462322,0.0,932997.0997462322,932997.0997462322,17529.47356267451
4400,1065384.7125500196,0.0,1065384.7125500196,1065384.7125500196,19779.943862597618
4401,1115973.7216286787,0.0,1115973.7216286787,1115973.7216286787,20629.668515807054
4402,1121009.9607445255,0.0,1121009.9607445255,1121009.9607445255,20713.932236993984
4403,1120273.3253605736,0.0,1120273.3253605736,1120273.3253605736,20701.571365818643
4404,876607.7153352275,0.0,876607.7153352275,876607.7153352275,16558.373498876867
4405,811042.4793044301,0.0,811042.4793044301,811042.4793044301,15419.554717909195
4406,569555.8312824912,0.0,569555.8312824912,569555.8312824912,11125.09051537354
4407,433158.55907644564,0.0,433158.55907644564,433158.55907644564,8619.845946115447
4408,512217.8445983124,0.0,512217.8445983124,512217.8445983124,10079.691709537718
4409,275137.58838092233,0.0,275137.58838092233,275137.58838092233,5626.803308796162
4410,184301.08129505804,0.0,184301.08129505804,184301.08129505804,3821.7342038205215
4411,79931.97563536579,0.0,79931.97563536579,79931.97563536579,1658.5613192051178
4412,74379.74533974032,0.0,74379.74533974032,74379.74533974032,1538.8298921771914
4413,235195.03860475216,0.0,235195.03860475216,235195.03860475216,4300.074506944976
4414,365529.9997632123,0.0,365529.9997632123,365529.9997632123,7351.853443271206
4415,372529.39310138556,0.0,372529.39310138556,372529.39310138556,7483.885477966936
4416,370429.57509993337,0.0,370429.57509993337,370429.57509993337,7444.28175990652
4417,492583.1531048782,0.0,492583.1531048782,492583.1531048782,9718.562436197162
4418,377865.7631431864,0.0,377865.7631431864,377865.7631431864,7584.379726945939
4419,384284.7037082152,0.0,384284.7037082152,384284.7037082152,7705.135650315641
4420,566605.7080098415,0.0,566605.7080098415,566605.7080098415,11070.761271647443
4421,421110.2117394688,0.0,421110.2117394688,421110.2117394688,8394.734261299212
4422,658958.6684613985,0.0,658958.6684613985,658958.6684613985,12733.478776952887
4423,1043669.9600640638,0.0,1043669.9600640638,1043669.9600640638,19411.877677482044
4424,1067895.3979809883,0.0,1067895.3979809883,1067895.3979809883,19820.558319372936
4425,1143465.3697589952,0.0,1143465.3697589952,1143465.3697589952,21087.40288555852
4426,1145943.065019521,0.0,1145943.065019521,1145943.065019521,21128.702050926742
4427,1130080.8048000177,0.0,1130080.8048000177,1130080.8048000177,20863.826594622373
4428,1130751.234574953,0.0,1130751.234574953,1130751.234574953,20874.99634993231
4429,1115506.693093852,0.0,1115506.693093852,1115506.693093852,20619.963370750727
4430,1323176.2386581104,0.0,1323176.2386581104,1323176.2386581104,24053.552481832536
4431,1195950.8686022428,0.0,1195950.8686022428,1195950.8686022428,21960.09405510494
4432,1104712.2700914335,0.0,1104712.2700914335,1104712.2700914335,20439.005636641985
4433,661987.8569436846,0.0,661987.8569436846,661987.8569436846,12787.342790791075
4434,108799.31755591863,0.0,108799.31755591863,108799.31755591863,2257.17409630645
4435,4942.859945944556,0.0,4942.859945944556,4942.859945944556,-0.0
4436,162037.56771345314,0.0,162037.56771345314,162037.56771345314,2795.12404760633
4437,105462.46790748379,0.0,105462.46790748379,105462.46790748379,2180.9075882735547
4438,227405.92371134984,0.0,227405.92371134984,227405.92371134984,4271.151409600439
4439,347953.71274359216,0.0,347953.71274359216,347953.71274359216,7018.354809973636
4440,428723.72882985586,0.0,428723.72882985586,428723.72882985586,8535.5459895403
4441,631494.0149960264,0.0,631494.0149960264,631494.0149960264,12240.151055758344
4442,687210.7582148896,0.0,687210.7582148896,687210.7582148896,13235.411260306297
4443,766532.9106128573,0.0,766532.9106128573,766532.9106128573,14637.235675947404
4444,730775.736713443,0.0,730775.736713443,730775.736713443,14007.418004230096
4445,710443.8108382412,0.0,710443.8108382412,710443.8108382412,13647.734207539386
4446,806994.1184277323,0.0,806994.1184277323,806994.1184277323,15345.710101942177
4447,1175976.7394574648,0.0,1175976.7394574648,1175976.7394574648,21626.09876557516
4448,1124108.1432725163,0.0,1124108.1432725163,1124108.1432725163,20761.426889264974
4449,1236952.268910756,0.0,1236952.268910756,1236952.268910756,22635.52463173361
4450,1386018.1232181487,0.0,1386018.1232181487,1386018.1232181487,25073.436157187898
4451,1400000.0,0.0,1400000.0,1400000.0,25299.985135557952
4452,1400000.0,0.0,1400000.0,1400000.0,25299.943330375427
4453,1400000.0,0.0,1400000.0,1400000.0,25299.901525331014
4454,1400000.0,0.0,1400000.0,1400000.0,25299.85972042475
4455,1400000.0,0.0,1400000.0,1400000.0,25299.817915656597
4456,1330401.8584674562,0.0,1330401.8584674562,1330401.8584674562,24168.412872462046
4457,866129.1656753547,0.0,866129.1656753547,866129.1656753547,16373.394855088985
4458,642255.8403994789,0.0,642255.8403994789,642255.8403994789,12432.734688449422
4459,790803.8116354604,0.0,790803.8116354604,790803.8116354604,15062.368216431205
4460,787068.2263697927,0.0,787068.2263697927,787068.2263697927,14996.94985251539
4461,790317.1058721169,0.0,790317.1058721169,790317.1058721169,15053.800500220346
4462,792617.4228895443,0.0,792617.4228895443,792617.4228895443,15094.028627815273
4463,792739.4058775078,0.0,792739.4058775078,792739.4058775078,15096.13787772747
4464,790839.9782741778,0.0,790839.9782741778,790839.9782741778,15062.876774297001
4465,772143.6633761346,0.0,772143.6633761346,772143.6633761346,14735.199548235903
4466,748361.1012983174,0.0,748361.1012983174,748361.1012983174,14317.047644621542
4467,762651.0909674776,0.0,762651.0909674776,762651.0909674776,14568.440900817954
4468,742774.4597140898,0.0,742774.4597140898,742774.4597140898,14218.560125900236
4469,761677.6525596655,0.0,761677.6525596655,761677.6525596655,14551.28364850574
4470,926082.1189718728,0.0,926082.1189718728,926082.1189718728,17406.391226249303
4471,1162248.3005384875,0.0,1162248.3005384875,1162248.3005384875,21396.95005868142
4472,1140704.6556995488,0.0,1140704.6556995488,1140704.6556995488,21037.866301981376
4473,1267985.4696549298,0.0,1267985.4696549298,1267985.4696549298,23145.608772166015
4474,1322672.4930632513,0.0,1322672.4930632513,1322672.4930632513,24041.537537432854
4475,1308574.8160974951,0.0,1308574.8160974951,1308574.8160974951,23811.06412112943
4476,1293337.629082184,0.0,1293337.629082184,1293337.629082184,23561.549251334283
4477,1273125.7115603685,0.0,1273125.7115603685,1273125.7115603685,23229.910682199683
4478,1239786.6545699826,0.0,1239786.6545699826,1239786.6545699826,22681.20328860757
4479,1197344.179553463,0.0,1197344.179553463,1197344.179553463,21979.54815292869
4480,1011738.6724385547,0.0,1011738.6724385547,1011738.6724385547,18867.721473390735
4481,785509.5355981583,0.0,785509.5355981583,785509.5355981583,14969.124038480888
4482,424196.6996105854,0.0,424196.6996105854,424196.6996105854,8450.575709228038
4483,599623.148591576,0.0,599623.148591576,599623.148591576,11665.859067459416
4484,655713.5662117712,0.0,655713.5662117712,655713.5662117712,12672.971030977787
4485,704324.096012804,0.0,704324.096012804,704324.096012804,13538.335023909722
4486,773844.7040593937,0.0,773844.7040593937,773844.7040593937,14764.527872501163
4487,789345.86445976,0.0,789345.86445976,789345.86445976,15036.147373653035
4488,791201.4997241248,0.0,791201.4997241248,791201.4997241248,15068.598593680137
4489,792423.9194688393,0.0,792423.9194688393,792423.9194688393,15089.962714282643
4490,792062.0581761557,0.0,792062.0581761557,792062.0581761557,15083.606625901257
4491,792739.4058775078,0.0,792739.4058775078,792739.4058775078,15095.432375711001
4492,790859.2382302586,0.0,790859.2382302586,790859.2382302586,15062.509732310082
4493,878638.0177694638,0.0,878638.0177694638,878638.0177694638,16588.736687585682
4494,1017371.8046035198,0.0,1017371.8046035198,1017371.8046035198,18962.82990371545
4495,744440.8613569532,0.0,744440.8613569532,744440.8613569532,14247.285432097642
4496,776717.1490379858,0.0,776717.1490379858,776717.1490379858,14814.667079885918
4497,1071079.6208866455,0.0,1071079.6208866455,1071079.6208866455,19870.05051212277
4498,891889.4922410735,0.0,891889.4922410735,891889.4922410735,16817.337463210897
4499,1114987.7796696394,0.0,1114987.7796696394,1114987.7796696394,20607.106097967397
4500,1400000.0,0.0,1400000.0,1400000.0,25298.0152136564
4501,832484.9045342464,0.0,832484.9045342464,832484.9045342464,15788.469121646778
4502,1007502.1884379829,0.0,1007502.1884379829,1007502.1884379829,18795.15441090284
4503,717298.6328446044,0.0,717298.6328446044,717298.6328446044,13767.768753373157
4504,961354.7898462308,0.0,961354.7898462308,961354.7898462308,18009.330563954725
4505,707199.1888997528,0.0,707199.1888997528,707199.1888997528,13588.852255354037
4506,383945.44647386903,0.0,383945.44647386903,383945.44647386903,7696.834918135818
4507,292720.51142507856,0.0,292720.51142507856,292720.51142507856,5963.633455633485
4508,691893.7844362544,0.0,691893.7844362544,691893.7844362544,13317.172689576979
4509,786251.6384401215,0.0,786251.6384401215,786251.6384401215,14981.428575756345
4510,775977.1838654793,0.0,775977.1838654793,775977.1838654793,14801.346637733533
4511,791367.6537590928,0.0,791367.6537590928,791367.6537590928,15070.932582512667
4512,789080.0989488944,0.0,789080.0989488944,789080.0989488944,15030.873634075642
4513,792667.4279042929,0.0,792667.4279042929,792667.4279042929,15093.623792614973
4514,792739.4058775078,0.0,792739.4058775078,792739.4058775078,15094.858070615574
4515,535650.9085052614,0.0,535650.9085052614,535650.9085052614,10504.78098080596
4516,25717.10707359187,0.0,25717.10707359187,25717.10707359187,527.1344755712094
4517,225585.46384130057,0.0,225585.46384130057,225585.46384130057,3954.8704088794057
4518,453746.7278143492,0.0,453746.7278143492,453746.7278143492,8998.52009803758
4519,831190.3942135004,0.0,831190.3942135004,831190.3942135004,15764.44354687008
4520,1090861.3536468644,0.0,1090861.3536468644,1090861.3536468644,20200.59793820784
4521,1081697.0290437725,0.0,1081697.0290437725,1081697.0290437725,20046.598475155362
4522,1104164.2829879448,0.0,1104164.2829879448,1104164.2829879448,20423.709538953593
4523,1103888.0674272082,0.0,1103888.0674272082,1103888.0674272082,20419.045663395642
4524,1119483.9740312598,0.0,1119483.9740312598,1119483.9740312598,20680.19051349529
4525,1121311.2785117726,0.0,1121311.2785117726,1121311.2785117726,20710.72402193149
4526,1088001.3120362484,0.0,1088001.3120362484,1088001.3120362484,20152.36677144034
4527,1035493.377090569,0.0,1035493.377090569,1035493.377090569,19267.39182719961
4528,1386132.6267070633,0.0,1386132.6267070633,1386132.6267070633,25070.60518045797
4529,624584.8836107441,0.0,624584.8836107441,624584.8836107441,12113.459134790282
4530,276277.15097121254,0.0,276277.15097121254,276277.15097121254,5646.329623890791
4531,363041.30111111247,0.0,363041.30111111247,363041.30111111247,7302.12819304175
4532,679790.4526237405,0.0,679790.4526237405,679790.4526237405,13100.504119950463
4533,703353.2833217825,0.0,703353.2833217825,703353.2833217825,13519.123883810196
4534,634523.6910102811,0.0,634523.6910102811,634523.6910102811,12291.732296701024
4535,618183.9840666153,0.0,618183.9840666153,618183.9840666153,11998.307166674864
4536,382031.4135844357,0.0,382031.4135844357,382031.4135844357,7659.902515481272
4537,212685.27491275655,0.0,212685.27491275655,212685.27491275655,4407.164802814761
4538,123364.2860401132,0.0,123364.2860401132,123364.2860401132,2552.9803154681613
4539,130785.06313799013,0.0,130785.06313799013,130785.06313799013,2674.3526987578653
4540,141044.33446175265,0.0,141044.33446175265,141044.33446175265,2886.0391457204987
4541,286573.2048392345,0.0,286573.2048392345,286573.2048392345,5491.121337344194
4542,485032.8437403096,0.0,485032.8437403096,485032.8437403096,9575.63289483814
4543,793219.502032824,0.0,793219.502032824,793219.502032824,15101.039109439504
4544,151433.30732706288,0.0,151433.30732706288,151433.30732706288,3134.8227236767143
4545,89297.5995660038,0.0,89297.5995660038,89297.5995660038,1852.3316582748369
4546,807514.0061167032,0.0,807514.0061167032,807514.0061167032,13840.662418123564
4547,1400000.0,0.0,1400000.0,1400000.0,25292.7567893524
4548,1363758.5595254935,0.0,1363758.5595254935,1363758.5595254935,24704.81878243987
4549,1400000.0,0.0,1400000.0,1400000.0,25292.67334202157
4550,1400000.0,0.0,1400000.0,1400000.0,25292.631560982536
4551,1400000.0,0.0,1400000.0,1400000.0,25292.58978008151
4552,1400000.0,0.0,1400000.0,1400000.0,25292.547999318493
4553,1400000.0,0.0,1400000.0,1400000.0,25292.50621869347
4554,191847.94589768775,0.0,191847.94589768775,191847.94589768775,3967.9623069666986
4555,292304.4049686003,0.0,292304.4049686003,292304.4049686003,5819.215467389096
4556,538817.445044457,0.0,538817.445044457,538817.445044457,10560.141014840934
4557,181039.96562779206,0.0,181039.96562779206,181039.96562779206,3745.856291482245
4558,77252.28965845681,0.0,77252.28965845681,77252.28965845681,1605.0505048576924
4559,26833.21227700966,0.0,26833.21227700966,26833.21227700966,548.6436321365031
4560,149751.3080021462,0.0,149751.3080021462,149751.3080021462,2653.610120567166
4561,213620.79280145894,0.0,213620.79280145894,213620.79280145894,4190.664206249572
4562,471991.63779800915,0.0,471991.63779800915,471991.63779800915,9333.755126775695
4563,713024.4710362385,0.0,713024.4710362385,713024.4710362385,13687.751354989136
4564,730370.6204897892,0.0,730370.6204897892,730370.6204897892,13994.403480863157
4565,829360.3747243464,0.0,829360.3747243464,829360.3747243464,15729.069488095483
4566,1252764.8505433225,0.0,1252764.8505433225,1252764.8505433225,22887.098017107703
4567,1400000.0,0.0,1400000.0,1400000.0,25290.16937463573
4568,1400000.0,0.0,1400000.0,1400000.0,25290.12760186351
4569,1400000.0,0.0,1400000.0,1400000.0,25290.085829229254
4570,1400000.0,0.0,1400000.0,1400000.0,25290.04405673297
4571,1400000.0,0.0,1400000.0,1400000.0,25290.00228437465
4572,1400000.0,0.0,1400000.0,1400000.0,25289.9605121543
4573,1400000.0,0.0,1400000.0,1400000.0,25289.91874007191
4574,1400000.0,0.0,1400000.0,1400000.0,25289.876968127486
4575,1284499.9931293305,0.0,1284499.9931293305,1284499.9931293305,23408.11888723598
4576,1169412.044021807,0.0,1169412.044021807,1169412.044021807,21508.002988047876
4577,953205.2709634061,0.0,953205.2709634061,953205.2709634061,17864.120210200548
4578,263618.84819919587,0.0,263618.84819919587,263618.84819919587,5400.251616875519
4579,455607.8053591811,0.0,455607.8053591811,455607.8053591811,9030.625775752595
4580,496127.8121619905,0.0,496127.8121619905,496127.8121619905,9777.868808634232
4581,369170.8868288706,0.0,369170.8868288706,369170.8868288706,7415.97495600283
4582,147534.4001051423,0.0,147534.4001051423,147534.4001051423,3057.634138310642
4583,155331.33954296657,0.0,155331.33954296657,155331.33954296657,3187.179844148201
4584,152698.2668986481,0.0,152698.2668986481,152698.2668986481,3159.119145267349
4585,48758.95271920058,0.0,48758.95271920058,48758.95271920058,1013.2277759189028
4586,51316.88680652873,0.0,51316.88680652873,51316.88680652873,1063.607468918054
4587,58266.23176495516,0.0,58266.23176495516,58266.23176495516,1177.1230862438601
4588,70327.77736830551,0.0,70327.77736830551,70327.77736830551,1423.766775751592
4589,143090.00100401067,0.0,143090.00100401067,143090.00100401067,2713.906758886995
4590,488802.01921017974,0.0,488802.01921017974,488802.01921017974,9059.56020836569
4591,935831.774012012,0.0,935831.774012012,935831.774012012,17565.457223167592
4592,1040603.3731115834,0.0,1040603.3731115834,1040603.3731115834,19347.89484089106
4593,1099103.5378399827,0.0,1099103.5378399827,1099103.5378399827,20332.49951781104
4594,1110706.280056569,0.0,1110706.280056569,1110706.280056569,20526.88436287372
4595,1119446.2445452546,0.0,1119446.2445452546,1119446.2445452546,20673.11198599421
4596,1123099.2926746001,0.0,1123099.2926746001,1123099.2926746001,20734.163326553844
4597,1117119.7628123579,0.0,1117119.7628123579,1117119.7628123579,20634.126283033045
4598,1097128.4918562663,0.0,1097128.4918562663,1097128.4918562663,20299.20890574341
4599,1040183.8507474579,0.0,1040183.8507474579,1040183.8507474579,19340.58211581613
4600,919643.2735193284,0.0,919643.2735193284,919643.2735193284,17287.520530441645
4601,663123.3445895378,0.0,663123.3445895378,663123.3445895378,12799.290105235537
4602,136058.97987579348,0.0,136058.97987579348,136058.97987579348,2821.8908295399438
4603,75125.06892576229,0.0,75125.06892576229,75125.06892576229,1552.5684733167825
4604,145890.707459485,0.0,145890.707459485,145890.707459485,2756.4185856612094
4605,127600.42000365564,0.0,127600.42000365564,127600.42000365564,2645.5602776836154
4606,155491.39079724398,0.0,155491.39079724398,155491.39079724398,3122.85651196454
4607,195719.5940442611,0.0,195719.5940442611,195719.5940442611,3917.9932959673997
4608,105449.55310137897,0.0,105449.55310137897,105449.55310137897,2179.553757479796
4609,166119.8550516071,0.0,166119.8550516071,166119.8550516071,3206.1072890479686
4610,249121.6216504063,0.0,249121.6216504063,249121.6216504063,4924.538821562411
4611,212660.41211062248,0.0,212660.41211062248,212660.41211062248,4404.68685944021
4612,238907.97009364923,0.0,238907.97009364923,238907.97009364923,4918.904617881595
4613,354552.255560152,0.0,354552.255560152,354552.255560152,7138.441457188286
4614,697349.4478482936,0.0,697349.4478482936,697349.4478482936,13406.855326730192
4615,1096872.391763681,0.0,1096872.391763681,1096872.391763681,20292.662283927235
4616,1146991.733115875,0.0,1146991.733115875,1146991.733115875,21130.564455491218
4617,1175367.285569927,0.0,1175367.285569927,1175367.285569927,21602.632246089353
4618,1278417.777815851,0.0,1278417.777815851,1278417.777815851,23303.631830086506
4619,1306931.2113541106,0.0,1306931.2113541106,1306931.2113541106,23770.646574646995
4620,1299180.8537098756,0.0,1299180.8537098756,1299180.8537098756,23643.806769812094
4621,1286449.8530341778,0.0,1286449.8530341778,1286449.8530341778,23435.23690353636
4622,1280809.3559728041,0.0,1280809.3559728041,1280809.3559728041,23342.71072372374
4623,1254453.0992480363,0.0,1254453.0992480363,1254453.0992480363,22909.70644479547
4624,1131382.5651823357,0.0,1131382.5651823357,1131382.5651823357,20869.881189353324
4625,866606.1749067535,0.0,866606.1749067535,866606.1749067535,16371.316818916815
4626,332985.81659342616,0.0,332985.81659342616,332985.81659342616,6729.3625356499515
4627,323398.46267943917,0.0,323398.46267943917,323398.46267943917,6546.889543436964
4628,355797.07325567683,0.0,355797.07325567683,355797.07325567683,7161.790670945871
4629,412129.5156217422,0.0,412129.5156217422,412129.5156217422,8220.197317499995
4630,503829.2653140131,0.0,503829.2653140131,503829.2653140131,9916.957152899406
4631,629137.6990846492,0.0,629137.6990846492,629137.6990846492,12189.508816707765
4632,604579.3144578136,0.0,604579.3144578136,604579.3144578136,11747.98873680365
4633,581783.0124454582,0.0,581783.0124454582,581783.0124454582,11336.499091886566
4634,609223.8733811496,0.0,609223.8733811496,609223.8733811496,11831.5876194958
4635,590203.576827525,0.0,590203.576827525,590203.576827525,11488.638532046614
4636,386609.32573417976,0.0,386609.32573417976,386609.32573417976,7742.23027813701
4637,462136.6980164306,0.0,462136.6980164306,462136.6980164306,9149.180352277015
4638,600793.3637528118,0.0,600793.3637528118,600793.3637528118,11679.64901246751
4639,683107.787789476,0.0,683107.787789476,683107.787789476,13153.321619807917
4640,292391.5183358795,0.0,292391.5183358795,292391.5183358795,5953.62720460789
4641,450622.43438400567,0.0,450622.43438400567,450622.43438400567,8936.022265917805
4642,888319.2763262836,0.0,888319.2763262836,888319.2763262836,16745.88794084068
4643,1030804.9951997546,0.0,1030804.9951997546,1030804.9951997546,19179.05380826026
4644,959642.9454239483,0.0,959642.9454239483,959642.9454239483,17969.69295555173
4645,1093480.2377662233,0.0,1093480.2377662233,1093480.2377662233,20234.789027420473
4646,1215443.166483535,0.0,1215443.166483535,1215443.166483535,22265.615263429772
4647,1254847.4781360154,0.0,1254847.4781360154,1254847.4781360154,22915.33850687961
4648,1203801.6344857765,0.0,1203801.6344857765,1203801.6344857765,22072.995651078298
4649,1012221.6480117945,0.0,1012221.6480117945,1012221.6480117945,18864.16158552138
4650,319055.56335902243,0.0,319055.56335902243,319055.56335902243,6463.837520333564
4651,455803.89142993797,0.0,455803.89142993797,455803.89142993797,9031.819489824089
4652,509834.2196136861,0.0,509834.2196136861,509834.2196136861,10026.654414203314
4653,763207.7235274161,0.0,763207.7235274161,763207.7235274161,14568.50661920054
4654,780976.8998401414,0.0,780976.8998401414,780976.8998401414,14880.136887112
4655,720934.6077135304,0.0,720934.6077135304,720934.6077135304,13823.628014839987
4656,576190.9355144036,0.0,576190.9355144036,576190.9355144036,11234.883142744073
4657,524520.3232125348,0.0,524520.3232125348,524520.3232125348,10295.237691858882
4658,634941.87063651,0.0,634941.87063651,634941.87063651,12293.038441372812
4659,759468.8884099517,0.0,759468.8884099517,759468.8884099517,14502.682173958872
4660,710334.8112408061,0.0,710334.8112408061,710334.8112408061,13635.988248746236
4661,701168.448075067,0.0,701168.448075067,701168.448075067,13473.547323063009
4662,954719.1161736753,0.0,954719.1161736753,954719.1161736753,17885.067876927824
4663,1073596.3765266018,0.0,1073596.3765266018,1073596.3765266018,19900.18177775386
4664,1114575.3242111201,0.0,1114575.3242111201,1114575.3242111201,20587.625073947274
4665,1154044.5512684532,0.0,1154044.5512684532,1154044.5512684532,21246.404246462847
4666,1251467.9150117782,0.0,1251467.9150117782,1251467.9150117782,22859.042473889283
4667,1249015.225214961,0.0,1249015.225214961,1249015.225214961,22818.634043380018
4668,1255409.85694548,0.0,1255409.85694548,1255409.85694548,22923.826039991378
4669,1265209.855151673,0.0,1265209.855151673,1265209.855151673,23084.903643508693
4670,1367717.5016305826,0.0,1367717.5016305826,1367717.5016305826,24759.332870176946
4671,1215171.6891715724,0.0,1215171.6891715724,1215171.6891715724,22260.236124006507
4672,1280860.8932613062,0.0,1280860.8932613062,1280860.8932613062,23341.716445370075
4673,941359.4663229175,0.0,941359.4663229175,941359.4663229175,17656.265790056896
4674,279921.75610717345,0.0,279921.75610717345,279921.75610717345,5713.384513626478
4675,176203.0886360151,0.0,176203.0886360151,176203.0886360151,3649.1963194289137
4676,280199.8496270029,0.0,280199.8496270029,280199.8496270029,5545.855121309089
4677,156936.89965016668,0.0,156936.89965016668,156936.89965016668,3251.237738838525
4678,87933.66036772556,0.0,87933.66036772556,87933.66036772556,1824.8133428707536
4679,81696.53576922294,0.0,81696.53576922294,81696.53576922294,1692.0465286910342
4680,4735.812802749234,0.0,4735.812802749234,4735.812802749234,-0.0
4681,0.0,0.0,0.0,0.0,-0.0
4682,0.0,0.0,0.0,0.0,-0.0
4683,0.0,0.0,0.0,0.0,-0.0
4684,14407.30442941392,0.0,14407.30442941392,14407.30442941392,244.4463236297242
4685,110685.04470783871,0.0,110685.04470783871,110685.04470783871,1945.1403067258273
4686,462769.8490206828,0.0,462769.8490206828,462769.8490206828,8397.677581988126
4687,881799.6333706386,0.0,881799.6333706386,881799.6333706386,16630.914519948543
4688,1041846.9062955772,0.0,1041846.9062955772,1041846.9062955772,19362.82321029692
4689,1118864.2354806121,0.0,1118864.2354806121,1118864.2354806121,20657.002599837233
4690,1141301.7389252447,0.0,1141301.7389252447,1141301.7389252447,21031.648462098976
4691,1146686.5345802216,0.0,1146686.5345802216,1146686.5345802216,21121.378197698545
4692,1113553.394962436,0.0,1113553.394962436,1113553.394962436,20568.06192493054
4693,544727.6818546918,0.0,544727.6818546918,544727.6818546918,10662.239584485216
4694,380534.4800305945,0.0,380534.4800305945,380534.4800305945,7626.700819637927
4695,1383186.322081231,0.0,1383186.322081231,1383186.322081231,25007.54996254074
4696,946472.4007015924,0.0,946472.4007015924,946472.4007015924,17741.753342644155
4697,705025.2780539157,0.0,705025.2780539157,705025.2780539157,13540.047270490139
4698,241398.97907403397,0.0,241398.97907403397,241398.97907403397,4966.29808836128
4699,253066.4768732087,0.0,253066.4768732087,253066.4768732087,5193.246065160585
4700,243716.15180747022,0.0,243716.15180747022,243716.15180747022,5011.420368336387
4701,308977.97463655,0.0,308977.97463655,308977.97463655,6270.299161895437
4702,348385.2662964397,0.0,348385.2662964397,348385.2662964397,7020.05869804856
4703,468759.87664458406,0.0,468759.87664458406,468759.87664458406,9269.753755069192
4704,508008.06142718747,0.0,508008.06142718747,508008.06142718747,9991.509985338454
4705,501182.2901606478,0.0,501182.2901606478,501182.2901606478,9866.350592185576
4706,451420.5450515418,0.0,451420.5450515418,451420.5450515418,8949.086167861455
4707,320061.68294038944,0.0,320061.68294038944,320061.68294038944,6481.843094086411
4708,408537.45379702223,0.0,408537.45379702223,408537.45379702223,8151.320737434598
4709,427519.3814761752,0.0,427519.3814761752,427519.3814761752,8505.282657991014
4710,600313.6731847898,0.0,600313.6731847898,600313.6731847898,11668.668895653116
4711,934371.594213981,0.0,934371.594213981,934371.594213981,17534.191815359
4712,1048213.0057260979,0.0,1048213.0057260979,1048213.0057260979,19469.53280826962
4713,1084842.722719856,0.0,1084842.722719856,1084842.722719856,20086.09245056129
4714,1108034.8955049166,0.0,1108034.8955049166,1108034.8955049166,20474.967210373958
4715,1132431.8281478768,0.0,1132431.8281478768,1132431.8281478768,20882.820095263505
4716,1121013.545247101,0.0,1121013.545247101,1121013.545247101,20692.04121999156
4717,1172685.162161377,0.0,1172685.162161377,1172685.162161377,21553.043524361507
4718,1185188.257954458,0.0,1185188.257954458,1185188.257954458,21760.535848487092
4719,1109989.7672667142,0.0,1109989.7672667142,1109989.7672667142,20507.526551328974
4720,1046956.9227525551,0.0,1046956.9227525551,1046956.9227525551,19448.078885668583
4721,749073.183342107,0.0,749073.183342107,749073.183342107,14317.273764377718
4722,217227.1990426543,0.0,217227.1990426543,217227.1990426543,4493.2083630467105
4723,146758.1446285466,0.0,146758.1446285466,146758.1446285466,3040.973045910341
4724,579168.9014623142,0.0,579168.9014623142,579168.9014623142,10689.405869019
4725,112496.81987279934,0.0,112496.81987279934,112496.81987279934,2327.8001737536065
4726,40425.8573128232,0.0,40425.8573128232,40425.8573128232,838.4893990959625
4727,124641.30445963365,0.0,124641.30445963365,124641.30445963365,2290.4141055235623
4728,125324.94455188219,0.0,125324.94455188219,125324.94455188219,2566.5338413480167
4729,191541.98207745797,0.0,191541.98207745797,191541.98207745797,3751.442048234925
4730,173543.82601674972,0.0,173543.82601674972,173543.82601674972,3595.984463312285
4731,106722.41586530521,0.0,106722.41586530521,106722.41586530521,2214.0885406356865
4732,93123.97180640265,0.0,93123.97180640265,93123.97180640265,1926.4724801753707
4733,133731.99331215676,0.0,133731.99331215676,133731.99331215676,2623.454194637505
4734,465415.2754312421,0.0,465415.2754312421,465415.2754312421,8580.2746243626
4735,852632.2200979948,0.0,852632.2200979948,852632.2200979948,16123.433605505581
4736,991358.5966646839,0.0,991358.5966646839,991358.5966646839,18503.909542098714
4737,1045512.4878069084,0.0,1045512.4878069084,1045512.4878069084,19421.06155936027
4738,1070688.727799001,0.0,1070688.727799001,1070688.727799001,19845.226154872988
4739,1067307.9820887353,0.0,1067307.9820887353,1067307.9820887353,19788.310966539797
4740,1092099.522137421,0.0,1092099.522137421,1092099.522137421,20204.835229001525
4741,1157857.7046571756,0.0,1157857.7046571756,1157857.7046571756,21303.412053843233
4742,1213487.8920397838,0.0,1213487.8920397838,1213487.8920397838,22225.868019721893
4743,1004476.7953616384,0.0,1004476.7953616384,1004476.7953616384,18726.47160946866
4744,914306.1261614274,0.0,914306.1261614274,914306.1261614274,17187.138841250813
4745,650036.5582297663,0.0,650036.5582297663,650036.5582297663,12558.996461032333
4746,107539.29677191556,0.0,107539.29677191556,107539.29677191556,2230.0895268721383
4747,47679.871607491354,0.0,47679.871607491354,47679.871607491354,980.2977927762761
4748,81982.92568243171,0.0,81982.92568243171,81982.92568243171,1555.933455706242
4749,154142.12632467816,0.0,154142.12632467816,154142.12632467816,2929.31398917076
4750,246953.7584596642,0.0,246953.7584596642,246953.7584596642,4843.133552007917
4751,238282.87907158476,0.0,238282.87907158476,238282.87907158476,4904.176624056669
4752,350027.01293837756,0.0,350027.01293837756,350027.01293837756,7049.257139074491
4753,435936.07486803795,0.0,435936.07486803795,435936.07486803795,8659.608363651578
4754,594067.9330313477,0.0,594067.9330313477,594067.9330313477,11553.179256017624
4755,467147.28941739636,0.0,467147.28941739636,467147.28941739636,9237.529850657405
4756,327266.38802133006,0.0,327266.38802133006,327266.38802133006,6617.325111303426
4757,328118.4134376532,0.0,328118.4134376532,328118.4134376532,6633.524075975788
4758,709107.2644895888,0.0,709107.2644895888,709107.2644895888,13608.656546955195
4759,1085524.9163443088,0.0,1085524.9163443088,1085524.9163443088,20092.769240504742
4760,1047287.8583611893,0.0,1047287.8583611893,1047287.8583611893,19449.21608985073
4761,1146857.3872866658,0.0,1146857.3872866658,1146857.3872866658,21118.418303458628
4762,1329866.9529094573,0.0,1329866.9529094573,1329866.9529094573,24134.158258984822
4763,1400000.0,0.0,1400000.0,1400000.0,25273.146112397393
4764,1280638.782244701,0.0,1280638.782244701,1280638.782244701,23329.20140514803
4765,1400000.0,0.0,1400000.0,1400000.0,25273.06306324129
4766,1400000.0,0.0,1400000.0,1400000.0,25273.021346919042
4767,1400000.0,0.0,1400000.0,1400000.0,25272.979630734484
4768,1400000.0,0.0,1400000.0,1400000.0,25272.93791468761
4769,1400000.0,0.0,1400000.0,1400000.0,25272.896198778428
4770,883343.3491521562,0.0,883343.3491521562,883343.3491521562,16652.4957694498
4771,784934.2522896334,0.0,784934.2522896334,784934.2522896334,14942.859340462528
4772,790054.5618861448,0.0,790054.5618861448,790054.5618861448,15032.396499809674
4773,792739.4058775078,0.0,792739.4058775078,792739.4058775078,15079.306200084486
4774,792739.4058775078,0.0,792739.4058775078,792739.4058775078,15079.281324116551
4775,792739.4058775078,0.0,792739.4058775078,792739.4058775078,15079.256448230652
4776,792739.4058775078,0.0,792739.4058775078,792739.4058775078,15079.231572426768
4777,792739.4058775078,0.0,792739.4058775078,792739.4058775078,15079.206696704918
4778,792739.4058775078,0.0,792739.4058775078,792739.4058775078,15079.181821065087
4779,792739.4058775078,0.0,792739.4058775078,792739.4058775078,15079.156945507293
4780,792739.4058775078,0.0,792739.4058775078,792739.4058775078,15079.132070031515
4781,871784.1968433505,0.0,871784.1968433505,871784.1968433505,16452.64422582413
4782,1212348.8553465197,0.0,1212348.8553465197,1212348.8553465197,22204.39850187944
4783,647855.6780314059,0.0,647855.6780314059,647855.6780314059,12518.48103500748
4784,1270311.946078964,0.0,1270311.946078964,1270311.946078964,23159.036162560642
4785,1346603.3671903145,0.0,1346603.3671903145,1346603.3671903145,24405.877347656646
4786,887546.6031430381,0.0,887546.6031430381,887546.6031430381,16724.53814256587
4787,1240732.584504109,0.0,1240732.584504109,1240732.584504109,22672.53736821462
4788,1400000.0,0.0,1400000.0,1400000.0,25272.13523540843
4789,1285818.0496647195,0.0,1285818.0496647195,1285818.0496647195,23413.1506671372
4790,1358854.167612923,0.0,1358854.167612923,1358854.167612923,24604.901431605263
4791,1400000.0,0.0,1400000.0,1400000.0,25272.010593564475
4792,1296907.7007376677,0.0,1296907.7007376677,1296907.7007376677,23594.62878696902
4793,1126566.7397947486,0.0,1126566.7397947486,1126566.7397947486,20778.858199814942
4794,711195.3146350569,0.0,711195.3146350569,711195.3146350569,13644.775699254038
4795,647510.4373863192,0.0,647510.4373863192,647510.4373863192,12512.048795251663
4796,685134.2878760621,0.0,685134.2878760621,685134.2878760621,13182.602738378398
4797,198887.35766943888,0.0,198887.35766943888,198887.35766943888,4112.289122127848
4798,302498.24264676135,0.0,302498.24264676135,302498.24264676135,6051.276464357449
4799,515135.748823933,0.0,515135.748823933,515135.748823933,10118.538138588023
4800,314330.8018285582,0.0,314330.8018285582,314330.8018285582,6370.2576331495375
4801,214530.20736078598,0.0,214530.20736078598,214530.20736078598,4438.719724653055
4802,326323.4183774001,0.0,326323.4183774001,326323.4183774001,6598.794991670374
4803,213507.428085565,0.0,213507.428085565,213507.428085565,4418.598657741657
4804,158987.3174797531,0.0,158987.3174797531,158987.3174797531,3290.0614979636757
4805,167785.92871961242,0.0,167785.92871961242,167785.92871961242,3438.6005899943184
4806,537251.8745127781,0.0,537251.8745127781,537251.8745127781,10124.551503947563
4807,979848.2037029747,0.0,979848.2037029747,979848.2037029747,18304.500572559024
4808,1040743.8866504319,0.0,1040743.8866504319,1040743.8866504319,19336.764220092697
4809,1100125.4559608346,0.0,1100125.4559608346,1100125.4559608346,20335.50541071545
4810,1116647.4685891506,0.0,1116647.4685891506,1116647.4685891506,20612.025452802485
4811,1123293.497527366,0.0,1123293.497527366,1123293.497527366,20723.074178363142
4812,1107437.5775262143,0.0,1107437.5775262143,1107437.5775262143,20457.869087985713
4813,1104430.4777290982,0.0,1104430.4777290982,1104430.4777290982,20407.4857394329
4814,1075123.917179968,0.0,1075123.917179968,1075123.917179968,19915.751214911776
4815,99504.52315029377,0.0,99504.52315029377,99504.52315029377,2061.68753113025
4816,61028.709946491304,0.0,61028.709946491304,61028.709946491304,1264.451889769452
4817,433607.8822558859,0.0,433607.8822558859,433607.8822558859,7571.843077469546
4818,106926.98752043606,0.0,106926.98752043606,106926.98752043606,2217.5468956483983
4819,25183.296454027743,0.0,25183.296454027743,25183.296454027743,516.4875534760276
4820,40222.26098753469,0.0,40222.26098753469,40222.26098753469,764.833453866513
4821,8151.005638221256,0.0,8151.005638221256,8151.005638221256,-0.0
4822,0.0,0.0,0.0,0.0,-0.0
4823,156226.65761306774,0.0,156226.65761306774,156226.65761306774,2696.032678778984
4824,185992.37435837468,0.0,185992.37435837468,185992.37435837468,3747.6836633806574
4825,132727.17224079953,0.0,132727.17224079953,132727.17224079953,2744.2978087557512
4826,161406.68492533287,0.0,161406.68492533287,161406.68492533287,3232.98308263265
4827,33059.13561102717,0.0,33059.13561102717,33059.13561102717,682.6101455553123
4828,55976.85934595106,0.0,55976.85934595106,55976.85934595106,1077.2584782926417
4829,165585.89313097368,0.0,165585.89313097368,165585.89313097368,3025.549712446727
4830,338349.1221424204,0.0,338349.1221424204,338349.1221424204,6567.708859302849
4831,691286.8083407019,0.0,691286.8083407019,691286.8083407019,13288.25149384398
4832,802164.9088178743,0.0,802164.9088178743,802164.9088178743,15239.208466018603
4833,1074115.309570576,0.0,1074115.309570576,1074115.309570576,19894.577066982158
4834,1036461.2832398532,0.0,1036461.2832398532,1036461.2832398532,19260.11462155769
4835,795928.7711920558,0.0,795928.7711920558,795928.7711920558,15130.271275521838
4836,866260.1149841902,0.0,866260.1149841902,866260.1149841902,16352.23751696117
4837,475741.4944107972,0.0,475741.4944107972,475741.4944107972,9392.64859517652
4838,731880.1102681018,0.0,731880.1102681018,731880.1102681018,14006.217060429613
4839,447262.57416903035,0.0,447262.57416903035,447262.57416903035,8866.475514100439
4840,1138151.1444565998,0.0,1138151.1444565998,1138151.1444565998,20966.315006062567
4841,348246.26907201693,0.0,348246.26907201693,348246.26907201693,7012.873180847416
4842,470411.7513690228,0.0,470411.7513690228,470411.7513690228,9294.326706202475
4843,663669.6896337885,0.0,663669.6896337885,663669.6896337885,12796.781807273006
4844,788132.4487883991,0.0,788132.4487883991,788132.4487883991,14993.814712662092
4845,772039.6507670383,0.0,772039.6507670383,772039.6507670383,14712.076023676394
4846,785822.8674681578,0.0,785822.8674681578,785822.8674681578,14953.376497905814
4847,713870.8578538107,0.0,713870.8578538107,713870.8578538107,13687.98337737293
4848,390906.8388255391,0.0,390906.8388255391,390906.8388255391,7816.229349393316
4849,243232.1728843255,0.0,243232.1728843255,243232.1728843255,4998.587884574988
4850,238263.2958296266,0.0,238263.2958296266,238263.2958296266,4901.792117171109
4851,162859.37125965848,0.0,162859.37125965848,162859.37125965848,3365.070887843113
4852,155573.0698057629,0.0,155573.0698057629,155573.0698057629,3221.962668754791
4853,300791.1774813237,0.0,300791.1774813237,300791.1774813237,5832.480704787689
4854,599463.9645799203,0.0,599463.9645799203,599463.9645799203,11645.752979950295
4855,1138328.7212090539,0.0,1138328.7212090539,1138328.7212090539,20968.394758246573
4856,1176011.6024749363,0.0,1176011.6024749363,1176011.6024749363,21595.152329396908
4857,1118764.9999593738,0.0,1118764.9999593738,1118764.9999593738,20641.763589535505
4858,1195750.7328870583,0.0,1195750.7328870583,1195750.7328870583,21922.26023229218
4859,1274378.1942234447,0.0,1274378.1942234447,1274378.1942234447,23217.869912942602
4860,1318498.0877371386,0.0,1318498.0877371386,1318498.0877371386,23939.674737093686
4861,1230738.0539410252,0.0,1230738.0539410252,1230738.0539410252,22500.16660250377
4862,1170441.8743494034,0.0,1170441.8743494034,1170441.8743494034,21502.477542447203
4863,1332138.1732563677,0.0,1332138.1732563677,1332138.1732563677,24161.988849581274
4864,914646.1699287641,0.0,914646.1699287641,914646.1699287641,17184.70416155762
4865,581726.6179397353,0.0,581726.6179397353,581726.6179397353,11325.491373668228
4866,357794.2591917741,0.0,357794.2591917741,357794.2591917741,7192.9104044643245
4867,58428.6659136005,0.0,58428.6659136005,58428.6659136005,1212.9749167316963
4868,689636.9492406487,0.0,689636.9492406487,689636.9492406487,11652.31781022558
4869,107481.83694167808,0.0,107481.83694167808,107481.83694167808,2227.8612428506053
4870,304538.0902722601,0.0,304538.0902722601,304538.0902722601,5666.443436208773
4871,310629.25095246366,0.0,310629.25095246366,310629.25095246366,6296.669824270322
4872,115310.48120749411,0.0,115310.48120749411,115310.48120749411,2391.5924591267326
4873,316115.540825656,0.0,316115.540825656,316115.540825656,5917.42473736997
4874,510560.5745593884,0.0,510560.5745593884,510560.5745593884,10029.9190394859
4875,691543.1729207068,0.0,691543.1729207068,691543.1729207068,13289.912407046084
4876,790521.4253289527,0.0,790521.4253289527,790521.4253289527,15032.639638601937
4877,862924.4276524333,0.0,862924.4276524333,862924.4276524333,16291.164588779558
4878,1229461.8452157774,0.0,1229461.8452157774,1229461.8452157774,22475.85131787432
4879,1245881.6136095808,0.0,1245881.6136095808,1245881.6136095808,22746.259552918727
4880,1141988.6720260712,0.0,1141988.6720260712,1141988.6720260712,21026.03599320391
4881,1273102.4096287761,0.0,1273102.4096287761,1273102.4096287761,23193.38500000989
4882,1195418.0142317933,0.0,1195418.0142317933,1195418.0142317933,21913.297352787275
4883,1400000.0,0.0,1400000.0,1400000.0,25259.867630947392
4884,1400000.0,0.0,1400000.0,1400000.0,25259.825958134996
4885,1316147.7319056753,0.0,1316147.7319056753,1316147.7319056753,23897.54065381584
4886,1317559.0541976977,0.0,1317559.0541976977,1317559.0541976977,23920.53482022139
4887,1306993.6131277727,0.0,1306993.6131277727,1306993.6131277727,23747.972041861885
4888,864042.0133406884,0.0,864042.0133406884,864042.0133406884,16310.181920164046
4889,850823.7460793518,0.0,850823.7460793518,850823.7460793518,16081.415000157751
4890,385292.17646281666,0.0,385292.17646281666,385292.17646281666,7709.1942256178545
4891,223007.0233982469,0.0,223007.0233982469,223007.0233982469,4602.587536502822
4892,183904.5801202781,0.0,183904.5801202781,183904.5801202781,3806.2943225652
4893,298080.50738568895,0.0,298080.50738568895,298080.50738568895,5918.918385119033
4894,210631.95778146008,0.0,210631.95778146008,210631.95778146008,4350.1451343861845
4895,157302.52536390442,0.0,157302.52536390442,157302.52536390442,3255.41081858097
4896,208932.00170930353,0.0,208932.00170930353,208932.00170930353,4145.993437185725
4897,213357.85535713748,0.0,213357.85535713748,213357.85535713748,4379.764532916621
4898,672245.6661746318,0.0,672245.6661746318,672245.6661746318,12946.102227386
4899,559365.616295884,0.0,559365.616295884,559365.616295884,10918.282365276475
4900,288002.4723371446,0.0,288002.4723371446,288002.4723371446,5862.606110456386
4901,199996.75140492746,0.0,199996.75140492746,199996.75140492746,4131.70287137518
4902,549200.7545388647,0.0,549200.7545388647,549200.7545388647,10571.512803514584
4903,924147.4763052542,0.0,924147.4763052542,924147.4763052542,17343.89274113542
4904,723736.6475482202,0.0,723736.6475482202,723736.6475482202,13858.510915313229
4905,940484.5375215298,0.0,940484.5375215298,940484.5375215298,17623.57374591613
4906,537493.6865544776,0.0,537493.6865544776,537493.6865544776,10520.608303425777
4907,1138477.3573719272,0.0,1138477.3573719272,1138477.3573719272,20965.889428278075
4908,898997.402620521,0.0,898997.402620521,898997.402620521,16911.872565357327
4909,872302.8923411703,0.0,872302.8923411703,872302.8923411703,16451.77764265037
4910,139595.07634269283,0.0,139595.07634269283,139595.07634269283,2888.293513800175
4911,184103.39882703882,0.0,184103.39882703882,184103.39882703882,3643.4275142984534
4912,138239.95159431646,0.0,138239.95159431646,138239.95159431646,2861.656158446593
4913,299455.6565046137,0.0,299455.6565046137,299455.6565046137,5714.342489315106
4914,96925.08745005242,0.0,96925.08745005242,96925.08745005242,2010.1212940370979
4915,0.0,0.0,0.0,0.0,-0.0
4916,0.0,0.0,0.0,0.0,-0.0
4917,0.0,0.0,0.0,0.0,-0.0
4918,0.0,0.0,0.0,0.0,-0.0
4919,50981.83846001359,0.0,50981.83846001359,50981.83846001359,880.0427997805957
4920,130254.33095214033,0.0,130254.33095214033,130254.33095214033,2418.754562281418
4921,215151.04640240103,0.0,215151.04640240103,215151.04640240103,4145.21184693906
4922,219280.7198307868,0.0,219280.7198307868,219280.7198307868,4528.592346150184
4923,220313.13818788336,0.0,220313.13818788336,220313.13818788336,4548.825569286615
4924,302426.45999046986,0.0,302426.45999046986,302426.45999046986,6138.122298550222
4925,359853.0977495736,0.0,359853.0977495736,359853.0977495736,7228.992898552563
4926,722919.3895354585,0.0,722919.3895354585,722919.3895354585,13842.082920028473
4927,1161005.6805972364,0.0,1161005.6805972364,1161005.6805972364,21337.98122262398
4928,1195014.3816869322,0.0,1195014.3816869322,1195014.3816869322,21901.998800388723
4929,1253588.0254924593,0.0,1253588.0254924593,1253588.0254924593,22868.061583080143
4930,1317223.4039654697,0.0,1317223.4039654697,1317223.4039654697,23910.145194670728
4931,1183580.2355464431,0.0,1183580.2355464431,1183580.2355464431,21712.508825150962
4932,1274365.5688400795,0.0,1274365.5688400795,1274365.5688400795,23209.0502775239
4933,1094099.6252280357,0.0,1094099.6252280357,1094099.6252280357,20221.185787601597
4934,1185636.352551915,0.0,1185636.352551915,1185636.352551915,21746.475543495548
4935,1261721.4200604032,0.0,1261721.4200604032,1261721.4200604032,23001.45829636382
4936,1265749.7211457489,0.0,1265749.7211457489,1265749.7211457489,23067.55376303291
4937,821074.330130423,0.0,821074.330130423,821074.330130423,15561.561457858443
4938,771300.7462859395,0.0,771300.7462859395,771300.7462859395,14692.649876518353
4939,736888.6564724987,0.0,736888.6564724987,736888.6564724987,14088.091752128537
4940,778292.8304959016,0.0,778292.8304959016,778292.8304959016,14815.049730606403
4941,698447.4293942022,0.0,698447.4293942022,698447.4293942022,13408.928462663893
4942,144771.46599557882,0.0,144771.46599557882,144771.46599557882,2999.1085323019947
4943,182639.45252405884,0.0,182639.45252405884,182639.45252405884,3648.376875015053
4944,522880.32770581444,0.0,522880.32770581444,522880.32770581444,10019.873482962608
4945,482282.1813491572,0.0,482282.1813491572,482282.1813491572,9508.270604812747
4946,661914.2426584626,0.0,661914.2426584626,661914.2426584626,12759.287691033274
4947,776872.6299632159,0.0,776872.6299632159,776872.6299632159,14789.682973194327
4948,749127.3455429113,0.0,749127.3455429113,749127.3455429113,14302.920306409465
4949,672975.7112056556,0.0,672975.7112056556,672975.7112056556,12956.195260243008
4950,583053.7815956059,0.0,583053.7815956059,583053.7815956059,11344.479125882266
4951,468026.74652406434,0.0,468026.74652406434,468026.74652406434,9245.632107478694
4952,240137.2465922922,0.0,240137.2465922922,240137.2465922922,4935.75315254044
4953,932919.2959308911,0.0,932919.2959308911,932919.2959308911,17490.50200752139
4954,666917.0786661988,0.0,666917.0786661988,666917.0786661988,12848.248640590482
4955,1192877.794272318,0.0,1192877.794272318,1192877.794272318,21865.208543692577
4956,483381.1541942242,0.0,483381.1541942242,483381.1541942242,9528.304277451054
4957,1400000.0,0.0,1400000.0,1400000.0,25252.9740582403
4958,1400000.0,0.0,1400000.0,1400000.0,25252.93240814386
4959,1400000.0,0.0,1400000.0,1400000.0,25252.89075818479
4960,1400000.0,0.0,1400000.0,1400000.0,25252.84910836308
4961,1400000.0,0.0,1400000.0,1400000.0,25252.80745867873
4962,1052052.0543289557,0.0,1052052.0543289557,1052052.0543289557,19513.276025723375
4963,720910.0151368225,0.0,720910.0151368225,720910.0151368225,13805.432254072264
4964,787019.709179079,0.0,787019.709179079,787019.709179079,14966.763783387267
4965,792739.4058775078,0.0,792739.4058775078,792739.4058775078,15066.673005017317
4966,792739.4058775078,0.0,792739.4058775078,792739.4058775078,15066.648170654327
4967,792459.451260647,0.0,792459.451260647,792459.451260647,15061.733996905376
4968,792739.4058775078,0.0,792739.4058775078,792739.4058775078,15066.59850290071
4969,790901.538879149,0.0,790901.538879149,790901.538879149,15034.472142697256
4970,787730.6929863605,0.0,787730.6929863605,787730.6929863605,14979.042471676816
4971,785635.3164217201,0.0,785635.3164217201,785635.3164217201,14942.390476500677
4972,786753.041135584,0.0,786753.041135584,786753.041135584,14961.905137610038
4973,807130.8914441979,0.0,807130.8914441979,807130.8914441979,15317.542621432032
4974,417036.40609834454,0.0,417036.40609834454,417036.40609834454,8300.14626826676
4975,530605.7900181125,0.0,530605.7900181125,530605.7900181125,10392.494994617446
4976,1149106.09433237,0.0,1149106.09433237,1149106.09433237,21137.93653118966
4977,600561.6795896197,0.0,600561.6795896197,600561.6795896197,11659.652218966688
4978,1400000.0,0.0,1400000.0,1400000.0,25252.13589614034
4979,945680.5315332646,0.0,945680.5315332646,945680.5315332646,17708.00519396398
4980,1161448.0622779622,0.0,1161448.0622779622,1161448.0622779622,21343.046117424838
4981,741199.1074810096,0.0,741199.1074810096,741199.1074810096,14162.677842424588
4982,733860.2853163603,0.0,733860.2853163603,733860.2853163603,14033.414259822324
4983,709858.0293658003,0.0,709858.0293658003,709858.0293658003,13609.673171651397
4984,500010.51512715314,0.0,500010.51512715314,500010.51512715314,9833.126619188079
4985,985620.8674748972,0.0,985620.8674748972,985620.8674748972,18388.468693269948
4986,662060.3383909309,0.0,662060.3383909309,662060.3383909309,12761.035406617686
4987,499664.24063918856,0.0,499664.24063918856,499664.24063918856,9826.729593186443
4988,452823.47584772436,0.0,452823.47584772436,452823.47584772436,8964.259366390463
4989,727065.0466632831,0.0,727065.0466632831,727065.0466632831,13913.457378204905
4990,624425.4128026976,0.0,624425.4128026976,624425.4128026976,12088.178421352508
4991,717538.1650664777,0.0,717538.1650664777,717538.1650664777,13745.245314575948
4992,775912.2728852347,0.0,775912.2728852347,775912.2728852347,14771.77145177243
4993,714648.9428746753,0.0,714648.9428746753,714648.9428746753,13694.150766652116
4994,650041.7688801126,0.0,650041.7688801126,650041.7688801126,12546.47248458232
4995,763043.2517435467,0.0,763043.2517435467,763043.2517435467,14546.173995286374
4996,527716.5857086334,0.0,527716.5857086334,527716.5857086334,10339.453039721668
4997,436544.6531003537,0.0,436544.6531003537,436544.6531003537,8662.54086745373
4998,888528.8881197296,0.0,888528.8881197296,888528.8881197296,16727.042197552382
4999,1292836.9465278503,0.0,1292836.9465278503,1292836.9465278503,23508.608035000925
5000,631753.176407302,0.0,631753.176407302,631753.176407302,12219.295694412274
5001,560964.9583233367,0.0,560964.9583233367,560964.9583233367,10943.860245191916
5002,893554.2235615788,0.0,893554.2235615788,893554.2235615788,16813.453875212937
5003,906479.6693897322,0.0,906479.6693897322,906479.6693897322,17035.68331293622
5004,857278.6633611566,0.0,857278.6633611566,857278.6633611566,16187.460518029095
5005,657281.1666655977,0.0,657281.1666655977,657281.1666655977,12675.431670028554
5006,1356408.725365631,0.0,1356408.725365631,1356408.725365631,24544.65931355214
5007,1303837.6982903641,0.0,1303837.6982903641,1303837.6982903641,23688.170444843
5008,1245433.2973129079,0.0,1245433.2973129079,1245433.2973129079,22730.61165714331
5009,533578.647307605,0.0,533578.647307605,533578.647307605,10446.062625763689
5010,175184.11290116885,0.0,175184.11290116885,175184.11290116885,3624.3682551353245
5011,108526.84345397259,0.0,108526.84345397259,108526.84345397259,2247.6889176994005
5012,190147.16275113693,0.0,190147.16275113693,190147.16275113693,3652.52376202187
5013,167099.78134294742,0.0,167099.78134294742,167099.78134294742,3456.1371934453155
5014,62586.66503109321,0.0,62586.66503109321,62586.66503109321,1294.308481436582
5015,57741.26389929943,0.0,57741.26389929943,57741.26389929943,1199.0073836218635
5016,91169.0462523399,0.0,91169.0462523399,91169.0462523399,1781.870096766957
5017,81947.20867101962,0.0,81947.20867101962,81947.20867101962,1695.2136558544287
5018,51918.96215063353,0.0,51918.96215063353,51918.96215063353,1074.2644324478888
5019,32587.34303066603,0.0,32587.34303066603,32587.34303066603,673.1011030804224
5020,63236.832259138384,0.0,63236.832259138384,63236.832259138384,1198.1763999854145
5021,143504.6082474997,0.0,143504.6082474997,143504.6082474997,2682.102623408078
5022,490241.337255175,0.0,490241.337255175,490241.337255175,9069.14347096044
5023,598784.0813410237,0.0,598784.0813410237,598784.0813410237,11625.66431744391
5024,846554.2276622193,0.0,846554.2276622193,846554.2276622193,15999.817922522674
5025,939352.516911655,0.0,939352.516911655,939352.516911655,17596.941079643944
5026,977120.2269312333,0.0,977120.2269312333,977120.2269312333,18241.079297435965
5027,1013018.5567658149,0.0,1013018.5567658149,1013018.5567658149,18850.307468032832
5028,1043613.1819745913,0.0,1043613.1819745913,1043613.1819745913,19367.246306627927
5029,792687.1145431935,0.0,792687.1145431935,792687.1145431935,15062.804608745811
5030,897147.8499938444,0.0,897147.8499938444,897147.8499938444,16872.99707614581
5031,735426.325003461,0.0,735426.325003461,735426.325003461,14058.58063905709
5032,710399.2391946715,0.0,710399.2391946715,710399.2391946715,13616.889879681248
5033,674952.6308816896,0.0,674952.6308816896,674952.6308816896,12988.343488507902
5034,120016.86313755084,0.0,120016.86313755084,120016.86313755084,2483.097779409629
5035,118368.67913033438,0.0,118368.67913033438,118368.67913033438,2450.7064693417747
5036,196353.58845681496,0.0,196353.58845681496,196353.58845681496,3788.394441299491
5037,261740.0926454319,0.0,261740.0926454319,261740.0926454319,5272.675674150022
5038,225797.06082495954,0.0,225797.06082495954,225797.06082495954,4654.517512766842
5039,174436.36139167796,0.0,174436.36139167796,174436.36139167796,3609.015147868773
5040,167558.43150118462,0.0,167558.43150118462,167558.43150118462,3464.6449588532996
5041,238138.4584980577,0.0,238138.4584980577,238138.4584980577,4710.52225268273
5042,262011.89209821742,0.0,262011.89209821742,262011.89209821742,5358.623309770579
5043,401186.53653738694,0.0,401186.53653738694,401186.53653738694,8002.224569660055
5044,568876.7918873553,0.0,568876.7918873553,568876.7918873553,11084.791397804282
5045,660769.4189560808,0.0,660769.4189560808,660769.4189560808,12734.974414617396
5046,502656.5894933675,0.0,502656.5894933675,502656.5894933675,9879.149404210048
5047,289855.0712283703,0.0,289855.0712283703,289855.0712283703,5894.901243352841
5048,166832.7254903635,0.0,166832.7254903635,166832.7254903635,3450.3446281115603
5049,380210.43671621406,0.0,380210.43671621406,380210.43671621406,7321.891920715611
5050,370342.980907943,0.0,370342.980907943,370342.980907943,7423.647498417717
5051,502392.9132532489,0.0,502392.9132532489,502392.9132532489,9874.070811856014
5052,291706.9402527571,0.0,291706.9402527571,291706.9402527571,5930.271910847255
5053,685811.1939106348,0.0,685811.1939106348,685811.1939106348,13179.962776021735
5054,181443.68693476947,0.0,181443.68693476947,181443.68693476947,3746.4256048973707
5055,165653.21522679398,0.0,165653.21522679398,165653.21522679398,3427.1279239086334
5056,141244.32206734765,0.0,141244.32206734765,141244.32206734765,2919.404070164873
5057,109643.67606556186,0.0,109643.67606556186,109643.67606556186,2269.290210455526
5058,143386.47781086696,0.0,143386.47781086696,143386.47781086696,2855.870062096783
5059,122928.6696722476,0.0,122928.6696722476,122928.6696722476,2540.1087597484257
5060,142862.83598274924,0.0,142862.83598274924,142862.83598274924,2880.996947780275
5061,151945.35672330388,0.0,151945.35672330388,151945.35672330388,3104.207472120712
5062,128637.6102122527,0.0,128637.6102122527,128637.6102122527,2662.038906135418
5063,77415.9166158751,0.0,77415.9166158751,77415.9166158751,1605.8935885592703
5064,32222.725882545194,0.0,32222.725882545194,32222.725882545194,665.9126848833502
5065,0.0,0.0,0.0,0.0,-0.0
5066,0.0,0.0,0.0,0.0,-0.0
5067,0.0,0.0,0.0,0.0,-0.0
5068,0.0,0.0,0.0,0.0,-0.0
5069,10290.760232815068,0.0,10290.760232815068,10290.760232815068,177.71557192354481
5070,116005.51681450116,0.0,116005.51681450116,116005.51681450116,2036.7267171449062
5071,764152.2414178961,0.0,764152.2414178961,764152.2414178961,13460.246597528332
5072,802859.6099897287,0.0,802859.6099897287,802859.6099897287,15237.055060465509
5073,548000.1585558264,0.0,548000.1585558264,548000.1585558264,10704.696983031597
5074,623153.2372345825,0.0,623153.2372345825,623153.2372345825,12060.798348055
5075,1169287.8015401217,0.0,1169287.8015401217,1169287.8015401217,21465.186097584017
5076,1240267.1393458645,0.0,1240267.1393458645,1240267.1393458645,22638.097361891694
5077,983348.5125994164,0.0,983348.5125994164,983348.5125994164,18342.917839551817
5078,363586.123358724,0.0,363586.123358724,363586.123358724,7295.466522970708
5079,1013979.7712656807,0.0,1013979.7712656807,1013979.7712656807,18862.372530602715
5080,1022741.1451196304,0.0,1022741.1451196304,1022741.1451196304,19010.549269312978
5081,679338.2780173376,0.0,679338.2780173376,679338.2780173376,13063.373193081936
5082,181489.0684390834,0.0,181489.0684390834,181489.0684390834,3746.779067998332
5083,151802.9389516556,0.0,151802.9389516556,151802.9389516556,3135.813501252539
5084,466893.03286040324,0.0,466893.03286040324,466893.03286040324,8732.826981392225
5085,464376.3723084387,0.0,464376.3723084387,464376.3723084387,9173.734600538748
5086,184708.12343133,0.0,184708.12343133,184708.12343133,3819.2346625796145
5087,271801.29211940453,0.0,271801.29211940453,271801.29211940453,5420.866266600425
5088,370712.2725267354,0.0,370712.2725267354,370712.2725267354,7429.240528407947
5089,253333.87058301768,0.0,253333.87058301768,253333.87058301768,5189.4454302722725
5090,679882.9669174959,0.0,679882.9669174959,679882.9669174959,13072.429269083153
5091,682212.0765049806,0.0,682212.0765049806,682212.0765049806,13113.772385016095
5092,650847.4455846085,0.0,650847.4455846085,650847.4455846085,12555.416525659073
5093,707254.8923201375,0.0,707254.8923201375,707254.8923201375,13557.519231657681
5094,871579.661262154,0.0,871579.661262154,871579.661262154,16427.87059457859
5095,1295320.5612124582,0.0,1295320.5612124582,1295320.5612124582,23539.701395189215
5096,1197397.1264414296,0.0,1197397.1264414296,1197397.1264414296,21929.480845002323
5097,1267336.0291206774,0.0,1267336.0291206774,1267336.0291206774,23081.346001042948
5098,1397990.1541294567,0.0,1397990.1541294567,1397990.1541294567,25208.564011518374
5099,1400000.0,0.0,1400000.0,1400000.0,25241.005750019987
5100,1400000.0,0.0,1400000.0,1400000.0,25240.96413935716
5101,1400000.0,0.0,1400000.0,1400000.0,25240.922528831503
5102,1304341.9187891628,0.0,1304341.9187891628,1304341.9187891628,23686.849328299573
5103,959251.5948762286,0.0,959251.5948762286,959251.5948762286,17931.39762044691
5104,732752.799210949,0.0,732752.799210949,732752.799210949,14007.320471807596
5105,401514.2991672415,0.0,401514.2991672415,401514.2991672415,8006.42620998786
5106,86520.09095438207,0.0,86520.09095438207,86520.09095438207,1794.5090438002132
5107,3841.938186651805,0.0,3841.938186651805,3841.938186651805,-0.0
5108,45410.277730826,0.0,45410.277730826,45410.277730826,779.2943141568351
5109,178629.13114925742,0.0,178629.13114925742,178629.13114925742,3212.360743013422
5110,432081.5358027613,0.0,432081.5358027613,432081.5358027613,8316.062073835481
5111,515574.16530408803,0.0,515574.16530408803,515574.16530408803,10112.28824813798
5112,114245.30887356789,0.0,114245.30887356789,114245.30887356789,2358.9809996051986
5113,183215.8037056754,0.0,183215.8037056754,183215.8037056754,3524.166430938553
5114,257971.9645749125,0.0,257971.9645749125,257971.9645749125,5158.913540638295
5115,627665.1202700962,0.0,627665.1202700962,627665.1202700962,12139.108976306457
5116,752770.4458348822,0.0,752770.4458348822,752770.4458348822,14357.590118306614
5117,590744.9528905941,0.0,590744.9528905941,590744.9528905941,11475.682291049992
5118,571871.392795306,0.0,571871.392795306,571871.392795306,11134.925198650153
5119,948905.4838978437,0.0,948905.4838978437,948905.4838978437,17752.5646270373
5120,928772.7776543096,0.0,928772.7776543096,928772.7776543096,17408.376764878587
5121,1106024.1490111006,0.0,1106024.1490111006,1106024.1490111006,20406.90606420297
5122,1137116.5013989294,0.0,1137116.5013989294,1137116.5013989294,20925.82992246194
5123,1069006.8085004515,0.0,1069006.8085004515,1069006.8085004515,19786.33387784681
5124,938062.5372486297,0.0,938062.5372486297,938062.5372486297,17567.181530933525
5125,855049.2875395576,0.0,855049.2875395576,855049.2875395576,16139.716537528795
5126,783919.6309581754,0.0,783919.6309581754,783919.6309581754,14903.030704911822
5127,974383.9098812686,0.0,974383.9098812686,974383.9098812686,18186.516350130612
5128,308533.97959938773,0.0,308533.97959938773,308533.97959938773,6249.988059502434
5129,53684.85512711062,0.0,53684.85512711062,53684.85512711062,1108.4487935276525
5130,167366.71948253977,0.0,167366.71948253977,167366.71948253977,3052.9884926019695
5131,340940.53302005504,0.0,340940.53302005504,340940.53302005504,6606.505738120268
5132,544798.273170267,0.0,544798.273170267,544798.273170267,10643.32315498808
5133,95527.43338837956,0.0,95527.43338837956,95527.43338837956,1971.0317349939182
5134,0.0,0.0,0.0,0.0,-0.0
5135,0.0,0.0,0.0,0.0,-0.0
5136,38434.573503272884,0.0,38434.573503272884,38434.573503272884,665.2242665587627
5137,105153.14898483512,0.0,105153.14898483512,105153.14898483512,1953.229061332421
5138,254339.5306088874,0.0,254339.5306088874,254339.5306088874,4734.945674548561
5139,320164.1163886295,0.0,320164.1163886295,320164.1163886295,6470.674414699734
5140,431152.5760276546,0.0,431152.5760276546,431152.5760276546,8555.876590141046
5141,390882.31508615223,0.0,390882.31508615223,390882.31508615223,7805.1776972594935
5142,764607.5022757421,0.0,764607.5022757421,764607.5022757421,14562.824801899713
5143,1143817.3504140605,0.0,1143817.3504140605,1143817.3504140605,21034.18235302886
5144,1121006.5438201101,0.0,1121006.5438201101,1121006.5438201101,20653.983001497953
5145,1190974.0654960386,0.0,1190974.0654960386,1190974.0654960386,21816.65407145241
5146,1218384.1776058397,0.0,1218384.1776058397,1218384.1776058397,22269.42733309876
5147,1213930.6084113067,0.0,1213930.6084113067,1213930.6084113067,22195.91962323041
5148,1121196.5175447203,0.0,1121196.5175447203,1121196.5175447203,20657.01668006755
5149,1223502.7063326046,0.0,1223502.7063326046,1223502.7063326046,22353.710216896092
5150,916246.4681848006,0.0,916246.4681848006,916246.4681848006,17190.812283257867
5151,637769.8948603773,0.0,637769.8948603773,637769.8948603773,12317.658642051425
5152,532143.9096926106,0.0,532143.9096926106,532143.9096926106,10412.065443863621
5153,791178.9948957625,0.0,791178.9948957625,791178.9948957625,15027.301574656722
5154,267089.3321042832,0.0,267089.3321042832,267089.3321042832,5453.554847118693
5155,203650.22920686417,0.0,203650.22920686417,203650.22920686417,4208.195861257162
5156,399455.5391716126,0.0,399455.5391716126,399455.5391716126,7905.176453319674
5157,372584.60285733786,0.0,372584.60285733786,372584.60285733786,7461.711197159625
5158,293369.79489862296,0.0,293369.79489862296,293369.79489862296,5958.840120714638
5159,139164.32535346854,0.0,139164.32535346854,139164.32535346854,2877.125775793025
5160,123210.89187992977,0.0,123210.89187992977,123210.89187992977,2544.4753442946335
5161,144814.85683756522,0.0,144814.85683756522,144814.85683756522,2897.845373321183
5162,126544.16612808047,0.0,126544.16612808047,126544.16612808047,2619.6420540005583
5163,241797.87565139928,0.0,241797.87565139928,241797.87565139928,4625.993921460755
5164,217676.6260914866,0.0,217676.6260914866,217676.6260914866,4492.421127844157
5165,266609.8421787942,0.0,266609.8421787942,266609.8421787942,5443.956843056224
5166,602221.2113056453,0.0,602221.2113056453,602221.2113056453,11679.406401290056
5167,1122286.1688017491,0.0,1122286.1688017491,1122286.1688017491,20673.76636356987
5168,1152168.352018507,0.0,1152168.352018507,1152168.352018507,21171.417346201684
5169,1153793.6247048972,0.0,1153793.6247048972,1153793.6247048972,21198.398580863904
5170,1132382.208181996,0.0,1132382.208181996,1132382.208181996,20842.018293245324
5171,742515.2287401134,0.0,742515.2287401134,742515.2287401134,14173.730872979599
5172,1028488.3481005487,0.0,1028488.3481005487,1028488.3481005487,19099.174799018096
5173,278496.31045813905,0.0,278496.31045813905,278496.31045813905,5672.912183736599
5174,1122707.9100321343,0.0,1122707.9100321343,1122707.9100321343,20680.569441804833
5175,682301.5647691409,0.0,682301.5647691409,682301.5647691409,13109.92164884081
5176,262576.80013098876,0.0,262576.80013098876,262576.80013098876,5365.963861214413
5177,266593.76740402717,0.0,266593.76740402717,266593.76740402717,5443.531123124322
5178,26965.85300661297,0.0,26965.85300661297,26965.85300661297,550.3549144131475
5179,33934.46011452761,0.0,33934.46011452761,33934.46011452761,660.2409704735221
5180,0.0,0.0,0.0,0.0,-0.0
5181,0.0,0.0,0.0,0.0,-0.0
5182,4134.941827394074,0.0,4134.941827394074,4134.941827394074,-0.0
5183,67258.65831173946,0.0,67258.65831173946,67258.65831173946,1162.8001334180576
5184,146108.91421757362,0.0,146108.91421757362,146108.91421757362,2754.326113100151
5185,406336.1109282279,0.0,406336.1109282279,406336.1109282279,7664.79007401345
5186,565915.7423733216,0.0,565915.7423733216,565915.7423733216,11023.266519654653
5187,475427.9514854987,0.0,475427.9514854987,475427.9514854987,9372.344438712013
5188,267466.0005127168,0.0,267466.0005127168,267466.0005127168,5459.853866773869
5189,40533.865560974584,0.0,40533.865560974584,40533.865560974584,839.4529957067035
5190,86164.44005872132,0.0,86164.44005872132,86164.44005872132,1628.6620391499061
5191,236033.0898543251,0.0,236033.0898543251,236033.0898543251,4336.82912603597
5192,1140779.2748928335,0.0,1140779.2748928335,1140779.2748928335,20978.56824071961
5193,817658.9676098517,0.0,817658.9676098517,817658.9676098517,15485.022126902757
5194,1400000.0,0.0,1400000.0,1400000.0,25227.72642130188
5195,1400000.0,0.0,1400000.0,1400000.0,25227.684854379422
5196,1400000.0,0.0,1400000.0,1400000.0,25227.643287593914
5197,975524.7234506335,0.0,975524.7234506335,975524.7234506335,18198.645550385478
5198,619434.5550765975,0.0,619434.5550765975,619434.5550765975,11986.33981653517
5199,315925.2948142176,0.0,315925.2948142176,315925.2948142176,6388.152688134757
5200,316885.70874208625,0.0,316885.70874208625,316885.70874208625,6406.430425521085
5201,738840.0776156523,0.0,738840.0776156523,738840.0776156523,14106.589832191336
5202,426046.4290782515,0.0,426046.4290782515,426046.4290782515,8458.651767051791
5203,542070.4195874723,0.0,542070.4195874723,542070.4195874723,10589.907059640223
5204,520391.89836845966,0.0,520391.89836845966,520391.89836845966,10195.195328034593
5205,430102.34161530016,0.0,430102.34161530016,430102.34161530016,8533.92838101088
5206,320562.373310257,0.0,320562.373310257,320562.373310257,6476.335398974711
5207,185551.03388592793,0.0,185551.03388592793,185551.03388592793,3833.35540108751
5208,123492.6021118501,0.0,123492.6021118501,123492.6021118501,2549.4405907202836
5209,96345.31765557673,0.0,96345.31765557673,96345.31765557673,1996.5517383360886
5210,119547.52013999745,0.0,119547.52013999745,119547.52013999745,2403.5364239174087
5211,34283.51971793342,0.0,34283.51971793342,34283.51971793342,705.7505073956789
5212,0.0,0.0,0.0,0.0,-0.0
5213,50734.48377357632,0.0,50734.48377357632,50734.48377357632,875.1421396834787
5214,44684.78044557013,0.0,44684.78044557013,44684.78044557013,920.6029022554088
5215,100065.23476657696,0.0,100065.23476657696,100065.23476657696,1862.8073564114625
5216,177844.58872181454,0.0,177844.58872181454,177844.58872181454,3401.23612547201
5217,445891.0857274993,0.0,445891.0857274993,445891.0857274993,8559.175528246577
5218,711504.5624939622,0.0,711504.5624939622,711504.5624939622,13623.306508065318
5219,891840.4434890135,0.0,891840.4434890135,891840.4434890135,16765.736854422517
5220,1150613.9184249833,0.0,1150613.9184249833,1150613.9184249833,21139.67556062503
5221,849388.9876178949,0.0,849388.9876178949,849388.9876178949,16033.39939454668
5222,1122754.330832772,0.0,1122754.330832772,1122754.330832772,20675.694260837106
5223,1091383.1920946084,0.0,1091383.1920946084,1091383.1920946084,20151.34105726268
5224,984540.0866459293,0.0,984540.0866459293,984540.0866459293,18349.68121512086
5225,684970.0689479539,0.0,684970.0689479539,684970.0689479539,13153.481732450442
5226,400965.4155546784,0.0,400965.4155546784,400965.4155546784,7990.515667674914
5227,220233.58612426164,0.0,220233.58612426164,220233.58612426164,4540.996687112548
5228,192993.4509568218,0.0,192993.4509568218,192993.4509568218,3988.1715791159554
5229,500862.1322588586,0.0,500862.1322588586,500862.1322588586,9688.525905068356
5230,784740.9924357948,0.0,784740.9924357948,784740.9924357948,14909.254500171119
5231,735444.3119672083,0.0,735444.3119672083,735444.3119672083,14044.984266583444
5232,715780.2159978391,0.0,715780.2159978391,715780.2159978391,13698.397256531882
5233,787054.2001554384,0.0,787054.2001554384,787054.2001554384,14949.577555841384
5234,718130.4418434424,0.0,718130.4418434424,718130.4418434424,13739.82836982255
5235,632182.1309395831,0.0,632182.1309395831,632182.1309395831,12212.886886267106
5236,414239.67034105904,0.0,414239.67034105904,414239.67034105904,8237.847541768886
5237,319613.29126662447,0.0,319613.29126662447,319613.29126662447,6457.362064074514
5238,330132.0359211037,0.0,330132.0359211037,330132.0359211037,6657.201567336352
5239,703318.3144793359,0.0,703318.3144793359,703318.3144793359,13478.064034511597
5240,1145274.7800913935,0.0,1145274.7800913935,1145274.7800913935,21050.09881514466
5241,1189436.4168370087,0.0,1189436.4168370087,1189436.4168370087,21782.648593284353
5242,1199986.7716775173,0.0,1199986.7716775173,1199986.7716775173,21957.049430080562
5243,1259430.000713949,0.0,1259430.000713949,1259430.000713949,22935.74887865167
5244,916221.2673635201,0.0,916221.2673635201,916221.2673635201,17183.52201425995
5245,1171777.614112222,0.0,1171777.614112222,1171777.614112222,21490.043548665668
5246,1376277.1051434968,0.0,1376277.1051434968,1376277.1051434968,24840.081563462187
5247,918041.0917360389,0.0,918041.0917360389,918041.0917360389,17214.621257592593
5248,1321652.6359931438,0.0,1321652.6359931438,1321652.6359931438,23952.828154796956
5249,932332.3640501073,0.0,932332.3640501073,932332.3640501073,17459.19661913877
5250,220725.11128265446,0.0,220725.11128265446,220725.11128265446,4550.398088504728
5251,205199.9022508692,0.0,205199.9022508692,205199.9022508692,4236.759329936009
5252,404599.508430087,0.0,404599.508430087,404599.508430087,7997.102905927664
5253,311796.6516202019,0.0,311796.6516202019,311796.6516202019,6308.312164010598
5254,297220.1039586186,0.0,297220.1039586186,297220.1039586186,6029.9398512974685
5255,169626.13306000165,0.0,169626.13306000165,169626.13306000165,3501.7939724192047
5256,241406.03337902477,0.0,241406.03337902477,241406.03337902477,4766.722467555239
5257,228104.96027986467,0.0,228104.96027986467,228104.96027986467,4694.506099415691
5258,309008.4122870233,0.0,309008.4122870233,309008.4122870233,6254.985170644882
5259,236771.20694706964,0.0,236771.20694706964,236771.20694706964,4863.447910703458
5260,156426.46268786685,0.0,156426.46268786685,156426.46268786685,3233.4741489346106
5261,180496.11238940983,0.0,180496.11238940983,180496.11238940983,3655.514912532539
5262,358487.60312146635,0.0,358487.60312146635,358487.60312146635,6975.708778664422
5263,567900.520752555,0.0,567900.520752555,567900.520752555,11055.711481628601
5264,862309.8224452736,0.0,862309.8224452736,862309.8224452736,16254.890743270595
5265,954453.8218856661,0.0,954453.8218856661,954453.8218856661,17835.790693060426
5266,806811.7659262419,0.0,806811.7659262419,806811.7659262419,15292.633794134876
5267,869831.0956190759,0.0,869831.0956190759,869831.0956190759,16384.620189245376
5268,576541.9519247438,0.0,576541.9519247438,576541.9519247438,11211.776501565362
5269,710012.3660377904,0.0,710012.3660377904,710012.3660377904,13595.184240551158
5270,796991.860183882,0.0,796991.860183882,796991.860183882,15121.467671020697
5271,326324.81227879773,0.0,326324.81227879773,326324.81227879773,6584.276123457585
5272,910494.7715252513,0.0,910494.7715252513,910494.7715252513,17083.914965027147
5273,112116.07697258952,0.0,112116.07697258952,112116.07697258952,2315.80369387675
5274,58648.65672377542,0.0,58648.65672377542,58648.65672377542,1215.7453341669152
5275,25941.406618875364,0.0,25941.406618875364,25941.406618875364,530.4430081739936
5276,25034.90877536555,0.0,25034.90877536555,25034.90877536555,512.9289417272541
5277,0.0,0.0,0.0,0.0,-0.0
5278,87080.69722510039,0.0,87080.69722510039,87080.69722510039,1503.444224289441
5279,88242.30714628445,0.0,88242.30714628445,88242.30714628445,1826.983429002521
5280,86463.74647575089,0.0,86463.74647575089,86463.74647575089,1791.9799736936077
5281,93928.24483444248,0.0,93928.24483444248,93928.24483444248,1938.5195894538533
5282,232022.51237223003,0.0,232022.51237223003,232022.51237223003,4301.5626330456635
5283,180589.03371926572,0.0,180589.03371926572,180589.03371926572,3725.583424355254
5284,130416.97805459182,0.0,130416.97805459182,130416.97805459182,2694.323984423169
5285,134142.60700928894,0.0,134142.60700928894,134142.60700928894,2767.306652886905
5286,286546.19913255173,0.0,286546.19913255173,286546.19913255173,5428.497361197405
5287,491077.1723683967,0.0,491077.1723683967,491077.1723683967,9655.473126236355
5288,909959.7536530928,0.0,909959.7536530928,909959.7536530928,17072.735224753
5289,881884.1262287695,0.0,881884.1262287695,881884.1262287695,16590.242589754143
5290,606048.008142996,0.0,606048.008142996,606048.008142996,11741.6888464198
5291,970069.2619504472,0.0,970069.2619504472,970069.2619504472,18099.32238170885
5292,1028709.9688359785,0.0,1028709.9688359785,1028709.9688359785,19092.892459550127
5293,1177096.3600760608,0.0,1177096.3600760608,1177096.3600760608,21573.833215925944
5294,1188331.3765088334,0.0,1188331.3765088334,1188331.3765088334,21759.78875304407
5295,946954.2634791282,0.0,946954.2634791282,946954.2634791282,17705.39788426062
5296,630338.9126461905,0.0,630338.9126461905,630338.9126461905,12177.043030579282
5297,256003.4134926454,0.0,256003.4134926454,256003.4134926454,5235.768475138125
5298,288799.2049289065,0.0,288799.2049289065,288799.2049289065,5867.386519263795
5299,741954.8917727678,0.0,741954.8917727678,741954.8917727678,14156.048735213339
5300,598841.7082604946,0.0,598841.7082604946,598841.7082604946,11611.959939590986
5301,739138.9352187546,0.0,739138.9352187546,739138.9352187546,14106.498890881257
5302,630643.5227893109,0.0,630643.5227893109,630643.5227893109,12182.374182295047
5303,452850.0411722451,0.0,452850.0411722451,452850.0411722451,8951.725491799352
5304,357735.21330090216,0.0,357735.21330090216,357735.21330090216,7177.436746296127
5305,224868.6821454183,0.0,224868.6821454183,224868.6821454183,4630.3291405861555
5306,331414.76364173385,0.0,331414.76364173385,331414.76364173385,6679.816116334372
5307,342463.13364826015,0.0,342463.13364826015,342463.13364826015,6889.054235686273
5308,250667.3087966545,0.0,250667.3087966545,250667.3087966545,5132.334488010398
5309,277529.5967438757,0.0,277529.5967438757,277529.5967438757,5650.8915513387765
5310,704245.1308090179,0.0,704245.1308090179,704245.1308090179,13491.09366996245
5311,1176222.1826297918,0.0,1176222.1826297918,1176222.1826297918,21558.75392294786
5312,1169225.3667648148,0.0,1169225.3667648148,1169225.3667648148,21442.75152162569
5313,1243547.746582327,0.0,1243547.746582327,1243547.746582327,22669.583871973802
5314,1260373.0813012274,0.0,1260373.0813012274,1260373.0813012274,22945.792164999984
5315,1293335.7561218697,0.0,1293335.7561218697,1293335.7561218697,23485.388788179484
5316,901366.9722178006,0.0,901366.9722178006,901366.9722178006,16924.5114701183
5317,1049704.9073948548,0.0,1049704.9073948548,1049704.9073948548,19445.9981616986
5318,1279360.544379159,0.0,1279360.544379159,1279360.544379159,23256.736986003747
5319,1224471.0600442016,0.0,1224471.0600442016,1224471.0600442016,22355.493782333906
5320,1040533.1302882559,0.0,1040533.1302882559,1040533.1302882559,19291.432897558676
5321,734130.2145660536,0.0,734130.2145660536,734130.2145660536,14017.932840970981
5322,168737.97242152542,0.0,168737.97242152542,168737.97242152542,3483.640363532071
5323,43810.39137230473,0.0,43810.39137230473,43810.39137230473,903.2929191403687
5324,10609.398499202842,0.0,10609.398499202842,10609.398499202842,219.32875751877577
5325,12561.215075075825,0.0,12561.215075075825,12561.215075075825,257.3189213849272
5326,0.0,0.0,0.0,0.0,-0.0
5327,0.0,0.0,0.0,0.0,-0.0
5328,0.0,0.0,0.0,0.0,-0.0
5329,58716.79343390759,0.0,58716.79343390759,58716.79343390759,1013.9868584563088
5330,103608.49574931657,0.0,103608.49574931657,103608.49574931657,1995.933169339819
5331,154046.678636159,0.0,154046.678636159,154046.678636159,2987.238939529611
5332,315197.45649033,0.0,315197.45649033,315197.45649033,6082.438537249377
5333,361675.7954973657,0.0,361675.7954973657,361675.7954973657,7250.830433732869
5334,48903.51753802027,0.0,48903.51753802027,48903.51753802027,1013.7726701549486
5335,319977.0581642473,0.0,319977.0581642473,319977.0581642473,5630.416742614827
5336,219815.06057407244,0.0,219815.06057407244,219815.06057407244,4530.653430091477
5337,234520.7170085001,0.0,234520.7170085001,234520.7170085001,4817.742712556508
5338,323269.12625565304,0.0,323269.12625565304,323269.12625565304,6523.995560348061
5339,877853.6151333689,0.0,877853.6151333689,877853.6151333689,16517.547951801032
5340,1104208.5482297116,0.0,1104208.5482297116,1104208.5482297116,20357.106386661606
5341,889768.2534120837,0.0,889768.2534120837,889768.2534120837,16722.55052188538
5342,883081.3888436294,0.0,883081.3888436294,883081.3888436294,16607.48096037641
5343,517262.2633585172,0.0,517262.2633585172,517262.2633585172,10132.232286338485
5344,187157.88624831577,0.0,187157.88624831577,187157.88624831577,3862.6689981856853
5345,422249.41197308793,0.0,422249.41197308793,422249.41197308793,8193.240739544122
5346,54321.18500810928,0.0,54321.18500810928,54321.18500810928,1119.9844973345776
5347,26280.63495964047,0.0,26280.63495964047,26280.63495964047,536.8357773286095
5348,114226.16187753531,0.0,114226.16187753531,114226.16187753531,2035.133613792877
5349,52342.02597678397,0.0,52342.02597678397,52342.02597678397,1081.2159211518747
5350,130149.85576819663,0.0,130149.85576819663,130149.85576819663,2412.876611281338
5351,172424.1845566597,0.0,172424.1845566597,172424.1845566597,3415.9946465240805
5352,0.0,0.0,0.0,0.0,-0.0
5353,41414.67204235719,0.0,41414.67204235719,41414.67204235719,713.499406181598
5354,71525.73435934758,0.0,71525.73435934758,71525.73435934758,1372.7260746502443
5355,273503.237711283,0.0,273503.237711283,273503.237711283,4939.432289923583
5356,186506.90744213964,0.0,186506.90744213964,186506.90744213964,3849.2004966964605
5357,138560.17974411396,0.0,138560.17974411396,138560.17974411396,2862.478496836082
5358,115049.16145191833,0.0,115049.16145191833,115049.16145191833,2371.9907048623672
5359,207218.47378742907,0.0,207218.47378742907,207218.47378742907,3935.3823584546376
5360,597979.6310027778,0.0,597979.6310027778,597979.6310027778,11504.277847470028
5361,748984.3505262202,0.0,748984.3505262202,748984.3505262202,14273.783995416774
5362,1018647.8165187135,0.0,1018647.8165187135,1018647.8165187135,18915.28629817234
5363,1039490.0500826039,0.0,1039490.0500826039,1039490.0500826039,19266.89331788237
5364,1247932.2932008926,0.0,1247932.2932008926,1247932.2932008926,22733.25492059275
5365,1226456.9531687768,0.0,1226456.9531687768,1226456.9531687768,22380.130804892604
5366,1303385.8028274553,0.0,1303385.8028274553,1303385.8028274553,23640.847931397653
5367,1267756.7017346479,0.0,1267756.7017346479,1267756.7017346479,23058.297706984784
5368,1231415.8650969053,0.0,1231415.8650969053,1231415.8650969053,22461.630803951834
5369,844080.2746121546,0.0,844080.2746121546,844080.2746121546,15930.742223799662
5370,486624.6673777243,0.0,486624.6673777243,486624.6673777243,9569.47181463202
5371,688242.8434878611,0.0,688242.8434878611,688242.8434878611,13202.489359072279
5372,766447.4073731303,0.0,766447.4073731303,766447.4073731303,14579.595116374256
5373,783991.6357155067,0.0,783991.6357155067,783991.6357155067,14886.25799559302
5374,698762.54897613,0.0,698762.54897613,698762.54897613,13388.645261799616
5375,736259.2738949383,0.0,736259.2738949383,736259.2738949383,14049.903499904724
5376,640374.8439665515,0.0,640374.8439665515,640374.8439665515,12351.030054784782
5377,762524.2042307567,0.0,762524.2042307567,762524.2042307567,14510.771539642506
5378,755809.3442187953,0.0,755809.3442187953,755809.3442187953,14393.083245945987
5379,754419.7713636323,0.0,754419.7713636323,754419.7713636323,14368.695159569468
5380,687502.1211280769,0.0,687502.1211280769,687502.1211280769,13189.156971414413
5381,599490.6147740202,0.0,599490.6147740202,599490.6147740202,11618.48574893766
5382,587306.4022091159,0.0,587306.4022091159,587306.4022091159,11399.20861452955
5383,933543.902669616,0.0,933543.902669616,933543.902669616,17468.703290577516
5384,1115943.361317395,0.0,1115943.361317395,1115943.361317395,20548.011291445342
5385,1292949.069301277,0.0,1292949.069301277,1292949.069301277,23469.73747554775
5386,1299481.4347860792,0.0,1299481.4347860792,1299481.4347860792,23576.365158762725
5387,1294544.7520622013,0.0,1294544.7520622013,1294544.7520622013,23495.72323027043
5388,1283623.5577009576,0.0,1283623.5577009576,1283623.5577009576,23317.208477470867
5389,1270101.4570978568,0.0,1270101.4570978568,1270101.4570978568,23095.87919818418
5390,732812.2114366146,0.0,732812.2114366146,732812.2114366146,13988.908324538877
5391,1197238.827456957,0.0,1197238.827456957,1197238.827456957,21897.364740484445
5392,1088879.844249308,0.0,1088879.844249308,1088879.844249308,20095.432335292666
5393,694898.5918214297,0.0,694898.5918214297,694898.5918214297,13319.842820269309
5394,123977.61891259004,0.0,123977.61891259004,123977.61891259004,2556.8756631576985
5395,15012.559095922801,0.0,15012.559095922801,15012.559095922801,304.3093296881383
5396,21464.606927417986,0.0,21464.606927417986,21464.606927417986,406.31333971429177
5397,55811.017460838644,0.0,55811.017460838644,55811.017460838644,1033.9493188213146
5398,23116.924593019598,0.0,23116.924593019598,23116.924593019598,475.4782793018487
5399,0.0,0.0,0.0,0.0,-0.0
5400,0.0,0.0,0.0,0.0,-0.0
5401,0.0,0.0,0.0,0.0,-0.0
5402,42555.60491786749,0.0,42555.60491786749,42555.60491786749,731.9592111938719
5403,49682.28468888156,0.0,49682.28468888156,49682.28468888156,994.4531152852197
5404,0.0,0.0,0.0,0.0,-0.0
5405,33382.55727612329,0.0,33382.55727612329,33382.55727612329,572.9780437936472
5406,432455.68624091166,0.0,432455.68624091166,432455.68624091166,7336.786579706495
5407,963132.7477309495,0.0,963132.7477309495,963132.7477309495,17971.030070298257
5408,1106622.246540106,0.0,1106622.246540106,1106622.246540106,20389.85956232785
5409,1164179.1044776118,0.0,1164179.1044776118,1164179.1044776118,21347.719914063025
5410,692852.225051422,0.0,692852.225051422,692852.225051422,13282.057650611647
5411,884374.2263360559,0.0,884374.2263360559,884374.2263360559,16623.398272568793
5412,986303.206693733,0.0,986303.206693733,986303.206693733,18364.56606823001
5413,1044440.7384947244,0.0,1044440.7384947244,1044440.7384947244,19347.02238852135
5414,621243.1307959586,0.0,621243.1307959586,621243.1307959586,12007.051004976276
5415,228665.33189205115,0.0,228665.33189205115,228665.33189205115,4701.550863231977
5416,959217.3385370031,0.0,959217.3385370031,959217.3385370031,17904.12086892488
5417,528942.2814958128,0.0,528942.2814958128,528942.2814958128,10340.89876547639
5418,84581.1836437097,0.0,84581.1836437097,84581.1836437097,1743.82153553589
5419,0.0,0.0,0.0,0.0,-0.0
5420,0.0,0.0,0.0,0.0,-0.0
5421,0.0,0.0,0.0,0.0,-0.0
5422,0.0,0.0,0.0,0.0,-0.0
5423,0.0,0.0,0.0,0.0,-0.0
5424,30350.61112565044,0.0,30350.61112565044,30350.61112565044,523.4746032740161
5425,46047.51924225684,0.0,46047.51924225684,46047.51924225684,906.8874553593638
5426,68092.80768412982,0.0,68092.80768412982,68092.80768412982,1309.6043453105772
5427,57136.251152040844,0.0,57136.251152040844,57136.251152040844,1174.2065684768963
5428,75069.27221530909,0.0,75069.27221530909,75069.27221530909,1473.3601278548908
5429,93942.8150347478,0.0,93942.8150347478,93942.8150347478,1865.7014155981356
5430,251210.0068895492,0.0,251210.0068895492,251210.0068895492,4634.217179387091
5431,668597.9104674704,0.0,668597.9104674704,668597.9104674704,12850.596258230637
5432,901693.401551992,0.0,901693.401551992,901693.401551992,16919.32001065538
5433,970559.9043909683,0.0,970559.9043909683,970559.9043909683,18095.44325354875
5434,1064142.8979849373,0.0,1064142.8979849373,1064142.8979849373,19676.385431344446
5435,854700.9872466674,0.0,854700.9872466674,854700.9872466674,16110.178956706515
5436,1045272.7311731302,0.0,1045272.7311731302,1045272.7311731302,19359.08885157016
5437,953990.3200819563,0.0,953990.3200819563,953990.3200819563,17813.348630642206
5438,1106309.4710723443,0.0,1106309.4710723443,1106309.4710723443,20382.372153104086
5439,387448.9508314414,0.0,387448.9508314414,387448.9508314414,7730.086435231931
5440,755396.976279128,0.0,755396.976279128,755396.976279128,14382.160388934803
5441,553390.5267017158,0.0,553390.5267017158,553390.5267017158,10783.667008125962
5442,62036.38490980556,0.0,62036.38490980556,62036.38490980556,1281.1678438024562
5443,0.0,0.0,0.0,0.0,-0.0
5444,0.0,0.0,0.0,0.0,-0.0
5445,0.0,0.0,0.0,0.0,-0.0
5446,0.0,0.0,0.0,0.0,-0.0
5447,0.0,0.0,0.0,0.0,-0.0
5448,0.0,0.0,0.0,0.0,-0.0
5449,0.0,0.0,0.0,0.0,-0.0
5450,0.0,0.0,0.0,0.0,-0.0
5451,0.0,0.0,0.0,0.0,-0.0
5452,0.0,0.0,0.0,0.0,-0.0
5453,49432.288573554346,0.0,49432.288573554346,49432.288573554346,852.8899509168689
5454,438627.25468056,0.0,438627.25468056,438627.25468056,7565.111158758418
5455,677171.26394238,0.0,677171.26394238,677171.26394238,13001.571722799225
5456,844785.0307893634,0.0,844785.0307893634,844785.0307893634,15937.333778127399
5457,919392.6819696359,0.0,919392.6819696359,919392.6819696359,17221.014861691903
5458,1139041.0245534794,0.0,1139041.0245534794,1139041.0245534794,20926.116585057247
5459,1145039.7162062353,0.0,1145039.7162062353,1145039.7162062353,21025.815304931828
5460,877112.3790067986,0.0,877112.3790067986,877112.3790067986,16495.11333525704
5461,1147044.0523916776,0.0,1147044.0523916776,1147044.0523916776,21059.05414549189
5462,1116612.891315397,0.0,1116612.891315397,1116612.891315397,20552.43796503492
5463,1065786.217488004,0.0,1065786.217488004,1065786.217488004,19701.982097027554
5464,930511.285084537,0.0,930511.285084537,930511.285084537,17410.97579633931
5465,605205.8061204602,0.0,605205.8061204602,605205.8061204602,11717.009910759327
5466,76570.49741390797,0.0,76570.49741390797,76570.49741390797,1575.9852239935788
5467,0.0,0.0,0.0,0.0,-0.0
5468,0.0,0.0,0.0,0.0,-0.0
5469,0.0,0.0,0.0,0.0,-0.0
5470,0.0,0.0,0.0,0.0,-0.0
5471,0.0,0.0,0.0,0.0,-0.0
5472,0.0,0.0,0.0,0.0,-0.0
5473,0.0,0.0,0.0,0.0,-0.0
5474,30865.680544013132,0.0,30865.680544013132,30865.680544013132,531.7810146557703
5475,24755.122506622705,0.0,24755.122506622705,24755.122506622705,507.0165246575848
5476,0.0,0.0,0.0,0.0,-0.0
5477,8067.059258848224,0.0,8067.059258848224,8067.059258848224,-0.0
5478,387110.29439939186,0.0,387110.29439939186,387110.29439939186,6435.194021885204
5479,934552.7866575512,0.0,934552.7866575512,934552.7866575512,17478.459462606537
5480,1075020.0912683886,0.0,1075020.0912683886,1075020.0912683886,19855.06777838498
5481,1146127.3681256264,0.0,1146127.3681256264,1146127.3681256264,21041.79957303644
5482,1159754.5527403785,0.0,1159754.5527403785,1159754.5527403785,21268.004101808852
5483,1189074.1193106363,0.0,1189074.1193106363,1189074.1193106363,21753.46052501209
5484,1193341.8096302345,0.0,1193341.8096302345,1193341.8096302345,21823.94821047041
5485,1176028.7213560704,0.0,1176028.7213560704,1176028.7213560704,21537.58909053844
5486,942668.8666153986,0.0,942668.8666153986,942668.8666153986,17616.791442079295
5487,1127761.3918417525,0.0,1127761.3918417525,1127761.3918417525,20736.080072186873
5488,995849.5675717221,0.0,995849.5675717221,995849.5675717221,18520.734113448576
5489,636323.8562464506,0.0,636323.8562464506,636323.8562464506,12272.903487604579
5490,126593.45959464891,0.0,126593.45959464891,126593.45959464891,2616.5661331728115
5491,69750.12061826828,0.0,69750.12061826828,69750.12061826828,1442.337599847091
5492,70822.63412341478,0.0,70822.63412341478,70822.63412341478,1463.3790407801216
5493,99576.65778192916,0.0,99576.65778192916,99576.65778192916,1954.6571832189807
5494,114180.34847699413,0.0,114180.34847699413,114180.34847699413,2317.9261467610386
5495,79457.7740310922,0.0,79457.7740310922,79457.7740310922,1642.797330856584
5496,94643.72097860216,0.0,94643.72097860216,94643.72097860216,1914.390843412851
5497,75808.78220861836,0.0,75808.78220861836,75808.78220861836,1560.889496134647
5498,52354.86876540738,0.0,52354.86876540738,52354.86876540738,1080.5903723554277
5499,23869.921482452373,0.0,23869.921482452373,23869.921482452373,489.8093509200783
5500,27669.789521776987,0.0,27669.789521776987,27669.789521776987,563.0870860027856
5501,8065.924725567194,0.0,8065.924725567194,8065.924725567194,-0.0
5502,404905.56282985094,0.0,404905.56282985094,404905.56282985094,6711.268335761183
5503,934020.1168864705,0.0,934020.1168864705,934020.1168864705,17467.335544449634
5504,1084730.03836743,0.0,1084730.03836743,1084730.03836743,20015.461165913242
5505,1140505.9995302511,0.0,1140505.9995302511,1140505.9995302511,20945.977049759797
5506,949317.9444869311,0.0,949317.9444869311,949317.9444869311,17728.238507691585
5507,1164179.1044776118,0.0,1164179.1044776118,1164179.1044776118,21338.919465042934
5508,1196870.740475884,0.0,1196870.740475884,1196870.740475884,21879.75663634871
5509,1193702.4861190133,0.0,1193702.4861190133,1193702.4861190133,21827.396353662945
5510,1162630.0863197919,0.0,1162630.0863197919,1162630.0863197919,21313.13278026953
5511,1126676.590601136,0.0,1126676.590601136,1126676.590601136,20715.650833003114
5512,970662.7160521636,0.0,970662.7160521636,970662.7160521636,18091.30648819607
5513,608797.8559178212,0.0,608797.8559178212,608797.8559178212,11778.789212157302
5514,123682.56979549697,0.0,123682.56979549697,123682.56979549697,2549.3872921033208
5515,50322.35859633533,0.0,50322.35859633533,50322.35859633533,1040.639794260751
5516,95701.43054851165,0.0,95701.43054851165,95701.43054851165,1825.0475620859454
5517,87861.26106696547,0.0,87861.26106696547,87861.26106696547,1817.2419200276745
5518,85533.9944847703,0.0,85533.9944847703,85533.9944847703,1761.485962629478
5519,123949.94837065855,0.0,123949.94837065855,123949.94837065855,2412.849526338165
5520,314225.0007150251,0.0,314225.0007150251,314225.0007150251,5866.619402729944
5521,287188.9192627729,0.0,287188.9192627729,287188.9192627729,5829.764661188984
5522,256860.43464097043,0.0,256860.43464097043,256860.43464097043,5246.221598010621
5523,252270.85713168496,0.0,252270.85713168496,252270.85713168496,5157.462024374984
5524,203291.02926788383,0.0,203291.02926788383,203291.02926788383,4193.423595937375
5525,194197.27606738548,0.0,194197.27606738548,194197.27606738548,4006.044018984889
5526,419640.3546781385,0.0,419640.3546781385,419640.3546781385,8201.136302381137
5527,727460.8279911198,0.0,727460.8279911198,727460.8279911198,13885.763985006392
5528,851112.0079357438,0.0,851112.0079357438,851112.0079357438,16041.553130560262
5529,939922.9559649635,0.0,939922.9559649635,939922.9559649635,17566.30634595794
5530,1060517.8295424206,0.0,1060517.8295424206,1060517.8295424206,19607.479430762323
5531,1091975.6621529167,0.0,1091975.6621529167,1091975.6621529167,20134.64508202248
5532,1251336.8293010232,0.0,1251336.8293010232,1251336.8293010232,22773.999636612898
5533,1130149.8651165008,0.0,1130149.8651165008,1130149.8651165008,20771.526030039426
5534,901074.1700101343,0.0,901074.1700101343,901074.1700101343,16901.506778668132
5535,813851.5531107802,0.0,813851.5531107802,813851.5531107802,15395.899171372219
5536,172740.31287065527,0.0,172740.31287065527,172740.31287065527,3557.840445150911
5537,251647.86750308523,0.0,251647.86750308523,251647.86750308523,4951.026103381471
5538,195605.6686000273,0.0,195605.6686000273,195605.6686000273,4033.503144261317
5539,164355.45176827628,0.0,164355.45176827628,164355.45176827628,3393.6044197037263
5540,345246.7615002607,0.0,345246.7615002607,345246.7615002607,6671.755246843093
5541,320061.68294038944,0.0,320061.68294038944,320061.68294038944,6456.39084477008
5542,525401.4232558974,0.0,525401.4232558974,525401.4232558974,10270.45757524829
5543,535311.3201435979,0.0,535311.3201435979,535311.3201435979,10450.634588547813
5544,550320.5891680324,0.0,550320.5891680324,550320.5891680324,10722.914147104742
5545,518523.7974268043,0.0,518523.7974268043,518523.7974268043,10145.149764132399
5546,680756.8990803383,0.0,680756.8990803383,680756.8990803383,13060.032882596764
5547,693633.6945730387,0.0,693633.6945730387,693633.6945730387,13288.03157356287
5548,743681.6390704837,0.0,743681.6390704837,743681.6390704837,14169.89030785224
5549,757125.8304715261,0.0,757125.8304715261,757125.8304715261,14405.605789182227
5550,981715.791931329,0.0,981715.791931329,981715.791931329,18276.19096238228
5551,1184857.4334473198,0.0,1184857.4334473198,1184857.4334473198,21677.79970613086
5552,1093233.735196231,0.0,1093233.735196231,1093233.735196231,20154.358608359948
5553,1192652.5316784664,0.0,1192652.5316784664,1192652.5316784664,21806.548826423874
5554,1301052.7866052503,0.0,1301052.7866052503,1301052.7866052503,23585.660420990724
5555,1400000.0,0.0,1400000.0,1400000.0,25190.532518335367
5556,1400000.0,0.0,1400000.0,1400000.0,25190.491073841913
5557,1400000.0,0.0,1400000.0,1400000.0,25190.449629484792
5558,1400000.0,0.0,1400000.0,1400000.0,25190.40818526403
5559,1400000.0,0.0,1400000.0,1400000.0,25190.36674117961
5560,1400000.0,0.0,1400000.0,1400000.0,25190.325297231528
5561,1049989.5970243816,0.0,1049989.5970243816,1049989.5970243816,19428.95318204898
5562,432076.5540387102,0.0,432076.5540387102,432076.5540387102,8556.69113738629
5563,765802.6944642193,0.0,765802.6944642193,765802.6944642193,14557.148650677631
5564,780335.3060828538,0.0,780335.3060828538,780335.3060828538,14811.070746920039
5565,788302.1252564458,0.0,788302.1252564458,788302.1252564458,14950.025858402809
5566,788392.3090683196,0.0,788392.3090683196,788392.3090683196,14951.573571357883
5567,789211.0335264258,0.0,789211.0335264258,789211.0335264258,14965.821884670531
5568,788795.0796561942,0.0,788795.0796561942,788795.0796561942,14958.546149563344
5569,785733.8303982855,0.0,785733.8303982855,785733.8303982855,14905.142486200924
5570,784242.2014468821,0.0,784242.2014468821,784242.2014468821,14879.099632732157
5571,790645.671471831,0.0,790645.671471831,790645.671471831,14990.729320428436
5572,788104.4958571336,0.0,788104.4958571336,788104.4958571336,14946.408251582985
5573,794913.7086457526,0.0,794913.7086457526,794913.7086457526,15065.040475832413
5574,1067494.1353771288,0.0,1067494.1353771288,1067494.1353771288,19722.535726250884
5575,1380322.0679055417,0.0,1380322.0679055417,1380322.0679055417,24871.963891539963
5576,754351.1607327666,0.0,754351.1607327666,754351.1607327666,14356.339717713412
5577,1238335.1975021753,0.0,1238335.1975021753,1238335.1975021753,22558.21264279762
5578,1399331.044263788,0.0,1399331.044263788,1399331.044263788,25178.820849447144
5579,1400000.0,0.0,1400000.0,1400000.0,25189.57088742469
5580,1400000.0,0.0,1400000.0,1400000.0,25189.52944609478
5581,1400000.0,0.0,1400000.0,1400000.0,25189.488004901195
5582,1400000.0,0.0,1400000.0,1400000.0,25189.446563843947
5583,1400000.0,0.0,1400000.0,1400000.0,25189.405122923014
5584,1400000.0,0.0,1400000.0,1400000.0,25189.363682138417
5585,812772.13788282,0.0,812772.13788282,812772.13788282,15375.357742759732
5586,754070.0528016333,0.0,754070.0528016333,754070.0528016333,14351.166764437661
5587,520108.95886689186,0.0,520108.95886689186,520108.95886689186,10173.289863981507
5588,792739.4058775078,0.0,792739.4058775078,792739.4058775078,15026.782205380296
5589,792739.4058775078,0.0,792739.4058775078,792739.4058775078,15026.757502224411
5590,35397.53504088441,0.0,35397.53504088441,35397.53504088441,726.2792902538336
5591,36706.463382693,0.0,36706.463382693,36706.463382693,751.6376627047648
5592,98640.75308831208,0.0,98640.75308831208,98640.75308831208,1800.64735110736
5593,86134.73090178269,0.0,86134.73090178269,86134.73090178269,1772.884114478796
5594,32712.095610746404,0.0,32712.095610746404,32712.095610746404,674.0181470306279
5595,421738.38864454423,0.0,421738.38864454423,421738.38864454423,7160.873201240264
5596,590152.9072203025,0.0,590152.9072203025,590152.9072203025,11440.119857624473
5597,176170.3027240881,0.0,176170.3027240881,176170.3027240881,3633.5834411837527
5598,596031.116590764,0.0,596031.116590764,596031.116590764,11197.1050529805
5599,435540.59662000736,0.0,435540.59662000736,435540.59662000736,8619.436661968739
5600,215825.8175117465,0.0,215825.8175117465,215825.8175117465,4446.876251756421
5601,219227.1218913082,0.0,219227.1218913082,219227.1218913082,4513.409784530093
5602,563117.3036294401,0.0,563117.3036294401,563117.3036294401,10952.354342963252
5603,572363.730801873,0.0,572363.730801873,572363.730801873,11119.32320995075
5604,177852.46063326407,0.0,177852.46063326407,177852.46063326407,3666.4901180367146
5605,685810.8487312658,0.0,685810.8487312658,685810.8487312658,12749.994458467796
5606,239517.21069129487,0.0,239517.21069129487,239517.21069129487,4908.66740385236
5607,1400000.0,0.0,1400000.0,1400000.0,25185.888467962104
5608,1095860.301589235,0.0,1095860.301589235,1095860.301589235,20194.322865623944
5609,460076.01891349925,0.0,460076.01891349925,460076.01891349925,9072.234400271103
5610,39946.867006543725,0.0,39946.867006543725,39946.867006543725,826.5076495462442
5611,0.0,0.0,0.0,0.0,-0.0
5612,0.0,0.0,0.0,0.0,-0.0
5613,28622.096484520247,0.0,28622.096484520247,28622.096484520247,484.2658461229676
5614,0.0,0.0,0.0,0.0,-0.0
5615,23232.064848446247,0.0,23232.064848446247,23232.064848446247,397.67700950732126
5616,117537.58668822379,0.0,117537.58668822379,117537.58668822379,2090.965440506403
5617,210376.05167266302,0.0,210376.05167266302,210376.05167266302,4022.100428281833
5618,133072.96835907968,0.0,133072.96835907968,133072.96835907968,2741.9976917531085
5619,157210.5684490455,0.0,157210.5684490455,157210.5684490455,3142.3010694161753
5620,126694.16654373251,0.0,126694.16654373251,126694.16654373251,2617.037748822561
5621,124877.91797011932,0.0,124877.91797011932,124877.91797011932,2581.3702022007205
5622,474083.90536689607,0.0,474083.90536689607,474083.90536689607,8694.715102607308
5623,1089688.5601194554,0.0,1089688.5601194554,1089688.5601194554,20088.585217229524
5624,1146787.7840337858,0.0,1146787.7840337858,1146787.7840337858,21040.09163607307
5625,1185481.9244408014,0.0,1185481.9244408014,1185481.9244408014,21681.081328306638
5626,1246997.1885291717,0.0,1246997.1885291717,1246997.1885291717,22694.01737016397
5627,1283281.3181821173,0.0,1283281.3181821173,1283281.3181821173,23288.047476331216
5628,1284335.9188987408,0.0,1284335.9188987408,1284335.9188987408,23305.238561561346
5629,1319032.8812391446,0.0,1319032.8812391446,1319032.8812391446,23870.901335238606
5630,1296941.404047164,0.0,1296941.404047164,1296941.404047164,23510.940440663548
5631,1233124.8519063913,0.0,1233124.8519063913,1233124.8519063913,22466.040194987607
5632,1110351.3154294984,0.0,1110351.3154294984,1110351.3154294984,20433.402120978804
5633,731831.7685582241,0.0,731831.7685582241,731831.7685582241,13956.713379349001
5634,307816.8496213537,0.0,307816.8496213537,307816.8496213537,6220.9764413323755
5635,641941.3419867775,0.0,641941.3419867775,641941.3419867775,12365.285598360779
5636,758581.9257860128,0.0,758581.9257860128,758581.9257860128,14425.91883739437
5637,792581.2432098126,0.0,792581.2432098126,792581.2432098126,15019.60386735147
5638,792739.4058775078,0.0,792739.4058775078,792739.4058775078,15022.33403482879
5639,792707.9267030733,0.0,792707.9267030733,792707.9267030733,15021.761053121565
5640,792339.7523724933,0.0,792339.7523724933,792339.7523724933,15015.323454404292
5641,790261.5978148112,0.0,790261.5978148112,790261.5978148112,14979.09467730494
5642,790293.9800897082,0.0,790293.9800897082,790293.9800897082,14979.634285344033
5643,789210.9876885674,0.0,789210.9876885674,789210.9876885674,14960.73827733099
5644,789882.0507073767,0.0,789882.0507073767,789882.0507073767,14972.407457020672
5645,785824.0760605056,0.0,785824.0760605056,785824.0760605056,14901.65194974732
5646,859711.8351231681,0.0,859711.8351231681,859711.8351231681,16182.923288370592
5647,1113164.0090480833,0.0,1113164.0090480833,1113164.0090480833,20479.823413433503
5648,421463.11309048766,0.0,421463.11309048766,421463.11309048766,8356.724524239109
5649,903680.3043744282,0.0,903680.3043744282,903680.3043744282,16938.877902506458
5650,1314673.1185653363,0.0,1314673.1185653363,1314673.1185653363,23799.154576600828
5651,1314542.9302751506,0.0,1314542.9302751506,1314542.9302751506,23796.996022523053
5652,1354114.6810285596,0.0,1354114.6810285596,1354114.6810285596,24439.7457142674
5653,1324640.680387425,0.0,1324640.680387425,1324640.680387425,23961.212378064763
5654,1344475.9486659681,0.0,1344475.9486659681,1344475.9486659681,24283.359391093305
5655,1249283.8686666724,0.0,1249283.8686666724,1249283.8686666724,22730.474239492614
5656,1082679.8521120758,0.0,1082679.8521120758,1082679.8521120758,19970.2436668928
5657,708165.3332636151,0.0,708165.3332636151,708165.3332636151,13539.377521695875
5658,485572.6883913365,0.0,485572.6883913365,485572.6883913365,9538.894858058506
5659,732372.2217891857,0.0,732372.2217891857,732372.2217891857,13965.608779281234
5660,787018.7397736681,0.0,787018.7397736681,787018.7397736681,14922.104888158221
5661,792696.1202117119,0.0,792696.1202117119,792696.1202117119,15021.005781446946
5662,792669.6895882265,0.0,792669.6895882265,792669.6895882265,15020.520749993993
5663,792739.4058775078,0.0,792739.4058775078,792739.4058775078,15021.710318491314
5664,792739.4058775078,0.0,792739.4058775078,792739.4058775078,15021.685631991404
5665,792739.4058775078,0.0,792739.4058775078,792739.4058775078,15021.660945572588
5666,792209.4969901223,0.0,792209.4969901223,792209.4969901223,15012.40652855556
5667,789453.7602714187,0.0,789453.7602714187,789453.7602714187,14964.37195629405
5668,792739.4058775078,0.0,792739.4058775078,792739.4058775078,15021.586896659152
5669,792318.6555150396,0.0,792318.6555150396,792318.6555150396,15014.23384952137
5670,1102017.4770334726,0.0,1102017.4770334726,1102017.4770334726,20293.077091387255
5671,1400000.0,0.0,1400000.0,1400000.0,25180.82297668005
5672,1400000.0,0.0,1400000.0,1400000.0,25180.78156411182
5673,1400000.0,0.0,1400000.0,1400000.0,25180.74015167977
5674,1400000.0,0.0,1400000.0,1400000.0,25180.698739383904
5675,1400000.0,0.0,1400000.0,1400000.0,25180.657327224235
5676,1400000.0,0.0,1400000.0,1400000.0,25180.61591520075
5677,1400000.0,0.0,1400000.0,1400000.0,25180.574503313448
5678,1400000.0,0.0,1400000.0,1400000.0,25180.53309156233
5679,1400000.0,0.0,1400000.0,1400000.0,25180.4916799474
5680,1400000.0,0.0,1400000.0,1400000.0,25180.45026846865
5681,1072755.4170649385,0.0,1072755.4170649385,1072755.4170649385,19803.20905695118
5682,784475.6121548407,0.0,784475.6121548407,784475.6121548407,14877.211947646138
5683,792739.4058775078,0.0,792739.4058775078,792739.4058775078,15021.201733009157
5684,792739.4058775078,0.0,792739.4058775078,792739.4058775078,15021.177048179876
5685,792739.4058775078,0.0,792739.4058775078,792739.4058775078,15021.152363431684
5686,792739.4058775078,0.0,792739.4058775078,792739.4058775078,15021.127678764573
5687,792739.4058775078,0.0,792739.4058775078,792739.4058775078,15021.102994178551
5688,792739.4058775078,0.0,792739.4058775078,792739.4058775078,15021.07830967361
5689,792739.4058775078,0.0,792739.4058775078,792739.4058775078,15021.05362524975
5690,792739.4058775078,0.0,792739.4058775078,792739.4058775078,15021.028940906974
5691,792551.3928005451,0.0,792551.3928005451,792551.3928005451,15017.729732287922
5692,789664.6187376315,0.0,789664.6187376315,789664.6187376315,14967.416236963127
5693,786942.1337280556,0.0,786942.1337280556,786942.1337280556,14919.945110422543
5694,1120790.2703534975,0.0,1120790.2703534975,1120790.2703534975,20605.354812795198
5695,1400000.0,0.0,1400000.0,1400000.0,25179.856958720968
5696,1240062.6147877227,0.0,1240062.6147877227,1240062.6147877227,22577.65767651133
5697,1043316.5305434365,0.0,1043316.5305434365,1043316.5305434365,19308.409453114848
5698,1168570.803639665,0.0,1168570.803639665,1168570.803639665,21398.77231668861
5699,1158740.594767503,0.0,1158740.594767503,1158740.594767503,21235.85446375331
5700,1246341.0617679944,0.0,1246341.0617679944,1246341.0617679944,22680.557030083295
5701,1339914.5747897723,0.0,1339914.5747897723,1339914.5747897723,24207.514084276972
5702,1304763.027872488,0.0,1304763.027872488,1304763.027872488,23635.758252933505
5703,1296106.2417451008,0.0,1296106.2417451008,1296106.2417451008,23494.573924376364
5704,1216771.569478962,0.0,1216771.569478962,1216771.569478962,22194.42681985148
5705,862068.5988342428,0.0,862068.5988342428,862068.5988342428,16221.970426104843
5706,442881.5383683141,0.0,442881.5383683141,442881.5383683141,8752.513511198393
5707,683737.4153066152,0.0,683737.4153066152,683737.4153066152,13106.458000854667
5708,788917.1295710615,0.0,788917.1295710615,788917.1295710615,14953.987998146988
5709,792739.4058775078,0.0,792739.4058775078,792739.4058775078,15020.550116608305
5710,792739.4058775078,0.0,792739.4058775078,792739.4058775078,15020.52543391941
5711,791327.762766518,0.0,791327.762766518,791327.762766518,14995.913428382742
5712,792411.5288925709,0.0,792411.5288925709,792411.5288925709,15014.75223588741
5713,789318.8837384478,0.0,789318.8837384478,789318.8837384478,14960.852213034803
5714,791267.7415252104,0.0,791267.7415252104,791267.7415252104,14994.780490395467
5715,792604.0034655862,0.0,792604.0034655862,792604.0034655862,15018.030399197469
5716,791541.2193749319,0.0,791541.2193749319,791541.2193749319,14999.494918109604
5717,792630.50373056,0.0,792630.50373056,792630.50373056,15018.442569880186
5718,992442.1456542087,0.0,992442.1456542087,992442.1456542087,18449.09222322121
5719,1400000.0,0.0,1400000.0,1400000.0,25178.878033265115
5720,1400000.0,0.0,1400000.0,1400000.0,25178.836627092584
5721,1400000.0,0.0,1400000.0,1400000.0,25178.795221056196
5722,1400000.0,0.0,1400000.0,1400000.0,25178.753815155993
5723,1400000.0,0.0,1400000.0,1400000.0,25178.712409391916
5724,1400000.0,0.0,1400000.0,1400000.0,25178.67100376401
5725,1400000.0,0.0,1400000.0,1400000.0,25178.629598272248
5726,1400000.0,0.0,1400000.0,1400000.0,25178.58819291664
5727,1400000.0,0.0,1400000.0,1400000.0,25178.54678769719
5728,1400000.0,0.0,1400000.0,1400000.0,25178.50538261389
5729,1118992.4125968763,0.0,1118992.4125968763,1118992.4125968763,20574.206008931225
5730,636081.7461362008,0.0,636081.7461362008,636081.7461362008,12258.752741705715
5731,769245.3071891884,0.0,769245.3071891884,769245.3071891884,14610.109075366732
5732,787895.2552879974,0.0,787895.2552879974,787895.2552879974,14935.562878980647
5733,792739.4058775078,0.0,792739.4058775078,792739.4058775078,15019.930016785327
5734,791341.7749457407,0.0,791341.7749457407,791341.7749457407,14995.562974950159
5735,792739.4058775078,0.0,792739.4058775078,792739.4058775078,15019.880659169788
5736,792709.8602971312,0.0,792709.8602971312,792709.8602971312,15019.341440803728
5737,786716.9176433473,0.0,786716.9176433473,786716.9176433473,14914.902815747811
5738,786716.9176433473,0.0,786716.9176433473,786716.9176433473,14914.87830800423
5739,672682.0318594199,0.0,672682.0318594199,672682.0318594199,12909.78645860182
5740,675131.8579994446,0.0,675131.8579994446,675131.8579994446,12953.216742335355
5741,265945.7457579991,0.0,265945.7457579991,265945.7457579991,5417.938157772072
5742,417212.9100368762,0.0,417212.9100368762,417212.9100368762,8276.429604300845
5743,859159.3399449466,0.0,859159.3399449466,859159.3399449466,16170.773279626148
5744,214897.00416826695,0.0,214897.00416826695,214897.00416826695,4426.951895160119
5745,307732.12290866184,0.0,307732.12290866184,307732.12290866184,6218.126747324763
5746,638555.5623975284,0.0,638555.5623975284,638555.5623975284,12302.56916393956
5747,509652.15241339226,0.0,509652.15241339226,509652.15241339226,9977.672393267798
5748,487335.6391529681,0.0,487335.6391529681,487335.6391529681,9569.702983301015
5749,592503.9285585572,0.0,592503.9285585572,592503.9285585572,11477.866887825741
5750,440002.2767861172,0.0,440002.2767861172,440002.2767861172,8698.625970989126
5751,675408.4560133356,0.0,675408.4560133356,675408.4560133356,12957.893511981576
5752,975874.8227964857,0.0,975874.8227964857,975874.8227964857,18167.225016028402
5753,526799.2146704735,0.0,526799.2146704735,526799.2146704735,10289.882649933743
5754,258097.07892823173,0.0,258097.07892823173,258097.07892823173,5266.474499020001
5755,458847.8504708746,0.0,458847.8504708746,458847.8504708746,9046.317068596489
5756,424211.49948181654,0.0,424211.49948181654,424211.49948181654,8406.13452257595
5757,577357.889736651,0.0,577357.889736651,577357.889736651,11205.094691354083
5758,528570.3573274877,0.0,528570.3573274877,528570.3573274877,10322.00225614015
5759,496219.10267744947,0.0,496219.10267744947,496219.10267744947,9732.122884833938
5760,520535.15345048864,0.0,520535.15345048864,520535.15345048864,10175.788948346037
5761,532878.1304027679,0.0,532878.1304027679,532878.1304027679,10400.232409282813
5762,529690.5461260544,0.0,529690.5461260544,529690.5461260544,10342.296432702755
5763,331910.55797136517,0.0,331910.55797136517,331910.55797136517,6676.996838547247
5764,121568.18428435976,0.0,121568.18428435976,121568.18428435976,2506.2789505670644
5765,68077.3069115194,0.0,68077.3069115194,68077.3069115194,1408.3652222072528
5766,484905.562222549,0.0,484905.562222549,484905.562222549,8444.06153978729
5767,936968.598338434,0.0,936968.598338434,936968.598338434,17503.95592826954
5768,1096771.9990598366,0.0,1096771.9990598366,1096771.9990598366,20201.301317489866
5769,624501.7722831902,0.0,624501.7722831902,624501.7722831902,12050.528043940938
5770,1086086.121288505,0.0,1086086.121288505,1086086.121288505,20022.606564810783
5771,1164374.1853405586,0.0,1164374.1853405586,1164374.1853405586,21325.762433858097
5772,1127531.6394284514,0.0,1127531.6394284514,1127531.6394284514,20714.023396882596
5773,1115763.6081781927,0.0,1115763.6081781927,1115763.6081781927,20518.01491349719
5774,1079872.7128212182,0.0,1079872.7128212182,1079872.7128212182,19918.497808006083
5775,1036860.9390457645,0.0,1036860.9390457645,1036860.9390457645,19196.42569733681
5776,898081.3427400587,0.0,898081.3427400587,898081.3427400587,16838.5251673872
5777,519039.9981945997,0.0,519039.9981945997,519039.9981945997,10147.759818068887
5778,211160.79872464054,0.0,211160.79872464054,211160.79872464054,4344.098629786097
5779,410329.1129890805,0.0,410329.1129890805,410329.1129890805,8086.066310076397
5780,626519.7096700629,0.0,626519.7096700629,626519.7096700629,12086.336366122574
5781,742924.4585772492,0.0,742924.4585772492,742924.4585772492,14147.309389382015
5782,782674.7835824534,0.0,782674.7835824534,782674.7835824534,14842.572570842814
5783,786581.4572552901,0.0,786581.4572552901,786581.4572552901,14910.657121800676
5784,788145.290486867,0.0,788145.290486867,788145.290486867,14937.885343758615
5785,749526.4864009105,0.0,749526.4864009105,749526.4864009105,14262.983943516701
5786,411419.1638345699,0.0,411419.1638345699,411419.1638345699,8167.694005345854
5787,403107.1697809503,0.0,403107.1697809503,403107.1697809503,8012.9883565022155
5788,413067.42585313413,0.0,413067.42585313413,413067.42585313413,8198.31048148536
5789,439194.6764506554,0.0,439194.6764506554,439194.6764506554,8682.64872440676
5790,757031.7888741675,0.0,757031.7888741675,757031.7888741675,14394.335440242403
5791,1161191.5823572364,0.0,1161191.5823572364,1161191.5823572364,21272.29373704881
5792,1226064.3112332847,0.0,1226064.3112332847,1226064.3112332847,22343.106608893508
5793,1188429.2878002254,0.0,1188429.2878002254,1188429.2878002254,21722.850253763165
5794,1259050.240079469,0.0,1259050.240079469,1259050.240079469,22884.370707605787
5795,1263931.3168214546,0.0,1263931.3168214546,1263931.3168214546,22964.260198633598
5796,1265506.895813734,0.0,1265506.895813734,1265506.895813734,22990.01268958961
5797,1329317.786487131,0.0,1329317.786487131,1329317.786487131,24030.573516270586
5798,1217959.4402397433,0.0,1217959.4402397433,1217959.4402397433,22209.554320916443
5799,551959.7777832157,0.0,551959.7777832157,551959.7777832157,10744.992047875761
5800,383250.20804746414,0.0,383250.20804746414,383250.20804746414,7642.151575223448
5801,169995.14360139047,0.0,169995.14360139047,169995.14360139047,3501.5763360716874
5802,87740.92981426006,0.0,87740.92981426006,87740.92981426006,1813.5396031600715
5803,144762.05371347882,0.0,144762.05371347882,144762.05371347882,2789.9794499713953
5804,698175.3362067193,0.0,698175.3362067193,698175.3362067193,12652.574516035496
5805,771568.4931045632,0.0,771568.4931045632,771568.4931045632,14647.557024488311
5806,764306.5075663361,0.0,764306.5075663361,764306.5075663361,14520.619864459368
5807,788171.8538065609,0.0,788171.8538065609,788171.8538065609,14937.156297111775
5808,785825.2792053518,0.0,785825.2792053518,785825.2792053518,14896.239120332806
5809,548479.2514352838,0.0,548479.2514352838,548479.2514352838,10681.331784092152
5810,613843.1814645946,0.0,613843.1814645946,613843.1814645946,11858.437159273657
5811,708191.4763733938,0.0,708191.4763733938,708191.4763733938,13535.07054064625
5812,658403.5228122647,0.0,658403.5228122647,658403.5228122647,12653.46421961767
5813,596936.5694742067,0.0,596936.5694742067,596936.5694742067,11555.176999569236
5814,1043096.0000106829,0.0,1043096.0000106829,1043096.0000106829,19299.288692181657
5815,978347.6171088523,0.0,978347.6171088523,978347.6171088523,18205.663988579177
5816,518688.6257283627,0.0,518688.6257283627,518688.6257283627,10140.220336087054
5817,589069.2377821875,0.0,589069.2377821875,589069.2377821875,11413.711982858498
5818,1161943.1533041657,0.0,1161943.1533041657,1161943.1533041657,21282.96875039021
5819,1227129.532516028,0.0,1227129.532516028,1227129.532516028,22358.761699061164
5820,1189487.6524712224,0.0,1189487.6524712224,1189487.6524712224,21738.516944707055
5821,1180789.3765786795,0.0,1180789.3765786795,1180789.3765786795,21594.76583424257
5822,755564.165055755,0.0,755564.165055755,755564.165055755,14367.270830057985
5823,1040738.695392677,0.0,1040738.695392677,1040738.695392677,19259.354273342073
5824,287764.00359369256,0.0,287764.00359369256,287764.00359369256,5835.45885088259
5825,454704.09426341375,0.0,454704.09426341375,454704.09426341375,8968.012377409608
5826,35672.3759822868,0.0,35672.3759822868,35672.3759822868,731.2083190971665
5827,41246.51680629381,0.0,41246.51680629381,41246.51680629381,816.1130952916369
5828,53351.82908035473,0.0,53351.82908035473,53351.82908035473,1062.54511618112
5829,38698.01178029918,0.0,38698.01178029918,38698.01178029918,801.5221034411023
5830,53896.773373985445,0.0,53896.773373985445,53896.773373985445,1072.8098086465661
5831,0.0,0.0,0.0,0.0,-0.0
5832,34398.91262600056,0.0,34398.91262600056,34398.91262600056,588.692527494793
5833,83297.93610294368,0.0,83297.93610294368,83297.93610294368,1537.7079074135759
5834,52227.74033427075,0.0,52227.74033427075,52227.74033427075,1077.048920136597
5835,30376.867090736134,0.0,30376.867090736134,30376.867090736134,627.9074244882038
5836,23709.542549958842,0.0,23709.542549958842,23709.542549958842,486.2520786761839
5837,72440.3381098421,0.0,72440.3381098421,72440.3381098421,1315.819325399126
5838,46174.3366311117,0.0,46174.3366311117,46174.3366311117,947.5134286859313
5839,271441.2546409319,0.0,271441.2546409319,271441.2546409319,4769.519527797487
5840,763832.0624596016,0.0,763832.0624596016,763832.0624596016,14510.084979058878
5841,1150243.3124860632,0.0,1150243.3124860632,1150243.3124860632,21086.203688184807
5842,1275097.8270905153,0.0,1275097.8270905153,1275097.8270905153,23142.124503727635
5843,651687.7167961455,0.0,651687.7167961455,651687.7167961455,12532.111667437324
5844,1024841.1415209345,0.0,1024841.1415209345,1024841.1415209345,18989.167369722738
5845,1339586.0257569717,0.0,1339586.0257569717,1339586.0257569717,24192.276304535888
5846,1400000.0,0.0,1400000.0,1400000.0,25169.31321645202
5847,1400000.0,0.0,1400000.0,1400000.0,25169.271841721154
5848,1400000.0,0.0,1400000.0,1400000.0,25169.230467126283
5849,1132714.432115945,0.0,1132714.432115945,1132714.432115945,20794.79885309516
5850,748392.2239675277,0.0,748392.2239675277,748392.2239675277,14239.565334050129
5851,792423.3459038519,0.0,792423.3459038519,792423.3459038519,15008.645708604363
5852,791233.8998864978,0.0,791233.8998864978,791233.8998864978,14987.911238845232
5853,792224.0780438727,0.0,792224.0780438727,792224.0780438727,15005.127151366894
5854,787661.668275268,0.0,787661.668275268,787661.668275268,14925.642952631772
5855,792739.4058775078,0.0,792739.4058775078,792739.4058775078,15014.04949462358
5856,791779.9708855526,0.0,791779.9708855526,791779.9708855526,14997.320978171809
5857,787007.9641337087,0.0,787007.9641337087,787007.9641337087,14914.180018774825
5858,784168.2272729976,0.0,784168.2272729976,784168.2272729976,14864.66653827275
5859,768642.850580138,0.0,768642.850580138,768642.850580138,14593.705410869561
5860,687715.108075799,0.0,687715.108075799,687715.108075799,13170.9587783026
5861,628823.9404280059,0.0,628823.9404280059,628823.9404280059,12124.133524472998
5862,1140567.0954019893,0.0,1140567.0954019893,1140567.0954019893,20924.86433414772
5863,1400000.0,0.0,1400000.0,1400000.0,25168.63887520908
5864,1400000.0,0.0,1400000.0,1400000.0,25168.597502694774
5865,1400000.0,0.0,1400000.0,1400000.0,25168.556130316465
5866,1378196.5545083655,0.0,1378196.5545083655,1378196.5545083655,24816.642729764342
5867,1115890.0615158877,0.0,1115890.0615158877,1115890.0615158877,20514.18172707369
5868,1277029.3196253404,0.0,1277029.3196253404,1277029.3196253404,23172.72582129162
5869,1291031.0456461639,0.0,1291031.0456461639,1291031.0456461639,23401.318031724713
5870,1313814.896626695,0.0,1313814.896626695,1313814.896626695,23772.530201641577
5871,1285017.7432975713,0.0,1285017.7432975713,1285017.7432975713,23303.09675683732
5872,1174427.072182631,0.0,1174427.072182631,1174427.072182631,21485.75424651662
5873,427913.67388751765,0.0,427913.67388751765,427913.67388751765,8471.358559319358
5874,309417.8093519964,0.0,309417.8093519964,309417.8093519964,6247.523158320918
5875,440386.67434877955,0.0,440386.67434877955,440386.67434877955,8702.11617432327
5876,592632.8661299199,0.0,592632.8661299199,592632.8661299199,11475.477681367272
5877,499438.7580444139,0.0,499438.7580444139,499438.7580444139,9787.066265938935
5878,384295.3067549654,0.0,384295.3067549654,384295.3067549654,7659.528496942755
5879,333134.7798088217,0.0,333134.7798088217,333134.7798088217,6697.435427718183
5880,217796.50916923778,0.0,217796.50916923778,217796.50916923778,4481.6405701952035
5881,239028.39884650926,0.0,239028.39884650926,239028.39884650926,4895.160544553842
5882,121119.74773418534,0.0,121119.74773418534,121119.74773418534,2496.470817129072
5883,40705.49311773371,0.0,40705.49311773371,40705.49311773371,840.769094170831
5884,33426.73194428286,0.0,33426.73194428286,33426.73194428286,687.4366688621949
5885,32268.731710732798,0.0,32268.731710732798,32268.731710732798,664.8561781297403
5886,466832.34846602054,0.0,466832.34846602054,466832.34846602054,7867.290536418059
5887,964401.1240669978,0.0,964401.1240669978,964401.1240669978,17963.980605765308
5888,1121414.6004527144,0.0,1121414.6004527144,1121414.6004527144,20604.30609632623
5889,1164179.1044776118,0.0,1164179.1044776118,1164179.1044776118,21314.332843356322
5890,1164179.1044776118,0.0,1164179.1044776118,1164179.1044776118,21314.297820645763
5891,1095706.2875666653,0.0,1095706.2875666653,1095706.2875666653,20175.527960674845
5892,1081733.4859318302,0.0,1081733.4859318302,1081733.4859318302,19941.921620190366
5893,1164179.1044776118,0.0,1164179.1044776118,1164179.1044776118,21314.193202512837
5894,1164179.1044776118,0.0,1164179.1044776118,1164179.1044776118,21314.15818026106
5895,1064556.1562296753,0.0,1064556.1562296753,1064556.1562296753,19654.11441213799
5896,987994.9891861596,0.0,987994.9891861596,987994.9891861596,18363.932302001926
5897,484641.8823443666,0.0,484641.8823443666,484641.8823443666,9515.433725209783
5898,29669.56727639399,0.0,29669.56727639399,29669.56727639399,613.9340956492842
5899,6773.956293663158,0.0,6773.956293663158,6773.956293663158,-0.0
5900,29505.45465821173,0.0,29505.45465821173,29505.45465821173,508.8813315986587
5901,57424.09791714344,0.0,57424.09791714344,57424.09791714344,1099.5238255736026
5902,18629.6973059342,0.0,18629.6973059342,18629.6973059342,372.0185905775498
5903,26932.316033596733,0.0,26932.316033596733,26932.316033596733,502.6233236235926
5904,27754.399003642797,0.0,27754.399003642797,27754.399003642797,564.064324186093
5905,26377.430409594923,0.0,26377.430409594923,26377.430409594923,537.6405247687181
5906,14680.59309674912,0.0,14680.59309674912,14680.59309674912,297.4628483713302
5907,35840.37907986772,0.0,35840.37907986772,35840.37907986772,652.6246206760634
5908,45095.34642017253,0.0,45095.34642017253,45095.34642017253,887.7213881424258
5909,53748.146645061126,0.0,53748.146645061126,53748.146645061126,1069.5113570245358
5910,423755.58572835557,0.0,423755.58572835557,423755.58572835557,7313.161998005083
5911,973110.2702539247,0.0,973110.2702539247,973110.2702539247,18109.831471126916
5912,1146662.0473737295,0.0,1146662.0473737295,1146662.0473737295,21021.6441286521
5913,1155519.3258969053,0.0,1155519.3258969053,1155519.3258969053,21168.510437241446
5914,1179778.1481866054,0.0,1179778.1481866054,1179778.1481866054,21570.003458986826
5915,1168252.3080226425,0.0,1168252.3080226425,1168252.3080226425,21379.342285909457
5916,1124097.554492431,0.0,1124097.554492431,1124097.554492431,20646.542951276613
5917,1132086.3266489666,0.0,1132086.3266489666,1132086.3266489666,20779.38098701461
5918,953876.5858315424,0.0,953876.5858315424,953876.5858315424,17782.83571325333
5919,819906.1046299594,0.0,819906.1046299594,819906.1046299594,15482.332367338775
5920,850469.1536796173,0.0,850469.1536796173,850469.1536796173,16010.964970601557
5921,275668.6142602572,0.0,275668.6142602572,275668.6142602572,5601.197919519538
5922,26368.678874317164,0.0,26368.678874317164,26368.678874317164,537.4350315210164
5923,24852.481064078547,0.0,24852.481064078547,24852.481064078547,508.21580490350584
5924,0.0,0.0,0.0,0.0,-0.0
5925,0.0,0.0,0.0,0.0,-0.0
5926,0.0,0.0,0.0,0.0,-0.0
5927,0.0,0.0,0.0,0.0,-0.0
5928,0.0,0.0,0.0,0.0,-0.0
5929,0.0,0.0,0.0,0.0,-0.0
5930,30033.408530895358,0.0,30033.408530895358,30033.408530895358,517.4190941833136
5931,0.0,0.0,0.0,0.0,-0.0
5932,0.0,0.0,0.0,0.0,-0.0
5933,33865.497799550154,0.0,33865.497799550154,33865.497799550154,579.753558955362
5934,339098.2911758255,0.0,339098.2911758255,339098.2911758255,5828.938086714698
5935,347186.3322799675,0.0,347186.3322799675,347186.3322799675,6960.643649811101
5936,349656.29205630237,0.0,349656.29205630237,349656.29205630237,7007.174566451547
5937,440663.9740208293,0.0,440663.9740208293,440663.9740208293,8704.49186608378
5938,724350.5582838638,0.0,724350.5582838638,724350.5582838638,13812.641053808466
5939,1180323.1150350429,0.0,1180323.1150350429,1180323.1150350429,21576.783867270242
5940,1088489.0461660433,0.0,1088489.0461660433,1088489.0461660433,20050.62302852059
5941,1123552.1467097576,0.0,1123552.1467097576,1123552.1467097576,20635.32782767082
5942,1086006.1318892806,0.0,1086006.1318892806,1086006.1318892806,20009.052339273425
5943,1005339.9385270237,0.0,1005339.9385270237,1005339.9385270237,18653.373461986146
5944,817246.4154848143,0.0,817246.4154848143,817246.4154848143,15434.57033603626
5945,394519.0812626021,0.0,394519.0812626021,394519.0812626021,7847.904958629208
5946,252136.19588140812,0.0,252136.19588140812,252136.19588140812,5147.348847019103
5947,472652.3325516774,0.0,472652.3325516774,472652.3325516774,9293.395227948407
5948,714770.9258675667,0.0,714770.9258675667,714770.9258675667,13643.836154978755
5949,781931.3573458361,0.0,781931.3573458361,781931.3573458361,14820.470238551787
5950,783301.2110141864,0.0,783301.2110141864,783301.2110141864,14844.321680067149
5951,766461.0094265444,0.0,766461.0094265444,766461.0094265444,14550.44260784895
5952,728911.4167844531,0.0,728911.4167844531,728911.4167844531,13892.49313668416
5953,735389.304727797,0.0,735389.304727797,735389.304727797,14006.242101625554
5954,711025.2680320133,0.0,711025.2680320133,711025.2680320133,13577.719535121354
5955,764981.9935231096,0.0,764981.9935231096,764981.9935231096,14524.503787704674
5956,719612.9736014471,0.0,719612.9736014471,719612.9736014471,13728.89420418756
5957,589028.4502141442,0.0,589028.4502141442,589028.4502141442,11406.797312241195
5958,906439.2932084738,0.0,906439.2932084738,906439.2932084738,16970.994642478694
5959,1149841.9161708313,0.0,1149841.9161708313,1149841.9161708313,21071.48564741218
5960,1163046.8943156837,0.0,1163046.8943156837,1163046.8943156837,21290.289352238295
5961,1138648.1467338502,0.0,1138648.1467338502,1138648.1467338502,20885.631157117794
5962,1188877.806858305,0.0,1188877.806858305,1188877.806858305,21717.2838848714
5963,1247607.761706976,0.0,1247607.761706976,1247607.761706976,22683.335431983447
5964,1348514.301983067,0.0,1348514.301983067,1348514.301983067,24327.883524078155
5965,1316051.571070876,0.0,1316051.571070876,1316051.571070876,23800.816938245345
5966,1400000.0,0.0,1400000.0,1400000.0,25159.79427824495
5967,1314438.3867761113,0.0,1314438.3867761113,1314438.3867761113,23774.498691839122
5968,1070578.4191099748,0.0,1070578.4191099748,1070578.4191099748,19750.039125795778
5969,916409.9168188814,0.0,916409.9168188814,916409.9168188814,17141.27047332484
5970,538667.6995053956,0.0,538667.6995053956,538667.6995053956,10497.3713462087
5971,734250.6794317721,0.0,734250.6794317721,734250.6794317721,13985.828400847684
5972,710627.4048573719,0.0,710627.4048573719,710627.4048573719,13570.296121028694
5973,774410.1406457344,0.0,774410.1406457344,774410.1406457344,14688.704522246282
5974,786110.4560432145,0.0,786110.4560432145,786110.4560432145,14892.674695664638
5975,786760.9412804439,0.0,786760.9412804439,786760.9412804439,14903.980956402467
5976,788600.6756609658,0.0,788600.6756609658,788600.6756609658,14935.996585135097
5977,791610.5804874516,0.0,791610.5804874516,791610.5804874516,14988.372440299534
5978,788215.9052433204,0.0,788215.9052433204,788215.9052433204,14929.247263555406
5979,787630.8528119329,0.0,787630.8528119329,787630.8528119329,14919.034118882113
5980,787104.8543645225,0.0,787104.8543645225,787104.8543645225,14909.848667770033
5981,787139.2284699063,0.0,787139.2284699063,787139.2284699063,14910.422879014815
5982,960585.7426888563,0.0,960585.7426888563,960585.7426888563,17893.908311682317
5983,932540.7969304316,0.0,932540.7969304316,932540.7969304316,17416.36752321576
5984,520074.95916370995,0.0,520074.95916370995,520074.95916370995,10159.416478139901
5985,184063.32045539434,0.0,184063.32045539434,184063.32045539434,3792.564174296001
5986,923067.7153504806,0.0,923067.7153504806,923067.7153504806,16863.771013144957
5987,1276298.7695401125,0.0,1276298.7695401125,1276298.7695401125,23151.77651114177
5988,1155933.3369832954,0.0,1155933.3369832954,1155933.3369832954,21171.289624400208
5989,1076986.3362689577,0.0,1076986.3362689577,1076986.3362689577,19856.475890375834
5990,1082118.0313399888,0.0,1082118.0313399888,1082118.0313399888,19942.302453366654
5991,1142179.8938947779,0.0,1142179.8938947779,1142179.8938947779,20943.063795698163
5992,1099627.1103757573,0.0,1099627.1103757573,1099627.1103757573,20234.763329980535
5993,729823.1732931111,0.0,729823.1732931111,729823.1732931111,13907.421610486232
5994,654946.9290381434,0.0,654946.9290381434,654946.9290381434,12584.21487814176
5995,781570.7494514069,0.0,781570.7494514069,781570.7494514069,14812.906743739737
5996,717249.5322015256,0.0,717249.5322015256,717249.5322015256,13686.24375316846
5997,787494.0075216084,0.0,787494.0075216084,787494.0075216084,14916.059594142518
5998,758279.1042749619,0.0,758279.1042749619,758279.1042749619,14406.13393269699
5999,463271.23821703694,0.0,463271.23821703694,463271.23821703694,9120.117665693497
6000,451064.96550491406,0.0,451064.96550491406,451064.96550491406,8895.375259554874
6001,624228.990794667,0.0,624228.990794667,624228.990794667,12036.619798261161
6002,538404.1010998564,0.0,538404.1010998564,538404.1010998564,10491.917467328649
6003,761796.333386503,0.0,761796.333386503,761796.333386503,14467.524402943029
6004,736703.8856817157,0.0,736703.8856817157,736703.8856817157,14027.988085263569
6005,550132.2683534925,0.0,550132.2683534925,550132.2683534925,10704.310125447691
6006,942475.1273202577,0.0,942475.1273202577,942475.1273202577,17584.900906876686
6007,1400000.0,0.0,1400000.0,1400000.0,25157.94933624177
6008,875893.4019639444,0.0,875893.4019639444,875893.4019639444,16445.376586513477
6009,490131.6397071314,0.0,490131.6397071314,490131.6397071314,9612.614558795405
6010,548395.5475615589,0.0,548395.5475615589,548395.5475615589,10672.788543463197
6011,465430.98750150984,0.0,465430.98750150984,465430.98750150984,9159.639308891747
6012,541568.1571301699,0.0,541568.1571301699,541568.1571301699,10549.09881212278
6013,448472.2199149941,0.0,448472.2199149941,448472.2199149941,8847.37691571999
6014,536772.442260135,0.0,536772.442260135,536772.442260135,10462.116550706633
6015,1156417.2032107837,0.0,1156417.2032107837,1156417.2032107837,21178.406166133685
6016,606780.6628266413,0.0,606780.6628266413,606780.6628266413,11724.12463350101
6017,202176.05397806605,0.0,202176.05397806605,202176.05397806605,4164.9240309487295
6018,266595.2548148286,0.0,266595.2548148286,266595.2548148286,5384.49525281369
6019,489249.6488566634,0.0,489249.6488566634,489249.6488566634,9596.287215953304
6020,728120.0507926553,0.0,728120.0507926553,728120.0507926553,13876.84304913351
6021,586210.6776151013,0.0,586210.6776151013,586210.6776151013,11354.761928651174
6022,691739.1533127927,0.0,691739.1533127927,691739.1533127927,13235.702252684958
6023,690628.3906620814,0.0,690628.3906620814,690628.3906620814,13216.049355252091
6024,698658.2751316098,0.0,698658.2751316098,698658.2751316098,13357.866900309475
6025,764773.6639615054,0.0,764773.6639615054,764773.6639615054,14518.999270497683
6026,733481.2012242143,0.0,733481.2012242143,733481.2012242143,13970.873370449546
6027,580882.3576807088,0.0,580882.3576807088,580882.3576807088,11258.795155030815
6028,401561.96914320963,0.0,401561.96914320963,401561.96914320963,7977.908189398414
6029,250641.57092880007,0.0,250641.57092880007,250641.57092880007,5117.632513580035
6030,590498.4124376653,0.0,590498.4124376653,590498.4124376653,11431.664310970844
6031,421154.00354499486,0.0,421154.00354499486,421154.00354499486,8341.911915800574
6032,1312853.0973453731,0.0,1312853.0973453731,1312853.0973453731,23746.01105097453
6033,1201363.1876935002,0.0,1201363.1876935002,1201363.1876935002,21920.49984416709
6034,1245182.4329284425,0.0,1245182.4329284425,1245182.4329284425,22640.762755216623
6035,1291717.5605960998,0.0,1291717.5605960998,1291717.5605960998,23401.638531753146
6036,1349546.0639974354,0.0,1349546.0639974354,1349546.0639974354,24341.56696683776
6037,1400000.0,0.0,1400000.0,1400000.0,25156.70976459661
6038,1400000.0,0.0,1400000.0,1400000.0,25156.668431286525
6039,1400000.0,0.0,1400000.0,1400000.0,25156.62709811224
6040,1400000.0,0.0,1400000.0,1400000.0,25156.585765073753
6041,1039241.3176381342,0.0,1039241.3176381342,1039241.3176381342,19221.56412504449
6042,789869.951642762,0.0,789869.951642762,789869.951642762,14956.282817308498
6043,792739.4058775078,0.0,792739.4058775078,792739.4058775078,15006.199089033207
6044,792739.4058775078,0.0,792739.4058775078,792739.4058775078,15006.17445345887
6045,792739.4058775078,0.0,792739.4058775078,792739.4058775078,15006.149817965379
6046,792739.4058775078,0.0,792739.4058775078,792739.4058775078,15006.125182552725
6047,792739.4058775078,0.0,792739.4058775078,792739.4058775078,15006.100547220914
6048,792739.4058775078,0.0,792739.4058775078,792739.4058775078,15006.062433275098
6049,792739.4058775078,0.0,792739.4058775078,792739.4058775078,15006.037798149116
6050,792739.4058775078,0.0,792739.4058775078,792739.4058775078,15006.013163103977
6051,792739.4058775078,0.0,792739.4058775078,792739.4058775078,15005.988528139673
6052,792739.4058775078,0.0,792739.4058775078,792739.4058775078,15005.963893256208
6053,792739.4058775078,0.0,792739.4058775078,792739.4058775078,15005.939258453585
6054,1117430.6709008084,0.0,1117430.6709008084,1117430.6709008084,20529.448203671513
6055,1400000.0,0.0,1400000.0,1400000.0,25155.97220572155
6056,1400000.0,0.0,1400000.0,1400000.0,25155.9308748345
6057,1400000.0,0.0,1400000.0,1400000.0,25155.88954408322
6058,1400000.0,0.0,1400000.0,1400000.0,25155.848213467736
6059,1400000.0,0.0,1400000.0,1400000.0,25155.80688298803
6060,1400000.0,0.0,1400000.0,1400000.0,25155.76555264411
6061,1400000.0,0.0,1400000.0,1400000.0,25155.724222435965
6062,1400000.0,0.0,1400000.0,1400000.0,25155.68289236361
6063,1400000.0,0.0,1400000.0,1400000.0,25155.641562427027
6064,1400000.0,0.0,1400000.0,1400000.0,25155.600232626235
6065,1263335.1341836709,0.0,1263335.1341836709,1263335.1341836709,22936.898256149925
6066,782199.1598040368,0.0,782199.1598040368,782199.1598040368,14822.06020849431
6067,790359.489186503,0.0,790359.489186503,790359.489186503,14964.16138780973
6068,792739.4058775078,0.0,792739.4058775078,792739.4058775078,15005.554467186808
6069,44958.11779496852,0.0,44958.11779496852,44958.11779496852,923.2177615213805
6070,222220.5376375192,0.0,222220.5376375192,222220.5376375192,3943.3224600825215
6071,769403.8798759669,0.0,769403.8798759669,769403.8798759669,14597.869108365136
6072,792739.4058775078,0.0,792739.4058775078,792739.4058775078,15004.562816614733
6073,786104.0542682456,0.0,786104.0542682456,786104.0542682456,14889.033936716176
6074,691793.2864770021,0.0,691793.2864770021,691793.2864770021,13234.690029460737
6075,241945.1749986445,0.0,241945.1749986445,241945.1749986445,4948.559599626411
6076,252523.88909445112,0.0,252523.88909445112,252523.88909445112,5153.233937781892
6077,0.0,0.0,0.0,0.0,-0.0
6078,119948.5637596801,0.0,119948.5637596801,119948.5637596801,2059.7945197131103
6079,377654.5561914772,0.0,377654.5561914772,377654.5561914772,6961.202628478128
6080,116839.15817357384,0.0,116839.15817357384,116839.15817357384,2410.8437705067954
6081,103307.31311133664,0.0,103307.31311133664,103307.31311133664,2126.218643871718
6082,141950.50428179986,0.0,141950.50428179986,141950.50428179986,2782.572084715755
6083,1122884.6057063916,0.0,1122884.6057063916,1122884.6057063916,19370.534327816706
6084,979874.3449244027,0.0,979874.3449244027,979874.3449244027,18214.98378310991
6085,1063037.2678015903,0.0,1063037.2678015903,1063037.2678015903,19616.455285337142
6086,501671.14718289574,0.0,501671.14718289574,501671.14718289574,9820.433704720881
6087,699630.048660419,0.0,699630.048660419,699630.048660419,13371.300827054805
6088,794101.407739219,0.0,794101.407739219,794101.407739219,15026.208946571729
6089,350774.4559950817,0.0,350774.4559950817,350774.4559950817,7024.9878673728745
6090,193439.7259786645,0.0,193439.7259786645,193439.7259786645,3983.677959351165
6091,274055.81570284517,0.0,274055.81570284517,274055.81570284517,5483.047209911433
6092,163383.27426244068,0.0,163383.27426244068,163383.27426244068,3368.411651368592
6093,225361.70745666034,0.0,225361.70745666034,225361.70745666034,4451.0435812823325
6094,250819.83993964593,0.0,250819.83993964593,250819.83993964593,5119.407897648671
6095,494262.07150226395,0.0,494262.07150226395,494262.07150226395,9684.755608528061
6096,451955.6458962169,0.0,451955.6458962169,451955.6458962169,8908.499885840396
6097,642211.7260893242,0.0,642211.7260893242,642211.7260893242,12352.989319624663
6098,356698.1833864828,0.0,356698.1833864828,356698.1833864828,7136.145987213344
6099,115012.54640486704,0.0,115012.54640486704,115012.54640486704,2365.063223905023
6100,396607.69310112874,0.0,396607.69310112874,396607.69310112874,7227.724292880122
6101,565564.6136193704,0.0,565564.6136193704,565564.6136193704,10978.781690976473
6102,1105948.3952276593,0.0,1105948.3952276593,1105948.3952276593,20332.05358005063
6103,1400000.0,0.0,1400000.0,1400000.0,25148.627474597626
6104,1400000.0,0.0,1400000.0,1400000.0,25148.58616781119
6105,1400000.0,0.0,1400000.0,1400000.0,25148.544861160422
6106,1400000.0,0.0,1400000.0,1400000.0,25148.503554645325
6107,1400000.0,0.0,1400000.0,1400000.0,25148.46224826588
6108,1400000.0,0.0,1400000.0,1400000.0,25148.42094202211
6109,1400000.0,0.0,1400000.0,1400000.0,25148.379635913996
6110,1400000.0,0.0,1400000.0,1400000.0,25148.338329941562
6111,1400000.0,0.0,1400000.0,1400000.0,25148.297024104762
6112,886951.2680178339,0.0,886951.2680178339,886951.2680178339,16628.68870281031
6113,1162669.1202916058,0.0,1162669.1202916058,1162669.1202916058,21273.84517440279
6114,737934.9833274427,0.0,737934.9833274427,737934.9833274427,14043.736997315284
6115,792739.4058775078,0.0,792739.4058775078,792739.4058775078,15000.964155533902
6116,792739.4058775078,0.0,792739.4058775078,792739.4058775078,15000.939537118064
6117,792739.4058775078,0.0,792739.4058775078,792739.4058775078,15000.91491878298
6118,792739.4058775078,0.0,792739.4058775078,792739.4058775078,15000.890300528661
6119,792739.4058775078,0.0,792739.4058775078,792739.4058775078,15000.865682355094
6120,791892.5440911094,0.0,791892.5440911094,791892.5440911094,14986.10903749498
6121,717340.625517183,0.0,717340.625517183,717340.625517183,13681.794994189038
6122,588123.2979269598,0.0,588123.2979269598,588123.2979269598,11384.523730594281
6123,685135.7936549163,0.0,685135.7936549163,685135.7936549163,13113.680765504438
6124,606059.6808263045,0.0,606059.6808263045,606059.6808263045,11706.288547630562
6125,362823.05757227587,0.0,362823.05757227587,362823.05757227587,7250.581695049473
6126,1030501.6407791974,0.0,1030501.6407791974,1030501.6407791974,19067.607911158477
6127,1400000.0,0.0,1400000.0,1400000.0,25147.670504353053
6128,1260885.3299790097,0.0,1260885.3299790097,1260885.3299790097,22889.518527222463
6129,1276423.2122796872,0.0,1276423.2122796872,1276423.2122796872,23143.45556841599
6130,1222484.3676373698,0.0,1222484.3676373698,1222484.3676373698,22259.786680550846
6131,1228461.0129392934,0.0,1228461.0129392934,1228461.0129392934,22357.934970368173
6132,1221688.5865670503,0.0,1221688.5865670503,1221688.5865670503,22246.635188941345
6133,1205851.8054965946,0.0,1205851.8054965946,1205851.8054965946,21986.070507853427
6134,1202626.631936069,0.0,1202626.631936069,1202626.631936069,21932.917520694726
6135,1193003.6336173601,0.0,1193003.6336173601,1193003.6336173601,21774.274327224924
6136,1003102.0701605687,0.0,1003102.0701605687,1003102.0701605687,18605.32579621118
6137,410562.3305841607,0.0,410562.3305841607,410562.3305841607,8141.822343190269
6138,0.0,0.0,0.0,0.0,-0.0
6139,15698.561914833472,0.0,15698.561914833472,15698.561914833472,263.83208652183885
6140,20693.93927664025,0.0,20693.93927664025,20693.93927664025,391.4691776754693
6141,2074.805473542147,0.0,2074.805473542147,2074.805473542147,-0.0
6142,52587.99430858551,0.0,52587.99430858551,52587.99430858551,902.401683390004
6143,104429.4944625746,0.0,104429.4944625746,104429.4944625746,1969.0061604920108
6144,88278.75924879457,0.0,88278.75924879457,88278.75924879457,1821.7921120491185
6145,96574.35264413536,0.0,96574.35264413536,96574.35264413536,1960.8375483672826
6146,302539.6550206922,0.0,302539.6550206922,302539.6550206922,5556.186593605438
6147,243330.6560187568,0.0,243330.6560187568,243330.6560187568,4973.449447381854
6148,528829.3581213508,0.0,528829.3581213508,528829.3581213508,10312.31858590017
6149,659657.8467072205,0.0,659657.8467072205,659657.8467072205,12660.70273014152
6150,906424.1634850388,0.0,906424.1634850388,906424.1634850388,16960.100993213717
6151,1399577.796691142,0.0,1399577.796691142,1399577.796691142,25138.148313493955
6152,1355100.762691978,0.0,1355100.762691978,1355100.762691978,24419.9944589397
6153,1272039.5993847917,0.0,1272039.5993847917,1272039.5993847917,23069.327164374477
6154,1292257.9357457424,0.0,1292257.9357457424,1292257.9357457424,23399.22302100311
6155,1338082.067803317,0.0,1338082.067803317,1338082.067803317,24144.16685587693
6156,1265503.1451514806,0.0,1265503.1451514806,1265503.1451514806,22962.38395192113
6157,1346956.3897532101,0.0,1346956.3897532101,1346956.3897532101,24287.91889814038
6158,1234937.287545493,0.0,1234937.287545493,1234937.287545493,22461.675239105585
6159,1063969.012145286,0.0,1063969.012145286,1063969.012145286,19627.17766646932
6160,779234.6814314339,0.0,779234.6814314339,779234.6814314339,14763.609052272204
6161,605060.4763110066,0.0,605060.4763110066,605060.4763110066,11686.763928528233
6162,730515.7033748238,0.0,730515.7033748238,730515.7033748238,13911.37820858864
6163,785868.0527563423,0.0,785868.0527563423,785868.0527563423,14879.083490417072
6164,786902.641308576,0.0,786902.641308576,786902.641308576,14897.070232586837
6165,787909.974103259,0.0,787909.974103259,787909.974103259,14914.579762418547
6166,785751.1751982722,0.0,785751.1751982722,785751.1751982722,14876.975349465874
6167,782801.1942876253,0.0,782801.1942876253,782801.1942876253,14825.578819105378
6168,686403.310314636,0.0,686403.310314636,686403.310314636,13134.112964479673
6169,767293.4970877877,0.0,767293.4970877877,767293.4970877877,14555.101509876182
6170,736808.135116772,0.0,736808.135116772,736808.135116772,14021.615240656227
6171,744433.4626630357,0.0,744433.4626630357,744433.4626630357,14155.259468521042
6172,757216.5321349908,0.0,757216.5321349908,757216.5321349908,14378.966915437406
6173,668521.3889381966,0.0,668521.3889381966,668521.3889381966,12817.438656302997
6174,83478.94588042228,0.0,83478.94588042228,83478.94588042228,1717.817268302354
6175,696098.604457191,0.0,696098.604457191,696098.604457191,11896.386570835964
6176,706091.7617812358,0.0,706091.7617812358,706091.7617812358,13480.819508293202
6177,544019.9380293747,0.0,544019.9380293747,544019.9380293747,10586.69868098255
6178,189303.66835759382,0.0,189303.66835759382,189303.66835759382,3892.3597555427955
6179,348748.7371087619,0.0,348748.7371087619,348748.7371087619,6826.307860757955
6180,212916.81567628364,0.0,212916.81567628364,212916.81567628364,4381.060627726271
6181,639479.6674961888,0.0,639479.6674961888,639479.6674961888,12300.501820679914
6182,445503.8351765382,0.0,445503.8351765382,445503.8351765382,8786.727946138704
6183,420522.553075887,0.0,420522.553075887,420522.553075887,8324.865760815585
6184,347295.4979922612,0.0,347295.4979922612,347295.4979922612,6956.9179266898955
6185,697070.7519395107,0.0,697070.7519395107,697070.7519395107,13321.412935873934
6186,519602.6812026413,0.0,519602.6812026413,519602.6812026413,10143.429998546588
6187,667343.808885974,0.0,667343.808885974,667343.808885974,12795.544014531291
6188,613489.0522974615,0.0,613489.0522974615,613489.0522974615,11836.451329020623
6189,512425.7852363377,0.0,512425.7852363377,512425.7852363377,10012.794821704578
6190,474338.41580685147,0.0,474338.41580685147,474338.41580685147,9316.852055174295
6191,497712.87810713844,0.0,497712.87810713844,497712.87810713844,9744.518850222968
6192,785457.948869246,0.0,785457.948869246,785457.948869246,14870.415446757339
6193,663847.7657649678,0.0,663847.7657649678,663847.7657649678,12733.415770070844
6194,782884.8071372994,0.0,782884.8071372994,782884.8071372994,14825.560645505244
6195,759269.4846627652,0.0,759269.4846627652,759269.4846627652,14413.51472077252
6196,776393.90234777,0.0,776393.90234777,776393.90234777,14712.409325931763
6197,753682.6393418651,0.0,753682.6393418651,753682.6393418651,14315.778265525149
6198,1122298.3355184945,0.0,1122298.3355184945,1122298.3355184945,20598.551846187096
6199,611847.6338819125,0.0,611847.6338819125,611847.6338819125,11806.870861910656
6200,310821.60579546134,0.0,310821.60579546134,310821.60579546134,6266.794835638574
6201,508091.47212815366,0.0,508091.47212815366,508091.47212815366,9933.648774157346
6202,1257319.4339568564,0.0,1257319.4339568564,1257319.4339568564,22825.6586453431
6203,1235659.5322624473,0.0,1235659.5322624473,1235659.5322624473,22470.742409735576
6204,1261111.945291263,0.0,1261111.945291263,1261111.945291263,22887.628623491048
6205,1234891.4188008262,0.0,1234891.4188008262,1234891.4188008262,22458.067195548105
6206,1240602.412519789,0.0,1240602.412519789,1240602.412519789,22551.69527931041
6207,1248903.5800554517,0.0,1248903.5800554517,1248903.5800554517,22687.692345080006
6208,1055374.6842793238,0.0,1055374.6842793238,1055374.6842793238,19480.51409866916
6209,440124.36931743205,0.0,440124.36931743205,440124.36931743205,8687.070314532597
6210,183634.2735718375,0.0,183634.2735718375,183634.2735718375,3781.304217623007
6211,347505.9477571509,0.0,347505.9477571509,347505.9477571509,6803.000869996591
6212,529715.1378281332,0.0,529715.1378281332,529715.1378281332,10326.582692661786
6213,781436.9719468806,0.0,781436.9719468806,781436.9719468806,14799.73407038192
6214,787031.3411825494,0.0,787031.3411825494,787031.3411825494,14897.120318240004
6215,788340.5098096705,0.0,788340.5098096705,788340.5098096705,14919.879708253253
6216,784928.5162458194,0.0,784928.5162458194,784928.5162458194,14860.452806125099
6217,742238.2427835145,0.0,742238.2427835145,742238.2427835145,14114.789484072013
6218,670728.203890648,0.0,670728.203890648,670728.203890648,12854.735799829064
6219,538426.8964270238,0.0,538426.8964270238,538426.8964270238,10484.436391644185
6220,573944.6001128159,0.0,573944.6001128159,573944.6001128159,11125.997681608977
6221,646435.1224192855,0.0,646435.1224192855,646435.1224192855,12423.360302801711
6222,836341.6088975369,0.0,836341.6088975369,836341.6088975369,15752.041433021739
6223,976070.6677095221,0.0,976070.6677095221,976070.6677095221,18142.881967546524
6224,608530.4086471141,0.0,608530.4086471141,608530.4086471141,11746.882314800283
6225,923591.9760668217,0.0,923591.9760668217,923591.9760668217,17250.29874049593
6226,817001.0251557226,0.0,817001.0251557226,817001.0251557226,15417.27504765781
6227,590425.2444178383,0.0,590425.2444178383,590425.2444178383,11422.218877070985
6228,452205.0751638146,0.0,452205.0751638146,452205.0751638146,8909.431909417443
6229,648677.4428628826,0.0,648677.4428628826,648677.4428628826,12463.078020796025
6230,872380.2639622006,0.0,872380.2639622006,872380.2639622006,16372.95481950261
6231,283829.2193687589,0.0,283829.2193687589,283829.2193687589,5751.740652792584
6232,301497.87645681866,0.0,301497.87645681866,301497.87645681866,6089.015534640943
6233,579122.4148958434,0.0,579122.4148958434,579122.4148958434,11218.954859079335
6234,724735.7744081133,0.0,724735.7744081133,724735.7744081133,13807.3049293355
6235,537685.062616496,0.0,537685.062616496,537685.062616496,10470.715126148832
6236,718854.0029899043,0.0,718854.0029899043,718854.0029899043,13703.873606909388
6237,786677.6374910137,0.0,786677.6374910137,786677.6374910137,14890.396850802974
6238,792102.280473595,0.0,792102.280473595,792102.280473595,14984.751869121228
6239,790655.9675885614,0.0,790655.9675885614,790655.9675885614,14959.571394690209
6240,592279.4488373554,0.0,592279.4488373554,592279.4488373554,11455.263863550024
6241,645945.5215567815,0.0,645945.5215567815,645945.5215567815,12414.242348873266
6242,429406.56282467215,0.0,429406.56282467215,429406.56282467215,8488.433868558364
6243,540479.3779266153,0.0,540479.3779266153,540479.3779266153,10521.20223469538
6244,748123.9046065882,0.0,748123.9046065882,748123.9046065882,14217.254275196976
6245,787106.2502651396,0.0,787106.2502651396,787106.2502651396,14897.663997094567
6246,844880.1643295313,0.0,844880.1643295313,844880.1643295313,15898.879993838176
6247,874648.976829982,0.0,874648.976829982,874648.976829982,16411.5032796486
6248,489352.36501922586,0.0,489352.36501922586,489352.36501922586,9590.734904089566
6249,687646.9022427431,0.0,687646.9022427431,687646.9022427431,13153.462337487521
6250,789219.4526691039,0.0,789219.4526691039,789219.4526691039,14934.31468562943
6251,1088167.9581002195,0.0,1088167.9581002195,1088167.9581002195,20027.819674080303
6252,1328867.6137344993,0.0,1328867.6137344993,1328867.6137344993,23989.533924922835
6253,1400000.0,0.0,1400000.0,1400000.0,25139.387539889543
6254,1400000.0,0.0,1400000.0,1400000.0,25139.346263435273
6255,1400000.0,0.0,1400000.0,1400000.0,25139.30498711652
6256,1400000.0,0.0,1400000.0,1400000.0,25139.263710933283
6257,1092086.6150641465,0.0,1092086.6150641465,1092086.6150641465,20093.047858147154
6258,785251.682606675,0.0,785251.682606675,785251.682606675,14865.058293928098
6259,789409.1554312834,0.0,789409.1554312834,789409.1554312834,14937.386603273211
6260,792739.4058775078,0.0,792739.4058775078,792739.4058775078,14995.28632478497
6261,792739.4058775078,0.0,792739.4058775078,792739.4058775078,14995.26172498472
6262,792739.4058775078,0.0,792739.4058775078,792739.4058775078,14995.237125265141
6263,792739.4058775078,0.0,792739.4058775078,792739.4058775078,14995.212525626224
6264,792739.4058775078,0.0,792739.4058775078,792739.4058775078,14995.18792606797
6265,792739.4058775078,0.0,792739.4058775078,792739.4058775078,14995.163326590387
6266,790085.9677390954,0.0,790085.9677390954,790085.9677390954,14948.98926685169
6267,792700.408726958,0.0,792700.408726958,792700.408726958,14994.436015932595
6268,789330.4878631459,0.0,789330.4878631459,789330.4878631459,14935.797379598524
6269,770725.805512584,0.0,770725.805512584,770725.805512584,14611.646844389514
6270,802872.2410529002,0.0,802872.2410529002,802872.2410529002,15171.10641974461
6271,1166490.0874399932,0.0,1166490.0874399932,1166490.0874399932,21328.8326119284
6272,1400000.0,0.0,1400000.0,1400000.0,25138.633029783654
6273,1400000.0,0.0,1400000.0,1400000.0,25138.591755806523
6274,1400000.0,0.0,1400000.0,1400000.0,25138.550481964896
6275,1400000.0,0.0,1400000.0,1400000.0,25138.509208258787
6276,1400000.0,0.0,1400000.0,1400000.0,25138.467934688175
6277,1400000.0,0.0,1400000.0,1400000.0,25138.426661253063
6278,1400000.0,0.0,1400000.0,1400000.0,25138.385387953447
6279,1015218.1646569988,0.0,1015218.1646569988,1015218.1646569988,18802.897911953027
6280,1186809.429344723,0.0,1186809.429344723,1186809.429344723,21664.16350330365
6281,807635.1566656847,0.0,807635.1566656847,807635.1566656847,15253.488281226215
6282,792739.4058775078,0.0,792739.4058775078,792739.4058775078,14994.73342023226
6283,781853.9930009821,0.0,781853.9930009821,781853.9930009821,14805.275366479576
6284,287887.8535696839,0.0,287887.8535696839,287887.8535696839,5828.809514956305
6285,235284.25707014973,0.0,235284.25707014973,235284.25707014973,4815.902148952211
6286,243022.88127851853,0.0,243022.88127851853,243022.88127851853,4965.901739215131
6287,483472.06639804447,0.0,483472.06639804447,483472.06639804447,9482.524137689203
6288,401436.5546310127,0.0,401436.5546310127,401436.5546310127,7968.87969085777
6289,390004.4558804958,0.0,390004.4558804958,390004.4558804958,7755.908257777194
6290,356945.17737579974,0.0,356945.17737579974,356945.17737579974,7137.062516699945
6291,277620.6374293878,0.0,277620.6374293878,277620.6374293878,5632.243996325087
6292,509594.38188454526,0.0,509594.38188454526,509594.38188454526,9959.383938281439
6293,584958.2121161076,0.0,584958.2121161076,584958.2121161076,11322.752289002912
6294,778753.1319911915,0.0,778753.1319911915,778753.1319911915,14751.003053427949
6295,1098110.9755172785,0.0,1098110.9755172785,1098110.9755172785,20192.35081512985
6296,1179869.5979640973,0.0,1179869.5979640973,1179869.5979640973,21549.08917779617
6297,1134165.0199470005,0.0,1134165.0199470005,1134165.0199470005,20792.281501236954
6298,1139250.9293453828,0.0,1139250.9293453828,1139250.9293453828,20876.66895143877
6299,1173915.2431106367,0.0,1173915.2431106367,1173915.2431106367,21450.630437649408
6300,1283160.4810898849,0.0,1283160.4810898849,1283160.4810898849,23244.05920211975
6301,1270925.2546733313,0.0,1270925.2546733313,1270925.2546733313,23044.295334130176
6302,1086560.194747476,0.0,1086560.194747476,1086560.194747476,19999.32115502512
6303,859344.9503698498,0.0,859344.9503698498,859344.9503698498,16146.737244787797
6304,1023302.8639147722,0.0,1023302.8639147722,1023302.8639147722,18938.36480751757
6305,495430.0232328114,0.0,495430.0232328114,495430.0232328114,9700.844293318996
6306,168621.31829460408,0.0,168621.31829460408,168621.31829460408,3469.0686889959347
6307,467705.3695310362,0.0,467705.3695310362,467705.3695310362,8846.313594536276
6308,761287.1004588531,0.0,761287.1004588531,761287.1004588531,14445.693951734303
6309,791346.0062301261,0.0,791346.0062301261,791346.0062301261,14969.601313766385
6310,789576.5455833138,0.0,789576.5455833138,789576.5455833138,14938.799873817261
6311,786634.6057017469,0.0,786634.6057017469,786634.6057017469,14887.587305082458
6312,728865.5805485428,0.0,728865.5805485428,728865.5805485428,13877.817176400766
6313,781078.9251541203,0.0,781078.9251541203,781078.9251541203,14790.812162266055
6314,785049.5032924383,0.0,785049.5032924383,785049.5032924383,14859.925184809224
6315,788045.0668617917,0.0,788045.0668617917,788045.0668617917,14912.033651004176
6316,760679.0569697877,0.0,760679.0569697877,760679.0569697877,14434.881516010719
6317,740187.330153962,0.0,740187.330153962,740187.330153962,14076.292856849934
6318,1103924.900984519,0.0,1103924.900984519,1103924.900984519,20288.213825345898
6319,1365109.8999143825,0.0,1365109.8999143825,1365109.8999143825,24573.563316961674
6320,1234925.7392626978,0.0,1234925.7392626978,1234925.7392626978,22453.972919707372
6321,1252691.7172424984,0.0,1252691.7172424984,1252691.7172424984,22745.052297595754
6322,920702.0733597305,0.0,920702.0733597305,920702.0733597305,17197.976449713547
6323,1230800.7362313813,0.0,1230800.7362313813,1230800.7362313813,22386.183790352214
6324,1059906.1341270234,0.0,1059906.1341270234,1059906.1341270234,19552.348486873052
6325,1343437.550529733,0.0,1343437.550529733,1343437.550529733,24222.632106885645
6326,1352452.9274336607,0.0,1352452.9274336607,1352452.9274336607,24368.577215953246
6327,1299617.7520787742,0.0,1299617.7520787742,1299617.7520787742,23510.885958265335
6328,1035361.5140364947,0.0,1035361.5140364947,1035361.5140364947,19140.217101083916
6329,387763.2367502744,0.0,387763.2367502744,387763.2367502744,7713.425872801897
6330,187735.5483497767,0.0,187735.5483497767,187735.5483497767,3860.641116075831
6331,154754.8121727726,0.0,154754.8121727726,154754.8121727726,3188.565862484374
6332,73668.6773656112,0.0,73668.6773656112,73668.6773656112,1515.3555315857363
6333,68812.71973852011,0.0,68812.71973852011,68812.71973852011,1420.3897112532595
6334,43862.129175917704,0.0,43862.129175917704,43862.129175917704,901.2877882347898
6335,45303.0063960253,0.0,45303.0063960253,45303.0063960253,929.299306089134
6336,63435.959694806064,0.0,63435.959694806064,63435.959694806064,1232.5809070110454
6337,52467.66029442957,0.0,52467.66029442957,52467.66029442957,1080.139054143568
6338,52043.87724187265,0.0,52043.87724187265,52043.87724187265,1071.8612844514255
6339,69178.7262535763,0.0,69178.7262535763,69178.7262535763,1359.6350636347345
6340,80321.60467142904,0.0,80321.60467142904,80321.60467142904,1621.1255171188182
6341,70700.26841289678,0.0,70700.26841289678,70700.26841289678,1457.2773947984124
6342,465063.17827815353,0.0,465063.17827815353,465063.17827815353,8106.395317810648
6343,1076474.0472315834,0.0,1076474.0472315834,1076474.0472315834,19828.062317557422
6344,1233072.138756288,0.0,1233072.138756288,1233072.138756288,22421.528771618097
6345,1192514.7744544675,0.0,1192514.7744544675,1192514.7744544675,21754.530405091115
6346,1202920.329531704,0.0,1202920.329531704,1202920.329531704,21925.919681917767
6347,1206227.2390859516,0.0,1206227.2390859516,1206227.2390859516,21980.318261076973
6348,1200928.3239869187,0.0,1200928.3239869187,1200928.3239869187,21893.04727134431
6349,1196209.0529059735,0.0,1196209.0529059735,1196209.0529059735,21815.27259690563
6350,1203578.1372706157,0.0,1203578.1372706157,1203578.1372706157,21936.60550890944
6351,1170481.1935823367,0.0,1170481.1935823367,1170481.1935823367,21390.620886273096
6352,991485.3243143039,0.0,991485.3243143039,991485.3243143039,18398.72544993663
6353,335399.73003529693,0.0,335399.73003529693,335399.73003529693,6729.987853113212
6354,171934.056659673,0.0,171934.056659673,171934.056659673,3533.239838376344
6355,370416.09008744627,0.0,370416.09008744627,370416.09008744627,7109.624316344592
6356,452798.6465741631,0.0,452798.6465741631,452798.6465741631,8917.587868859278
6357,546626.0854249088,0.0,546626.0854249088,546626.0854249088,10629.459993400791
6358,624643.5978748503,0.0,624643.5978748503,624643.5978748503,12031.167456753532
6359,583286.3635310079,0.0,583286.3635310079,583286.3635310079,11290.427974306622
6360,777715.5948643003,0.0,777715.5948643003,777715.5948643003,14730.020744669795
6361,792734.7720370417,0.0,792734.7720370417,792734.7720370417,14991.397136208201
6362,792739.4058775078,0.0,792739.4058775078,792739.4058775078,14991.453108423848
6363,792739.4058775078,0.0,792739.4058775078,792739.4058775078,14991.428521183261
6364,792739.4058775078,0.0,792739.4058775078,792739.4058775078,14991.403934023283
6365,792739.4058775078,0.0,792739.4058775078,792739.4058775078,14991.379346943904
6366,898872.1190329482,0.0,898872.1190329482,898872.1190329482,16822.33208973612
6367,1400000.0,0.0,1400000.0,1400000.0,25132.809352443543
6368,1400000.0,0.0,1400000.0,1400000.0,25132.768097571017
6369,1400000.0,0.0,1400000.0,1400000.0,25132.7268428339
6370,1333499.7393147256,0.0,1333499.7393147256,1333499.7393147256,24058.203203456902
6371,1400000.0,0.0,1400000.0,1400000.0,25132.644543432478
6372,1400000.0,0.0,1400000.0,1400000.0,25132.603289100898
6373,1400000.0,0.0,1400000.0,1400000.0,25132.562034904728
6374,1400000.0,0.0,1400000.0,1400000.0,25132.52078084397
6375,1400000.0,0.0,1400000.0,1400000.0,25132.47952691861
6376,1400000.0,0.0,1400000.0,1400000.0,25132.438273128657
6377,799503.9971557276,0.0,799503.9971557276,799503.9971557276,15108.61171468615
6378,786095.9052347275,0.0,786095.9052347275,786095.9052347275,14875.494744384676
6379,787679.4033079258,0.0,787679.4033079258,787679.4033079258,14903.022661874042
6380,792739.4058775078,0.0,792739.4058775078,792739.4058775078,14990.996982249857
6381,792739.4058775078,0.0,792739.4058775078,792739.4058775078,14990.97239650457
6382,792739.4058775078,0.0,792739.4058775078,792739.4058775078,14990.947810839883
6383,792739.4058775078,0.0,792739.4058775078,792739.4058775078,14990.92322525579
6384,792739.4058775078,0.0,792739.4058775078,792739.4058775078,14990.885191825288
6385,792572.993012054,0.0,792572.993012054,792572.993012054,14987.967585139773
6386,789018.6421910851,0.0,789018.6421910851,789018.6421910851,14926.135090745895
6387,781674.3079845197,0.0,781674.3079845197,781674.3079845197,14798.294087701408
6388,764232.3897487409,0.0,764232.3897487409,764232.3897487409,14494.158877948115
6389,749616.5674617548,0.0,749616.5674617548,749616.5674617548,14238.6836701018
6390,1062301.7933055474,0.0,1062301.7933055474,1062301.7933055474,19589.02697673726
6391,1400000.0,0.0,1400000.0,1400000.0,25131.827393966887
6392,1400000.0,0.0,1400000.0,1400000.0,25131.786142317247
6393,1400000.0,0.0,1400000.0,1400000.0,25131.744890803006
6394,1399692.0985734104,0.0,1399692.0985734104,1399692.0985734104,25126.746819575885
6395,1310536.644712586,0.0,1310536.644712586,1310536.644712586,23684.361336111193
6396,1359284.7019723682,0.0,1359284.7019723682,1359284.7019723682,24474.71830425358
6397,1363430.8358824947,0.0,1363430.8358824947,1363430.8358824947,24541.70581027269
6398,1356032.3869222095,0.0,1356032.3869222095,1356032.3869222095,24422.038670783906
6399,1231341.221023235,0.0,1231341.221023235,1231341.221023235,22390.77762456668
6400,936347.8290643113,0.0,936347.8290643113,936347.8290643113,17461.322125165752
6401,248255.6489540256,0.0,248255.6489540256,248255.6489540256,5065.59793775379
6402,421181.3321690071,0.0,421181.3321690071,421181.3321690071,8333.05823005391
6403,610940.3297520353,0.0,610940.3297520353,610940.3297520353,11785.393102217718
6404,356285.55198485625,0.0,356285.55198485625,356285.55198485625,7122.574310324933
6405,692851.6892488145,0.0,692851.6892488145,692851.6892488145,13240.7547554197
6406,727698.6987303391,0.0,727698.6987303391,727698.6987303391,13854.146520222956
6407,656206.4759139371,0.0,656206.4759139371,656206.4759139371,12591.993766255784
6408,569534.4632261567,0.0,569534.4632261567,569534.4632261567,11042.034026766913
6409,548172.0635287018,0.0,548172.0635287018,548172.0635287018,10656.46314272702
6410,351710.1969558783,0.0,351710.1969558783,351710.1969558783,7036.504448971233
6411,328661.58711297804,0.0,328661.58711297804,328661.58711297804,6601.872920435684
6412,285201.62039204926,0.0,285201.62039204926,285201.62039204926,5775.593352484589
6413,219347.34148166468,0.0,219347.34148166468,219347.34148166468,4504.315477569926
6414,576351.2307709986,0.0,576351.2307709986,576351.2307709986,11164.655815274178
6415,1144454.916981713,0.0,1144454.916981713,1144454.916981713,20957.27590071302
6416,1262223.7971306911,0.0,1262223.7971306911,1262223.7971306911,22895.96785965846
6417,1213180.8067107764,0.0,1213180.8067107764,1213180.8067107764,22091.88272940316
6418,1190240.3050543803,0.0,1190240.3050543803,1190240.3050543803,21714.140283057786
6419,1178005.9107915396,0.0,1178005.9107915396,1178005.9107915396,21512.245455732842
6420,1191167.4353813387,0.0,1191167.4353813387,1191167.4353813387,21729.35394972886
6421,1160140.4428350227,0.0,1160140.4428350227,1160140.4428350227,21216.870557518032
6422,1167577.5979137614,0.0,1167577.5979137614,1167577.5979137614,21339.84459483677
6423,1111588.3674304811,0.0,1111588.3674304811,1111588.3674304811,20410.996281475393
6424,927106.0669113674,0.0,927106.0669113674,927106.0669113674,17303.144661923932
6425,258950.61869856738,0.0,258950.61869856738,258950.61869856738,5271.714054646218
6426,302592.0344187372,0.0,302592.0344187372,302592.0344187372,6107.178521477955
6427,356901.5053515376,0.0,356901.5053515376,356901.5053515376,7133.862730774461
6428,396106.7264251869,0.0,396106.7264251869,396106.7264251869,7867.015100523556
6429,469867.5584429785,0.0,469867.5584429785,469867.5584429785,9230.103365458535
6430,766138.2462046981,0.0,766138.2462046981,766138.2462046981,14526.424667351805
6431,758592.9169579281,0.0,758592.9169579281,758592.9169579281,14394.64234794163
6432,718634.9873271125,0.0,718634.9873271125,718634.9873271125,13694.336261808265
6433,698115.4889931937,0.0,698115.4889931937,698115.4889931937,13333.017178435308
6434,642541.4998404847,0.0,642541.4998404847,642541.4998404847,12348.556414368199
6435,682381.239942142,0.0,682381.239942142,682381.239942142,13055.144178822435
6436,684176.0031040097,0.0,684176.0031040097,684176.0031040097,13086.848949509706
6437,747841.3593070064,0.0,747841.3593070064,747841.3593070064,14206.496891527548
6438,992527.5542878866,0.0,992527.5542878866,992527.5542878866,18413.479540617
6439,1400000.0,0.0,1400000.0,1400000.0,25129.95380421235
6440,1400000.0,0.0,1400000.0,1400000.0,25129.91255871193
6441,1400000.0,0.0,1400000.0,1400000.0,25129.87131334687
6442,1400000.0,0.0,1400000.0,1400000.0,25129.830068117182
6443,1400000.0,0.0,1400000.0,1400000.0,25129.78882302285
6444,1400000.0,0.0,1400000.0,1400000.0,25129.74757806388
6445,1400000.0,0.0,1400000.0,1400000.0,25129.706333240283
6446,1400000.0,0.0,1400000.0,1400000.0,25129.665088552032
6447,1400000.0,0.0,1400000.0,1400000.0,25129.62384399915
6448,1400000.0,0.0,1400000.0,1400000.0,25129.58259958163
6449,652773.1856691386,0.0,652773.1856691386,652773.1856691386,12530.139064048872
6450,787987.9582309347,0.0,787987.9582309347,787987.9582309347,14906.629535903274
6451,792739.4058775078,0.0,792739.4058775078,792739.4058775078,14989.226976261009
6452,792739.4058775078,0.0,792739.4058775078,792739.4058775078,14989.202396317734
6453,792739.4058775078,0.0,792739.4058775078,792739.4058775078,14989.177816455029
6454,792739.4058775078,0.0,792739.4058775078,792739.4058775078,14989.153236672888
6455,792739.4058775078,0.0,792739.4058775078,792739.4058775078,14989.128656971321
6456,792739.4058775078,0.0,792739.4058775078,792739.4058775078,14989.10407735032
6457,792739.4058775078,0.0,792739.4058775078,792739.4058775078,14989.079497809878
6458,792739.4058775078,0.0,792739.4058775078,792739.4058775078,14989.054918350013
6459,792739.4058775078,0.0,792739.4058775078,792739.4058775078,14989.03033897071
6460,792739.4058775078,0.0,792739.4058775078,792739.4058775078,14989.005759671974
6461,792739.4058775078,0.0,792739.4058775078,792739.4058775078,14988.981180453802
6462,1047222.2870578112,0.0,1047222.2870578112,1047222.2870578112,19333.933870434746
6463,1400000.0,0.0,1400000.0,1400000.0,25128.993549013325
6464,1400000.0,0.0,1400000.0,1400000.0,25128.952306664334
6465,1400000.0,0.0,1400000.0,1400000.0,25128.91106445069
6466,1400000.0,0.0,1400000.0,1400000.0,25128.8698223724
6467,1400000.0,0.0,1400000.0,1400000.0,25128.828580429446
6468,1400000.0,0.0,1400000.0,1400000.0,25128.787338621853
6469,1400000.0,0.0,1400000.0,1400000.0,25128.746096949606
6470,1400000.0,0.0,1400000.0,1400000.0,25128.704855412696
6471,1400000.0,0.0,1400000.0,1400000.0,25128.66361401113
6472,1400000.0,0.0,1400000.0,1400000.0,25128.622372744918
6473,1100778.0515014352,0.0,1100778.0515014352,1100778.0515014352,20229.28058882252
6474,792739.4058775078,0.0,792739.4058775078,792739.4058775078,14988.646878718877
6475,792739.4058775078,0.0,792739.4058775078,792739.4058775078,14988.62230067702
6476,792739.4058775078,0.0,792739.4058775078,792739.4058775078,14988.59772271573
6477,792739.4058775078,0.0,792739.4058775078,792739.4058775078,14988.57314483499
6478,792739.4058775078,0.0,792739.4058775078,792739.4058775078,14988.54856703481
6479,792739.4058775078,0.0,792739.4058775078,792739.4058775078,14988.523989315187
6480,792739.4058775078,0.0,792739.4058775078,792739.4058775078,14988.499411676125
6481,792739.4058775078,0.0,792739.4058775078,792739.4058775078,14988.474834117618
6482,792739.4058775078,0.0,792739.4058775078,792739.4058775078,14988.450256639662
6483,792739.4058775078,0.0,792739.4058775078,792739.4058775078,14988.42567924227
6484,792739.4058775078,0.0,792739.4058775078,792739.4058775078,14988.401101925434
6485,792739.4058775078,0.0,792739.4058775078,792739.4058775078,14988.376524689149
6486,811690.0982613184,0.0,811690.0982613184,811690.0982613184,15317.288060292432
6487,1400000.0,0.0,1400000.0,1400000.0,25128.032480819988
6488,1400000.0,0.0,1400000.0,1400000.0,25127.99124162497
6489,1400000.0,0.0,1400000.0,1400000.0,25127.95000256529
6490,1380098.9446265385,0.0,1380098.9446265385,1380098.9446265385,24807.23009422039
6491,903247.4799623425,0.0,903247.4799623425,903247.4799623425,16893.73320703579
6492,906654.4974158271,0.0,906654.4974158271,906654.4974158271,16951.979913836323
6493,896602.5028289667,0.0,896602.5028289667,896602.5028289667,16779.94122653208
6494,899024.9715444063,0.0,899024.9715444063,899024.9715444063,16821.3892303238
6495,845143.6350068036,0.0,845143.6350068036,845143.6350068036,15895.500487496534
6496,1183541.7058765828,0.0,1183541.7058765828,1183541.7058765828,21600.94392769596
6497,712681.6171086814,0.0,712681.6171086814,712681.6171086814,13588.139168066398
6498,318166.29830915295,0.0,318166.29830915295,318166.29830915295,6402.178700676595
6499,187737.8134769041,0.0,187737.8134769041,187737.8134769041,3859.2367372416634
6500,337693.4910048114,0.0,337693.4910048114,337693.4910048114,6618.160271003696
6501,609449.7609852181,0.0,609449.7609852181,609449.7609852181,11756.66414587911
6502,732532.8953325545,0.0,732532.8953325545,732532.8953325545,13936.61514685948
6503,745654.3466476339,0.0,745654.3466476339,745654.3466476339,14166.506597915311
6504,741970.1873926257,0.0,741970.1873926257,741970.1873926257,14101.976134358914
6505,581866.7492173851,0.0,581866.7492173851,581866.7492173851,11261.992413630662
6506,363212.395936605,0.0,363212.395936605,363212.395936605,7251.231433271025
6507,172560.26980440255,0.0,172560.26980440255,172560.26980440255,3544.4730826482614
6508,89125.59387286763,0.0,89125.59387286763,89125.59387286763,1837.059695881927
6509,53769.22848264514,0.0,53769.22848264514,53769.22848264514,1105.1827003370645
6510,318429.7395895128,0.0,318429.7395895128,318429.7395895128,5582.709212755893
6511,924190.9167911351,0.0,924190.9167911351,924190.9167911351,17249.870095442973
6512,1108354.6985474052,0.0,1108354.6985474052,1108354.6985474052,20352.968153593396
6513,1157834.4906084111,0.0,1157834.4906084111,1157834.4906084111,21174.265394116304
6514,1164179.1044776118,0.0,1164179.1044776118,1164179.1044776118,21279.18588536508
6515,1164179.1044776118,0.0,1164179.1044776118,1164179.1044776118,21279.150977986697
6516,1159506.1019860401,0.0,1159506.1019860401,1159506.1019860401,21201.821432189474
6517,1139868.4245568318,0.0,1139868.4245568318,1139868.4245568318,20876.483551210786
6518,1122949.9663007737,0.0,1122949.9663007737,1122949.9663007737,20595.56000826687
6519,1070422.6531725645,0.0,1070422.6531725645,1070422.6531725645,19719.648400554826
6520,890892.0098751984,0.0,890892.0098751984,890892.0098751984,16680.31765868171
6521,270141.3289180455,0.0,270141.3289180455,270141.3289180455,5485.592494024085
6522,208336.45282951006,0.0,208336.45282951006,208336.45282951006,4279.193382693246
6523,334420.2983980547,0.0,334420.2983980547,334420.2983980547,6658.317632079954
6524,427527.850899016,0.0,427527.850899016,427527.850899016,8448.16580192751
6525,616956.5046342643,0.0,616956.5046342643,616956.5046342643,11889.69312733573
6526,682647.9881997011,0.0,682647.9881997011,682647.9881997011,13056.968101425848
6527,700125.7658099909,0.0,700125.7658099909,700125.7658099909,13365.444281713759
6528,697436.8769468693,0.0,697436.8769468693,697436.8769468693,13318.01660166388
6529,646828.300766096,0.0,646828.300766096,646828.300766096,12421.96276354604
6530,612423.0301394709,0.0,612423.0301394709,612423.0301394709,11808.573083850957
6531,711850.741619812,0.0,711850.741619812,711850.741619812,13571.837063306271
6532,720405.5236804327,0.0,720405.5236804327,720405.5236804327,13722.228766771223
6533,740610.6473075532,0.0,740610.6473075532,740610.6473075532,14076.67304358369
6534,879397.6143711074,0.0,879397.6143711074,879397.6143711074,16482.770451489323
6535,1354167.6595911146,0.0,1354167.6595911146,1354167.6595911146,24385.058068350354
6536,1400000.0,0.0,1400000.0,1400000.0,25124.50140236451
6537,1311958.1566270816,0.0,1311958.1566270816,1311958.1566270816,23700.631380904942
6538,1400000.0,0.0,1400000.0,1400000.0,25124.419225649443
6539,1400000.0,0.0,1400000.0,1400000.0,25124.377998301246
6540,1400000.0,0.0,1400000.0,1400000.0,25124.336771088332
6541,1400000.0,0.0,1400000.0,1400000.0,25124.295544010685
6542,1400000.0,0.0,1400000.0,1400000.0,25124.25431706832
6543,1400000.0,0.0,1400000.0,1400000.0,25124.21309026122
6544,1400000.0,0.0,1400000.0,1400000.0,25124.17186358939
6545,932415.6490354703,0.0,932415.6490354703,932415.6490354703,17389.05751038659
6546,790735.291263166,0.0,790735.291263166,790735.291263166,14951.015219014784
6547,792739.4058775078,0.0,792739.4058775078,792739.4058775078,14985.825517602887
6548,792739.4058775078,0.0,792739.4058775078,792739.4058775078,14985.800948801181
6549,792739.4058775078,0.0,792739.4058775078,792739.4058775078,14985.776380079991
6550,792739.4058775078,0.0,792739.4058775078,792739.4058775078,14985.75181143931
6551,792739.4058775078,0.0,792739.4058775078,792739.4058775078,14985.727242879142
6552,792739.4058775078,0.0,792739.4058775078,792739.4058775078,14985.689236377213
6553,792739.4058775078,0.0,792739.4058775078,792739.4058775078,14985.664668022018
6554,792739.4058775078,0.0,792739.4058775078,792739.4058775078,14985.640099747332
6555,792739.4058775078,0.0,792739.4058775078,792739.4058775078,14985.615531553167
6556,792739.4058775078,0.0,792739.4058775078,792739.4058775078,14985.590963439503
6557,792739.4058775078,0.0,792739.4058775078,792739.4058775078,14985.566395406355
6558,1040823.1030843669,0.0,1040823.1030843669,1040823.1030843669,19222.217802729385
6559,1400000.0,0.0,1400000.0,1400000.0,25123.560546182365
6560,1400000.0,0.0,1400000.0,1400000.0,25123.519321651496
6561,1400000.0,0.0,1400000.0,1400000.0,25123.478097255884
6562,1400000.0,0.0,1400000.0,1400000.0,25123.436872995535
6563,1400000.0,0.0,1400000.0,1400000.0,25123.39564887045
6564,1400000.0,0.0,1400000.0,1400000.0,25123.35442488061
6565,1400000.0,0.0,1400000.0,1400000.0,25123.313201026045
6566,1400000.0,0.0,1400000.0,1400000.0,25123.271977306733
6567,1400000.0,0.0,1400000.0,1400000.0,25123.23075372268
6568,1011746.2623457676,0.0,1011746.2623457676,1011746.2623457676,18732.69422286129
6569,140095.7376264006,0.0,140095.7376264006,140095.7376264006,2881.8165365880145
6570,121523.5744776501,0.0,121523.5744776501,121523.5744776501,2499.728029779287
6571,103382.22140723807,0.0,103382.22140723807,103382.22140723807,2125.355746089596
6572,57834.17450902006,0.0,57834.17450902006,57834.17450902006,1194.7814069925523
6573,112036.21897539892,0.0,112036.21897539892,112036.21897539892,2130.15892646757
6574,118778.4095920783,0.0,118778.4095920783,118778.4095920783,2412.0889197225074
6575,194124.5986392043,0.0,194124.5986392043,194124.5986392043,3726.8468948000354
6576,234236.323864646,0.0,234236.323864646,234236.323864646,4719.737881579258
6577,254566.9850334307,0.0,254566.9850334307,254566.9850334307,5185.151759564376
6578,326908.5371444524,0.0,326908.5371444524,326908.5371444524,6565.963192223342
6579,334608.65012796776,0.0,334608.65012796776,334608.65012796776,6711.41996003482
6580,414883.2959877768,0.0,414883.2959877768,414883.2959877768,8212.775116875519
6581,628791.5926620486,0.0,628791.5926620486,628791.5926620486,12099.169725743937
6582,903944.4799999266,0.0,903944.4799999266,903944.4799999266,16901.19185014528
6583,1400000.0,0.0,1400000.0,1400000.0,25121.459606117063
6584,1400000.0,0.0,1400000.0,1400000.0,25121.41838847371
6585,1400000.0,0.0,1400000.0,1400000.0,25121.37717096558
6586,1400000.0,0.0,1400000.0,1400000.0,25121.33595359267
6587,1400000.0,0.0,1400000.0,1400000.0,25121.29473635499
6588,1246494.7077614283,0.0,1246494.7077614283,1246494.7077614283,22629.846698295634
6589,573859.0453721094,0.0,573859.0453721094,573859.0453721094,11115.158687030365
6590,1287390.4025553616,0.0,1287390.4025553616,1287390.4025553616,23297.739731794027
6591,1202837.595086765,0.0,1202837.595086765,1202837.595086765,21913.142220681017
6592,909331.2839951537,0.0,909331.2839951537,909331.2839951537,16992.999512929408
6593,321647.9606115732,0.0,321647.9606115732,321647.9606115732,6466.253637589134
6594,632015.2304254848,0.0,632015.2304254848,632015.2304254848,12156.354818323425
6595,679839.8823827098,0.0,679839.8823827098,679839.8823827098,13005.162417385289
6596,784826.3963083981,0.0,784826.3963083981,784826.3963083981,14846.284651125874
6597,786823.790032747,0.0,786823.790032747,786823.790032747,14881.004579591583
6598,785340.7033033909,0.0,785340.7033033909,785340.7033033909,14855.183212922284
6599,787957.9433889652,0.0,787957.9433889652,787957.9433889652,14900.679521092825
6600,733450.4718657065,0.0,733450.4718657065,733450.4718657065,13948.92596769887
6601,630703.1132416924,0.0,630703.1132416924,630703.1132416924,12132.832028540131
6602,687619.3192404945,0.0,687619.3192404945,687619.3192404945,13142.470086610389
6603,522962.8556326734,0.0,522962.8556326734,522962.8556326734,10194.987413523426
6604,123604.58473746707,0.0,123604.58473746707,123604.58473746707,2540.085974662579
6605,137286.23563204682,0.0,137286.23563204682,137286.23563204682,2759.501134232806
6606,234568.7285715767,0.0,234568.7285715767,234568.7285715767,4508.376177977089
6607,162625.69782327628,0.0,162625.69782327628,162625.69782327628,3340.142548484674
6608,233874.119135676,0.0,233874.119135676,233874.119135676,4567.911939532096
6609,354229.76501043316,0.0,354229.76501043316,354229.76501043316,7080.136660333369
6610,270684.66424006544,0.0,270684.66424006544,270684.66424006544,5494.533969082795
6611,499454.60368709906,0.0,499454.60368709906,499454.60368709906,9766.587908841528
6612,429370.15424485505,0.0,429370.15424485505,429370.15424485505,8480.047227342733
6613,744405.5404247815,0.0,744405.5404247815,744405.5404247815,14139.808599413851
6614,472193.28269253334,0.0,472193.28269253334,472193.28269253334,9268.182066556024
6615,739463.8529726118,0.0,739463.8529726118,739463.8529726118,14053.239645771868
6616,182696.3595927464,0.0,182696.3595927464,182696.3595927464,3759.328944000599
6617,162889.40721226847,0.0,162889.40721226847,162889.40721226847,3345.2270246614567
6618,303311.77264333563,0.0,303311.77264333563,303311.77264333563,5840.739248363793
6619,235764.95303920683,0.0,235764.95303920683,235764.95303920683,4820.889473308392
6620,594649.4950997633,0.0,594649.4950997633,594649.4950997633,11487.172579686314
6621,711959.2904661798,0.0,711959.2904661798,711959.2904661798,13570.06848537562
6622,730474.8812851908,0.0,730474.8812851908,730474.8812851908,13895.25870429769
6623,591498.3964420138,0.0,591498.3964420138,591498.3964420138,11430.608161946026
6624,367308.30896605476,0.0,367308.30896605476,367308.30896605476,7325.124200735168
6625,369858.35834120616,0.0,369858.35834120616,369858.35834120616,7372.858438547461
6626,523465.51802003826,0.0,523465.51802003826,523465.51802003826,10202.980437929136
6627,311919.63860284066,0.0,311919.63860284066,311919.63860284066,6281.001637013865
6628,222825.8505983145,0.0,222825.8505983145,222825.8505983145,4569.41674251825
6629,197608.74447472845,0.0,197608.74447472845,197608.74447472845,4059.4598946910373
6630,299703.06796755985,0.0,299703.06796755985,299703.06796755985,5957.565506719286
6631,34551.86904461799,0.0,34551.86904461799,34551.86904461799,708.0105929760964
6632,99543.32198277004,0.0,99543.32198277004,99543.32198277004,1811.0767125998916
6633,245166.12048786256,0.0,245166.12048786256,245166.12048786256,4548.940848230488
6634,269534.29915719444,0.0,269534.29915719444,269534.29915719444,5471.716487632055
6635,358594.11710422806,0.0,358594.11710422806,358594.11710422806,7161.106264983553
6636,247194.00717813877,0.0,247194.00717813877,247194.00717813877,5041.5669770851255
6637,174672.8871046194,0.0,174672.8871046194,174672.8871046194,3593.273968843864
6638,140312.72367856294,0.0,140312.72367856294,140312.72367856294,2885.3712983227224
6639,68629.73311486683,0.0,68629.73311486683,68629.73311486683,1415.8471100694678
6640,1253257.6908460616,0.0,1253257.6908460616,1253257.6908460616,20155.928936806482
6641,673407.7128008188,0.0,673407.7128008188,673407.7128008188,12887.968499316186
6642,783659.472148986,0.0,783659.472148986,783659.472148986,14822.104483608995
6643,777635.3622804654,0.0,777635.3622804654,777635.3622804654,14717.23622701943
6644,792364.6252649854,0.0,792364.6252649854,792364.6252649854,14973.394907616806
6645,792739.4058775078,0.0,792739.4058775078,792739.4058775078,14979.881532523115
6646,784846.4077893338,0.0,784846.4077893338,784846.4077893338,14842.653610122834
6647,785013.6250411172,0.0,785013.6250411172,785013.6250411172,14845.537672760851
6648,789787.696279389,0.0,789787.696279389,789787.696279389,14928.51753280162
6649,791507.2137987047,0.0,791507.2137987047,791507.2137987047,14958.37495096038
6650,790172.2159705797,0.0,790172.2159705797,790172.2159705797,14935.151456623544
6651,791154.2151847676,0.0,791154.2151847676,791154.2151847676,14952.192133732586
6652,791560.0712130137,0.0,791560.0712130137,791560.0712130137,14959.219848614484
6653,789107.854459286,0.0,789107.854459286,789107.854459286,14916.578832043444
6654,787321.6394808949,0.0,787321.6394808949,787321.6394808949,14885.502467454686
6655,962859.491035641,0.0,962859.491035641,962859.491035641,17899.329252691117
6656,352338.1150585205,0.0,352338.1150585205,352338.1150585205,7043.01470068194
6657,430765.0327652901,0.0,430765.0327652901,430765.0327652901,8503.97282562037
6658,144732.06980446097,0.0,144732.06980446097,144732.06980446097,2980.715902915791
6659,601765.7075963216,0.0,601765.7075963216,601765.7075963216,10999.019862848518
6660,775805.9058615848,0.0,775805.9058615848,775805.9058615848,14684.633001680644
6661,632691.1850540433,0.0,632691.1850540433,632691.1850540433,12164.45553508555
6662,366895.7272328291,0.0,366895.7272328291,366895.7272328291,7315.843165847933
6663,291883.5640400456,0.0,291883.5640400456,291883.5640400456,5898.551297305567
6664,169475.54204348658,0.0,169475.54204348658,169475.54204348658,3482.4148195240255
6665,233443.5396685757,0.0,233443.5396685757,233443.5396685757,4594.70468042067
6666,193725.09258680354,0.0,193725.09258680354,193725.09258680354,3982.754967797808
6667,129057.11886688886,0.0,129057.11886688886,129057.11886688886,2655.7653413841185
6668,247887.66239182887,0.0,247887.66239182887,247887.66239182887,4710.805283125513
6669,341521.6167814548,0.0,341521.6167814548,341521.6167814548,6838.871569350801
6670,740964.3376197537,0.0,740964.3376197537,740964.3376197537,14075.374956696729
6671,773452.669575551,0.0,773452.669575551,773452.669575551,14642.717180126983
6672,732950.4703720534,0.0,732950.4703720534,732950.4703720534,13934.946316027432
6673,651013.2465613931,0.0,651013.2465613931,651013.2465613931,12489.474479886407
6674,353804.95169498737,0.0,353804.95169498737,353804.95169498737,7069.843478252609
6675,212465.02066032565,0.0,212465.02066032565,212465.02066032565,4366.076901070829
6676,170066.03750377538,0.0,170066.03750377538,170066.03750377538,3493.801355656821
6677,164881.48278223243,0.0,164881.48278223243,164881.48278223243,3392.52454725046
6678,294862.5546376508,0.0,294862.5546376508,294862.5546376508,5730.360485493734
6679,983244.3998681827,0.0,983244.3998681827,983244.3998681827,18242.402286364297
6680,1239591.6611457893,0.0,1239591.6611457893,1239591.6611457893,22507.698497790014
6681,141287.56619228146,0.0,141287.56619228146,141287.56619228146,2904.0532047495717
6682,218961.6699920692,0.0,218961.6699920692,218961.6699920692,4221.48957953699
6683,320222.97043971485,0.0,320222.97043971485,320222.97043971485,6436.230562202059
6684,241036.7190796219,0.0,241036.7190796219,241036.7190796219,4921.246128689488
6685,235302.30461109595,0.0,235302.30461109595,235302.30461109595,4810.176992042624
6686,155357.6613700174,0.0,155357.6613700174,155357.6613700174,3197.313374111762
6687,297876.48282821843,0.0,297876.48282821843,297876.48282821843,5739.874543060473
6688,386518.119225682,0.0,386518.119225682,386518.119225682,7681.312939093813
6689,243101.43674795146,0.0,243101.43674795146,243101.43674795146,4961.038285913657
6690,101837.37110719716,0.0,101837.37110719716,101837.37110719716,2094.541058018623
6691,57527.63221658539,0.0,57527.63221658539,57527.63221658539,1177.7990589311507
6692,124259.92308460874,0.0,124259.92308460874,124259.92308460874,2304.420604885977
6693,272551.20402719197,0.0,272551.20402719197,272551.20402719197,5110.430362225735
6694,387148.24944474956,0.0,387148.24944474956,387148.24944474956,7692.541950232418
6695,749365.716154869,0.0,749365.716154869,749365.716154869,14220.136088211595
6696,784244.6342635672,0.0,784244.6342635672,784244.6342635672,14828.259796580918
6697,770795.9374657172,0.0,770795.9374657172,770795.9374657172,14594.122213231265
6698,691253.2325149934,0.0,691253.2325149934,691253.2325149934,13199.602186531378
6699,786794.8573649906,0.0,786794.8573649906,786794.8573649906,14872.52815366245
6700,788420.5083787607,0.0,788420.5083787607,788420.5083787607,14900.760325516983
6701,764409.7437732246,0.0,764409.7437732246,764409.7437732246,14482.692155907951
6702,953209.7205464568,0.0,953209.7205464568,953209.7205464568,17731.02381937671
6703,1400000.0,0.0,1400000.0,1400000.0,25107.97594862566
6704,1400000.0,0.0,1400000.0,1400000.0,25107.934775128797
6705,1400000.0,0.0,1400000.0,1400000.0,25107.893601766948
6706,1202919.1346183815,0.0,1202919.1346183815,1202919.1346183815,21902.72082222725
6707,1220321.4719034333,0.0,1220321.4719034333,1220321.4719034333,22188.632537420177
6708,1224277.8667108412,0.0,1224277.8667108412,1224277.8667108412,22253.523629486266
6709,1271286.9535579772,0.0,1271286.9535579772,1271286.9535579772,23022.64359754656
6710,965191.101840423,0.0,965191.101840423,965191.101840423,17934.048195434105
6711,1235860.6677406444,0.0,1235860.6677406444,1235860.6677406444,22443.3227904969
6712,870570.2476804378,0.0,870570.2476804378,870570.2476804378,16319.635431003113
6713,81458.64637675797,0.0,81458.64637675797,81458.64637675797,1676.4044238686479
6714,71174.51857865643,0.0,71174.51857865643,71174.51857865643,1465.4266678402782
6715,26397.436069337844,0.0,26397.436069337844,26397.436069337844,537.0305516693627
6716,0.0,0.0,0.0,0.0,-0.0
6717,0.0,0.0,0.0,0.0,-0.0
6718,0.0,0.0,0.0,0.0,-0.0
6719,0.0,0.0,0.0,0.0,-0.0
6720,0.0,0.0,0.0,0.0,-0.0
6721,47708.92849979101,0.0,47708.92849979101,47708.92849979101,812.6410828042958
6722,131035.46269306225,0.0,131035.46269306225,131035.46269306225,2383.4359450892703
6723,324720.414434243,0.0,324720.414434243,324720.414434243,6077.16213872003
6724,358081.5377474729,0.0,358081.5377474729,358081.5377474729,7148.16675943161
6725,276453.205520011,0.0,276453.205520011,276453.205520011,5601.7056179544525
6726,477967.7304584038,0.0,477967.7304584038,477967.7304584038,9368.482456167714
6727,1271833.8562919437,0.0,1271833.8562919437,1271833.8562919437,23029.56433759506
6728,1400000.0,0.0,1400000.0,1400000.0,25105.527646433315
6729,1400000.0,0.0,1400000.0,1400000.0,25105.48648096474
6730,1400000.0,0.0,1400000.0,1400000.0,25105.445315631132
6731,1400000.0,0.0,1400000.0,1400000.0,25105.40415043251
6732,1400000.0,0.0,1400000.0,1400000.0,25105.362985368836
6733,1400000.0,0.0,1400000.0,1400000.0,25105.321820440142
6734,1400000.0,0.0,1400000.0,1400000.0,25105.28065564642
6735,1400000.0,0.0,1400000.0,1400000.0,25105.239490987657
6736,1177559.1768446453,0.0,1177559.1768446453,1177559.1768446453,21482.640631166683
6737,785499.8267989479,0.0,785499.8267989479,785499.8267989479,14848.15814133512
6738,792739.4058775078,0.0,792739.4058775078,792739.4058775078,14973.927333745636
6739,792739.4058775078,0.0,792739.4058775078,792739.4058775078,14973.902803863963
6740,792739.4058775078,0.0,792739.4058775078,792739.4058775078,14973.878274062612
6741,792739.4058775078,0.0,792739.4058775078,792739.4058775078,14973.853744341586
6742,792739.4058775078,0.0,792739.4058775078,792739.4058775078,14973.829214700878
6743,792739.4058775078,0.0,792739.4058775078,792739.4058775078,14973.804685140496
6744,792739.4058775078,0.0,792739.4058775078,792739.4058775078,14973.780155660432
6745,792739.4058775078,0.0,792739.4058775078,792739.4058775078,14973.755626260694
6746,792739.4058775078,0.0,792739.4058775078,792739.4058775078,14973.731096941272
6747,792739.4058775078,0.0,792739.4058775078,792739.4058775078,14973.70656770217
6748,792739.4058775078,0.0,792739.4058775078,792739.4058775078,14973.682038543388
6749,789348.1242135178,0.0,789348.1242135178,789348.1242135178,14914.749030172485
6750,962033.6867523681,0.0,962033.6867523681,962033.6867523681,17878.271169021173
6751,1400000.0,0.0,1400000.0,1400000.0,25104.610868269578
6752,1400000.0,0.0,1400000.0,1400000.0,25104.56970580684
6753,1400000.0,0.0,1400000.0,1400000.0,25104.528543479057
6754,1346693.335648666,0.0,1346693.335648666,1346693.335648666,24244.664503227257
6755,1315816.2605737005,0.0,1315816.2605737005,1315816.2605737005,23744.267769461316
6756,1382070.7091013398,0.0,1382070.7091013398,1382070.7091013398,24815.769316945745
6757,1359063.7011314945,0.0,1359063.7011314945,1359063.7011314945,24444.522763194338
6758,1316359.2072004261,0.0,1316359.2072004261,1316359.2072004261,23752.963913206724
6759,1089260.624979983,0.0,1089260.624979983,1089260.624979983,20017.31069033934
6760,959228.0031815652,0.0,959228.0031815652,959228.0031815652,17830.38698273038
6761,263862.3607629905,0.0,263862.3607629905,263862.3607629905,5359.870662271193
6762,373509.4545987546,0.0,373509.4545987546,373509.4545987546,7436.5685251764735
6763,483665.2971333816,0.0,483665.2971333816,483665.2971333816,9472.070819135442
6764,637480.6829740603,0.0,637480.6829740603,637480.6829740603,12244.846589439087
6765,635014.0835203669,0.0,635014.0835203669,635014.0835203669,12200.936465916737
6766,415048.34877090144,0.0,415048.34877090144,415048.34877090144,8209.491419632399
6767,381140.0551698599,0.0,381140.0551698599,381140.0551698599,7579.01907312567
6768,369645.5213449759,0.0,369645.5213449759,369645.5213449759,7364.237899598571
6769,365665.29826710874,0.0,365665.29826710874,365665.29826710874,7289.729794900325
6770,386045.0121174141,0.0,386045.0121174141,386045.0121174141,7670.463026862233
6771,380353.3549183283,0.0,380353.3549183283,380353.3549183283,7564.287821659648
6772,291197.35482947406,0.0,291197.35482947406,291197.35482947406,5882.931268205689
6773,202044.08621737696,0.0,202044.08621737696,202044.08621737696,4152.340223578232
6774,166715.4438555233,0.0,166715.4438555233,166715.4438555233,3427.296819782065
6775,710486.4327958551,0.0,710486.4327958551,710486.4327958551,13025.340276456534
6776,1331074.1185890117,0.0,1331074.1185890117,1331074.1185890117,23990.590594687383
6777,1218574.0789174335,0.0,1218574.0789174335,1218574.0789174335,22155.832684755034
6778,1054405.9547654341,0.0,1054405.9547654341,1054405.9547654341,19433.85701188583
6779,1257706.7658210006,0.0,1257706.7658210006,1257706.7658210006,22796.65893150441
6780,1312332.1496768652,0.0,1312332.1496768652,1312332.1496768652,23686.415021055625
6781,1338890.7018222928,0.0,1338890.7018222928,1338890.7018222928,24117.002418248907
6782,1350429.5097004478,0.0,1350429.5097004478,1350429.5097004478,24303.6583240264
6783,1244543.3317411,0.0,1244543.3317411,1244543.3317411,22581.2523303312
6784,933083.2983578168,0.0,933083.2983578168,933083.2983578168,17385.172942955858
6785,251463.59771358102,0.0,251463.59771358102,251463.59771358102,5120.919071222328
6786,612916.9257967798,0.0,612916.9257967798,612916.9257967798,11806.340039233946
6787,665145.2446894597,0.0,665145.2446894597,665145.2446894597,12735.205294046638
6788,711741.8978603573,0.0,711741.8978603573,711741.8978603573,13557.340460437501
6789,785153.4147172952,0.0,785153.4147172952,785153.4147172952,14840.62780410237
6790,768729.9908759146,0.0,768729.9908759146,768729.9908759146,14554.742088655772
6791,773286.8870025744,0.0,773286.8870025744,773286.8870025744,14634.104476963308
6792,750831.5177808475,0.0,750831.5177808475,750831.5177808475,14242.356191291412
6793,784235.9135501382,0.0,784235.9135501382,784235.9135501382,14824.579489310341
6794,789066.041759298,0.0,789066.041759298,789066.041759298,14908.505023567992
6795,789736.5234559153,0.0,789736.5234559153,789736.5234559153,14920.129109010917
6796,792211.1357706483,0.0,792211.1357706483,792211.1357706483,14963.086872973685
6797,788960.2616356008,0.0,788960.2616356008,788960.2616356008,14906.5939001195
6798,906648.307348635,0.0,906648.307348635,906648.307348635,16933.99412924
6799,1400000.0,0.0,1400000.0,1400000.0,25102.349103497854
6800,1400000.0,0.0,1400000.0,1400000.0,25102.307948444446
6801,1400000.0,0.0,1400000.0,1400000.0,25102.266793525956
6802,1400000.0,0.0,1400000.0,1400000.0,25102.225638742395
6803,1400000.0,0.0,1400000.0,1400000.0,25102.18448409374
6804,1400000.0,0.0,1400000.0,1400000.0,25102.143329580016
6805,1400000.0,0.0,1400000.0,1400000.0,25102.102175201206
6806,1400000.0,0.0,1400000.0,1400000.0,25102.061020957306
6807,1400000.0,0.0,1400000.0,1400000.0,25102.019866848328
6808,1400000.0,0.0,1400000.0,1400000.0,25101.978712874272
6809,978979.3722899733,0.0,978979.3722899733,978979.3722899733,18163.252379841695
6810,792739.4058775078,0.0,792739.4058775078,792739.4058775078,14971.903027136283
6811,792739.4058775078,0.0,792739.4058775078,792739.4058775078,14971.878503878876
6812,790336.3816168524,0.0,790336.3816168524,790336.3816168524,14930.119726804074
6813,789864.5891096818,0.0,789864.5891096818,789864.5891096818,14921.899737509815
6814,785748.0708963859,0.0,785748.0708963859,785748.0708963859,14850.342807660862
6815,791996.6831381015,0.0,791996.6831381015,791996.6831381015,14958.882931470436
6816,746352.7780010633,0.0,746352.7780010633,746352.7780010633,14163.494543969811
6817,763319.8528055853,0.0,763319.8528055853,763319.8528055853,14459.766017011565
6818,641538.5056501555,0.0,641538.5056501555,641538.5056501555,12315.694848642093
6819,655134.8008270151,0.0,655134.8008270151,655134.8008270151,12557.102756272336
6820,746309.6446851791,0.0,746309.6446851791,746309.6446851791,14162.648022414585
6821,568685.9876576641,0.0,568685.9876576641,568685.9876576641,11012.671293676302
6822,298190.78231477935,0.0,298190.78231477935,298190.78231477935,6015.516614150101
6823,969524.5965665844,0.0,969524.5965665844,969524.5965665844,18002.80899493823
6824,1217066.8929217155,0.0,1217066.8929217155,1217066.8929217155,22129.427509729
6825,1339371.3665779962,0.0,1339371.3665779962,1339371.3665779962,24123.107060657712
6826,1396685.6066359412,0.0,1396685.6066359412,1396685.6066359412,25047.96573106533
6827,1400000.0,0.0,1400000.0,1400000.0,25101.233589755942
6828,1400000.0,0.0,1400000.0,1400000.0,25101.19243835949
6829,1400000.0,0.0,1400000.0,1400000.0,25101.15128709794
6830,1400000.0,0.0,1400000.0,1400000.0,25101.11013597129
6831,1400000.0,0.0,1400000.0,1400000.0,25101.068984979545
6832,1400000.0,0.0,1400000.0,1400000.0,25101.02783412269
6833,868917.3163568904,0.0,868917.3163568904,868917.3163568904,16286.751389960535
6834,613551.8032593874,0.0,613551.8032593874,613551.8032593874,11816.714260824274
6835,778996.8664309523,0.0,778996.8664309523,778996.8664309523,14732.417097245667
6836,786577.2141561524,0.0,786577.2141561524,786577.2141561524,14864.210072457168
6837,779557.9135729456,0.0,779557.9135729456,779557.9135729456,14742.130130990487
6838,786036.5716915431,0.0,786036.5716915431,786036.5716915431,14854.764939906923
6839,785160.2860636732,0.0,785160.2860636732,785160.2860636732,14839.509035020203
6840,785764.3089883275,0.0,785764.3089883275,785764.3089883275,14849.98403797198
6841,744237.6754646373,0.0,744237.6754646373,744237.6754646373,14125.915957387851
6842,544045.9641827563,0.0,544045.9641827563,544045.9641827563,10567.911730615355
6843,621430.5237743288,0.0,621430.5237743288,621430.5237743288,11957.146379612166
6844,477394.44672912965,0.0,477394.44672912965,477394.44672912965,9355.933550722995
6845,379308.02709138306,0.0,379308.02709138306,379308.02709138306,7543.6708849179295
6846,472898.49282505905,0.0,472898.49282505905,472898.49282505905,9273.608886067977
6847,1225929.5093099177,0.0,1225929.5093099177,1225929.5093099177,22274.033372740483
6848,1386237.0794150266,0.0,1386237.0794150266,1386237.0794150266,24878.92534149843
6849,1219918.8748118908,0.0,1219918.8748118908,1219918.8748118908,22175.354344625754
6850,1192333.8768536358,0.0,1192333.8768536358,1192333.8768536358,21721.879120555088
6851,1222808.8538316332,0.0,1222808.8538316332,1222808.8538316332,22222.700961865776
6852,1203662.0301108814,0.0,1203662.0301108814,1203662.0301108814,21908.19830719877
6853,1205880.2627392625,0.0,1205880.2627392625,1205880.2627392625,21944.63108116458
6854,1201131.106861721,0.0,1201131.106861721,1201131.106861721,21866.50533402829
6855,1095074.0574410276,0.0,1095074.0574410276,1095074.0574410276,20110.814122798285
6856,757345.5612676926,0.0,757345.5612676926,757345.5612676926,14354.59162990409
6857,17069.183843675968,0.0,17069.183843675968,17069.183843675968,342.0111235232326
6858,55183.43286197099,0.0,55183.43286197099,55183.43286197099,980.9687891601357
6859,70993.88140979967,0.0,70993.88140979967,70993.88140979967,1391.862300603581
6860,55242.710218608285,0.0,55242.710218608285,55242.710218608285,1132.9633156822495
6861,60649.91068371139,0.0,60649.91068371139,60649.91068371139,1214.4450670641536
6862,74755.52498906672,0.0,74755.52498906672,74755.52498906672,1498.1685459652936
6863,94287.88706978936,0.0,94287.88706978936,94287.88706978936,1864.538084159673
6864,129018.77269906644,0.0,129018.77269906644,129018.77269906644,2517.8123449564123
6865,94064.04560148701,0.0,94064.04560148701,94064.04560148701,1931.688900344068
6866,138083.88450468142,0.0,138083.88450468142,138083.88450468142,2671.30455417834
6867,211419.41247459868,0.0,211419.41247459868,211419.41247459868,4080.796145491658
6868,302222.63499590417,0.0,302222.63499590417,302222.63499590417,6091.183927950816
6869,434047.74459761014,0.0,434047.74459761014,434047.74459761014,8558.417694393962
6870,650374.5424291146,0.0,650374.5424291146,650374.5424291146,12470.552783972675
6871,1173436.518458448,0.0,1173436.518458448,1173436.518458448,21408.00821985559
6872,1400000.0,0.0,1400000.0,1400000.0,25097.551614322856
6873,1400000.0,0.0,1400000.0,1400000.0,25097.51047499698
6874,1400000.0,0.0,1400000.0,1400000.0,25097.469335805952
6875,1400000.0,0.0,1400000.0,1400000.0,25097.428196749766
6876,1400000.0,0.0,1400000.0,1400000.0,25097.387057828426
6877,1400000.0,0.0,1400000.0,1400000.0,25097.345919041923
6878,1400000.0,0.0,1400000.0,1400000.0,25097.304780390255
6879,1400000.0,0.0,1400000.0,1400000.0,25097.263641873433
6880,1080623.4607670067,0.0,1080623.4607670067,1080623.4607670067,19867.45436326728
6881,774606.4286968235,0.0,774606.4286968235,774606.4286968235,14653.70493405515
6882,785669.0864397668,0.0,785669.0864397668,785669.0864397668,14846.101508255186
6883,792739.4058775078,0.0,792739.4058775078,792739.4058775078,14968.890473672298
6884,792739.4058775078,0.0,792739.4058775078,792739.4058775078,14968.865960277953
6885,791618.0680723024,0.0,791618.0680723024,791618.0680723024,14949.37215554561
6886,792739.4058775078,0.0,792739.4058775078,792739.4058775078,14968.816936604702
6887,785281.7089015819,0.0,785281.7089015819,785281.7089015819,14839.247350639926
6888,791723.2997963428,0.0,791723.2997963428,791723.2997963428,14951.1125591318
6889,778457.7445584633,0.0,778457.7445584633,778457.7445584633,14720.523419124456
6890,673263.0647623027,0.0,673263.0647623027,673263.0647623027,12875.585403448462
6891,792174.5375386955,0.0,792174.5375386955,792174.5375386955,14958.874288709341
6892,784449.2202288876,0.0,784449.2202288876,784449.2202288876,14824.643189490462
6893,785999.7450682028,0.0,785999.7450682028,785999.7450682028,14851.567404139116
6894,785022.3878751558,0.0,785022.3878751558,785022.3878751558,14834.557130968711
6895,900625.4293791647,0.0,900625.4293791647,900625.4293791647,16827.02193675949
6896,1042255.9171739856,0.0,1042255.9171739856,1042255.9171739856,19224.972583593546
6897,984458.9148763291,0.0,984458.9148763291,984458.9148763291,18251.84882095718
6898,991369.0214544163,0.0,991369.0214544163,991369.0214544163,18368.54984360205
6899,752667.9532922865,0.0,752667.9532922865,752667.9532922865,14270.73204184539
6900,1400000.0,0.0,1400000.0,1400000.0,25096.41811701555
6901,1400000.0,0.0,1400000.0,1400000.0,25096.376981404726
6902,1302300.2091042337,0.0,1302300.2091042337,1302300.2091042337,23517.040058065613
6903,1302871.27967329,0.0,1302871.27967329,1302871.27967329,23526.28277617912
6904,823898.5234138212,0.0,823898.5234138212,823898.5234138212,15508.060822154403
6905,787812.2527558078,0.0,787812.2527558078,787812.2527558078,14882.762059170751
6906,792412.759649472,0.0,792412.759649472,792412.759649472,14962.636083801965
6907,788299.4231107055,0.0,788299.4231107055,788299.4231107055,14891.176705019046
6908,765163.7808900673,0.0,765163.7808900673,765163.7808900673,14488.548768888188
6909,715628.8366539109,0.0,715628.8366539109,715628.8366539109,13621.775886574867
6910,701022.5599015107,0.0,701022.5599015107,701022.5599015107,13364.912411424519
6911,685038.9231427569,0.0,685038.9231427569,685038.9231427569,13083.155216812209
6912,617621.1726198081,0.0,617621.1726198081,617621.1726198081,11886.816161733526
6913,608931.1702768219,0.0,608931.1702768219,608931.1702768219,11731.62892486271
6914,665346.0326439436,0.0,665346.0326439436,665346.0326439436,12734.993155784607
6915,639117.0782795828,0.0,639117.0782795828,639117.0782795828,12269.624720189755
6916,544865.1299763033,0.0,544865.1299763033,544865.1299763033,10580.500149034864
6917,536397.1422023125,0.0,536397.1422023125,536397.1422023125,10427.373886053027
6918,472765.5549736221,0.0,472765.5549736221,472765.5549736221,9269.244291389807
6919,547611.2469700113,0.0,547611.2469700113,547611.2469700113,10630.051041054632
6920,448580.26379645657,0.0,448580.26379645657,448580.26379645657,8825.371004143428
6921,334107.855528958,0.0,334107.855528958,334107.855528958,6694.192564250088
6922,443910.5125869389,0.0,443910.5125869389,443910.5125869389,8739.401870832498
6923,348037.41368434596,0.0,348037.41368434596,348037.41368434596,6956.391444003835
6924,407298.9936841447,0.0,407298.9936841447,407298.9936841447,8062.775673619143
6925,293174.42535176355,0.0,293174.42535176355,293174.42535176355,5918.396598806152
6926,267742.2835313732,0.0,267742.2835313732,267742.2835313732,5432.211482908395
6927,194765.67822221405,0.0,194765.67822221405,194765.67822221405,3999.981840128998
6928,813904.7788439996,0.0,813904.7788439996,813904.7788439996,15103.42852053231
6929,140453.8629829169,0.0,140453.8629829169,140453.8629829169,2885.856100909601
6930,68690.2326342964,0.0,68690.2326342964,68690.2326342964,1416.0331222678694
6931,129629.33055210124,0.0,129629.33055210124,129629.33055210124,2460.4565032517917
6932,167482.07417509684,0.0,167482.07417509684,167482.07417509684,3306.4378048784415
6933,63157.33444745123,0.0,63157.33444745123,63157.33444745123,1297.8475254105113
6934,49828.230969759716,0.0,49828.230969759716,49828.230969759716,1027.237486654414
6935,67889.62532773896,0.0,67889.62532773896,67889.62532773896,1333.7633952175547
6936,26452.77823653527,0.0,26452.77823653527,26452.77823653527,537.822481625269
6937,10621.14281896394,0.0,10621.14281896394,10621.14281896394,218.607655836446
6938,24941.58859978369,0.0,24941.58859978369,24941.58859978369,466.3693233638243
6939,30037.853953028305,0.0,30037.853953028305,30037.853953028305,585.188784665789
6940,53048.87083943707,0.0,53048.87083943707,53048.87083943707,1017.4789477700656
6941,45174.12857189037,0.0,45174.12857189037,45174.12857189037,925.6054514437466
6942,34778.39465567965,0.0,34778.39465567965,34778.39465567965,711.8849782648979
6943,27651.948522839324,0.0,27651.948522839324,27651.948522839324,560.7556157895174
6944,414025.5061080668,0.0,414025.5061080668,414025.5061080668,6946.72794316599
6945,753316.8050640364,0.0,753316.8050640364,753316.8050640364,14279.414695874715
6946,940120.2997182785,0.0,940120.2997182785,940120.2997182785,17496.997160589013
6947,1124314.2905386782,0.0,1124314.2905386782,1124314.2905386782,20590.31261725281
6948,1016175.8854605791,0.0,1016175.8854605791,1016175.8854605791,18783.21005900252
6949,1299268.393882645,0.0,1299268.393882645,1299268.393882645,23463.575015068778
6950,1304912.0706076294,0.0,1304912.0706076294,1304912.0706076294,23555.250425576414
6951,1222455.7193279683,0.0,1222455.7193279683,1222455.7193279683,22209.309145199968
6952,384778.5214974021,0.0,384778.5214974021,384778.5214974021,7642.761766662081
6953,82046.8702919973,0.0,82046.8702919973,82046.8702919973,1686.6925539571807
6954,103734.32659309532,0.0,103734.32659309532,103734.32659309532,2059.0132543802083
6955,50369.811969603354,0.0,50369.811969603354,50369.811969603354,1037.685259482784
6956,90160.58377773405,0.0,90160.58377773405,90160.58377773405,1717.7964364952902
6957,139914.53700495907,0.0,139914.53700495907,139914.53700495907,2703.985145802317
6958,349509.07086866116,0.0,349509.07086866116,349509.07086866116,6560.997899049293
6959,470178.16140303476,0.0,470178.16140303476,470178.16140303476,9219.599344549668
6960,750787.70050216,0.0,750787.70050216,750787.70050216,14234.048249294232
6961,791317.2629332425,0.0,791317.2629332425,791317.2629332425,14939.753580826246
6962,787050.0479961893,0.0,787050.0479961893,787050.0479961893,14865.626484618157
6963,781368.6182829987,0.0,781368.6182829987,781368.6182829987,14766.868175275613
6964,763307.5493137373,0.0,763307.5493137373,763307.5493137373,14452.416134875806
6965,791676.7401677617,0.0,791676.7401677617,791676.7401677617,14945.896219885171
6966,368851.10816861707,0.0,368851.10816861707,368851.10816861707,7344.773714834694
6967,843333.0928020787,0.0,843333.0928020787,843333.0928020787,15839.171101888365
6968,561306.2098367086,0.0,561306.2098367086,561306.2098367086,10874.28369974751
6969,806281.518383085,0.0,806281.518383085,806281.518383085,15199.051534819364
6970,315996.033159327,0.0,315996.033159327,315996.033159327,6350.237883627333
6971,669480.984007777,0.0,669480.984007777,669480.984007777,12804.779955414479
6972,638955.7112981118,0.0,638955.7112981118,638955.7112981118,12263.49271717053
6973,857689.6120492617,0.0,857689.6120492617,857689.6120492617,16086.11025849094
6974,893217.4201738934,0.0,893217.4201738934,893217.4201738934,16695.39617389233
6975,659323.8301518239,0.0,659323.8301518239,659323.8301518239,12624.888617808696
6976,572087.3143493602,0.0,572087.3143493602,572087.3143493602,11068.130771193568
6977,571191.5812314507,0.0,571191.5812314507,571191.5812314507,11052.009022298264
6978,623126.2207174434,0.0,623126.2207174434,623126.2207174434,11981.626098518962
6979,381412.6206283331,0.0,381412.6206283331,381412.6206283331,7579.188408671473
6980,276939.8361984365,0.0,276939.8361984365,276939.8361984365,5606.877975062106
6981,288833.5626689464,0.0,288833.5626689464,288833.5626689464,5834.022094923791
6982,242159.09965482185,0.0,242159.09965482185,242159.09965482185,4938.17826950097
6983,120375.73561913527,0.0,120375.73561913527,120375.73561913527,2474.1669380520016
6984,225589.3251055702,0.0,225589.3251055702,225589.3251055702,4268.48899234448
6985,412870.2736990355,0.0,412870.2736990355,412870.2736990355,8163.487663452347
6986,719026.9209343633,0.0,719026.9209343633,719026.9209343633,13676.947815649346
6987,726195.6324879712,0.0,726195.6324879712,726195.6324879712,13802.665158789427
6988,780543.2543615004,0.0,780543.2543615004,780543.2543615004,14751.443988444107
6989,787295.7620729473,0.0,787295.7620729473,787295.7620729473,14868.764499107292
6990,786117.7460357406,0.0,786117.7460357406,786117.7460357406,14848.277172722039
6991,1400000.0,0.0,1400000.0,1400000.0,25088.096204501868
6992,1400000.0,0.0,1400000.0,1400000.0,25088.05509614857
6993,1400000.0,0.0,1400000.0,1400000.0,25088.013987929964
6994,1400000.0,0.0,1400000.0,1400000.0,25087.972879846053
6995,847657.8919105001,0.0,847657.8919105001,847657.8919105001,15912.424287963564
6996,829285.924037239,0.0,829285.924037239,829285.924037239,15595.670511131615
6997,835134.6675159025,0.0,835134.6675159025,835134.6675159025,15696.566500103394
6998,1072007.329895373,0.0,1072007.329895373,1072007.329895373,19715.9722579762
6999,1400000.0,0.0,1400000.0,1400000.0,25087.774280053418
7000,664672.1892311373,0.0,664672.1892311373,664672.1892311373,12718.65693949074
7001,375510.60601370904,0.0,375510.60601370904,375510.60601370904,7468.512516619187
7002,150128.39653150146,0.0,150128.39653150146,150128.39653150146,3082.9477116602234
7003,484230.18546561914,0.0,484230.18546561914,484230.18546561914,8975.142178709268
7004,581795.2656973924,0.0,581795.2656973924,581795.2656973924,11241.33830681737
7005,524065.5978098342,0.0,524065.5978098342,524065.5978098342,10200.122389245773
7006,535673.9828856294,0.0,535673.9828856294,535673.9828856294,10410.32715483631
7007,549475.2162704903,0.0,549475.2162704903,549475.2162704903,10659.675047236178
7008,306218.90964332817,0.0,306218.90964332817,306218.90964332817,6164.10884025204
7009,155818.83940445742,0.0,155818.83940445742,155818.83940445742,3203.075579097742
7010,76530.58931870469,0.0,76530.58931870469,76530.58931870469,1568.5068190526033
7011,22728.744066199262,0.0,22728.744066199262,22728.744066199262,465.90206124703826
7012,0.0,0.0,0.0,0.0,-0.0
7013,0.0,0.0,0.0,0.0,-0.0
7014,0.0,0.0,0.0,0.0,-0.0
7015,19155.738680686165,0.0,19155.738680686165,19155.738680686165,317.4291947127496
7016,623480.800245249,0.0,623480.800245249,623480.800245249,10079.53287511703
7017,340110.5575771631,0.0,340110.5575771631,340110.5575771631,6804.077471730213
7018,662308.7693492031,0.0,662308.7693492031,662308.7693492031,12675.315730958095
7019,789195.6696234838,0.0,789195.6696234838,789195.6696234838,14899.721074763498
7020,819479.2985898193,0.0,819479.2985898193,819479.2985898193,15424.31539264752
7021,760563.7585959961,0.0,760563.7585959961,760563.7585959961,14401.50006399096
7022,748193.5095984996,0.0,748193.5095984996,748193.5095984996,14185.58086091614
7023,473955.37906228116,0.0,473955.37906228116,473955.37906228116,9286.586590146148
7024,1004013.2971188698,0.0,1004013.2971188698,1004013.2971188698,18572.870239098625
7025,771226.2105840051,0.0,771226.2105840051,771226.2105840051,14587.172221218665
7026,785131.3014703394,0.0,785131.3014703394,785131.3014703394,14828.964128979092
7027,656121.126376352,0.0,656121.126376352,656121.126376352,12565.52006679727
7028,757491.7357033708,0.0,757491.7357033708,757491.7357033708,14347.758249543724
7029,792739.4058775078,0.0,792739.4058775078,792739.4058775078,14960.988125990454
7030,792739.4058775078,0.0,792739.4058775078,792739.4058775078,14960.963638443023
7031,792739.4058775078,0.0,792739.4058775078,792739.4058775078,14960.939150975704
7032,754257.5124828038,0.0,754257.5124828038,754257.5124828038,14291.23141408343
7033,620126.3165700681,0.0,620126.3165700681,620126.3165700681,11925.598507943112
7034,737738.086963477,0.0,737738.086963477,737738.086963477,14002.512848674512
7035,755656.7669991163,0.0,755656.7669991163,755656.7669991163,14315.579940392046
7036,756550.6994232914,0.0,756550.6994232914,756550.6994232914,14331.153739446156
7037,753105.7974655625,0.0,753105.7974655625,753105.7974655625,14271.012533254854
7038,775934.7089742136,0.0,775934.7089742136,775934.7089742136,14668.800250790835
7039,1400000.0,0.0,1400000.0,1400000.0,25084.14176909853
7040,1400000.0,0.0,1400000.0,1400000.0,25084.10067369381
7041,799532.72804295,0.0,799532.72804295,799532.72804295,15078.514743752385
7042,711718.7423431401,0.0,711718.7423431401,711718.7423431401,13546.167375684527
7043,1400000.0,0.0,1400000.0,1400000.0,25083.981962731825
7044,1400000.0,0.0,1400000.0,1400000.0,25083.94086785063
7045,1321220.0125707514,0.0,1321220.0125707514,1321220.0125707514,23812.33821456926
7046,825294.9685783621,0.0,825294.9685783621,825294.9685783621,15524.134872617624
7047,941459.696600642,0.0,941459.696600642,941459.696600642,17513.818701963002
7048,794646.4251598488,0.0,794646.4251598488,794646.4251598488,14993.603681923298
7049,648583.4111920608,0.0,648583.4111920608,648583.4111920608,12431.390425704603
7050,730411.3123540168,0.0,730411.3123540168,730411.3123540168,13873.875237443623
7051,776787.1260649788,0.0,776787.1260649788,776787.1260649788,14683.308868965862
7052,662173.5203311752,0.0,662173.5203311752,662173.5203311752,12672.202578899783
7053,350940.7335945832,0.0,350940.7335945832,350940.7335945832,7007.212010225386
7054,243922.58334806067,0.0,243922.58334806067,243922.58334806067,4970.965306366242
7055,161097.91316389214,0.0,161097.91316389214,161097.91316389214,3305.5735367964094
7056,129303.21672862877,0.0,129303.21672862877,129303.21672862877,2657.425692929672
7057,111341.94365226837,0.0,111341.94365226837,111341.94365226837,2287.606731770531
7058,85128.20275142737,0.0,85128.20275142737,85128.20275142737,1746.2211239811527
7059,81263.4078804081,0.0,81263.4078804081,81263.4078804081,1670.9171651881516
7060,34430.841193677785,0.0,34430.841193677785,34430.841193677785,704.9342120683033
7061,0.0,0.0,0.0,0.0,-0.0
7062,0.0,0.0,0.0,0.0,-0.0
7063,17519.55244395069,0.0,17519.55244395069,17519.55244395069,291.9111843967005
7064,43938.84366310923,0.0,43938.84366310923,43938.84366310923,788.6443180985227
7065,336786.52538690943,0.0,336786.52538690943,336786.52538690943,5822.536560882749
7066,439758.17510937026,0.0,439758.17510937026,439758.17510937026,8657.60297342537
7067,723964.6899940852,0.0,723964.6899940852,723964.6899940852,13759.641396552171
7068,721334.6671734815,0.0,721334.6671734815,721334.6671734815,13713.500419123702
7069,943680.4342283385,0.0,943680.4342283385,943680.4342283385,17549.83232746309
7070,324949.1878603153,0.0,324949.1878603153,324949.1878603153,6517.170613537665
7071,223817.6238639764,0.0,223817.6238639764,223817.6238639764,4581.032888875411
7072,53765.89187068012,0.0,53765.89187068012,53765.89187068012,1103.548762906584
7073,210408.66818885098,0.0,210408.66818885098,210408.66818885098,3764.3808389506603
7074,403866.15977489157,0.0,403866.15977489157,403866.15977489157,7933.3846945444375
7075,652001.9209927422,0.0,652001.9209927422,652001.9209927422,12489.986850095735
7076,702197.9949517112,0.0,702197.9949517112,702197.9949517112,13376.437101979616
7077,649865.5306899986,0.0,649865.5306899986,649865.5306899986,12452.058473655197
7078,545488.9148630811,0.0,545488.9148630811,545488.9148630811,10584.44866264776
7079,603147.9611798706,0.0,603147.9611798706,603147.9611798706,11620.184236369027
7080,598278.6279369808,0.0,598278.6279369808,598278.6279369808,11533.090916736406
7081,607036.2655981026,0.0,607036.2655981026,607036.2655981026,11689.626212415636
7082,625982.6986710847,0.0,625982.6986710847,625982.6986710847,12027.514129750696
7083,634782.0216775707,0.0,634782.0216775707,634782.0216775707,12184.068274002384
7084,617072.9717750305,0.0,617072.9717750305,617072.9717750305,11868.704322893549
7085,540467.9001792767,0.0,540467.9001792767,540467.9001792767,10493.638728602164
7086,422230.4848340372,0.0,422230.4848340372,422230.4848340372,8333.458613284258
7087,1245230.2529087258,0.0,1245230.2529087258,1245230.2529087258,22571.0710499006
7088,1400000.0,0.0,1400000.0,1400000.0,25079.40754243716
7089,1314513.5311540028,0.0,1314513.5311540028,1314513.5311540028,23699.26616221976
7090,756119.697556444,0.0,756119.697556444,756119.697556444,14320.654837745364
7091,489188.9160237285,0.0,489188.9160237285,489188.9160237285,9562.624331197103
7092,1121159.2629461535,0.0,1121159.2629461535,1121159.2629461535,20527.288357028927
7093,1101799.5578961466,0.0,1101799.5578961466,1101799.5578961466,20205.579388378977
7094,720034.7739136766,0.0,720034.7739136766,720034.7739136766,13689.347479539165
7095,562158.9451091842,0.0,562158.9451091842,562158.9451091842,10884.654270389274
7096,338846.9756576476,0.0,338846.9756576476,338846.9756576476,6778.50690915328
7097,424604.46476361045,0.0,424604.46476361045,424604.46476361045,8377.162703815206
7098,682665.250309997,0.0,682665.250309997,682665.250309997,13031.856437926695
7099,333513.6324042562,0.0,333513.6324042562,333513.6324042562,6678.026844680773
7100,461786.48669432895,0.0,461786.48669432895,461786.48669432895,9061.370393348874
7101,761948.5855917106,0.0,761948.5855917106,761948.5855917106,14422.037305462121
7102,783750.3539534552,0.0,783750.3539534552,783750.3539534552,14801.374389461444
7103,726149.4361439286,0.0,726149.4361439286,726149.4361439286,13796.354595854096
7104,721300.1091318544,0.0,721300.1091318544,721300.1091318544,13711.32022996575
7105,745510.2694176607,0.0,745510.2694176607,745510.2694176607,14135.08670616089
7106,742842.331772433,0.0,742842.331772433,742842.331772433,14088.43939892657
7107,689307.7124761057,0.0,689307.7124761057,689307.7124761057,13148.799757343668
7108,755980.1886503233,0.0,755980.1886503233,755980.1886503233,14317.804110694065
7109,743108.3010793728,0.0,743108.3010793728,743108.3010793728,14093.019186148422
7110,745386.983350227,0.0,745386.983350227,745386.983350227,14132.817110075748
7111,775437.2064700108,0.0,775437.2064700108,775437.2064700108,14656.652608342032
7112,576522.5583606982,0.0,576522.5583606982,576522.5583606982,11142.571406933941
7113,795205.8816935266,0.0,795205.8816935266,795205.8816935266,14999.944948473849
7114,747154.2957816273,0.0,747154.2957816273,747154.2957816273,14163.599750293193
7115,802877.2086692362,0.0,802877.2086692362,802877.2086692362,15132.860123670116
7116,868245.3415154933,0.0,868245.3415154933,868245.3415154933,16259.845585688772
7117,881527.4240821722,0.0,881527.4240821722,881527.4240821722,16487.531016689325
7118,826214.878637885,0.0,826214.878637885,826214.878637885,15536.369557930891
7119,725690.3966959411,0.0,725690.3966959411,725690.3966959411,13787.947854253265
7120,933383.3745087807,0.0,933383.3745087807,933383.3745087807,17372.453865223
7121,686637.5041835771,0.0,686637.5041835771,686637.5041835771,13101.424589091259
7122,510812.4792946699,0.0,510812.4792946699,510812.4792946699,9955.722437954744
7123,420966.95431299356,0.0,420966.95431299356,420966.95431299356,8309.580779199037
7124,444223.1241655803,0.0,444223.1241655803,444223.1241655803,8738.432323090754
7125,419677.63900279056,0.0,419677.63900279056,419677.63900279056,8285.718125875335
7126,370540.63460710517,0.0,370540.63460710517,370540.63460710517,7372.473645739568
7127,554103.4211316386,0.0,554103.4211316386,554103.4211316386,10738.980498804927
7128,425358.9545047316,0.0,425358.9545047316,425358.9545047316,8390.659397321033
7129,288643.4634102174,0.0,288643.4634102174,288643.4634102174,5827.394108079223
7130,214497.38304351302,0.0,214497.38304351302,214497.38304351302,4398.889814985931
7131,141291.3560482479,0.0,141291.3560482479,141291.3560482479,2900.009266430056
7132,76341.46770994015,0.0,76341.46770994015,76341.46770994015,1564.231584238455
7133,159289.8713718624,0.0,159289.8713718624,159289.8713718624,2963.54144819636
7134,113179.1060468947,0.0,113179.1060468947,113179.1060468947,2322.770486471825
7135,994771.2890687616,0.0,994771.2890687616,994771.2890687616,16881.134336208484
7136,1305189.5905791307,0.0,1305189.5905791307,1305189.5905791307,23544.79394090718
7137,1340260.5757524378,0.0,1340260.5757524378,1340260.5757524378,24113.04147176739
7138,1256773.551548668,0.0,1256773.551548668,1256773.551548668,22756.46989584469
7139,1359597.607210807,0.0,1359597.607210807,1359597.607210807,24425.349115158264
7140,1400000.0,0.0,1400000.0,1400000.0,25075.870500818364
7141,1400000.0,0.0,1400000.0,1400000.0,25075.829432490922
7142,1400000.0,0.0,1400000.0,1400000.0,25075.788364297972
7143,1310363.7463376678,0.0,1310363.7463376678,1310363.7463376678,23628.504540924914
7144,1278576.7631334038,0.0,1278576.7631334038,1278576.7631334038,23111.753874675745
7145,792739.4058775078,0.0,792739.4058775078,792739.4058775078,14955.418036236177
7146,792739.4058775078,0.0,792739.4058775078,792739.4058775078,14955.39356689912
7147,792739.4058775078,0.0,792739.4058775078,792739.4058775078,14955.369097642091
7148,792739.4058775078,0.0,792739.4058775078,792739.4058775078,14955.344628465089
7149,792739.4058775078,0.0,792739.4058775078,792739.4058775078,14955.320159368113
7150,792739.4058775078,0.0,792739.4058775078,792739.4058775078,14955.295690351159
7151,792739.4058775078,0.0,792739.4058775078,792739.4058775078,14955.271221414232
7152,792739.4058775078,0.0,792739.4058775078,792739.4058775078,14955.246752557323
7153,792739.4058775078,0.0,792739.4058775078,792739.4058775078,14955.222283780438
7154,792739.4058775078,0.0,792739.4058775078,792739.4058775078,14955.197815083582
7155,792739.4058775078,0.0,792739.4058775078,792739.4058775078,14955.173346466745
7156,792654.2534130128,0.0,792654.2534130128,792654.2534130128,14953.671759064076
7157,782107.9443616935,0.0,782107.9443616935,782107.9443616935,14770.559309635357
7158,784717.9073268696,0.0,784717.9073268696,784717.9073268696,14815.87169809752
7159,1375212.5678113885,0.0,1375212.5678113885,1375212.5678113885,24676.34211123005
7160,1400000.0,0.0,1400000.0,1400000.0,25075.079798321185
7161,1400000.0,0.0,1400000.0,1400000.0,25075.03873258317
7162,1400000.0,0.0,1400000.0,1400000.0,25074.997666979623
7163,1400000.0,0.0,1400000.0,1400000.0,25074.956601510567
7164,1400000.0,0.0,1400000.0,1400000.0,25074.915536175984
7165,1400000.0,0.0,1400000.0,1400000.0,25074.87447097589
7166,1400000.0,0.0,1400000.0,1400000.0,25074.833405910267
7167,1400000.0,0.0,1400000.0,1400000.0,25074.792340979122
7168,1400000.0,0.0,1400000.0,1400000.0,25074.75127618246
7169,700209.8643850671,0.0,700209.8643850671,700209.8643850671,13338.541327366795
7170,772244.8441335134,0.0,772244.8441335134,772244.8441335134,14598.748255002058
7171,783649.3743560645,0.0,783649.3743560645,783649.3743560645,14796.984878201287
7172,648887.308559765,0.0,648887.308559765,648887.308559765,12431.928240984289
7173,478594.3366977274,0.0,478594.3366977274,478594.3366977274,9367.254227319569
7174,374473.5364556356,0.0,374473.5364556356,374473.5364556356,7444.795127532372
7175,244798.2646628202,0.0,244798.2646628202,244798.2646628202,4985.812237478927
7176,142516.76551639143,0.0,142516.76551639143,142516.76551639143,2923.480041315558
7177,116146.42591960439,0.0,116146.42591960439,116146.42591960439,2390.128850920475
7178,101602.01969494998,0.0,101602.01969494998,101602.01969494998,2086.891266189744
7179,110060.17959286875,0.0,110060.17959286875,110060.17959286875,2227.5825356910836
7180,117602.47733956265,0.0,117602.47733956265,117602.47733956265,2385.0692699246592
7181,159527.4752898096,0.0,159527.4752898096,159527.4752898096,3137.6581767251837
7182,204070.68430316797,0.0,204070.68430316797,204070.68430316797,4020.8572256528273
7183,761160.9438679065,0.0,761160.9438679065,761160.9438679065,14296.405671659146
7184,1400000.0,0.0,1400000.0,1400000.0,25073.288550710124
7185,1400000.0,0.0,1400000.0,1400000.0,25073.24749083016
7186,1231981.333646863,0.0,1231981.333646863,1231981.333646863,22348.647861004705
7187,1364307.1436304278,0.0,1364307.1436304278,1364307.1436304278,24498.640333298044
7188,1400000.0,0.0,1400000.0,1400000.0,25073.124959809502
7189,1400000.0,0.0,1400000.0,1400000.0,25073.083900465226
7190,1400000.0,0.0,1400000.0,1400000.0,25073.042841255403
7191,1400000.0,0.0,1400000.0,1400000.0,25073.001782180017
7192,1216771.63737666,0.0,1216771.63737666,1216771.63737666,22099.19700041619
7193,669861.212577491,0.0,669861.212577491,669861.212577491,12802.390834868766
7194,780174.757812495,0.0,780174.757812495,780174.757812495,14735.531009370055
7195,788784.6299247314,0.0,788784.6299247314,788784.6299247314,14885.028397497648
7196,789940.2116370067,0.0,789940.2116370067,789940.2116370067,14905.057653820337
7197,785521.0941270706,0.0,785521.0941270706,785521.0941270706,14828.32684941499
7198,710692.4774928046,0.0,710692.4774928046,710692.4774928046,13521.663817686758
7199,446711.68937752664,0.0,446711.68937752664,446711.68937752664,8782.153874712232
7200,227339.37358622442,0.0,227339.37358622442,227339.37358622442,4647.57547999966
7201,89626.95518395647,0.0,89626.95518395647,89626.95518395647,1843.3184915633888
7202,81544.6925538792,0.0,81544.6925538792,81544.6925538792,1675.7895378736407
7203,677805.0040190893,0.0,677805.0040190893,677805.0040190893,11572.633810915486
7204,792739.4058775078,0.0,792739.4058775078,792739.4058775078,14952.753733051142
7205,792739.4058775078,0.0,792739.4058775078,792739.4058775078,14952.729272416356
7206,792739.4058775078,0.0,792739.4058775078,792739.4058775078,14952.704811861551
7207,1244226.5342361678,0.0,1244226.5342361678,1244226.5342361678,22547.251807864162
7208,1203099.5958923115,0.0,1203099.5958923115,1203099.5958923115,21873.282463624917
7209,1400000.0,0.0,1400000.0,1400000.0,25071.22785531668
7210,1400000.0,0.0,1400000.0,1400000.0,25071.186802176202
7211,1400000.0,0.0,1400000.0,1400000.0,25071.145749170155
7212,1352359.3289901116,0.0,1352359.3289901116,1352359.3289901116,24303.817862738375
7213,856541.0519516901,0.0,856541.0519516901,856541.0519516901,16053.9610265122
7214,822649.0866112022,0.0,822649.0866112022,822649.0866112022,15470.113354120427
7215,825094.4264280485,0.0,825094.4264280485,825094.4264280485,15512.306806012892
7216,756247.9920377946,0.0,756247.9920377946,756247.9920377946,14317.831976985937
7217,727509.9678060956,0.0,727509.9678060956,727509.9678060956,13815.563870740394
7218,786930.5436873792,0.0,786930.5436873792,786930.5436873792,14851.613323098629
7219,787114.3121362561,0.0,787114.3121362561,787114.3121362561,14854.778953449568
7220,791653.4547611366,0.0,791653.4547611366,791653.4547611366,14933.519212012226
7221,792739.4058775078,0.0,792739.4058775078,792739.4058775078,14952.330667312392
7222,792590.9789941924,0.0,792590.9789941924,792590.9789941924,14949.731917443638
7223,791588.1952711046,0.0,791588.1952711046,791588.1952711046,14932.313899198793
7224,790519.1178073247,0.0,790519.1178073247,790519.1178073247,14913.729876446041
7225,790883.5625809857,0.0,790883.5625809857,790883.5625809857,14920.028149925078
7226,787545.2084069625,0.0,787545.2084069625,787545.2084069625,14862.074740444226
7227,786278.3259208266,0.0,786278.3259208266,786278.3259208266,14840.059306219651
7228,761045.7057410621,0.0,761045.7057410621,761045.7057410621,14401.170712963038
7229,650853.6763618891,0.0,650853.6763618891,650853.6763618891,12464.57879511755
7230,664268.6733338214,0.0,664268.6733338214,664268.6733338214,12702.121338560013
7231,766133.8670078358,0.0,766133.8670078358,766133.8670078358,14489.730661223828
7232,1226510.1919419116,0.0,1226510.1919419116,1226510.1919419116,22256.436492663957
7233,1028960.7803597176,0.0,1028960.7803597176,1028960.7803597176,18981.255798103728
7234,817265.9512057892,0.0,817265.9512057892,817265.9512057892,15376.604578883827
7235,1020448.8512018296,0.0,1020448.8512018296,1020448.8512018296,18838.237767097322
7236,1210586.2890793171,0.0,1210586.2890793171,1210586.2890793171,21995.20826889296
7237,800794.2773367601,0.0,800794.2773367601,800794.2773367601,15091.538373512634
7238,373195.2800530632,0.0,373195.2800530632,373195.2800530632,7419.466768063233
7239,264487.4462822755,0.0,264487.4462822755,264487.4462822755,5363.563981150567
7240,366728.6402368492,0.0,366728.6402368492,366728.6402368492,7298.641200908996
7241,580643.1954699727,0.0,580643.1954699727,580643.1954699727,11212.41813374088
7242,563534.5857786363,0.0,563534.5857786363,563534.5857786363,10905.079590940568
7243,504027.966005956,0.0,504027.966005956,504027.966005956,9828.890093335136
7244,710045.2054917611,0.0,710045.2054917611,710045.2054917611,13508.644424454797
7245,766134.5423009354,0.0,766134.5423009354,766134.5423009354,14489.41318484398
7246,786293.3355526768,0.0,786293.3355526768,786293.3355526768,14839.862813192874
7247,786737.7769340344,0.0,786737.7769340344,786737.7769340344,14847.553579946089
7248,700657.9977509197,0.0,700657.9977509197,700657.9977509197,13343.580225950036
7249,671586.1455938971,0.0,671586.1455938971,671586.1455938971,12831.088438716251
7250,575169.1143074478,0.0,575169.1143074478,575169.1143074478,11114.0209554406
7251,373453.5733587809,0.0,373453.5733587809,373453.5733587809,7424.125753380232
7252,321011.7498702885,0.0,321011.7498702885,321011.7498702885,6439.339927763645
7253,378700.0306715215,0.0,378700.0306715215,378700.0306715215,7521.97450674802
7254,385446.67658328224,0.0,385446.67658328224,385446.67658328224,7647.655725900182
7255,452222.98426058743,0.0,452222.98426058743,452222.98426058743,8882.153646880899
7256,503214.5444999105,0.0,503214.5444999105,503214.5444999105,9813.888841257087
7257,374380.9347188404,0.0,374380.9347188404,374380.9347188404,7441.3606911755
7258,577595.0372567344,0.0,577595.0372567344,577595.0372567344,11157.421987378377
7259,405177.74978092103,0.0,405177.74978092103,405177.74978092103,8014.143806100469
7260,635534.4782984847,0.0,635534.4782984847,635534.4782984847,12192.045221721275
7261,309321.64162004716,0.0,309321.64162004716,309321.64162004716,6218.034732234028
7262,319946.73272576986,0.0,319946.73272576986,319946.73272576986,6419.106310537689
7263,560629.9164276021,0.0,560629.9164276021,560629.9164276021,10852.442289438843
7264,619940.4547355516,0.0,619940.4547355516,619940.4547355516,11914.483137254463
7265,564637.9534553749,0.0,564637.9534553749,564637.9534553749,10924.518288877596
7266,643784.1819244352,0.0,643784.1819244352,643784.1819244352,12338.437453493008
7267,767511.333055292,0.0,767511.333055292,767511.333055292,14512.876288598456
7268,501984.30668903305,0.0,501984.30668903305,501984.30668903305,9791.322144707869
7269,775181.5019268257,0.0,775181.5019268257,775181.5019268257,14646.272616497257
7270,603633.0240058891,0.0,603633.0240058891,603633.0240058891,11623.419617991658
7271,760774.3132346827,0.0,760774.3132346827,760774.3132346827,14395.44777614177
7272,574566.516880335,0.0,574566.516880335,574566.516880335,11102.80608612156
7273,681624.691340353,0.0,681624.691340353,681624.691340353,13007.811515052928
7274,249913.10129590557,0.0,249913.10129590557,249913.10129590557,5083.104169878255
7275,776578.5881786353,0.0,776578.5881786353,776578.5881786353,14670.421323226474
7276,604906.0282473492,0.0,604906.0282473492,604906.0282473492,11646.04630176745
7277,583649.7951813864,0.0,583649.7951813864,583649.7951813864,11265.671396702226
7278,401080.7696634386,0.0,401080.7696634386,401080.7696634386,7937.9067876964955
7279,268807.31766985194,0.0,268807.31766985194,268807.31766985194,5446.001404535365
7280,403304.83016116824,0.0,403304.83016116824,403304.83016116824,7979.136455768979
7281,183186.43388354528,0.0,183186.43388354528,183186.43388354528,3760.5809220881015
7282,142266.6312580937,0.0,142266.6312580937,142266.6312580937,2917.9004797260905
7283,122283.41784147476,0.0,122283.41784147476,122283.41784147476,2509.365478718825
7284,253234.77532263298,0.0,253234.77532263298,253234.77532263298,4758.423155537732
7285,371842.42013375193,0.0,371842.42013375193,371842.42013375193,7393.378663909168
7286,356283.06508789386,0.0,356283.06508789386,356283.06508789386,7102.3509715902765
7287,494104.2799241197,0.0,494104.2799241197,494104.2799241197,9647.270740384223
7288,621750.6599560227,0.0,621750.6599560227,621750.6599560227,11945.879758723155
7289,731920.5317771074,0.0,731920.5317771074,731920.5317771074,13890.720530980894
7290,769941.7092966088,0.0,769941.7092966088,769941.7092966088,14554.17861149423
7291,608190.1504155403,0.0,608190.1504155403,608190.1504155403,11704.026489521064
7292,776204.2961119013,0.0,776204.2961119013,776204.2961119013,14663.05090429234
7293,770050.3239671694,0.0,770050.3239671694,770050.3239671694,14555.997522747153
7294,637589.7846546419,0.0,637589.7846546419,637589.7846546419,12227.49626832709
7295,694274.9900278252,0.0,694274.9900278252,694274.9900278252,13229.84108361488
7296,629464.9884096686,0.0,629464.9884096686,629464.9884096686,12083.030446134248
7297,593409.9366620436,0.0,593409.9366620436,593409.9366620436,11439.743569585062
7298,593739.3528711234,0.0,593739.3528711234,593739.3528711234,11445.619710874342
7299,601162.9939328078,0.0,601162.9939328078,601162.9939328078,11578.358407379343
7300,610996.3191378447,0.0,610996.3191378447,610996.3191378447,11753.93363668794
7301,555022.9943766921,0.0,555022.9943766921,555022.9943766921,10750.457047279135
7302,422705.9232681324,0.0,422705.9232681324,422705.9232681324,8337.62195485983
7303,380346.91167927097,0.0,380346.91167927097,380346.91167927097,7551.787799841175
7304,560822.9573548427,0.0,560822.9573548427,560822.9573548427,10854.83327091281
7305,528795.1982500376,0.0,528795.1982500376,528795.1982500376,10276.81857784824
7306,494502.69772596506,0.0,494502.69772596506,494502.69772596506,9654.223105242558
7307,358227.87080491806,0.0,358227.87080491806,358227.87080491806,7138.52829922386
7308,530386.0555941628,0.0,530386.0555941628,530386.0555941628,10305.55625695363
7309,433127.72999254055,0.0,433127.72999254055,433127.72999254055,8529.805200119341
7310,702829.3658086708,0.0,702829.3658086708,702829.3658086708,13380.003763195364
7311,523010.3232874973,0.0,523010.3232874973,523010.3232874973,10171.967970127955
7312,464570.0109706887,0.0,464570.0109706887,464570.0109706887,9107.44224205309
7313,637220.8540437808,0.0,637220.8540437808,637220.8540437808,12220.567401772285
7314,684494.1444478902,0.0,684494.1444478902,684494.1444478902,13057.135108631495
7315,584476.7152433596,0.0,584476.7152433596,584476.7152433596,11279.42910488736
7316,548605.7278193545,0.0,548605.7278193545,548605.7278193545,10634.53001984093
7317,667135.9440104,0.0,667135.9440104,667135.9440104,12750.626203906415
7318,662587.4952079743,0.0,662587.4952079743,662587.4952079743,12670.165541545659
7319,656072.5684935548,0.0,656072.5684935548,656072.5684935548,12554.825232616537
7320,625115.397261255,0.0,625115.397261255,625115.397261255,12005.166055523612
7321,519745.21512524417,0.0,519745.21512524417,519745.21512524417,10112.62913781299
7322,620346.0056374448,0.0,620346.0056374448,620346.0056374448,11920.198880219634
7323,757194.3187507464,0.0,757194.3187507464,757194.3187507464,14331.399999383975
7324,770079.7383365306,0.0,770079.7383365306,770079.7383365306,14555.787684869147
7325,764135.671156706,0.0,764135.671156706,764135.671156706,14452.296770560766
7326,782216.0369325596,0.0,782216.0369325596,782216.0369325596,14766.708431592722
7327,812082.3606003978,0.0,812082.3606003978,812082.3606003978,15284.245776059974
7328,1278440.6056383753,0.0,1278440.6056383753,1278440.6056383753,23100.415997252967
7329,1400000.0,0.0,1400000.0,1400000.0,25065.860105636442
7330,1400000.0,0.0,1400000.0,1400000.0,25065.81907006083
7331,1400000.0,0.0,1400000.0,1400000.0,25065.778034619558
7332,1384105.0861320598,0.0,1384105.0861320598,1384105.0861320598,24810.228543563535
7333,1054518.151378877,0.0,1054518.151378877,1054518.151378877,19405.90771020581
7334,1400000.0,0.0,1400000.0,1400000.0,25065.656118296753
7335,1201670.9711358289,0.0,1201670.9711358289,1201670.9711358289,21844.810412005398
7336,551976.1823335035,0.0,551976.1823335035,551976.1823335035,10694.931478525568
7337,261128.05378005924,0.0,261128.05378005924,261128.05378005924,5298.014148160769
7338,444331.43981700845,0.0,444331.43981700845,444331.43981700845,8735.628755471746
7339,83535.60920658939,0.0,83535.60920658939,83535.60920658939,1714.1753809051004
7340,24134.750730935062,0.0,24134.750730935062,24134.750730935062,492.7605261146225
7341,26975.876352061678,0.0,26975.876352061678,26975.876352061678,547.3585959701321
7342,396.5293773398475,0.0,396.5293773398475,396.5293773398475,-0.0
7343,0.0,0.0,0.0,0.0,-0.0
7344,0.0,0.0,0.0,0.0,-0.0
7345,0.0,0.0,0.0,0.0,-0.0
7346,28764.330732430564,0.0,28764.330732430564,28764.330732430564,484.5400450576705
7347,76918.7364594101,0.0,76918.7364594101,76918.7364594101,1386.9079741307323
7348,110129.69744580812,0.0,110129.69744580812,110129.69744580812,2159.6850011374145
7349,213211.2820421349,0.0,213211.2820421349,213211.2820421349,4008.0406107992244
7350,263677.2228584543,0.0,263677.2228584543,263677.2228584543,5346.461700189634
7351,1182430.8989687222,0.0,1182430.8989687222,1182430.8989687222,21526.620994147986
7352,1400000.0,0.0,1400000.0,1400000.0,25063.526107268604
7353,1400000.0,0.0,1400000.0,1400000.0,25063.485079333917
7354,1400000.0,0.0,1400000.0,1400000.0,25063.444051533526
7355,1400000.0,0.0,1400000.0,1400000.0,25063.40302386742
7356,1400000.0,0.0,1400000.0,1400000.0,25063.36199633562
7357,1400000.0,0.0,1400000.0,1400000.0,25063.320968938107
7358,1400000.0,0.0,1400000.0,1400000.0,25063.279941674893
7359,1333686.0633430036,0.0,1333686.0633430036,1333686.0633430036,23994.407527762854
7360,827673.7682465333,0.0,827673.7682465333,827673.7682465333,15551.749653056699
7361,792739.4058775078,0.0,792739.4058775078,792739.4058775078,14947.559195618805
7362,792739.4058775078,0.0,792739.4058775078,792739.4058775078,14947.534751961191
7363,792739.4058775078,0.0,792739.4058775078,792739.4058775078,14947.510308383482
7364,792739.4058775078,0.0,792739.4058775078,792739.4058775078,14947.485864885673
7365,792739.4058775078,0.0,792739.4058775078,792739.4058775078,14947.461421467762
7366,792739.4058775078,0.0,792739.4058775078,792739.4058775078,14947.436978129748
7367,792739.4058775078,0.0,792739.4058775078,792739.4058775078,14947.412534871635
7368,792739.4058775078,0.0,792739.4058775078,792739.4058775078,14947.388091693418
7369,792739.4058775078,0.0,792739.4058775078,792739.4058775078,14947.363648595094
7370,792739.4058775078,0.0,792739.4058775078,792739.4058775078,14947.339205576673
7371,792739.4058775078,0.0,792739.4058775078,792739.4058775078,14947.314762638147
7372,792739.4058775078,0.0,792739.4058775078,792739.4058775078,14947.290319779517
7373,792739.4058775078,0.0,792739.4058775078,792739.4058775078,14947.265877000786
7374,792739.4058775078,0.0,792739.4058775078,792739.4058775078,14947.241434301945
7375,1235078.52657969,0.0,1235078.52657969,1235078.52657969,22389.762308743564
7376,1329081.583857568,0.0,1329081.583857568,1329081.583857568,23919.265364946423
7377,1282116.8198720578,0.0,1282116.8198720578,1282116.8198720578,23157.110683901257
7378,1202296.505988352,0.0,1202296.505988352,1202296.505988352,21852.320566881797
7379,1232077.980171876,0.0,1232077.980171876,1232077.980171876,22340.519657365545
7380,882148.3212500884,0.0,882148.3212500884,882148.3212500884,16487.260199338278
7381,845679.4323209731,0.0,845679.4323209731,845679.4323209731,15861.403459568057
7382,817954.6924989411,0.0,817954.6924989411,817954.6924989411,15383.416093066431
7383,671848.2927055404,0.0,671848.2927055404,671848.2927055404,12831.700345389769
7384,705393.9088714877,0.0,705393.9088714877,705393.9088714877,13422.608812429107
7385,634411.3994352295,0.0,634411.3994352295,634411.3994352295,12168.429528682054
7386,494388.5165040526,0.0,494388.5165040526,494388.5165040526,9650.226565667506
7387,720455.6774608559,0.0,720455.6774608559,720455.6774608559,13686.857443932295
7388,693752.3511424961,0.0,693752.3511424961,693752.3511424961,13217.80274822036
7389,616419.8295897226,0.0,616419.8295897226,616419.8295897226,11848.16852565389
7390,656959.2316467733,0.0,656959.2316467733,656959.2316467733,12568.26345727128
7391,595521.3055180748,0.0,595521.3055180748,595521.3055180748,11475.009374156454
7392,390449.6505783981,0.0,390449.6505783981,390449.6505783981,7738.164795980353
7393,182069.88213913358,0.0,182069.88213913358,182069.88213913358,3728.895431665689
7394,78895.27008033867,0.0,78895.27008033867,78895.27008033867,1623.3754006619865
7395,21236.8777781365,0.0,21236.8777781365,21236.8777781365,436.4843452523611
7396,0.0,0.0,0.0,0.0,-0.0
7397,0.0,0.0,0.0,0.0,-0.0
7398,8824.254521624975,0.0,8824.254521624975,8824.254521624975,-0.0
7399,366174.82843919133,0.0,366174.82843919133,366174.82843919133,6070.896643851263
7400,167333.99303798893,0.0,167333.99303798893,167333.99303798893,3432.7030394579024
7401,120313.1398163208,0.0,120313.1398163208,120313.1398163208,2470.0894227829003
7402,163959.66158907156,0.0,163959.66158907156,163959.66158907156,3202.4417437050006
7403,205686.46276473763,0.0,205686.46276473763,205686.46276473763,4081.8183409743583
7404,328262.86879659595,0.0,328262.86879659595,328262.86879659595,6523.675098337073
7405,402046.3448495151,0.0,402046.3448495151,402046.3448495151,7952.496123614278
7406,496806.19593855017,0.0,496806.19593855017,496806.19593855017,9692.923588777805
7407,631344.9207821724,0.0,631344.9207821724,631344.9207821724,12112.2671323192
7408,777336.6317176387,0.0,777336.6317176387,777336.6317176387,14677.60936296846
7409,788414.3416500748,0.0,788414.3416500748,788414.3416500748,14869.907321923016
7410,788230.4719870838,0.0,788230.4719870838,788230.4719870838,14866.69340122061
7411,785456.1953809565,0.0,785456.1953809565,785456.1953809565,14818.532923497107
7412,785833.1088686751,0.0,785833.1088686751,785833.1088686751,14825.0496320871
7413,786748.5132210875,0.0,786748.5132210875,786748.5132210875,14840.909726934353
7414,786888.0943277729,0.0,786888.0943277729,786888.0943277729,14843.30731699283
7415,792503.3164005779,0.0,792503.3164005779,792503.3164005779,14940.670461699046
7416,792739.4058775078,0.0,792739.4058775078,792739.4058775078,14944.738867427164
7417,791454.2461973535,0.0,791454.2461973535,791454.2461973535,14922.433286463196
7418,790411.5468207875,0.0,790411.5468207875,790411.5468207875,14904.32825778524
7419,782160.4934112745,0.0,782160.4934112745,782160.4934112745,14761.130607787494
7420,675077.4524674503,0.0,675077.4524674503,675077.4524674503,12886.647145661482
7421,499686.98582666775,0.0,499686.98582666775,499686.98582666775,9745.090707690262
7422,648533.5022165591,0.0,648533.5022165591,648533.5022165591,12417.084456557786
7423,936295.75560231,0.0,936295.75560231,936295.75560231,17407.70368498743
7424,775303.8975413444,0.0,775303.8975413444,775303.8975413444,14641.901865102132
7425,901717.7185079813,0.0,901717.7185079813,901717.7185079813,16818.901756295665
7426,872954.5117945124,0.0,872954.5117945124,872954.5117945124,16326.98112768046
7427,1400000.0,0.0,1400000.0,1400000.0,25058.24410117693
7428,1400000.0,0.0,1400000.0,1400000.0,25058.203090521405
7429,1400000.0,0.0,1400000.0,1400000.0,25058.16208000008
7430,1400000.0,0.0,1400000.0,1400000.0,25058.121069612953
7431,1400000.0,0.0,1400000.0,1400000.0,25058.080059360054
7432,1202592.5275340062,0.0,1202592.5275340062,1202592.5275340062,21853.23855756822
7433,777162.2354140034,0.0,777162.2354140034,777162.2354140034,14673.971754330565
7434,792571.6006976417,0.0,792571.6006976417,792571.6006976417,14941.383315703335
7435,786444.718185722,0.0,786444.718185722,786444.718185722,14835.097770656594
7436,786489.1074980514,0.0,786489.1074980514,786489.1074980514,14835.843724497447
7437,785906.6898447159,0.0,785906.6898447159,785906.6898447159,14825.71343389693
7438,775087.6319464962,0.0,775087.6319464962,775087.6319464962,14637.799561354388
7439,785745.2967327968,0.0,785745.2967327968,785745.2967327968,14822.864365918038
7440,760820.6925595836,0.0,760820.6925595836,760820.6925595836,14389.52058098834
7441,715861.3498409442,0.0,715861.3498409442,715861.3498409442,13603.730369404446
7442,691733.8138154219,0.0,691733.8138154219,691733.8138154219,13179.773450474855
7443,705436.2074200255,0.0,705436.2074200255,705436.2074200255,13420.706367734947
7444,591663.2667696902,0.0,591663.2667696902,591663.2667696902,11403.818755419848
7445,459422.94457910425,0.0,459422.94457910425,459422.94457910425,9009.578323137415
7446,354967.823364382,0.0,354967.823364382,354967.823364382,7074.552087815623
7447,881665.7788658617,0.0,881665.7788658617,881665.7788658617,16475.600748500623
7448,347955.90770752594,0.0,347955.90770752594,347955.90770752594,6943.058507594209
7449,118799.54356391891,0.0,118799.54356391891,118799.54356391891,2440.3553940784723
7450,151147.03062428534,0.0,151147.03062428534,151147.03062428534,2995.912751495094
7451,670088.6590713183,0.0,670088.6590713183,670088.6590713183,12121.951303245734
7452,1287435.4288111194,0.0,1287435.4288111194,1287435.4288111194,23237.981484749384
7453,1344420.3843773664,0.0,1344420.3843773664,1344420.3843773664,24161.38786393166
7454,1373617.314497116,0.0,1373617.314497116,1373617.314497116,24632.22240478397
7455,1320139.8544740481,0.0,1320139.8544740481,1320139.8544740481,23768.56471312468
7456,644635.8541333334,0.0,644635.8541333334,644635.8541333334,12346.864035849867
7457,741604.8435951803,0.0,741604.8435951803,741604.8435951803,14053.492387205302
7458,785534.9664941363,0.0,785534.9664941363,785534.9664941363,14818.277740068865
7459,791340.404306733,0.0,791340.404306733,791340.404306733,14918.94907278537
7460,791802.1620258435,0.0,791802.1620258435,791802.1620258435,14926.930167024364
7461,786863.0728400097,0.0,786863.0728400097,786863.0728400097,14841.248659387405
7462,778892.6033033117,0.0,778892.6033033117,778892.6033033117,14702.862897275272
7463,752486.6829374363,0.0,752486.6829374363,752486.6829374363,14243.273324173118
7464,666821.1593335979,0.0,666821.1593335979,666821.1593335979,12739.47093766538
7465,546990.4392658126,0.0,546990.4392658126,546990.4392658126,10600.640196827582
7466,254093.59033483494,0.0,254093.59033483494,254093.59033483494,5160.588159888193
7467,101512.68673280498,0.0,101512.68673280498,101512.68673280498,2083.747500329252
7468,127044.85282241822,0.0,127044.85282241822,127044.85282241822,2510.2776603648304
7469,107991.8538251926,0.0,107991.8538251926,107991.8538251926,2219.836997736855
7470,77866.63513613725,0.0,77866.63513613725,77866.63513613725,1602.921909575498
7471,701699.8415698245,0.0,701699.8415698245,701699.8415698245,11940.591893323282
7472,624528.5819646539,0.0,624528.5819646539,624528.5819646539,11988.680077123168
7473,845171.9781664631,0.0,845171.9781664631,845171.9781664631,15847.394673121944
7474,836776.6399406174,0.0,836776.6399406174,836776.6399406174,15702.87192473684
7475,806379.5186959327,0.0,806379.5186959327,806379.5186959327,15178.196921879586
7476,1227946.6884938113,0.0,1227946.6884938113,1227946.6884938113,22265.54740848381
7477,1087612.7332713262,0.0,1087612.7332713262,1087612.7332713262,19948.99125198698
7478,1269130.644606827,0.0,1269130.644606827,1269130.644606827,22937.966564249655
7479,963385.8730048208,0.0,963385.8730048208,963385.8730048208,17863.896253759576
7480,799920.3367196068,0.0,799920.3367196068,799920.3367196068,15066.286523543327
7481,792739.4058775078,0.0,792739.4058775078,792739.4058775078,14941.86352824994
7482,792739.4058775078,0.0,792739.4058775078,792739.4058775078,14941.83910318958
7483,792739.4058775078,0.0,792739.4058775078,792739.4058775078,14941.814678209032
7484,792739.4058775078,0.0,792739.4058775078,792739.4058775078,14941.790253308287
7485,792739.4058775078,0.0,792739.4058775078,792739.4058775078,14941.765828487354
7486,792739.4058775078,0.0,792739.4058775078,792739.4058775078,14941.741403746222
7487,792739.4058775078,0.0,792739.4058775078,792739.4058775078,14941.716979084906
7488,792739.4058775078,0.0,792739.4058775078,792739.4058775078,14941.692554503392
7489,792739.4058775078,0.0,792739.4058775078,792739.4058775078,14941.66813000168
7490,792739.4058775078,0.0,792739.4058775078,792739.4058775078,14941.643705579783
7491,792739.4058775078,0.0,792739.4058775078,792739.4058775078,14941.619281237687
7492,792739.4058775078,0.0,792739.4058775078,792739.4058775078,14941.594856975396
7493,792739.4058775078,0.0,792739.4058775078,792739.4058775078,14941.57043279291
7494,792739.4058775078,0.0,792739.4058775078,792739.4058775078,14941.546008690231
7495,1340713.501245519,0.0,1340713.501245519,1340713.501245519,24098.682413802522
7496,1400000.0,0.0,1400000.0,1400000.0,25053.50914568149
7497,1400000.0,0.0,1400000.0,1400000.0,25053.468150503122
7498,1400000.0,0.0,1400000.0,1400000.0,25053.427155458892
7499,1400000.0,0.0,1400000.0,1400000.0,25053.386160548787
7500,1400000.0,0.0,1400000.0,1400000.0,25053.345165772815
7501,1400000.0,0.0,1400000.0,1400000.0,25053.304171130978
7502,1400000.0,0.0,1400000.0,1400000.0,25053.26317662327
7503,1400000.0,0.0,1400000.0,1400000.0,25053.222182249705
7504,1164778.3216957091,0.0,1164778.3216957091,1164778.3216957091,21226.742921114026
7505,790283.8195987886,0.0,790283.8195987886,790283.8195987886,14898.696726133956
7506,792739.4058775078,0.0,792739.4058775078,792739.4058775078,14941.2401656506
7507,787418.2503399664,0.0,787418.2503399664,787418.2503399664,14848.953666500132
7508,792739.4058775078,0.0,792739.4058775078,792739.4058775078,14941.19133329326
7509,792739.4058775078,0.0,792739.4058775078,792739.4058775078,14941.16691042924
7510,792739.4058775078,0.0,792739.4058775078,792739.4058775078,14941.142487645022
7511,791418.5505887986,0.0,791418.5505887986,791418.5505887986,14918.22301751024
7512,792739.4058775078,0.0,792739.4058775078,792739.4058775078,14941.093645689876
7513,792739.4058775078,0.0,792739.4058775078,792739.4058775078,14941.069223145038
7514,792739.4058775078,0.0,792739.4058775078,792739.4058775078,14941.044800679992
7515,792739.4058775078,0.0,792739.4058775078,792739.4058775078,14941.02037829475
7516,789680.9072541437,0.0,789680.9072541437,789680.9072541437,14887.975055690069
7517,785552.385658849,0.0,785552.385658849,785552.385658849,14816.342396481208
7518,756867.8384094177,0.0,756867.8384094177,756867.8384094177,14317.573875116124
7519,1157942.6161728937,0.0,1157942.6161728937,1157942.6161728937,21113.463448579532
7520,1378545.6623737956,0.0,1378545.6623737956,1378545.6623737956,24707.73825564475
7521,1251582.6460916423,0.0,1251582.6460916423,1251582.6460916423,22650.267307548016
7522,1218692.357482408,0.0,1218692.357482408,1218692.357482408,22112.360112777715
7523,1188240.2180146328,0.0,1188240.2180146328,1188240.2180146328,21612.46256837519
7524,1170958.83562111,0.0,1170958.83562111,1170958.83562111,21327.949077172227
7525,1190085.4118015827,0.0,1190085.4118015827,1190085.4118015827,21642.731714872076
7526,1150797.840002381,0.0,1150797.840002381,1150797.840002381,20995.24690992282
7527,157399.40912055707,0.0,157399.40912055707,157399.40912055707,3229.0611059029543
7528,121280.6942529903,0.0,121280.6942529903,121280.6942529903,2488.284461240308
7529,193930.9990002332,0.0,193930.9990002332,193930.9990002332,3711.865408966017
7530,313514.1659379734,0.0,313514.1659379734,313514.1659379734,6197.63825216411
7531,594759.6085615803,0.0,594759.6085615803,594759.6085615803,11456.150266370638
7532,749570.6728066704,0.0,749570.6728066704,749570.6728066704,14189.5665208756
7533,786900.3214036931,0.0,786900.3214036931,786900.3214036931,14838.858839938299
7534,788845.0968930147,0.0,788845.0968930147,788845.0968930147,14872.56317132827
7535,792583.4735846805,0.0,792583.4735846805,792583.4735846805,14937.346859507707
7536,792739.4058775078,0.0,792739.4058775078,792739.4058775078,14940.024884803219
7537,792739.4058775078,0.0,792739.4058775078,792739.4058775078,14940.000465744299
7538,792739.4058775078,0.0,792739.4058775078,792739.4058775078,14939.97604676515
7539,792739.4058775078,0.0,792739.4058775078,792739.4058775078,14939.951627865781
7540,790571.205202552,0.0,790571.205202552,790571.205202552,14902.345078522823
7541,780112.1622551689,0.0,780112.1622551689,780112.1622551689,14720.861485063753
7542,714404.420958342,0.0,714404.420958342,714404.420958342,13574.289088661657
7543,803636.8724582668,0.0,803636.8724582668,803636.8724582668,15128.561033379994
7544,812502.9623572081,0.0,812502.9623572081,812502.9623572081,15281.844050689273
7545,815305.9865972226,0.0,815305.9865972226,815305.9865972226,15330.2461351346
7546,752835.9703505121,0.0,752835.9703505121,752835.9703505121,14246.181851794054
7547,974831.8146084866,0.0,974831.8146084866,974831.8146084866,18054.8695326534
7548,728006.5277266887,0.0,728006.5277266887,728006.5277266887,13812.441706144698
7549,1099881.8213181568,0.0,1099881.8213181568,1099881.8213181568,20150.159556805345
7550,816717.3147093963,0.0,816717.3147093963,816717.3147093963,15354.49562815919
7551,1029304.7990786324,0.0,1029304.7990786324,1029304.7990786324,18971.675035051314
7552,764754.9373321388,0.0,764754.9373321388,764754.9373321388,14453.646799408049
7553,778570.6230525252,0.0,778570.6230525252,778570.6230525252,14693.80277525114
7554,786097.2066523149,0.0,786097.2066523149,786097.2066523149,14824.416978238864
7555,792739.4058775078,0.0,792739.4058775078,792739.4058775078,14939.559656901332
7556,790599.5422174982,0.0,790599.5422174982,790599.5422174982,14902.445248176955
7557,790889.239045852,0.0,790889.239045852,790889.239045852,14907.442849117428
7558,792739.4058775078,0.0,792739.4058775078,792739.4058775078,14939.486414715568
7559,790638.4713393145,0.0,790638.4713393145,790638.4713393145,14903.047027275008
7560,788357.6857124488,0.0,788357.6857124488,788357.6857124488,14863.464363525003
7561,788310.3662076793,0.0,788310.3662076793,788310.3662076793,14862.619490012488
7562,786641.1610168511,0.0,786641.1610168511,786641.1610168511,14833.645411436577
7563,769048.196540359,0.0,769048.196540359,769048.196540359,14528.061798653676
7564,746137.2988164916,0.0,746137.2988164916,746137.2988164916,14128.906375326678
7565,723083.2071048099,0.0,723083.2071048099,723083.2071048099,13725.853443912996
7566,684059.7899310389,0.0,684059.7899310389,684059.7899310389,13040.34384148983
7567,1379434.1473492752,0.0,1379434.1473492752,1379434.1473492752,24719.448759513816
7568,1400000.0,0.0,1400000.0,1400000.0,25049.90001717073
7569,1400000.0,0.0,1400000.0,1400000.0,25049.859033791334
7570,1290758.4047965761,0.0,1290758.4047965761,1290758.4047965761,23285.727861775093
7571,1279207.0332654351,0.0,1279207.0332654351,1279207.0332654351,23097.888706140187
7572,1268964.41963315,0.0,1268964.41963315,1268964.41963315,22931.120001031744
7573,1292840.890896163,0.0,1292840.890896163,1292840.890896163,23319.444154957524
7574,1297110.9462691841,0.0,1297110.9462691841,1297110.9462691841,23388.74890732104
7575,1105997.4495328665,0.0,1105997.4495328665,1105997.4495328665,20250.910387401313
7576,391423.42161587696,0.0,391423.42161587696,391423.42161587696,7752.02680890046
7577,360666.5999834051,0.0,360666.5999834051,360666.5999834051,7178.703135967916
7578,475279.95926264924,0.0,475279.95926264924,475279.95926264924,9296.493934031758
7579,546375.0892994867,0.0,546375.0892994867,546375.0892994867,10586.553468251434
7580,657799.2956679062,0.0,657799.2956679062,657799.2956679062,12576.372038863403
7581,658823.4536066138,0.0,658823.4536066138,658823.4536066138,12594.470939464365
7582,712360.5500501444,0.0,712360.5500501444,712360.5500501444,13537.529806793154
7583,717004.2696806215,0.0,717004.2696806215,717004.2696806215,13618.935846939354
7584,768288.4481101725,0.0,768288.4481101725,768288.4481101725,14514.344612266494
7585,776139.030244961,0.0,776139.030244961,776139.030244961,14650.781806919716
7586,784408.0475601777,0.0,784408.0475601777,784408.0475601777,14794.319378040802
7587,787543.8048429668,0.0,787543.8048429668,787543.8048429668,14848.690110219353
7588,787294.6880879619,0.0,787294.6880879619,787294.6880879619,14844.345429606516
7589,792589.0730024965,0.0,792589.0730024965,792589.0730024965,14936.106908393986
7590,792739.4058775078,0.0,792739.4058775078,792739.4058775078,14938.687681600955
7591,1400000.0,0.0,1400000.0,1400000.0,25049.000785598284
7592,1355296.9785849743,0.0,1355296.9785849743,1355296.9785849743,24329.665628670085
7593,1400000.0,0.0,1400000.0,1400000.0,25048.918964370896
7594,1400000.0,0.0,1400000.0,1400000.0,25048.877984200954
7595,1400000.0,0.0,1400000.0,1400000.0,25048.837004165063
7596,1400000.0,0.0,1400000.0,1400000.0,25048.796024263236
7597,1400000.0,0.0,1400000.0,1400000.0,25048.755044495472
7598,1400000.0,0.0,1400000.0,1400000.0,25048.714064861764
7599,1400000.0,0.0,1400000.0,1400000.0,25048.673085362123
7600,1187977.319761866,0.0,1187977.319761866,1187977.319761866,21604.80507070511
7601,792739.4058775078,0.0,792739.4058775078,792739.4058775078,14938.40628521745
7602,792739.4058775078,0.0,792739.4058775078,792739.4058775078,14938.38187144625
7603,792739.4058775078,0.0,792739.4058775078,792739.4058775078,14938.3574577548
7604,792739.4058775078,0.0,792739.4058775078,792739.4058775078,14938.3330441431
7605,792739.4058775078,0.0,792739.4058775078,792739.4058775078,14938.308630611155
7606,792739.4058775078,0.0,792739.4058775078,792739.4058775078,14938.284217158965
7607,792739.4058775078,0.0,792739.4058775078,792739.4058775078,14938.259803786521
7608,792739.4058775078,0.0,792739.4058775078,792739.4058775078,14938.23539049383
7609,792739.4058775078,0.0,792739.4058775078,792739.4058775078,14938.210977280894
7610,792739.4058775078,0.0,792739.4058775078,792739.4058775078,14938.186564147707
7611,792739.4058775078,0.0,792739.4058775078,792739.4058775078,14938.16215109427
7612,792739.4058775078,0.0,792739.4058775078,792739.4058775078,14938.137738120584
7613,792739.4058775078,0.0,792739.4058775078,792739.4058775078,14938.113325226648
7614,792739.4058775078,0.0,792739.4058775078,792739.4058775078,14938.088912412457
7615,1067639.7865362838,0.0,1067639.7865362838,1067639.7865362838,19611.027981248644
7616,1363777.1262390285,0.0,1363777.1262390285,1363777.1262390285,24465.45287927949
7617,1400000.0,0.0,1400000.0,1400000.0,25047.96711635877
7618,1400000.0,0.0,1400000.0,1400000.0,25047.92613930262
7619,1390333.2372925635,0.0,1390333.2372925635,1390333.2372925635,24892.643556927957
7620,1359559.251453652,0.0,1359559.251453652,1359559.251453652,24397.309267746314
7621,1347272.2847823566,0.0,1347272.2847823566,1347272.2847823566,24199.049929826684
7622,1268983.5910094616,0.0,1268983.5910094616,1268983.5910094616,22929.606863169767
7623,841546.4403168317,0.0,841546.4403168317,841546.4403168317,15780.596832736095
7624,640731.1070687533,0.0,640731.1070687533,640731.1070687533,12273.04266298978
7625,786111.4070389452,0.0,786111.4070389452,786111.4070389452,14822.902892650465
7626,787394.4098501258,0.0,787394.4098501258,787394.4098501258,14845.130594885784
7627,790917.8338223157,0.0,790917.8338223157,790917.8338223157,14906.193482010025
7628,792739.4058775078,0.0,792739.4058775078,792739.4058775078,14937.738000344103
7629,792739.4058775078,0.0,792739.4058775078,792739.4058775078,14937.713588755963
7630,792702.2064037021,0.0,792702.2064037021,792702.2064037021,14937.044576050543
7631,789792.9474105239,0.0,789792.9474105239,789792.9474105239,14886.59695336952
7632,776856.1634433314,0.0,776856.1634433314,776856.1634433314,14662.089618003401
7633,718230.4645609125,0.0,718230.4645609125,718230.4645609125,13639.284278250716
7634,633876.5501892357,0.0,633876.5501892357,633876.5501892357,12151.163568805438
7635,536170.6416303102,0.0,536170.6416303102,536170.6416303102,10401.414929002634
7636,416421.19838035747,0.0,416421.19838035747,416421.19838035747,8214.347034472145
7637,404783.4131609171,0.0,404783.4131609171,404783.4131609171,7999.025800134201
7638,480069.2308474689,0.0,480069.2308474689,480069.2308474689,9382.969124717485
7639,873188.0243782685,0.0,873188.0243782685,873188.0243782685,16323.370943588223
7640,1376943.3871237724,0.0,1376943.3871237724,1376943.3871237724,24676.538127543925
7641,1400000.0,0.0,1400000.0,1400000.0,25047.02817012891
7642,896147.236456255,0.0,896147.236456255,896147.236456255,16715.903298011763
7643,1021022.8708876254,0.0,1021022.8708876254,1021022.8708876254,18829.872734628592
7644,981508.7921611383,0.0,981508.7921611383,981508.7921611383,18164.740633190188
7645,1210389.5356849385,0.0,1210389.5356849385,1210389.5356849385,21971.26068081208
7646,1191809.9002559849,0.0,1191809.9002559849,1191809.9002559849,21666.222996721735
7647,1035920.8123286339,0.0,1035920.8123286339,1035920.8123286339,19079.618350272034
7648,274703.9998732642,0.0,274703.9998732642,274703.9998732642,5553.3920300749705
7649,740895.9522050988,0.0,740895.9522050988,740895.9522050988,14035.41665285259
7650,786271.7265790219,0.0,786271.7265790219,786271.7265790219,14825.077532852561
7651,792739.4058775078,0.0,792739.4058775078,792739.4058775078,14937.176512190412
7652,792739.4058775078,0.0,792739.4058775078,792739.4058775078,14937.152102436392
7653,792739.4058775078,0.0,792739.4058775078,792739.4058775078,14937.127692762107
7654,792739.4058775078,0.0,792739.4058775078,792739.4058775078,14937.103283167551
7655,792739.4058775078,0.0,792739.4058775078,792739.4058775078,14937.078873652727
7656,792739.4058775078,0.0,792739.4058775078,792739.4058775078,14937.054464217637
7657,792739.4058775078,0.0,792739.4058775078,792739.4058775078,14937.030054862282
7658,792739.4058775078,0.0,792739.4058775078,792739.4058775078,14937.005645586654
7659,792739.4058775078,0.0,792739.4058775078,792739.4058775078,14936.981236390762
7660,792739.4058775078,0.0,792739.4058775078,792739.4058775078,14936.956827274598
7661,792739.4058775078,0.0,792739.4058775078,792739.4058775078,14936.932418238164
7662,792369.8598026899,0.0,792369.8598026899,792369.8598026899,14930.504576505658
7663,796040.5830950744,0.0,796040.5830950744,796040.5830950744,14994.070286958242
7664,867630.7930938253,0.0,867630.7930938253,867630.7930938253,16227.485369746224
7665,1029060.7581170298,0.0,1029060.7581170298,1029060.7581170298,18964.07684382557
7666,981486.3931565677,0.0,981486.3931565677,981486.3931565677,18163.719230702583
7667,869663.5395931458,0.0,869663.5395931458,869663.5395931458,16262.243204185623
7668,1037501.7694436107,0.0,1037501.7694436107,1037501.7694436107,19105.465208973157
7669,1102642.6097423942,0.0,1102642.6097423942,1102642.6097423942,20192.138484317227
7670,832083.1211689467,0.0,832083.1211689467,832083.1211689467,15616.465005416207
7671,795640.1579124193,0.0,795640.1579124193,795640.1579124193,14986.936468185644
7672,792739.4058775078,0.0,792739.4058775078,792739.4058775078,14936.661104877372
7673,792739.4058775078,0.0,792739.4058775078,792739.4058775078,14936.636696806887
7674,792739.4058775078,0.0,792739.4058775078,792739.4058775078,14936.612288816123
7675,792739.4058775078,0.0,792739.4058775078,792739.4058775078,14936.587880905085
7676,792739.4058775078,0.0,792739.4058775078,792739.4058775078,14936.563473073775
7677,792739.4058775078,0.0,792739.4058775078,792739.4058775078,14936.539065322184
7678,792739.4058775078,0.0,792739.4058775078,792739.4058775078,14936.51465765032
7679,792739.4058775078,0.0,792739.4058775078,792739.4058775078,14936.49025005818
7680,792739.4058775078,0.0,792739.4058775078,792739.4058775078,14936.465842545756
7681,792739.4058775078,0.0,792739.4058775078,792739.4058775078,14936.441435113065
7682,792739.4058775078,0.0,792739.4058775078,792739.4058775078,14936.417027760093
7683,695035.9680834011,0.0,695035.9680834011,695035.9680834011,13230.992136363873
7684,633676.4609391001,0.0,633676.4609391001,633676.4609391001,12146.597306653946
7685,287885.062407322,0.0,287885.062407322,287885.062407322,5804.413255916483
7686,172006.95184796295,0.0,172006.95184796295,172006.95184796295,3521.4555368439796
7687,49875.98657305373,0.0,49875.98657305373,49875.98657305373,1026.3752575923772
7688,313666.1642207619,0.0,313666.1642207619,313666.1642207619,5484.112161145314
7689,336940.30003424385,0.0,336940.30003424385,336940.30003424385,6731.99976500807
7690,1054179.3513479817,0.0,1054179.3513479817,1054179.3513479817,19382.822028260267
7691,916545.9133850357,0.0,916545.9133850357,916545.9133850357,17061.394606931342
7692,862324.5683209683,0.0,862324.5683209683,862324.5683209683,16134.876006761453
7693,693836.1984375379,0.0,693836.1984375379,693836.1984375379,13208.934931885986
7694,875442.5047565339,0.0,875442.5047565339,875442.5047565339,16359.617142457882
7695,927865.8284181101,0.0,927865.8284181101,927865.8284181101,17253.83127349778
7696,792714.6765950125,0.0,792714.6765950125,792714.6765950125,14934.821364145406
7697,792739.4058775078,0.0,792739.4058775078,792739.4058775078,14935.225411368529
7698,792069.4932015997,0.0,792069.4932015997,792069.4932015997,14923.593824810996
7699,792739.4058775078,0.0,792739.4058775078,792739.4058775078,14935.176606386298
7700,792739.4058775078,0.0,792739.4058775078,792739.4058775078,14935.152203160005
7701,792739.4058775078,0.0,792739.4058775078,792739.4058775078,14935.127800013406
7702,787694.7873172715,0.0,787694.7873172715,787694.7873172715,14847.670534740984
7703,763716.9687877223,0.0,763716.9687877223,763716.9687877223,14431.168644005202
7704,788986.8732832407,0.0,788986.8732832407,788986.8732832407,14870.022534004536
7705,789408.4904288012,0.0,789408.4904288012,789408.4904288012,14877.306734475724
7706,776250.6903498248,0.0,776250.6903498248,776250.6903498248,14648.984262292823
7707,792675.5039738211,0.0,792675.5039738211,792675.5039738211,14933.874404443219
7708,792349.9532219897,0.0,792349.9532219897,792349.9532219897,14928.209551208452
7709,786743.8625557456,0.0,786743.8625557456,786743.8625557456,14831.012301617779
7710,785935.8018402494,0.0,785935.8018402494,785935.8018402494,14816.974969888544
7711,1265826.566215721,0.0,1265826.566215721,1265826.566215721,22873.772812229057
7712,1400000.0,0.0,1400000.0,1400000.0,25042.945306129597
7713,1400000.0,0.0,1400000.0,1400000.0,25042.904345492654
7714,1400000.0,0.0,1400000.0,1400000.0,25042.863384989676
7715,1400000.0,0.0,1400000.0,1400000.0,25042.82242462066
7716,1400000.0,0.0,1400000.0,1400000.0,25042.781464385615
7717,1400000.0,0.0,1400000.0,1400000.0,25042.740504284535
7718,1400000.0,0.0,1400000.0,1400000.0,25042.699544317406
7719,1400000.0,0.0,1400000.0,1400000.0,25042.658584484245
7720,698931.7933455622,0.0,698931.7933455622,698931.7933455622,13297.919236646965
7721,656437.8265053879,0.0,656437.8265053879,656437.8265053879,12548.611322344063
7722,771934.3765684839,0.0,771934.3765684839,771934.3765684839,14573.60282754829
7723,720709.5298819707,0.0,720709.5298819707,720709.5298819707,13679.917285765878
7724,701306.3284533272,0.0,701306.3284533272,701306.3284533272,13339.553387664968
7725,602578.0240055065,0.0,602578.0240055065,602578.0240055065,11591.400740896204
7726,575587.1788528837,0.0,575587.1788528837,575587.1788528837,11108.485665234024
7727,393952.34125841723,0.0,393952.34125841723,393952.34125841723,7796.501803759749
7728,265958.82390144444,0.0,265958.82390144444,265958.82390144444,5385.001098408193
7729,214310.58653664813,0.0,214310.58653664813,214310.58653664813,4388.073380123005
7730,80397.41522205329,0.0,80397.41522205329,80397.41522205329,1651.5462482666726
7731,55578.58792685126,0.0,55578.58792685126,55578.58792685126,1137.2706214579457
7732,0.0,0.0,0.0,0.0,-0.0
7733,64696.34430412478,0.0,64696.34430412478,64696.34430412478,1104.3565929896224
7734,60556.92959636789,0.0,60556.92959636789,60556.92959636789,1244.6507042168964
7735,545171.497360288,0.0,545171.497360288,545171.497360288,9283.192391866074
7736,1235703.176271153,0.0,1235703.176271153,1235703.176271153,22379.850976856927
7737,1400000.0,0.0,1400000.0,1400000.0,25040.332473577186
7738,1284514.3951673978,0.0,1284514.3951673978,1284514.3951673978,23175.349483249327
7739,1309699.150652336,0.0,1309699.150652336,1309699.150652336,23584.0598444067
7740,1370605.810244912,0.0,1370605.810244912,1370605.810244912,24567.78356414256
7741,1400000.0,0.0,1400000.0,1400000.0,25040.16940557403
7742,1400000.0,0.0,1400000.0,1400000.0,25040.128454015914
7743,1291538.8284981733,0.0,1291538.8284981733,1291538.8284981733,23289.282284878558
7744,690093.3429136267,0.0,690093.3429136267,690093.3429136267,13141.050760373219
7745,790316.7566767158,0.0,790316.7566767158,790316.7566767158,14891.037542294187
7746,792739.4058775078,0.0,792739.4058775078,792739.4058775078,14932.988796018873
7747,792739.4058775078,0.0,792739.4058775078,792739.4058775078,14932.964399937831
7748,792739.4058775078,0.0,792739.4058775078,792739.4058775078,14932.940003936455
7749,792739.4058775078,0.0,792739.4058775078,792739.4058775078,14932.915608014742
7750,792739.4058775078,0.0,792739.4058775078,792739.4058775078,14932.891212172699
7751,792739.4058775078,0.0,792739.4058775078,792739.4058775078,14932.866816410318
7752,792739.4058775078,0.0,792739.4058775078,792739.4058775078,14932.842420727611
7753,792739.4058775078,0.0,792739.4058775078,792739.4058775078,14932.818025124558
7754,792739.4058775078,0.0,792739.4058775078,792739.4058775078,14932.79362960118
7755,792739.4058775078,0.0,792739.4058775078,792739.4058775078,14932.769234157453
7756,792739.4058775078,0.0,792739.4058775078,792739.4058775078,14932.744838793398
7757,792739.4058775078,0.0,792739.4058775078,792739.4058775078,14932.720443509004
7758,792739.4058775078,0.0,792739.4058775078,792739.4058775078,14932.696048304273
7759,806701.6804060318,0.0,806701.6804060318,806701.6804060318,15174.290294021743
7760,843397.2040749264,0.0,843397.2040749264,843397.2040749264,15806.946865432923
7761,816054.000992611,0.0,816054.000992611,816054.000992611,15335.807021656445
7762,913093.2714234176,0.0,913093.2714234176,913093.2714234176,16999.485395070275
7763,876692.855524221,0.0,876692.855524221,876692.855524221,16378.057349942206
7764,809868.8417314903,0.0,809868.8417314903,809868.8417314903,15228.904660390202
7765,665831.8887687075,0.0,665831.8887687075,665831.8887687075,12712.875754046274
7766,632111.4147818766,0.0,632111.4147818766,632111.4147818766,12115.603709050873
7767,697946.5495706638,0.0,697946.5495706638,697946.5495706638,13278.648801641097
7768,706072.5202728657,0.0,706072.5202728657,706072.5202728657,13421.341687714374
7769,678733.9931411473,0.0,678733.9931411473,678733.9931411473,12940.454837159163
7770,733421.5327835304,0.0,733421.5327835304,733421.5327835304,13900.301353147972
7771,736595.4324296978,0.0,736595.4324296978,736595.4324296978,13955.73734392471
7772,712538.5817042253,0.0,712538.5817042253,712538.5817042253,13534.686145415259
7773,695218.722926153,0.0,695218.722926153,695218.722926153,13230.569945053214
7774,571934.0251027778,0.0,571934.0251027778,571934.0251027778,11041.28677560554
7775,534903.1950182818,0.0,534903.1950182818,534903.1950182818,10374.738986525224
7776,460361.28930023435,0.0,460361.28930023435,460361.28930023435,9019.37542370829
7777,333889.5214955709,0.0,333889.5214955709,333889.5214955709,6673.102878581813
7778,304565.7295152552,0.0,304565.7295152552,304565.7295152552,6119.461696368613
7779,279474.4877124114,0.0,279474.4877124114,279474.4877124114,5642.427399585447
7780,243193.6461918828,0.0,243193.6461918828,243193.6461918828,4946.749806284729
7781,66140.07730400398,0.0,66140.07730400398,66140.07730400398,1353.122829233816
7782,0.0,0.0,0.0,0.0,-0.0
7783,1565.2439368500823,0.0,1565.2439368500823,1565.2439368500823,-0.0
7784,78035.29393370626,0.0,78035.29393370626,78035.29393370626,1337.510329696987
7785,135242.26889555657,0.0,135242.26889555657,135242.26889555657,2579.318122148773
7786,236405.29102062655,0.0,236405.29102062655,236405.29102062655,4524.882328867798
7787,170491.06648700603,0.0,170491.06648700603,170491.06648700603,3490.624663313648
7788,195216.50464550324,0.0,195216.50464550324,195216.50464550324,3898.728299062581
7789,110040.91451487609,0.0,110040.91451487609,110040.91451487609,2258.037015389696
7790,87882.55156954129,0.0,87882.55156954129,87882.55156954129,1806.6743459768718
7791,158356.43763844253,0.0,158356.43763844253,158356.43763844253,3009.4394537590074
7792,173045.82152106822,0.0,173045.82152106822,173045.82152106822,3483.549925455297
7793,555448.5369062917,0.0,555448.5369062917,555448.5369062917,10419.656366942836
7794,607211.0090881535,0.0,607211.0090881535,607211.0090881535,11670.503790164657
7795,643029.3016630929,0.0,643029.3016630929,643029.3016630929,12307.276869399175
7796,752453.5257352808,0.0,752453.5257352808,752453.5257352808,14230.16873357694
7797,704521.9644899997,0.0,704521.9644899997,704521.9644899997,13391.896537286
7798,624436.2645881589,0.0,624436.2645881589,624436.2645881589,11977.13355285037
7799,661167.690182521,0.0,661167.690182521,661167.690182521,12628.244595510383
7800,776831.04258008,0.0,776831.04258008,776831.04258008,14654.063676180933
7801,784316.8839969644,0.0,784316.8839969644,784316.8839969644,14783.927819255909
7802,784316.8839969644,0.0,784316.8839969644,784316.8839969644,14783.903672038332
7803,717019.8436556992,0.0,717019.8436556992,717019.8436556992,13610.92792335698
7804,788268.5640035755,0.0,788268.5640035755,788268.5640035755,14852.36336623836
7805,792739.4058775078,0.0,792739.4058775078,792739.4058775078,14929.798947049583
7806,770684.6621719254,0.0,770684.6621719254,770684.6621719254,14547.165788477734
7807,1043932.9117902569,0.0,1043932.9117902569,1043932.9117902569,19204.348875972504
7808,1400000.0,0.0,1400000.0,1400000.0,25034.77523235275
7809,1400000.0,0.0,1400000.0,1400000.0,25034.734298421565
7810,1400000.0,0.0,1400000.0,1400000.0,25034.693364624218
7811,1400000.0,0.0,1400000.0,1400000.0,25034.65243096071
7812,1400000.0,0.0,1400000.0,1400000.0,25034.611497431026
7813,1400000.0,0.0,1400000.0,1400000.0,25034.570564035173
7814,1400000.0,0.0,1400000.0,1400000.0,25034.52963077316
7815,1247482.2719642718,0.0,1247482.2719642718,1247482.2719642718,22566.884046901985
7816,217525.28135562068,0.0,217525.28135562068,217525.28135562068,4449.0144295682185
7817,357465.5650499433,0.0,357465.5650499433,357465.5650499433,7114.014723718623
7818,681906.9310767315,0.0,681906.9310767315,681906.9310767315,12993.769268868322
7819,772212.1138746631,0.0,772212.1138746631,772212.1138746631,14573.387531303171
7820,788652.6645159903,0.0,788652.6645159903,788652.6645159903,14858.62453505319
7821,792739.4058775078,0.0,792739.4058775078,792739.4058775078,14929.401622971636
7822,792739.4058775078,0.0,792739.4058775078,792739.4058775078,14929.377238595773
7823,792739.4058775078,0.0,792739.4058775078,792739.4058775078,14929.352854299521
7824,789627.9456759895,0.0,789627.9456759895,789627.9456759895,14875.427639422325
7825,786934.4728429596,0.0,786934.4728429596,786934.4728429596,14828.723501801047
7826,791452.9084365867,0.0,791452.9084365867,791452.9084365867,14906.996381453735
7827,792514.2557575367,0.0,792514.2557575367,792514.2557575367,14925.355843622609
7828,779020.5323209381,0.0,779020.5323209381,779020.5323209381,14691.389284977171
7829,787050.7620827905,0.0,787050.7620827905,787050.7620827905,14830.642367819622
7830,688253.5558372585,0.0,688253.5558372585,688253.5558372585,13105.250455638752
7831,1099122.5878326055,0.0,1099122.5878326055,1099122.5878326055,20123.7175825229
7832,1400000.0,0.0,1400000.0,1400000.0,25033.832681438907
7833,1400000.0,0.0,1400000.0,1400000.0,25033.791750589367
7834,1400000.0,0.0,1400000.0,1400000.0,25033.750819873647
7835,1400000.0,0.0,1400000.0,1400000.0,25033.70988929175
7836,1400000.0,0.0,1400000.0,1400000.0,25033.66895884366
7837,1400000.0,0.0,1400000.0,1400000.0,25033.628028529398
7838,1400000.0,0.0,1400000.0,1400000.0,25033.58709834895
7839,1400000.0,0.0,1400000.0,1400000.0,25033.546168302313
7840,755130.2080973586,0.0,755130.2080973586,755130.2080973586,14275.753198099665
7841,635882.6204844165,0.0,635882.6204844165,635882.6204844165,12179.575617245091
7842,618433.3637612354,0.0,618433.3637612354,618433.3637612354,11869.464677463458
7843,742843.4448671521,0.0,742843.4448671521,742843.4448671521,14061.49534187646
7844,670984.1559718448,0.0,670984.1559718448,670984.1559718448,12800.63705946441
7845,746338.6139261932,0.0,746338.6139261932,746338.6139261932,14122.419431610238
7846,725644.8542910517,0.0,725644.8542910517,725644.8542910517,13760.94047660016
7847,657474.8092608175,0.0,657474.8092608175,657474.8092608175,12561.944088211661
7848,478211.49974257674,0.0,478211.49974257674,478211.49974257674,9343.368529075507
7849,303938.8372369408,0.0,303938.8372369408,303938.8372369408,6106.049064587947
7850,114174.40338201278,0.0,114174.40338201278,114174.40338201278,2338.195962608909
7851,32409.851942514393,0.0,32409.851942514393,32409.851942514393,664.4934791186182
7852,27271.316936939285,0.0,27271.316936939285,27271.316936939285,552.3439395548679
7853,21310.52167718181,0.0,21310.52167718181,21310.52167718181,437.45796268656375
7854,24909.600003002528,0.0,24909.600003002528,24909.600003002528,507.0807443109567
7855,430493.1951904312,0.0,430493.1951904312,430493.1951904312,7186.0233837033165
7856,1173365.1885594355,0.0,1173365.1885594355,1173365.1885594355,21349.416747903386
7857,1318489.4990082534,0.0,1318489.4990082534,1318489.4990082534,23718.025420109287
7858,1275920.495257625,0.0,1275920.495257625,1275920.495257625,23027.317097922427
7859,1297035.3930023452,0.0,1297035.3930023452,1297035.3930023452,23370.278412438813
7860,1400000.0,0.0,1400000.0,1400000.0,25031.288599581672
7861,1400000.0,0.0,1400000.0,1400000.0,25031.24767704637
7862,1400000.0,0.0,1400000.0,1400000.0,25031.206754644838
7863,1400000.0,0.0,1400000.0,1400000.0,25031.16583237709
7864,892079.5288226675,0.0,892079.5288226675,892079.5288226675,16635.437344289483
7865,791247.2993658915,0.0,791247.2993658915,791247.2993658915,14901.565037121589
7866,792739.4058775078,0.0,792739.4058775078,792739.4058775078,14927.382785367683
7867,792739.4058775078,0.0,792739.4058775078,792739.4058775078,14927.358407580443
7868,792739.4058775078,0.0,792739.4058775078,792739.4058775078,14927.33402987278
7869,792739.4058775078,0.0,792739.4058775078,792739.4058775078,14927.309652244694
7870,792739.4058775078,0.0,792739.4058775078,792739.4058775078,14927.285274696187
7871,792739.4058775078,0.0,792739.4058775078,792739.4058775078,14927.260897227252
7872,792739.4058775078,0.0,792739.4058775078,792739.4058775078,14927.236519837892
7873,792739.4058775078,0.0,792739.4058775078,792739.4058775078,14927.212142528111
7874,792739.4058775078,0.0,792739.4058775078,792739.4058775078,14927.187765297904
7875,792739.4058775078,0.0,792739.4058775078,792739.4058775078,14927.16338814727
7876,792739.4058775078,0.0,792739.4058775078,792739.4058775078,14927.139011076204
7877,792739.4058775078,0.0,792739.4058775078,792739.4058775078,14927.11463408472
7878,792463.3857967119,0.0,792463.3857967119,792463.3857967119,14922.310325633754
7879,797829.0270378737,0.0,797829.0270378737,797829.0270378737,15015.16958986531
7880,806179.6720637898,0.0,806179.6720637898,806179.6720637898,15159.55577315774
7881,926360.4192770151,0.0,926360.4192770151,926360.4192770151,17218.840612048272
7882,960638.6118266508,0.0,960638.6118266508,960638.6118266508,17799.894798465062
7883,847835.4946417902,0.0,847835.4946417902,847835.4946417902,15877.23475024073
7884,787361.2594117622,0.0,787361.2594117622,787361.2594117622,14833.773685189417
7885,1400000.0,0.0,1400000.0,1400000.0,25030.308318956388
7886,894492.2373969961,0.0,894492.2373969961,894492.2373969961,16676.025664384986
7887,551961.7801958328,0.0,551961.7801958328,551961.7801958328,10678.338442472077
7888,572159.4833229354,0.0,572159.4833229354,572159.4833229354,11041.188590959835
7889,700821.2731908376,0.0,700821.2731908376,700821.2731908376,13324.059637219123
7890,762861.8203252746,0.0,762861.8203252746,762861.8203252746,14408.26834745012
7891,722952.167651633,0.0,722952.167651633,722952.167651633,13711.963118926147
7892,727117.3329188032,0.0,727117.3329188032,727117.3329188032,13784.806250592268
7893,517963.4054823018,0.0,517963.4054823018,517963.4054823018,10064.498195333179
7894,651730.9814016246,0.0,651730.9814016246,651730.9814016246,12458.583276218716
7895,789622.172346859,0.0,789622.172346859,789622.172346859,14872.684366085137
7896,781679.5093072053,0.0,781679.5093072053,781679.5093072053,14734.96348678566
7897,742266.6567555557,0.0,742266.6567555557,742266.6567555557,14049.310503288034
7898,740927.8443130291,0.0,740927.8443130291,740927.8443130291,14025.925834559484
7899,781001.0405481409,0.0,781001.0405481409,781001.0405481409,14723.123023492482
7900,778714.3158260782,0.0,778714.3158260782,778714.3158260782,14683.425569578665
7901,772409.5011442975,0.0,772409.5011442975,772409.5011442975,14573.946750461313
7902,790072.9350493263,0.0,790072.9350493263,790072.9350493263,14880.310339556114
7903,1049079.6254998643,0.0,1049079.6254998643,1049079.6254998643,19286.2918494532
7904,806110.0151594044,0.0,806110.0151594044,806110.0151594044,15157.74558544915
7905,1129183.9599477993,0.0,1129183.9599477993,1129183.9599477993,20618.547227359275
7906,1046687.471431448,0.0,1046687.471431448,1046687.471431448,19246.202537093857
7907,1400000.0,0.0,1400000.0,1400000.0,25029.4334971128
7908,1400000.0,0.0,1400000.0,1400000.0,25029.39258064158
7909,1400000.0,0.0,1400000.0,1400000.0,25029.35166430411
7910,1400000.0,0.0,1400000.0,1400000.0,25029.310748100386
7911,1400000.0,0.0,1400000.0,1400000.0,25029.269832030415
7912,826964.4635146252,0.0,826964.4635146252,826964.4635146252,15517.40168733233
7913,791355.3482196169,0.0,791355.3482196169,791355.3482196169,14902.247204513524
7914,770912.2527867111,0.0,770912.2527867111,770912.2527867111,14547.620576959547
7915,721904.0408041631,0.0,721904.0408041631,721904.0408041631,13693.060490933554
7916,792739.4058775078,0.0,792739.4058775078,792739.4058775078,14926.143193151207
7917,792466.0114736706,0.0,792466.0114736706,792466.0114736706,14921.384639333075
7918,790070.614703159,0.0,790070.614703159,790070.614703159,14879.87275482344
7919,791806.2370833332,0.0,791806.2370833332,791806.2370833332,14909.910308912062
7920,789780.9737523833,0.0,789780.9737523833,789780.9737523833,14874.806685110554
7921,785490.578368081,0.0,785490.578368081,785490.578368081,14800.43453896421
7922,787051.8096169756,0.0,787051.8096169756,787051.8096169756,14827.470220054047
7923,784785.1373974299,0.0,784785.1373974299,784785.1373974299,14788.157196584612
7924,786617.5629132167,0.0,786617.5629132167,786617.5629132167,14819.895923993969
7925,788619.5123048101,0.0,788619.5123048101,788619.5123048101,14854.563195910094
7926,789289.6145799295,0.0,789289.6145799295,789289.6145799295,14866.148727703936
7927,1078092.7605208447,0.0,1078092.7605208447,1078092.7605208447,19769.63734971647
7928,1400000.0,0.0,1400000.0,1400000.0,25028.60758255724
7929,1400000.0,0.0,1400000.0,1400000.0,25028.566668785745
7930,1400000.0,0.0,1400000.0,1400000.0,25028.525755148
7931,1400000.0,0.0,1400000.0,1400000.0,25028.484841643985
7932,1258508.2209319542,0.0,1258508.2209319542,1258508.2209319542,22741.152972503693
7933,1176183.5489970462,0.0,1176183.5489970462,1176183.5489970462,21393.152789294312
7934,1049806.574684999,0.0,1049806.574684999,1049806.574684999,19297.46941364852
7935,741464.1343007429,0.0,741464.1343007429,741464.1343007429,14034.416093305557
7936,5472.3430606749625,0.0,5472.3430606749625,5472.3430606749625,-0.0
7937,5005.0523571854765,0.0,5005.0523571854765,5005.0523571854765,-0.0
7938,26845.039370963306,0.0,26845.039370963306,26845.039370963306,453.393755975771
7939,39903.37152425693,0.0,39903.37152425693,39903.37152425693,752.5725596697037
7940,55181.37201401681,0.0,55181.37201401681,55181.37201401681,1091.2735778157935
7941,97524.20263697054,0.0,97524.20263697054,97524.20263697054,1836.879576941937
7942,146363.50310162443,0.0,146363.50310162443,146363.50310162443,2835.36088641302
7943,177609.806133506,0.0,177609.806133506,177609.806133506,3535.855245758713
7944,230237.2869220894,0.0,230237.2869220894,230237.2869220894,4552.414533852635
7945,388219.1967966718,0.0,388219.1967966718,388219.1967966718,7684.581957652393
7946,723469.1122101959,0.0,723469.1122101959,723469.1122101959,13718.846590646315
7947,783443.5721418937,0.0,783443.5721418937,783443.5721418937,14763.3529070134
7948,786547.0386321108,0.0,786547.0386321108,786547.0386321108,14817.124128601596
7949,782253.2796348032,0.0,782253.2796348032,782253.2796348032,14742.665687393162
7950,779749.0854930659,0.0,779749.0854930659,779749.0854930659,14699.208459673435
7951,894320.5292189766,0.0,894320.5292189766,894320.5292189766,16670.245013670457
7952,1105886.4412276251,0.0,1105886.4412276251,1105886.4412276251,20229.634156891407
7953,1240535.7024997687,0.0,1240535.7024997687,1240535.7024997687,22445.846231839907
7954,1244674.8666296075,0.0,1244674.8666296075,1244674.8666296075,22513.375615838097
7955,422531.6992019524,0.0,422531.6992019524,422531.6992019524,8319.407511804211
7956,765682.6788362452,0.0,765682.6788362452,765682.6788362452,14454.79328787652
7957,1336598.101053986,0.0,1336598.101053986,1336598.101053986,24005.548223656446
7958,1319438.5045338643,0.0,1319438.5045338643,1319438.5045338643,23728.117864204403
7959,1035644.4784181744,0.0,1035644.4784181744,1035644.4784181744,19058.568367233835
7960,236108.25910701274,0.0,236108.25910701274,236108.25910701274,4807.179164456522
7961,492541.4889425906,0.0,492541.4889425906,492541.4889425906,9601.33595835128
7962,447246.94879977015,0.0,447246.94879977015,447246.94879977015,8773.899608996891
7963,497988.0419914809,0.0,497988.0419914809,497988.0419914809,9700.321600392395
7964,526492.1909791777,0.0,526492.1909791777,526492.1909791777,10216.88565719754
7965,445697.3017594987,0.0,445697.3017594987,445697.3017594987,8745.419530818952
7966,327600.4659392138,0.0,327600.4659392138,327600.4659392138,6550.829594158242
7967,189579.51439161913,0.0,189579.51439161913,189579.51439161913,3877.6903871003615
7968,110348.65209061417,0.0,110348.65209061417,110348.65209061417,2262.9687068406915
7969,58563.94732437706,0.0,58563.94732437706,58563.94732437706,1204.9561863320525
7970,27099.053855472164,0.0,27099.053855472164,27099.053855472164,548.8969071628088
7971,0.0,0.0,0.0,0.0,-0.0
7972,0.0,0.0,0.0,0.0,-0.0
7973,0.0,0.0,0.0,0.0,-0.0
7974,47515.16253508845,0.0,47515.16253508845,47515.16253508845,807.083736986966
7975,263504.9603997101,0.0,263504.9603997101,263504.9603997101,4607.258234515095
7976,1047971.5174903508,0.0,1047971.5174903508,1047971.5174903508,19263.085205120413
7977,1334178.8871826238,0.0,1334178.8871826238,1334178.8871826238,23964.269200765444
7978,1400000.0,0.0,1400000.0,1400000.0,25023.59907055693
7979,826262.0441951544,0.0,826262.0441951544,826262.0441951544,15501.609970300726
7980,1035532.9249370483,0.0,1035532.9249370483,1035532.9249370483,19054.87461818841
7981,793439.7337867843,0.0,793439.7337867843,793439.7337867843,14934.751872532253
7982,757956.4059055198,0.0,757956.4059055198,757956.4059055198,14318.875122960746
7983,434665.62485131517,0.0,434665.62485131517,434665.62485131517,8541.894333010914
7984,467303.9760073738,0.0,467303.9760073738,467303.9760073738,9140.232062707946
7985,729165.4366117463,0.0,729165.4366117463,729165.4366117463,13816.689462894068
7986,785850.3800115645,0.0,785850.3800115645,785850.3800115645,14803.184283440827
7987,790860.2099623551,0.0,790860.2099623551,790860.2099623551,14889.946993714153
7988,791490.223264852,0.0,791490.223264852,791490.223264852,14900.83204478539
7989,790977.8850619344,0.0,790977.8850619344,790977.8850619344,14891.936120215965
7990,789827.6485934966,0.0,789827.6485934966,789827.6485934966,14871.99201232964
7991,789195.6136145779,0.0,789195.6136145779,789195.6136145779,14861.02072702603
7992,792136.5133420288,0.0,792136.5133420288,792136.5133420288,14911.924840777456
7993,792739.4058775078,0.0,792739.4058775078,792739.4058775078,14922.338209101339
7994,792739.4058775078,0.0,792739.4058775078,792739.4058775078,14922.313847779322
7995,792739.4058775078,0.0,792739.4058775078,792739.4058775078,14922.289486536796
7996,792739.4058775078,0.0,792739.4058775078,792739.4058775078,14922.265125373773
7997,792739.4058775078,0.0,792739.4058775078,792739.4058775078,14922.240764290242
7998,792739.4058775078,0.0,792739.4058775078,792739.4058775078,14922.216403286206
7999,916154.3038919711,0.0,916154.3038919711,916154.3038919711,17039.858503890504
8000,1400000.0,0.0,1400000.0,1400000.0,25022.746046467608
8001,1400000.0,0.0,1400000.0,1400000.0,25022.70515185507
8002,1400000.0,0.0,1400000.0,1400000.0,25022.664257376182
8003,1400000.0,0.0,1400000.0,1400000.0,25022.623363030918
8004,1389268.937012094,0.0,1389268.937012094,1389268.937012094,24850.39314851226
8005,1215692.5949087192,0.0,1215692.5949087192,1215692.5949087192,22036.46241636557
8006,1083228.6368842062,0.0,1083228.6368842062,1083228.6368842062,19850.145828163164
8007,835941.4491194426,0.0,835941.4491194426,835941.4491194426,15667.528261304964
8008,204953.19739951103,0.0,204953.19739951103,204953.19739951103,4193.5274592123205
8009,295969.97808119183,0.0,295969.97808119183,295969.97808119183,5907.179485786023
8010,308462.1039880949,0.0,308462.1039880949,308462.1039880949,6188.673284197215
8011,230620.90178748162,0.0,230620.90178748162,230620.90178748162,4700.354269943901
8012,360091.7062789163,0.0,360091.7062789163,360091.7062789163,7159.2283801010835
8013,308974.42528387735,0.0,308974.42528387735,308974.42528387735,6198.334127717036
8014,314603.0274366207,0.0,314603.0274366207,314603.0274366207,6304.712247668537
8015,476501.73155417916,0.0,476501.73155417916,476501.73155417916,9307.649839551203
8016,601405.6242576531,0.0,601405.6242576531,601405.6242576531,11560.340887563994
8017,638593.297030055,0.0,638593.297030055,638593.297030055,12221.674561909102
8018,599822.2757913575,0.0,599822.2757913575,599822.2757913575,11532.053457304131
8019,644019.9377577844,0.0,644019.9377577844,644019.9377577844,12317.80453992216
8020,600714.3934256874,0.0,600714.3934256874,600714.3934256874,11547.933480922833
8021,488379.5055417609,0.0,488379.5055417609,488379.5055417609,9523.978933047072
8022,429076.03888220555,0.0,429076.03888220555,429076.03888220555,8438.447031038766
8023,601799.0898695168,0.0,601799.0898695168,601799.0898695168,11567.228242464422
8024,1115310.401622518,0.0,1115310.401622518,1115310.401622518,20382.28944319364
8025,1279762.1000705573,0.0,1279762.1000705573,1279762.1000705573,23080.79327782694
8026,1182827.1273594368,0.0,1182827.1273594368,1182827.1273594368,21496.540763439596
8027,1128229.1247440253,0.0,1128229.1247440253,1128229.1247440253,20596.117101025313
8028,1091281.0575985427,0.0,1091281.0575985427,1091281.0575985427,19983.325651549178
8029,1028610.5691555538,0.0,1028610.5691555538,1028610.5691555538,18937.392210053462
8030,904071.3299931611,0.0,904071.3299931611,904071.3299931611,16833.258321445563
8031,613597.1626555225,0.0,613597.1626555225,613597.1626555225,11777.313641568346
8032,0.0,0.0,0.0,0.0,-0.0
8033,29979.701572831535,0.0,29979.701572831535,29979.701572831535,513.974707490717
8034,25824.803981205176,0.0,25824.803981205176,25824.803981205176,524.3704067463016
8035,23312.56141687875,0.0,23312.56141687875,23312.56141687875,476.02432753393055
8036,19989.240704812888,0.0,19989.240704812888,19989.240704812888,411.44946986993835
8037,31747.562284563755,0.0,31747.562284563755,31747.562284563755,615.0740647687436
8038,69703.46051690508,0.0,69703.46051690508,69703.46051690508,1295.5267688398803
8039,102841.39016287119,0.0,102841.39016287119,102841.39016287119,2001.376956880116
8040,142805.2269382783,0.0,142805.2269382783,142805.2269382783,2783.538919688772
8041,198020.13689365113,0.0,198020.13689365113,198020.13689365113,3848.033323199338
8042,286145.97606868413,0.0,286145.97606868413,286145.97606868413,5677.748697214204
8043,289018.62626055366,0.0,289018.62626055366,289018.62626055366,5819.188851931197
8044,343844.0067639106,0.0,343844.0067639106,343844.0067639106,6854.218194568219
8045,600139.5579462323,0.0,600139.5579462323,600139.5579462323,11536.42365391044
8046,563049.7665680854,0.0,563049.7665680854,563049.7665680854,10872.583144983877
8047,509410.16264270904,0.0,509410.16264270904,509410.16264270904,9904.889959224649
8048,679650.2358819922,0.0,679650.2358819922,679650.2358819922,12945.6708434767
8049,677819.8494329677,0.0,677819.8494329677,677819.8494329677,12913.4100827911
8050,901647.231194896,0.0,901647.231194896,901647.231194896,16790.323801437637
8051,560524.2939271377,0.0,560524.2939271377,560524.2939271377,10827.13924047791
8052,722247.2058868818,0.0,722247.2058868818,722247.2058868818,13693.255740377532
8053,905009.7544811238,0.0,905009.7544811238,905009.7544811238,16847.53426169772
8054,823501.3975624808,0.0,823501.3975624808,823501.3975624808,15451.105391239518
8055,787229.4001108701,0.0,787229.4001108701,787229.4001108701,14824.397049796655
8056,778942.3367280256,0.0,778942.3367280256,778942.3367280256,14680.725086702052
8057,785496.5350878288,0.0,785496.5350878288,785496.5350878288,14794.325861537494
8058,791957.412917609,0.0,791957.412917609,791957.412917609,14906.200624842135
8059,792739.4058775078,0.0,792739.4058775078,792739.4058775078,14919.712730759778
8060,786871.0678985615,0.0,786871.0678985615,786871.0678985615,14818.068425910327
8061,786209.1511602765,0.0,786209.1511602765,786209.1511602765,14806.57654604629
8062,779715.1040962918,0.0,779715.1040962918,779715.1040962918,14693.983670678143
8063,774346.6956791527,0.0,774346.6956791527,774346.6956791527,14600.821095626983
8064,732681.2133065638,0.0,732681.2133065638,732681.2133065638,13875.357295728461
8065,709382.5401894228,0.0,709382.5401894228,709382.5401894228,13467.675744872775
8066,676002.6367254456,0.0,676002.6367254456,676002.6367254456,12881.020553799684
8067,618964.9182889517,0.0,618964.9182889517,618964.9182889517,11871.32045160537
8068,546785.7961830854,0.0,546785.7961830854,546785.7961830854,10579.752246803715
8069,454207.35124117567,0.0,454207.35124117567,454207.35124117567,8898.668729359582
8070,485044.7275729077,0.0,485044.7275729077,485044.7275729077,9461.832146291446
8071,558531.431069594,0.0,558531.431069594,558531.431069594,10790.967490416004
8072,760927.977172342,0.0,760927.977172342,760927.977172342,14367.467536314962
8073,734259.5081260726,0.0,734259.5081260726,734259.5081260726,13902.718831176082
8074,484284.5118277789,0.0,484284.5118277789,484284.5118277789,9447.925405465452
8075,404539.44774953544,0.0,404539.44774953544,404539.44774953544,7984.273794588101
8076,141149.10620085598,0.0,141149.10620085598,141149.10620085598,2889.8511523896486
8077,112542.58237596655,0.0,112542.58237596655,112542.58237596655,2304.8740966843247
8078,431918.09921206586,0.0,431918.09921206586,431918.09921206586,7784.229437628759
8079,115047.698733506,0.0,115047.698733506,115047.698733506,2353.530041448618
8080,144160.27610340965,0.0,144160.27610340965,144160.27610340965,2826.3785385737765
8081,138089.60641759253,0.0,138089.60641759253,138089.60641759253,2830.1932185872874
8082,104234.25170625107,0.0,104234.25170625107,104234.25170625107,2133.3109189001493
8083,64855.236134442624,0.0,64855.236134442624,64855.236134442624,1327.0048375252693
8084,90995.05920158066,0.0,90995.05920158066,90995.05920158066,1762.4475782498716
8085,64912.82966934998,0.0,64912.82966934998,64912.82966934998,1328.1175267730612
8086,53416.335904225736,0.0,53416.335904225736,53416.335904225736,1094.1223054363386
8087,102788.10910187075,0.0,102788.10910187075,102788.10910187075,1930.0174974899255
8088,178426.20017663058,0.0,178426.20017663058,178426.20017663058,3380.8918679501376
8089,188986.82533724734,0.0,188986.82533724734,188986.82533724734,3830.657073853253
8090,214680.46449642818,0.0,214680.46449642818,214680.46449642818,4290.603450224827
8091,453930.76238132035,0.0,453930.76238132035,453930.76238132035,8892.285821711297
8092,340492.1913158637,0.0,340492.1913158637,340492.1913158637,6790.0035342095825
8093,462570.5325034958,0.0,462570.5325034958,462570.5325034958,9050.367441367463
8094,568824.5912473748,0.0,568824.5912473748,568824.5912473748,10974.136131765947
8095,414157.8682472221,0.0,414157.8682472221,414157.8682472221,8160.869212306472
8096,535252.1232853559,0.0,535252.1232853559,535252.1232853559,10370.252047664027
8097,574606.3805977309,0.0,574606.3805977309,574606.3805977309,11077.71981490063
8098,584459.9120073695,0.0,584459.9120073695,584459.9120073695,11254.085984865402
8099,691390.0074606638,0.0,691390.0074606638,691390.0074606638,13149.707793418458
8100,580130.2087194354,0.0,580130.2087194354,580130.2087194354,11176.581605774083
8101,1121736.0602018824,0.0,1121736.0602018824,1121736.0602018824,20482.82411115105
8102,699756.1797932036,0.0,699756.1797932036,699756.1797932036,13296.583950234675
8103,678109.8509023236,0.0,678109.8509023236,678109.8509023236,12915.974928013457
8104,637215.4677722339,0.0,637215.4677722339,637215.4677722339,12193.352545783162
8105,683993.3632599006,0.0,683993.3632599006,683993.3632599006,13019.505486232281
8106,647617.0747050182,0.0,647617.0747050182,647617.0747050182,12377.560502018083
8107,744033.5379075404,0.0,744033.5379075404,744033.5379075404,14070.9790888615
8108,775301.7708527242,0.0,775301.7708527242,775301.7708527242,14614.764361078256
8109,792481.4307567942,0.0,792481.4307567942,792481.4307567942,14912.444693131569
8110,762599.8977822001,0.0,762599.8977822001,762599.8977822001,14394.117999050673
8111,766125.0503135181,0.0,766125.0503135181,766125.0503135181,14455.35920574403
8112,785485.3476752861,0.0,785485.3476752861,785485.3476752861,14791.229524701495
8113,785569.3409982804,0.0,785569.3409982804,785569.3409982804,14792.6605333237
8114,789103.53084056,0.0,789103.53084056,789103.53084056,14853.84818056252
8115,790724.029327731,0.0,790724.029327731,790724.029327731,14881.880073507917
8116,790419.1198460406,0.0,790419.1198460406,790419.1198460406,14876.577326487963
8117,791754.2524528115,0.0,791754.2524528115,791754.2524528115,14899.664496090716
8118,787199.1214177081,0.0,787199.1214177081,787199.1214177081,14820.771209021199
8119,799816.7978531257,0.0,799816.7978531257,799816.7978531257,15039.083429998396
8120,1346960.2169397944,0.0,1346960.2169397944,1346960.2169397944,24161.183458242926
8121,1381110.8324317,0.0,1381110.8324317,1381110.8324317,24710.776240419513
8122,1400000.0,0.0,1400000.0,1400000.0,25013.869130648345
8123,1400000.0,0.0,1400000.0,1400000.0,25013.828265026037
8124,1400000.0,0.0,1400000.0,1400000.0,25013.787399537243
8125,1400000.0,0.0,1400000.0,1400000.0,25013.74653418193
8126,1400000.0,0.0,1400000.0,1400000.0,25013.70566896013
8127,1274424.6965469192,0.0,1274424.6965469192,1274424.6965469192,22986.56150133819
8128,513439.50092495175,0.0,513439.50092495175,513439.50092495175,9975.440718651573
8129,421738.7038247628,0.0,421738.7038247628,421738.7038247628,8300.237283662898
8130,422209.856003526,0.0,422209.856003526,422209.856003526,8308.90800551105
8131,380121.8155603928,0.0,380121.8155603928,380121.8155603928,7529.751483390837
8132,382269.57210771093,0.0,382269.57210771093,382269.57210771093,7569.668292620413
8133,457184.03965723113,0.0,457184.03965723113,457184.03965723113,8951.216805115708
8134,384841.72840954724,0.0,384841.72840954724,384841.72840954724,7617.437906257133
8135,343296.92932534165,0.0,343296.92932534165,343296.92932534165,6842.108229851246
8136,538595.7978121843,0.0,538595.7978121843,538595.7978121843,10429.854279393934
8137,474078.7972547486,0.0,474078.7972547486,474078.7972547486,9259.875679597964
8138,445736.2489232337,0.0,445736.2489232337,445736.2489232337,8741.382569088699
8139,441249.59644743276,0.0,441249.59644743276,441249.59644743276,8659.02891145943
8140,244661.27678169924,0.0,244661.27678169924,244661.27678169924,4969.251994295022
8141,278418.06501680944,0.0,278418.06501680944,278418.06501680944,5615.770073264261
8142,341631.3285759495,0.0,341631.3285759495,341631.3285759495,6810.79261562034
8143,211496.54298959253,0.0,211496.54298959253,211496.54298959253,4327.450246185565
8144,881668.8105554725,0.0,881668.8105554725,881668.8105554725,16445.151203596888
8145,1038764.537336251,0.0,1038764.537336251,1038764.537336251,19100.697201554896
8146,1397034.538679408,0.0,1397034.538679408,1397034.538679408,24965.41004323203
8147,1207277.8369573662,0.0,1207277.8369573662,1207277.8369573662,21890.068815321858
8148,1369685.235102213,0.0,1369685.235102213,1369685.235102213,24526.101070455312
8149,1363107.8297895007,0.0,1363107.8297895007,1363107.8297895007,24420.233587544393
8150,1386470.9876709338,0.0,1386470.9876709338,1386470.9876709338,24795.752345807028
8151,1124402.991705582,0.0,1124402.991705582,1124402.991705582,20525.349834252986
8152,277105.25545499456,0.0,277105.25545499456,277105.25545499456,5590.633747401369
8153,338177.6312008437,0.0,338177.6312008437,338177.6312008437,6745.852680479072
8154,440916.4728599002,0.0,440916.4728599002,440916.4728599002,8652.693468694975
8155,486271.05886972696,0.0,486271.05886972696,486271.05886972696,9481.76110253378
8156,605388.5732350172,0.0,605388.5732350172,605388.5732350172,11626.62623944909
8157,591794.8488767477,0.0,591794.8488767477,591794.8488767477,11384.080086531878
8158,188058.03473637282,0.0,188058.03473637282,188058.03473637282,3845.8238088541225
8159,522789.8751591605,0.0,522789.8751591605,522789.8751591605,9914.769079438973
8160,274301.0009655425,0.0,274301.0009655425,274301.0009655425,5537.011360128494
8161,229660.50848786035,0.0,229660.50848786035,229660.50848786035,4679.61138549907
8162,170420.53572726646,0.0,170420.53572726646,170420.53572726646,3485.4288896694134
8163,195248.59026394316,0.0,195248.59026394316,195248.59026394316,3894.976511121478
8164,149718.54205054813,0.0,149718.54205054813,149718.54205054813,3064.900420897053
8165,188774.03843396285,0.0,188774.03843396285,188774.03843396285,3724.920509523741
8166,214190.7232201948,0.0,214190.7232201948,214190.7232201948,4280.5438500098835
8167,237872.8258166501,0.0,237872.8258166501,237872.8258166501,4838.0031576848605
8168,1148519.1434303243,0.0,1148519.1434303243,1148519.1434303243,20922.46797664743
8169,1229358.0202816112,0.0,1229358.0202816112,1229358.0202816112,22249.709622560826
8170,1200712.7677883944,0.0,1200712.7677883944,1200712.7677883944,21780.81832690806
8171,840785.2292263774,0.0,840785.2292263774,840785.2292263774,15743.2718091024
8172,1174722.2737950035,0.0,1174722.2737950035,1174722.2737950035,21353.963360551566
8173,1164179.1044776118,0.0,1164179.1044776118,1164179.1044776118,21180.421030287016
8174,304327.3007224392,0.0,304327.3007224392,304327.3007224392,6107.281506387113
8175,819481.7698193782,0.0,819481.7698193782,819481.7698193782,15376.539355689092
8176,0.0,0.0,0.0,0.0,-0.0
8177,5709.76777149366,0.0,5709.76777149366,5709.76777149366,-0.0
8178,28860.880611634653,0.0,28860.880611634653,28860.880611634653,495.5558587476777
8179,20066.53889227366,0.0,20066.53889227366,20066.53889227366,412.82448998878954
8180,13931.480977520212,0.0,13931.480977520212,13931.480977520212,281.67844974662813
8181,17234.973700849005,0.0,17234.973700849005,17234.973700849005,344.08196032560863
8182,23114.958709274342,0.0,23114.958709274342,23114.958709274342,432.7110962341668
8183,81320.4010809799,0.0,81320.4010809799,81320.4010809799,1459.0160029149622
8184,45981.666928766856,0.0,45981.666928766856,45981.666928766856,938.3594234992879
8185,39556.135471613256,0.0,39556.135471613256,39556.135471613256,813.5456016513835
8186,59701.967750218486,0.0,59701.967750218486,59701.967750218486,1158.3500831821116
8187,64327.08506992854,0.0,64327.08506992854,64327.08506992854,1316.3379771313241
8188,94878.67016155804,0.0,94878.67016155804,94878.67016155804,1833.1445302744794
8189,142123.97166840325,0.0,142123.97166840325,142123.97166840325,2735.1142523872195
8190,154591.54149223928,0.0,154591.54149223928,154591.54149223928,3102.4897009814445
8191,189776.22258996766,0.0,189776.22258996766,189776.22258996766,3777.0763147672405
8192,531852.7453624028,0.0,531852.7453624028,531852.7453624028,10073.118425614572
8193,1203217.8160468617,0.0,1203217.8160468617,1203217.8160468617,21819.51404137528
8194,863801.7222236859,0.0,863801.7222236859,863801.7222236859,16136.324418105307
8195,732513.1978928351,0.0,732513.1978928351,732513.1978928351,13866.352909088775
8196,1400000.0,0.0,1400000.0,1400000.0,25008.25997301133
8197,782478.7487526459,0.0,782478.7487526459,782478.7487526459,14735.375440462272
8198,305578.8831737093,0.0,305578.8831737093,305578.8831737093,6130.218618572846
8199,196500.30252939655,0.0,196500.30252939655,196500.30252939655,4017.8910690491934
8200,96235.49299912805,0.0,96235.49299912805,96235.49299912805,1976.7541184895672
8201,52818.760371203374,0.0,52818.760371203374,52818.760371203374,1082.16461410908
8202,39328.433920429205,0.0,39328.433920429205,39328.433920429205,809.0724240582019
8203,12279.685287924684,0.0,12279.685287924684,12279.685287924684,250.0378888854697
8204,0.0,0.0,0.0,0.0,-0.0
8205,0.0,0.0,0.0,0.0,-0.0
8206,0.0,0.0,0.0,0.0,-0.0
8207,24860.38223693974,0.0,24860.38223693974,24860.38223693974,421.34106910598587
8208,94201.98000364407,0.0,94201.98000364407,94201.98000364407,1677.7295140251806
8209,175908.32326725996,0.0,175908.32326725996,175908.32326725996,3300.915005951044
8210,270728.1141787072,0.0,270728.1141787072,270728.1141787072,5302.61643032001
8211,339202.2243261143,0.0,339202.2243261143,339202.2243261143,6763.134044193473
8212,619714.4906830665,0.0,619714.4906830665,619714.4906830665,11878.369874224822
8213,679933.0235839472,0.0,679933.0235839472,679933.0235839472,12943.417296194373
8214,701250.1309828545,0.0,701250.1309828545,701250.1309828545,13317.973195996658
8215,700148.6953470017,0.0,700148.6953470017,700148.6953470017,13298.628125983167
8216,1400000.0,0.0,1400000.0,1400000.0,25006.043739329267
8217,1400000.0,0.0,1400000.0,1400000.0,25006.002899260126
8218,1400000.0,0.0,1400000.0,1400000.0,25005.962059324356
8219,1400000.0,0.0,1400000.0,1400000.0,25005.921219521966
8220,1400000.0,0.0,1400000.0,1400000.0,25005.880379852944
8221,1400000.0,0.0,1400000.0,1400000.0,25005.839540317294
8222,1400000.0,0.0,1400000.0,1400000.0,25005.79870091502
8223,1400000.0,0.0,1400000.0,1400000.0,25005.757861646118
8224,844160.7362782075,0.0,844160.7362782075,844160.7362782075,15797.754857425152
8225,719140.8340731423,0.0,719140.8340731423,719140.8340731423,13631.125181725789
8226,755456.6971138747,0.0,755456.6971138747,755456.6971138747,14264.626715948381
8227,668385.7523868266,0.0,668385.7523868266,668385.7523868266,12739.681305354496
8228,685071.8391615188,0.0,685071.8391615188,685071.8391615188,13033.499062237885
8229,729137.9632227022,0.0,729137.9632227022,729137.9632227022,13805.78432586637
8230,733634.7919317881,0.0,733634.7919317881,733634.7919317881,13884.27806678111
8231,771530.1913159711,0.0,771530.1913159711,771530.1913159711,14543.798400003207
8232,785222.2028401102,0.0,785222.2028401102,785222.2028401102,14781.140853773486
8233,789357.2912046497,0.0,789357.2912046497,789357.2912046497,14852.712213234216
8234,790903.9481589257,0.0,790903.9481589257,790903.9481589257,14879.455736837823
8235,788256.2075139583,0.0,788256.2075139583,788256.2075139583,14833.603769813026
8236,792488.6821859097,0.0,792488.6821859097,792488.6821859097,14906.827531633677
8237,789141.4483308167,0.0,789141.4483308167,789141.4483308167,14848.879258251687
8238,792739.4058775078,0.0,792739.4058775078,792739.4058775078,14911.116526726995
8239,790763.3055009439,0.0,790763.3055009439,790763.3055009439,14876.900564104035
8240,1400000.0,0.0,1400000.0,1400000.0,25005.07825850209
8241,1400000.0,0.0,1400000.0,1400000.0,25005.037421585774
8242,1400000.0,0.0,1400000.0,1400000.0,25004.996584802815
8243,1400000.0,0.0,1400000.0,1400000.0,25004.95574815321
8244,1400000.0,0.0,1400000.0,1400000.0,25004.91491163697
8245,1400000.0,0.0,1400000.0,1400000.0,25004.874075254083
8246,1400000.0,0.0,1400000.0,1400000.0,25004.83323900456
8247,1400000.0,0.0,1400000.0,1400000.0,25004.79240288839
8248,740154.4608766739,0.0,740154.4608766739,740154.4608766739,13997.582487683225
8249,599752.6893291298,0.0,599752.6893291298,599752.6893291298,11522.24709081281
8250,500924.0456215704,0.0,500924.0456215704,500924.0456215704,9744.72122853891
8251,327588.668202694,0.0,327588.668202694,327588.668202694,6544.457468134678
8252,217259.37140035932,0.0,217259.37140035932,217259.37140035932,4437.748441638266
8253,197312.84946006848,0.0,197312.84946006848,197312.84946006848,4033.0140630033907
8254,157574.57931920598,0.0,157574.57931920598,157574.57931920598,3225.6392642611772
8255,106023.83381002583,0.0,106023.83381002583,106023.83381002583,2176.640623697688
8256,64656.072850134115,0.0,64656.072850134115,64656.072850134115,1322.4626604481248
8257,23064.88182852645,0.0,23064.88182852645,23064.88182852645,470.9650738479004
8258,13350.709673936028,0.0,13350.709673936028,13350.709673936028,270.53521763857253
8259,26593.416097227542,0.0,26593.416097227542,26593.416097227542,493.87983102937187
8260,98592.21280980651,0.0,98592.21280980651,98592.21280980651,1752.849635840643
8261,190500.22551211077,0.0,190500.22551211077,190500.22551211077,3585.44934081687
8262,258101.81232435515,0.0,258101.81232435515,258101.81232435515,5106.906375190074
8263,785452.1596219249,0.0,785452.1596219249,785452.1596219249,14783.452625984712
8264,1400000.0,0.0,1400000.0,1400000.0,25002.668866536544
8265,1400000.0,0.0,1400000.0,1400000.0,25002.62803748723
8266,1400000.0,0.0,1400000.0,1400000.0,25002.58720857124
8267,1400000.0,0.0,1400000.0,1400000.0,25002.546379788568
8268,1400000.0,0.0,1400000.0,1400000.0,25002.50555113922
8269,1400000.0,0.0,1400000.0,1400000.0,25002.46472262319
8270,1400000.0,0.0,1400000.0,1400000.0,25002.423894240477
8271,1362529.9164785794,0.0,1362529.9164785794,1362529.9164785794,24400.70217980658
8272,212438.1120200287,0.0,212438.1120200287,212438.1120200287,4343.621260841101
8273,397059.9143556269,0.0,397059.9143556269,397059.9143556269,7840.254250737693
8274,407942.1321421683,0.0,407942.1321421683,407942.1321421683,8041.540432051029
8275,416349.9471026703,0.0,416349.9471026703,416349.9471026703,8196.741681448686
8276,366205.3420117035,0.0,366205.3420117035,366205.3420117035,7266.9086056044835
8277,377571.6340269795,0.0,377571.6340269795,377571.6340269795,7478.542124205877
8278,291300.9423994546,0.0,291300.9423994546,291300.9423994546,5857.97721709313
8279,588310.7249164855,0.0,588310.7249164855,588310.7249164855,11316.734380213493
8280,531570.1238221701,0.0,531570.1238221701,531570.1238221701,10298.071045558116
8281,679105.3935722581,0.0,679105.3935722581,679105.3935722581,12926.562370639713
8282,756861.8000365864,0.0,756861.8000365864,756861.8000365864,14286.852967913333
8283,786412.8017446799,0.0,786412.8017446799,786412.8017446799,14799.60474506715
8284,792618.9438258149,0.0,792618.9438258149,792618.9438258149,14906.985017221425
8285,792739.4058775078,0.0,792739.4058775078,792739.4058775078,14909.044461210033
8286,792739.4058775078,0.0,792739.4058775078,792739.4058775078,14909.02014323474
8287,792739.4058775078,0.0,792739.4058775078,792739.4058775078,14908.995825338734
8288,855857.0807083138,0.0,855857.0807083138,855857.0807083138,15995.772518549715
8289,887118.1416723497,0.0,887118.1416723497,887118.1416723497,16530.400362234726
8290,780145.7133646947,0.0,780145.7133646947,780145.7133646947,14690.877058410537
8291,414842.8844294735,0.0,414842.8844294735,414842.8844294735,8168.720408876239
8292,355806.12839218345,0.0,355806.12839218345,355806.12839218345,7072.606446034395
8293,1270968.9768068255,0.0,1270968.9768068255,1270968.9768068255,22919.158661295438
8294,702657.119372732,0.0,702657.119372732,702657.119372732,13340.036098176028
8295,169775.46851525092,0.0,169775.46851525092,169775.46851525092,3471.2500634158187
8296,285245.0797063671,0.0,285245.0797063671,285245.0797063671,5526.347126314948
8297,563124.197551289,0.0,563124.197551289,563124.197551289,10865.306079488477
8298,605003.1453945086,0.0,605003.1453945086,605003.1453945086,11613.96413550694
8299,704429.0305957762,0.0,704429.0305957762,704429.0305957762,13370.776477058684
8300,646905.9285924833,0.0,646905.9285924833,646905.9285924833,12357.78122562147
8301,517574.9634204419,0.0,517574.9634204419,517574.9634204419,10044.726701400861
8302,332168.7309634035,0.0,332168.7309634035,332168.7309634035,6629.445848597366
8303,163784.83464935157,0.0,163784.83464935157,163784.83464935157,3354.680481304883
8304,97508.62491044376,0.0,97508.62491044376,97508.62491044376,2000.957065449417
8305,35907.56400528647,0.0,35907.56400528647,35907.56400528647,731.2256683206309
8306,0.0,0.0,0.0,0.0,-0.0
8307,0.0,0.0,0.0,0.0,-0.0
8308,0.0,0.0,0.0,0.0,-0.0
8309,0.0,0.0,0.0,0.0,-0.0
8310,58321.53298751874,0.0,58321.53298751874,58321.53298751874,999.0665308239212
8311,146921.51617176487,0.0,146921.51617176487,146921.51617176487,2708.57239581305
8312,312078.5999032783,0.0,312078.5999032783,312078.5999032783,5920.715303879072
8313,352979.14427168365,0.0,352979.14427168365,352979.14427168365,7018.919883339198
8314,417316.0862277744,0.0,417316.0862277744,417316.0862277744,8213.33969420275
8315,283038.57146680466,0.0,283038.57146680466,283038.57146680466,5700.089312714914
8316,256283.35831869158,0.0,256283.35831869158,256283.35831869158,5189.162362356659
8317,854130.8491536801,0.0,854130.8491536801,854130.8491536801,15964.186900713908
8318,1010071.2868305906,0.0,1010071.2868305906,1010071.2868305906,18608.833775498977
8319,442684.1098635356,0.0,442684.1098635356,442684.1098635356,8679.812884774445
8320,611299.2191582097,0.0,611299.2191582097,611299.2191582097,11724.8867269393
8321,666655.3261629926,0.0,666655.3261629926,666655.3261629926,12705.367652226782
8322,700063.0110309789,0.0,700063.0110309789,700063.0110309789,13292.873942870987
8323,657184.9806536342,0.0,657184.9806536342,657184.9806536342,12538.20693538001
8324,690989.5596679525,0.0,690989.5596679525,690989.5596679525,13133.566257785296
8325,761276.4061595503,0.0,761276.4061595503,761276.4061595503,14361.463204038138
8326,781224.0922143031,0.0,781224.0922143031,781224.0922143031,14707.548404479236
8327,768920.009301745,0.0,768920.009301745,768920.009301745,14494.16065315235
8328,762059.5716024517,0.0,762059.5716024517,762059.5716024517,14375.000863955018
8329,779267.62708432,0.0,779267.62708432,779267.62708432,14673.575877020718
8330,758729.1422295349,0.0,758729.1422295349,758729.1422295349,14317.074750350508
8331,781526.910903404,0.0,781526.910903404,781526.910903404,14712.674817456646
8332,783034.2181066332,0.0,783034.2181066332,783034.2181066332,14738.760696331203
8333,765617.5736825252,0.0,765617.5736825252,765617.5736825252,14436.68545049631
8334,734705.5725450898,0.0,734705.5725450898,734705.5725450898,13898.617303428151
8335,727708.7531055743,0.0,727708.7531055743,727708.7531055743,13776.459408956853
8336,724728.5101394149,0.0,724728.5101394149,724728.5101394149,13724.374662576842
8337,682118.2170147669,0.0,682118.2170147669,682118.2170147669,12977.352358296603
8338,626199.5586640502,0.0,626199.5586640502,626199.5586640502,11989.329483698084
8339,931835.6231485697,0.0,931835.6231485697,931835.6231485697,17288.441092847876
8340,726430.6863669571,0.0,726430.6863669571,726430.6863669571,13754.023321379458
8341,377321.5425002518,0.0,377321.5425002518,377321.5425002518,7472.454961190215
8342,256059.7148596336,0.0,256059.7148596336,256059.7148596336,5184.639941957549
8343,699759.9449210112,0.0,699759.9449210112,699759.9449210112,13287.103300621053
8344,248174.9798011649,0.0,248174.9798011649,248174.9798011649,5033.296899179602
8345,507714.00491433684,0.0,507714.00491433684,507714.00491433684,9864.846746284144
8346,684782.6247344258,0.0,684782.6247344258,684782.6247344258,13024.020580016739
8347,727973.2823593008,0.0,727973.2823593008,727973.2823593008,13780.81453300692
8348,760906.3610187365,0.0,760906.3610187365,760906.3610187365,14354.500381623613
8349,775543.2458018194,0.0,775543.2458018194,775543.2458018194,14608.544800838066
8350,788185.9044482135,0.0,788185.9044482135,788185.9044482135,14827.527498082172
8351,776296.082764923,0.0,776296.082764923,776296.082764923,14621.549871644056
8352,719913.2016379923,0.0,719913.2016379923,719913.2016379923,13639.853103327003
8353,759568.0336736342,0.0,759568.0336736342,759568.0336736342,14331.124892373093
8354,681296.5724539622,0.0,681296.5724539622,681296.5724539622,12962.541958598587
8355,709723.3997959736,0.0,709723.3997959736,709723.3997959736,13461.471321038955
8356,712946.6335931211,0.0,712946.6335931211,712946.6335931211,13517.884228414638
8357,702874.3059694017,0.0,702874.3059694017,702874.3059694017,13341.41456929105
8358,638233.5267783509,0.0,638233.5267783509,638233.5267783509,12202.310696475943
8359,613048.6820653488,0.0,613048.6820653488,613048.6820653488,11755.257486060658
8360,1400000.0,0.0,1400000.0,1400000.0,24997.115853342373
8361,452535.0287922048,0.0,452535.0287922048,452535.0287922048,8859.71849299727
8362,351608.2183830226,0.0,351608.2183830226,351608.2183830226,6992.699835739133
8363,593470.9243024344,0.0,593470.9243024344,593470.9243024344,11406.379897902636
8364,314712.0824999029,0.0,314712.0824999029,314712.0824999029,6299.640392362214
8365,524240.1241937717,0.0,524240.1241937717,524240.1241937717,10163.469537281653
8366,1176724.7101138919,0.0,1176724.7101138919,1176724.7101138919,21374.6395610184
8367,882208.8876400263,0.0,882208.8876400263,882208.8876400263,16443.260360074786
8368,88760.18252230997,0.0,88760.18252230997,88760.18252230997,1820.7025144590832
8369,87399.76096201179,0.0,87399.76096201179,87399.76096201179,1794.168429005073
8370,75603.60840661231,0.0,75603.60840661231,75603.60840661231,1544.9851182622992
8371,52288.805864450194,0.0,52288.805864450194,52288.805864450194,1071.3184942998512
8372,36336.20281929855,0.0,36336.20281929855,36336.20281929855,739.3367713678992
8373,27657.5701786045,0.0,27657.5701786045,27657.5701786045,558.9149700823439
8374,0.0,0.0,0.0,0.0,-0.0
8375,0.0,0.0,0.0,0.0,-0.0
8376,0.0,0.0,0.0,0.0,-0.0
8377,26158.8592337858,0.0,26158.8592337858,26158.8592337858,441.8806909588616
8378,54207.20228167781,0.0,54207.20228167781,54207.20228167781,997.7215057845275
8379,81812.4385472084,0.0,81812.4385472084,81812.4385472084,1571.1991352621599
8380,110681.08595166235,0.0,110681.08595166235,110681.08595166235,2163.7014898508587
8381,72374.89744770502,0.0,72374.89744770502,72374.89744770502,1482.1973236270399
8382,57356.468531517865,0.0,57356.468531517865,57356.468531517865,1169.3672042520268
8383,36876.092825881045,0.0,36876.092825881045,36876.092825881045,749.6478492712799
8384,53818.134716308865,0.0,53818.134716308865,53818.134716308865,1027.5788421896991
8385,148264.80351404173,0.0,148264.80351404173,148264.80351404173,2697.717842763413
8386,232651.92983391523,0.0,232651.92983391523,232651.92983391523,4483.820489740653
8387,458815.9741548544,0.0,458815.9741548544,458815.9741548544,8973.508232222188
8388,161851.11196284156,0.0,161851.11196284156,161851.11196284156,3307.183682024175
8389,72401.9648125076,0.0,72401.9648125076,72401.9648125076,1482.637874842547
8390,15371.40802572938,0.0,15371.40802572938,15371.40802572938,308.8323954318766
8391,522186.7269979387,0.0,522186.7269979387,522186.7269979387,8514.307870243543
8392,0.0,0.0,0.0,0.0,-0.0
8393,3636.0183676886754,0.0,3636.0183676886754,3636.0183676886754,-0.0
8394,124993.88232256814,0.0,124993.88232256814,124993.88232256814,2135.7808541541863
8395,395627.89308126003,0.0,395627.89308126003,395627.89308126003,7279.550037455174
8396,540244.7160001033,0.0,540244.7160001033,540244.7160001033,10449.268376292363
8397,640219.1026366805,0.0,640219.1026366805,640219.1026366805,12234.000133928856
8398,689431.6524475991,0.0,689431.6524475991,689431.6524475991,13101.748651591872
8399,721672.2892242861,0.0,721672.2892242861,721672.2892242861,13666.582236456139
8400,728672.9738924701,0.0,728672.9738924701,728672.9738924701,13788.82720268938
8401,736250.0218429846,0.0,736250.0218429846,736250.0218429846,13921.003583738388
8402,788468.9501028517,0.0,788468.9501028517,788468.9501028517,14827.955479947843
8403,788979.8672429103,0.0,788979.8672429103,788979.8672429103,14836.770408050672
8404,790518.9002854647,0.0,790518.9002854647,790518.9002854647,14863.368135733874
8405,789435.2469646847,0.0,789435.2469646847,789435.2469646847,14844.599721907365
8406,792058.6582427843,0.0,792058.6582427843,792058.6582427843,14889.948008684818
8407,792739.4058775078,0.0,792739.4058775078,792739.4058775078,14901.694534350174
8408,1400000.0,0.0,1400000.0,1400000.0,24990.118931640263
8409,1400000.0,0.0,1400000.0,1400000.0,24990.078143560284
8410,1400000.0,0.0,1400000.0,1400000.0,24990.03735561342
8411,1400000.0,0.0,1400000.0,1400000.0,24989.996567799677
8412,1400000.0,0.0,1400000.0,1400000.0,24989.955780119042
8413,1216770.6936003952,0.0,1216770.6936003952,1216770.6936003952,22024.95021359867
8414,1400000.0,0.0,1400000.0,1400000.0,24989.87478776504
8415,1400000.0,0.0,1400000.0,1400000.0,24989.834000481867
8416,984645.4138515947,0.0,984645.4138515947,984645.4138515947,18174.698163579633
8417,792739.4058775078,0.0,792739.4058775078,792739.4058775078,14901.440872110872
8418,792739.4058775078,0.0,792739.4058775078,792739.4058775078,14901.416578919278
8419,792739.4058775078,0.0,792739.4058775078,792739.4058775078,14901.392285806845
8420,792739.4058775078,0.0,792739.4058775078,792739.4058775078,14901.367992773576
8421,792739.4058775078,0.0,792739.4058775078,792739.4058775078,14901.343699819468
8422,792739.4058775078,0.0,792739.4058775078,792739.4058775078,14901.319406944524
8423,747344.2964230506,0.0,747344.2964230506,747344.2964230506,14113.774760653196
8424,699559.4415022159,0.0,699559.4415022159,699559.4415022159,13278.903882083676
8425,603410.3079630333,0.0,603410.3079630333,603410.3079630333,11579.837049163647
8426,536425.028042362,0.0,536425.028042362,536425.028042362,10379.92854396173
8427,138147.60204229146,0.0,138147.60204229146,138147.60204229146,2827.8096826173883
8428,26206.30985013829,0.0,26206.30985013829,26206.30985013829,531.0559665543383
8429,62286.359755514255,0.0,62286.359755514255,62286.359755514255,1133.914267807689
8430,269449.52940943337,0.0,269449.52940943337,269449.52940943337,4780.5668017062135
8431,670478.7916185507,0.0,670478.7916185507,670478.7916185507,12766.818233838036
8432,1400000.0,0.0,1400000.0,1400000.0,24987.661507871075
8433,1400000.0,0.0,1400000.0,1400000.0,24987.62072780782
8434,1400000.0,0.0,1400000.0,1400000.0,24987.579947877643
8435,1155212.059340815,0.0,1155212.059340815,1155212.059340815,21012.626177694812
8436,1400000.0,0.0,1400000.0,1400000.0,24987.499175379977
8437,1400000.0,0.0,1400000.0,1400000.0,24987.458395846472
8438,1400000.0,0.0,1400000.0,1400000.0,24987.41761644604
8439,1400000.0,0.0,1400000.0,1400000.0,24987.376837178694
8440,990739.4058775078,0.0,990739.4058775078,990739.4058775078,18275.37950916788
8441,792739.4058775078,0.0,792739.4058775078,792739.4058775078,14899.897367361316
8442,792739.4058775078,0.0,792739.4058775078,792739.4058775078,14899.873079197117
8443,792739.4058775078,0.0,792739.4058775078,792739.4058775078,14899.848791112054
8444,792739.4058775078,0.0,792739.4058775078,792739.4058775078,14899.824503106127
8445,792739.4058775078,0.0,792739.4058775078,792739.4058775078,14899.800215179343
8446,789647.0172920558,0.0,789647.0172920558,789647.0172920558,14846.302246248139
8447,777359.7957685704,0.0,777359.7957685704,777359.7957685704,14633.565801371127
8448,643559.5082821234,0.0,643559.5082821234,643559.5082821234,12291.256170526627
8449,520761.33646470174,0.0,520761.33646470174,520761.33646470174,10096.246676244422
8450,297268.6076353722,0.0,297268.6076353722,297268.6076353722,5967.098298509291
8451,82497.59511999112,0.0,82497.59511999112,82497.59511999112,1688.3642977485583
8452,0.0,0.0,0.0,0.0,-0.0
8453,0.0,0.0,0.0,0.0,-0.0
8454,47784.57188379148,0.0,47784.57188379148,47784.57188379148,810.1183064819032
8455,254576.5726022983,0.0,254576.5726022983,254576.5726022983,4451.568125330839
8456,563850.341334677,0.0,563850.341334677,563850.341334677,10870.846198115456
8457,716680.6418543578,0.0,716680.6418543578,716680.6418543578,13576.182441177596
8458,775244.3117541617,0.0,775244.3117541617,775244.3117541617,14595.64534553128
8459,665563.1961034057,0.0,665563.1961034057,665563.1961034057,12678.724553861593
8460,520053.3389436581,0.0,520053.3389436581,520053.3389436581,10082.558606152485
8461,532781.8825591365,0.0,532781.8825591365,532781.8825591365,10312.2506070402
8462,709433.1697691054,0.0,709433.1697691054,709433.1697691054,13449.273496688826
8463,764975.3995429903,0.0,764975.3995429903,764975.3995429903,14417.417471528475
8464,741119.9510498479,0.0,741119.9510498479,741119.9510498479,14002.568788655795
8465,772280.6233384334,0.0,772280.6233384334,772280.6233384334,14544.104768679652
8466,754531.1724333998,0.0,754531.1724333998,754531.1724333998,14235.915242783245
8467,767137.4479077271,0.0,767137.4479077271,767137.4479077271,14454.846011916447
8468,738502.9513449869,0.0,738502.9513449869,738502.9513449869,13956.87911670735
8469,755109.2920535216,0.0,755109.2920535216,755109.2920535216,14245.895849018378
8470,747988.7616587176,0.0,747988.7616587176,747988.7616587176,14122.026318505565
8471,661293.1199615818,0.0,661293.1199615818,661293.1199615818,12603.182963641966
8472,717030.679956751,0.0,717030.679956751,717030.679956751,13581.971446723854
8473,711461.5511616513,0.0,711461.5511616513,711461.5511616513,13484.533251471004
8474,750761.0679165708,0.0,750761.0679165708,750761.0679165708,14170.168495009088
8475,719658.2716814381,0.0,719658.2716814381,719658.2716814381,13627.837999037021
8476,591819.865972477,0.0,591819.865972477,591819.865972477,11370.699261043266
8477,671715.7356270445,0.0,671715.7356270445,671715.7356270445,12786.745325887148
8478,728566.6649029145,0.0,728566.6649029145,728566.6649029145,13783.36094863491
8479,733593.1752227483,0.0,733593.1752227483,733593.1752227483,13871.03491723873
8480,1109253.6004374223,0.0,1109253.6004374223,1109253.6004374223,20250.715110125428
8481,721113.0849374064,0.0,721113.0849374064,721113.0849374064,13653.127704239778
8482,747708.2080326172,0.0,747708.2080326172,747708.2080326172,14116.868277967607
8483,662066.8441791127,0.0,662066.8441791127,662066.8441791127,12616.580837789164
8484,658293.8969885366,0.0,658293.8969885366,658293.8969885366,12550.000001642798
8485,1324408.5443461682,0.0,1324408.5443461682,1324408.5443461682,23768.42594171182
8486,433700.34493633546,0.0,433700.34493633546,433700.34493633546,8509.33924184582
8487,708847.1864226197,0.0,708847.1864226197,708847.1864226197,13438.46570485701
8488,341337.2553074448,0.0,341337.2553074448,341337.2553074448,6796.378822362472
8489,356757.6366621917,0.0,356757.6366621917,356757.6366621917,7084.770164533265
8490,313308.6484238071,0.0,313308.6484238071,313308.6484238071,6269.440501181768
8491,238073.7842238175,0.0,238073.7842238175,238073.7842238175,4835.808199141476
8492,203023.4561316942,0.0,203023.4561316942,203023.4561316942,4148.608598676127
8493,170892.97681202713,0.0,170892.97681202713,170892.97681202713,3490.1202320709176
8494,104564.82993896492,0.0,104564.82993896492,104564.82993896492,2136.478555723943
8495,39784.05049784553,0.0,39784.05049784553,39784.05049784553,817.0959492826476
8496,0.0,0.0,0.0,0.0,-0.0
8497,0.0,0.0,0.0,0.0,-0.0
8498,0.0,0.0,0.0,0.0,-0.0
8499,0.0,0.0,0.0,0.0,-0.0
8500,26562.658229394216,0.0,26562.658229394216,26562.658229394216,448.1003128665576
8501,108423.6725987015,0.0,108423.6725987015,108423.6725987015,1918.484777621727
8502,186786.42941256572,0.0,186786.42941256572,186786.42941256572,3549.083084196504
8503,243430.9990141797,0.0,243430.9990141797,243430.9990141797,4826.9166526219105
8504,256401.7521099796,0.0,256401.7521099796,256401.7521099796,5187.410902627533
8505,323331.94486943836,0.0,323331.94486943836,323331.94486943836,6457.691159814594
8506,275617.1617312231,0.0,275617.1617312231,275617.1617312231,5554.440862831421
8507,228851.1643149786,0.0,228851.1643149786,228851.1643149786,4657.442145524174
8508,198186.6877660391,0.0,198186.6877660391,198186.6877660391,4045.7216653826904
8509,183980.53959008196,0.0,183980.53959008196,183980.53959008196,3761.229597932727
8510,233298.92838210822,0.0,233298.92838210822,233298.92838210822,4636.085222291944
8511,282636.824946746,0.0,282636.824946746,282636.824946746,5687.930716209502
8512,532356.7778713648,0.0,532356.7778713648,532356.7778713648,10302.962761562678
8513,655845.4347890184,0.0,655845.4347890184,655845.4347890184,12505.294573449668
8514,718958.9732477171,0.0,718958.9732477171,718958.9732477171,13613.783258651958
8515,773968.8668217284,0.0,773968.8668217284,773968.8668217284,14571.163839016428
8516,752465.3692879075,0.0,752465.3692879075,752465.3692879075,14197.837465682956
8517,749225.9543118856,0.0,749225.9543118856,749225.9543118856,14141.473274044582
8518,781426.1509308494,0.0,781426.1509308494,781426.1509308494,14700.271902513929
8519,784041.6896557598,0.0,784041.6896557598,784041.6896557598,14745.52185154028
8520,781532.2995695343,0.0,781532.2995695343,781532.2995695343,14702.061712288414
8521,751435.643600357,0.0,751435.643600357,751435.643600357,14179.815312480612
8522,722265.0764696342,0.0,722265.0764696342,722265.0764696342,13671.371088096808
8523,707313.8650652342,0.0,707313.8650652342,707313.8650652342,13409.87814163455
8524,730713.9867014766,0.0,730713.9867014766,730713.9867014766,13818.81709090868
8525,722123.3011004424,0.0,722123.3011004424,722123.3011004424,13668.827709377703
8526,653688.4862564325,0.0,653688.4862564325,653688.4862564325,12466.947224255808
8527,738733.2447208905,0.0,738733.2447208905,738733.2447208905,13958.563137702762
8528,1322445.564623794,0.0,1322445.564623794,1322445.564623794,23733.55163302114
8529,1400000.0,0.0,1400000.0,1400000.0,24980.626665602314
8530,1400000.0,0.0,1400000.0,1400000.0,24980.585908490393
8531,852530.457338006,0.0,852530.457338006,852530.457338006,15924.588672673035
8532,482494.90079000033,0.0,482494.90079000033,482494.90079000033,9399.802399257753
8533,404686.399000339,0.0,404686.399000339,404686.399000339,7973.665193019357
8534,243080.38473017298,0.0,243080.38473017298,243080.38473017298,4931.426416846431
8535,249571.55166322607,0.0,249571.55166322607,249571.55166322607,5056.124223757135
8536,177568.5578504635,0.0,177568.5578504635,177568.5578504635,3627.9485305035328
8537,489401.30857589183,0.0,489401.30857589183,489401.30857589183,9238.147965585506
8538,436694.93760926573,0.0,436694.93760926573,436694.93760926573,8562.823942473382
8539,723776.2628395235,0.0,723776.2628395235,723776.2628395235,13697.209486294416
8540,658812.2315140797,0.0,658812.2315140797,658812.2315140797,12556.931283445192
8541,686410.5417191709,0.0,686410.5417191709,686410.5417191709,13042.741769605023
8542,787895.1393570988,0.0,787895.1393570988,787895.1393570988,14811.450339273604
8543,789567.4282295352,0.0,789567.4282295352,789567.4282295352,14840.345833578978
8544,787223.7929606858,0.0,787223.7929606858,787223.7929606858,14799.79018272641
8545,786879.5763958562,0.0,786879.5763958562,786879.5763958562,14793.811918648258
8546,787615.1426668409,0.0,787615.1426668409,787615.1426668409,14806.51101285264
8547,789458.0468392222,0.0,789458.0468392222,789458.0468392222,14838.357767092863
8548,789183.5074798495,0.0,789183.5074798495,789183.5074798495,14833.586304777242
8549,790645.1988807081,0.0,790645.1988807081,790645.1988807081,14858.835173712987
8550,791418.7052626051,0.0,791418.7052626051,791418.7052626051,14872.182873643009
8551,792407.6751046429,0.0,792407.6751046429,792407.6751046429,14889.253110760883
8552,1400000.0,0.0,1400000.0,1400000.0,24979.440181664708
8553,1400000.0,0.0,1400000.0,1400000.0,24979.399428418274
8554,1400000.0,0.0,1400000.0,1400000.0,24979.358675304797
8555,1400000.0,0.0,1400000.0,1400000.0,24979.317922324266
8556,1400000.0,0.0,1400000.0,1400000.0,24979.277169476678
8557,1400000.0,0.0,1400000.0,1400000.0,24979.236416762044
8558,1400000.0,0.0,1400000.0,1400000.0,24979.19566418035
8559,1400000.0,0.0,1400000.0,1400000.0,24979.154911731606
8560,886054.4376074383,0.0,886054.4376074383,886054.4376074383,16496.675629181762
8561,789655.4748305492,0.0,789655.4748305492,789655.4748305492,14841.422052830334
8562,791539.921223261,0.0,791539.921223261,791539.921223261,14873.976526430031
8563,791680.1205825051,0.0,791680.1205825051,791680.1205825051,14876.375716472878
8564,792218.5986282366,0.0,792218.5986282366,792218.5986282366,14885.658902569165
8565,788848.0214593539,0.0,788848.0214593539,788848.0214593539,14827.363189263546
8566,786862.2750299624,0.0,786862.2750299624,786862.2750299624,14792.995395069844
8567,779523.5501308703,0.0,779523.5501308703,779523.5501308703,14665.960176882569
8568,751449.1014099896,0.0,751449.1014099896,751449.1014099896,14178.757170233177
8569,701697.6769333254,0.0,701697.6769333254,701697.6769333254,13310.306297961273
8570,605097.1478887065,0.0,605097.1478887065,605097.1478887065,11604.509687165744
8571,398283.69895074767,0.0,398283.69895074767,398283.69895074767,7854.682636972181
8572,230485.60978455647,0.0,230485.60978455647,230485.60978455647,4688.3521138087945
8573,114355.75627907847,0.0,114355.75627907847,114355.75627907847,2336.0410769970176
8574,72131.93441094321,0.0,72131.93441094321,72131.93441094321,1476.3866327000828
8575,0.0,0.0,0.0,0.0,-0.0
8576,15826.133096076022,0.0,15826.133096076022,15826.133096076022,264.34862087200617
8577,1105773.4810649808,0.0,1105773.4810649808,1105773.4810649808,16976.5463446195
8578,1194523.0377277206,0.0,1194523.0377277206,1194523.0377277206,21649.105577456783
8579,1234918.3357807286,0.0,1234918.3357807286,1234918.3357807286,22309.45022774074
8580,1196572.351477569,0.0,1196572.351477569,1196572.351477569,21682.612887402087
8581,323647.31490659877,0.0,323647.31490659877,323647.31490659877,6462.139988514891
8582,1261441.4355438135,0.0,1261441.4355438135,1261441.4355438135,22741.24691898536
8583,1033534.974690737,0.0,1033534.974690737,1033534.974690737,18984.67001894283
8584,216913.2875205314,0.0,216913.2875205314,216913.2875205314,4425.304655440617
8585,379127.6045118564,0.0,379127.6045118564,379127.6045118564,7498.912081662144
8586,492456.8447226565,0.0,492456.8447226565,492456.8447226565,9579.146191265634
8587,503067.8680281177,0.0,503067.8680281177,503067.8680281177,9771.563443104169
8588,524028.7196215438,0.0,524028.7196215438,524028.7196215438,10150.575615984631
8589,613850.0583891545,0.0,613850.0583891545,613850.0583891545,11758.983527261773
8590,652348.4127428822,0.0,652348.4127428822,652348.4127428822,12440.919218537758
8591,630032.4552746351,0.0,630032.4552746351,630032.4552746351,12046.12194787809
8592,654032.2772012362,0.0,654032.2772012362,654032.2772012362,12470.608887244873
8593,698199.8930268914,0.0,698199.8930268914,698199.8930268914,13247.56052473992
8594,597474.5979982087,0.0,597474.5979982087,597474.5979982087,11467.497939640885
8595,625815.0917452266,0.0,625815.0917452266,625815.0917452266,11971.275283315623
8596,716948.7480569009,0.0,716948.7480569009,716948.7480569009,13575.686856293198
8597,764817.3563021341,0.0,764817.3563021341,764817.3563021341,14409.316123321667
8598,781253.6333198984,0.0,781253.6333198984,781253.6333198984,14694.153171490092
8599,776728.3263059895,0.0,776728.3263059895,776728.3263059895,14615.769789118485
8600,694740.0717505455,0.0,694740.0717505455,694740.0717505455,13186.742217562032
8601,579230.781954191,0.0,579230.781954191,579230.781954191,11141.784570666241
8602,299447.9639827643,0.0,299447.9639827643,299447.9639827643,6005.361298118074
8603,115195.49041973319,0.0,115195.49041973319,115195.49041973319,2352.0117430114733
8604,101499.64800872939,0.0,101499.64800872939,101499.64800872939,2076.273725639435
8605,136465.25033410062,0.0,136465.25033410062,136465.25033410062,2660.7616898591727
8606,95187.16662035858,0.0,95187.16662035858,95187.16662035858,1943.7467918929306
8607,161732.4665767545,0.0,161732.4665767545,161732.4665767545,3061.9779820562117
8608,263068.7463635279,0.0,263068.7463635279,263068.7463635279,5073.006841838779
8609,370718.5520220058,0.0,370718.5520220058,370718.5520220058,7341.894683268434
8610,621606.7168181821,0.0,621606.7168181821,621606.7168181821,11895.681045641308
8611,789893.192600064,0.0,789893.192600064,789893.192600064,14842.513326660373
8612,762305.2696353277,0.0,762305.2696353277,762305.2696353277,14364.60682609346
8613,792739.4058775078,0.0,792739.4058775078,792739.4058775078,14891.656495402234
8614,792739.4058775078,0.0,792739.4058775078,792739.4058775078,14891.63223407091
8615,790844.4155722401,0.0,790844.4155722401,790844.4155722401,14858.85900908704
8616,787138.5271629653,0.0,787138.5271629653,787138.5271629653,14794.76380878211
8617,792036.9486157016,0.0,792036.9486157016,792036.9486157016,14879.420800549415
8618,788426.0768421462,0.0,788426.0768421462,788426.0768421462,14816.979900749078
8619,715874.170000499,0.0,715874.170000499,715874.170000499,13555.671872663102
8620,498592.4115825305,0.0,498592.4115825305,498592.4115825305,9689.382661571663
8621,323801.36406656704,0.0,323801.36406656704,323801.36406656704,6464.231130202236
8622,443448.27693111554,0.0,443448.27693111554,443448.27693111554,8684.32873227493
8623,513021.38501509384,0.0,513021.38501509384,513021.38501509384,9950.59228763695
8624,367180.652884785,0.0,367180.652884785,367180.652884785,7275.865920056693
8625,362118.19158247527,0.0,362118.19158247527,362118.19158247527,7181.548139293495
8626,410057.6150469495,0.0,410057.6150469495,410057.6150469495,8070.408946125671
8627,312010.82189437206,0.0,312010.82189437206,312010.82189437206,6242.100924322844
8628,688200.030168245,0.0,688200.030168245,688200.030168245,13070.68466209144
8629,210264.87080667992,0.0,210264.87080667992,210264.87080667992,4287.164976253277
8630,1083767.9578298,0.0,1083767.9578298,1083767.9578298,19669.969626332066
8631,140097.4563286291,0.0,140097.4563286291,140097.4563286291,2863.7177811334077
8632,144810.100961284,0.0,144810.100961284,144810.100961284,2931.420003161983
8633,185807.53485286952,0.0,185807.53485286952,185807.53485286952,3662.8822162402575
8634,166183.83554644804,0.0,166183.83554644804,166183.83554644804,3397.096126863995
8635,130714.2620026122,0.0,130714.2620026122,130714.2620026122,2672.26271742152
8636,69514.643327568,0.0,69514.643327568,69514.643327568,1425.204936285194
8637,44040.34317610785,0.0,44040.34317610785,44040.34317610785,899.4514232045581
8638,34292.82002357667,0.0,34292.82002357667,34292.82002357667,699.2942076020203
8639,15628.967203141607,0.0,15628.967203141607,15628.967203141607,313.4678977192482
8640,0.0,0.0,0.0,0.0,-0.0
8641,23150.448952883442,0.0,23150.448952883442,23150.448952883442,393.34393146230843
8642,33619.05874378547,0.0,33619.05874378547,33619.05874378547,648.1420899474749
8643,79031.21653835957,0.0,79031.21653835957,79031.21653835957,1451.3862421501622
8644,85618.19312309119,0.0,85618.19312309119,85618.19312309119,1747.78581374164
8645,99259.93425313677,0.0,99259.93425313677,99259.93425313677,1964.8922939062104
8646,129746.46541412952,0.0,129746.46541412952,129746.46541412952,2551.5278829392214
8647,267509.71241064864,0.0,267509.71241064864,267509.71241064864,5030.895021522486
8648,353232.99322009436,0.0,353232.99322009436,353232.99322009436,7014.9191206090745
8649,416246.3152453659,0.0,416246.3152453659,416246.3152453659,8183.51750751761
8650,1400000.0,0.0,1400000.0,1400000.0,24970.936614755978
8651,1400000.0,0.0,1400000.0,1400000.0,24970.895889233216
8652,1400000.0,0.0,1400000.0,1400000.0,24970.855163843265
8653,1008779.4852770654,0.0,1008779.4852770654,1008779.4852770654,18565.739191524186
8654,1400000.0,0.0,1400000.0,1400000.0,24970.775006557895
8655,1400000.0,0.0,1400000.0,1400000.0,24970.73428156216
8656,990739.4058775078,0.0,990739.4058775078,990739.4058775078,18262.797861350304
8657,792739.4058775078,0.0,792739.4058775078,792739.4058775078,14889.443596868623
8658,792739.4058775078,0.0,792739.4058775078,792739.4058775078,14889.419342740386
8659,792739.4058775078,0.0,792739.4058775078,792739.4058775078,14889.395088691126
8660,792739.4058775078,0.0,792739.4058775078,792739.4058775078,14889.370834720836
8661,792739.4058775078,0.0,792739.4058775078,792739.4058775078,14889.346580829522
8662,792739.4058775078,0.0,792739.4058775078,792739.4058775078,14889.322327017178
8663,791935.7196552039,0.0,791935.7196552039,791935.7196552039,14875.41195735475
8664,787499.1470132007,0.0,787499.1470132007,787499.1470132007,14798.703013115208
8665,769318.220928066,0.0,769318.220928066,769318.220928066,14483.901640038768
8666,719466.9107484532,0.0,719466.9107484532,719466.9107484532,13616.351343791082
8667,692342.0995565954,0.0,692342.0995565954,692342.0995565954,13141.504479165458
8668,706894.901269032,0.0,706894.901269032,706894.901269032,13396.480867178916
8669,736388.6194542276,0.0,736388.6194542276,736388.6194542276,13911.496268235605
8670,783013.7788617794,0.0,783013.7788617794,783013.7788617794,14720.980704346326
8671,787138.355153835,0.0,787138.355153835,787138.355153835,14792.29678744086
8672,1400000.0,0.0,1400000.0,1400000.0,24970.076508986367
8673,1400000.0,0.0,1400000.0,1400000.0,24970.035786268538
8674,1400000.0,0.0,1400000.0,1400000.0,24969.995063683506
8675,1400000.0,0.0,1400000.0,1400000.0,24969.954341231274
8676,1400000.0,0.0,1400000.0,1400000.0,24969.913618911833
8677,1400000.0,0.0,1400000.0,1400000.0,24969.872896725195
8678,1400000.0,0.0,1400000.0,1400000.0,24969.832174671363
8679,1400000.0,0.0,1400000.0,1400000.0,24969.791452750316
8680,988529.2613541312,0.0,988529.2613541312,988529.2613541312,18224.934036083738
8681,791399.3067336598,0.0,791399.3067336598,791399.3067336598,14865.69682010511
8682,792606.5898421669,0.0,792606.5898421669,792606.5898421669,14886.53250689377
8683,792739.4058775078,0.0,792739.4058775078,792739.4058775078,14888.802875351968
8684,792739.4058775078,0.0,792739.4058775078,792739.4058775078,14888.778623309909
8685,792739.4058775078,0.0,792739.4058775078,792739.4058775078,14888.754371346811
8686,792739.4058775078,0.0,792739.4058775078,792739.4058775078,14888.730119462674
8687,788492.439504933,0.0,788492.439504933,788492.439504933,14815.310706452286
8688,784020.8555007761,0.0,784020.8555007761,784020.8555007761,14737.960041825156
8689,791342.4115214682,0.0,791342.4115214682,791342.4115214682,14864.519977886543
8690,792739.4058775078,0.0,792739.4058775078,792739.4058775078,14888.633149209594
8691,792739.4058775078,0.0,792739.4058775078,792739.4058775078,14888.608897720142
8692,792739.4058775078,0.0,792739.4058775078,792739.4058775078,14888.584646309651
8693,792739.4058775078,0.0,792739.4058775078,792739.4058775078,14888.560394978116
8694,792739.4058775078,0.0,792739.4058775078,792739.4058775078,14888.536143725536
8695,792739.4058775078,0.0,792739.4058775078,792739.4058775078,14888.511892551924
8696,798363.0724692885,0.0,798363.0724692885,798363.0724692885,14985.60284076843
8697,870769.1857438402,0.0,870769.1857438402,870769.1857438402,16228.924908134843
8698,937892.4047032822,0.0,937892.4047032822,937892.4047032822,17370.256045589238
8699,1015927.851027402,0.0,1015927.851027402,1015927.851027402,18684.15709276291
8700,972890.0396865985,0.0,972890.0396865985,972890.0396865985,17961.161374187268
8701,980775.7025915866,0.0,980775.7025915866,980775.7025915866,18093.90580365881
8702,810467.8522572842,0.0,810467.8522572842,810467.8522572842,15194.21917967309
8703,677285.2127317915,0.0,677285.2127317915,677285.2127317915,12876.284854633896
8704,786823.540383767,0.0,786823.540383767,786823.540383767,14786.045221164984
8705,792739.4058775078,0.0,792739.4058775078,792739.4058775078,14888.267686257941
8706,792739.4058775078,0.0,792739.4058775078,792739.4058775078,14888.243435958373
8707,791847.8966153187,0.0,791847.8966153187,791847.8966153187,14872.816578634269
8708,791324.0208540814,0.0,791324.0208540814,791324.0208540814,14863.740422045477
8709,788601.6044338018,0.0,788601.6044338018,788601.6044338018,14816.6650141539
8710,788575.3287644228,0.0,788575.3287644228,788575.3287644228,14816.18667028248
8711,787327.0765964488,0.0,787327.0765964488,787327.0765964488,14794.58281119181
8712,775756.5778445298,0.0,775756.5778445298,775756.5778445298,14594.33907375706
8713,724532.6463986473,0.0,724532.6463986473,724532.6463986473,13703.739777434841
8714,498787.7671073169,0.0,498787.7671073169,498787.7671073169,9690.608149529302
8715,251809.12210281083,0.0,251809.12210281083,251809.12210281083,5096.262533576677
8716,119335.42926595961,0.0,119335.42926595961,119335.42926595961,2441.3963693374076
8717,47122.0893537985,0.0,47122.0893537985,47122.0893537985,958.7303915199045
8718,0.0,0.0,0.0,0.0,-0.0
8719,0.0,0.0,0.0,0.0,-0.0
8720,88721.39326972912,0.0,88721.39326972912,88721.39326972912,1514.6096922040394
8721,146401.45823117677,0.0,146401.45823117677,146401.45823117677,2795.260052200799
8722,310862.65351690317,0.0,310862.65351690317,310862.65351690317,5890.378404689078
8723,202377.61271899877,0.0,202377.61271899877,202377.61271899877,4132.805859640746
8724,397394.4024766851,0.0,397394.4024766851,397394.4024766851,7775.0035902098025
8725,439313.67736178264,0.0,439313.67736178264,439313.67736178264,8605.70401119573
8726,72085.64645210537,0.0,72085.64645210537,72085.64645210537,1474.7562903275812
8727,28722.430062154886,0.0,28722.430062154886,28722.430062154886,578.4889811700218
8728,0.0,0.0,0.0,0.0,-0.0
8729,0.0,0.0,0.0,0.0,-0.0
8730,0.0,0.0,0.0,0.0,-0.0
8731,0.0,0.0,0.0,0.0,-0.0
8732,0.0,0.0,0.0,0.0,-0.0
8733,0.0,0.0,0.0,0.0,-0.0
8734,0.0,0.0,0.0,0.0,-0.0
8735,0.0,0.0,0.0,0.0,-0.0
8736,35610.3582575263,0.0,35610.3582575263,35610.3582575263,603.674856185343
8737,68031.35332867326,0.0,68031.35332867326,68031.35332867326,1262.997298792248
8738,121414.04464718724,0.0,121414.04464718724,121414.04464718724,2309.468524628304
8739,134213.1859474373,0.0,134213.1859474373,134213.1859474373,2704.112959940711
8740,186385.18234538415,0.0,186385.18234538415,186385.18234538415,3605.743969409043
8741,278416.42742498865,0.0,278416.42742498865,278416.42742498865,5476.777250709115
8742,203279.33410567231,0.0,203279.33410567231,203279.33410567231,4149.93056389536
8743,168771.1337638515,0.0,168771.1337638515,168771.1337638515,3445.9818886645226
8744,850427.5312919341,0.0,850427.5312919341,850427.5312919341,15279.326979556625
8745,1098364.602797403,0.0,1098364.602797403,1098364.602797403,20053.57656702067
8746,105878.13368684129,0.0,105878.13368684129,105878.13368684129,2169.8826020458987
8747,374784.7773991485,0.0,374784.7773991485,374784.7773991485,6798.328641823158
8748,302822.37037205236,0.0,302822.37037205236,302822.37037205236,6065.6591926026085
8749,105686.57340543832,0.0,105686.57340543832,105686.57340543832,2166.138358403714
8750,956363.52076199,0.0,956363.52076199,956363.52076199,16209.571741209917
8751,11134.84485239273,0.0,11134.84485239273,11134.84485239273,227.53390189628524
8752,0.0,0.0,0.0,0.0,-0.0
8753,49135.336465599794,0.0,49135.336465599794,49135.336465599794,840.3101648045168
8754,273571.6321382119,0.0,273571.6321382119,273571.6321382119,4801.7894943121
8755,343009.7140144595,0.0,343009.7140144595,343009.7140144595,6820.471210373543
8756,304715.8369368128,0.0,304715.8369368128,304715.8369368128,6100.66011320943
8757,410879.07048560376,0.0,410879.07048560376,410879.07048560376,8080.705304870158
8758,368359.1606799698,0.0,368359.1606799698,368359.1606799698,7293.354623382866
8759,387597.12193717516,0.0,387597.12193717516,387597.12193717516,7650.460302641513
