,Energy to electrolyzer (kWh),Energy from grid (kWh),Energy from renewables (kWh),Total energy (kWh),Hydrogen Hourly production (kg)
0,454261.8140361828,254861.71196107898,199400.10207510384,454261.8140361828,8366.316447324267
1,454262.5749771121,281255.47558278404,173007.09939432805,454262.5749771121,8366.316447324267
2,454263.33591804164,283983.21161727025,170280.12430077136,454263.33591804164,8366.316447324267
3,454264.09685897105,304586.46281203907,149677.63404693195,454264.09685897105,8366.316447324267
4,454264.85779990046,295327.7958021143,158937.06199778616,454264.85779990046,8366.316447324267
5,454265.6187408299,316935.9115414823,137329.70719934755,454265.6187408299,8366.316447324267
6,454266.37968175916,326763.46109754295,127502.91858421623,454266.37968175916,8366.316447324267
7,454267.1406226887,349841.14105964644,104425.99956304223,454267.1406226887,8366.316447324267
8,454267.9015636181,343272.8613423305,110995.04022128758,454267.9015636181,8366.316447324267
9,454268.6625045474,406836.6904425361,47431.97206201133,454268.6625045474,8366.316447324267
10,454269.42344547686,431322.9428909937,22946.48055448311,454269.42344547686,8366.316447324267
11,454270.1843864062,437159.43295623345,17110.751430172768,454270.1843864062,8366.316447324267
12,454270.9453273357,453873.8746022387,397.0707250969788,454270.9453273357,8366.316447324267
13,454271.7062682651,439011.74084869184,15259.965419573256,454271.7062682651,8366.316447324267
14,454272.46720919444,437255.9207456202,17016.54646357421,454272.46720919444,8366.316447324267
15,454273.22815012385,429093.42053137237,25179.80761875149,454273.22815012385,8366.316447324267
16,454273.98909105326,407071.34583351144,47202.64325754182,454273.98909105326,8366.316447324267
17,454274.7500319827,362056.71981308993,92218.03021889277,454274.7500319827,8366.316447324267
18,454275.5109729122,263283.38302238716,190992.127950525,454275.5109729122,8366.316447324267
19,454276.2719138414,266140.39238427073,188135.8795295707,454276.2719138414,8366.316447324267
20,454277.03285477095,207725.94932543524,246551.0835293357,454277.03285477095,8366.316447324267
21,454277.79379570024,222185.77815363667,232092.01564206358,454277.79379570024,8366.316447324267
22,454278.55473662965,238020.0946310083,216258.46010562134,454278.55473662965,8366.316447324267
23,454279.3156775591,175971.33073302545,278307.9849445337,454279.3156775591,8366.316447324267
24,454280.0766184884,168780.5185993192,285499.5580191692,454280.0766184884,8366.316447324267
25,454280.83755941794,148741.53693592257,305539.30062349536,454280.83755941794,8366.316447324267
26,454281.5985003473,148170.3538671059,306111.2446332414,454281.5985003473,8366.316447324267
27,454282.35944127664,138150.82425301435,316131.5351882623,454282.35944127664,8366.316447324267
28,454283.1203822061,82722.76668434031,371560.3536978658,454283.1203822061,8366.316447324267
29,454283.88132313546,63314.36265552719,390969.51866760827,454283.88132313546,8366.316447324267
30,454284.6422640649,10579.745425659232,443704.8968384057,454284.6422640649,8366.316447324267
31,478041.0657285161,0.0,478041.0657285161,478041.0657285161,8366.316447324267
32,480000.0,0.0,480000.0,480000.0,8366.316447324267
33,454286.92508685315,55562.44325624709,398724.48183060606,454286.92508685315,8366.316447324267
34,454287.6860277825,256666.0585278249,197621.6274999576,454287.6860277825,8366.316447324267
35,454288.44696871185,309825.2682117628,144463.17875694903,454288.44696871185,8366.316447324267
36,454289.20790964126,314370.1570818159,139919.05082782538,454289.20790964126,8366.316447324267
37,454289.9688505707,289983.3556223581,164306.61322821258,454289.9688505707,8366.316447324267
38,454290.7297915002,291140.5349312428,163150.19486025738,454290.7297915002,8366.316447324267
39,454291.49073242943,281956.71831442346,172334.772418006,454291.49073242943,8366.316447324267
40,454292.2516733589,197857.2415375381,256435.0101358208,454292.2516733589,8366.316447324267
41,454293.01261428825,69857.49880852527,384435.513805763,454293.01261428825,8366.316447324267
42,458616.45118789835,0.0,458616.45118789835,458616.45118789835,8366.316447324267
43,454294.53449614707,52754.52201674774,401540.01247939933,454294.53449614707,8366.316447324267
44,454295.2954370766,74749.03612968302,379546.2593073936,454295.2954370766,8366.316447324267
45,454296.05637800595,145668.19922858267,308627.8571494233,454296.05637800595,8366.316447324267
46,454296.81731893535,118880.00691567728,335416.8104032581,454296.81731893535,8366.316447324267
47,454297.5782598647,139712.75208188494,314584.82617797976,454297.5782598647,8366.316447324267
48,454298.3392007941,86129.34995767206,368168.98924312205,454298.3392007941,8366.316447324267
49,454299.1001417236,43278.21990566747,411020.8802360561,454299.1001417236,8366.316447324267
50,454299.8610826529,13244.221642797347,441055.6394398555,454299.8610826529,8366.316447324267
51,456731.10251486505,0.0,456731.10251486505,456731.10251486505,8366.316447324267
52,454301.38296451175,19869.73108125158,434431.6518832602,454301.38296451175,8366.316447324267
53,454302.1439054411,20582.483771450177,433719.6601339909,454302.1439054411,8366.316447324267
54,454302.9048463705,2479.7875804396463,451823.11726593086,454302.9048463705,8366.316447324267
55,454303.6657872999,86991.5392544826,367312.1265328173,454303.6657872999,8366.316447324267
56,454304.4267282293,217012.1235384347,237292.30318979456,454304.4267282293,8366.316447324267
57,454305.1876691588,155020.52673098474,299284.66093817406,454305.1876691588,8366.316447324267
58,454305.9486100882,260709.4514200641,193596.4971900241,454305.9486100882,8366.316447324267
59,454306.70955101756,265180.8655315848,189125.84401943278,454306.70955101756,8366.316447324267
60,454307.47049194697,297991.3184932455,156316.15199870145,454307.47049194697,8366.316447324267
61,454308.2314328763,317060.1723983884,137248.05903448793,454308.2314328763,8366.316447324267
62,454308.9923738058,290776.43542919774,163532.55694460805,454308.9923738058,8366.316447324267
63,454309.7533147351,280410.16028924624,173899.59302548884,454309.7533147351,8366.316447324267
64,454310.5142556646,233036.65890645387,221273.85534921073,454310.5142556646,8366.316447324267
65,454311.27519659395,201643.0990354849,252668.17616110906,454311.27519659395,8366.316447324267
66,454312.0361375233,265134.38609496504,189177.65004255826,454312.0361375233,8366.316447324267
67,454312.7970784528,48458.20898617478,405854.588092278,454312.7970784528,8366.316447324267
68,454313.55801938206,46647.97200299305,407665.586016389,454313.55801938206,8366.316447324267
69,454314.3189603115,27260.925561918935,427053.39339839254,454314.3189603115,8366.316447324267
70,454315.079901241,51952.28839415754,402362.79150708346,454315.079901241,8366.316447324267
71,454315.84084217035,18452.758214152534,435863.0826280178,454315.84084217035,8366.316447324267
72,472044.65820047614,0.0,472044.65820047614,472044.65820047614,8366.316447324267
73,480000.0,0.0,480000.0,480000.0,8366.316447324267
74,480000.0,0.0,480000.0,480000.0,8366.316447324267
75,480000.0,0.0,480000.0,480000.0,8366.316447324267
76,480000.0,0.0,480000.0,480000.0,8366.316447324267
77,480000.0,0.0,480000.0,480000.0,8366.316447324267
78,480000.0,0.0,480000.0,480000.0,8366.316447324267
79,480000.0,0.0,480000.0,480000.0,8366.316447324267
80,480000.0,0.0,480000.0,480000.0,8366.316447324267
81,480000.0,0.0,480000.0,480000.0,8366.316447324267
82,454324.21119239373,6498.392281203007,447825.8189111907,454324.21119239373,8366.316447324267
83,454324.9721333232,81349.4180737547,372975.5540595685,454324.9721333232,8366.316447324267
84,454325.7330742526,101467.27042325452,352858.4626509981,454325.7330742526,8366.316447324267
85,454326.4940151821,86887.04037984833,367439.45363533375,454326.4940151821,8366.316447324267
86,454327.25495611137,82638.2063940473,371689.04856206407,454327.25495611137,8366.316447324267
87,454328.0158970408,98962.3508431848,355365.665053856,454328.0158970408,8366.316447324267
88,454328.77683797025,8250.18900745886,446078.5878305114,454328.77683797025,8366.316447324267
89,480000.0,0.0,480000.0,480000.0,8366.316447324267
90,480000.0,0.0,480000.0,480000.0,8366.316447324267
91,480000.0,0.0,480000.0,480000.0,8366.316447324267
92,480000.0,0.0,480000.0,480000.0,8366.316447324267
93,463080.3909963593,0.0,463080.3909963593,463080.3909963593,8366.316447324267
94,480000.0,0.0,480000.0,480000.0,8366.316447324267
95,454334.10342447594,38227.73568163073,416106.3677428452,454334.10342447594,8366.316447324267
96,454334.8643654054,146387.4618200439,307947.4025453615,454334.8643654054,8366.316447324267
97,454335.6253063348,67593.37072509935,386742.25458123547,454335.6253063348,8366.316447324267
98,454336.3862472642,101691.07941892243,352645.3068283418,454336.3862472642,8366.316447324267
99,454337.14718819363,208544.29891460662,245792.848273587,454337.14718819363,8366.316447324267
100,454337.90812912304,197598.68916974636,256739.21895937668,454337.90812912304,8366.316447324267
101,454338.66907005245,134274.7315229266,320063.93754712585,454338.66907005245,8366.316447324267
102,454339.43001098186,108688.19787527173,345651.23213571013,454339.43001098186,8366.316447324267
103,466770.82041458343,0.0,466770.82041458343,466770.82041458343,8366.316447324267
104,480000.0,0.0,480000.0,480000.0,8366.316447324267
105,463623.81435174844,0.0,463623.81435174844,463623.81435174844,8366.316447324267
106,454342.4737746995,1627.196198353311,452715.2775763462,454342.4737746995,8366.316447324267
107,454343.23471562885,142214.29805988638,312128.93665574247,454343.23471562885,8366.316447324267
108,454343.99565655814,253458.9932478418,200885.00240871633,454343.99565655814,8366.316447324267
109,454344.75659748766,200271.3590330765,254073.39756441116,454344.75659748766,8366.316447324267
110,454345.517538417,40890.13486375689,413455.3826746601,454345.517538417,8366.316447324267
111,454346.27847934654,34014.436239119386,420331.84224022715,454346.27847934654,8366.316447324267
112,480000.0,0.0,480000.0,480000.0,8366.316447324267
113,480000.0,0.0,480000.0,480000.0,8366.316447324267
114,480000.0,0.0,480000.0,480000.0,8366.316447324267
115,480000.0,0.0,480000.0,480000.0,8366.316447324267
116,480000.0,0.0,480000.0,480000.0,8366.316447324267
117,480000.0,0.0,480000.0,480000.0,8366.316447324267
118,471685.97043050407,0.0,471685.97043050407,471685.97043050407,8366.316447324267
119,454352.3660067817,18292.41533983877,436059.9506669429,454352.3660067817,8366.316447324267
120,454353.1269477111,912.228681136854,453440.89826657425,454353.1269477111,8366.316447324267
121,454353.8878886404,26432.960308447597,427920.9275801928,454353.8878886404,8366.316447324267
122,454354.64882956987,24346.38436127227,430008.2644682976,454354.64882956987,8366.316447324267
123,454355.4097704992,30149.690774253046,424205.71899624617,454355.4097704992,8366.316447324267
124,454356.17071142874,11628.025452550151,442728.1452588786,454356.17071142874,8366.316447324267
125,454356.9316523581,7175.4135608487995,447181.5180915093,454356.9316523581,8366.316447324267
126,454357.69259328744,13410.89646746125,440946.7961258262,454357.69259328744,8366.316447324267
127,480000.0,0.0,480000.0,480000.0,8366.316447324267
128,480000.0,0.0,480000.0,480000.0,8366.316447324267
129,454359.9754160757,168753.52915681974,285606.4462592559,454359.9754160757,8366.316447324267
130,454360.73635700514,199661.35863059168,254699.37772641346,454360.73635700514,8366.316447324267
131,454361.49729793443,239443.69470799476,214917.80258993967,454361.49729793443,8366.316447324267
132,454362.2582388639,316415.1367171346,137947.1215217293,454362.2582388639,8366.316447324267
133,454363.0191797933,358840.982961935,95522.03621785832,454363.0191797933,8366.316447324267
134,454363.78012072266,377724.8282083345,76638.95191238815,454363.78012072266,8366.316447324267
135,454364.54106165207,381042.1465716178,73322.39449003428,454364.54106165207,8366.316447324267
136,454365.3020025815,368569.3142962858,85795.98770629567,454365.3020025815,8366.316447324267
137,454366.06294351094,272956.71922355227,181409.34371995868,454366.06294351094,8366.316447324267
138,454366.82388444035,317925.26585383696,136441.5580306034,454366.82388444035,8366.316447324267
139,454367.58482536965,279833.275760973,174534.3090643967,454367.58482536965,8366.316447324267
140,454368.3457662991,304911.6901611739,149456.65560512524,454368.3457662991,8366.316447324267
141,454369.1067072285,273238.68312513514,181130.42358209338,454369.1067072285,8366.316447324267
142,454369.86764815793,219118.27417536912,235251.5934727888,454369.86764815793,8366.316447324267
143,454370.6285890873,162537.60863225133,291833.01995683595,454370.6285890873,8366.316447324267
144,454371.3895300167,39483.64596271876,414887.74356729793,454371.3895300167,8366.316447324267
145,480000.0,0.0,480000.0,480000.0,8366.316447324267
146,480000.0,0.0,480000.0,480000.0,8366.316447324267
147,480000.0,0.0,480000.0,480000.0,8366.316447324267
148,480000.0,0.0,480000.0,480000.0,8366.316447324267
149,480000.0,0.0,480000.0,480000.0,8366.316447324267
150,480000.0,0.0,480000.0,480000.0,8366.316447324267
151,480000.0,0.0,480000.0,480000.0,8366.316447324267
152,480000.0,0.0,480000.0,480000.0,8366.316447324267
153,480000.0,0.0,480000.0,480000.0,8366.316447324267
154,480000.0,0.0,480000.0,480000.0,8366.316447324267
155,480000.0,0.0,480000.0,480000.0,8366.316447324267
156,480000.0,0.0,480000.0,480000.0,8366.316447324267
157,480000.0,0.0,480000.0,480000.0,8366.316447324267
158,477530.70386832947,0.0,477530.70386832947,477530.70386832947,8366.316447324267
159,475674.9101006532,0.0,475674.9101006532,475674.9101006532,8366.316447324267
160,480000.0,0.0,480000.0,480000.0,8366.316447324267
161,480000.0,0.0,480000.0,480000.0,8366.316447324267
162,480000.0,0.0,480000.0,480000.0,8366.316447324267
163,480000.0,0.0,480000.0,480000.0,8366.316447324267
164,480000.0,0.0,480000.0,480000.0,8366.316447324267
165,480000.0,0.0,480000.0,480000.0,8366.316447324267
166,480000.0,0.0,480000.0,480000.0,8366.316447324267
167,465913.6155581156,0.0,465913.6155581156,465913.6155581156,8366.316447324267
168,454389.65211232234,89906.63683811249,364483.01527420984,454389.65211232234,8366.316447324267
169,454390.41305325186,42105.15665490378,412285.2563983481,454390.41305325186,8366.316447324267
170,454391.1739941811,99043.85882460803,355347.31516957306,454391.1739941811,8366.316447324267
171,454391.9349351106,223868.5244080555,230523.41052705512,454391.9349351106,8366.316447324267
172,454392.69587604003,250368.5332166425,204024.16265939752,454392.69587604003,8366.316447324267
173,454393.4568169693,225503.98338877075,228889.47342819857,454393.4568169693,8366.316447324267
174,454394.2177578988,256597.12473757417,197797.09302032462,454394.2177578988,8366.316447324267
175,454394.97869882814,188941.6209578581,265453.35774097004,454394.97869882814,8366.316447324267
176,454395.73963975755,120527.40855245292,333868.3310873046,454395.73963975755,8366.316447324267
177,454396.500580687,156590.50391704036,297805.99666364666,454396.500580687,8366.316447324267
178,454397.2615216164,339106.384622008,115290.8768996084,454397.2615216164,8366.316447324267
179,454398.02246254584,333435.4241743962,120962.59828814963,454398.02246254584,8366.316447324267
180,454398.7834034752,229956.45319071232,224442.33021276287,454398.7834034752,8366.316447324267
181,454399.5443444046,122682.16614788701,331717.3781965176,454399.5443444046,8366.316447324267
182,454400.30528533406,54662.82799583423,399737.47728949983,454400.30528533406,8366.316447324267
183,480000.0,0.0,480000.0,480000.0,8366.316447324267
184,480000.0,0.0,480000.0,480000.0,8366.316447324267
185,480000.0,0.0,480000.0,480000.0,8366.316447324267
186,480000.0,0.0,480000.0,480000.0,8366.316447324267
187,480000.0,0.0,480000.0,480000.0,8366.316447324267
188,480000.0,0.0,480000.0,480000.0,8366.316447324267
189,480000.0,0.0,480000.0,480000.0,8366.316447324267
190,480000.0,0.0,480000.0,480000.0,8366.316447324267
191,480000.0,0.0,480000.0,480000.0,8366.316447324267
192,480000.0,0.0,480000.0,480000.0,8366.316447324267
193,480000.0,0.0,480000.0,480000.0,8366.316447324267
194,480000.0,0.0,480000.0,480000.0,8366.316447324267
195,480000.0,0.0,480000.0,480000.0,8366.316447324267
196,480000.0,0.0,480000.0,480000.0,8366.316447324267
197,480000.0,0.0,480000.0,480000.0,8366.316447324267
198,480000.0,0.0,480000.0,480000.0,8366.316447324267
199,480000.0,0.0,480000.0,480000.0,8366.316447324267
200,480000.0,0.0,480000.0,480000.0,8366.316447324267
201,454414.7631629926,33519.89288290206,420894.87028009054,454414.7631629926,8366.316447324267
202,454415.52410392195,196528.76170850196,257886.76239542,454415.52410392195,8366.316447324267
203,454416.2850448514,86361.36600722536,368054.91903762607,454416.2850448514,8366.316447324267
204,454417.0459857809,23227.045866823813,431190.0001189571,454417.0459857809,8366.316447324267
205,454417.8069267103,38021.03251937375,416396.77440733655,454417.8069267103,8366.316447324267
206,454418.56786763965,57150.4804791896,397268.08738845005,454418.56786763965,8366.316447324267
207,454419.328808569,181453.57652904105,272965.75227952795,454419.328808569,8366.316447324267
208,454420.0897494985,80453.82359538006,373966.26615411846,454420.0897494985,8366.316447324267
209,454420.8506904279,6043.551438645285,448377.2992517826,454420.8506904279,8366.316447324267
210,454421.6116313573,50668.93190646393,403752.67972489336,454421.6116313573,8366.316447324267
211,454422.37257228675,293257.43745839933,161164.9351138874,454422.37257228675,8366.316447324267
212,454423.133513216,348413.6653424378,106009.46817077817,454423.133513216,8366.316447324267
213,454423.8944541455,437797.041083689,16626.853370456512,454423.8944541455,8366.316447324267
214,454424.6553950748,454424.6553950748,0.0,454424.6553950748,8366.316447324267
215,454425.41633600416,454425.41633600416,0.0,454425.41633600416,8366.316447324267
216,454426.1772769337,417733.61252930434,36692.564747629345,454426.1772769337,8366.316447324267
217,454426.93821786303,389634.9175893278,64792.020628535254,454426.93821786303,8366.316447324267
218,454427.6991587925,242772.95031174243,211654.74884705007,454427.6991587925,8366.316447324267
219,454428.4600997219,84787.56751459587,369640.89258512604,454428.4600997219,8366.316447324267
220,454429.2210406512,209288.2418071251,245140.9792335261,454429.2210406512,8366.316447324267
221,463204.14362500847,0.0,463204.14362500847,463204.14362500847,8366.316447324267
222,480000.0,0.0,480000.0,480000.0,8366.316447324267
223,480000.0,0.0,480000.0,480000.0,8366.316447324267
224,480000.0,0.0,480000.0,480000.0,8366.316447324267
225,480000.0,0.0,480000.0,480000.0,8366.316447324267
226,480000.0,0.0,480000.0,480000.0,8366.316447324267
227,454434.54762715707,37934.54910233925,416499.9985248178,454434.54762715707,8366.316447324267
228,454435.3085680864,96368.60586456023,358066.7027035262,454435.3085680864,8366.316447324267
229,454436.0695090159,88433.68852026283,366002.38098875305,454436.0695090159,8366.316447324267
230,454436.8304499453,2851.3553430475877,451585.4751068977,454436.8304499453,8366.316447324267
231,475949.6627096621,0.0,475949.6627096621,475949.6627096621,8366.316447324267
232,480000.0,0.0,480000.0,480000.0,8366.316447324267
233,480000.0,0.0,480000.0,480000.0,8366.316447324267
234,480000.0,0.0,480000.0,480000.0,8366.316447324267
235,480000.0,0.0,480000.0,480000.0,8366.316447324267
236,480000.0,0.0,480000.0,480000.0,8366.316447324267
237,480000.0,0.0,480000.0,480000.0,8366.316447324267
238,454442.91797738045,29248.554324210563,425194.3636531699,454442.91797738045,8366.316447324267
239,480000.0,0.0,480000.0,480000.0,8366.316447324267
240,454444.4398592393,23184.714850564313,431259.725008675,454444.4398592393,8366.316447324267
241,460861.56081597845,0.0,460861.56081597845,460861.56081597845,8366.316447324267
242,454445.9617410981,29232.46088374895,425213.50085734914,454445.9617410981,8366.316447324267
243,475907.14936796366,0.0,475907.14936796366,475907.14936796366,8366.316447324267
244,454447.48362295696,138662.2992532812,315785.18436967576,454447.48362295696,8366.316447324267
245,454448.2445638863,88378.44154453691,366069.8030193494,454448.2445638863,8366.316447324267
246,454449.0055048157,233736.03863839761,220712.9668664181,454449.0055048157,8366.316447324267
247,454449.76644574513,148169.8896698961,306279.876775849,454449.76644574513,8366.316447324267
248,454450.52738667454,115844.60441054858,338605.92297612596,454450.52738667454,8366.316447324267
249,454451.28832760395,7498.7500030383235,446952.5383245656,454451.28832760395,8366.316447324267
250,480000.0,0.0,480000.0,480000.0,8366.316447324267
251,480000.0,0.0,480000.0,480000.0,8366.316447324267
252,480000.0,0.0,480000.0,480000.0,8366.316447324267
253,480000.0,0.0,480000.0,480000.0,8366.316447324267
254,480000.0,0.0,480000.0,480000.0,8366.316447324267
255,480000.0,0.0,480000.0,480000.0,8366.316447324267
256,480000.0,0.0,480000.0,480000.0,8366.316447324267
257,480000.0,0.0,480000.0,480000.0,8366.316447324267
258,480000.0,0.0,480000.0,480000.0,8366.316447324267
259,480000.0,0.0,480000.0,480000.0,8366.316447324267
260,480000.0,0.0,480000.0,480000.0,8366.316447324267
261,480000.0,0.0,480000.0,480000.0,8366.316447324267
262,480000.0,0.0,480000.0,480000.0,8366.316447324267
263,480000.0,0.0,480000.0,480000.0,8366.316447324267
264,480000.0,0.0,480000.0,480000.0,8366.316447324267
265,480000.0,0.0,480000.0,480000.0,8366.316447324267
266,480000.0,0.0,480000.0,480000.0,8366.316447324267
267,480000.0,0.0,480000.0,480000.0,8366.316447324267
268,480000.0,0.0,480000.0,480000.0,8366.316447324267
269,480000.0,0.0,480000.0,480000.0,8366.316447324267
270,480000.0,0.0,480000.0,480000.0,8366.316447324267
271,480000.0,0.0,480000.0,480000.0,8366.316447324267
272,480000.0,0.0,480000.0,480000.0,8366.316447324267
273,478259.3705000625,0.0,478259.3705000625,478259.3705000625,8366.316447324267
274,454470.31185083895,75366.0412137456,379104.27063709334,454470.31185083895,8366.316447324267
275,480000.0,0.0,480000.0,480000.0,8366.316447324267
276,454471.8337326978,104788.05334492057,349683.78038777725,454471.8337326978,8366.316447324267
277,454472.5946736271,93013.43861407088,361459.15605955623,454472.5946736271,8366.316447324267
278,454473.3556145566,278419.29047778866,176054.06513676795,454473.3556145566,8366.316447324267
279,454474.116555486,252616.7410370029,201857.37551848308,454474.116555486,8366.316447324267
280,454474.8774964153,308139.5950221843,146335.282474231,454474.8774964153,8366.316447324267
281,454475.6384373448,319455.5568853413,135020.0815520035,454475.6384373448,8366.316447324267
282,454476.39937827416,284007.4347565275,170468.96462174668,454476.39937827416,8366.316447324267
283,454477.1603192035,246930.50260191227,207546.65771729124,454477.1603192035,8366.316447324267
284,454477.92126013304,287484.39526358084,166993.5259965522,454477.92126013304,8366.316447324267
285,454478.68220106245,278655.61044683814,175823.0717542243,454478.68220106245,8366.316447324267
286,454479.44314199185,312102.187999417,142377.25514257484,454479.44314199185,8366.316447324267
287,454480.20408292115,304840.8355982021,149639.3684847191,454480.20408292115,8366.316447324267
288,454480.96502385056,305278.75627523067,149202.20874861992,454480.96502385056,8366.316447324267
289,454481.72596477997,290604.408781523,163877.317183257,454481.72596477997,8366.316447324267
290,454482.4869057094,287411.8468949881,167070.64001072125,454482.4869057094,8366.316447324267
291,454483.2478466389,258894.94533186872,195588.30251477018,454483.2478466389,8366.316447324267
292,454484.0087875682,277617.1251920484,176866.88359551984,454484.0087875682,8366.316447324267
293,454484.7697284976,305738.156250853,148746.61347764466,454484.7697284976,8366.316447324267
294,454485.530669427,324281.4744867485,130204.0561826785,454485.530669427,8366.316447324267
295,454486.29161035636,321974.01188592595,132512.2797244304,454486.29161035636,8366.316447324267
296,454487.0525512857,326537.3609687814,127949.69158250434,454487.0525512857,8366.316447324267
297,454487.81349221524,333524.4162206922,120963.39727152299,454487.81349221524,8366.316447324267
298,454488.57443314465,334778.4306563438,119710.14377680085,454488.57443314465,8366.316447324267
299,454489.33537407406,326250.93398704525,128238.40138702882,454489.33537407406,8366.316447324267
300,454490.09631500347,309187.2413180147,145302.8549969888,454490.09631500347,8366.316447324267
301,454490.85725593276,298561.7759741548,155929.08128177797,454490.85725593276,8366.316447324267
302,454491.6181968623,227886.24217868742,226605.37601817487,454491.6181968623,8366.316447324267
303,454492.37913779164,150527.09887659422,303965.2802611974,454492.37913779164,8366.316447324267
304,454493.14007872104,93149.33505564829,361343.80502307275,454493.14007872104,8366.316447324267
305,454493.90101965045,65289.868283438496,389204.03273621196,454493.90101965045,8366.316447324267
306,454494.66196057986,45813.665437877,408680.99652270286,454494.66196057986,8366.316447324267
307,454495.4229015092,46571.98300635733,407923.4398951519,454495.4229015092,8366.316447324267
308,454496.1838424386,86600.84875940497,367895.33508303366,454496.1838424386,8366.316447324267
309,454496.944783368,224042.0344879434,230454.91029542458,454496.944783368,8366.316447324267
310,454497.70572429744,241285.98051904762,213211.72520524982,454497.70572429744,8366.316447324267
311,454498.46666522685,209673.18783707783,244825.27882814902,454498.46666522685,8366.316447324267
312,454499.2276061563,215298.0655848787,239201.16202127762,454499.2276061563,8366.316447324267
313,454499.98854708567,240372.71445002823,214127.27409705744,454499.98854708567,8366.316447324267
314,454500.749488015,224920.4183287673,229580.33115924773,454500.749488015,8366.316447324267
315,454501.51042894454,222108.22158305187,232393.28884589268,454501.51042894454,8366.316447324267
316,454502.2713698739,274690.5922702219,179811.679099652,454502.2713698739,8366.316447324267
317,454503.0323108033,328911.86619669397,125591.16611410935,454503.0323108033,8366.316447324267
318,454503.7932517327,352488.8214378015,102014.97181393119,454503.7932517327,8366.316447324267
319,454504.554192662,365636.5546740723,88867.9995185897,454504.554192662,8366.316447324267
320,454505.31513359153,369039.89182766265,85465.4233059289,454505.31513359153,8366.316447324267
321,454506.0760745209,406934.7007824721,47571.375292048804,454506.0760745209,8366.316447324267
322,454506.8370154502,437691.1391222984,16815.697893151784,454506.8370154502,8366.316447324267
323,454507.5979563797,429454.2227450848,25053.375211294904,454507.5979563797,8366.316447324267
324,454508.35889730905,425069.5415762666,29438.817321042454,454508.35889730905,8366.316447324267
325,454509.1198382385,412626.86183770257,41882.258000535934,454509.1198382385,8366.316447324267
326,454509.8807791679,406586.74388791225,47923.13689125567,454509.8807791679,8366.316447324267
327,454510.6417200973,421577.0154330988,32933.62628699852,454510.6417200973,8366.316447324267
328,454511.40266102675,421896.92532876396,32614.477332262773,454511.40266102675,8366.316447324267
329,454512.1636019561,417270.02642602555,37242.13717593058,454512.1636019561,8366.316447324267
330,454512.92454288556,382928.50264390954,71584.42189897601,454512.92454288556,8366.316447324267
331,454513.68548381486,400855.0531364479,53658.632347366954,454513.68548381486,8366.316447324267
332,454514.4464247442,356116.39125973114,98398.0551650131,454514.4464247442,8366.316447324267
333,454515.2073656738,306513.8522618306,148001.3551038432,454515.2073656738,8366.316447324267
334,454515.968306603,289695.72419262765,164820.24411397538,454515.968306603,8366.316447324267
335,454516.72924753244,253752.82022139343,200763.909026139,454516.72924753244,8366.316447324267
336,454517.4901884619,277258.1600611955,177259.3301272664,454517.4901884619,8366.316447324267
337,454518.25112939125,300360.20928111504,154158.04184827622,454518.25112939125,8366.316447324267
338,454519.0120703208,329311.7304745056,125207.28159581518,454519.0120703208,8366.316447324267
339,454519.77301125013,310628.98415864183,143890.7888526083,454519.77301125013,8366.316447324267
340,454520.5339521795,331189.33442731376,123331.19952486573,454520.5339521795,8366.316447324267
341,454521.29489310895,351319.34940990194,103201.94548320699,454521.29489310895,8366.316447324267
342,454522.05583403836,366901.76444646175,87620.29138757662,454522.05583403836,8366.316447324267
343,454522.8167749677,333380.3796662097,121142.43710875804,454522.8167749677,8366.316447324267
344,454523.5777158971,344061.0674687517,110462.51024714542,454523.5777158971,8366.316447324267
345,454524.3386568265,325564.8929191124,128959.44573771414,454524.3386568265,8366.316447324267
346,454525.09959775594,405351.5590205108,49173.54057724513,454525.09959775594,8366.316447324267
347,454525.86053868535,413890.45956127875,40635.4009774066,454525.86053868535,8366.316447324267
348,454526.6214796147,389387.0752423123,65139.546237302435,454526.6214796147,8366.316447324267
349,454527.3824205441,360124.83044081036,94402.55197973373,454527.3824205441,8366.316447324267
350,454528.1433614735,346893.29648723913,107634.84687423437,454528.1433614735,8366.316447324267
351,454528.904302403,349795.9410496644,104732.96325273858,454528.904302403,8366.316447324267
352,454529.6652433324,321240.4811255216,133289.18411781077,454529.6652433324,8366.316447324267
353,454530.42618426174,163688.81497884094,290841.6112054208,454530.42618426174,8366.316447324267
354,454531.1871251912,64091.75329897122,390439.43382622,454531.1871251912,8366.316447324267
355,454531.94806612056,13509.867649111722,441022.08041700884,454531.94806612056,8366.316447324267
356,474412.01547122217,0.0,474412.01547122217,474412.01547122217,8366.316447324267
357,480000.0,0.0,480000.0,480000.0,8366.316447324267
358,480000.0,0.0,480000.0,480000.0,8366.316447324267
359,480000.0,0.0,480000.0,480000.0,8366.316447324267
360,480000.0,0.0,480000.0,480000.0,8366.316447324267
361,480000.0,0.0,480000.0,480000.0,8366.316447324267
362,480000.0,0.0,480000.0,480000.0,8366.316447324267
363,480000.0,0.0,480000.0,480000.0,8366.316447324267
364,480000.0,0.0,480000.0,480000.0,8366.316447324267
365,480000.0,0.0,480000.0,480000.0,8366.316447324267
366,480000.0,0.0,480000.0,480000.0,8366.316447324267
367,480000.0,0.0,480000.0,480000.0,8366.316447324267
368,480000.0,0.0,480000.0,480000.0,8366.316447324267
369,480000.0,0.0,480000.0,480000.0,8366.316447324267
370,480000.0,0.0,480000.0,480000.0,8366.316447324267
371,454544.12312099093,1180.531977366074,453363.59114362486,454544.12312099093,8366.316447324267
372,454544.88406192046,57648.16698101285,396896.7170809076,454544.88406192046,8366.316447324267
373,454545.6450028498,162968.58725523227,291577.05774761754,454545.6450028498,8366.316447324267
374,454546.40594377916,182039.6682695842,272506.73767419497,454546.40594377916,8366.316447324267
375,454547.1668847086,226028.43234452629,228518.73454018234,454547.1668847086,8366.316447324267
376,454547.9278256379,50926.07567600947,403621.85214962845,454547.9278256379,8366.316447324267
377,480000.0,0.0,480000.0,480000.0,8366.316447324267
378,480000.0,0.0,480000.0,480000.0,8366.316447324267
379,480000.0,0.0,480000.0,480000.0,8366.316447324267
380,480000.0,0.0,480000.0,480000.0,8366.316447324267
381,480000.0,0.0,480000.0,480000.0,8366.316447324267
382,480000.0,0.0,480000.0,480000.0,8366.316447324267
383,480000.0,0.0,480000.0,480000.0,8366.316447324267
384,480000.0,0.0,480000.0,480000.0,8366.316447324267
385,480000.0,0.0,480000.0,480000.0,8366.316447324267
386,454555.537234932,1099.0805094336974,453456.4567254983,454555.537234932,8366.316447324267
387,454556.29817586136,200712.46337241188,253843.83480344948,454556.29817586136,8366.316447324267
388,454557.0591167908,85216.94990703411,369340.1092097567,454557.0591167908,8366.316447324267
389,454557.8200577202,149381.35985494417,305176.460202776,454557.8200577202,8366.316447324267
390,454558.5809986497,228317.93028240485,226240.65071624485,454558.5809986497,8366.316447324267
391,454559.341939579,185691.09848625696,268868.24345332204,454559.341939579,8366.316447324267
392,454560.1028805084,197995.08863212567,256565.01424838274,454560.1028805084,8366.316447324267
393,454560.8638214379,373891.8585060328,80669.00531540507,454560.8638214379,8366.316447324267
394,454561.6247623672,392816.9280245059,61744.69673786133,454561.6247623672,8366.316447324267
395,454562.38570329663,404963.8008038582,49598.584899438414,454562.38570329663,8366.316447324267
396,454563.146644226,413190.1218873735,41373.02475685246,454563.146644226,8366.316447324267
397,454563.9075851554,396983.6240394946,57580.283545660786,454563.9075851554,8366.316447324267
398,454564.6685260849,395740.3750792781,58824.293446806856,454564.6685260849,8366.316447324267
399,454565.4294670142,364494.0394689874,90071.38999802685,454565.4294670142,8366.316447324267
400,454566.1904079436,336523.8681449335,118042.32226301012,454566.1904079436,8366.316447324267
401,454566.95134887303,215903.68336098312,238663.2679878899,454566.95134887303,8366.316447324267
402,454567.7122898024,229296.91054003892,225270.80174976346,454567.7122898024,8366.316447324267
403,454568.4732307318,70253.68074016453,384314.79249056726,454568.4732307318,8366.316447324267
404,454569.23417166126,150784.08536844305,303785.1488032182,454569.23417166126,8366.316447324267
405,454569.99511259067,228861.38360699237,225708.6115055983,454569.99511259067,8366.316447324267
406,454570.7560535201,365949.06533135794,88621.69072216215,454570.7560535201,8366.316447324267
407,454571.5169944495,437479.82306758256,17091.693926866898,454571.5169944495,8366.316447324267
408,454572.2779353788,454572.2779353788,0.0,454572.2779353788,8366.316447324267
409,454573.0388763083,440299.0624719618,14273.976404346515,454573.0388763083,8366.316447324267
410,454573.79981723765,433304.72102046385,21269.078796773774,454573.79981723765,8366.316447324267
411,454574.56075816706,326908.35668763006,127666.204070537,454574.56075816706,8366.316447324267
412,454575.3216990965,151685.44420051423,302889.87749858224,454575.3216990965,8366.316447324267
413,466328.9416208499,0.0,466328.9416208499,466328.9416208499,8366.316447324267
414,480000.0,0.0,480000.0,480000.0,8366.316447324267
415,480000.0,0.0,480000.0,480000.0,8366.316447324267
416,480000.0,0.0,480000.0,480000.0,8366.316447324267
417,480000.0,0.0,480000.0,480000.0,8366.316447324267
418,480000.0,0.0,480000.0,480000.0,8366.316447324267
419,480000.0,0.0,480000.0,480000.0,8366.316447324267
420,480000.0,0.0,480000.0,480000.0,8366.316447324267
421,480000.0,0.0,480000.0,480000.0,8366.316447324267
422,480000.0,0.0,480000.0,480000.0,8366.316447324267
423,480000.0,0.0,480000.0,480000.0,8366.316447324267
424,480000.0,0.0,480000.0,480000.0,8366.316447324267
425,480000.0,0.0,480000.0,480000.0,8366.316447324267
426,480000.0,0.0,480000.0,480000.0,8366.316447324267
427,480000.0,0.0,480000.0,480000.0,8366.316447324267
428,480000.0,0.0,480000.0,480000.0,8366.316447324267
429,480000.0,0.0,480000.0,480000.0,8366.316447324267
430,480000.0,0.0,480000.0,480000.0,8366.316447324267
431,480000.0,0.0,480000.0,480000.0,8366.316447324267
432,480000.0,0.0,480000.0,480000.0,8366.316447324267
433,480000.0,0.0,480000.0,480000.0,8366.316447324267
434,480000.0,0.0,480000.0,480000.0,8366.316447324267
435,480000.0,0.0,480000.0,480000.0,8366.316447324267
436,480000.0,0.0,480000.0,480000.0,8366.316447324267
437,480000.0,0.0,480000.0,480000.0,8366.316447324267
438,480000.0,0.0,480000.0,480000.0,8366.316447324267
439,480000.0,0.0,480000.0,480000.0,8366.316447324267
440,480000.0,0.0,480000.0,480000.0,8366.316447324267
441,480000.0,0.0,480000.0,480000.0,8366.316447324267
442,454598.14992697845,24755.65915004036,429842.4907769381,454598.14992697845,8366.316447324267
443,454598.9108679079,103642.39523279335,350956.51563511457,454598.9108679079,8366.316447324267
444,454599.67180883733,82977.44854719838,371622.22326163895,454599.67180883733,8366.316447324267
445,454600.43274976674,144226.74931409594,310373.6834356708,454600.43274976674,8366.316447324267
446,454601.19369069615,194105.39431021555,260495.7993804806,454601.19369069615,8366.316447324267
447,454601.9546316255,2398.732723081135,452203.22190854436,454601.9546316255,8366.316447324267
448,480000.0,0.0,480000.0,480000.0,8366.316447324267
449,480000.0,0.0,480000.0,480000.0,8366.316447324267
450,480000.0,0.0,480000.0,480000.0,8366.316447324267
451,480000.0,0.0,480000.0,480000.0,8366.316447324267
452,480000.0,0.0,480000.0,480000.0,8366.316447324267
453,480000.0,0.0,480000.0,480000.0,8366.316447324267
454,480000.0,0.0,480000.0,480000.0,8366.316447324267
455,480000.0,0.0,480000.0,480000.0,8366.316447324267
456,480000.0,0.0,480000.0,480000.0,8366.316447324267
457,480000.0,0.0,480000.0,480000.0,8366.316447324267
458,480000.0,0.0,480000.0,480000.0,8366.316447324267
459,480000.0,0.0,480000.0,480000.0,8366.316447324267
460,480000.0,0.0,480000.0,480000.0,8366.316447324267
461,472828.7649794462,0.0,472828.7649794462,472828.7649794462,8366.316447324267
462,454613.3687455666,177993.30152540153,276620.06722016505,454613.3687455666,8366.316447324267
463,454614.12968649593,177428.249019037,277185.8806674589,454614.12968649593,8366.316447324267
464,454614.8906274254,235235.97403721735,219378.91659020804,454614.8906274254,8366.316447324267
465,454615.6515683547,269815.8184470711,184799.8331212836,454615.6515683547,8366.316447324267
466,454616.4125092842,322209.01467254455,132407.39783673963,454616.4125092842,8366.316447324267
467,454617.1734502136,322884.8587761971,131732.3146740165,454617.1734502136,8366.316447324267
468,454617.93439114286,338135.4990834747,116482.43530766816,454617.93439114286,8366.316447324267
469,454618.6953320724,344425.38345770777,110193.3118743646,454618.6953320724,8366.316447324267
470,454619.45627300174,326438.3894798311,128181.06679317067,454619.45627300174,8366.316447324267
471,454620.21721393114,324483.0810912902,130137.13612264089,454620.21721393114,8366.316447324267
472,454620.97815486055,330288.45271855604,124332.52543630454,454620.97815486055,8366.316447324267
473,454621.73909578996,262810.96874230367,191810.77035348632,454621.73909578996,8366.316447324267
474,454622.50003671943,228411.14370177832,226211.3563349411,454622.50003671943,8366.316447324267
475,454623.2609776488,249394.04329944978,205229.217678199,454623.2609776488,8366.316447324267
476,454624.0219185782,159670.67717869283,294953.34473988536,454624.0219185782,8366.316447324267
477,454624.7828595076,185876.47315508802,268748.3097044196,454624.7828595076,8366.316447324267
478,454625.54380043695,92567.3841574507,362058.15964298625,454625.54380043695,8366.316447324267
479,454626.3047413665,76935.55800664885,377690.7467347176,454626.3047413665,8366.316447324267
480,471489.10989057616,0.0,471489.10989057616,471489.10989057616,8366.316447324267
481,480000.0,0.0,480000.0,480000.0,8366.316447324267
482,480000.0,0.0,480000.0,480000.0,8366.316447324267
483,480000.0,0.0,480000.0,480000.0,8366.316447324267
484,480000.0,0.0,480000.0,480000.0,8366.316447324267
485,480000.0,0.0,480000.0,480000.0,8366.316447324267
486,454631.63132787216,56073.93088657333,398557.70044129883,454631.63132787216,8366.316447324267
487,454632.3922688017,91404.45077817555,363227.94149062614,454632.3922688017,8366.316447324267
488,454633.15320973104,8171.0366397266625,446462.1165700044,454633.15320973104,8366.316447324267
489,470324.5780332421,0.0,470324.5780332421,470324.5780332421,8366.316447324267
490,474850.5532495392,0.0,474850.5532495392,474850.5532495392,8366.316447324267
491,454635.4360325192,9761.839965758496,444873.5960667607,454635.4360325192,8366.316447324267
492,467223.259415891,0.0,467223.259415891,467223.259415891,8366.316447324267
493,454636.957914378,146091.68900863244,308545.2689057456,454636.957914378,8366.316447324267
494,454637.71885530744,62194.043101157644,392443.6757541498,454637.71885530744,8366.316447324267
495,454638.4797962368,48528.98553233751,406109.4942638993,454638.4797962368,8366.316447324267
496,454639.2407371662,28381.559334868623,426257.6814022976,454639.2407371662,8366.316447324267
497,454640.0016780957,41854.93288901425,412785.0687890815,454640.0016780957,8366.316447324267
498,454640.762619025,77597.91494856,377042.847670465,454640.762619025,8366.316447324267
499,454641.5235599544,162138.9891727427,292502.5343872117,454641.5235599544,8366.316447324267
500,454642.2845008839,42365.699135246046,412276.58536563785,454642.2845008839,8366.316447324267
501,454643.04544181324,2734.8276350841625,451908.2178067291,454643.04544181324,8366.316447324267
502,454643.80638274265,10680.652407038899,443963.15397570375,454643.80638274265,8366.316447324267
503,454644.56732367206,193495.90783787554,261148.65948579652,454644.56732367206,8366.316447324267
504,454645.3282646014,296903.5207762999,157741.80748830154,454645.3282646014,8366.316447324267
505,454646.0892055308,362580.59880431916,92065.49040121169,454646.0892055308,8366.316447324267
506,454646.8501464603,223942.00683892006,230704.84330754023,454646.8501464603,8366.316447324267
507,454647.61108738964,310511.20367817744,144136.40740921217,454647.61108738964,8366.316447324267
508,454648.37202831905,288365.25453511334,166283.1174932057,454648.37202831905,8366.316447324267
509,454649.13296924846,289322.498654239,165326.63431500946,454649.13296924846,8366.316447324267
510,454649.89391017787,332875.1695912861,121774.72431889173,454649.89391017787,8366.316447324267
511,454650.6548511073,378844.1447620774,75806.51008902986,454650.6548511073,8366.316447324267
512,454651.4157920367,371895.76647813537,82755.64931390135,454651.4157920367,8366.316447324267
513,454652.1767329661,403792.06060148386,50860.11613148222,454652.1767329661,8366.316447324267
514,454652.9376738955,425085.3282622911,29567.609411604397,454652.9376738955,8366.316447324267
515,454653.69861482485,422225.71809788956,32427.980516935266,454653.69861482485,8366.316447324267
516,454654.45955575426,418830.70324360393,35823.75631215034,454654.45955575426,8366.316447324267
517,454655.2204966837,398791.0310005277,55864.18949615593,454655.2204966837,8366.316447324267
518,454655.98143761314,388685.3797282411,65970.60170937203,454655.98143761314,8366.316447324267
519,454656.74237854255,380680.2826469556,73976.45973158695,454656.74237854255,8366.316447324267
520,454657.50331947184,375716.99507126515,78940.50824820666,454657.50331947184,8366.316447324267
521,454658.26426040125,375949.43787376524,78708.82638663604,454658.26426040125,8366.316447324267
522,454659.02520133066,396650.1527973765,58008.87240395413,454659.02520133066,8366.316447324267
523,454659.7861422601,400234.58476994943,54425.20137231068,454659.7861422601,8366.316447324267
524,454660.5470831896,404749.6108167141,49910.936266475444,454660.5470831896,8366.316447324267
525,454661.3080241189,397483.49910554115,57177.808918577706,454661.3080241189,8366.316447324267
526,454662.06896504835,421616.19807746564,33045.87088758271,454662.06896504835,8366.316447324267
527,454662.82990597776,413438.5177367391,41224.31216923869,454662.82990597776,8366.316447324267
528,454663.59084690706,400434.6618705023,54228.92897640476,454663.59084690706,8366.316447324267
529,454664.3517878365,390694.84318226675,63969.50860556978,454664.3517878365,8366.316447324267
530,454665.11272876593,364730.0515780923,89935.06115067363,454665.11272876593,8366.316447324267
531,454665.87366969534,343448.82741750043,111217.04625219494,454665.87366969534,8366.316447324267
532,454666.63461062475,356578.17225837545,98088.46235224928,454666.63461062475,8366.316447324267
533,454667.39555155416,365902.20739708166,88765.18815447247,454667.39555155416,8366.316447324267
534,454668.1564924835,385017.5882793955,69650.56821308805,454668.1564924835,8366.316447324267
535,454668.91743341286,381878.5714396401,72790.34599377279,454668.91743341286,8366.316447324267
536,454669.6783743423,353874.66092731984,100795.01744702243,454669.6783743423,8366.316447324267
537,454670.4393152717,373355.9407741486,81314.49854112307,454670.4393152717,8366.316447324267
538,454671.2002562011,418271.1808467236,36400.019409477485,454671.2002562011,8366.316447324267
539,454671.9611971306,413058.3104620573,41613.6507350733,454671.9611971306,8366.316447324267
540,454672.7221380599,409940.98758687923,44731.73455118068,454672.7221380599,8366.316447324267
541,454673.4830789893,364931.5245066863,89741.958572303,454673.4830789893,8366.316447324267
542,454674.24401991884,275979.5146214714,178694.7293984474,454674.24401991884,8366.316447324267
543,454675.0049608481,141207.97698278655,313467.0279780615,454675.0049608481,8366.316447324267
544,454675.7659017776,11734.154955617385,442941.6109461602,454675.7659017776,8366.316447324267
545,480000.0,0.0,480000.0,480000.0,8366.316447324267
546,480000.0,0.0,480000.0,480000.0,8366.316447324267
547,480000.0,0.0,480000.0,480000.0,8366.316447324267
548,480000.0,0.0,480000.0,480000.0,8366.316447324267
549,480000.0,0.0,480000.0,480000.0,8366.316447324267
550,480000.0,0.0,480000.0,480000.0,8366.316447324267
551,480000.0,0.0,480000.0,480000.0,8366.316447324267
552,480000.0,0.0,480000.0,480000.0,8366.316447324267
553,464959.2479846057,0.0,464959.2479846057,464959.2479846057,8366.316447324267
554,454683.3753110715,54606.09385237831,400077.2814586932,454683.3753110715,8366.316447324267
555,454684.136252001,140198.33731439407,314485.7989376069,454684.136252001,8366.316447324267
556,454684.8971929304,18500.22591829131,436184.6712746391,454684.8971929304,8366.316447324267
557,454685.6581338598,34843.101995187055,419842.55613867275,454685.6581338598,8366.316447324267
558,454686.41907478916,151444.42955273617,303241.989522053,454686.41907478916,8366.316447324267
559,454687.18001571856,137461.14161090972,317226.03840480885,454687.18001571856,8366.316447324267
560,454687.9409566479,205601.69930215494,249086.24165449297,454687.9409566479,8366.316447324267
561,454688.7018975773,377607.5191036091,77081.18279396826,454688.7018975773,8366.316447324267
562,454689.4628385067,409131.501972985,45557.96086552166,454689.4628385067,8366.316447324267
563,454690.22377943614,434230.97144997126,20459.252329464874,454690.22377943614,8366.316447324267
564,454690.98472036555,454690.98472036555,0.0,454690.98472036555,8366.316447324267
565,454691.745661295,437385.8218364693,17305.92382482575,454691.745661295,8366.316447324267
566,454692.50660222437,427495.75466364186,27196.751938582493,454692.50660222437,8366.316447324267
567,454693.2675431537,402012.8000204601,52680.46752269361,454693.2675431537,8366.316447324267
568,454694.02848408325,376742.826940793,77951.20154329023,454694.02848408325,8366.316447324267
569,454694.7894250126,348548.7129594765,106146.07646553607,454694.7894250126,8366.316447324267
570,454695.550365942,337976.80413372023,116718.74623222176,454695.550365942,8366.316447324267
571,454696.3113068714,280893.9385112518,173802.3727956196,454696.3113068714,8366.316447324267
572,454697.0722478007,260082.4386473555,194614.6336004452,454697.0722478007,8366.316447324267
573,454697.83318873023,169007.78023454122,285690.052954189,454697.83318873023,8366.316447324267
574,454698.5941296596,99034.4649730032,355664.1291566564,454698.5941296596,8366.316447324267
575,454699.3550705889,52162.12328824715,402537.2317823417,454699.3550705889,8366.316447324267
576,454700.1160115184,93581.39038153185,361118.72562998655,454700.1160115184,8366.316447324267
577,454700.87695244775,169795.64114792587,284905.2358045219,454700.87695244775,8366.316447324267
578,454701.6378933772,257651.82259419616,197049.81529918106,454701.6378933772,8366.316447324267
579,454702.39883430663,231929.7063399227,222772.69249438393,454702.39883430663,8366.316447324267
580,454703.159775236,208854.9641401154,245848.1956351206,454703.159775236,8366.316447324267
581,454703.92071616545,195925.32825812712,258778.59245803833,454703.92071616545,8366.316447324267
582,454704.6816570948,45556.231503578776,409148.450153516,454704.6816570948,8366.316447324267
583,454705.44259802427,4662.789895694645,450042.6527023296,454705.44259802427,8366.316447324267
584,454706.2035389536,4364.588367799239,450341.6151711544,454706.2035389536,8366.316447324267
585,454706.96447988297,175404.00243935897,279302.962040524,454706.96447988297,8366.316447324267
586,454707.7254208125,265755.77491382626,188951.95050698626,454707.7254208125,8366.316447324267
587,454708.4863617417,217728.23523144398,236980.25113029775,454708.4863617417,8366.316447324267
588,454709.24730267114,121122.93863202247,333586.30867064866,454709.24730267114,8366.316447324267
589,454710.00824360066,14696.624252767593,440013.38399083307,454710.00824360066,8366.316447324267
590,480000.0,0.0,480000.0,480000.0,8366.316447324267
591,480000.0,0.0,480000.0,480000.0,8366.316447324267
592,480000.0,0.0,480000.0,480000.0,8366.316447324267
593,480000.0,0.0,480000.0,480000.0,8366.316447324267
594,480000.0,0.0,480000.0,480000.0,8366.316447324267
595,480000.0,0.0,480000.0,480000.0,8366.316447324267
596,480000.0,0.0,480000.0,480000.0,8366.316447324267
597,454716.0957710358,121471.40921490226,333244.68655613356,454716.0957710358,8366.316447324267
598,480000.0,0.0,480000.0,480000.0,8366.316447324267
599,454717.61765289464,19142.483791469363,435575.1338614253,454717.61765289464,8366.316447324267
600,454718.37859382405,30436.945966664643,424281.4326271594,454718.37859382405,8366.316447324267
601,454719.1395347534,63295.222919592634,391423.91661516076,454719.1395347534,8366.316447324267
602,454719.9004756828,86766.7734329062,367953.1270427766,454719.9004756828,8366.316447324267
603,454720.6614166122,33939.93382767454,420780.7275889377,454720.6614166122,8366.316447324267
604,454721.4223575417,88713.75213817065,366007.67021937104,454721.4223575417,8366.316447324267
605,454722.18329847103,109307.1588437878,345415.02445468324,454722.18329847103,8366.316447324267
606,454722.94423940044,258653.10901154813,196069.8352278523,454722.94423940044,8366.316447324267
607,454723.70518032997,319486.69858198473,135237.0065983452,454723.70518032997,8366.316447324267
608,454724.46612125926,388238.4933645513,66485.97275670797,454724.46612125926,8366.316447324267
609,454725.2270621886,423944.2079905948,30781.019071593837,454725.2270621886,8366.316447324267
610,454725.9880031181,454725.9880031181,0.0,454725.9880031181,8366.316447324267
611,454726.74894404743,454726.74894404743,0.0,454726.74894404743,8366.316447324267
612,454727.5098849769,454727.5098849769,0.0,454727.5098849769,8366.316447324267
613,454728.2708259063,454728.2708259063,0.0,454728.2708259063,8366.316447324267
614,454729.0317668356,454729.0317668356,0.0,454729.0317668356,8366.316447324267
615,454729.79270776507,450253.67965407553,4476.113053689548,454729.79270776507,8366.316447324267
616,454730.5536486945,422882.1038172022,31848.449831492242,454730.5536486945,8366.316447324267
617,454731.3145896239,385100.72878283024,69630.58580679365,454731.3145896239,8366.316447324267
618,454732.07553055324,282798.8697210343,171933.20580951893,454732.07553055324,8366.316447324267
619,454732.83647148265,156473.4074314853,298259.42903999734,454732.83647148265,8366.316447324267
620,454733.5974124121,139611.1628253177,315122.4345870944,454733.5974124121,8366.316447324267
621,454734.3583533415,153046.884876773,301687.4734765685,454734.3583533415,8366.316447324267
622,454735.1192942709,93099.31978624786,361635.799508023,454735.1192942709,8366.316447324267
623,454735.8802352003,33208.56352782325,421527.31670737703,454735.8802352003,8366.316447324267
624,471649.1228019892,0.0,471649.1228019892,471649.1228019892,8366.316447324267
625,480000.0,0.0,480000.0,480000.0,8366.316447324267
626,480000.0,0.0,480000.0,480000.0,8366.316447324267
627,480000.0,0.0,480000.0,480000.0,8366.316447324267
628,480000.0,0.0,480000.0,480000.0,8366.316447324267
629,480000.0,0.0,480000.0,480000.0,8366.316447324267
630,480000.0,0.0,480000.0,480000.0,8366.316447324267
631,480000.0,0.0,480000.0,480000.0,8366.316447324267
632,480000.0,0.0,480000.0,480000.0,8366.316447324267
633,480000.0,0.0,480000.0,480000.0,8366.316447324267
634,480000.0,0.0,480000.0,480000.0,8366.316447324267
635,454745.0115263531,25536.66339624836,429208.3481301047,454745.0115263531,8366.316447324267
636,480000.0,0.0,480000.0,480000.0,8366.316447324267
637,480000.0,0.0,480000.0,480000.0,8366.316447324267
638,480000.0,0.0,480000.0,480000.0,8366.316447324267
639,480000.0,0.0,480000.0,480000.0,8366.316447324267
640,480000.0,0.0,480000.0,480000.0,8366.316447324267
641,480000.0,0.0,480000.0,480000.0,8366.316447324267
642,480000.0,0.0,480000.0,480000.0,8366.316447324267
643,480000.0,0.0,480000.0,480000.0,8366.316447324267
644,480000.0,0.0,480000.0,480000.0,8366.316447324267
645,480000.0,0.0,480000.0,480000.0,8366.316447324267
646,479864.1306188332,0.0,479864.1306188332,479864.1306188332,8366.316447324267
647,454754.1428175059,8496.865791329008,446257.2770261769,454754.1428175059,8366.316447324267
648,454754.90375843534,60021.73527144332,394733.168486992,454754.90375843534,8366.316447324267
649,454755.66469936474,59685.55167833099,395070.11302103376,454755.66469936474,8366.316447324267
650,454756.4256402941,76286.4876388053,378469.9380014888,454756.4256402941,8366.316447324267
651,454757.1865812236,40857.11790009728,413900.06868112634,454757.1865812236,8366.316447324267
652,454757.947522153,65554.07863878441,389203.86888336856,454757.947522153,8366.316447324267
653,454758.7084630823,70316.89124496025,384441.8172181221,454758.7084630823,8366.316447324267
654,454759.46940401173,197433.61583321923,257325.8535707925,454759.46940401173,8366.316447324267
655,454760.23034494114,193313.52819355708,261446.70215138406,454760.23034494114,8366.316447324267
656,454760.99128587043,253966.67888320624,200794.3124026642,454760.99128587043,8366.316447324267
657,454761.75222679996,357737.700465176,97024.05176162394,454761.75222679996,8366.316447324267
658,454762.51316772937,437795.06310364377,16967.4500640856,454762.51316772937,8366.316447324267
659,454763.2741086588,454763.2741086588,0.0,454763.2741086588,8366.316447324267
660,454764.0350495882,454764.0350495882,0.0,454764.0350495882,8366.316447324267
661,454764.79599051754,454764.79599051754,0.0,454764.79599051754,8366.316447324267
662,454765.556931447,454765.556931447,0.0,454765.556931447,8366.316447324267
663,454766.31787237636,440092.70090033626,14673.616972040112,454766.31787237636,8366.316447324267
664,454767.0788133058,380963.44199776684,73803.63681553898,454767.0788133058,8366.316447324267
665,454767.8397542352,273821.2496718582,180946.59008237696,454767.8397542352,8366.316447324267
666,454768.6006951645,52195.14659070404,402573.4541044605,454768.6006951645,8366.316447324267
667,480000.0,0.0,480000.0,480000.0,8366.316447324267
668,480000.0,0.0,480000.0,480000.0,8366.316447324267
669,480000.0,0.0,480000.0,480000.0,8366.316447324267
670,480000.0,0.0,480000.0,480000.0,8366.316447324267
671,480000.0,0.0,480000.0,480000.0,8366.316447324267
672,475709.43124994385,0.0,475709.43124994385,475709.43124994385,8366.316447324267
673,480000.0,0.0,480000.0,480000.0,8366.316447324267
674,480000.0,0.0,480000.0,480000.0,8366.316447324267
675,480000.0,0.0,480000.0,480000.0,8366.316447324267
676,480000.0,0.0,480000.0,480000.0,8366.316447324267
677,480000.0,0.0,480000.0,480000.0,8366.316447324267
678,480000.0,0.0,480000.0,480000.0,8366.316447324267
679,480000.0,0.0,480000.0,480000.0,8366.316447324267
680,480000.0,0.0,480000.0,480000.0,8366.316447324267
681,480000.0,0.0,480000.0,480000.0,8366.316447324267
682,465852.2348649346,0.0,465852.2348649346,465852.2348649346,8366.316447324267
683,454781.5366909644,174091.79997522704,280689.7367157374,454781.5366909644,8366.316447324267
684,454782.2976318938,297117.7030132779,157664.59461861587,454782.2976318938,8366.316447324267
685,454783.05857282324,322342.7093645656,132440.34920825763,454783.05857282324,8366.316447324267
686,454783.8195137526,283435.5760426005,171348.2434711521,454783.8195137526,8366.316447324267
687,454784.580454682,233351.80716580062,221432.77328888138,454784.580454682,8366.316447324267
688,454785.3413956115,53926.739346693095,400858.60204891843,454785.3413956115,8366.316447324267
689,454786.1023365408,14109.725722288189,440676.37661425263,454786.1023365408,8366.316447324267
690,480000.0,0.0,480000.0,480000.0,8366.316447324267
691,480000.0,0.0,480000.0,480000.0,8366.316447324267
692,480000.0,0.0,480000.0,480000.0,8366.316447324267
693,480000.0,0.0,480000.0,480000.0,8366.316447324267
694,480000.0,0.0,480000.0,480000.0,8366.316447324267
695,480000.0,0.0,480000.0,480000.0,8366.316447324267
696,480000.0,0.0,480000.0,480000.0,8366.316447324267
697,473425.133324175,0.0,473425.133324175,473425.133324175,8366.316447324267
698,480000.0,0.0,480000.0,480000.0,8366.316447324267
699,480000.0,0.0,480000.0,480000.0,8366.316447324267
700,480000.0,0.0,480000.0,480000.0,8366.316447324267
701,480000.0,0.0,480000.0,480000.0,8366.316447324267
702,480000.0,0.0,480000.0,480000.0,8366.316447324267
703,480000.0,0.0,480000.0,480000.0,8366.316447324267
704,480000.0,0.0,480000.0,480000.0,8366.316447324267
705,480000.0,0.0,480000.0,480000.0,8366.316447324267
706,480000.0,0.0,480000.0,480000.0,8366.316447324267
707,480000.0,0.0,480000.0,480000.0,8366.316447324267
708,480000.0,0.0,480000.0,480000.0,8366.316447324267
709,480000.0,0.0,480000.0,480000.0,8366.316447324267
710,480000.0,0.0,480000.0,480000.0,8366.316447324267
711,480000.0,0.0,480000.0,480000.0,8366.316447324267
712,480000.0,0.0,480000.0,480000.0,8366.316447324267
713,480000.0,0.0,480000.0,480000.0,8366.316447324267
714,480000.0,0.0,480000.0,480000.0,8366.316447324267
715,480000.0,0.0,480000.0,480000.0,8366.316447324267
716,480000.0,0.0,480000.0,480000.0,8366.316447324267
717,480000.0,0.0,480000.0,480000.0,8366.316447324267
718,480000.0,0.0,480000.0,480000.0,8366.316447324267
719,480000.0,0.0,480000.0,480000.0,8366.316447324267
720,480000.0,0.0,480000.0,480000.0,8366.316447324267
721,480000.0,0.0,480000.0,480000.0,8366.316447324267
722,480000.0,0.0,480000.0,480000.0,8366.316447324267
723,477698.4713377934,0.0,477698.4713377934,477698.4713377934,8366.316447324267
724,480000.0,0.0,480000.0,480000.0,8366.316447324267
725,480000.0,0.0,480000.0,480000.0,8366.316447324267
726,480000.0,0.0,480000.0,480000.0,8366.316447324267
727,480000.0,0.0,480000.0,480000.0,8366.316447324267
728,480000.0,0.0,480000.0,480000.0,8366.316447324267
729,480000.0,0.0,480000.0,480000.0,8366.316447324267
730,464373.16458664555,0.0,464373.16458664555,464373.16458664555,8366.316447324267
731,480000.0,0.0,480000.0,480000.0,8366.316447324267
732,480000.0,0.0,480000.0,480000.0,8366.316447324267
733,480000.0,0.0,480000.0,480000.0,8366.316447324267
734,480000.0,0.0,480000.0,480000.0,8366.316447324267
735,480000.0,0.0,480000.0,480000.0,8366.316447324267
736,480000.0,0.0,480000.0,480000.0,8366.316447324267
737,480000.0,0.0,480000.0,480000.0,8366.316447324267
738,480000.0,0.0,480000.0,480000.0,8366.316447324267
739,480000.0,0.0,480000.0,480000.0,8366.316447324267
740,480000.0,0.0,480000.0,480000.0,8366.316447324267
741,480000.0,0.0,480000.0,480000.0,8366.316447324267
742,480000.0,0.0,480000.0,480000.0,8366.316447324267
743,480000.0,0.0,480000.0,480000.0,8366.316447324267
744,480000.0,0.0,480000.0,480000.0,8366.316447324267
745,480000.0,0.0,480000.0,480000.0,8366.316447324267
746,474187.44830865087,0.0,474187.44830865087,474187.44830865087,8366.316447324267
747,480000.0,0.0,480000.0,480000.0,8366.316447324267
748,454830.9978513755,61473.524606980325,393357.47324439517,454830.9978513755,8366.316447324267
749,454831.7587923049,24207.74663863494,430624.01215366996,454831.7587923049,8366.316447324267
750,454832.5197332344,49016.66721650079,405815.85251673363,454832.5197332344,8366.316447324267
751,454833.2806741637,53709.54376904701,401123.7369051167,454833.2806741637,8366.316447324267
752,454834.0416150931,244901.41532058583,209932.6262945073,454834.0416150931,8366.316447324267
753,454834.8025560226,372143.74686529237,82691.05569073024,454834.8025560226,8366.316447324267
754,454835.56349695195,422293.60626792937,32541.95722902255,454835.56349695195,8366.316447324267
755,454836.32443788135,388745.64915498265,66090.67528289868,454836.32443788135,8366.316447324267
756,454837.08537881076,365883.6920630701,88953.3933157407,454837.08537881076,8366.316447324267
757,454837.8463197401,371066.41918497253,83771.4271347676,454837.8463197401,8366.316447324267
758,454838.6072606696,375988.1553801119,78850.45188055768,454838.6072606696,8366.316447324267
759,454839.368201599,350465.2702975535,104374.09790404545,454839.368201599,8366.316447324267
760,454840.12914252834,354714.825490941,100125.30365158732,454840.12914252834,8366.316447324267
761,454840.89008345775,259422.2699675037,195418.62011595405,454840.89008345775,8366.316447324267
762,454841.65102438716,191572.42425955617,263269.226764831,454841.65102438716,8366.316447324267
763,454842.41196531657,228560.36011094987,226282.0518543667,454842.41196531657,8366.316447324267
764,454843.172906246,242690.8718060179,212152.30110022807,454843.172906246,8366.316447324267
765,454843.9338471753,228208.8787698978,226635.05507727753,454843.9338471753,8366.316447324267
766,454844.6947881048,190126.9164422744,264717.7783458304,454844.6947881048,8366.316447324267
767,454845.4557290342,100362.13838399632,354483.3173450379,454845.4557290342,8366.316447324267
768,454846.21666996356,60395.382049453445,394450.8346205101,454846.21666996356,8366.316447324267
769,454846.97761089297,85509.86096416437,369337.1166467286,454846.97761089297,8366.316447324267
770,454847.7385518224,209544.47575923704,245303.26279258533,454847.7385518224,8366.316447324267
771,454848.4994927519,325399.20552335284,129449.29396939903,454848.4994927519,8366.316447324267
772,454849.2604336812,361647.2570405486,93202.00339313262,454849.2604336812,8366.316447324267
773,454850.02137461054,379585.6466910082,75264.37468360235,454850.02137461054,8366.316447324267
774,454850.78231554,428197.8756705898,26652.906644950195,454850.78231554,8366.316447324267
775,454851.54325646936,374390.403556324,80461.13970014534,454851.54325646936,8366.316447324267
776,454852.3041973987,296247.6980201772,158604.60617722155,454852.3041973987,8366.316447324267
777,454853.06513832824,318944.2001077349,135908.86503059333,454853.06513832824,8366.316447324267
778,454853.82607925753,314635.18388035055,140218.64219890695,454853.82607925753,8366.316447324267
779,454854.58702018706,357671.2228008149,97183.36421937216,454854.58702018706,8366.316447324267
780,454855.34796111647,376355.01845801796,78500.32950309853,454855.34796111647,8366.316447324267
781,454856.10890204576,395195.724245318,59660.38465672775,454856.10890204576,8366.316447324267
782,454856.8698429753,415362.74119685637,39494.1286461189,454856.8698429753,8366.316447324267
783,454857.6307839046,406013.5584692346,48844.07231466995,454857.6307839046,8366.316447324267
784,454858.39172483404,405431.70988792833,49426.68183690573,454858.39172483404,8366.316447324267
785,454859.15266576345,399343.5345149309,55515.618150832524,454859.15266576345,8366.316447324267
786,454859.9136066928,430982.6276249853,23877.28598170748,454859.9136066928,8366.316447324267
787,454860.6745476222,437152.1638347562,17708.510712866017,454860.6745476222,8366.316447324267
788,454861.43548855156,454861.43548855156,0.0,454861.43548855156,8366.316447324267
789,454862.196429481,438404.598556759,16457.597872721988,454862.196429481,8366.316447324267
790,454862.9573704104,424485.01179695723,30377.94557345316,454862.9573704104,8366.316447324267
791,454863.7183113398,439813.39738377987,15050.320927559935,454863.7183113398,8366.316447324267
792,454864.47925226926,430763.8052051675,24100.674047101726,454864.47925226926,8366.316447324267
793,454865.2401931986,426807.15583600575,28058.08435719285,454865.2401931986,8366.316447324267
794,454866.001134128,415371.8724880091,39494.1286461189,454866.001134128,8366.316447324267
795,454866.7620750575,388955.06696462026,65911.69511043726,454866.7620750575,8366.316447324267
796,454867.5230159868,321784.6584839153,133082.86453207146,454867.5230159868,8366.316447324267
797,454868.2839569163,239961.3066386605,214906.9773182558,454868.2839569163,8366.316447324267
798,480000.0,0.0,480000.0,480000.0,8366.316447324267
799,480000.0,0.0,480000.0,480000.0,8366.316447324267
800,480000.0,0.0,480000.0,480000.0,8366.316447324267
801,480000.0,0.0,480000.0,480000.0,8366.316447324267
802,474769.2136610498,0.0,474769.2136610498,474769.2136610498,8366.316447324267
803,454872.84960249264,86218.8949819947,368653.95462049794,454872.84960249264,8366.316447324267
804,454873.61054342205,112807.21058684972,342066.39995657234,454873.61054342205,8366.316447324267
805,454874.37148435146,123311.32342005067,331563.0480643008,454874.37148435146,8366.316447324267
806,454875.13242528087,205503.6487285197,249371.48369676116,454875.13242528087,8366.316447324267
807,454875.8933662103,281063.4782152948,173812.41515091548,454875.8933662103,8366.316447324267
808,454876.6543071397,325191.1118597531,129685.54244738659,454876.6543071397,8366.316447324267
809,454877.4152480691,282140.25631619385,172737.15893187528,454877.4152480691,8366.316447324267
810,454878.1761889985,283537.0265876253,171341.14960137318,454878.1761889985,8366.316447324267
811,454878.93712992786,350958.53645384737,103920.40067608049,454878.93712992786,8366.316447324267
812,454879.69807085727,408239.9112835272,46639.78678733005,454879.69807085727,8366.316447324267
813,454880.45901178673,437456.6661213757,17423.79289041105,454880.45901178673,8366.316447324267
814,454881.219952716,422680.1758845092,32201.04406820681,454881.219952716,8366.316447324267
815,454881.9808936454,415667.1903227819,39214.79057086348,454881.9808936454,8366.316447324267
816,454882.7418345749,356166.99028586113,98715.75154871379,454882.7418345749,8366.316447324267
817,454883.50277550425,317912.25654962903,136971.24622587525,454883.50277550425,8366.316447324267
818,454884.26371643366,274981.91722743143,179902.34648900226,454884.26371643366,8366.316447324267
819,454885.0246573631,244895.0564865702,209989.96817079288,454885.0246573631,8366.316447324267
820,454885.7855982924,269130.66818723833,185755.1174110541,454885.7855982924,8366.316447324267
821,454886.54653922195,252078.3258499226,202808.22068929934,454886.54653922195,8366.316447324267
822,454887.30748015136,176930.70291634538,277956.604563806,454887.30748015136,8366.316447324267
823,454888.0684210807,110164.213475394,344723.8549456867,454888.0684210807,8366.316447324267
824,454888.8293620101,27458.665215917164,427430.16414609295,454888.8293620101,8366.316447324267
825,454889.59030293947,107552.64140618133,347336.94889675814,454889.59030293947,8366.316447324267
826,454890.35124386894,240227.3968945794,214662.95434928953,454890.35124386894,8366.316447324267
827,454891.1121847983,300577.3172340985,154313.79495069978,454891.1121847983,8366.316447324267
828,454891.87312572764,336046.9526127799,118844.92051294772,454891.87312572764,8366.316447324267
829,454892.6340666571,361555.718747429,93336.91531922808,454892.6340666571,8366.316447324267
830,454893.39500758646,398739.06810813607,56154.32689945041,454893.39500758646,8366.316447324267
831,454894.1559485159,418743.8210279018,36150.33492061413,454894.1559485159,8366.316447324267
832,454894.9168894453,431905.4956588139,22989.421230631335,454894.9168894453,8366.316447324267
833,454895.6778303747,433105.0245602065,21790.65327016819,454895.6778303747,8366.316447324267
834,454896.4387713042,454896.4387713042,0.0,454896.4387713042,8366.316447324267
835,454897.1997122335,454897.1997122335,0.0,454897.1997122335,8366.316447324267
836,454897.9606531629,454897.9606531629,0.0,454897.9606531629,8366.316447324267
837,454898.7215940924,454898.7215940924,0.0,454898.7215940924,8366.316447324267
838,454899.48253502167,454899.48253502167,0.0,454899.48253502167,8366.316447324267
839,454900.2434759512,439060.51983615576,15839.723639795453,454900.2434759512,8366.316447324267
840,454901.00441688055,397822.8873484293,57078.11706845123,454901.00441688055,8366.316447324267
841,454901.76535780984,318597.48780303856,136304.2775547713,454901.76535780984,8366.316447324267
842,454902.52629873937,238007.1413971179,216895.38490162147,454902.52629873937,8366.316447324267
843,454903.2872396687,230671.5927265426,224231.6945131261,454903.2872396687,8366.316447324267
844,454904.0481805982,105325.02653541678,349579.0216451814,454904.0481805982,8366.316447324267
845,454904.8091215275,12321.58526376367,442583.2238577638,454904.8091215275,8366.316447324267
846,480000.0,0.0,480000.0,480000.0,8366.316447324267
847,456838.59665027115,0.0,456838.59665027115,456838.59665027115,8366.316447324267
848,480000.0,0.0,480000.0,480000.0,8366.316447324267
849,480000.0,0.0,480000.0,480000.0,8366.316447324267
850,454908.6138261745,137078.50199354778,317830.11183262675,454908.6138261745,8366.316447324267
851,454909.37476710393,181047.79215968726,273861.58260741667,454909.37476710393,8366.316447324267
852,454910.13570803346,239835.6829655537,215074.45274247977,454910.13570803346,8366.316447324267
853,454910.89664896275,215635.54619362706,239275.3504553357,454910.89664896275,8366.316447324267
854,454911.6575898921,267520.26975811523,187391.38783177687,454911.6575898921,8366.316447324267
855,454912.41853082157,148425.63706890307,306486.7814619185,454912.41853082157,8366.316447324267
856,454913.1794717509,13096.472207811894,441816.707263939,454913.1794717509,8366.316447324267
857,480000.0,0.0,480000.0,480000.0,8366.316447324267
858,480000.0,0.0,480000.0,480000.0,8366.316447324267
859,480000.0,0.0,480000.0,480000.0,8366.316447324267
860,480000.0,0.0,480000.0,480000.0,8366.316447324267
861,480000.0,0.0,480000.0,480000.0,8366.316447324267
862,459020.5779132193,0.0,459020.5779132193,459020.5779132193,8366.316447324267
863,454918.5060582568,114166.08391594369,340752.4221423131,454918.5060582568,8366.316447324267
864,454919.2669991862,351915.88821175444,103003.37878743176,454919.2669991862,8366.316447324267
865,454920.0279401156,427161.15807008336,27758.869870032253,454920.0279401156,8366.316447324267
866,454920.788881045,454920.788881045,0.0,454920.788881045,8366.316447324267
867,454921.54982197436,454921.54982197436,0.0,454921.54982197436,8366.316447324267
868,454922.31076290377,454922.31076290377,0.0,454922.31076290377,8366.316447324267
869,454923.0717038332,454923.0717038332,0.0,454923.0717038332,8366.316447324267
870,454923.83264476265,433233.3676893882,21690.464955374442,454923.83264476265,8366.316447324267
871,454924.593585692,383351.76500756963,71572.82857812235,454924.593585692,8366.316447324267
872,454925.35452662135,374858.84990222607,80066.50462439528,454925.35452662135,8366.316447324267
873,454926.1154675508,315905.8342536056,139020.2812139452,454926.1154675508,8366.316447324267
874,454926.8764084802,334233.1861791797,120693.6902293005,454926.8764084802,8366.316447324267
875,454927.6373494096,349698.04550925747,105229.59184015209,454927.6373494096,8366.316447324267
876,454928.39829033904,383824.32400834793,71104.07428199111,454928.39829033904,8366.316447324267
877,454929.15923126834,389513.5026101211,65415.656621147216,454929.15923126834,8366.316447324267
878,454929.92017219786,361555.851137704,93374.06903449388,454929.92017219786,8366.316447324267
879,454930.68111312727,316010.502722724,138920.17839040328,454930.68111312727,8366.316447324267
880,454931.44205405656,99235.62046663166,355695.8215874249,454931.44205405656,8366.316447324267
881,480000.0,0.0,480000.0,480000.0,8366.316447324267
882,480000.0,0.0,480000.0,480000.0,8366.316447324267
883,480000.0,0.0,480000.0,480000.0,8366.316447324267
884,480000.0,0.0,480000.0,480000.0,8366.316447324267
885,467252.6335676567,0.0,467252.6335676567,467252.6335676567,8366.316447324267
886,480000.0,0.0,480000.0,480000.0,8366.316447324267
887,480000.0,0.0,480000.0,480000.0,8366.316447324267
888,480000.0,0.0,480000.0,480000.0,8366.316447324267
889,454938.29052242124,24276.00318379025,430662.287338631,454938.29052242124,8366.316447324267
890,454939.0514633506,92604.73632085108,362334.3151424995,454939.0514633506,8366.316447324267
891,454939.8124042801,41314.777920513414,413625.0344837667,454939.8124042801,8366.316447324267
892,454940.5733452094,70724.76059073146,384215.81275447796,454940.5733452094,8366.316447324267
893,454941.3342861388,81565.66379600967,373375.67049012915,454941.3342861388,8366.316447324267
894,454942.09522706823,119181.84487024433,335760.2503568239,454942.09522706823,8366.316447324267
895,454942.8561679976,230422.29232235972,224520.56384563787,454942.8561679976,8366.316447324267
896,454943.617108927,350840.31463180843,104103.30247711856,454943.617108927,8366.316447324267
897,454944.37804985646,441756.0813609961,13188.296688860317,454944.37804985646,8366.316447324267
898,454945.1389907858,454945.1389907858,0.0,454945.1389907858,8366.316447324267
899,454945.8999317153,454945.8999317153,0.0,454945.8999317153,8366.316447324267
900,454946.6608726446,454946.6608726446,0.0,454946.6608726446,8366.316447324267
901,454947.42181357404,454947.42181357404,0.0,454947.42181357404,8366.316447324267
902,454948.1827545035,379418.58886553027,75529.59388897324,454948.1827545035,8366.316447324267
903,454948.94369543274,296988.86203117354,157960.08166425923,454948.94369543274,8366.316447324267
904,454949.7046363623,261685.0416134397,193264.6630229226,454949.7046363623,8366.316447324267
905,454950.4655772917,80532.19608857663,374418.26948871504,454950.4655772917,8366.316447324267
906,454951.226518221,2528.770522122679,452422.45599609835,454951.226518221,8366.316447324267
907,454951.98745915043,5457.0106164581375,449494.9768426923,454951.98745915043,8366.316447324267
908,480000.0,0.0,480000.0,480000.0,8366.316447324267
909,480000.0,0.0,480000.0,480000.0,8366.316447324267
910,480000.0,0.0,480000.0,480000.0,8366.316447324267
911,480000.0,0.0,480000.0,480000.0,8366.316447324267
912,480000.0,0.0,480000.0,480000.0,8366.316447324267
913,480000.0,0.0,480000.0,480000.0,8366.316447324267
914,480000.0,0.0,480000.0,480000.0,8366.316447324267
915,480000.0,0.0,480000.0,480000.0,8366.316447324267
916,480000.0,0.0,480000.0,480000.0,8366.316447324267
917,480000.0,0.0,480000.0,480000.0,8366.316447324267
918,480000.0,0.0,480000.0,480000.0,8366.316447324267
919,465210.20399265015,0.0,465210.20399265015,465210.20399265015,8366.316447324267
920,454961.8796912327,81301.82629745256,373660.05339378014,454961.8796912327,8366.316447324267
921,454962.6406321621,294573.2996709668,160389.34096119527,454962.6406321621,8366.316447324267
922,454963.4015730914,369114.3248325554,85849.07674053605,454963.4015730914,8366.316447324267
923,454964.1625140209,424919.6003544211,30044.562159599813,454964.1625140209,8366.316447324267
924,454964.9234549502,439919.92429487687,15044.99916007333,454964.9234549502,8366.316447324267
925,454965.6843958797,454965.6843958797,0.0,454965.6843958797,8366.316447324267
926,454966.44533680915,454966.44533680915,0.0,454966.44533680915,8366.316447324267
927,454967.20627773844,454967.20627773844,0.0,454967.20627773844,8366.316447324267
928,454967.96721866797,454967.96721866797,0.0,454967.96721866797,8366.316447324267
929,454968.7281595973,454968.7281595973,0.0,454968.7281595973,8366.316447324267
930,454969.4891005267,454969.4891005267,0.0,454969.4891005267,8366.316447324267
931,454970.25004145614,454970.25004145614,0.0,454970.25004145614,8366.316447324267
932,454971.0109823855,433128.5315447956,21842.479437589885,454971.0109823855,8366.316447324267
933,454971.771923315,398640.3655123693,56331.40641094567,454971.771923315,8366.316447324267
934,454972.53286424425,353804.2681892139,101168.26467503038,454972.53286424425,8366.316447324267
935,454973.2938051736,305686.1794089682,149287.11439620543,454973.2938051736,8366.316447324267
936,454974.0547461031,249675.28464177877,205298.77010432436,454974.0547461031,8366.316447324267
937,454974.8156870325,135244.15577108087,319730.6599159516,454974.8156870325,8366.316447324267
938,454975.57662796194,80280.86904107453,374694.7075868874,454975.57662796194,8366.316447324267
939,454976.3375688913,18956.112002861046,436020.22556603025,454976.3375688913,8366.316447324267
940,478059.8040679288,0.0,478059.8040679288,478059.8040679288,8366.316447324267
941,480000.0,0.0,480000.0,480000.0,8366.316447324267
942,480000.0,0.0,480000.0,480000.0,8366.316447324267
943,480000.0,0.0,480000.0,480000.0,8366.316447324267
944,480000.0,0.0,480000.0,480000.0,8366.316447324267
945,454980.9032144677,206.29846615943825,454774.60474830825,454980.9032144677,8366.316447324267
946,454981.6641553972,160435.11280500825,294546.55135038897,454981.6641553972,8366.316447324267
947,454982.4250963265,256511.70280124384,198470.72229508267,454982.4250963265,8366.316447324267
948,454983.18603725586,202474.93533809547,252508.2506991604,454983.18603725586,8366.316447324267
949,454983.9469781853,193996.66423443783,260987.2827437475,454983.9469781853,8366.316447324267
950,454984.70791911473,167663.72977951996,287320.9781395948,454984.70791911473,8366.316447324267
951,454985.46886004414,120918.7383673219,334066.73049272224,454985.46886004414,8366.316447324267
952,454986.22980097355,62416.969800649735,392569.2600003238,454986.22980097355,8366.316447324267
953,480000.0,0.0,480000.0,480000.0,8366.316447324267
954,480000.0,0.0,480000.0,480000.0,8366.316447324267
955,480000.0,0.0,480000.0,480000.0,8366.316447324267
956,480000.0,0.0,480000.0,480000.0,8366.316447324267
957,480000.0,0.0,480000.0,480000.0,8366.316447324267
958,480000.0,0.0,480000.0,480000.0,8366.316447324267
959,480000.0,0.0,480000.0,480000.0,8366.316447324267
960,480000.0,0.0,480000.0,480000.0,8366.316447324267
961,480000.0,0.0,480000.0,480000.0,8366.316447324267
962,480000.0,0.0,480000.0,480000.0,8366.316447324267
963,480000.0,0.0,480000.0,480000.0,8366.316447324267
964,480000.0,0.0,480000.0,480000.0,8366.316447324267
965,480000.0,0.0,480000.0,480000.0,8366.316447324267
966,480000.0,0.0,480000.0,480000.0,8366.316447324267
967,480000.0,0.0,480000.0,480000.0,8366.316447324267
968,480000.0,0.0,480000.0,480000.0,8366.316447324267
969,480000.0,0.0,480000.0,480000.0,8366.316447324267
970,480000.0,0.0,480000.0,480000.0,8366.316447324267
971,480000.0,0.0,480000.0,480000.0,8366.316447324267
972,480000.0,0.0,480000.0,480000.0,8366.316447324267
973,480000.0,0.0,480000.0,480000.0,8366.316447324267
974,480000.0,0.0,480000.0,480000.0,8366.316447324267
975,480000.0,0.0,480000.0,480000.0,8366.316447324267
976,480000.0,0.0,480000.0,480000.0,8366.316447324267
977,480000.0,0.0,480000.0,480000.0,8366.316447324267
978,480000.0,0.0,480000.0,480000.0,8366.316447324267
979,480000.0,0.0,480000.0,480000.0,8366.316447324267
980,480000.0,0.0,480000.0,480000.0,8366.316447324267
981,480000.0,0.0,480000.0,480000.0,8366.316447324267
982,480000.0,0.0,480000.0,480000.0,8366.316447324267
983,480000.0,0.0,480000.0,480000.0,8366.316447324267
984,480000.0,0.0,480000.0,480000.0,8366.316447324267
985,480000.0,0.0,480000.0,480000.0,8366.316447324267
986,480000.0,0.0,480000.0,480000.0,8366.316447324267
987,480000.0,0.0,480000.0,480000.0,8366.316447324267
988,480000.0,0.0,480000.0,480000.0,8366.316447324267
989,480000.0,0.0,480000.0,480000.0,8366.316447324267
990,480000.0,0.0,480000.0,480000.0,8366.316447324267
991,480000.0,0.0,480000.0,480000.0,8366.316447324267
992,480000.0,0.0,480000.0,480000.0,8366.316447324267
993,480000.0,0.0,480000.0,480000.0,8366.316447324267
994,480000.0,0.0,480000.0,480000.0,8366.316447324267
995,480000.0,0.0,480000.0,480000.0,8366.316447324267
996,480000.0,0.0,480000.0,480000.0,8366.316447324267
997,480000.0,0.0,480000.0,480000.0,8366.316447324267
998,480000.0,0.0,480000.0,480000.0,8366.316447324267
999,480000.0,0.0,480000.0,480000.0,8366.316447324267
1000,480000.0,0.0,480000.0,480000.0,8366.316447324267
1001,480000.0,0.0,480000.0,480000.0,8366.316447324267
1002,480000.0,0.0,480000.0,480000.0,8366.316447324267
1003,480000.0,0.0,480000.0,480000.0,8366.316447324267
1004,480000.0,0.0,480000.0,480000.0,8366.316447324267
1005,480000.0,0.0,480000.0,480000.0,8366.316447324267
1006,470016.1079685934,0.0,470016.1079685934,470016.1079685934,8366.316447324267
1007,480000.0,0.0,480000.0,480000.0,8366.316447324267
1008,455028.84249302006,227856.16863349182,227172.67385952824,455028.84249302006,8366.316447324267
1009,455029.60343394947,90110.89560555603,364918.70782839344,455029.60343394947,8366.316447324267
1010,455030.3643748789,56608.05146545521,398422.31290942366,455030.3643748789,8366.316447324267
1011,455031.1253158083,34238.37884464307,420792.7464711652,455031.1253158083,8366.316447324267
1012,455031.8862567377,113227.63540655543,341804.25085018226,455031.8862567377,8366.316447324267
1013,455032.6471976671,127819.84874804929,327212.7984496178,455032.6471976671,8366.316447324267
1014,455033.40813859645,113208.23089544941,341825.17724314705,455033.40813859645,8366.316447324267
1015,455034.16907952586,214812.23655032346,240221.9325292024,455034.16907952586,8366.316447324267
1016,455034.9300204553,317132.3639171717,137902.56610328358,455034.9300204553,8366.316447324267
1017,455035.6909613847,369678.77053756994,85356.92042381475,455035.6909613847,8366.316447324267
1018,455036.4519023141,398842.42588674335,56194.02601557072,455036.4519023141,8366.316447324267
1019,455037.2128432435,419182.89022499847,35854.322618245016,455037.2128432435,8366.316447324267
1020,455037.9737841729,398529.217964609,56508.755819563914,455037.9737841729,8366.316447324267
1021,455038.7347251022,364898.60409916204,90140.13062594019,455038.7347251022,8366.316447324267
1022,455039.4956660318,360659.53291840776,94379.96274762401,455039.4956660318,8366.316447324267
1023,455040.2566069611,362323.03779843985,92717.21880852123,455040.2566069611,8366.316447324267
1024,455041.01754789054,365142.1116720416,89898.90587584894,455041.01754789054,8366.316447324267
1025,455041.77848881995,317174.3557226284,137867.4227661915,455041.77848881995,8366.316447324267
1026,455042.53942974925,170251.818375459,284790.72105429025,455042.53942974925,8366.316447324267
1027,455043.3003706787,38996.65514792374,416046.645222755,455043.3003706787,8366.316447324267
1028,455044.0613116081,15443.717420889938,439600.3438907182,455044.0613116081,8366.316447324267
1029,480000.0,0.0,480000.0,480000.0,8366.316447324267
1030,480000.0,0.0,480000.0,480000.0,8366.316447324267
1031,466497.5708005359,0.0,466497.5708005359,466497.5708005359,8366.316447324267
1032,461284.0167067366,0.0,461284.0167067366,461284.0167067366,8366.316447324267
1033,455047.8660162551,100251.2940282785,354796.5719879766,455047.8660162551,8366.316447324267
1034,455048.6269571845,199755.70813776806,255292.91881941646,455048.6269571845,8366.316447324267
1035,455049.387898114,289443.78595113,165605.601946984,455049.387898114,8366.316447324267
1036,455050.1488390432,322539.48284521163,132510.66599383162,455050.1488390432,8366.316447324267
1037,455050.90977997286,313779.32042850414,141271.5893514687,455050.90977997286,8366.316447324267
1038,455051.67072090216,306225.6498711045,148826.0208497976,455051.67072090216,8366.316447324267
1039,455052.4316618315,283689.16000095545,171363.27166087605,455052.4316618315,8366.316447324267
1040,455053.192602761,301851.87938458,153201.31321818096,455053.192602761,8366.316447324267
1041,455053.95354369027,303864.8664707128,151189.08707297742,455053.95354369027,8366.316447324267
1042,455054.7144846197,358919.24801503046,96135.4664695892,455054.7144846197,8366.316447324267
1043,455055.4754255492,455055.4754255492,0.0,455055.4754255492,8366.316447324267
1044,455056.2363664785,432974.63782750146,22081.598538977047,455056.2363664785,8366.316447324267
1045,455056.99730740796,414769.6257859424,40287.37152146555,455056.99730740796,8366.316447324267
1046,455057.7582483373,399170.4521165238,55887.30613181349,455057.7582483373,8366.316447324267
1047,455058.5191892667,391722.0780195885,63336.44116967822,455058.5191892667,8366.316447324267
1048,455059.28013019625,318823.6241218884,136235.6560083078,455059.28013019625,8366.316447324267
1049,455060.0410711256,206061.2349805061,248998.8060906195,455060.0410711256,8366.316447324267
1050,455060.802012055,117188.0950881893,337872.7069238657,455060.802012055,8366.316447324267
1051,455061.56295298436,114532.73113191087,340528.8318210735,455061.56295298436,8366.316447324267
1052,455062.32389391377,83494.3549288123,371567.96896510146,455062.32389391377,8366.316447324267
1053,455063.08483484323,62499.43847979914,392563.6463550441,455063.08483484323,8366.316447324267
1054,455063.8457757725,66536.67888100876,388527.16689476377,455063.8457757725,8366.316447324267
1055,455064.6067167019,17975.692970379198,437088.9137463227,455064.6067167019,8366.316447324267
1056,455065.36765763134,26715.79539103317,428349.5722665982,455065.36765763134,8366.316447324267
1057,480000.0,0.0,480000.0,480000.0,8366.316447324267
1058,480000.0,0.0,480000.0,480000.0,8366.316447324267
1059,480000.0,0.0,480000.0,480000.0,8366.316447324267
1060,480000.0,0.0,480000.0,480000.0,8366.316447324267
1061,480000.0,0.0,480000.0,480000.0,8366.316447324267
1062,480000.0,0.0,480000.0,480000.0,8366.316447324267
1063,480000.0,0.0,480000.0,480000.0,8366.316447324267
1064,480000.0,0.0,480000.0,480000.0,8366.316447324267
1065,480000.0,0.0,480000.0,480000.0,8366.316447324267
1066,480000.0,0.0,480000.0,480000.0,8366.316447324267
1067,480000.0,0.0,480000.0,480000.0,8366.316447324267
1068,480000.0,0.0,480000.0,480000.0,8366.316447324267
1069,459219.75922115246,0.0,459219.75922115246,459219.75922115246,8366.316447324267
1070,455076.02083064296,32784.62657302432,422291.39425761864,455076.02083064296,8366.316447324267
1071,455076.78177157236,122917.96236651886,332158.8194050535,455076.78177157236,8366.316447324267
1072,455077.5427125018,31238.520034058893,423839.0226784429,455077.5427125018,8366.316447324267
1073,464058.0250741878,0.0,464058.0250741878,464058.0250741878,8366.316447324267
1074,480000.0,0.0,480000.0,480000.0,8366.316447324267
1075,480000.0,0.0,480000.0,480000.0,8366.316447324267
1076,480000.0,0.0,480000.0,480000.0,8366.316447324267
1077,480000.0,0.0,480000.0,480000.0,8366.316447324267
1078,480000.0,0.0,480000.0,480000.0,8366.316447324267
1079,480000.0,0.0,480000.0,480000.0,8366.316447324267
1080,480000.0,0.0,480000.0,480000.0,8366.316447324267
1081,480000.0,0.0,480000.0,480000.0,8366.316447324267
1082,467737.64362208283,0.0,467737.64362208283,467737.64362208283,8366.316447324267
1083,455085.91306272516,181726.37336176186,273359.5397009633,455085.91306272516,8366.316447324267
1084,455086.6740036547,208501.68699024143,246584.98701341325,455086.6740036547,8366.316447324267
1085,455087.434944584,113661.73095166183,341425.70399292215,455087.434944584,8366.316447324267
1086,455088.1958855134,168119.28261694632,286968.91326856706,455088.1958855134,8366.316447324267
1087,455088.95682644285,116302.0099853272,338786.94684111566,455088.95682644285,8366.316447324267
1088,455089.7177673722,245950.72152435756,209138.99624301464,455089.7177673722,8366.316447324267
1089,455090.47870830155,321390.7866381295,133699.69207017208,455090.47870830155,8366.316447324267
1090,455091.2396492311,337317.03625313024,117774.20339610086,455091.2396492311,8366.316447324267
1091,455092.0005901604,350107.7434591195,104984.25713104085,455092.0005901604,8366.316447324267
1092,455092.7615310899,338462.4962863108,116630.26524477913,455092.7615310899,8366.316447324267
1093,455093.52247201925,308441.42064862576,146652.1018233935,455093.52247201925,8366.316447324267
1094,455094.28341294854,247646.82445371957,207447.45895922897,455094.28341294854,8366.316447324267
1095,455095.04435387807,227667.24415932165,227427.80019455642,455095.04435387807,8366.316447324267
1096,455095.8052948074,205242.02278859878,249853.78250620863,455095.8052948074,8366.316447324267
1097,455096.5662357369,165383.3287701413,289713.2374655956,455096.5662357369,8366.316447324267
1098,455097.3271766662,115609.11758604314,339488.20959062304,455097.3271766662,8366.316447324267
1099,458526.6999777178,0.0,458526.6999777178,458526.6999777178,8366.316447324267
1100,480000.0,0.0,480000.0,480000.0,8366.316447324267
1101,464782.6256519327,0.0,464782.6256519327,464782.6256519327,8366.316447324267
1102,455100.3709403839,135705.2056848723,319395.1652555116,455100.3709403839,8366.316447324267
1103,455101.1318813132,25432.97572469618,429668.15615661704,455101.1318813132,8366.316447324267
1104,455101.89282224263,138309.08009065356,316792.8127315891,455101.89282224263,8366.316447324267
1105,455102.65376317216,192542.6527582099,262560.00100496225,455102.65376317216,8366.316447324267
1106,455103.41470410145,251335.36784005346,203768.046864048,455103.41470410145,8366.316447324267
1107,455104.17564503086,245007.8794121592,210096.29623287165,455104.17564503086,8366.316447324267
1108,455104.93658596027,243702.9271351998,211402.00945076047,455104.93658596027,8366.316447324267
1109,455105.6975268896,269771.3656539574,185334.3318729322,455105.6975268896,8366.316447324267
1110,455106.45846781915,270571.1560876795,184535.30238013965,455106.45846781915,8366.316447324267
1111,455107.2194087485,239425.2045796249,215682.0148291236,455107.2194087485,8366.316447324267
1112,455107.98034967785,361675.1555423321,93432.82480734577,455107.98034967785,8366.316447324267
1113,455108.74129060726,407509.828793478,47598.912497129226,455108.74129060726,8366.316447324267
1114,455109.5022315367,407639.7826955002,47469.71953603652,455109.5022315367,8366.316447324267
1115,455110.263172466,401179.7068264772,53930.55634598883,455110.263172466,8366.316447324267
1116,455111.0241133955,393841.6307030966,61269.39341029883,455111.0241133955,8366.316447324267
1117,455111.7850543249,380648.2295336352,74463.5555206897,455111.7850543249,8366.316447324267
1118,455112.5459952543,372724.64089184324,82387.90510341107,455112.5459952543,8366.316447324267
1119,455113.3069361837,385155.88651796104,69957.42041822268,455113.3069361837,8366.316447324267
1120,455114.06787711306,388162.00499611866,66952.06288099439,455114.06787711306,8366.316447324267
1121,455114.8288180425,414253.2423843198,40861.58643372272,455114.8288180425,8366.316447324267
1122,455115.5897589719,427004.40382859536,28111.185930376527,455115.5897589719,8366.316447324267
1123,455116.35069990135,390370.0265876467,64746.32411225469,455116.35069990135,8366.316447324267
1124,455117.1116408307,401126.2983720804,53990.8132687503,455117.1116408307,8366.316447324267
1125,455117.87258176005,446016.48391555523,9101.388666204803,455117.87258176005,8366.316447324267
1126,455118.6335226895,455118.6335226895,0.0,455118.6335226895,8366.316447324267
1127,455119.3944636189,455119.3944636189,0.0,455119.3944636189,8366.316447324267
1128,455120.1554045483,455120.1554045483,0.0,455120.1554045483,8366.316447324267
1129,455120.91634547774,428019.11165141646,27101.80469406129,455120.91634547774,8366.316447324267
1130,455121.677286407,435710.78857827187,19410.888708135142,455121.677286407,8366.316447324267
1131,455122.43822733656,431210.1733256235,23912.264901713053,455122.43822733656,8366.316447324267
1132,455123.19916826603,422968.12173444696,32155.07743381904,455123.19916826603,8366.316447324267
1133,455123.96010919526,392433.5468762203,62690.41323297495,455123.96010919526,8366.316447324267
1134,455124.72105012473,352013.621406183,103111.09964394175,455124.72105012473,8366.316447324267
1135,455125.4819910541,314607.2875855534,140518.19440550066,455125.4819910541,8366.316447324267
1136,455126.24293198355,198834.12827173242,256292.11466025113,455126.24293198355,8366.316447324267
1137,455127.00387291296,241016.2795376774,214110.72433523557,455127.00387291296,8366.316447324267
1138,455127.7648138423,362499.5162877146,92628.24852612772,455127.7648138423,8366.316447324267
1139,455128.5257547717,335538.66422789305,119589.86152687867,455128.5257547717,8366.316447324267
1140,455129.2866957011,311733.132320323,143396.1543753781,455129.2866957011,8366.316447324267
1141,455130.04763663054,252431.04771062982,202698.99992600072,455130.04763663054,8366.316447324267
1142,455130.80857756,179040.19510710577,276090.61347045423,455130.80857756,8366.316447324267
1143,455131.5695184893,124786.66793750378,330344.9015809855,455131.5695184893,8366.316447324267
1144,455132.3304594188,42445.580148904526,412686.7503105143,455132.3304594188,8366.316447324267
1145,480000.0,0.0,480000.0,480000.0,8366.316447324267
1146,480000.0,0.0,480000.0,480000.0,8366.316447324267
1147,480000.0,0.0,480000.0,480000.0,8366.316447324267
1148,480000.0,0.0,480000.0,480000.0,8366.316447324267
1149,480000.0,0.0,480000.0,480000.0,8366.316447324267
1150,480000.0,0.0,480000.0,480000.0,8366.316447324267
1151,480000.0,0.0,480000.0,480000.0,8366.316447324267
1152,480000.0,0.0,480000.0,480000.0,8366.316447324267
1153,480000.0,0.0,480000.0,480000.0,8366.316447324267
1154,480000.0,0.0,480000.0,480000.0,8366.316447324267
1155,480000.0,0.0,480000.0,480000.0,8366.316447324267
1156,480000.0,0.0,480000.0,480000.0,8366.316447324267
1157,480000.0,0.0,480000.0,480000.0,8366.316447324267
1158,480000.0,0.0,480000.0,480000.0,8366.316447324267
1159,480000.0,0.0,480000.0,480000.0,8366.316447324267
1160,480000.0,0.0,480000.0,480000.0,8366.316447324267
1161,480000.0,0.0,480000.0,480000.0,8366.316447324267
1162,480000.0,0.0,480000.0,480000.0,8366.316447324267
1163,455146.78833707736,18673.16236556822,436473.62597150914,455146.78833707736,8366.316447324267
1164,455147.5492780068,55973.24496096803,399174.30431703874,455147.5492780068,8366.316447324267
1165,455148.3102189362,60465.614180201024,394682.69603873516,455148.3102189362,8366.316447324267
1166,480000.0,0.0,480000.0,480000.0,8366.316447324267
1167,455149.832100795,254607.61933686733,200542.21276392767,455149.832100795,8366.316447324267
1168,480000.0,0.0,480000.0,480000.0,8366.316447324267
1169,480000.0,0.0,480000.0,480000.0,8366.316447324267
1170,480000.0,0.0,480000.0,480000.0,8366.316447324267
1171,468058.5394740236,0.0,468058.5394740236,468058.5394740236,8366.316447324267
1172,480000.0,0.0,480000.0,480000.0,8366.316447324267
1173,480000.0,0.0,480000.0,480000.0,8366.316447324267
1174,480000.0,0.0,480000.0,480000.0,8366.316447324267
1175,480000.0,0.0,480000.0,480000.0,8366.316447324267
1176,480000.0,0.0,480000.0,480000.0,8366.316447324267
1177,480000.0,0.0,480000.0,480000.0,8366.316447324267
1178,480000.0,0.0,480000.0,480000.0,8366.316447324267
1179,480000.0,0.0,480000.0,480000.0,8366.316447324267
1180,480000.0,0.0,480000.0,480000.0,8366.316447324267
1181,480000.0,0.0,480000.0,480000.0,8366.316447324267
1182,480000.0,0.0,480000.0,480000.0,8366.316447324267
1183,480000.0,0.0,480000.0,480000.0,8366.316447324267
1184,480000.0,0.0,480000.0,480000.0,8366.316447324267
1185,480000.0,0.0,480000.0,480000.0,8366.316447324267
1186,480000.0,0.0,480000.0,480000.0,8366.316447324267
1187,480000.0,0.0,480000.0,480000.0,8366.316447324267
1188,480000.0,0.0,480000.0,480000.0,8366.316447324267
1189,480000.0,0.0,480000.0,480000.0,8366.316447324267
1190,480000.0,0.0,480000.0,480000.0,8366.316447324267
1191,480000.0,0.0,480000.0,480000.0,8366.316447324267
1192,480000.0,0.0,480000.0,480000.0,8366.316447324267
1193,480000.0,0.0,480000.0,480000.0,8366.316447324267
1194,479712.5531591545,0.0,479712.5531591545,479712.5531591545,8366.316447324267
1195,480000.0,0.0,480000.0,480000.0,8366.316447324267
1196,475839.64363052207,0.0,475839.64363052207,475839.64363052207,8366.316447324267
1197,455554.1573562551,0.0,455554.1573562551,455554.1573562551,8366.316447324267
1198,471420.6426770701,0.0,471420.6426770701,471420.6426770701,8366.316447324267
1199,455174.1822105359,23413.96694109263,431760.2152694433,455174.1822105359,8366.316447324267
1200,455174.94315146527,51943.07207085431,403231.87108061096,455174.94315146527,8366.316447324267
1201,455175.7040923946,53283.36156841228,401892.34252398234,455175.7040923946,8366.316447324267
1202,455176.465033324,107708.00205540418,347468.46297791984,455176.465033324,8366.316447324267
1203,455177.22597425344,41952.95975729922,413224.2662169542,455177.22597425344,8366.316447324267
1204,455177.98691518296,182163.61796157766,273014.3689536053,455177.98691518296,8366.316447324267
1205,455178.7478561122,140340.33539150353,314838.4124646087,455178.7478561122,8366.316447324267
1206,455179.5087970416,229749.85043203432,225429.6583650073,455179.5087970416,8366.316447324267
1207,455180.26973797113,246428.66263245948,208751.60710551165,455180.26973797113,8366.316447324267
1208,455181.0306789005,238529.29402941721,216651.73664948327,455181.0306789005,8366.316447324267
1209,455181.7916198299,384196.511120848,70985.28049898188,455181.7916198299,8366.316447324267
1210,455182.5525607593,409292.8795645866,45889.672996172696,455182.5525607593,8366.316447324267
1211,455183.31350168865,413728.7387992865,41454.57470240215,455183.31350168865,8366.316447324267
1212,455184.0744426181,436852.89570923115,18331.17873338696,455184.0744426181,8366.316447324267
1213,455184.8353835475,435894.61521735525,19290.22016619226,455184.8353835475,8366.316447324267
1214,455185.5963244768,438414.5782032721,16771.01812120475,455185.5963244768,8366.316447324267
1215,455186.3572654063,435377.8142655317,19808.542999874568,455186.3572654063,8366.316447324267
1216,455187.1182063357,424042.21283018636,31144.905376149327,455187.1182063357,8366.316447324267
1217,455187.8791472651,416316.4677214027,38871.4114258624,455187.8791472651,8366.316447324267
1218,455188.6400881944,368172.7007480685,87015.93934012591,455188.6400881944,8366.316447324267
1219,455189.40102912387,306773.6088678459,148415.79216127796,455189.40102912387,8366.316447324267
1220,455190.16197005333,255063.7698216559,200126.39214839743,455190.16197005333,8366.316447324267
1221,455190.92291098274,108136.74552185851,347054.17738912423,455190.92291098274,8366.316447324267
1222,455191.6838519121,64247.67774525925,390944.00610665284,455191.6838519121,8366.316447324267
1223,455192.4447928415,7000.149418316083,448192.2953745254,455192.4447928415,8366.316447324267
1224,455193.2057337709,29051.76302485977,426141.44270891114,455193.2057337709,8366.316447324267
1225,455193.9666747004,68566.60306483967,386627.3636098607,455193.9666747004,8366.316447324267
1226,458128.1338771253,0.0,458128.1338771253,458128.1338771253,8366.316447324267
1227,455195.4885565591,29347.542014023405,425847.9465425357,455195.4885565591,8366.316447324267
1228,455196.24949748855,71602.64391544688,383593.60558204167,455196.24949748855,8366.316447324267
1229,455197.0104384179,63038.6337435263,392158.3766948916,455197.0104384179,8366.316447324267
1230,455197.77137934737,12079.65231801424,443118.1190613331,455197.77137934737,8366.316447324267
1231,478232.5147141921,0.0,478232.5147141921,478232.5147141921,8366.316447324267
1232,455199.293261206,125488.46698518202,329710.826276024,455199.293261206,8366.316447324267
1233,455200.05420213554,71943.02318757912,383257.0310145564,455200.05420213554,8366.316447324267
1234,455200.81514306495,144469.35517396207,310731.45996910287,455200.81514306495,8366.316447324267
1235,455201.5760839943,336386.12243875023,118815.45364524407,455201.5760839943,8366.316447324267
1236,455202.33702492376,274492.3349109424,180710.00211398135,455202.33702492376,8366.316447324267
1237,455203.09796585306,173519.81498029502,281683.28298555803,455203.09796585306,8366.316447324267
1238,455203.8589067826,52978.608400545374,402225.2505062372,455203.8589067826,8366.316447324267
1239,455204.619847712,9637.241358933446,445567.37848877854,455204.619847712,8366.316447324267
1240,455205.3807886413,18513.434611854143,436691.94617678714,455205.3807886413,8366.316447324267
1241,480000.0,0.0,480000.0,480000.0,8366.316447324267
1242,480000.0,0.0,480000.0,480000.0,8366.316447324267
1243,480000.0,0.0,480000.0,480000.0,8366.316447324267
1244,480000.0,0.0,480000.0,480000.0,8366.316447324267
1245,480000.0,0.0,480000.0,480000.0,8366.316447324267
1246,480000.0,0.0,480000.0,480000.0,8366.316447324267
1247,480000.0,0.0,480000.0,480000.0,8366.316447324267
1248,480000.0,0.0,480000.0,480000.0,8366.316447324267
1249,469537.521552111,0.0,469537.521552111,469537.521552111,8366.316447324267
1250,478101.0504818611,0.0,478101.0504818611,478101.0504818611,8366.316447324267
1251,457946.704255179,0.0,457946.704255179,457946.704255179,8366.316447324267
1252,455214.51207979413,313.48035013343906,454901.0317296607,455214.51207979413,8366.316447324267
1253,455215.27302072354,22862.876327913138,432352.3966928104,455215.27302072354,8366.316447324267
1254,455216.03396165295,66097.53365375468,389118.50030789827,455216.03396165295,8366.316447324267
1255,455216.7949025823,148700.6237040838,306516.1711984985,455216.7949025823,8366.316447324267
1256,455217.55584351183,233527.5212440637,221690.03459944812,455217.55584351183,8366.316447324267
1257,455218.3167844412,354112.44559762994,101105.87118681124,455218.3167844412,8366.316447324267
1258,455219.07772537053,432953.0928426873,22265.984882683228,455219.07772537053,8366.316447324267
1259,455219.83866629994,455219.83866629994,0.0,455219.83866629994,8366.316447324267
1260,455220.59960722935,455220.59960722935,0.0,455220.59960722935,8366.316447324267
1261,455221.36054815876,455221.36054815876,0.0,455221.36054815876,8366.316447324267
1262,455222.1214890882,455222.1214890882,0.0,455222.1214890882,8366.316447324267
1263,455222.8824300176,397857.8261812857,57365.05624873183,455222.8824300176,8366.316447324267
1264,455223.643370947,373999.0323169771,81224.61105396989,455223.643370947,8366.316447324267
1265,455224.4043118764,327360.16418209416,127864.24012978225,455224.4043118764,8366.316447324267
1266,455225.1652528058,201903.55519766052,253321.61005514528,455225.1652528058,8366.316447324267
1267,455225.92619373515,79976.15763574262,375249.76855799253,455225.92619373515,8366.316447324267
1268,455226.68713466456,20943.456386833393,434283.23074783117,455226.68713466456,8366.316447324267
1269,463514.1951937507,0.0,463514.1951937507,463514.1951937507,8366.316447324267
1270,455228.2090165234,20867.543884380488,434360.6651321429,455228.2090165234,8366.316447324267
1271,455228.9699574528,24992.546740826976,430236.4232166258,455228.9699574528,8366.316447324267
1272,455229.7308983822,54103.952123631665,401125.77877475054,455229.7308983822,8366.316447324267
1273,455230.49183931155,51946.18415416434,403284.3076851472,455230.49183931155,8366.316447324267
1274,455231.25278024096,63110.91083505488,392120.3419451861,455231.25278024096,8366.316447324267
1275,455232.0137211705,26446.439650385233,428785.57407078525,455232.0137211705,8366.316447324267
1276,455232.7746620998,24472.99896162434,430759.77570047544,455232.7746620998,8366.316447324267
1277,455233.53560302925,12030.651928533975,443202.8836744953,455233.53560302925,8366.316447324267
1278,455234.29654395866,37513.66923285002,417720.62731110863,455234.29654395866,8366.316447324267
1279,455235.05748488795,57726.002817595785,397509.05466729216,455235.05748488795,8366.316447324267
1280,455235.8184258174,205733.95509694054,249501.86332887688,455235.8184258174,8366.316447324267
1281,455236.5793667468,361007.98174646095,94228.59762028587,455236.5793667468,8366.316447324267
1282,455237.3403076761,349137.6562164938,106099.68409118228,455237.3403076761,8366.316447324267
1283,455238.10124860564,344252.0612265381,110986.04002206754,455238.10124860564,8366.316447324267
1284,455238.862189535,347084.94558238675,108153.91660714823,455238.862189535,8366.316447324267
1285,455239.6231304644,359752.2961336233,95487.32699684113,455239.6231304644,8366.316447324267
1286,455240.3840713938,364883.8950618773,90356.48900951647,455240.3840713938,8366.316447324267
1287,455241.1450123232,375607.81409854756,79633.33091377567,455241.1450123232,8366.316447324267
1288,455241.9059532527,383632.32088581,71609.58506744266,455241.9059532527,8366.316447324267
1289,455242.66689418204,396097.1496266189,59145.51726756317,455242.66689418204,8366.316447324267
1290,455243.4278351115,370134.59323973564,85108.83459537585,455243.4278351115,8366.316447324267
1291,455244.18877604086,380855.2078856428,74388.98089039804,455244.18877604086,8366.316447324267
1292,455244.9497169702,358377.3368410501,96867.61287592008,455244.9497169702,8366.316447324267
1293,455245.71065789973,358627.46760334837,96618.24305455135,455245.71065789973,8366.316447324267
1294,455246.47159882897,367020.98995083827,88225.48164799069,455246.47159882897,8366.316447324267
1295,455247.2325397584,385201.30367486895,70045.92886488941,455247.2325397584,8366.316447324267
1296,455247.9934806879,382423.5362156018,72824.45726508614,455247.9934806879,8366.316447324267
1297,455248.7544216172,395959.49324164534,59289.26117997186,455248.7544216172,8366.316447324267
1298,455249.51536254666,410883.59185740206,44365.923505144594,455249.51536254666,8366.316447324267
1299,455250.276303476,435400.3483361891,19849.927967286923,455250.276303476,8366.316447324267
1300,455251.0372444054,455251.0372444054,0.0,455251.0372444054,8366.316447324267
1301,455251.7981853349,455251.7981853349,0.0,455251.7981853349,8366.316447324267
1302,455252.5591262643,455252.5591262643,0.0,455252.5591262643,8366.316447324267
1303,455253.3200671937,455253.3200671937,0.0,455253.3200671937,8366.316447324267
1304,455254.08100812306,455254.08100812306,0.0,455254.08100812306,8366.316447324267
1305,455254.84194905247,455254.84194905247,0.0,455254.84194905247,8366.316447324267
1306,455255.60288998194,455255.60288998194,0.0,455255.60288998194,8366.316447324267
1307,455256.3638309112,455256.3638309112,0.0,455256.3638309112,8366.316447324267
1308,455257.12477184064,455257.12477184064,0.0,455257.12477184064,8366.316447324267
1309,455257.88571277005,455257.88571277005,0.0,455257.88571277005,8366.316447324267
1310,455258.64665369946,455258.64665369946,0.0,455258.64665369946,8366.316447324267
1311,455259.4075946289,446306.1395619946,8953.268032634329,455259.4075946289,8366.316447324267
1312,455260.1685355582,453783.37030453666,1476.7982310215787,455260.1685355582,8366.316447324267
1313,455260.9294764877,439704.0149676813,15556.914508806369,455260.9294764877,8366.316447324267
1314,455261.6904174171,429668.66250948276,25593.027907934353,455261.6904174171,8366.316447324267
1315,455262.4513583465,415203.1829564955,40059.26840185099,455262.4513583465,8366.316447324267
1316,455263.21229927597,398716.7862089247,56546.426090351255,455263.21229927597,8366.316447324267
1317,455263.9732402053,392269.58585147077,62994.38738873455,455263.9732402053,8366.316447324267
1318,455264.73418113467,415738.03247714497,39526.70170398969,455264.73418113467,8366.316447324267
1319,455265.49512206414,414055.2855710362,41210.20955102794,455265.49512206414,8366.316447324267
1320,455266.25606299355,402254.4898381934,53011.76622480015,455266.25606299355,8366.316447324267
1321,455267.0170039228,404430.2847081259,50836.73229579686,455267.0170039228,8366.316447324267
1322,455267.7779448523,401153.9880686993,54113.789876152994,455267.7779448523,8366.316447324267
1323,455268.5388857817,411863.20694604487,43405.33193973685,455268.5388857817,8366.316447324267
1324,455269.29982671107,418390.7157711182,36878.5840555929,455269.29982671107,8366.316447324267
1325,455270.0607676405,426853.60617398226,28416.4545936582,455270.0607676405,8366.316447324267
1326,455270.8217085699,413462.8716642036,41807.9500443663,455270.8217085699,8366.316447324267
1327,455271.5826494993,392161.7929105172,63109.789738982094,455271.5826494993,8366.316447324267
1328,455272.3435904288,388749.0193366789,66523.32425374989,455272.3435904288,8366.316447324267
1329,455273.1045313581,388137.19772020675,67135.90681115135,455273.1045313581,8366.316447324267
1330,455273.8654722875,426334.5989596711,28939.266512616443,455273.8654722875,8366.316447324267
1331,455274.6264132169,455274.6264132169,0.0,455274.6264132169,8366.316447324267
1332,455275.3873541464,455275.3873541464,0.0,455275.3873541464,8366.316447324267
1333,455276.14829507575,455276.14829507575,0.0,455276.14829507575,8366.316447324267
1334,455276.90923600504,455276.90923600504,0.0,455276.90923600504,8366.316447324267
1335,455277.67017693457,444983.73034286156,10293.939834073006,455277.67017693457,8366.316447324267
1336,455278.43111786386,430800.3784690804,24478.052648783487,455278.43111786386,8366.316447324267
1337,455279.1920587934,369139.1436104251,86140.04844836828,455279.1920587934,8366.316447324267
1338,455279.95299972274,344466.4299577342,110813.52304198856,455279.95299972274,8366.316447324267
1339,455280.7139406521,208166.5577822845,247114.15615836758,455280.7139406521,8366.316447324267
1340,455281.47488158155,58230.4414867154,397051.03339486616,455281.47488158155,8366.316447324267
1341,473931.15610207757,0.0,473931.15610207757,473931.15610207757,8366.316447324267
1342,480000.0,0.0,480000.0,480000.0,8366.316447324267
1343,480000.0,0.0,480000.0,480000.0,8366.316447324267
1344,480000.0,0.0,480000.0,480000.0,8366.316447324267
1345,480000.0,0.0,480000.0,480000.0,8366.316447324267
1346,480000.0,0.0,480000.0,480000.0,8366.316447324267
1347,480000.0,0.0,480000.0,480000.0,8366.316447324267
1348,480000.0,0.0,480000.0,480000.0,8366.316447324267
1349,480000.0,0.0,480000.0,480000.0,8366.316447324267
1350,480000.0,0.0,480000.0,480000.0,8366.316447324267
1351,480000.0,0.0,480000.0,480000.0,8366.316447324267
1352,480000.0,0.0,480000.0,480000.0,8366.316447324267
1353,480000.0,0.0,480000.0,480000.0,8366.316447324267
1354,480000.0,0.0,480000.0,480000.0,8366.316447324267
1355,480000.0,0.0,480000.0,480000.0,8366.316447324267
1356,480000.0,0.0,480000.0,480000.0,8366.316447324267
1357,480000.0,0.0,480000.0,480000.0,8366.316447324267
1358,480000.0,0.0,480000.0,480000.0,8366.316447324267
1359,480000.0,0.0,480000.0,480000.0,8366.316447324267
1360,480000.0,0.0,480000.0,480000.0,8366.316447324267
1361,480000.0,0.0,480000.0,480000.0,8366.316447324267
1362,480000.0,0.0,480000.0,480000.0,8366.316447324267
1363,480000.0,0.0,480000.0,480000.0,8366.316447324267
1364,480000.0,0.0,480000.0,480000.0,8366.316447324267
1365,480000.0,0.0,480000.0,480000.0,8366.316447324267
1366,480000.0,0.0,480000.0,480000.0,8366.316447324267
1367,480000.0,0.0,480000.0,480000.0,8366.316447324267
1368,480000.0,0.0,480000.0,480000.0,8366.316447324267
1369,480000.0,0.0,480000.0,480000.0,8366.316447324267
1370,480000.0,0.0,480000.0,480000.0,8366.316447324267
1371,480000.0,0.0,480000.0,480000.0,8366.316447324267
1372,480000.0,0.0,480000.0,480000.0,8366.316447324267
1373,480000.0,0.0,480000.0,480000.0,8366.316447324267
1374,480000.0,0.0,480000.0,480000.0,8366.316447324267
1375,480000.0,0.0,480000.0,480000.0,8366.316447324267
1376,480000.0,0.0,480000.0,480000.0,8366.316447324267
1377,470218.98976541497,0.0,470218.98976541497,470218.98976541497,8366.316447324267
1378,455310.39063689875,11301.578826653538,444008.8118102452,455310.39063689875,8366.316447324267
1379,455311.1515778282,15229.014030402876,440082.13754742534,455311.1515778282,8366.316447324267
1380,455311.9125187576,5247.860550175421,450064.0519685822,455311.9125187576,8366.316447324267
1381,455312.673459687,10171.747209248715,445140.92625043826,455312.673459687,8366.316447324267
1382,455313.4344006165,25707.430581272463,429606.00381934404,455313.4344006165,8366.316447324267
1383,455314.1953415458,82467.31185459177,372846.88348695403,455314.1953415458,8366.316447324267
1384,480000.0,0.0,480000.0,480000.0,8366.316447324267
1385,480000.0,0.0,480000.0,480000.0,8366.316447324267
1386,480000.0,0.0,480000.0,480000.0,8366.316447324267
1387,480000.0,0.0,480000.0,480000.0,8366.316447324267
1388,480000.0,0.0,480000.0,480000.0,8366.316447324267
1389,480000.0,0.0,480000.0,480000.0,8366.316447324267
1390,480000.0,0.0,480000.0,480000.0,8366.316447324267
1391,480000.0,0.0,480000.0,480000.0,8366.316447324267
1392,480000.0,0.0,480000.0,480000.0,8366.316447324267
1393,480000.0,0.0,480000.0,480000.0,8366.316447324267
1394,480000.0,0.0,480000.0,480000.0,8366.316447324267
1395,480000.0,0.0,480000.0,480000.0,8366.316447324267
1396,480000.0,0.0,480000.0,480000.0,8366.316447324267
1397,480000.0,0.0,480000.0,480000.0,8366.316447324267
1398,480000.0,0.0,480000.0,480000.0,8366.316447324267
1399,480000.0,0.0,480000.0,480000.0,8366.316447324267
1400,480000.0,0.0,480000.0,480000.0,8366.316447324267
1401,455327.892278275,131629.5732147327,323698.3190635423,455327.892278275,8366.316447324267
1402,455328.6532192044,140276.7202378427,315051.9329813617,455328.6532192044,8366.316447324267
1403,455329.41416013386,191838.1157876799,263491.29837245395,455329.41416013386,8366.316447324267
1404,455330.1751010633,209907.4147115626,245422.76038950068,455330.1751010633,8366.316447324267
1405,455330.9360419927,218017.01904341823,237313.91699857445,455330.9360419927,8366.316447324267
1406,455331.69698292203,227249.02590438823,228082.6710785338,455331.69698292203,8366.316447324267
1407,455332.45792385144,232936.88544651805,222395.5724773334,455332.45792385144,8366.316447324267
1408,455333.21886478097,292914.2375913828,162418.98127339812,455333.21886478097,8366.316447324267
1409,455333.9798057103,170539.57831498527,284794.40149072505,455333.9798057103,8366.316447324267
1410,455334.7407466398,57993.67629244842,397341.06445419136,455334.7407466398,8366.316447324267
1411,479316.06933202175,0.0,479316.06933202175,479316.06933202175,8366.316447324267
1412,455336.2626284985,1444.3415018465603,453891.9211266519,455336.2626284985,8366.316447324267
1413,473971.0345018598,0.0,473971.0345018598,473971.0345018598,8366.316447324267
1414,455337.78451035725,118676.7715807684,336661.01292958885,455337.78451035725,8366.316447324267
1415,455338.54545128666,47971.521629642055,407367.0238216446,455338.54545128666,8366.316447324267
1416,480000.0,0.0,480000.0,480000.0,8366.316447324267
1417,467887.7782681853,0.0,467887.7782681853,467887.7782681853,8366.316447324267
1418,480000.0,0.0,480000.0,480000.0,8366.316447324267
1419,455341.58921500423,126.23354270361597,455215.3556723006,455341.58921500423,8366.316447324267
1420,455342.35015593364,45535.633985447406,409806.71617048624,455342.35015593364,8366.316447324267
1421,455343.11109686317,62322.105674154765,393021.0054227084,455343.11109686317,8366.316447324267
1422,456717.3007605918,0.0,456717.3007605918,456717.3007605918,8366.316447324267
1423,455344.63297872193,32075.807367373258,423268.8256113487,455344.63297872193,8366.316447324267
1424,455345.39391965134,101127.65321713034,354217.740702521,455345.39391965134,8366.316447324267
1425,455346.1548605807,250756.15598760438,204589.9988729763,455346.1548605807,8366.316447324267
1426,455346.9158015101,289808.938677798,165537.9771237121,455346.9158015101,8366.316447324267
1427,455347.6767424395,287813.92205145466,167533.75469098488,455347.6767424395,8366.316447324267
1428,455348.4376833688,284962.3647333876,170386.07294998117,455348.4376833688,8366.316447324267
1429,455349.1986242983,286460.9302389004,168888.2683853979,455349.1986242983,8366.316447324267
1430,455349.95956522773,291359.5861621235,163990.37340310423,455349.95956522773,8366.316447324267
1431,455350.720506157,291175.865451223,164174.85505493407,455350.720506157,8366.316447324267
1432,455351.48144708644,292650.5385631764,162700.94288391006,455351.48144708644,8366.316447324267
1433,455352.24238801585,229986.69380656895,225365.5485814469,455352.24238801585,8366.316447324267
1434,455353.0033289454,87422.33473303018,367930.6685959152,455353.0033289454,8366.316447324267
1435,455353.7642698748,179164.72736104752,276189.03690882726,455353.7642698748,8366.316447324267
1436,455354.5252108042,237144.63813905243,218209.88707175176,455354.5252108042,8366.316447324267
1437,455355.28615173354,302295.3052754276,153059.98087630596,455355.28615173354,8366.316447324267
1438,455356.0470926629,218030.2635499389,237325.78354272398,455356.0470926629,8366.316447324267
1439,455356.8080335924,162418.76003169664,292938.0480018958,455356.8080335924,8366.316447324267
1440,455357.56897452177,145939.97159494914,309417.59737957263,455357.56897452177,8366.316447324267
1441,455358.32991545106,75782.13426445192,379576.19565099914,455358.32991545106,8366.316447324267
1442,455359.0908563806,117418.68855568761,337940.402300693,455359.0908563806,8366.316447324267
1443,455359.8517973099,136462.2989114116,318897.5528858983,455359.8517973099,8366.316447324267
1444,455360.61273823935,365697.8250054696,89662.78773276974,455360.61273823935,8366.316447324267
1445,455361.3736791687,271790.4679183135,183570.90576085518,455361.3736791687,8366.316447324267
1446,455362.13462009805,317468.3890038697,137893.74561622835,455362.13462009805,8366.316447324267
1447,455362.8955610276,305629.6863375657,149733.20922346186,455362.8955610276,8366.316447324267
1448,455363.656501957,379308.336774515,76055.31972744201,455363.656501957,8366.316447324267
1449,455364.41744288633,439385.39145245537,15979.025990430962,455364.41744288633,8366.316447324267
1450,455365.17838381574,435525.51412490354,19839.664258912213,455365.17838381574,8366.316447324267
1451,455365.93932474515,417568.770928242,37797.168396503155,455365.93932474515,8366.316447324267
1452,455366.7002656746,401450.0687238764,53916.631541798226,455366.7002656746,8366.316447324267
1453,455367.46120660397,399089.31899607007,56278.14221053388,455367.46120660397,8366.316447324267
1454,455368.2221475333,405975.7427542367,49392.47939329667,455368.2221475333,8366.316447324267
1455,455368.98308846273,402365.87224989856,53003.11083856419,455368.98308846273,8366.316447324267
1456,455369.74402939214,407967.4396897305,47402.30433966164,455369.74402939214,8366.316447324267
1457,455370.50497032166,391753.730436781,63616.774533540636,455370.50497032166,8366.316447324267
1458,455371.2659112509,373016.0248957322,82355.24101551874,455371.2659112509,8366.316447324267
1459,455372.0268521803,331345.6465788012,124026.38027337908,455372.0268521803,8366.316447324267
1460,455372.7877931098,309777.003687648,145595.7841054618,455372.7877931098,8366.316447324267
1461,455373.5487340392,333838.78502674453,121534.76370729467,455373.5487340392,8366.316447324267
1462,455374.3096749686,355628.54238472745,99745.76729024116,455374.3096749686,8366.316447324267
1463,455375.070615898,388883.07119626726,66491.99941963077,455375.070615898,8366.316447324267
1464,455375.83155682735,424042.97390028805,31332.857656539276,455375.83155682735,8366.316447324267
1465,455376.5924977568,421616.1355404497,33760.456957307106,455376.5924977568,8366.316447324267
1466,455377.35343868623,420183.9505258603,35193.40291282594,455377.35343868623,8366.316447324267
1467,455378.1143796156,421776.87363958836,33601.24074002721,455378.1143796156,8366.316447324267
1468,455378.875320545,431984.45923985995,23394.416080685067,455378.875320545,8366.316447324267
1469,455379.63626147446,437611.4968608306,17768.13940064385,455379.63626147446,8366.316447324267
1470,455380.3972024038,439372.6282329247,16007.768969479124,455380.3972024038,8366.316447324267
1471,455381.1581433332,455381.1581433332,0.0,455381.1581433332,8366.316447324267
1472,455381.91908426257,455381.91908426257,0.0,455381.91908426257,8366.316447324267
1473,455382.680025192,455382.680025192,0.0,455382.680025192,8366.316447324267
1474,455383.4409661214,455383.4409661214,0.0,455383.4409661214,8366.316447324267
1475,455384.2019070508,455384.2019070508,0.0,455384.2019070508,8366.316447324267
1476,455384.9628479802,455384.9628479802,0.0,455384.9628479802,8366.316447324267
1477,455385.7237889096,455385.7237889096,0.0,455385.7237889096,8366.316447324267
1478,455386.4847298391,455386.4847298391,0.0,455386.4847298391,8366.316447324267
1479,455387.24567076843,455387.24567076843,0.0,455387.24567076843,8366.316447324267
1480,455388.0066116978,446994.93001205847,8393.076599639318,455388.0066116978,8366.316447324267
1481,455388.76755262725,429185.23252176633,26203.53503086089,455388.76755262725,8366.316447324267
1482,455389.5284935566,401476.9813033353,53912.54719022131,455389.5284935566,8366.316447324267
1483,455390.28943448607,354219.33241707226,101170.95701741382,455390.28943448607,8366.316447324267
1484,455391.0503754155,340252.014574745,115139.03580067048,455391.0503754155,8366.316447324267
1485,455391.8113163447,149376.50587296323,306015.3054433815,455391.8113163447,8366.316447324267
1486,455392.57225727424,163209.88775032392,292182.6845069503,455392.57225727424,8366.316447324267
1487,455393.33319820365,187980.33220143465,267413.000996769,455393.33319820365,8366.316447324267
1488,455394.094139133,151451.182273362,303942.911865771,455394.094139133,8366.316447324267
1489,455394.85508006247,118172.14977835078,337222.7053017117,455394.85508006247,8366.316447324267
1490,455395.6160209918,89098.7851207825,366296.8309002093,455395.6160209918,8366.316447324267
1491,455396.3769619213,58006.756005527976,397389.6209563933,455396.3769619213,8366.316447324267
1492,455397.1379028507,30191.5053557519,425205.6325470988,455397.1379028507,8366.316447324267
1493,455397.89884378004,4293.095381173829,451104.8034626062,455397.89884378004,8366.316447324267
1494,460677.816019243,0.0,460677.816019243,460677.816019243,8366.316447324267
1495,455399.4207256388,6185.647497125086,449213.7732285137,455399.4207256388,8366.316447324267
1496,463887.55734790163,0.0,463887.55734790163,463887.55734790163,8366.316447324267
1497,459883.2677710444,0.0,459883.2677710444,459883.2677710444,8366.316447324267
1498,469608.27176899224,0.0,469608.27176899224,469608.27176899224,8366.316447324267
1499,473390.80559520377,0.0,473390.80559520377,473390.80559520377,8366.316447324267
1500,478160.7000410822,0.0,478160.7000410822,478160.7000410822,8366.316447324267
1501,480000.0,0.0,480000.0,480000.0,8366.316447324267
1502,480000.0,0.0,480000.0,480000.0,8366.316447324267
1503,473234.95553203137,0.0,473234.95553203137,473234.95553203137,8366.316447324267
1504,463677.8083767836,0.0,463677.8083767836,463677.8083767836,8366.316447324267
1505,455407.0301349329,6957.152792382578,448449.8773425503,455407.0301349329,8366.316447324267
1506,480000.0,0.0,480000.0,480000.0,8366.316447324267
1507,480000.0,0.0,480000.0,480000.0,8366.316447324267
1508,480000.0,0.0,480000.0,480000.0,8366.316447324267
1509,480000.0,0.0,480000.0,480000.0,8366.316447324267
1510,466678.4959660979,0.0,466678.4959660979,466678.4959660979,8366.316447324267
1511,455411.5957805093,29936.275954390527,425475.31982611876,455411.5957805093,8366.316447324267
1512,455412.35672143864,92940.86249209906,362471.4942293396,455412.35672143864,8366.316447324267
1513,455413.11766236805,232423.75852860158,222989.35913376647,455413.11766236805,8366.316447324267
1514,455413.8786032975,294126.6554228155,161287.22318048208,455413.8786032975,8366.316447324267
1515,455414.6395442269,234916.94666446105,220497.69287976588,455414.6395442269,8366.316447324267
1516,455415.4004851563,287228.82056903746,168186.57991611882,455415.4004851563,8366.316447324267
1517,455416.1614260858,299619.3582106775,155796.8032154083,455416.1614260858,8366.316447324267
1518,455416.9223670151,261285.25936677633,194131.66300023877,455416.9223670151,8366.316447324267
1519,455417.6833079445,336931.01522899914,118486.66807894538,455417.6833079445,8366.316447324267
1520,455418.444248874,339103.2658132808,116315.17843559312,455418.444248874,8366.316447324267
1521,455419.20518980327,387520.1302398178,67899.0749499855,455419.20518980327,8366.316447324267
1522,455419.9661307327,370358.2608310818,85061.70529965087,455419.9661307327,8366.316447324267
1523,455420.72707166214,346740.58094098116,108680.146130681,455420.72707166214,8366.316447324267
1524,455421.4880125915,314541.790661048,140879.69735154344,455421.4880125915,8366.316447324267
1525,455422.2489535209,220619.35392764356,234802.89502587734,455422.2489535209,8366.316447324267
1526,455423.0098944503,155407.15182215604,300015.8580722943,455423.0098944503,8366.316447324267
1527,455423.77083537966,66433.31532517722,388990.45551020245,455423.77083537966,8366.316447324267
1528,480000.0,0.0,480000.0,480000.0,8366.316447324267
1529,480000.0,0.0,480000.0,480000.0,8366.316447324267
1530,480000.0,0.0,480000.0,480000.0,8366.316447324267
1531,457296.90210456005,0.0,457296.90210456005,457296.90210456005,8366.316447324267
1532,480000.0,0.0,480000.0,480000.0,8366.316447324267
1533,480000.0,0.0,480000.0,480000.0,8366.316447324267
1534,480000.0,0.0,480000.0,480000.0,8366.316447324267
1535,480000.0,0.0,480000.0,480000.0,8366.316447324267
1536,480000.0,0.0,480000.0,480000.0,8366.316447324267
1537,480000.0,0.0,480000.0,480000.0,8366.316447324267
1538,480000.0,0.0,480000.0,480000.0,8366.316447324267
1539,480000.0,0.0,480000.0,480000.0,8366.316447324267
1540,480000.0,0.0,480000.0,480000.0,8366.316447324267
1541,480000.0,0.0,480000.0,480000.0,8366.316447324267
1542,480000.0,0.0,480000.0,480000.0,8366.316447324267
1543,480000.0,0.0,480000.0,480000.0,8366.316447324267
1544,455436.7068311796,30453.414279377263,424983.29255180235,455436.7068311796,8366.316447324267
1545,455437.4677721089,303350.44264475023,152087.02512735868,455437.4677721089,8366.316447324267
1546,455438.2287130385,274807.87645582587,180630.3522572126,455438.2287130385,8366.316447324267
1547,455438.98965396767,265908.53284858307,189530.45680538463,455438.98965396767,8366.316447324267
1548,455439.7505948971,290035.84068876266,165403.90990613442,455439.7505948971,8366.316447324267
1549,455440.5115358266,307673.74108031124,147766.77045551536,455440.5115358266,8366.316447324267
1550,455441.2724767559,353329.89013096597,102111.38234578996,455441.2724767559,8366.316447324267
1551,455442.03341768536,359885.4525232221,95556.5808944633,455442.03341768536,8366.316447324267
1552,455442.7943586147,357638.37743872707,97804.41691988763,455442.7943586147,8366.316447324267
1553,455443.5552995441,329690.18461450737,125753.37068503676,455443.5552995441,8366.316447324267
1554,455444.3162404736,137762.28567471373,317682.03056575987,455444.3162404736,8366.316447324267
1555,455445.077181403,155905.23522740143,299539.8419540016,455445.077181403,8366.316447324267
1556,455445.83812233247,204505.04221700667,250940.7959053258,455445.83812233247,8366.316447324267
1557,455446.59906326176,218555.4806453252,236891.11841793655,455446.59906326176,8366.316447324267
1558,455447.36000419117,240408.987496185,215038.37250800617,455447.36000419117,8366.316447324267
1559,455448.1209451207,329694.7502600839,125753.3706850368,455448.1209451207,8366.316447324267
1560,455448.88188605,369805.5394860292,85643.34240002077,455448.88188605,8366.316447324267
1561,455449.64282697934,386138.33813940495,69311.3046875744,455449.64282697934,8366.316447324267
1562,455450.4037679088,407799.59166752076,47650.812100388044,455450.4037679088,8366.316447324267
1563,455451.16470883816,428346.489716939,27104.674991899188,455451.16470883816,8366.316447324267
1564,455451.9256497676,433602.17070001486,21849.75494975278,455451.9256497676,8366.316447324267
1565,455452.686590697,444953.34442094853,10499.342169748432,455452.686590697,8366.316447324267
1566,455453.4475316263,455453.4475316263,0.0,455453.4475316263,8366.316447324267
1567,455454.2084725558,455454.2084725558,0.0,455454.2084725558,8366.316447324267
1568,455454.96941348526,455454.96941348526,0.0,455454.96941348526,8366.316447324267
1569,455455.73035441467,455455.73035441467,0.0,455455.73035441467,8366.316447324267
1570,455456.491295344,455456.491295344,0.0,455456.491295344,8366.316447324267
1571,455457.25223627343,455457.25223627343,0.0,455457.25223627343,8366.316447324267
1572,455458.01317720284,455458.01317720284,0.0,455458.01317720284,8366.316447324267
1573,455458.77411813225,455458.77411813225,0.0,455458.77411813225,8366.316447324267
1574,455459.5350590615,455459.5350590615,0.0,455459.5350590615,8366.316447324267
1575,455460.295999991,439099.0085368633,16361.287463127675,455460.295999991,8366.316447324267
1576,455461.0569409204,431554.06910050113,23906.987840419297,455461.0569409204,8366.316447324267
1577,455461.8178818499,399550.41956087796,55911.39832097193,455461.8178818499,8366.316447324267
1578,455462.5788227792,359347.9386854207,96114.64013735844,455462.5788227792,8366.316447324267
1579,455463.3397637085,294870.26074930606,160593.07901440246,455463.3397637085,8366.316447324267
1580,455464.100704638,232957.29215221357,222506.80855242442,455464.100704638,8366.316447324267
1581,455464.86164556746,252735.24872253946,202729.612923028,455464.86164556746,8366.316447324267
1582,455465.6225864968,163800.09699122078,291665.52559527603,455465.6225864968,8366.316447324267
1583,455466.3835274262,139713.44084857684,315752.9426788494,455466.3835274262,8366.316447324267
1584,455467.1444683556,130722.13635492016,324745.0081134354,455467.1444683556,8366.316447324267
1585,455467.9054092851,102313.74323454342,353154.1621747417,455467.9054092851,8366.316447324267
1586,455468.66635021445,64551.282424285135,390917.3839259293,455468.66635021445,8366.316447324267
1587,455469.4272911438,58839.73623460211,396629.6910565417,455469.4272911438,8366.316447324267
1588,455470.18823207327,23639.703288615856,431830.4849434574,455470.18823207327,8366.316447324267
1589,470571.49763151776,0.0,470571.49763151776,470571.49763151776,8366.316447324267
1590,480000.0,0.0,480000.0,480000.0,8366.316447324267
1591,480000.0,0.0,480000.0,480000.0,8366.316447324267
1592,480000.0,0.0,480000.0,480000.0,8366.316447324267
1593,455473.99293672026,47696.87531855877,407777.1176181615,455473.99293672026,8366.316447324267
1594,455474.75387764967,158358.70388568414,297116.0499919655,455474.75387764967,8366.316447324267
1595,455475.514818579,299456.1497390087,156019.36507957033,455475.514818579,8366.316447324267
1596,455476.2757595085,289806.4858183821,165669.78994112634,455476.2757595085,8366.316447324267
1597,455477.03670043783,285690.6793848784,169786.35731555946,455477.03670043783,8366.316447324267
1598,455477.7976413673,270968.16345876106,184509.63418260627,455477.7976413673,8366.316447324267
1599,455478.55858229665,254214.90070351408,201263.65787878257,455478.55858229665,8366.316447324267
1600,455479.31952322606,151911.54228588054,303567.7772373455,455479.31952322606,8366.316447324267
1601,455480.0804641555,10524.48778077279,444955.5926833827,455480.0804641555,8366.316447324267
1602,480000.0,0.0,480000.0,480000.0,8366.316447324267
1603,480000.0,0.0,480000.0,480000.0,8366.316447324267
1604,480000.0,0.0,480000.0,480000.0,8366.316447324267
1605,480000.0,0.0,480000.0,480000.0,8366.316447324267
1606,480000.0,0.0,480000.0,480000.0,8366.316447324267
1607,480000.0,0.0,480000.0,480000.0,8366.316447324267
1608,480000.0,0.0,480000.0,480000.0,8366.316447324267
1609,480000.0,0.0,480000.0,480000.0,8366.316447324267
1610,480000.0,0.0,480000.0,480000.0,8366.316447324267
1611,480000.0,0.0,480000.0,480000.0,8366.316447324267
1612,480000.0,0.0,480000.0,480000.0,8366.316447324267
1613,480000.0,0.0,480000.0,480000.0,8366.316447324267
1614,480000.0,0.0,480000.0,480000.0,8366.316447324267
1615,480000.0,0.0,480000.0,480000.0,8366.316447324267
1616,480000.0,0.0,480000.0,480000.0,8366.316447324267
1617,480000.0,0.0,480000.0,480000.0,8366.316447324267
1618,480000.0,0.0,480000.0,480000.0,8366.316447324267
1619,480000.0,0.0,480000.0,480000.0,8366.316447324267
1620,480000.0,0.0,480000.0,480000.0,8366.316447324267
1621,480000.0,0.0,480000.0,480000.0,8366.316447324267
1622,480000.0,0.0,480000.0,480000.0,8366.316447324267
1623,480000.0,0.0,480000.0,480000.0,8366.316447324267
1624,480000.0,0.0,480000.0,480000.0,8366.316447324267
1625,480000.0,0.0,480000.0,480000.0,8366.316447324267
1626,480000.0,0.0,480000.0,480000.0,8366.316447324267
1627,480000.0,0.0,480000.0,480000.0,8366.316447324267
1628,480000.0,0.0,480000.0,480000.0,8366.316447324267
1629,480000.0,0.0,480000.0,480000.0,8366.316447324267
1630,480000.0,0.0,480000.0,480000.0,8366.316447324267
1631,480000.0,0.0,480000.0,480000.0,8366.316447324267
1632,480000.0,0.0,480000.0,480000.0,8366.316447324267
1633,480000.0,0.0,480000.0,480000.0,8366.316447324267
1634,480000.0,0.0,480000.0,480000.0,8366.316447324267
1635,480000.0,0.0,480000.0,480000.0,8366.316447324267
1636,480000.0,0.0,480000.0,480000.0,8366.316447324267
1637,455507.47433761397,144489.79199665115,311017.6823409628,455507.47433761397,8366.316447324267
1638,455508.2352785434,120444.58853725909,335063.6467412843,455508.2352785434,8366.316447324267
1639,455508.9962194727,425924.49404167867,29584.50217779405,455508.9962194727,8366.316447324267
1640,455509.75716040214,455509.75716040214,0.0,455509.75716040214,8366.316447324267
1641,455510.5181013315,369125.82190801564,86384.69619331585,455510.5181013315,8366.316447324267
1642,455511.2790422609,163978.3732726809,291532.90576958,455511.2790422609,8366.316447324267
1643,480000.0,0.0,480000.0,480000.0,8366.316447324267
1644,480000.0,0.0,480000.0,480000.0,8366.316447324267
1645,480000.0,0.0,480000.0,480000.0,8366.316447324267
1646,480000.0,0.0,480000.0,480000.0,8366.316447324267
1647,455515.0837469079,254.79924962681253,455260.28449728107,455515.0837469079,8366.316447324267
1648,480000.0,0.0,480000.0,480000.0,8366.316447324267
1649,480000.0,0.0,480000.0,480000.0,8366.316447324267
1650,463500.81733126694,0.0,463500.81733126694,463500.81733126694,8366.316447324267
1651,480000.0,0.0,480000.0,480000.0,8366.316447324267
1652,455518.8884515549,16387.79473433527,439131.09371721966,455518.8884515549,8366.316447324267
1653,470952.1307431139,0.0,470952.1307431139,470952.1307431139,8366.316447324267
1654,480000.0,0.0,480000.0,480000.0,8366.316447324267
1655,455521.1712743431,38724.11347282713,416797.05780151597,455521.1712743431,8366.316447324267
1656,461066.59739105345,0.0,461066.59739105345,461066.59739105345,8366.316447324267
1657,476199.5373395374,0.0,476199.5373395374,476199.5373395374,8366.316447324267
1658,480000.0,0.0,480000.0,480000.0,8366.316447324267
1659,455524.21503806073,11595.680457406736,443928.534580654,455524.21503806073,8366.316447324267
1660,480000.0,0.0,480000.0,480000.0,8366.316447324267
1661,455525.7369199196,15220.075435209612,440305.66148471,455525.7369199196,8366.316447324267
1662,455526.497860849,24996.401501571992,430530.096359277,455526.497860849,8366.316447324267
1663,455527.2588017785,18487.394575082115,437039.8642266964,455527.2588017785,8366.316447324267
1664,455528.0197427078,117277.66450567992,338250.35523702786,455528.0197427078,8366.316447324267
1665,455528.7806836372,190597.5967605241,264931.1839231131,455528.7806836372,8366.316447324267
1666,455529.54162456666,292636.3590344392,162893.18259012746,455529.54162456666,8366.316447324267
1667,455530.30256549595,249715.78031626024,205814.5222492357,455530.30256549595,8366.316447324267
1668,455531.06350642536,230734.05197692133,224797.01152950403,455531.06350642536,8366.316447324267
1669,455531.8244473548,139721.29660042078,315810.52784693404,455531.8244473548,8366.316447324267
1670,455532.5853882842,114107.70245479938,341424.8829334848,455532.5853882842,8366.316447324267
1671,469580.1609706076,0.0,469580.1609706076,469580.1609706076,8366.316447324267
1672,455534.107270143,25756.661133325193,429777.4461368178,455534.107270143,8366.316447324267
1673,455534.86821107235,187471.03320062062,268063.83501045173,455534.86821107235,8366.316447324267
1674,455535.6291520018,31113.321387611795,424422.30776439,455535.6291520018,8366.316447324267
1675,480000.0,0.0,480000.0,480000.0,8366.316447324267
1676,470373.05314533017,0.0,470373.05314533017,470373.05314533017,8366.316447324267
1677,455537.91197479004,1583.1316898714285,453954.7802849186,455537.91197479004,8366.316447324267
1678,455538.67291571945,49180.157225741714,406358.51568997774,455538.67291571945,8366.316447324267
1679,455539.43385664886,93629.89839222288,361909.535464426,455539.43385664886,8366.316447324267
1680,455540.1947975782,151376.89595699403,304163.2988405842,455540.1947975782,8366.316447324267
1681,455540.95573850756,188127.95474173856,267413.000996769,455540.95573850756,8366.316447324267
1682,455541.716679437,117414.66532569233,338127.0513537447,455541.716679437,8366.316447324267
1683,455542.47762036644,159616.79176701093,295925.6858533555,455542.47762036644,8366.316447324267
1684,455543.23856129585,158018.11946596467,297525.1190953312,455543.23856129585,8366.316447324267
1685,455543.9995022252,199441.79514287438,256102.2043593508,455543.9995022252,8366.316447324267
1686,455544.76044315455,200617.05820471168,254927.70223844287,455544.76044315455,8366.316447324267
1687,455545.5213840841,225639.70626405423,229905.81512002985,455545.5213840841,8366.316447324267
1688,455546.2823250134,247820.41882316457,207725.86350184886,455546.2823250134,8366.316447324267
1689,455547.0432659429,223640.75729538494,231906.28597055795,455547.0432659429,8366.316447324267
1690,455547.8042068723,182389.38511346286,273158.41909340944,455547.8042068723,8366.316447324267
1691,455548.5651478016,59045.293611381785,396503.2715364198,455548.5651478016,8366.316447324267
1692,455549.3260887311,19138.804920958355,436410.52116777276,455549.3260887311,8366.316447324267
1693,480000.0,0.0,480000.0,480000.0,8366.316447324267
1694,480000.0,0.0,480000.0,480000.0,8366.316447324267
1695,455551.6089115193,26654.70236843842,428896.90654308087,455551.6089115193,8366.316447324267
1696,477600.2082266179,0.0,477600.2082266179,477600.2082266179,8366.316447324267
1697,480000.0,0.0,480000.0,480000.0,8366.316447324267
1698,480000.0,0.0,480000.0,480000.0,8366.316447324267
1699,480000.0,0.0,480000.0,480000.0,8366.316447324267
1700,480000.0,0.0,480000.0,480000.0,8366.316447324267
1701,480000.0,0.0,480000.0,480000.0,8366.316447324267
1702,480000.0,0.0,480000.0,480000.0,8366.316447324267
1703,480000.0,0.0,480000.0,480000.0,8366.316447324267
1704,480000.0,0.0,480000.0,480000.0,8366.316447324267
1705,480000.0,0.0,480000.0,480000.0,8366.316447324267
1706,480000.0,0.0,480000.0,480000.0,8366.316447324267
1707,480000.0,0.0,480000.0,480000.0,8366.316447324267
1708,471293.44558255095,0.0,471293.44558255095,471293.44558255095,8366.316447324267
1709,480000.0,0.0,480000.0,480000.0,8366.316447324267
1710,455563.02302546037,6818.2959528063075,448744.72707265406,455563.02302546037,8366.316447324267
1711,469737.8839892688,0.0,469737.8839892688,469737.8839892688,8366.316447324267
1712,455564.544907319,186721.8563287527,268842.6885785663,455564.544907319,8366.316447324267
1713,455565.3058482485,212323.6568747609,243241.64897348758,455565.3058482485,8366.316447324267
1714,455566.0667891779,210328.53180275732,245237.53498642056,455566.0667891779,8366.316447324267
1715,455566.8277301073,197279.82113353588,258287.00659657142,455566.8277301073,8366.316447324267
1716,455567.5886710367,218154.74241438092,237412.8462566558,455567.5886710367,8366.316447324267
1717,455568.3496119661,250002.53050823827,205565.81910372784,455568.3496119661,8366.316447324267
1718,455569.11055289546,305026.74692580954,150542.36362708596,455569.11055289546,8366.316447324267
1719,455569.8714938249,309671.0875427701,145898.78395105482,455569.8714938249,8366.316447324267
1720,455570.63243475434,313770.487761076,141800.14467367833,455570.63243475434,8366.316447324267
1721,455571.3933756837,346947.3743372002,108624.01903848347,455571.3933756837,8366.316447324267
1722,455572.1543166131,207146.78211415646,248425.37220245664,455572.1543166131,8366.316447324267
1723,455572.91525754257,135928.17346369376,319644.7417938488,455572.91525754257,8366.316447324267
1724,455573.6761984719,241792.29647693745,213781.37972153447,455573.6761984719,8366.316447324267
1725,455574.43713940127,302494.9409066961,153079.4962327052,455574.43713940127,8366.316447324267
1726,455575.19808033074,349788.3610868287,105786.83699350203,455575.19808033074,8366.316447324267
1727,455575.95902126003,377013.98505574116,78561.9739655189,455575.95902126003,8366.316447324267
1728,455576.7199621895,404573.4797841199,51003.24017806961,455576.7199621895,8366.316447324267
1729,455577.48090311897,428414.27610553754,27163.204797581442,455577.48090311897,8366.316447324267
1730,455578.2418440483,440095.95197263814,15482.289871410148,455578.2418440483,8366.316447324267
1731,455579.0027849778,455579.0027849778,0.0,455579.0027849778,8366.316447324267
1732,455579.7637259072,436932.3843826942,18647.379343213015,455579.7637259072,8366.316447324267
1733,455580.5246668365,396553.09304248577,59027.43162435073,455580.5246668365,8366.316447324267
1734,455581.28560776595,342124.11672143184,113457.1688863341,455581.28560776595,8366.316447324267
1735,455582.04654869536,324918.10147910414,130663.94506959121,455582.04654869536,8366.316447324267
1736,455582.80748962477,312298.79595219065,143284.01153743413,455582.80748962477,8366.316447324267
1737,455583.5684305542,338835.89903160435,116747.66939894982,455583.5684305542,8366.316447324267
1738,455584.3293714835,368875.74762475735,86708.58174672612,455584.3293714835,8366.316447324267
1739,455585.09031241294,379982.7209574139,75602.36935499903,455585.09031241294,8366.316447324267
1740,455585.85125334235,379709.0680296469,75876.78322369544,455585.85125334235,8366.316447324267
1741,455586.6121942717,392613.12246657285,62973.489727698856,455586.6121942717,8366.316447324267
1742,455587.37313520117,402349.50616443134,53237.866970769806,455587.37313520117,8366.316447324267
1743,455588.1340761305,397379.26668549463,58208.86739063588,455588.1340761305,8366.316447324267
1744,455588.89501706004,392200.40655600093,63388.488461059125,455588.89501706004,8366.316447324267
1745,455589.6559579894,390229.2128293327,65360.443128656705,455589.6559579894,8366.316447324267
1746,455590.4168989187,365465.34077347757,90125.07612544115,455590.4168989187,8366.316447324267
1747,455591.1778398482,322447.26659277023,133143.91124707795,455591.1778398482,8366.316447324267
1748,455591.9387807775,326103.20737764036,129488.73140313715,455591.9387807775,8366.316447324267
1749,455592.69972170703,320463.73648623494,135128.96323547213,455592.69972170703,8366.316447324267
1750,455593.46066263644,335053.6883005137,120539.7723621227,455593.46066263644,8366.316447324267
1751,455594.22160356573,344906.33303971036,110687.88856385539,455594.22160356573,8366.316447324267
1752,455594.9825444952,335322.7965599764,120272.18598451877,455594.9825444952,8366.316447324267
1753,455595.7434854245,320161.1990520525,135434.54443337198,455595.7434854245,8366.316447324267
1754,455596.50442635396,314272.4511874075,141324.05323894648,455596.50442635396,8366.316447324267
1755,455597.2653672834,323047.2129735087,132550.05239377473,455597.2653672834,8366.316447324267
1756,455598.0263082127,365963.540985155,89634.48532305776,455598.0263082127,8366.316447324267
1757,455598.78724914225,379864.90203012904,75733.88521901322,455598.78724914225,8366.316447324267
1758,455599.5481900716,376190.89221362415,79408.65597644745,455599.5481900716,8366.316447324267
1759,455600.30913100095,374886.43396522535,80713.8751657756,455600.30913100095,8366.316447324267
1760,455601.0700719304,399595.2863730787,56005.783698851694,455601.0700719304,8366.316447324267
1761,455601.83101285977,455601.83101285977,0.0,455601.83101285977,8366.316447324267
1762,455602.5919537891,455602.5919537891,0.0,455602.5919537891,8366.316447324267
1763,455603.3528947186,455603.3528947186,0.0,455603.3528947186,8366.316447324267
1764,455604.113835648,434210.8338557687,21393.279979879248,455604.113835648,8366.316447324267
1765,455604.8747765774,455604.8747765774,0.0,455604.8747765774,8366.316447324267
1766,455605.63571750675,441088.36949917756,14517.266218329221,455605.63571750675,8366.316447324267
1767,455606.39665843616,438013.3254239446,17593.07123449156,455606.39665843616,8366.316447324267
1768,455607.1575993656,383969.9920083476,71637.165591018,455607.1575993656,8366.316447324267
1769,455607.918540295,301508.7575036357,154099.16103665926,455607.918540295,8366.316447324267
1770,455608.6794812245,181134.18921119143,274474.4902700331,455608.6794812245,8366.316447324267
1771,455609.4404221538,165039.27253892523,290570.16788322857,455609.4404221538,8366.316447324267
1772,455610.2013630832,44947.763654384995,410662.4377086982,455610.2013630832,8366.316447324267
1773,455610.9623040126,316698.30252023647,138912.65978377612,455610.9623040126,8366.316447324267
1774,455611.72324494197,102842.45589562721,352769.26734931476,455611.72324494197,8366.316447324267
1775,455612.4841858713,31432.086090459023,424180.3980954123,455612.4841858713,8366.316447324267
1776,455613.24512680084,120048.03202653234,335565.2131002685,455613.24512680084,8366.316447324267
1777,455614.0060677302,227651.76355721845,227962.24251051174,455614.0060677302,8366.316447324267
1778,455614.76700865966,310071.2002652,145543.56674345964,455614.76700865966,8366.316447324267
1779,455615.527949589,258710.95159581915,196904.57635376987,455615.527949589,8366.316447324267
1780,455616.28889051836,113472.06802244659,342144.2208680718,455616.28889051836,8366.316447324267
1781,455617.04983144783,146220.85882050468,309396.19101094315,455617.04983144783,8366.316447324267
1782,455617.8107723773,188276.70441596466,267341.10635641264,455617.8107723773,8366.316447324267
1783,455618.57171330665,258345.83541790224,197272.7362954044,455618.57171330665,8366.316447324267
1784,455619.33265423606,313610.05062499,142009.28202924604,455619.33265423606,8366.316447324267
1785,455620.0935951654,337165.73563482426,118454.35796034113,455620.0935951654,8366.316447324267
1786,455620.8545360949,331954.4036589672,123666.4508771277,455620.8545360949,8366.316447324267
1787,455621.6154770242,353030.506001502,102591.10947552223,455621.6154770242,8366.316447324267
1788,455622.37641795364,307995.6875923695,147626.6888255841,455622.37641795364,8366.316447324267
1789,455623.13735888305,293987.2822823001,161635.85507658293,455623.13735888305,8366.316447324267
1790,455623.8982998124,287279.0912809163,168344.8070188961,455623.8982998124,8366.316447324267
1791,455624.65924074186,310092.73437243304,145531.9248683088,455624.65924074186,8366.316447324267
1792,455625.4201816712,310773.3803915044,144852.03979016683,455625.4201816712,8366.316447324267
1793,455626.18112260057,358668.1247216286,96958.05640097197,455626.18112260057,8366.316447324267
1794,455626.9420635301,367822.0611132209,87804.88095030919,455626.9420635301,8366.316447324267
1795,455627.70300445944,211048.56364007565,244579.1393643838,455627.70300445944,8366.316447324267
1796,455628.4639453889,208530.44408790534,247098.01985748357,455628.4639453889,8366.316447324267
1797,455629.2248863183,195934.93807766406,259694.28680865426,455629.2248863183,8366.316447324267
1798,455629.9858272476,253962.36437485286,201667.62145239476,455629.9858272476,8366.316447324267
1799,455630.74676817714,274145.993870037,181484.75289814008,455630.74676817714,8366.316447324267
1800,455631.50770910643,231960.8719804014,223670.63572870503,455631.50770910643,8366.316447324267
1801,455632.2686500358,234586.94804572573,221045.32060431005,455632.2686500358,8366.316447324267
1802,455633.0295909653,287785.5969668886,167847.43262407673,455633.0295909653,8366.316447324267
1803,455633.79053189466,249830.81740009814,205802.97313179652,455633.79053189466,8366.316447324267
1804,455634.55147282407,224067.1392395391,231567.41223328497,455634.55147282407,8366.316447324267
1805,455635.31241375336,274280.30493349885,181355.00748025454,455635.31241375336,8366.316447324267
1806,455636.0733546828,331488.9464752286,124147.12687945424,455636.0733546828,8366.316447324267
1807,455636.8342956123,326171.46637646743,129465.36791914488,455636.8342956123,8366.316447324267
1808,455637.5952365417,289926.2542997385,165711.3409368032,455637.5952365417,8366.316447324267
1809,455638.3561774711,303931.97765750263,151706.3785199685,455638.3561774711,8366.316447324267
1810,455639.1171184005,320344.1905832258,135294.9265351747,455639.1171184005,8366.316447324267
1811,455639.87805932993,303890.2414536936,151749.6366056363,455639.87805932993,8366.316447324267
1812,455640.63900025934,268313.2784226445,187327.3605776149,455640.63900025934,8366.316447324267
1813,455641.3999411887,246925.1447262029,208716.25521498578,455641.3999411887,8366.316447324267
1814,455642.16088211804,222124.857737067,233517.30314505103,455642.16088211804,8366.316447324267
1815,455642.9218230475,173682.20534351433,281960.7164795332,455642.9218230475,8366.316447324267
1816,455643.68276397686,136728.80156032025,318914.8812036566,455643.68276397686,8366.316447324267
1817,455644.4437049064,80225.41702247818,375419.0266824282,455644.4437049064,8366.316447324267
1818,476170.4786698415,0.0,476170.4786698415,476170.4786698415,8366.316447324267
1819,480000.0,0.0,480000.0,480000.0,8366.316447324267
1820,480000.0,0.0,480000.0,480000.0,8366.316447324267
1821,480000.0,0.0,480000.0,480000.0,8366.316447324267
1822,480000.0,0.0,480000.0,480000.0,8366.316447324267
1823,480000.0,0.0,480000.0,480000.0,8366.316447324267
1824,480000.0,0.0,480000.0,480000.0,8366.316447324267
1825,480000.0,0.0,480000.0,480000.0,8366.316447324267
1826,480000.0,0.0,480000.0,480000.0,8366.316447324267
1827,480000.0,0.0,480000.0,480000.0,8366.316447324267
1828,455652.8140551297,50255.12745910109,405397.6865960286,455652.8140551297,8366.316447324267
1829,455653.5749960591,242101.42228347194,213552.15271258718,455653.5749960591,8366.316447324267
1830,455654.3359369886,326188.3533536857,129465.9825833029,455654.3359369886,8366.316447324267
1831,455655.0968779179,345923.2441461259,109731.85273179197,455655.0968779179,8366.316447324267
1832,455655.85781884723,390037.9680853227,65617.88973352453,455655.85781884723,8366.316447324267
1833,455656.61875977676,435139.8445014343,20516.774258342477,455656.61875977676,8366.316447324267
1834,455657.3797007061,430856.28700495313,24801.092695753003,455657.3797007061,8366.316447324267
1835,455658.1406416355,417669.07183120074,37989.0688104348,455658.1406416355,8366.316447324267
1836,455658.901582565,349542.8074636746,106116.09411889043,455658.901582565,8366.316447324267
1837,455659.6625234943,215927.59553087284,239732.06699262143,455659.6625234943,8366.316447324267
1838,455660.4234644238,110142.66064050293,345517.7628239209,455660.4234644238,8366.316447324267
1839,480000.0,0.0,480000.0,480000.0,8366.316447324267
1840,480000.0,0.0,480000.0,480000.0,8366.316447324267
1841,480000.0,0.0,480000.0,480000.0,8366.316447324267
1842,480000.0,0.0,480000.0,480000.0,8366.316447324267
1843,455664.2281690708,6691.308531304705,448972.9196377661,455664.2281690708,8366.316447324267
1844,480000.0,0.0,480000.0,480000.0,8366.316447324267
1845,480000.0,0.0,480000.0,480000.0,8366.316447324267
1846,480000.0,0.0,480000.0,480000.0,8366.316447324267
1847,480000.0,0.0,480000.0,480000.0,8366.316447324267
1848,480000.0,0.0,480000.0,480000.0,8366.316447324267
1849,480000.0,0.0,480000.0,480000.0,8366.316447324267
1850,480000.0,0.0,480000.0,480000.0,8366.316447324267
1851,480000.0,0.0,480000.0,480000.0,8366.316447324267
1852,480000.0,0.0,480000.0,480000.0,8366.316447324267
1853,480000.0,0.0,480000.0,480000.0,8366.316447324267
1854,480000.0,0.0,480000.0,480000.0,8366.316447324267
1855,480000.0,0.0,480000.0,480000.0,8366.316447324267
1856,480000.0,0.0,480000.0,480000.0,8366.316447324267
1857,480000.0,0.0,480000.0,480000.0,8366.316447324267
1858,480000.0,0.0,480000.0,480000.0,8366.316447324267
1859,480000.0,0.0,480000.0,480000.0,8366.316447324267
1860,480000.0,0.0,480000.0,480000.0,8366.316447324267
1861,474740.58615110954,0.0,474740.58615110954,474740.58615110954,8366.316447324267
1862,474584.54393821966,0.0,474584.54393821966,474584.54393821966,8366.316447324267
1863,466263.7575579184,0.0,466263.7575579184,466263.7575579184,8366.316447324267
1864,472893.217594861,0.0,472893.217594861,472893.217594861,8366.316447324267
1865,457033.15035936283,0.0,457033.15035936283,457033.15035936283,8366.316447324267
1866,474969.9818759994,0.0,474969.9818759994,474969.9818759994,8366.316447324267
1867,455682.4907513764,391.06946043676,455291.4212909396,455682.4907513764,8366.316447324267
1868,480000.0,0.0,480000.0,480000.0,8366.316447324267
1869,480000.0,0.0,480000.0,480000.0,8366.316447324267
1870,480000.0,0.0,480000.0,480000.0,8366.316447324267
1871,480000.0,0.0,480000.0,480000.0,8366.316447324267
1872,480000.0,0.0,480000.0,480000.0,8366.316447324267
1873,480000.0,0.0,480000.0,480000.0,8366.316447324267
1874,480000.0,0.0,480000.0,480000.0,8366.316447324267
1875,480000.0,0.0,480000.0,480000.0,8366.316447324267
1876,469272.9819440694,0.0,469272.9819440694,469272.9819440694,8366.316447324267
1877,475023.89245860867,0.0,475023.89245860867,475023.89245860867,8366.316447324267
1878,475913.9771306815,0.0,475913.9771306815,475913.9771306815,8366.316447324267
1879,480000.0,0.0,480000.0,480000.0,8366.316447324267
1880,480000.0,0.0,480000.0,480000.0,8366.316447324267
1881,480000.0,0.0,480000.0,480000.0,8366.316447324267
1882,480000.0,0.0,480000.0,480000.0,8366.316447324267
1883,480000.0,0.0,480000.0,480000.0,8366.316447324267
1884,480000.0,0.0,480000.0,480000.0,8366.316447324267
1885,480000.0,0.0,480000.0,480000.0,8366.316447324267
1886,480000.0,0.0,480000.0,480000.0,8366.316447324267
1887,480000.0,0.0,480000.0,480000.0,8366.316447324267
1888,480000.0,0.0,480000.0,480000.0,8366.316447324267
1889,480000.0,0.0,480000.0,480000.0,8366.316447324267
1890,455699.9923927527,67880.73977416346,387819.25261858926,455699.9923927527,8366.316447324267
1891,455700.7533336821,238865.244385515,216835.5089481671,455700.7533336821,8366.316447324267
1892,455701.5142746114,115113.56267947925,340587.9515951322,455701.5142746114,8366.316447324267
1893,455702.2752155409,939.8367343999562,454762.43848114094,455702.2752155409,8366.316447324267
1894,455703.03615647025,11408.875882263761,444294.1602742065,455703.03615647025,8366.316447324267
1895,455703.7970973996,57967.75250243017,397736.0445949694,455703.7970973996,8366.316447324267
1896,480000.0,0.0,480000.0,480000.0,8366.316447324267
1897,455705.3189792584,17185.05828625121,438520.2606930072,455705.3189792584,8366.316447324267
1898,455706.0799201879,42638.02872309415,413068.05119709374,455706.0799201879,8366.316447324267
1899,455706.8408611173,104446.35575628997,351260.4851048273,455706.8408611173,8366.316447324267
1900,455707.6018020466,131895.0668517819,323812.5349502647,455707.6018020466,8366.316447324267
1901,455708.3627429761,215101.17151998068,240607.19122299543,455708.3627429761,8366.316447324267
1902,455709.12368390546,253297.66514719278,202411.4585367127,455709.12368390546,8366.316447324267
1903,455709.8846248349,298718.45659684064,156991.42802799426,455709.8846248349,8366.316447324267
1904,455710.64556576434,412910.4556077821,42800.18995798223,455710.64556576434,8366.316447324267
1905,455711.4065066937,440563.4932652736,15147.913241420134,455711.4065066937,8366.316447324267
1906,455712.16744762316,434094.8556019895,21617.311845633663,455712.16744762316,8366.316447324267
1907,455712.92838855245,454687.8072147034,1025.121173849033,455712.92838855245,8366.316447324267
1908,455713.6893294818,455713.6893294818,0.0,455713.6893294818,8366.316447324267
1909,455714.45027041127,455714.45027041127,0.0,455714.45027041127,8366.316447324267
1910,455715.2112113407,455715.2112113407,0.0,455715.2112113407,8366.316447324267
1911,455715.97215227014,455715.97215227014,0.0,455715.97215227014,8366.316447324267
1912,455716.73309319944,455716.73309319944,0.0,455716.73309319944,8366.316447324267
1913,455717.49403412885,454421.96378838463,1295.5302457442076,455717.49403412885,8366.316447324267
1914,455718.2549750583,425036.1260675564,30682.128907501912,455718.2549750583,8366.316447324267
1915,455719.01591598766,382494.2926951691,73224.72322081853,455719.01591598766,8366.316447324267
1916,455719.7768569172,402564.05539206986,53155.72146484732,455719.7768569172,8366.316447324267
1917,455720.53779784654,413817.5845109482,41902.95328689832,455720.53779784654,8366.316447324267
1918,455721.2987387759,427673.50243393227,28047.796304843643,455721.2987387759,8366.316447324267
1919,455722.05967970536,438604.0928628258,17117.966816879558,455722.05967970536,8366.316447324267
1920,455722.82062063465,438604.8538037551,17117.966816879558,455722.82062063465,8366.316447324267
1921,455723.58156156406,438761.1544708125,16962.427090751607,455723.58156156406,8366.316447324267
1922,455724.3425024935,444428.42249110405,11295.920011389479,455724.3425024935,8366.316447324267
1923,455725.1034434229,439248.6834156292,16476.42002779368,455725.1034434229,8366.316447324267
1924,455725.8643843523,429752.72777487227,25973.13660948003,455725.8643843523,8366.316447324267
1925,455726.6253252817,411163.2640193298,44563.3613059519,455726.6253252817,8366.316447324267
1926,455727.38626621105,410759.2203822743,44968.16588393673,455727.38626621105,8366.316447324267
1927,455728.1472071405,423097.99539283494,32630.151814305584,455728.1472071405,8366.316447324267
1928,455728.9081480699,447465.9221691465,8262.985978923452,455728.9081480699,8366.316447324267
1929,455729.66908899933,455729.66908899933,0.0,455729.66908899933,8366.316447324267
1930,455730.43002992874,455730.43002992874,0.0,455730.43002992874,8366.316447324267
1931,455731.19097085815,455731.19097085815,0.0,455731.19097085815,8366.316447324267
1932,455731.95191178756,455731.95191178756,0.0,455731.95191178756,8366.316447324267
1933,455732.71285271697,455732.71285271697,0.0,455732.71285271697,8366.316447324267
1934,455733.47379364626,455733.47379364626,0.0,455733.47379364626,8366.316447324267
1935,455734.23473457573,455734.23473457573,0.0,455734.23473457573,8366.316447324267
1936,455734.99567550514,455734.99567550514,0.0,455734.99567550514,8366.316447324267
1937,455735.7566164346,455735.7566164346,0.0,455735.7566164346,8366.316447324267
1938,455736.5175573639,455736.5175573639,0.0,455736.5175573639,8366.316447324267
1939,455737.27849829325,431346.1831037014,24391.095394591845,455737.27849829325,8366.316447324267
1940,455738.0394392228,400771.0573614428,54966.98207777997,455738.0394392228,8366.316447324267
1941,455738.80038015207,387752.5230434558,67986.27733669631,455738.80038015207,8366.316447324267
1942,455739.56132108154,397150.46815709985,58589.093163981684,455739.56132108154,8366.316447324267
1943,455740.322262011,399349.6227048513,56390.69955715966,455740.322262011,8366.316447324267
1944,455741.0832029403,410857.1512344867,44883.93196845356,455741.0832029403,8366.316447324267
1945,455741.8441438698,414932.3845235514,40809.459620318456,455741.8441438698,8366.316447324267
1946,455742.60508479923,433759.49730028916,21983.10778451008,455742.60508479923,8366.316447324267
1947,455743.36602572846,436610.12222746416,19133.243798264302,455743.36602572846,8366.316447324267
1948,455744.126966658,453835.6930226965,1908.4339439614869,455744.126966658,8366.316447324267
1949,455744.88790758734,455744.88790758734,0.0,455744.88790758734,8366.316447324267
1950,455745.6488485168,455745.6488485168,0.0,455745.6488485168,8366.316447324267
1951,455746.40978944616,455746.40978944616,0.0,455746.40978944616,8366.316447324267
1952,455747.1707303755,437235.33000583877,18511.840724536753,455747.1707303755,8366.316447324267
1953,455747.931671305,455747.931671305,0.0,455747.931671305,8366.316447324267
1954,455748.6926122343,455520.54623813287,228.14637410147006,455748.6926122343,8366.316447324267
1955,455749.4535531638,438397.6707572964,17351.78279586742,455749.4535531638,8366.316447324267
1956,455750.2144940932,434975.5148629587,20774.699631134485,455750.2144940932,8366.316447324267
1957,455750.97543502256,435131.865365537,20619.110069485567,455750.97543502256,8366.316447324267
1958,455751.7363759521,417850.26423468394,37901.47214126814,455751.7363759521,8366.316447324267
1959,455752.4973168814,412098.98328249104,43653.51403439031,455752.4973168814,8366.316447324267
1960,455753.25825781084,413058.6183308853,42694.639926925505,455753.25825781084,8366.316447324267
1961,455754.01919874025,352279.2815518367,103474.73764690355,455754.01919874025,8366.316447324267
1962,455754.78013966954,209733.24450810708,246021.53563156247,455754.78013966954,8366.316447324267
1963,455755.54108059907,51286.37725689466,404469.1638237044,455755.54108059907,8366.316447324267
1964,455756.3020215284,183691.00280588272,272065.2992156457,455756.3020215284,8366.316447324267
1965,455757.0629624577,144405.39536818134,311351.66759427637,455757.0629624577,8366.316447324267
1966,455757.82390338724,156797.703983412,298960.11991997523,455757.82390338724,8366.316447324267
1967,455758.5848443166,187140.570079514,268618.0147648026,455758.5848443166,8366.316447324267
1968,455759.345785246,293573.30804419075,162186.03774105528,455759.345785246,8366.316447324267
1969,455760.1067261754,350006.8541811346,105753.25254504081,455760.1067261754,8366.316447324267
1970,455760.8676671048,381855.49902339536,73905.36864370947,455760.8676671048,8366.316447324267
1971,455761.6286080343,380578.7854263925,75182.84318164176,455761.6286080343,8366.316447324267
1972,455762.38954896363,367245.4604680579,88516.92908090571,455762.38954896363,8366.316447324267
1973,455763.15048989304,272816.13250207406,182947.01798781898,455763.15048989304,8366.316447324267
1974,455763.9114308224,287161.2002790745,168602.7111517479,455763.9114308224,8366.316447324267
1975,455764.67237175175,319928.37511089665,135836.29726085512,455764.67237175175,8366.316447324267
1976,455765.4333126813,256400.19409164405,199365.23922103728,455765.4333126813,8366.316447324267
1977,455766.1942536106,191154.6184213325,264611.5758322781,455766.1942536106,8366.316447324267
1978,455766.95519454,101431.62693840417,354335.3282561358,455766.95519454,8366.316447324267
1979,455767.71613546944,64989.93563744804,390777.7804980214,455767.71613546944,8366.316447324267
1980,458177.15840510407,0.0,458177.15840510407,458177.15840510407,8366.316447324267
1981,467529.38410043885,0.0,467529.38410043885,467529.38410043885,8366.316447324267
1982,480000.0,0.0,480000.0,480000.0,8366.316447324267
1983,471185.17581317,0.0,471185.17581317,471185.17581317,8366.316447324267
1984,474095.5223988615,0.0,474095.5223988615,474095.5223988615,8366.316447324267
1985,475522.4521430883,0.0,475522.4521430883,475522.4521430883,8366.316447324267
1986,480000.0,0.0,480000.0,480000.0,8366.316447324267
1987,464744.3148693682,0.0,464744.3148693682,464744.3148693682,8366.316447324267
1988,480000.0,0.0,480000.0,480000.0,8366.316447324267
1989,480000.0,0.0,480000.0,480000.0,8366.316447324267
1990,480000.0,0.0,480000.0,480000.0,8366.316447324267
1991,455776.84742662223,15839.537127266754,439937.3102993555,455776.84742662223,8366.316447324267
1992,455777.60836755164,75721.0253500503,380056.58301750134,455777.60836755164,8366.316447324267
1993,455778.36930848105,45736.89199650561,410041.47731197544,455778.36930848105,8366.316447324267
1994,476301.93686128326,0.0,476301.93686128326,476301.93686128326,8366.316447324267
1995,480000.0,0.0,480000.0,480000.0,8366.316447324267
1996,480000.0,0.0,480000.0,480000.0,8366.316447324267
1997,470984.0309689602,0.0,470984.0309689602,470984.0309689602,8366.316447324267
1998,480000.0,0.0,480000.0,480000.0,8366.316447324267
1999,464446.14680067665,0.0,464446.14680067665,464446.14680067665,8366.316447324267
2000,455783.6958949869,22771.794262842217,433011.9016321447,455783.6958949869,8366.316447324267
2001,455784.4568359162,55616.65050657542,400167.8063293408,455784.4568359162,8366.316447324267
2002,455785.21777684573,95108.98587461619,360676.23190222954,455785.21777684573,8366.316447324267
2003,455785.97871777514,64327.656162774714,391458.3225550004,455785.97871777514,8366.316447324267
2004,455786.73965870443,43009.87020195421,412776.8694567502,455786.73965870443,8366.316447324267
2005,455787.5005996339,42692.57595368591,413094.924645948,455787.5005996339,8366.316447324267
2006,455788.26154056325,26143.906238261552,429644.3553023017,455788.26154056325,8366.316447324267
2007,455789.0224814926,23270.37547806831,432518.6470034243,455789.0224814926,8366.316447324267
2008,477733.94030244043,0.0,477733.94030244043,477733.94030244043,8366.316447324267
2009,455790.5443633515,22789.612810266495,433000.931553085,455790.5443633515,8366.316447324267
2010,480000.0,0.0,480000.0,480000.0,8366.316447324267
2011,480000.0,0.0,480000.0,480000.0,8366.316447324267
2012,480000.0,0.0,480000.0,480000.0,8366.316447324267
2013,480000.0,0.0,480000.0,480000.0,8366.316447324267
2014,480000.0,0.0,480000.0,480000.0,8366.316447324267
2015,480000.0,0.0,480000.0,480000.0,8366.316447324267
2016,478931.62554771814,0.0,478931.62554771814,478931.62554771814,8366.316447324267
2017,455796.6318907867,22325.011644495593,433471.6202462911,455796.6318907867,8366.316447324267
2018,455797.39283171616,72130.99693894095,383666.3958927752,455797.39283171616,8366.316447324267
2019,455798.15377264546,136114.11790799617,319684.0358646493,455798.15377264546,8366.316447324267
2020,455798.91471357486,127275.95983544778,328522.9548781271,455798.91471357486,8366.316447324267
2021,455799.67565450433,123907.98601505038,331891.68963945395,455799.67565450433,8366.316447324267
2022,455800.43659543374,79160.92623926641,376639.51035616733,455800.43659543374,8366.316447324267
2023,455801.19753636315,125926.61964335374,329874.5778930094,455801.19753636315,8366.316447324267
2024,455801.95847729256,322777.64700496383,133024.31147232876,455801.95847729256,8366.316447324267
2025,455802.7194182219,390634.70063631603,65168.01878190588,455802.7194182219,8366.316447324267
2026,455803.4803591514,369851.7078235927,85951.77253555867,455803.4803591514,8366.316447324267
2027,455804.2413000808,301269.7362932365,154534.50500684427,455804.2413000808,8366.316447324267
2028,455805.00224100996,298218.1789310118,157586.82330999817,455805.00224100996,8366.316447324267
2029,455805.76318193955,285181.2354406212,170624.52774131834,455805.76318193955,8366.316447324267
2030,455806.52412286896,335169.4142598744,120637.10986299459,455806.52412286896,8366.316447324267
2031,455807.2850637983,353313.1469015238,102494.13816227451,455807.2850637983,8366.316447324267
2032,455808.0460047277,432782.9816989817,23025.064305745975,455808.0460047277,8366.316447324267
2033,455808.80694565707,401957.79302784207,53851.01391781501,455808.80694565707,8366.316447324267
2034,455809.56788658653,311221.3394434813,144588.22844310527,455809.56788658653,8366.316447324267
2035,455810.32882751594,309182.0896736019,146628.23915391407,455810.32882751594,8366.316447324267
2036,455811.08976844535,347274.52033086953,108536.56943757582,455811.08976844535,8366.316447324267
2037,455811.85070937476,276377.1698537383,179434.68085563646,455811.85070937476,8366.316447324267
2038,455812.6116503041,240939.05906538886,214873.55258491525,455812.6116503041,8366.316447324267
2039,455813.37259123364,276764.6246772003,179048.74791403336,455813.37259123364,8366.316447324267
2040,455814.133532163,375006.4108896395,80807.72264252344,455814.133532163,8366.316447324267
2041,455814.8944730923,415071.1609787952,40743.73349429707,455814.8944730923,8366.316447324267
2042,455815.6554140218,415781.04526950675,40034.610144515056,455815.6554140218,8366.316447324267
2043,455816.4163549511,423204.0877758336,32612.328579117468,455816.4163549511,8366.316447324267
2044,455817.17729588057,413944.26924383495,41872.90805204562,455817.17729588057,8366.316447324267
2045,455817.93823681,435476.52261251374,20341.415624296224,455817.93823681,8366.316447324267
2046,455818.69917773927,440873.0378438238,14945.661333915474,455818.69917773927,8366.316447324267
2047,455819.4601186688,432297.0558823051,23522.40423636371,455819.4601186688,8366.316447324267
2048,455820.22105959815,436580.5927067129,19239.628352885236,455820.22105959815,8366.316447324267
2049,455820.98200052755,455820.98200052755,0.0,455820.98200052755,8366.316447324267
2050,455821.742941457,455821.742941457,0.0,455821.742941457,8366.316447324267
2051,455822.5038823864,455822.5038823864,0.0,455822.5038823864,8366.316447324267
2052,455823.26482331584,440790.16602589586,15033.098797419958,455823.26482331584,8366.316447324267
2053,455824.0257642452,455824.0257642452,0.0,455824.0257642452,8366.316447324267
2054,455824.78670517454,455824.78670517454,0.0,455824.78670517454,8366.316447324267
2055,455825.547646104,455825.547646104,0.0,455825.547646104,8366.316447324267
2056,455826.30858703336,396288.4288525151,59537.87973451823,455826.30858703336,8366.316447324267
2057,455827.0695279629,443852.8824073546,11974.187120608301,455827.0695279629,8366.316447324267
2058,455827.8304688921,422620.1746652284,33207.65580366373,455827.8304688921,8366.316447324267
2059,455828.5914098215,436525.38167208654,19303.209737734982,455828.5914098215,8366.316447324267
2060,455829.35235075105,433824.2126651947,22005.139685556376,455829.35235075105,8366.316447324267
2061,455830.11329168035,455830.11329168035,0.0,455830.11329168035,8366.316447324267
2062,455830.8742326098,455830.8742326098,0.0,455830.8742326098,8366.316447324267
2063,455831.6351735392,455831.6351735392,0.0,455831.6351735392,8366.316447324267
2064,455832.3961144686,455832.3961144686,0.0,455832.3961144686,8366.316447324267
2065,455833.1570553981,455833.1570553981,0.0,455833.1570553981,8366.316447324267
2066,455833.91799632745,455833.91799632745,0.0,455833.91799632745,8366.316447324267
2067,455834.67893725674,455834.67893725674,0.0,455834.67893725674,8366.316447324267
2068,455835.4398781862,455835.4398781862,0.0,455835.4398781862,8366.316447324267
2069,455836.2008191156,455836.2008191156,0.0,455836.2008191156,8366.316447324267
2070,455836.9617600451,455836.9617600451,0.0,455836.9617600451,8366.316447324267
2071,455837.7227009744,455837.7227009744,0.0,455837.7227009744,8366.316447324267
2072,455838.4836419038,455838.4836419038,0.0,455838.4836419038,8366.316447324267
2073,455839.2445828332,455839.2445828332,0.0,455839.2445828332,8366.316447324267
2074,455840.0055237626,455840.0055237626,0.0,455840.0055237626,8366.316447324267
2075,455840.766464692,455840.766464692,0.0,455840.766464692,8366.316447324267
2076,455841.5274056214,455841.5274056214,0.0,455841.5274056214,8366.316447324267
2077,455842.28834655083,455842.28834655083,0.0,455842.28834655083,8366.316447324267
2078,455843.0492874803,455843.0492874803,0.0,455843.0492874803,8366.316447324267
2079,455843.81022840965,455843.81022840965,0.0,455843.81022840965,8366.316447324267
2080,455844.57116933906,455844.57116933906,0.0,455844.57116933906,8366.316447324267
2081,455845.3321102685,455845.3321102685,0.0,455845.3321102685,8366.316447324267
2082,455846.0930511978,455846.0930511978,0.0,455846.0930511978,8366.316447324267
2083,455846.8539921273,455846.8539921273,0.0,455846.8539921273,8366.316447324267
2084,455847.6149330567,455847.6149330567,0.0,455847.6149330567,8366.316447324267
2085,455848.375873986,455848.375873986,0.0,455848.375873986,8366.316447324267
2086,455849.13681491546,455849.13681491546,0.0,455849.13681491546,8366.316447324267
2087,455849.8977558448,455849.8977558448,0.0,455849.8977558448,8366.316447324267
2088,455850.65869677416,455850.65869677416,0.0,455850.65869677416,8366.316447324267
2089,455851.4196377037,455851.4196377037,0.0,455851.4196377037,8366.316447324267
2090,455852.18057863304,430842.89591939806,25009.284659234967,455852.18057863304,8366.316447324267
2091,455852.9415195625,437920.429680901,17932.51183866153,455852.9415195625,8366.316447324267
2092,455853.7024604919,430141.52998538443,25712.1724751075,455853.7024604919,8366.316447324267
2093,455854.4634014212,420310.1156247039,35544.34777671731,455854.4634014212,8366.316447324267
2094,455855.2243423506,423024.07680154906,32831.14754080158,455855.2243423506,8366.316447324267
2095,455855.98528328,395607.73341687245,60248.251866407605,455855.98528328,8366.316447324267
2096,455856.74622420955,396014.0371560528,59842.70906815677,455856.74622420955,8366.316447324267
2097,455857.5071651389,440202.3765521322,15655.130613006686,455857.5071651389,8366.316447324267
2098,455858.2681060682,455858.2681060682,0.0,455858.2681060682,8366.316447324267
2099,455859.02904699766,455859.02904699766,0.0,455859.02904699766,8366.316447324267
2100,455859.789987927,455859.789987927,0.0,455859.789987927,8366.316447324267
2101,455860.5509288564,455860.5509288564,0.0,455860.5509288564,8366.316447324267
2102,455861.3118697859,455861.3118697859,0.0,455861.3118697859,8366.316447324267
2103,455862.07281071524,455862.07281071524,0.0,455862.07281071524,8366.316447324267
2104,455862.83375164476,455862.83375164476,0.0,455862.83375164476,8366.316447324267
2105,455863.59469257406,455863.59469257406,0.0,455863.59469257406,8366.316447324267
2106,455864.35563350347,449078.30982864945,6786.04580485401,455864.35563350347,8366.316447324267
2107,455865.11657443293,442891.45517298667,12973.661401446247,455865.11657443293,8366.316447324267
2108,455865.8775153622,437458.0921834136,18407.78533194859,455865.8775153622,8366.316447324267
2109,455866.63845629175,381287.2564568445,74579.38199944727,455866.63845629175,8366.316447324267
2110,455867.39939722104,350993.6721979204,104873.72719930069,455867.39939722104,8366.316447324267
2111,455868.16033815045,335074.6136700931,120793.54666805734,455868.16033815045,8366.316447324267
2112,455868.9212790799,217954.99040090333,237913.9308781766,455868.9212790799,8366.316447324267
2113,455869.6822200093,57448.94863407384,398420.73358593544,455869.6822200093,8366.316447324267
2114,467250.2106956336,0.0,467250.2106956336,467250.2106956336,8366.316447324267
2115,480000.0,0.0,480000.0,480000.0,8366.316447324267
2116,480000.0,0.0,480000.0,480000.0,8366.316447324267
2117,480000.0,0.0,480000.0,480000.0,8366.316447324267
2118,480000.0,0.0,480000.0,480000.0,8366.316447324267
2119,480000.0,0.0,480000.0,480000.0,8366.316447324267
2120,455875.0088065151,46940.46275387454,408934.54605264054,455875.0088065151,8366.316447324267
2121,455875.7697474445,170752.94077131717,285122.8289761273,455875.7697474445,8366.316447324267
2122,455876.530688374,46906.85045880388,408969.68022957013,455876.530688374,8366.316447324267
2123,480000.0,0.0,480000.0,480000.0,8366.316447324267
2124,480000.0,0.0,480000.0,480000.0,8366.316447324267
2125,480000.0,0.0,480000.0,480000.0,8366.316447324267
2126,480000.0,0.0,480000.0,480000.0,8366.316447324267
2127,480000.0,0.0,480000.0,480000.0,8366.316447324267
2128,455881.09633395035,9912.93727442046,445968.1590595299,455881.09633395035,8366.316447324267
2129,455881.8572748797,347227.2799504665,108654.57732441323,455881.8572748797,8366.316447324267
2130,455882.61821580917,61327.779705444234,394554.83851036493,455882.61821580917,8366.316447324267
2131,455883.37915673864,303057.1806079736,152826.198548765,455883.37915673864,8366.316447324267
2132,455884.1400976679,358837.63064075354,97046.50945691438,455884.1400976679,8366.316447324267
2133,455884.90103859734,295792.07583569357,160092.82520290377,455884.90103859734,8366.316447324267
2134,455885.66197952675,161522.91189162224,294362.7500879045,455885.66197952675,8366.316447324267
2135,455886.42292045604,264916.4634390162,190969.95948143984,455886.42292045604,8366.316447324267
2136,455887.18386138557,304193.15946707095,151694.02439431465,455887.18386138557,8366.316447324267
2137,455887.944802315,261334.18087607998,194553.763926235,455887.944802315,8366.316447324267
2138,455888.7057432443,332488.2559314991,123400.4498117452,455888.7057432443,8366.316447324267
2139,455889.46668417373,328023.7785771961,127865.6881069776,455889.46668417373,8366.316447324267
2140,455890.2276251031,277359.1664209934,178531.06120410972,455890.2276251031,8366.316447324267
2141,455890.98856603255,261103.33454339218,194787.65402264037,455890.98856603255,8366.316447324267
2142,455891.74950696196,100404.49530716258,355487.2541997994,455891.74950696196,8366.316447324267
2143,455892.5104478914,13579.751987979806,442312.7584599116,455892.5104478914,8366.316447324267
2144,455893.2713888208,16829.946305881836,439063.32508293894,455893.2713888208,8366.316447324267
2145,455894.03232975013,259550.03485078402,196343.9974789661,455894.03232975013,8366.316447324267
2146,455894.79327067966,175270.6034451754,280624.18982550426,455894.79327067966,8366.316447324267
2147,455895.55421160895,265280.42380336986,190615.13040823906,455895.55421160895,8366.316447324267
2148,455896.3151525383,64145.76365612424,391750.55149641406,455896.3151525383,8366.316447324267
2149,478674.35727266874,0.0,478674.35727266874,478674.35727266874,8366.316447324267
2150,480000.0,0.0,480000.0,480000.0,8366.316447324267
2151,480000.0,0.0,480000.0,480000.0,8366.316447324267
2152,480000.0,0.0,480000.0,480000.0,8366.316447324267
2153,480000.0,0.0,480000.0,480000.0,8366.316447324267
2154,471911.89244769904,0.0,471911.89244769904,471911.89244769904,8366.316447324267
2155,480000.0,0.0,480000.0,480000.0,8366.316447324267
2156,459396.81666804873,0.0,459396.81666804873,459396.81666804873,8366.316447324267
2157,480000.0,0.0,480000.0,480000.0,8366.316447324267
2158,480000.0,0.0,480000.0,480000.0,8366.316447324267
2159,480000.0,0.0,480000.0,480000.0,8366.316447324267
2160,480000.0,0.0,480000.0,480000.0,8366.316447324267
2161,480000.0,0.0,480000.0,480000.0,8366.316447324267
2162,480000.0,0.0,480000.0,480000.0,8366.316447324267
2163,455907.7292664794,16844.02615699696,439063.7031094824,455907.7292664794,8366.316447324267
2164,455908.49020740885,10083.538502558891,445824.95170484995,455908.49020740885,8366.316447324267
2165,455909.25114833814,24920.646594938415,430988.6045533997,455909.25114833814,8366.316447324267
2166,455910.01208926755,89074.0236564778,366835.98843278975,455910.01208926755,8366.316447324267
2167,455910.7730301971,182558.58027760795,273352.1927525891,455910.7730301971,8366.316447324267
2168,455911.53397112637,65275.73592936242,390635.79804176395,455911.53397112637,8366.316447324267
2169,455912.29491205583,217165.03006320566,238747.26484885017,455912.29491205583,8366.316447324267
2170,455913.05585298524,180311.07383713103,275601.9820158542,455913.05585298524,8366.316447324267
2171,455913.8167939146,162984.48630719655,292929.33048671804,455913.8167939146,8366.316447324267
2172,455914.5777348441,226519.16773005755,229395.41000478656,455914.5777348441,8366.316447324267
2173,455915.33867577347,230328.6839616351,225586.65471413836,455915.33867577347,8366.316447324267
2174,455916.09961670276,217041.24630914288,238874.85330755988,455916.09961670276,8366.316447324267
2175,455916.86055763223,144123.85563154274,311793.0049260895,455916.86055763223,8366.316447324267
2176,455917.62149856164,195103.3490156399,260814.27248292175,455917.62149856164,8366.316447324267
2177,455918.38243949105,194096.26932041577,261822.11311907528,455918.38243949105,8366.316447324267
2178,455919.1433804204,163851.2176745198,292067.9257059006,455919.1433804204,8366.316447324267
2179,480000.0,0.0,480000.0,480000.0,8366.316447324267
2180,480000.0,0.0,480000.0,480000.0,8366.316447324267
2181,472596.1402217789,0.0,472596.1402217789,472596.1402217789,8366.316447324267
2182,468747.6299477542,0.0,468747.6299477542,468747.6299477542,8366.316447324267
2183,455922.94808506744,15279.02428278944,440643.923802278,455922.94808506744,8366.316447324267
2184,455923.70902599685,146593.40962943097,309330.2993965659,455923.70902599685,8366.316447324267
2185,455924.4699669263,175411.1981032075,280513.2718637188,455924.4699669263,8366.316447324267
2186,455925.2309078557,157444.6829516567,298480.547956199,455925.2309078557,8366.316447324267
2187,455925.99184878496,147895.55510764418,308030.4367411408,455925.99184878496,8366.316447324267
2188,455926.7527897145,285888.6063587717,170038.14643094278,455926.7527897145,8366.316447324267
2189,455927.51373064384,210125.9856471886,245801.52808345525,455927.51373064384,8366.316447324267
2190,455928.2746715733,156343.92672170844,299584.34794986487,455928.2746715733,8366.316447324267
2191,455929.03561250266,322405.29209089745,133523.7435216052,455929.03561250266,8366.316447324267
2192,455929.79655343195,402031.63249417406,53898.16405925789,455929.79655343195,8366.316447324267
2193,455930.5574943615,424613.7864275487,31316.771066812824,455930.5574943615,8366.316447324267
2194,455931.3184352909,364376.4505259869,91554.86790930397,455931.3184352909,8366.316447324267
2195,455932.07937622024,299717.8241993784,156214.25517684183,455932.07937622024,8366.316447324267
2196,455932.84031714965,281001.6128896046,174931.22742754506,455932.84031714965,8366.316447324267
2197,455933.60125807906,257687.3043406387,198246.29691744037,455933.60125807906,8366.316447324267
2198,455934.3621990085,250003.73078970317,205930.63140930535,455934.3621990085,8366.316447324267
2199,455935.12313993793,215220.7022934191,240714.42084651883,455935.12313993793,8366.316447324267
2200,455935.8840808673,227528.61921371,228407.2648671573,455935.8840808673,8366.316447324267
2201,455936.6450217967,280490.65986202273,175445.98515977396,455936.6450217967,8366.316447324267
2202,455937.40596272604,77922.64982839365,378014.7561343324,455937.40596272604,8366.316447324267
2203,455938.16690365557,243333.0479670474,212605.11893660817,455938.16690365557,8366.316447324267
2204,455938.9278445849,238133.74582447778,217805.18202010714,455938.9278445849,8366.316447324267
2205,455939.6887855142,321496.45326689404,134443.23551862017,455939.6887855142,8366.316447324267
2206,455940.44972644374,286214.76176681946,169725.68795962428,455940.44972644374,8366.316447324267
2207,455941.21066737303,300428.08681888925,155513.12384848378,455941.21066737303,8366.316447324267
2208,455941.97160830244,341198.07136452483,114743.9002437776,455941.97160830244,8366.316447324267
2209,455942.7325492319,322916.41667830764,133026.31587092427,455942.7325492319,8366.316447324267
2210,455943.49349016126,383917.07671569096,72026.4167744703,455943.49349016126,8366.316447324267
2211,455944.2544310908,396567.0131685849,59377.24126250587,455944.2544310908,8366.316447324267
2212,455945.01537202013,414482.6793589182,41462.336013101936,455945.01537202013,8366.316447324267
2213,455945.7763129495,422885.31416926347,33060.46214368603,455945.7763129495,8366.316447324267
2214,455946.53725387895,408070.6951769294,47875.84207694953,455946.53725387895,8366.316447324267
2215,455947.2981948083,409348.39161365374,46598.90658115455,455947.2981948083,8366.316447324267
2216,455948.05913573777,455948.05913573777,0.0,455948.05913573777,8366.316447324267
2217,455948.8200766671,450084.7560969555,5864.063979711636,455948.8200766671,8366.316447324267
2218,455949.5810175965,455949.5810175965,0.0,455949.5810175965,8366.316447324267
2219,455950.34195852594,439759.5040944682,16190.837864057745,455950.34195852594,8366.316447324267
2220,455951.1028994553,435516.1999036206,20434.902995834713,455951.1028994553,8366.316447324267
2221,455951.8638403847,422650.2172902908,33301.646550093894,455951.8638403847,8366.316447324267
2222,455952.62478131405,417188.3355805882,38764.28920072583,455952.62478131405,8366.316447324267
2223,455953.3857222435,383872.99957838585,72080.38614385769,455953.3857222435,8366.316447324267
2224,455954.146663173,389221.2159202546,66732.93074291843,455954.146663173,8366.316447324267
2225,455954.90760410234,382047.49058934615,73907.41701475617,455954.90760410234,8366.316447324267
2226,455955.6685450318,346112.3804389362,109843.2881060956,455955.6685450318,8366.316447324267
2227,455956.4294859611,265357.6019825117,190598.82750344943,455956.4294859611,8366.316447324267
2228,455957.1904268905,133073.44982208224,322883.74060480826,455957.1904268905,8366.316447324267
2229,455957.95136782003,35558.53175300278,420399.41961481725,455957.95136782003,8366.316447324267
2230,455958.7123087494,14394.068708213978,441564.6436005354,455958.7123087494,8366.316447324267
2231,480000.0,0.0,480000.0,480000.0,8366.316447324267
2232,480000.0,0.0,480000.0,480000.0,8366.316447324267
2233,480000.0,0.0,480000.0,480000.0,8366.316447324267
2234,480000.0,0.0,480000.0,480000.0,8366.316447324267
2235,480000.0,0.0,480000.0,480000.0,8366.316447324267
2236,480000.0,0.0,480000.0,480000.0,8366.316447324267
2237,480000.0,0.0,480000.0,480000.0,8366.316447324267
2238,480000.0,0.0,480000.0,480000.0,8366.316447324267
2239,455965.56077711395,45686.42284924706,410279.1379278669,455965.56077711395,8366.316447324267
2240,455966.3217180434,302391.2528793942,153575.06883864917,455966.3217180434,8366.316447324267
2241,455967.08265897277,320929.21182094305,135037.87083802972,455967.08265897277,8366.316447324267
2242,455967.84359990223,225417.59062545266,230550.25297444957,455967.84359990223,8366.316447324267
2243,455968.6045408316,232956.22470135544,223012.37983947614,455968.6045408316,8366.316447324267
2244,455969.36548176093,249916.72862320696,206052.63685855397,455969.36548176093,8366.316447324267
2245,455970.1264226904,277478.04962408036,178492.07679861004,455970.1264226904,8366.316447324267
2246,455970.88736361975,240277.14040884704,215693.7469547727,455970.88736361975,8366.316447324267
2247,455971.6483045491,257682.56544017457,198289.08286437453,455971.6483045491,8366.316447324267
2248,455972.40924547863,254383.6428574472,201588.76638803142,455972.40924547863,8366.316447324267
2249,455973.1701864079,272932.0355006714,183041.1346857365,455973.1701864079,8366.316447324267
2250,455973.9311273374,280890.3407034931,175083.59042384426,455973.9311273374,8366.316447324267
2251,455974.69206826686,232972.27258862415,223002.4194796427,455974.69206826686,8366.316447324267
2252,455975.45300919615,206458.36148727886,249517.0915219173,455975.45300919615,8366.316447324267
2253,480000.0,0.0,480000.0,480000.0,8366.316447324267
2254,480000.0,0.0,480000.0,480000.0,8366.316447324267
2255,480000.0,0.0,480000.0,480000.0,8366.316447324267
2256,480000.0,0.0,480000.0,480000.0,8366.316447324267
2257,480000.0,0.0,480000.0,480000.0,8366.316447324267
2258,480000.0,0.0,480000.0,480000.0,8366.316447324267
2259,480000.0,0.0,480000.0,480000.0,8366.316447324267
2260,455981.5405366313,35284.54101940489,420696.9995172264,455981.5405366313,8366.316447324267
2261,455982.30147756083,67238.01447809237,388744.28699946846,455982.30147756083,8366.316447324267
2262,455983.0624184902,88429.46349683142,367553.59892165876,455983.0624184902,8366.316447324267
2263,455983.82335941965,257982.52195656908,198001.30140285057,455983.82335941965,8366.316447324267
2264,455984.584300349,380697.78141785663,75286.80288249237,455984.584300349,8366.316447324267
2265,455985.3452412784,399721.569768656,56263.77547262244,455985.3452412784,8366.316447324267
2266,455986.1061822079,398495.2815824787,57490.824599729145,455986.1061822079,8366.316447324267
2267,455986.86712313717,432361.99798788293,23624.869135254263,455986.86712313717,8366.316447324267
2268,455987.6280640666,426969.9037348845,29017.724329182074,455987.6280640666,8366.316447324267
2269,455988.389004996,428010.31235931657,27978.076645679397,455988.389004996,8366.316447324267
2270,455989.1499459254,455989.1499459254,0.0,455989.1499459254,8366.316447324267
2271,455989.91088685486,422259.3425799353,33730.56830691952,455989.91088685486,8366.316447324267
2272,455990.67182778416,360195.9043803925,95794.76744739163,455990.67182778416,8366.316447324267
2273,455991.43276871357,398527.64918164787,57463.78358706568,455991.43276871357,8366.316447324267
2274,455992.19370964303,195322.76669531813,260669.4270143249,455992.19370964303,8366.316447324267
2275,455992.9546505724,12613.191547568655,443379.76310300373,455992.9546505724,8366.316447324267
2276,456371.7325256451,0.0,456371.7325256451,456371.7325256451,8366.316447324267
2277,480000.0,0.0,480000.0,480000.0,8366.316447324267
2278,480000.0,0.0,480000.0,480000.0,8366.316447324267
2279,480000.0,0.0,480000.0,480000.0,8366.316447324267
2280,480000.0,0.0,480000.0,480000.0,8366.316447324267
2281,480000.0,0.0,480000.0,480000.0,8366.316447324267
2282,480000.0,0.0,480000.0,480000.0,8366.316447324267
2283,480000.0,0.0,480000.0,480000.0,8366.316447324267
2284,480000.0,0.0,480000.0,480000.0,8366.316447324267
2285,480000.0,0.0,480000.0,480000.0,8366.316447324267
2286,480000.0,0.0,480000.0,480000.0,8366.316447324267
2287,480000.0,0.0,480000.0,480000.0,8366.316447324267
2288,480000.0,0.0,480000.0,480000.0,8366.316447324267
2289,480000.0,0.0,480000.0,480000.0,8366.316447324267
2290,480000.0,0.0,480000.0,480000.0,8366.316447324267
2291,480000.0,0.0,480000.0,480000.0,8366.316447324267
2292,480000.0,0.0,480000.0,480000.0,8366.316447324267
2293,480000.0,0.0,480000.0,480000.0,8366.316447324267
2294,480000.0,0.0,480000.0,480000.0,8366.316447324267
2295,480000.0,0.0,480000.0,480000.0,8366.316447324267
2296,480000.0,0.0,480000.0,480000.0,8366.316447324267
2297,480000.0,0.0,480000.0,480000.0,8366.316447324267
2298,480000.0,0.0,480000.0,480000.0,8366.316447324267
2299,480000.0,0.0,480000.0,480000.0,8366.316447324267
2300,480000.0,0.0,480000.0,480000.0,8366.316447324267
2301,480000.0,0.0,480000.0,480000.0,8366.316447324267
2302,480000.0,0.0,480000.0,480000.0,8366.316447324267
2303,456014.2609965957,104646.35228520317,351367.90871139255,456014.2609965957,8366.316447324267
2304,456787.15123496304,0.0,456787.15123496304,456787.15123496304,8366.316447324267
2305,456015.78287845454,379194.18342983816,76821.59944861637,456015.78287845454,8366.316447324267
2306,476826.8427441138,0.0,476826.8427441138,476826.8427441138,8366.316447324267
2307,480000.0,0.0,480000.0,480000.0,8366.316447324267
2308,480000.0,0.0,480000.0,480000.0,8366.316447324267
2309,456018.82664217206,52136.81385110103,403882.012791071,456018.82664217206,8366.316447324267
2310,456019.5875831016,234904.93929927814,221114.64828382345,456019.5875831016,8366.316447324267
2311,456020.3485240309,387865.462476601,68154.88604742984,456020.3485240309,8366.316447324267
2312,456021.10946496023,456021.10946496023,0.0,456021.10946496023,8366.316447324267
2313,456021.87040588976,456021.87040588976,0.0,456021.87040588976,8366.316447324267
2314,456022.63134681905,456022.63134681905,0.0,456022.63134681905,8366.316447324267
2315,456023.39228774846,456023.39228774846,0.0,456023.39228774846,8366.316447324267
2316,456024.1532286779,456024.1532286779,0.0,456024.1532286779,8366.316447324267
2317,456024.9141696073,456024.9141696073,0.0,456024.9141696073,8366.316447324267
2318,456025.6751105368,456025.6751105368,0.0,456025.6751105368,8366.316447324267
2319,456026.43605146615,456026.43605146615,0.0,456026.43605146615,8366.316447324267
2320,456027.1969923955,456027.1969923955,0.0,456027.1969923955,8366.316447324267
2321,456027.9579333249,456027.9579333249,0.0,456027.9579333249,8366.316447324267
2322,456028.7188742543,425354.64233435126,30674.076539903046,456028.7188742543,8366.316447324267
2323,456029.4798151838,288283.32541880704,167746.15439637675,456029.4798151838,8366.316447324267
2324,456030.24075611314,100630.71828432567,355399.52247178747,456030.24075611314,8366.316447324267
2325,480000.0,0.0,480000.0,480000.0,8366.316447324267
2326,480000.0,0.0,480000.0,480000.0,8366.316447324267
2327,480000.0,0.0,480000.0,480000.0,8366.316447324267
2328,480000.0,0.0,480000.0,480000.0,8366.316447324267
2329,480000.0,0.0,480000.0,480000.0,8366.316447324267
2330,480000.0,0.0,480000.0,480000.0,8366.316447324267
2331,456035.567342619,13909.700798542763,442125.86654407624,456035.567342619,8366.316447324267
2332,456036.32828354836,342875.2967593669,113161.03152418145,456036.32828354836,8366.316447324267
2333,456037.08922447776,343633.54022025375,112403.54900422403,456037.08922447776,8366.316447324267
2334,456037.8501654072,404413.5419381009,51624.30822730627,456037.8501654072,8366.316447324267
2335,456038.6111063365,434946.8939800022,21091.71712633433,456038.6111063365,8366.316447324267
2336,456039.372047266,447105.7657250619,8933.60632220409,456039.372047266,8366.316447324267
2337,456040.1329881954,456040.1329881954,0.0,456040.1329881954,8366.316447324267
2338,456040.8939291247,456040.8939291247,0.0,456040.8939291247,8366.316447324267
2339,456041.65487005416,456041.65487005416,0.0,456041.65487005416,8366.316447324267
2340,456042.41581098357,453516.0600304511,2526.3557805324913,456042.41581098357,8366.316447324267
2341,456043.17675191286,440312.42603242624,15730.750719486627,456043.17675191286,8366.316447324267
2342,456043.93769284233,456043.93769284233,0.0,456043.93769284233,8366.316447324267
2343,456044.69863377174,456044.69863377174,0.0,456044.69863377174,8366.316447324267
2344,456045.4595747012,456045.4595747012,0.0,456045.4595747012,8366.316447324267
2345,456046.2205156307,390222.8058107125,65823.41470491813,456046.2205156307,8366.316447324267
2346,456046.98145655997,354857.8785234393,101189.1029331207,456046.98145655997,8366.316447324267
2347,456047.7423974894,193454.1010671545,262593.6413303349,456047.7423974894,8366.316447324267
2348,456048.5033384188,21236.523727700755,434811.97961071803,456048.5033384188,8366.316447324267
2349,477220.4607992477,0.0,477220.4607992477,477220.4607992477,8366.316447324267
2350,480000.0,0.0,480000.0,480000.0,8366.316447324267
2351,480000.0,0.0,480000.0,480000.0,8366.316447324267
2352,480000.0,0.0,480000.0,480000.0,8366.316447324267
2353,480000.0,0.0,480000.0,480000.0,8366.316447324267
2354,480000.0,0.0,480000.0,480000.0,8366.316447324267
2355,477770.64866634115,0.0,477770.64866634115,477770.64866634115,8366.316447324267
2356,456054.59086585394,34892.09978471679,421162.49108113715,456054.59086585394,8366.316447324267
2357,480000.0,0.0,480000.0,480000.0,8366.316447324267
2358,480000.0,0.0,480000.0,480000.0,8366.316447324267
2359,456056.87368864217,72613.74284982355,383443.1308388186,456056.87368864217,8366.316447324267
2360,480000.0,0.0,480000.0,480000.0,8366.316447324267
2361,456058.395570501,23171.052494864154,432887.34307563683,456058.395570501,8366.316447324267
2362,480000.0,0.0,480000.0,480000.0,8366.316447324267
2363,456059.91745235986,235310.76259575615,220749.1548566037,456059.91745235986,8366.316447324267
2364,456060.6783932892,371652.22731543565,84408.45107785356,456060.6783932892,8366.316447324267
2365,456061.4393342186,46432.9547835234,409628.4845506952,456061.4393342186,8366.316447324267
2366,456062.200275148,186164.62441788195,269897.575857266,456062.200275148,8366.316447324267
2367,480000.0,0.0,480000.0,480000.0,8366.316447324267
2368,480000.0,0.0,480000.0,480000.0,8366.316447324267
2369,480000.0,0.0,480000.0,480000.0,8366.316447324267
2370,480000.0,0.0,480000.0,480000.0,8366.316447324267
2371,480000.0,0.0,480000.0,480000.0,8366.316447324267
2372,480000.0,0.0,480000.0,480000.0,8366.316447324267
2373,480000.0,0.0,480000.0,480000.0,8366.316447324267
2374,480000.0,0.0,480000.0,480000.0,8366.316447324267
2375,480000.0,0.0,480000.0,480000.0,8366.316447324267
2376,480000.0,0.0,480000.0,480000.0,8366.316447324267
2377,480000.0,0.0,480000.0,480000.0,8366.316447324267
2378,480000.0,0.0,480000.0,480000.0,8366.316447324267
2379,456072.09250723023,58642.783045172226,397429.309462058,456072.09250723023,8366.316447324267
2380,480000.0,0.0,480000.0,480000.0,8366.316447324267
2381,480000.0,0.0,480000.0,480000.0,8366.316447324267
2382,480000.0,0.0,480000.0,480000.0,8366.316447324267
2383,480000.0,0.0,480000.0,480000.0,8366.316447324267
2384,480000.0,0.0,480000.0,480000.0,8366.316447324267
2385,456076.6581528067,26212.942963786772,429863.7151890199,456076.6581528067,8366.316447324267
2386,456077.4190937361,3284.7226214313996,452792.6964723047,456077.4190937361,8366.316447324267
2387,456078.18003466545,26864.07152530772,429214.1085093577,456078.18003466545,8366.316447324267
2388,480000.0,0.0,480000.0,480000.0,8366.316447324267
2389,465473.2903885664,0.0,465473.2903885664,465473.2903885664,8366.316447324267
2390,480000.0,0.0,480000.0,480000.0,8366.316447324267
2391,480000.0,0.0,480000.0,480000.0,8366.316447324267
2392,480000.0,0.0,480000.0,480000.0,8366.316447324267
2393,480000.0,0.0,480000.0,480000.0,8366.316447324267
2394,480000.0,0.0,480000.0,480000.0,8366.316447324267
2395,480000.0,0.0,480000.0,480000.0,8366.316447324267
2396,480000.0,0.0,480000.0,480000.0,8366.316447324267
2397,480000.0,0.0,480000.0,480000.0,8366.316447324267
2398,480000.0,0.0,480000.0,480000.0,8366.316447324267
2399,480000.0,0.0,480000.0,480000.0,8366.316447324267
2400,480000.0,0.0,480000.0,480000.0,8366.316447324267
2401,480000.0,0.0,480000.0,480000.0,8366.316447324267
2402,480000.0,0.0,480000.0,480000.0,8366.316447324267
2403,480000.0,0.0,480000.0,480000.0,8366.316447324267
2404,480000.0,0.0,480000.0,480000.0,8366.316447324267
2405,480000.0,0.0,480000.0,480000.0,8366.316447324267
2406,456092.63791232405,14809.390529352822,441283.2473829712,456092.63791232405,8366.316447324267
2407,456093.3988532535,49458.79535364744,406634.6034996061,456093.3988532535,8366.316447324267
2408,456094.15979418287,125164.20692089456,330929.9528732883,456094.15979418287,8366.316447324267
2409,456094.92073511233,276024.21538684965,180070.70534826268,456094.92073511233,8366.316447324267
2410,456095.6816760417,380964.9517076551,75130.72996838657,456095.6816760417,8366.316447324267
2411,456096.4426169711,389872.8063577024,66223.63625926866,456096.4426169711,8366.316447324267
2412,456097.2035579006,414002.18438583636,42095.01917206423,456097.2035579006,8366.316447324267
2413,456097.9644988299,437640.0688111875,18457.895687642413,456097.9644988299,8366.316447324267
2414,456098.72543975926,453618.717907121,2480.0075326382785,456098.72543975926,8366.316447324267
2415,456099.4863806888,456099.4863806888,0.0,456099.4863806888,8366.316447324267
2416,456100.2473216181,456100.2473216181,0.0,456100.2473216181,8366.316447324267
2417,456101.00826254755,456101.00826254755,0.0,456101.00826254755,8366.316447324267
2418,456101.7692034769,456101.7692034769,0.0,456101.7692034769,8366.316447324267
2419,456102.53014440625,456102.53014440625,0.0,456102.53014440625,8366.316447324267
2420,456103.2910853358,383767.1311240002,72336.15996133556,456103.2910853358,8366.316447324267
2421,456104.0520262651,378070.06704859226,78033.98497767288,456104.0520262651,8366.316447324267
2422,456104.81296719454,377731.2379835055,78373.57498368908,456104.81296719454,8366.316447324267
2423,456105.5739081239,351846.1647694167,104259.40913870723,456105.5739081239,8366.316447324267
2424,456106.3348490534,352826.86468705384,103279.47016199955,456106.3348490534,8366.316447324267
2425,456107.0957899828,343236.5001964049,112870.59559357792,456107.0957899828,8366.316447324267
2426,456107.85673091223,275051.74707034824,181056.10966056396,456107.85673091223,8366.316447324267
2427,456108.6176718414,296302.9453873157,159805.67228452573,456108.6176718414,8366.316447324267
2428,456109.37861277093,353760.01931767474,102349.35929509619,456109.37861277093,8366.316447324267
2429,456110.13955370034,357299.8989538271,98810.24059987324,456110.13955370034,8366.316447324267
2430,456110.90049462987,243311.022651065,212799.87784356487,456110.90049462987,8366.316447324267
2431,456111.66143555904,295237.7705940043,160873.89084155476,456111.66143555904,8366.316447324267
2432,456112.4223764885,347995.4157434239,108117.00663306461,456112.4223764885,8366.316447324267
2433,456113.18331741786,279896.3044755806,176216.87884183732,456113.18331741786,8366.316447324267
2434,456113.9442583473,247271.70983937447,208842.23441897286,456113.9442583473,8366.316447324267
2435,456114.7051992767,185734.7847880976,270379.9204111791,456114.7051992767,8366.316447324267
2436,456115.4661402061,111951.51121543837,344163.9549247677,456115.4661402061,8366.316447324267
2437,456116.22708113556,50240.30931842193,405875.9177627136,456116.22708113556,8366.316447324267
2438,456116.988022065,61634.11779234122,394482.8702297238,456116.988022065,8366.316447324267
2439,480000.0,0.0,480000.0,480000.0,8366.316447324267
2440,480000.0,0.0,480000.0,480000.0,8366.316447324267
2441,480000.0,0.0,480000.0,480000.0,8366.316447324267
2442,480000.0,0.0,480000.0,480000.0,8366.316447324267
2443,466842.4719937663,0.0,466842.4719937663,466842.4719937663,8366.316447324267
2444,456121.5536676414,38480.460861043364,417641.09280659806,456121.5536676414,8366.316447324267
2445,480000.0,0.0,480000.0,480000.0,8366.316447324267
2446,480000.0,0.0,480000.0,480000.0,8366.316447324267
2447,474685.0529946537,0.0,474685.0529946537,474685.0529946537,8366.316447324267
2448,456124.5974313589,1803.6129809726262,454320.98445038626,456124.5974313589,8366.316447324267
2449,456125.35837228835,18900.34531092638,437225.01306136197,456125.35837228835,8366.316447324267
2450,456126.11931321776,22489.923662307556,433636.1956509102,456126.11931321776,8366.316447324267
2451,456126.8802541472,3955.056774350698,452171.8234797965,456126.8802541472,8366.316447324267
2452,456127.64119507663,13698.055416279181,442429.58577879745,456127.64119507663,8366.316447324267
2453,456128.402136006,24256.858722539444,431871.54341346654,456128.402136006,8366.316447324267
2454,456129.1630769354,56052.70332805766,400076.45974887774,456129.1630769354,8366.316447324267
2455,456129.92401786475,117920.52692873933,338209.3970891254,456129.92401786475,8366.316447324267
2456,456130.68495879427,152125.59592947032,304005.08902932395,456130.68495879427,8366.316447324267
2457,456131.4458997236,77050.78252480214,379080.6633749215,456131.4458997236,8366.316447324267
2458,456132.2068406529,101464.45853300492,354667.748307648,456132.2068406529,8366.316447324267
2459,456132.96778158244,59617.58819756494,396515.3795840175,456132.96778158244,8366.316447324267
2460,456133.72872251173,85045.70855022018,371088.02017229155,456133.72872251173,8366.316447324267
2461,456134.48966344114,118307.75127412204,337826.7383893191,456134.48966344114,8366.316447324267
2462,456135.2506043706,178735.40246464615,277399.84813972446,456135.2506043706,8366.316447324267
2463,456136.01154529996,38390.311945910216,417745.69959938974,456136.01154529996,8366.316447324267
2464,456136.7724862294,266982.38921829686,189154.3832679326,456136.7724862294,8366.316447324267
2465,456137.53342715884,287423.38195676124,168714.15147039757,456137.53342715884,8366.316447324267
2466,456138.2943680882,406897.2061558646,49241.08821222362,456138.2943680882,8366.316447324267
2467,456139.05530901765,393839.61418986536,62299.44111915229,456139.05530901765,8366.316447324267
2468,456139.816249947,456139.816249947,0.0,456139.816249947,8366.316447324267
2469,456140.5771908765,450954.354730412,5186.222460464467,456140.5771908765,8366.316447324267
2470,456141.3381318058,440565.49506342167,15575.843068384143,456141.3381318058,8366.316447324267
2471,456142.0990727353,388481.5958768475,67660.50319588775,456142.0990727353,8366.316447324267
2472,456142.86001366464,403814.4820558302,52328.377957834455,456142.86001366464,8366.316447324267
2473,456143.620954594,373207.4197357571,82936.20121883687,456143.620954594,8366.316447324267
2474,456144.3818955234,207008.85283543708,249135.52906008632,456144.3818955234,8366.316447324267
2475,456145.1428364528,154192.41957070376,301952.72326574905,456145.1428364528,8366.316447324267
2476,456145.9037773822,49463.7740655425,406682.1297118397,456145.9037773822,8366.316447324267
2477,480000.0,0.0,480000.0,480000.0,8366.316447324267
2478,463382.5062553824,0.0,463382.5062553824,463382.5062553824,8366.316447324267
2479,480000.0,0.0,480000.0,480000.0,8366.316447324267
2480,480000.0,0.0,480000.0,480000.0,8366.316447324267
2481,470125.9035276948,0.0,470125.9035276948,470125.9035276948,8366.316447324267
2482,480000.0,0.0,480000.0,480000.0,8366.316447324267
2483,477261.2272012124,0.0,477261.2272012124,477261.2272012124,8366.316447324267
2484,480000.0,0.0,480000.0,480000.0,8366.316447324267
2485,480000.0,0.0,480000.0,480000.0,8366.316447324267
2486,480000.0,0.0,480000.0,480000.0,8366.316447324267
2487,480000.0,0.0,480000.0,480000.0,8366.316447324267
2488,480000.0,0.0,480000.0,480000.0,8366.316447324267
2489,480000.0,0.0,480000.0,480000.0,8366.316447324267
2490,480000.0,0.0,480000.0,480000.0,8366.316447324267
2491,480000.0,0.0,480000.0,480000.0,8366.316447324267
2492,480000.0,0.0,480000.0,480000.0,8366.316447324267
2493,473171.514953309,0.0,473171.514953309,473171.514953309,8366.316447324267
2494,456159.60071411147,273182.5539435905,182977.046770521,456159.60071411147,8366.316447324267
2495,456160.3616550408,253650.52507619376,202509.83657884705,456160.3616550408,8366.316447324267
2496,456161.1225959703,214050.26621307837,242110.8563828919,456161.1225959703,8366.316447324267
2497,456161.8835368997,316575.55832064943,139586.32521625023,456161.8835368997,8366.316447324267
2498,456162.6444778291,438631.7681080278,17530.876369801288,456162.6444778291,8366.316447324267
2499,456163.40541875846,440002.7543380706,16160.651080687892,456163.40541875846,8366.316447324267
2500,456164.1663596878,388324.0680405759,67840.0983191119,456164.1663596878,8366.316447324267
2501,456164.92730061733,333691.28649050114,122473.64081011621,456164.92730061733,8366.316447324267
2502,456165.6882415466,50386.7109675532,405778.9772739934,456165.6882415466,8366.316447324267
2503,456166.4491824761,3236.9722496572067,452929.4769328189,456166.4491824761,8366.316447324267
2504,456167.21012340556,69072.38944114652,387094.82068225904,456167.21012340556,8366.316447324267
2505,456167.97106433485,30200.83603862091,425967.13502571394,456167.97106433485,8366.316447324267
2506,456168.7320052643,42656.233136607625,413512.4988686567,456168.7320052643,8366.316447324267
2507,456169.49294619367,66333.79122631426,389835.7017198794,456169.49294619367,8366.316447324267
2508,456170.253887123,41562.193907907,414608.059979216,456170.253887123,8366.316447324267
2509,456171.01482805255,59398.372846653976,396772.64198139857,456171.01482805255,8366.316447324267
2510,474717.99536789017,0.0,474717.99536789017,474717.99536789017,8366.316447324267
2511,456172.5367099113,62992.62246457569,393179.9142453356,456172.5367099113,8366.316447324267
2512,456173.29765084066,220241.79190831818,235931.50574252248,456173.29765084066,8366.316447324267
2513,456174.05859177007,348864.34587579785,107309.71271597223,456174.05859177007,8366.316447324267
2514,456174.81953269953,364195.3070657793,91979.51246692023,456174.81953269953,8366.316447324267
2515,456175.5804736289,346951.37306030584,109224.20741332305,456175.5804736289,8366.316447324267
2516,456176.34141455835,332874.1115839606,123302.22983059779,456176.34141455835,8366.316447324267
2517,456177.1023554877,335323.4656753486,120853.63668013913,456177.1023554877,8366.316447324267
2518,456177.8632964171,299002.2061305233,157175.65716589382,456177.8632964171,8366.316447324267
2519,480000.0,0.0,480000.0,480000.0,8366.316447324267
2520,480000.0,0.0,480000.0,480000.0,8366.316447324267
2521,456180.1461192053,298117.76944711886,158062.3766720864,456180.1461192053,8366.316447324267
2522,456180.90706013475,9089.680359633698,447091.22670050105,456180.90706013475,8366.316447324267
2523,456181.6680010641,4778.253926995501,451403.4140740686,456181.6680010641,8366.316447324267
2524,456182.42894199357,203879.90122725925,252302.52771473431,456182.42894199357,8366.316447324267
2525,456183.1898829229,91144.42877300904,365038.7611099139,456183.1898829229,8366.316447324267
2526,456183.95082385227,51308.17840338533,404875.77242046694,456183.95082385227,8366.316447324267
2527,456184.71176478174,345377.22496735456,110807.48679742718,456184.71176478174,8366.316447324267
2528,456185.47270571114,385443.38333169365,70742.08937401748,456185.47270571114,8366.316447324267
2529,456186.23364664055,358088.6326576057,98097.6009890349,456186.23364664055,8366.316447324267
2530,456186.99458756996,408740.25551913696,47446.739068433024,456186.99458756996,8366.316447324267
2531,456187.7555284994,438149.17291189346,18038.582616605887,456187.7555284994,8366.316447324267
2532,456188.5164694288,419214.36490279186,36974.1515666369,456188.5164694288,8366.316447324267
2533,456189.2774103582,422837.18813563196,33352.089274726226,456189.2774103582,8366.316447324267
2534,456190.03835128754,423131.734432764,33058.30391852355,456190.03835128754,8366.316447324267
2535,456190.79929221695,423849.5029881296,32341.296304087355,456190.79929221695,8366.316447324267
2536,456191.56023314636,427989.10771240614,28202.45252074022,456191.56023314636,8366.316447324267
2537,456192.32117407577,366346.34575869597,89845.97541537978,456192.32117407577,8366.316447324267
2538,456193.0821150051,375397.1989996551,80795.88311535004,456193.0821150051,8366.316447324267
2539,456193.8430559345,233896.52262165945,222297.32043427508,456193.8430559345,8366.316447324267
2540,456194.603996864,59069.29829566361,397125.3057012004,456194.603996864,8366.316447324267
2541,456195.36493779335,60528.5313491376,395666.83358865575,456195.36493779335,8366.316447324267
2542,456196.12587872276,73793.86909704783,382402.2567816749,456196.12587872276,8366.316447324267
2543,456196.88681965217,100560.01554706239,355636.8712725898,456196.88681965217,8366.316447324267
2544,456197.6477605816,41454.98363553395,414742.6641250476,456197.6477605816,8366.316447324267
2545,456198.40870151104,33666.22141797788,422532.18728353316,456198.40870151104,8366.316447324267
2546,456199.16964244045,11283.538935718767,444915.6307067217,456199.16964244045,8366.316447324267
2547,456199.9305833697,0.0021243240335024893,456199.92845904565,456199.9305833697,8366.316447324267
2548,478041.19321626343,0.0,478041.19321626343,478041.19321626343,8366.316447324267
2549,480000.0,0.0,480000.0,480000.0,8366.316447324267
2550,480000.0,0.0,480000.0,480000.0,8366.316447324267
2551,480000.0,0.0,480000.0,480000.0,8366.316447324267
2552,480000.0,0.0,480000.0,480000.0,8366.316447324267
2553,456204.4962289462,456204.4962289462,0.0,456204.4962289462,8366.316447324267
2554,456205.2571698756,38912.46021426254,417292.79695561307,456205.2571698756,8366.316447324267
2555,480000.0,0.0,480000.0,480000.0,8366.316447324267
2556,456206.77905173437,337425.6718219055,118781.1072298289,456206.77905173437,8366.316447324267
2557,456207.5399926638,20243.86318533821,435963.67680732557,456207.5399926638,8366.316447324267
2558,456208.3009335933,349882.0303462491,106326.27058734422,456208.3009335933,8366.316447324267
2559,456209.06187452265,28306.343876922445,427902.7179976002,456209.06187452265,8366.316447324267
2560,456209.822815452,136931.8522265546,319277.9705888974,456209.822815452,8366.316447324267
2561,456210.5837563815,9272.600215171347,446937.9835412101,456210.5837563815,8366.316447324267
2562,480000.0,0.0,480000.0,480000.0,8366.316447324267
2563,456212.1056382403,32697.055590964796,423515.0500472755,456212.1056382403,8366.316447324267
2564,480000.0,0.0,480000.0,480000.0,8366.316447324267
2565,456213.62752009893,65429.60957779898,390784.01794229995,456213.62752009893,8366.316447324267
2566,470297.394505297,0.0,470297.394505297,470297.394505297,8366.316447324267
2567,456215.1494019578,124529.9180661072,331685.2313358506,456215.1494019578,8366.316447324267
2568,480000.0,0.0,480000.0,480000.0,8366.316447324267
2569,456216.67128381657,245176.9022025805,211039.76908123607,456216.67128381657,8366.316447324267
2570,456217.432224746,44440.38650785509,411777.0457168909,456217.432224746,8366.316447324267
2571,456218.1931656755,31855.79925022187,424362.39391545363,456218.1931656755,8366.316447324267
2572,456218.95410660486,16564.9863245858,439653.96778201906,456218.95410660486,8366.316447324267
2573,456219.71504753426,208405.31594779747,247814.3990997368,456219.71504753426,8366.316447324267
2574,456220.4759884636,282147.94089625654,174072.53509220708,456220.4759884636,8366.316447324267
2575,456221.236929393,169615.17425317166,286606.06267622137,456221.236929393,8366.316447324267
2576,456221.99787032255,148512.31455935014,307709.6833109724,456221.99787032255,8366.316447324267
2577,456222.75881125184,121748.89827738592,334473.8605338659,456222.75881125184,8366.316447324267
2578,456223.5197521812,151385.37633490708,304838.1434172741,456223.5197521812,8366.316447324267
2579,456224.28069311066,358073.51983999903,98150.76085311166,456224.28069311066,8366.316447324267
2580,456225.04163404,242147.22179200134,214077.81984203868,456225.04163404,8366.316447324267
2581,456225.8025749694,221294.42259794526,234931.37997702416,456225.8025749694,8366.316447324267
2582,456226.56351589883,209124.1230851504,247102.44043074842,456226.56351589883,8366.316447324267
2583,456227.3244568282,24039.314977749076,432188.0094790791,456227.3244568282,8366.316447324267
2584,456228.0853977577,22367.848404994118,433860.2369927636,456228.0853977577,8366.316447324267
2585,480000.0,0.0,480000.0,480000.0,8366.316447324267
2586,480000.0,0.0,480000.0,480000.0,8366.316447324267
2587,480000.0,0.0,480000.0,480000.0,8366.316447324267
2588,480000.0,0.0,480000.0,480000.0,8366.316447324267
2589,480000.0,0.0,480000.0,480000.0,8366.316447324267
2590,480000.0,0.0,480000.0,480000.0,8366.316447324267
2591,480000.0,0.0,480000.0,480000.0,8366.316447324267
2592,480000.0,0.0,480000.0,480000.0,8366.316447324267
2593,480000.0,0.0,480000.0,480000.0,8366.316447324267
2594,480000.0,0.0,480000.0,480000.0,8366.316447324267
2595,480000.0,0.0,480000.0,480000.0,8366.316447324267
2596,480000.0,0.0,480000.0,480000.0,8366.316447324267
2597,480000.0,0.0,480000.0,480000.0,8366.316447324267
2598,480000.0,0.0,480000.0,480000.0,8366.316447324267
2599,480000.0,0.0,480000.0,480000.0,8366.316447324267
2600,480000.0,0.0,480000.0,480000.0,8366.316447324267
2601,480000.0,0.0,480000.0,480000.0,8366.316447324267
2602,480000.0,0.0,480000.0,480000.0,8366.316447324267
2603,480000.0,0.0,480000.0,480000.0,8366.316447324267
2604,480000.0,0.0,480000.0,480000.0,8366.316447324267
2605,480000.0,0.0,480000.0,480000.0,8366.316447324267
2606,480000.0,0.0,480000.0,480000.0,8366.316447324267
2607,480000.0,0.0,480000.0,480000.0,8366.316447324267
2608,480000.0,0.0,480000.0,480000.0,8366.316447324267
2609,480000.0,0.0,480000.0,480000.0,8366.316447324267
2610,480000.0,0.0,480000.0,480000.0,8366.316447324267
2611,480000.0,0.0,480000.0,480000.0,8366.316447324267
2612,480000.0,0.0,480000.0,480000.0,8366.316447324267
2613,480000.0,0.0,480000.0,480000.0,8366.316447324267
2614,480000.0,0.0,480000.0,480000.0,8366.316447324267
2615,480000.0,0.0,480000.0,480000.0,8366.316447324267
2616,462128.2900909549,0.0,462128.2900909549,462128.2900909549,8366.316447324267
2617,456253.1964484279,102726.83398742875,353526.36246099917,456253.1964484279,8366.316447324267
2618,456253.9573893573,180497.84420579998,275756.11318355735,456253.9573893573,8366.316447324267
2619,456254.7183302867,355597.9080043109,100656.81032597579,456254.7183302867,8366.316447324267
2620,456255.4792712161,293740.62646458414,162514.85280663197,456255.4792712161,8366.316447324267
2621,456256.2402121456,282703.02772062295,173553.21249152263,456256.2402121456,8366.316447324267
2622,456257.0011530749,275408.8019615049,180848.19919157,456257.0011530749,8366.316447324267
2623,456257.76209400437,437427.04663775506,18830.71545624933,456257.76209400437,8366.316447324267
2624,456258.5230349337,456258.5230349337,0.0,456258.5230349337,8366.316447324267
2625,456259.28397586313,454658.28264423035,1601.0013316327816,456259.28397586313,8366.316447324267
2626,456260.0449167926,437812.0350967638,18448.009820028776,456260.0449167926,8366.316447324267
2627,456260.8058577219,434956.2288995763,21304.576958145575,456260.8058577219,8366.316447324267
2628,456261.5667986513,440612.91964263254,15648.647156018778,456261.5667986513,8366.316447324267
2629,456262.32773958077,456262.32773958077,0.0,456262.32773958077,8366.316447324267
2630,456263.0886805101,456263.0886805101,0.0,456263.0886805101,8366.316447324267
2631,456263.8496214395,456263.8496214395,0.0,456263.8496214395,8366.316447324267
2632,456264.61056236894,456264.61056236894,0.0,456264.61056236894,8366.316447324267
2633,456265.3715032983,456265.3715032983,0.0,456265.3715032983,8366.316447324267
2634,456266.13244422775,456266.13244422775,0.0,456266.13244422775,8366.316447324267
2635,456266.8933851571,439178.6244901753,17088.268894981855,456266.8933851571,8366.316447324267
2636,456267.6543260865,388197.8130304771,68069.84129560941,456267.6543260865,8366.316447324267
2637,456268.4152670159,258202.1536809522,198066.26158606372,456268.4152670159,8366.316447324267
2638,456269.1762079454,206684.02636724757,249585.14984069782,456269.1762079454,8366.316447324267
2639,456269.9371488748,148304.5508178267,307965.3863310481,456269.9371488748,8366.316447324267
2640,456270.69808980415,18643.065480500343,437627.6326093038,456270.69808980415,8366.316447324267
2641,480000.0,0.0,480000.0,480000.0,8366.316447324267
2642,480000.0,0.0,480000.0,480000.0,8366.316447324267
2643,480000.0,0.0,480000.0,480000.0,8366.316447324267
2644,480000.0,0.0,480000.0,480000.0,8366.316447324267
2645,480000.0,0.0,480000.0,480000.0,8366.316447324267
2646,480000.0,0.0,480000.0,480000.0,8366.316447324267
2647,456276.02467631,102149.5772647264,354126.4474115836,456276.02467631,8366.316447324267
2648,457593.1905418674,0.0,457593.1905418674,457593.1905418674,8366.316447324267
2649,480000.0,0.0,480000.0,480000.0,8366.316447324267
2650,480000.0,0.0,480000.0,480000.0,8366.316447324267
2651,480000.0,0.0,480000.0,480000.0,8366.316447324267
2652,480000.0,0.0,480000.0,480000.0,8366.316447324267
2653,480000.0,0.0,480000.0,480000.0,8366.316447324267
2654,480000.0,0.0,480000.0,480000.0,8366.316447324267
2655,480000.0,0.0,480000.0,480000.0,8366.316447324267
2656,480000.0,0.0,480000.0,480000.0,8366.316447324267
2657,480000.0,0.0,480000.0,480000.0,8366.316447324267
2658,480000.0,0.0,480000.0,480000.0,8366.316447324267
2659,480000.0,0.0,480000.0,480000.0,8366.316447324267
2660,480000.0,0.0,480000.0,480000.0,8366.316447324267
2661,480000.0,0.0,480000.0,480000.0,8366.316447324267
2662,480000.0,0.0,480000.0,480000.0,8366.316447324267
2663,480000.0,0.0,480000.0,480000.0,8366.316447324267
2664,480000.0,0.0,480000.0,480000.0,8366.316447324267
2665,480000.0,0.0,480000.0,480000.0,8366.316447324267
2666,480000.0,0.0,480000.0,480000.0,8366.316447324267
2667,480000.0,0.0,480000.0,480000.0,8366.316447324267
2668,480000.0,0.0,480000.0,480000.0,8366.316447324267
2669,480000.0,0.0,480000.0,480000.0,8366.316447324267
2670,480000.0,0.0,480000.0,480000.0,8366.316447324267
2671,471339.0093134896,0.0,471339.0093134896,471339.0093134896,8366.316447324267
2672,456295.04819954495,270194.1790418697,186100.86915767525,456295.04819954495,8366.316447324267
2673,456295.8091404745,301897.9931675193,154397.8159729552,456295.8091404745,8366.316447324267
2674,456296.5700814038,338769.2727376633,117527.29734374055,456296.5700814038,8366.316447324267
2675,456297.33102233324,310789.1797789363,145508.15124339695,456297.33102233324,8366.316447324267
2676,456298.0919632626,205616.27990425756,250681.81205900502,456298.0919632626,8366.316447324267
2677,456298.85290419206,167156.42517623253,289142.4277279595,456298.85290419206,8366.316447324267
2678,456299.61384512146,140756.50241802388,315543.1114270976,456299.61384512146,8366.316447324267
2679,456300.3747860509,46495.772197481245,409804.6025885696,456300.3747860509,8366.316447324267
2680,480000.0,0.0,480000.0,480000.0,8366.316447324267
2681,480000.0,0.0,480000.0,480000.0,8366.316447324267
2682,463722.09643705335,0.0,463722.09643705335,463722.09643705335,8366.316447324267
2683,480000.0,0.0,480000.0,480000.0,8366.316447324267
2684,480000.0,0.0,480000.0,480000.0,8366.316447324267
2685,480000.0,0.0,480000.0,480000.0,8366.316447324267
2686,480000.0,0.0,480000.0,480000.0,8366.316447324267
2687,456306.46231348603,156916.05142559414,299390.4108878919,456306.46231348603,8366.316447324267
2688,456307.2232544154,298779.6844005315,157527.53885388386,456307.2232544154,8366.316447324267
2689,456307.98419534485,294826.9034424525,161481.08075289236,456307.98419534485,8366.316447324267
2690,456308.74513627426,294468.25148347195,161840.49365280228,456308.74513627426,8366.316447324267
2691,456309.50607720367,179275.52857666754,277033.97750053613,456309.50607720367,8366.316447324267
2692,456310.26701813313,100043.65844447422,356266.6085736589,456310.26701813313,8366.316447324267
2693,456311.0279590624,119725.37058548676,336585.65737357567,456311.0279590624,8366.316447324267
2694,456311.7888999919,95652.49376474344,360659.29513524845,456311.7888999919,8366.316447324267
2695,456312.5498409213,35251.48796860356,421061.06187231775,456312.5498409213,8366.316447324267
2696,456313.3107818507,118852.38409492519,337460.9266869255,456313.3107818507,8366.316447324267
2697,456314.0717227801,117047.39113524253,339266.6805875376,456314.0717227801,8366.316447324267
2698,456314.8326637094,133437.87853541924,322876.9541282902,456314.8326637094,8366.316447324267
2699,456315.5936046389,75254.95842530194,381060.63517933694,456315.5936046389,8366.316447324267
2700,456316.3545455683,123851.05982782465,332465.29471774364,456316.3545455683,8366.316447324267
2701,456317.11548649764,103913.39626943565,352403.719217062,456317.11548649764,8366.316447324267
2702,456317.87642742705,73963.17172282015,382354.7047046069,456317.87642742705,8366.316447324267
2703,456318.63736835646,101005.50395818893,355313.13341016753,456318.63736835646,8366.316447324267
2704,456319.3983092859,44429.38577831461,411890.0125309713,456319.3983092859,8366.316447324267
2705,456320.15925021534,93844.08770340908,362476.07154680626,456320.15925021534,8366.316447324267
2706,456320.9201911447,24238.454362980206,432082.4658281645,456320.9201911447,8366.316447324267
2707,480000.0,0.0,480000.0,480000.0,8366.316447324267
2708,480000.0,0.0,480000.0,480000.0,8366.316447324267
2709,478809.74934270413,0.0,478809.74934270413,478809.74934270413,8366.316447324267
2710,456323.9639548624,22943.814860467275,433380.1490943951,456323.9639548624,8366.316447324267
2711,456324.7248957917,43250.455714891024,413074.26918090065,456324.7248957917,8366.316447324267
2712,456325.48583672114,96997.84874812141,359327.63708859973,456325.48583672114,8366.316447324267
2713,456326.2467776505,117091.85027729161,339234.3965003589,456326.2467776505,8366.316447324267
2714,456327.00771857984,168948.12850932055,287378.8792092593,456327.00771857984,8366.316447324267
2715,456327.7686595093,122114.84410104487,334212.92455846444,456327.7686595093,8366.316447324267
2716,456328.52960043866,93555.06284067937,362773.4667597593,456328.52960043866,8366.316447324267
2717,456329.29054136813,44596.96525574883,411732.3252856193,456329.29054136813,8366.316447324267
2718,456330.05148229754,166120.34770108643,290209.7037812111,456330.05148229754,8366.316447324267
2719,456330.81242322695,361170.5584448348,95160.25397839215,456330.81242322695,8366.316447324267
2720,456331.57336415636,382401.55640184495,73930.01696231142,456331.57336415636,8366.316447324267
2721,456332.3343050857,378330.54208052857,78001.79222455714,456332.3343050857,8366.316447324267
2722,456333.09524601523,370471.05059501244,85862.04465100278,456333.09524601523,8366.316447324267
2723,456333.8561869445,360721.1758321237,95612.68035482083,456333.8561869445,8366.316447324267
2724,456334.61712787393,330346.61505483196,125988.00207304198,456334.61712787393,8366.316447324267
2725,456335.3780688034,332886.43271255604,123448.94535624735,456335.3780688034,8366.316447324267
2726,456336.1390097327,257759.28971915948,198576.8492905732,456336.1390097327,8366.316447324267
2727,456336.8999506621,244993.8285005058,211343.0714501563,456336.8999506621,8366.316447324267
2728,456337.6608915916,273590.896232809,182746.76465878257,456337.6608915916,8366.316447324267
2729,456338.42183252086,130435.62615634274,325902.7956761781,456338.42183252086,8366.316447324267
2730,456339.1827734504,85742.98822018859,370596.1945532618,456339.1827734504,8366.316447324267
2731,480000.0,0.0,480000.0,480000.0,8366.316447324267
2732,480000.0,0.0,480000.0,480000.0,8366.316447324267
2733,480000.0,0.0,480000.0,480000.0,8366.316447324267
2734,480000.0,0.0,480000.0,480000.0,8366.316447324267
2735,480000.0,0.0,480000.0,480000.0,8366.316447324267
2736,480000.0,0.0,480000.0,480000.0,8366.316447324267
2737,480000.0,0.0,480000.0,480000.0,8366.316447324267
2738,480000.0,0.0,480000.0,480000.0,8366.316447324267
2739,480000.0,0.0,480000.0,480000.0,8366.316447324267
2740,480000.0,0.0,480000.0,480000.0,8366.316447324267
2741,480000.0,0.0,480000.0,480000.0,8366.316447324267
2742,480000.0,0.0,480000.0,480000.0,8366.316447324267
2743,456349.0750055326,162751.475503846,293597.5995016866,456349.0750055326,8366.316447324267
2744,456349.835946462,229950.22536297506,226399.61058348694,456349.835946462,8366.316447324267
2745,456350.5968873914,265922.23349272844,190428.363394663,456350.5968873914,8366.316447324267
2746,456351.3578283208,310573.84939730697,145777.50843101385,456351.3578283208,8366.316447324267
2747,456352.11876925017,336054.0215807334,120298.09718851674,456352.11876925017,8366.316447324267
2748,456352.8797101795,362687.8740096098,93665.00570056973,456352.8797101795,8366.316447324267
2749,456353.64065110905,367570.19317843905,88783.44747266997,456353.64065110905,8366.316447324267
2750,456354.4015920384,345954.4753384459,110399.92625359248,456354.4015920384,8366.316447324267
2751,456355.16253296786,372008.2666001365,84346.8959328313,456355.16253296786,8366.316447324267
2752,456355.9234738972,403677.9298488934,52677.993625003844,456355.9234738972,8366.316447324267
2753,456356.6844148265,404715.44183833245,51641.242576494056,456356.6844148265,8366.316447324267
2754,456357.44535575603,397642.4376030115,58715.00775274456,456357.44535575603,8366.316447324267
2755,456358.20629668544,425953.27294184273,30404.933354842702,456358.20629668544,8366.316447324267
2756,456358.9672376148,383069.55779645813,73289.40944115668,456358.9672376148,8366.316447324267
2757,456359.7281785442,293252.69469704304,163107.03348150116,456359.7281785442,8366.316447324267
2758,456360.4891194736,68232.12256805587,388128.36655141774,456360.4891194736,8366.316447324267
2759,456361.2500604031,4107.058052397508,452254.1920080056,456361.2500604031,8366.316447324267
2760,480000.0,0.0,480000.0,480000.0,8366.316447324267
2761,480000.0,0.0,480000.0,480000.0,8366.316447324267
2762,480000.0,0.0,480000.0,480000.0,8366.316447324267
2763,480000.0,0.0,480000.0,480000.0,8366.316447324267
2764,480000.0,0.0,480000.0,480000.0,8366.316447324267
2765,480000.0,0.0,480000.0,480000.0,8366.316447324267
2766,480000.0,0.0,480000.0,480000.0,8366.316447324267
2767,460944.471910712,0.0,460944.471910712,460944.471910712,8366.316447324267
2768,456368.0985287676,230121.40605801265,226246.69247075493,456368.0985287676,8366.316447324267
2769,456368.85946969705,258933.67427684437,197435.1851928527,456368.85946969705,8366.316447324267
2770,456369.6204106264,57444.53283071879,398925.0875799076,456369.6204106264,8366.316447324267
2771,480000.0,0.0,480000.0,480000.0,8366.316447324267
2772,480000.0,0.0,480000.0,480000.0,8366.316447324267
2773,475190.05932143854,0.0,475190.05932143854,475190.05932143854,8366.316447324267
2774,480000.0,0.0,480000.0,480000.0,8366.316447324267
2775,456373.42511527345,35578.93570843083,420794.4894068426,456373.42511527345,8366.316447324267
2776,480000.0,0.0,480000.0,480000.0,8366.316447324267
2777,456374.94699713227,26001.88478437008,430373.0622127622,456374.94699713227,8366.316447324267
2778,480000.0,0.0,480000.0,480000.0,8366.316447324267
2779,480000.0,0.0,480000.0,480000.0,8366.316447324267
2780,459534.5377255398,0.0,459534.5377255398,459534.5377255398,8366.316447324267
2781,460347.9999914767,0.0,460347.9999914767,460347.9999914767,8366.316447324267
2782,456378.75170177926,55668.94347014767,400709.8082316316,456378.75170177926,8366.316447324267
2783,456379.5126427086,702.5056039415067,455677.0070387671,456379.5126427086,8366.316447324267
2784,474361.7551715373,0.0,474361.7551715373,474361.7551715373,8366.316447324267
2785,478757.53204835864,0.0,478757.53204835864,478757.53204835864,8366.316447324267
2786,456381.7954654969,13803.464724236168,442578.3307412607,456381.7954654969,8366.316447324267
2787,456382.55640642624,161038.38144617248,295344.17496025376,456382.55640642624,8366.316447324267
2788,456383.31734735565,292795.0774192073,163588.23992814837,456383.31734735565,8366.316447324267
2789,456384.07828828506,294958.45882762875,161425.61946065634,456384.07828828506,8366.316447324267
2790,456384.8392292146,318934.822811323,137450.01641789157,456384.8392292146,8366.316447324267
2791,456385.6001701438,389432.0653643806,66953.53480576324,456385.6001701438,8366.316447324267
2792,456386.36111107323,425423.22331519687,30963.137795876366,456386.36111107323,8366.316447324267
2793,456387.1220520027,430747.1395430166,25639.982508986108,456387.1220520027,8366.316447324267
2794,456387.88299293205,426485.73460881657,29902.148384115488,456387.88299293205,8366.316447324267
2795,456388.64393386146,401214.040613221,55174.60332064043,456388.64393386146,8366.316447324267
2796,456389.40487479087,400393.94157626823,55995.46329852264,456389.40487479087,8366.316447324267
2797,456390.1658157202,388613.2736027145,67776.89221300575,456390.1658157202,8366.316447324267
2798,456390.92675664974,456390.92675664974,0.0,456390.92675664974,8366.316447324267
2799,456391.68769757915,347095.5261690401,109296.161528539,456391.68769757915,8366.316447324267
2800,456392.44863850845,355210.75294625375,101181.69569225468,456392.44863850845,8366.316447324267
2801,456393.209579438,361447.21769217565,94945.9918872623,456393.209579438,8366.316447324267
2802,456393.9705203673,398524.3652896457,57869.60523072165,456393.9705203673,8366.316447324267
2803,456394.73146129673,425332.6329038687,31062.098557428053,456394.73146129673,8366.316447324267
2804,456395.4924022261,426742.72446957923,29652.767932646842,456395.4924022261,8366.316447324267
2805,456396.25334315543,456396.25334315543,0.0,456396.25334315543,8366.316447324267
2806,456397.0142840849,456397.0142840849,0.0,456397.0142840849,8366.316447324267
2807,456397.7752250143,456397.7752250143,0.0,456397.7752250143,8366.316447324267
2808,456398.53616594366,456398.53616594366,0.0,456398.53616594366,8366.316447324267
2809,456399.29710687307,456399.29710687307,0.0,456399.29710687307,8366.316447324267
2810,456400.0580478024,456400.0580478024,0.0,456400.0580478024,8366.316447324267
2811,456400.81898873195,456400.81898873195,0.0,456400.81898873195,8366.316447324267
2812,456401.57992966135,456401.57992966135,0.0,456401.57992966135,8366.316447324267
2813,456402.3408705907,456402.3408705907,0.0,456402.3408705907,8366.316447324267
2814,456403.1018115202,456403.1018115202,0.0,456403.1018115202,8366.316447324267
2815,456403.86275244947,456403.86275244947,0.0,456403.86275244947,8366.316447324267
2816,456404.623693379,456404.623693379,0.0,456404.623693379,8366.316447324267
2817,456405.3846343084,456405.3846343084,0.0,456405.3846343084,8366.316447324267
2818,456406.14557523764,456406.14557523764,0.0,456406.14557523764,8366.316447324267
2819,456406.90651616716,456406.90651616716,0.0,456406.90651616716,8366.316447324267
2820,456407.6674570965,456407.6674570965,0.0,456407.6674570965,8366.316447324267
2821,456408.42839802586,456408.42839802586,0.0,456408.42839802586,8366.316447324267
2822,456409.1893389553,444702.2084761756,11706.980862779641,456409.1893389553,8366.316447324267
2823,456409.9502798847,450906.62217820145,5503.328101683216,456409.9502798847,8366.316447324267
2824,456410.71122081415,440150.31610032596,16260.395120488214,456410.71122081415,8366.316447324267
2825,456411.47216174356,409786.2273279083,46625.24483383529,456411.47216174356,8366.316447324267
2826,456412.23310267297,381513.8630957707,74898.37000690223,456412.23310267297,8366.316447324267
2827,456412.9940436023,351429.77464995114,104983.21939365116,456412.9940436023,8366.316447324267
2828,456413.7549845317,56771.797823633475,399641.95716089825,456413.7549845317,8366.316447324267
2829,456414.51592546125,57624.12269201031,398790.39323345094,456414.51592546125,8366.316447324267
2830,480000.0,0.0,480000.0,480000.0,8366.316447324267
2831,480000.0,0.0,480000.0,480000.0,8366.316447324267
2832,480000.0,0.0,480000.0,480000.0,8366.316447324267
2833,480000.0,0.0,480000.0,480000.0,8366.316447324267
2834,480000.0,0.0,480000.0,480000.0,8366.316447324267
2835,480000.0,0.0,480000.0,480000.0,8366.316447324267
2836,480000.0,0.0,480000.0,480000.0,8366.316447324267
2837,480000.0,0.0,480000.0,480000.0,8366.316447324267
2838,456421.36439382576,15008.092068622645,441413.2723252031,456421.36439382576,8366.316447324267
2839,456422.12533475517,396932.94037777715,59489.184956978,456422.12533475517,8366.316447324267
2840,456422.8862756846,456422.8862756846,0.0,456422.8862756846,8366.316447324267
2841,456423.647216614,456423.647216614,0.0,456423.647216614,8366.316447324267
2842,456424.4081575434,407065.35411474877,49359.054042794625,456424.4081575434,8366.316447324267
2843,456425.1690984728,27579.064972973894,428846.1041254989,456425.1690984728,8366.316447324267
2844,456425.9300394022,281546.30289821886,174879.62714118336,456425.9300394022,8366.316447324267
2845,456426.69098033156,456426.69098033156,0.0,456426.69098033156,8366.316447324267
2846,456427.451921261,347774.1337545105,108653.3181667505,456427.451921261,8366.316447324267
2847,456428.2128621903,340424.0133021463,116004.19956004404,456428.2128621903,8366.316447324267
2848,456428.9738031198,198906.95773112698,257522.0160719928,456428.9738031198,8366.316447324267
2849,456429.73474404914,328923.24943164835,127506.4853124008,456429.73474404914,8366.316447324267
2850,456430.49568497867,327547.7826682514,128882.71301672721,456430.49568497867,8366.316447324267
2851,480000.0,0.0,480000.0,480000.0,8366.316447324267
2852,480000.0,0.0,480000.0,480000.0,8366.316447324267
2853,480000.0,0.0,480000.0,480000.0,8366.316447324267
2854,480000.0,0.0,480000.0,480000.0,8366.316447324267
2855,480000.0,0.0,480000.0,480000.0,8366.316447324267
2856,480000.0,0.0,480000.0,480000.0,8366.316447324267
2857,480000.0,0.0,480000.0,480000.0,8366.316447324267
2858,480000.0,0.0,480000.0,480000.0,8366.316447324267
2859,480000.0,0.0,480000.0,480000.0,8366.316447324267
2860,480000.0,0.0,480000.0,480000.0,8366.316447324267
2861,480000.0,0.0,480000.0,480000.0,8366.316447324267
2862,480000.0,0.0,480000.0,480000.0,8366.316447324267
2863,480000.0,0.0,480000.0,480000.0,8366.316447324267
2864,480000.0,0.0,480000.0,480000.0,8366.316447324267
2865,480000.0,0.0,480000.0,480000.0,8366.316447324267
2866,480000.0,0.0,480000.0,480000.0,8366.316447324267
2867,480000.0,0.0,480000.0,480000.0,8366.316447324267
2868,480000.0,0.0,480000.0,480000.0,8366.316447324267
2869,480000.0,0.0,480000.0,480000.0,8366.316447324267
2870,480000.0,0.0,480000.0,480000.0,8366.316447324267
2871,480000.0,0.0,480000.0,480000.0,8366.316447324267
2872,480000.0,0.0,480000.0,480000.0,8366.316447324267
2873,480000.0,0.0,480000.0,480000.0,8366.316447324267
2874,480000.0,0.0,480000.0,480000.0,8366.316447324267
2875,480000.0,0.0,480000.0,480000.0,8366.316447324267
2876,480000.0,0.0,480000.0,480000.0,8366.316447324267
2877,480000.0,0.0,480000.0,480000.0,8366.316447324267
2878,480000.0,0.0,480000.0,480000.0,8366.316447324267
2879,480000.0,0.0,480000.0,480000.0,8366.316447324267
2880,456453.3239128606,299463.91674384533,156989.4071690153,456453.3239128606,8366.316447324267
2881,456454.08485379,456454.08485379,0.0,456454.08485379,8366.316447324267
2882,456454.84579471947,456454.84579471947,0.0,456454.84579471947,8366.316447324267
2883,456455.6067356489,436907.15960644657,19548.447129202323,456455.6067356489,8366.316447324267
2884,456456.3676765783,191879.38197255856,264576.9857040197,456456.3676765783,8366.316447324267
2885,480000.0,0.0,480000.0,480000.0,8366.316447324267
2886,458632.46175095084,0.0,458632.46175095084,458632.46175095084,8366.316447324267
2887,456458.65049936646,194538.9295075287,261919.72099183776,456458.65049936646,8366.316447324267
2888,456459.41144029587,143328.26857934362,313131.14286095224,456459.41144029587,8366.316447324267
2889,456460.17238122533,150450.96242092794,306009.2099602974,456460.17238122533,8366.316447324267
2890,456460.9333221546,226843.5011075786,229617.43221457602,456460.9333221546,8366.316447324267
2891,456461.6942630841,337925.66338926286,118536.03087382123,456461.6942630841,8366.316447324267
2892,456462.4552040135,362849.53467108577,93612.92053292772,456462.4552040135,8366.316447324267
2893,456463.21614494285,406656.40827995096,49806.80786499188,456463.21614494285,8366.316447324267
2894,456463.9770858722,400994.0367648003,55469.94032107189,456463.9770858722,8366.316447324267
2895,456464.73802680173,379259.0332911681,77205.70473563363,456464.73802680173,8366.316447324267
2896,456465.4989677311,96140.89377888496,360324.6051888461,456465.4989677311,8366.316447324267
2897,456466.2599086605,91354.20139517938,365112.0585134811,456466.2599086605,8366.316447324267
2898,480000.0,0.0,480000.0,480000.0,8366.316447324267
2899,480000.0,0.0,480000.0,480000.0,8366.316447324267
2900,480000.0,0.0,480000.0,480000.0,8366.316447324267
2901,480000.0,0.0,480000.0,480000.0,8366.316447324267
2902,480000.0,0.0,480000.0,480000.0,8366.316447324267
2903,480000.0,0.0,480000.0,480000.0,8366.316447324267
2904,480000.0,0.0,480000.0,480000.0,8366.316447324267
2905,480000.0,0.0,480000.0,480000.0,8366.316447324267
2906,480000.0,0.0,480000.0,480000.0,8366.316447324267
2907,480000.0,0.0,480000.0,480000.0,8366.316447324267
2908,480000.0,0.0,480000.0,480000.0,8366.316447324267
2909,480000.0,0.0,480000.0,480000.0,8366.316447324267
2910,480000.0,0.0,480000.0,480000.0,8366.316447324267
2911,480000.0,0.0,480000.0,480000.0,8366.316447324267
2912,480000.0,0.0,480000.0,480000.0,8366.316447324267
2913,480000.0,0.0,480000.0,480000.0,8366.316447324267
2914,480000.0,0.0,480000.0,480000.0,8366.316447324267
2915,480000.0,0.0,480000.0,480000.0,8366.316447324267
2916,480000.0,0.0,480000.0,480000.0,8366.316447324267
2917,480000.0,0.0,480000.0,480000.0,8366.316447324267
2918,480000.0,0.0,480000.0,480000.0,8366.316447324267
2919,480000.0,0.0,480000.0,480000.0,8366.316447324267
2920,480000.0,0.0,480000.0,480000.0,8366.316447324267
2921,480000.0,0.0,480000.0,480000.0,8366.316447324267
2922,480000.0,0.0,480000.0,480000.0,8366.316447324267
2923,480000.0,0.0,480000.0,480000.0,8366.316447324267
2924,480000.0,0.0,480000.0,480000.0,8366.316447324267
2925,480000.0,0.0,480000.0,480000.0,8366.316447324267
2926,480000.0,0.0,480000.0,480000.0,8366.316447324267
2927,480000.0,0.0,480000.0,480000.0,8366.316447324267
2928,480000.0,0.0,480000.0,480000.0,8366.316447324267
2929,480000.0,0.0,480000.0,480000.0,8366.316447324267
2930,480000.0,0.0,480000.0,480000.0,8366.316447324267
2931,480000.0,0.0,480000.0,480000.0,8366.316447324267
2932,480000.0,0.0,480000.0,480000.0,8366.316447324267
2933,480000.0,0.0,480000.0,480000.0,8366.316447324267
2934,480000.0,0.0,480000.0,480000.0,8366.316447324267
2935,480000.0,0.0,480000.0,480000.0,8366.316447324267
2936,480000.0,0.0,480000.0,480000.0,8366.316447324267
2937,456496.6975458366,38791.170594899624,417705.526950937,456496.6975458366,8366.316447324267
2938,480000.0,0.0,480000.0,480000.0,8366.316447324267
2939,462381.7233921717,0.0,462381.7233921717,462381.7233921717,8366.316447324267
2940,480000.0,0.0,480000.0,480000.0,8366.316447324267
2941,475493.7841930191,0.0,475493.7841930191,475493.7841930191,8366.316447324267
2942,480000.0,0.0,480000.0,480000.0,8366.316447324267
2943,456501.2631914129,178180.43279528327,278320.83039612963,456501.2631914129,8366.316447324267
2944,456502.02413234237,163863.16799447173,292638.85613787064,456502.02413234237,8366.316447324267
2945,456502.78507327184,94288.48008945765,362214.3049838142,456502.78507327184,8366.316447324267
2946,465928.56674064795,0.0,465928.56674064795,465928.56674064795,8366.316447324267
2947,480000.0,0.0,480000.0,480000.0,8366.316447324267
2948,480000.0,0.0,480000.0,480000.0,8366.316447324267
2949,480000.0,0.0,480000.0,480000.0,8366.316447324267
2950,456506.5897779188,4490.653199662513,452015.9365782563,456506.5897779188,8366.316447324267
2951,458658.4865311182,0.0,458658.4865311182,458658.4865311182,8366.316447324267
2952,456508.1116597776,30989.36959033209,425518.7420694455,456508.1116597776,8366.316447324267
2953,456508.872600707,54338.87145950005,402170.00114120694,456508.872600707,8366.316447324267
2954,456509.63354163634,58395.07308484655,398114.5604567898,456509.63354163634,8366.316447324267
2955,456510.39448256575,44273.60019997682,412236.79428258893,456510.39448256575,8366.316447324267
2956,456511.1554234951,47170.89716327621,409340.2582602189,456511.1554234951,8366.316447324267
2957,456511.91636442463,6890.609548090666,449621.30681633396,456511.91636442463,8366.316447324267
2958,456689.0768283453,0.0,456689.0768283453,456689.0768283453,8366.316447324267
2959,456513.4382462834,200386.1854529922,256127.25279329118,456513.4382462834,8366.316447324267
2960,456514.19918721286,349232.68929906463,107281.50988814821,456514.19918721286,8366.316447324267
2961,456514.96012814215,426926.6419451334,29588.318183008752,456514.96012814215,8366.316447324267
2962,456515.7210690717,436371.34781168256,20144.373257389107,456515.7210690717,8366.316447324267
2963,456516.4820100011,437016.37940270995,19500.102607291145,456516.4820100011,8366.316447324267
2964,456517.2429509304,375204.70720791793,81312.53574301241,456517.2429509304,8366.316447324267
2965,456518.00389185984,365997.66186604183,90520.342025818,456518.00389185984,8366.316447324267
2966,456518.7648327892,89904.9734472424,366613.7913855468,456518.7648327892,8366.316447324267
2967,456519.52577371855,372936.742484304,83582.78328941454,456519.52577371855,8366.316447324267
2968,456520.2867146481,146058.60904434824,310461.67767029983,456520.2867146481,8366.316447324267
2969,456521.04765557736,456521.04765557736,0.0,456521.04765557736,8366.316447324267
2970,456521.80859650683,437560.74000992085,18961.068586585978,456521.80859650683,8366.316447324267
2971,480000.0,0.0,480000.0,480000.0,8366.316447324267
2972,456523.33047836565,295885.925009343,160637.40546902263,456523.33047836565,8366.316447324267
2973,456524.09141929506,435866.24947014614,20657.841949148893,456524.09141929506,8366.316447324267
2974,456524.8523602244,456524.8523602244,0.0,456524.8523602244,8366.316447324267
2975,456525.61330115394,456525.61330115394,0.0,456525.61330115394,8366.316447324267
2976,456526.3742420832,456526.3742420832,0.0,456526.3742420832,8366.316447324267
2977,456527.13518301264,432047.9611279934,24479.17405501921,456527.13518301264,8366.316447324267
2978,456527.8961239421,412902.8539941588,43625.04212978334,456527.8961239421,8366.316447324267
2979,456528.6570648714,405935.56410847645,50593.092956394954,456528.6570648714,8366.316447324267
2980,456529.4180058008,382463.96487496875,74065.45313083203,456529.4180058008,8366.316447324267
2981,456530.1789467303,352463.94398956274,104066.23495716751,456530.1789467303,8366.316447324267
2982,456530.9398876595,297446.56709862326,159084.37278903628,456530.9398876595,8366.316447324267
2983,456531.7008285891,211074.9122997131,245456.788528876,456531.7008285891,8366.316447324267
2984,456532.46176951844,369517.3213494482,87015.14042007025,456532.46176951844,8366.316447324267
2985,456533.22271044785,383768.8118335301,72764.4108769178,456533.22271044785,8366.316447324267
2986,456533.98365137726,383152.35105104605,73381.63260033124,456533.98365137726,8366.316447324267
2987,456534.74459230667,358962.45548002387,97572.28911228283,456534.74459230667,8366.316447324267
2988,456535.50553323614,396299.9947428058,60235.510790430366,456535.50553323614,8366.316447324267
2989,456536.2664741655,404416.55643395986,52119.710040205646,456536.2664741655,8366.316447324267
2990,456537.0274150949,384359.1443348209,72177.883080274,456537.0274150949,8366.316447324267
2991,456537.78835602425,401393.42332596314,55144.365030061104,456537.78835602425,8366.316447324267
2992,456538.54929695366,410628.34636232257,45910.202934631074,456538.54929695366,8366.316447324267
2993,456539.31023788307,394168.26649454527,62371.0437433378,456539.31023788307,8366.316447324267
2994,456540.0711788124,395161.0112202045,61379.05995860792,456540.0711788124,8366.316447324267
2995,456540.8321197419,376414.6972992474,80126.1348204945,456540.8321197419,8366.316447324267
2996,456541.5930606713,341635.9920358876,114905.60102478367,456541.5930606713,8366.316447324267
2997,456542.35400160064,420503.61198829504,36038.74201330561,456542.35400160064,8366.316447324267
2998,456543.11494253005,399186.37259603164,57356.7423464984,456543.11494253005,8366.316447324267
2999,456543.8758834596,374607.28023088846,81936.59565257114,456543.8758834596,8366.316447324267
3000,456544.6368243889,381658.0368008523,74886.60002353658,456544.6368243889,8366.316447324267
3001,456545.3977653182,413674.0998787531,42871.29788656512,456545.3977653182,8366.316447324267
3002,456546.15870624775,416947.6386562892,39598.520049958555,456546.15870624775,8366.316447324267
3003,456546.9196471771,456546.9196471771,0.0,456546.9196471771,8366.316447324267
3004,456547.6805881065,456547.6805881065,0.0,456547.6805881065,8366.316447324267
3005,456548.4415290359,456548.4415290359,0.0,456548.4415290359,8366.316447324267
3006,456549.2024699652,456549.2024699652,0.0,456549.2024699652,8366.316447324267
3007,456549.96341089474,406811.2820648858,49738.681346008976,456549.96341089474,8366.316447324267
3008,456550.72435182414,354859.2311391414,101691.4932126827,456550.72435182414,8366.316447324267
3009,456551.4852927535,429107.11827779555,27444.367014957934,456551.4852927535,8366.316447324267
3010,456552.2462336829,429566.03687555535,26986.209358127533,456552.2462336829,8366.316447324267
3011,456553.00717461226,435371.48294559825,21181.524229013994,456553.00717461226,8366.316447324267
3012,456553.7681155418,456553.7681155418,0.0,456553.7681155418,8366.316447324267
3013,456554.52905647113,456554.52905647113,0.0,456554.52905647113,8366.316447324267
3014,456555.2899974005,456555.2899974005,0.0,456555.2899974005,8366.316447324267
3015,456556.05093832995,456556.05093832995,0.0,456556.05093832995,8366.316447324267
3016,456556.8118792593,456556.8118792593,0.0,456556.8118792593,8366.316447324267
3017,456557.57282018877,456557.57282018877,0.0,456557.57282018877,8366.316447324267
3018,456558.33376111806,439923.1626944517,16635.171066666382,456558.33376111806,8366.316447324267
3019,456559.09470204747,456559.09470204747,0.0,456559.09470204747,8366.316447324267
3020,456559.855642977,440281.03340356983,16278.82223940715,456559.855642977,8366.316447324267
3021,456560.6165839063,440380.6278625216,16179.988721384641,456560.6165839063,8366.316447324267
3022,456561.37752483576,431507.4235839254,25053.95394091037,456561.37752483576,8366.316447324267
3023,456562.1384657651,448576.9325566233,7985.205909141789,456562.1384657651,8366.316447324267
3024,456562.89940669446,423799.38569601486,32763.51371067961,456562.89940669446,8366.316447324267
3025,456563.660347624,437819.6433220451,18744.01702557887,456563.660347624,8366.316447324267
3026,456564.4212885534,456564.4212885534,0.0,456564.4212885534,8366.316447324267
3027,456565.1822294827,456565.1822294827,0.0,456565.1822294827,8366.316447324267
3028,456565.94317041215,456565.94317041215,0.0,456565.94317041215,8366.316447324267
3029,456566.70411134156,455000.11757586384,1566.5865354777272,456566.70411134156,8366.316447324267
3030,456567.465052271,456567.465052271,0.0,456567.465052271,8366.316447324267
3031,456568.2259932003,456568.2259932003,0.0,456568.2259932003,8366.316447324267
3032,456568.98693412973,456568.98693412973,0.0,456568.98693412973,8366.316447324267
3033,456569.74787505914,456569.74787505914,0.0,456569.74787505914,8366.316447324267
3034,456570.50881598855,456570.50881598855,0.0,456570.50881598855,8366.316447324267
3035,456571.269756918,456571.269756918,0.0,456571.269756918,8366.316447324267
3036,456572.0306978473,456572.0306978473,0.0,456572.0306978473,8366.316447324267
3037,456572.7916387767,456572.7916387767,0.0,456572.7916387767,8366.316447324267
3038,456573.5525797062,379306.80072650523,77266.75185320096,456573.5525797062,8366.316447324267
3039,456574.3135206356,456574.3135206356,0.0,456574.3135206356,8366.316447324267
3040,456575.07446156495,456575.07446156495,0.0,456575.07446156495,8366.316447324267
3041,456575.8354024944,456575.8354024944,0.0,456575.8354024944,8366.316447324267
3042,456576.59634342376,456576.59634342376,0.0,456576.59634342376,8366.316447324267
3043,456577.35728435323,456577.35728435323,0.0,456577.35728435323,8366.316447324267
3044,456578.1182252826,456578.1182252826,0.0,456578.1182252826,8366.316447324267
3045,456578.87916621193,456578.87916621193,0.0,456578.87916621193,8366.316447324267
3046,456579.6401071414,456579.6401071414,0.0,456579.6401071414,8366.316447324267
3047,456580.4010480708,456580.4010480708,0.0,456580.4010480708,8366.316447324267
3048,456581.1619890001,456581.1619890001,0.0,456581.1619890001,8366.316447324267
3049,456581.92292992957,456581.92292992957,0.0,456581.92292992957,8366.316447324267
3050,456582.683870859,456582.683870859,0.0,456582.683870859,8366.316447324267
3051,456583.4448117884,456583.4448117884,0.0,456583.4448117884,8366.316447324267
3052,456584.2057527178,456584.2057527178,0.0,456584.2057527178,8366.316447324267
3053,456584.9666936472,456584.9666936472,0.0,456584.9666936472,8366.316447324267
3054,456585.7276345766,456585.7276345766,0.0,456585.7276345766,8366.316447324267
3055,456586.488575506,456586.488575506,0.0,456586.488575506,8366.316447324267
3056,456587.2495164355,456587.2495164355,0.0,456587.2495164355,8366.316447324267
3057,456588.01045736484,456588.01045736484,0.0,456588.01045736484,8366.316447324267
3058,456588.77139829413,456588.77139829413,0.0,456588.77139829413,8366.316447324267
3059,456589.53233922366,456589.53233922366,0.0,456589.53233922366,8366.316447324267
3060,456590.293280153,445381.93765927874,11208.355620874294,456590.293280153,8366.316447324267
3061,456591.05422108236,439203.6699652307,17387.384255851684,456591.05422108236,8366.316447324267
3062,456591.81516201183,456591.81516201183,0.0,456591.81516201183,8366.316447324267
3063,456592.5761029411,456592.5761029411,0.0,456592.5761029411,8366.316447324267
3064,456593.33704387065,433034.4877962421,23558.849247628525,456593.33704387065,8366.316447324267
3065,456594.09798480006,456594.09798480006,0.0,456594.09798480006,8366.316447324267
3066,456594.8589257294,428050.76776199375,28544.09116373564,456594.8589257294,8366.316447324267
3067,456595.6198666589,456595.6198666589,0.0,456595.6198666589,8366.316447324267
3068,456596.3808075882,456596.3808075882,0.0,456596.3808075882,8366.316447324267
3069,456597.1417485177,166315.43647452217,290281.7052739955,456597.1417485177,8366.316447324267
3070,462926.91983469564,0.0,462926.91983469564,462926.91983469564,8366.316447324267
3071,456598.6636303764,231867.96990579765,224730.69372457874,456598.6636303764,8366.316447324267
3072,456599.42457130586,456599.42457130586,0.0,456599.42457130586,8366.316447324267
3073,456600.1855122352,456600.1855122352,0.0,456600.1855122352,8366.316447324267
3074,456600.9464531646,388156.6418342902,68444.30461887443,456600.9464531646,8366.316447324267
3075,456601.70739409403,409302.48695799365,47299.220436100375,456601.70739409403,8366.316447324267
3076,456602.4683350234,398570.11742315604,58032.35091186734,456602.4683350234,8366.316447324267
3077,456603.2292759529,371454.67604899703,85148.55322695586,456603.2292759529,8366.316447324267
3078,456603.9902168822,434676.4777973598,21927.512419522373,456603.9902168822,8366.316447324267
3079,456604.75115781167,428231.6120482166,28373.139109595108,456604.75115781167,8366.316447324267
3080,456605.51209874114,375001.08117493015,81604.43092381097,456605.51209874114,8366.316447324267
3081,456606.2730396704,319026.1455189573,137580.12752071314,456606.2730396704,8366.316447324267
3082,456607.03398059995,372044.43643304607,84562.59754755389,456607.03398059995,8366.316447324267
3083,456607.7949215293,348050.4135588706,108557.38136265869,456607.7949215293,8366.316447324267
3084,456608.55586245866,400656.92000892456,55951.635853534084,456608.55586245866,8366.316447324267
3085,456609.3168033881,390431.4040818952,66177.91272149293,456609.3168033881,8366.316447324267
3086,456610.0777443175,456610.0777443175,0.0,456610.0777443175,8366.316447324267
3087,456610.8386852468,456610.8386852468,0.0,456610.8386852468,8366.316447324267
3088,456611.5996261763,427506.21353611344,29105.386090062835,456611.5996261763,8366.316447324267
3089,456612.36056710564,456612.36056710564,0.0,456612.36056710564,8366.316447324267
3090,456613.12150803505,452779.3733887354,3833.748119299649,456613.12150803505,8366.316447324267
3091,456613.88244896446,456613.88244896446,0.0,456613.88244896446,8366.316447324267
3092,456614.6433898939,455320.11699991795,1294.5263899759987,456614.6433898939,8366.316447324267
3093,456615.4043308233,374313.9360228027,82301.46830802054,456615.4043308233,8366.316447324267
3094,456616.1652717527,342672.43477028835,113943.73050146435,456616.1652717527,8366.316447324267
3095,456616.9262126822,261941.6551912471,194675.27102143512,456616.9262126822,8366.316447324267
3096,475668.7322212871,0.0,475668.7322212871,475668.7322212871,8366.316447324267
3097,480000.0,0.0,480000.0,480000.0,8366.316447324267
3098,456619.2090354703,69326.98093750881,387292.2280979615,456619.2090354703,8366.316447324267
3099,480000.0,0.0,480000.0,480000.0,8366.316447324267
3100,456620.730917329,92147.07805671741,364473.6528606116,456620.730917329,8366.316447324267
3101,470995.4163146261,0.0,470995.4163146261,470995.4163146261,8366.316447324267
3102,470014.14537751046,0.0,470014.14537751046,470014.14537751046,8366.316447324267
3103,456623.0137401173,51132.246203890885,405490.7675362264,456623.0137401173,8366.316447324267
3104,456623.7746810467,86291.6612784146,370332.1134026321,456623.7746810467,8366.316447324267
3105,456624.5356219761,111351.47316473845,345273.0624572376,456624.5356219761,8366.316447324267
3106,456625.29656290554,128915.13251958112,327710.1640433244,456625.29656290554,8366.316447324267
3107,456626.0575038349,112972.26026032475,343653.79724351014,456626.0575038349,8366.316447324267
3108,456626.81844476436,249262.76343732973,207364.05500743462,456626.81844476436,8366.316447324267
3109,456627.57938569377,312651.2800881907,143976.2992975031,456627.57938569377,8366.316447324267
3110,456628.34032662306,330890.29333262716,125738.04699399593,456628.34032662306,8366.316447324267
3111,456629.1012675525,367459.6397575752,89169.46150997734,456629.1012675525,8366.316447324267
3112,456629.8622084819,368501.3188046926,88128.54340378931,456629.8622084819,8366.316447324267
3113,456630.6231494112,425395.7259415308,31234.897207880433,456630.6231494112,8366.316447324267
3114,456631.38409034075,426255.157313798,30376.22677654278,456631.38409034075,8366.316447324267
3115,456632.1450312701,437929.23078461434,18702.914246655797,456632.1450312701,8366.316447324267
3116,456632.9059721996,456632.9059721996,0.0,456632.9059721996,8366.316447324267
3117,456633.6669131289,456633.6669131289,0.0,456633.6669131289,8366.316447324267
3118,456634.42785405833,456634.42785405833,0.0,456634.42785405833,8366.316447324267
3119,456635.18879498774,416574.44324176287,40060.74555322488,456635.18879498774,8366.316447324267
3120,456635.9497359171,344663.8085283414,111972.14120757567,456635.9497359171,8366.316447324267
3121,456636.7106768465,290100.53353285586,166536.17714399064,456636.7106768465,8366.316447324267
3122,456637.47161777597,125343.41348827118,331294.0581295048,456637.47161777597,8366.316447324267
3123,456638.2325587053,18218.716951030714,438419.5156076746,456638.2325587053,8366.316447324267
3124,480000.0,0.0,480000.0,480000.0,8366.316447324267
3125,456639.7544405641,3774.702280593978,452865.0521599701,456639.7544405641,8366.316447324267
3126,480000.0,0.0,480000.0,480000.0,8366.316447324267
3127,480000.0,0.0,480000.0,480000.0,8366.316447324267
3128,480000.0,0.0,480000.0,480000.0,8366.316447324267
3129,480000.0,0.0,480000.0,480000.0,8366.316447324267
3130,480000.0,0.0,480000.0,480000.0,8366.316447324267
3131,480000.0,0.0,480000.0,480000.0,8366.316447324267
3132,480000.0,0.0,480000.0,480000.0,8366.316447324267
3133,480000.0,0.0,480000.0,480000.0,8366.316447324267
3134,480000.0,0.0,480000.0,480000.0,8366.316447324267
3135,480000.0,0.0,480000.0,480000.0,8366.316447324267
3136,480000.0,0.0,480000.0,480000.0,8366.316447324267
3137,480000.0,0.0,480000.0,480000.0,8366.316447324267
3138,480000.0,0.0,480000.0,480000.0,8366.316447324267
3139,456650.40761357575,67927.70075101661,388722.70686255913,456650.40761357575,8366.316447324267
3140,480000.0,0.0,480000.0,480000.0,8366.316447324267
3141,480000.0,0.0,480000.0,480000.0,8366.316447324267
3142,480000.0,0.0,480000.0,480000.0,8366.316447324267
3143,480000.0,0.0,480000.0,480000.0,8366.316447324267
3144,480000.0,0.0,480000.0,480000.0,8366.316447324267
3145,480000.0,0.0,480000.0,480000.0,8366.316447324267
3146,480000.0,0.0,480000.0,480000.0,8366.316447324267
3147,480000.0,0.0,480000.0,480000.0,8366.316447324267
3148,480000.0,0.0,480000.0,480000.0,8366.316447324267
3149,480000.0,0.0,480000.0,480000.0,8366.316447324267
3150,456658.77796379925,32860.10112547304,423798.6768383262,456658.77796379925,8366.316447324267
3151,456659.5389047286,248944.60030952355,207714.93859520505,456659.5389047286,8366.316447324267
3152,456660.2998456579,225994.97066946139,230665.3291761965,456660.2998456579,8366.316447324267
3153,456661.0607865874,156912.15483466815,299748.90595191927,456661.0607865874,8366.316447324267
3154,456661.8217275168,211690.763129743,244971.05859777384,456661.8217275168,8366.316447324267
3155,456662.5826684462,136268.68666580366,320393.8960026425,456662.5826684462,8366.316447324267
3156,456663.3436093756,159696.0712802437,296967.2723291319,456663.3436093756,8366.316447324267
3157,456664.10455030494,148397.91888841504,308266.1856618899,456664.10455030494,8366.316447324267
3158,456664.8654912344,171589.05150133354,285075.81398990087,456664.8654912344,8366.316447324267
3159,456665.6264321639,62160.43643453799,394505.1899976259,456665.6264321639,8366.316447324267
3160,456666.38737309317,152301.5650747064,304364.8222983868,456666.38737309317,8366.316447324267
3161,456667.14831402263,181632.6000400539,275034.54827396874,456667.14831402263,8366.316447324267
3162,456667.909254952,307574.9048388107,149093.00441614134,456667.909254952,8366.316447324267
3163,456668.6701958815,253134.75994324734,203533.91025263417,456668.6701958815,8366.316447324267
3164,456669.4311368108,164846.57358250866,291822.85755430214,456669.4311368108,8366.316447324267
3165,456670.19207774015,280416.3771845191,176253.81489322108,456670.19207774015,8366.316447324267
3166,456670.9530186697,326273.70583067846,130397.24718799123,456670.9530186697,8366.316447324267
3167,456671.713959599,407018.2947471866,49653.41921241236,456671.713959599,8366.316447324267
3168,456672.47490052844,427751.5628792758,28920.912021252632,456672.47490052844,8366.316447324267
3169,456673.23584145785,439972.46023579116,16700.775605666688,456673.23584145785,8366.316447324267
3170,456673.99678238714,435731.4197101276,20942.577072259537,456673.99678238714,8366.316447324267
3171,456674.75772331667,438672.07513621205,18002.682587104646,456674.75772331667,8366.316447324267
3172,456675.5186642461,436694.6971259822,19980.821538263874,456675.5186642461,8366.316447324267
3173,456676.2796051754,451833.916095813,4842.36350936244,456676.2796051754,8366.316447324267
3174,456677.0405461049,456677.0405461049,0.0,456677.0405461049,8366.316447324267
3175,456677.80148703424,456677.80148703424,0.0,456677.80148703424,8366.316447324267
3176,456678.5624279637,456678.5624279637,0.0,456678.5624279637,8366.316447324267
3177,456679.32336889306,456679.32336889306,0.0,456679.32336889306,8366.316447324267
3178,456680.0843098224,439817.21584347857,16862.868466343854,456680.0843098224,8366.316447324267
3179,456680.8452507519,429968.1776397777,26712.667610974153,456680.8452507519,8366.316447324267
3180,456681.60619168123,414222.52145559486,42459.08473608639,456681.60619168123,8366.316447324267
3181,456682.36713261064,394122.19959323097,62560.16753937965,456682.36713261064,8366.316447324267
3182,456683.12807354005,352845.015958579,103838.112114961,456683.12807354005,8366.316447324267
3183,456683.8890144694,332938.92597440956,123744.96304005985,456683.8890144694,8366.316447324267
3184,456684.6499553989,177281.70284466015,279402.9471107388,456684.6499553989,8366.316447324267
3185,456685.4108963283,113652.65165688697,343032.7592394413,456685.4108963283,8366.316447324267
3186,464866.5226300038,0.0,464866.5226300038,464866.5226300038,8366.316447324267
3187,480000.0,0.0,480000.0,480000.0,8366.316447324267
3188,480000.0,0.0,480000.0,480000.0,8366.316447324267
3189,480000.0,0.0,480000.0,480000.0,8366.316447324267
3190,480000.0,0.0,480000.0,480000.0,8366.316447324267
3191,480000.0,0.0,480000.0,480000.0,8366.316447324267
3192,480000.0,0.0,480000.0,480000.0,8366.316447324267
3193,480000.0,0.0,480000.0,480000.0,8366.316447324267
3194,480000.0,0.0,480000.0,480000.0,8366.316447324267
3195,480000.0,0.0,480000.0,480000.0,8366.316447324267
3196,480000.0,0.0,480000.0,480000.0,8366.316447324267
3197,480000.0,0.0,480000.0,480000.0,8366.316447324267
3198,480000.0,0.0,480000.0,480000.0,8366.316447324267
3199,456696.0640693399,87927.99149704678,368768.0725722931,456696.0640693399,8366.316447324267
3200,456696.8250102693,331057.37865660014,125639.44635366913,456696.8250102693,8366.316447324267
3201,456697.5859511987,382670.04633851926,74027.53961267945,456697.5859511987,8366.316447324267
3202,456698.3468921282,397547.73330736044,59150.61358476775,456698.3468921282,8366.316447324267
3203,456699.1078330575,420913.4977866597,35785.610046397815,456699.1078330575,8366.316447324267
3204,456699.86877398693,422269.31389574305,34430.55487824388,456699.86877398693,8366.316447324267
3205,456700.62971491634,254531.72937332524,202168.9003415911,456700.62971491634,8366.316447324267
3206,456701.3906558457,181299.8851190835,275401.5055367622,456701.3906558457,8366.316447324267
3207,456702.15159677505,452343.18662276026,4358.96497401479,456702.15159677505,8366.316447324267
3208,456702.9125377046,387085.045544409,69617.86699329557,456702.9125377046,8366.316447324267
3209,456703.6734786338,104872.40747575689,351831.2660028769,456703.6734786338,8366.316447324267
3210,480000.0,0.0,480000.0,480000.0,8366.316447324267
3211,480000.0,0.0,480000.0,480000.0,8366.316447324267
3212,480000.0,0.0,480000.0,480000.0,8366.316447324267
3213,480000.0,0.0,480000.0,480000.0,8366.316447324267
3214,480000.0,0.0,480000.0,480000.0,8366.316447324267
3215,480000.0,0.0,480000.0,480000.0,8366.316447324267
3216,480000.0,0.0,480000.0,480000.0,8366.316447324267
3217,480000.0,0.0,480000.0,480000.0,8366.316447324267
3218,480000.0,0.0,480000.0,480000.0,8366.316447324267
3219,480000.0,0.0,480000.0,480000.0,8366.316447324267
3220,456712.0438288573,235811.83051270005,220900.21331615726,456712.0438288573,8366.316447324267
3221,456712.8047697868,367200.52732110536,89512.27744868143,456712.8047697868,8366.316447324267
3222,456713.56571071607,341492.2046972327,115221.36101348339,456713.56571071607,8366.316447324267
3223,456714.3266516456,324684.1621585977,132030.16449304787,456714.3266516456,8366.316447324267
3224,456715.0875925749,389310.78294630814,67404.30464626674,456715.0875925749,8366.316447324267
3225,456715.8485335043,413715.6578982381,43000.190635266175,456715.8485335043,8366.316447324267
3226,456716.6094744338,380472.1879109626,76244.42156347119,456716.6094744338,8366.316447324267
3227,456717.3704153631,383394.54118651594,73322.82922884717,456717.3704153631,8366.316447324267
3228,456718.13135629264,424040.9424103786,32677.188945914044,456718.13135629264,8366.316447324267
3229,456718.892297222,406184.56246124004,50534.32983598196,456718.892297222,8366.316447324267
3230,456719.65323815134,412234.8350139287,44484.81822422266,456719.65323815134,8366.316447324267
3231,456720.4141790808,430694.49963028583,26025.914548794946,456720.4141790808,8366.316447324267
3232,456721.17512001016,418453.3576932453,38267.81742676485,456721.17512001016,8366.316447324267
3233,456721.9360609395,456721.9360609395,0.0,456721.9360609395,8366.316447324267
3234,456722.697001869,456722.697001869,0.0,456722.697001869,8366.316447324267
3235,456723.4579427984,456723.4579427984,0.0,456723.4579427984,8366.316447324267
3236,456724.2188837278,456724.2188837278,0.0,456724.2188837278,8366.316447324267
3237,456724.9798246571,351203.64404996636,105521.33577469076,456724.9798246571,8366.316447324267
3238,456725.74076558655,355478.7185899193,101247.02217566724,456725.74076558655,8366.316447324267
3239,456726.501706516,373668.8713666717,83057.63033984431,456726.501706516,8366.316447324267
3240,456727.2626474454,365294.11565787985,91433.14698956552,456727.2626474454,8366.316447324267
3241,456728.0235883748,329050.59588441486,127677.42770395991,456728.0235883748,8366.316447324267
3242,456728.7845293042,410529.20352443366,46199.58100487055,456728.7845293042,8366.316447324267
3243,456729.5454702336,433002.94065499626,23726.604815237348,456729.5454702336,8366.316447324267
3244,456730.30641116307,414015.29056887375,42715.015842289286,456730.30641116307,8366.316447324267
3245,456731.06735209236,412290.6512760266,44440.41607606573,456731.06735209236,8366.316447324267
3246,456731.82829302177,456731.82829302177,0.0,456731.82829302177,8366.316447324267
3247,456732.58923395124,456732.58923395124,0.0,456732.58923395124,8366.316447324267
3248,456733.3501748806,456733.3501748806,0.0,456733.3501748806,8366.316447324267
3249,456734.11111581,456734.11111581,0.0,456734.11111581,8366.316447324267
3250,456734.8720567394,445934.31103942316,10800.561017316262,456734.8720567394,8366.316447324267
3251,456735.63299766876,441192.8134123046,15542.819585364165,456735.63299766876,8366.316447324267
3252,456736.3939385982,429724.87513418234,27011.518804415893,456736.3939385982,8366.316447324267
3253,456737.15487952763,427954.59176213614,28782.56311739148,456737.15487952763,8366.316447324267
3254,456737.9158204569,428920.115822903,27817.79999755395,456737.9158204569,8366.316447324267
3255,456738.67676138645,432504.3135276464,24234.363233740052,456738.67676138645,8366.316447324267
3256,456739.43770231586,405305.9592610058,51433.478441310035,456739.43770231586,8366.316447324267
3257,456740.1986432452,366845.0757202387,89895.12292300655,456740.1986432452,8366.316447324267
3258,456740.9595841746,380242.6236236364,76498.33596053824,456740.9595841746,8366.316447324267
3259,456741.72052510397,400707.3677396488,56034.352785455194,456741.72052510397,8366.316447324267
3260,456742.4814660334,345026.3137974348,111716.16766859862,456742.4814660334,8366.316447324267
3261,456743.24240696285,167589.58844232833,289153.6539646345,456743.24240696285,8366.316447324267
3262,456744.00334789226,456744.00334789226,0.0,456744.00334789226,8366.316447324267
3263,456744.7642888216,456744.7642888216,0.0,456744.7642888216,8366.316447324267
3264,456745.52522975096,259264.6110530671,197480.91417668384,456745.52522975096,8366.316447324267
3265,480000.0,0.0,480000.0,480000.0,8366.316447324267
3266,456747.04711160983,24684.550114685204,432062.49699692463,456747.04711160983,8366.316447324267
3267,456747.8080525392,117923.75268951664,338824.05536302255,456747.8080525392,8366.316447324267
3268,471236.76181414357,0.0,471236.76181414357,471236.76181414357,8366.316447324267
3269,456749.329934398,5078.244606445136,451671.08532795287,456749.329934398,8366.316447324267
3270,456750.0908753275,162863.67166616733,293886.4192091602,456750.0908753275,8366.316447324267
3271,456750.8518162569,437975.2328011805,18775.61901507635,456750.8518162569,8366.316447324267
3272,456751.6127571862,456751.6127571862,0.0,456751.6127571862,8366.316447324267
3273,456752.3736981157,456752.3736981157,0.0,456752.3736981157,8366.316447324267
3274,456753.13463904505,409799.2088362223,46953.925802822734,456753.13463904505,8366.316447324267
3275,456753.89557997446,376682.3672266696,80071.52835330482,456753.89557997446,8366.316447324267
3276,456754.65652090387,324548.3970046423,132206.25951626158,456754.65652090387,8366.316447324267
3277,456755.4174618332,351512.73577381787,105242.68168801536,456755.4174618332,8366.316447324267
3278,456756.1784027627,239595.93363243507,217160.2447703276,456756.1784027627,8366.316447324267
3279,456756.93934369204,220579.5365235232,236177.40282016885,456756.93934369204,8366.316447324267
3280,456757.7002846214,179088.3902298315,277669.3100547899,456757.7002846214,8366.316447324267
3281,480000.0,0.0,480000.0,480000.0,8366.316447324267
3282,456759.22216648026,120959.05947183678,335800.1626946435,456759.22216648026,8366.316447324267
3283,475322.4363700915,0.0,475322.4363700915,475322.4363700915,8366.316447324267
3284,480000.0,0.0,480000.0,480000.0,8366.316447324267
3285,480000.0,0.0,480000.0,480000.0,8366.316447324267
3286,480000.0,0.0,480000.0,480000.0,8366.316447324267
3287,480000.0,0.0,480000.0,480000.0,8366.316447324267
3288,480000.0,0.0,480000.0,480000.0,8366.316447324267
3289,480000.0,0.0,480000.0,480000.0,8366.316447324267
3290,456765.3096939154,137155.82071942184,319609.4889744936,456765.3096939154,8366.316447324267
3291,456766.0706348449,337107.4933967687,119658.57723807618,456766.0706348449,8366.316447324267
3292,456766.83157577424,369035.5548306267,87731.27674514757,456766.83157577424,8366.316447324267
3293,456767.5925167037,367223.79967952624,89543.79283717748,456767.5925167037,8366.316447324267
3294,456768.3534576332,359284.6011084509,97483.75234918224,456768.3534576332,8366.316447324267
3295,456769.11439856247,332242.58980604244,124526.52459252001,456769.11439856247,8366.316447324267
3296,456769.87533949193,399448.80806598236,57321.06727350957,456769.87533949193,8366.316447324267
3297,456770.6362804213,414425.7539632921,42344.8823171292,456770.6362804213,8366.316447324267
3298,456771.39722135063,398697.4381196468,58073.95910170384,456771.39722135063,8366.316447324267
3299,456772.1581622801,373438.18315085466,83333.97501142547,456772.1581622801,8366.316447324267
3300,456772.9191032095,326283.81433470483,130489.10476850468,456772.9191032095,8366.316447324267
3301,456773.6800441388,346804.2020009813,109969.47804315749,456773.6800441388,8366.316447324267
3302,456774.4409850683,343647.97481393075,113126.46617113754,456774.4409850683,8366.316447324267
3303,456775.2019259977,291616.5624081505,165158.63951784716,456775.2019259977,8366.316447324267
3304,456775.96286692703,294095.4882420044,162680.47462492264,456775.96286692703,8366.316447324267
3305,456776.7238078565,211517.9275584086,245258.79624944789,456776.7238078565,8366.316447324267
3306,456777.4847487859,249818.67468049613,206958.81006828978,456777.4847487859,8366.316447324267
3307,456778.2456897153,226378.3046023247,230399.94108739062,456778.2456897153,8366.316447324267
3308,456779.0066306447,179009.4988059122,277769.5078247325,456779.0066306447,8366.316447324267
3309,456779.7675715742,78719.26564193872,378060.5019296355,456779.7675715742,8366.316447324267
3310,480000.0,0.0,480000.0,480000.0,8366.316447324267
3311,480000.0,0.0,480000.0,480000.0,8366.316447324267
3312,480000.0,0.0,480000.0,480000.0,8366.316447324267
3313,480000.0,0.0,480000.0,480000.0,8366.316447324267
3314,480000.0,0.0,480000.0,480000.0,8366.316447324267
3315,480000.0,0.0,480000.0,480000.0,8366.316447324267
3316,480000.0,0.0,480000.0,480000.0,8366.316447324267
3317,456785.85509900935,106544.74838476162,350241.1067142477,456785.85509900935,8366.316447324267
3318,456786.61603993876,248596.85763079606,208189.7584091427,456786.61603993876,8366.316447324267
3319,456787.3769808681,248597.6185717254,208189.7584091427,456787.3769808681,8366.316447324267
3320,456788.1379217976,270807.1479710908,185980.98995070677,456788.1379217976,8366.316447324267
3321,480000.0,0.0,480000.0,480000.0,8366.316447324267
3322,456789.6598036564,174594.31476094248,282195.3450427139,456789.6598036564,8366.316447324267
3323,456790.4207445858,19738.312382627104,437052.1083619587,456790.4207445858,8366.316447324267
3324,456791.18168551516,32921.16052266146,423870.0211628537,456791.18168551516,8366.316447324267
3325,456791.94262644456,1958.6805136902258,454833.26211275434,456791.94262644456,8366.316447324267
3326,480000.0,0.0,480000.0,480000.0,8366.316447324267
3327,456793.4645083033,299668.99343774165,157124.47107056167,456793.4645083033,8366.316447324267
3328,456794.2254492328,274113.7346207036,182680.49082852917,456794.2254492328,8366.316447324267
3329,456794.9863901621,187473.4322759849,269321.5541141772,456794.9863901621,8366.316447324267
3330,456795.74733109155,303114.59313447727,153681.1541966143,456795.74733109155,8366.316447324267
3331,480000.0,0.0,480000.0,480000.0,8366.316447324267
3332,480000.0,0.0,480000.0,480000.0,8366.316447324267
3333,480000.0,0.0,480000.0,480000.0,8366.316447324267
3334,480000.0,0.0,480000.0,480000.0,8366.316447324267
3335,456799.55203573866,398516.8419536635,58282.710082075144,456799.55203573866,8366.316447324267
3336,456800.312976668,401390.23456884234,55410.078407825684,456800.312976668,8366.316447324267
3337,456801.07391759736,456801.07391759736,0.0,456801.07391759736,8366.316447324267
3338,456801.8348585268,127555.53316740692,329246.3016911199,456801.8348585268,8366.316447324267
3339,456802.5957994562,48152.226740829996,408650.3690586262,456802.5957994562,8366.316447324267
3340,480000.0,0.0,480000.0,480000.0,8366.316447324267
3341,480000.0,0.0,480000.0,480000.0,8366.316447324267
3342,480000.0,0.0,480000.0,480000.0,8366.316447324267
3343,480000.0,0.0,480000.0,480000.0,8366.316447324267
3344,473027.9090022627,0.0,473027.9090022627,473027.9090022627,8366.316447324267
3345,480000.0,0.0,480000.0,480000.0,8366.316447324267
3346,480000.0,0.0,480000.0,480000.0,8366.316447324267
3347,480000.0,0.0,480000.0,480000.0,8366.316447324267
3348,480000.0,0.0,480000.0,480000.0,8366.316447324267
3349,480000.0,0.0,480000.0,480000.0,8366.316447324267
3350,480000.0,0.0,480000.0,480000.0,8366.316447324267
3351,480000.0,0.0,480000.0,480000.0,8366.316447324267
3352,480000.0,0.0,480000.0,480000.0,8366.316447324267
3353,456813.2489724677,25930.707240535063,430882.54173193267,456813.2489724677,8366.316447324267
3354,456814.00991339725,15996.243900945177,440817.7660124521,456814.00991339725,8366.316447324267
3355,480000.0,0.0,480000.0,480000.0,8366.316447324267
3356,480000.0,0.0,480000.0,480000.0,8366.316447324267
3357,480000.0,0.0,480000.0,480000.0,8366.316447324267
3358,480000.0,0.0,480000.0,480000.0,8366.316447324267
3359,480000.0,0.0,480000.0,480000.0,8366.316447324267
3360,480000.0,0.0,480000.0,480000.0,8366.316447324267
3361,480000.0,0.0,480000.0,480000.0,8366.316447324267
3362,456820.09744083247,37593.72000815987,419226.3774326726,456820.09744083247,8366.316447324267
3363,456820.8583817618,6772.509896694799,450048.348485067,456820.8583817618,8366.316447324267
3364,456821.61932269123,100092.35116610484,356729.2681565864,456821.61932269123,8366.316447324267
3365,456822.38026362064,57765.35927360889,399057.02099001175,456822.38026362064,8366.316447324267
3366,456823.14120455,63291.33662132756,393531.80458322243,456823.14120455,8366.316447324267
3367,456823.90214547946,220485.01468302112,236338.88746245834,456823.90214547946,8366.316447324267
3368,456824.66308640875,309517.5866363018,147307.07645010695,456824.66308640875,8366.316447324267
3369,456825.4240273383,193877.74178292934,262947.68224440893,456825.4240273383,8366.316447324267
3370,456826.1849682676,83335.12257043278,373491.06239783484,456826.1849682676,8366.316447324267
3371,456826.945909197,25345.34904140432,431481.59686779266,456826.945909197,8366.316447324267
3372,480000.0,0.0,480000.0,480000.0,8366.316447324267
3373,456828.4677910558,30202.61422425334,426625.85356680246,456828.4677910558,8366.316447324267
3374,479757.4871299287,0.0,479757.4871299287,479757.4871299287,8366.316447324267
3375,456829.98967291473,34376.031540321244,422453.9581325935,456829.98967291473,8366.316447324267
3376,458143.43347127957,0.0,458143.43347127957,458143.43347127957,8366.316447324267
3377,456831.5115547735,87307.29661558854,369524.21493918495,456831.5115547735,8366.316447324267
3378,456832.27249570284,319160.52072929416,137671.75176640865,456832.27249570284,8366.316447324267
3379,456833.0334366322,385237.00938571343,71596.02405091874,456833.0334366322,8366.316447324267
3380,456833.7943775617,340073.2713573408,116760.52302022093,456833.7943775617,8366.316447324267
3381,456834.55531849107,419391.04242849426,37443.51288999679,456834.55531849107,8366.316447324267
3382,456835.3162594205,395383.4682035628,61451.84805585768,456835.3162594205,8366.316447324267
3383,456836.0772003498,426995.6419665002,29840.435233849614,456836.0772003498,8366.316447324267
3384,456836.83814127924,439350.8536897226,17485.98445155664,456836.83814127924,8366.316447324267
3385,456837.5990822087,456837.5990822087,0.0,456837.5990822087,8366.316447324267
3386,456838.3600231381,456838.3600231381,0.0,456838.3600231381,8366.316447324267
3387,456839.12096406746,456839.12096406746,0.0,456839.12096406746,8366.316447324267
3388,456839.8819049969,456839.8819049969,0.0,456839.8819049969,8366.316447324267
3389,456840.6428459263,456840.6428459263,0.0,456840.6428459263,8366.316447324267
3390,456841.40378685575,456841.40378685575,0.0,456841.40378685575,8366.316447324267
3391,456842.16472778504,456842.16472778504,0.0,456842.16472778504,8366.316447324267
3392,456842.92566871445,439464.91246880655,17378.013199907902,456842.92566871445,8366.316447324267
3393,456843.6866096439,430822.2651754576,26021.42143418633,456843.6866096439,8366.316447324267
3394,456844.44755057327,421440.7069777789,35403.7405727944,456844.44755057327,8366.316447324267
3395,456845.20849150274,406330.23349834885,50514.97499315389,456845.20849150274,8366.316447324267
3396,456845.9694324321,339533.4046522514,117312.56478018072,456845.9694324321,8366.316447324267
3397,456846.73037336144,312429.6341301718,144417.09624318965,456846.73037336144,8366.316447324267
3398,456847.4913142909,352386.0840155521,104461.40729873885,456847.4913142909,8366.316447324267
3399,456848.2522552203,98452.24157904566,358396.01067617466,456848.2522552203,8366.316447324267
3400,456849.01319614967,138200.16490850633,318648.84828764334,456849.01319614967,8366.316447324267
3401,456849.77413707913,227340.04121684615,229509.732920233,456849.77413707913,8366.316447324267
3402,456850.53507800854,262187.3947374353,194663.1403405733,456850.53507800854,8366.316447324267
3403,456851.29601893795,230974.212642285,225877.08337665294,456851.29601893795,8366.316447324267
3404,456852.0569598673,43425.88108257344,413426.17587729386,456852.0569598673,8366.316447324267
3405,456852.8179007967,106513.16387603676,350339.65402475995,456852.8179007967,8366.316447324267
3406,456853.57884172606,270299.2313078828,186554.34753384328,456853.57884172606,8366.316447324267
3407,456854.33978265553,250661.62442219493,206192.7153604606,456854.33978265553,8366.316447324267
3408,463743.0711688182,0.0,463743.0711688182,463743.0711688182,8366.316447324267
3409,456855.8616645143,5883.783090457378,450972.0785740569,456855.8616645143,8366.316447324267
3410,480000.0,0.0,480000.0,480000.0,8366.316447324267
3411,480000.0,0.0,480000.0,480000.0,8366.316447324267
3412,480000.0,0.0,480000.0,480000.0,8366.316447324267
3413,480000.0,0.0,480000.0,480000.0,8366.316447324267
3414,480000.0,0.0,480000.0,480000.0,8366.316447324267
3415,478685.34283224493,0.0,478685.34283224493,478685.34283224493,8366.316447324267
3416,480000.0,0.0,480000.0,480000.0,8366.316447324267
3417,456861.9491919496,13368.055254109262,443493.89393784036,456861.9491919496,8366.316447324267
3418,456862.71013287886,90492.338009273,366370.37212360586,456862.71013287886,8366.316447324267
3419,456863.4710738084,43501.67858925351,413361.79248455487,456863.4710738084,8366.316447324267
3420,456864.23201473773,43457.6402932388,413406.59172149893,456864.23201473773,8366.316447324267
3421,456864.9929556671,56320.24676671624,400544.74618895084,456864.9929556671,8366.316447324267
3422,456865.75389659655,153203.48492777243,303662.2689688241,456865.75389659655,8366.316447324267
3423,456866.5148375259,232975.37016367592,223891.14467384998,456866.5148375259,8366.316447324267
3424,456867.27577845537,262217.1030300991,194650.17274835624,456867.27577845537,8366.316447324267
3425,456868.0367193847,291794.1034529294,165073.93326645528,456868.0367193847,8366.316447324267
3426,456868.7976603141,269559.8147613245,187308.98289898963,456868.7976603141,8366.316447324267
3427,456869.5586012436,133675.26421541523,323194.29438582837,456869.5586012436,8366.316447324267
3428,456870.31954217295,111831.38453346532,345038.93500870763,456870.31954217295,8366.316447324267
3429,456871.0804831025,125149.29820665997,331721.7822764425,456871.0804831025,8366.316447324267
3430,456871.84142403177,39709.013368848944,417162.8280551828,456871.84142403177,8366.316447324267
3431,480000.0,0.0,480000.0,480000.0,8366.316447324267
3432,464566.8686909154,0.0,464566.8686909154,464566.8686909154,8366.316447324267
3433,456874.12424681993,131563.7077493429,325310.41649747704,456874.12424681993,8366.316447324267
3434,456874.88518774934,68397.1489484508,388477.73623929854,456874.88518774934,8366.316447324267
3435,456875.64612867875,134833.93147188687,322041.7146567919,456875.64612867875,8366.316447324267
3436,456876.4070696081,4709.050855920534,452167.35621368757,456876.4070696081,8366.316447324267
3437,456877.1680105376,73844.92779372609,383032.24021681154,456877.1680105376,8366.316447324267
3438,456877.928951467,207734.95021500936,249142.97873645762,456877.928951467,8366.316447324267
3439,456878.68989239633,409079.5154230411,47799.17446935519,456878.68989239633,8366.316447324267
3440,456879.4508333258,421573.548137759,35305.902695566816,456879.4508333258,8366.316447324267
3441,456880.2117742552,436553.5878626245,20326.623911630704,456880.2117742552,8366.316447324267
3442,456880.9727151847,456880.9727151847,0.0,456880.9727151847,8366.316447324267
3443,456881.733656114,456881.733656114,0.0,456881.733656114,8366.316447324267
3444,456882.49459704343,456882.49459704343,0.0,456882.49459704343,8366.316447324267
3445,456883.2555379728,435069.48090507416,21813.7746328986,456883.2555379728,8366.316447324267
3446,456884.0164789022,447623.3290831083,9260.687395793882,456884.0164789022,8366.316447324267
3447,456884.77741983155,438833.8578176585,18050.919602173057,456884.77741983155,8366.316447324267
3448,456885.538360761,439233.53437006887,17652.003990692145,456885.538360761,8366.316447324267
3449,456886.29930169036,437625.00476053025,19261.29454116011,456886.29930169036,8366.316447324267
3450,456887.06024261983,415704.483639468,41182.57660315187,456887.06024261983,8366.316447324267
3451,456887.8211835492,402446.28093091946,54441.54025262971,456887.8211835492,8366.316447324267
3452,456888.5821244786,373700.66619845916,83187.91592601941,456888.5821244786,8366.316447324267
3453,456889.343065408,371245.8416834597,85643.50138194831,456889.343065408,8366.316447324267
3454,456890.10400633735,295405.02812635,161485.07587998736,456890.10400633735,8366.316447324267
3455,456890.8649472669,236145.63185763056,220745.2330896363,456890.8649472669,8366.316447324267
3456,456891.6258881963,208957.32477034215,247934.30111785413,456891.6258881963,8366.316447324267
3457,456892.38682912564,109465.47729379754,347426.9095353281,456892.38682912564,8366.316447324267
3458,456893.14777005505,2309.053187910642,454584.0945821444,456893.14777005505,8366.316447324267
3459,456893.9087109844,66107.38815610844,390786.52055487595,456893.9087109844,8366.316447324267
3460,456894.66965191375,52027.49283644813,404867.1768154656,456894.66965191375,8366.316447324267
3461,456895.4305928433,94199.9189192761,362695.5116735672,456895.4305928433,8366.316447324267
3462,456896.19153377257,11450.014362822985,445446.1771709496,456896.19153377257,8366.316447324267
3463,462646.6846564169,0.0,462646.6846564169,462646.6846564169,8366.316447324267
3464,463616.742792146,0.0,463616.742792146,463616.742792146,8366.316447324267
3465,456898.47435656074,19373.304641648487,437525.16971491225,456898.47435656074,8366.316447324267
3466,456899.23529749026,71818.09953040374,385081.1357670865,456899.23529749026,8366.316447324267
3467,456899.99623841967,211792.92559056522,245107.07064785445,456899.99623841967,8366.316447324267
3468,456900.7571793491,339827.7083854244,117073.04879392467,456900.7571793491,8366.316447324267
3469,456901.5181202785,314196.300001775,142705.21811850352,456901.5181202785,8366.316447324267
3470,456902.27906120784,252728.5204742293,204173.75858697854,456902.27906120784,8366.316447324267
3471,456903.04000213725,298218.7999111331,158684.24009100418,456903.04000213725,8366.316447324267
3472,456903.80094306666,157669.8129580776,299233.9879849891,456903.80094306666,8366.316447324267
3473,456904.561883996,84057.45634291688,372847.10554107913,456904.561883996,8366.316447324267
3474,456905.3228249255,102112.72727506486,354792.5955498606,456905.3228249255,8366.316447324267
3475,456906.0837658548,39697.20859330078,417208.87517255405,456906.0837658548,8366.316447324267
3476,476182.30600291357,0.0,476182.30600291357,476182.30600291357,8366.316447324267
3477,472021.53519722866,0.0,472021.53519722866,472021.53519722866,8366.316447324267
3478,456908.366588643,41666.267416750256,415242.09917189274,456908.366588643,8366.316447324267
3479,479853.57436087076,0.0,479853.57436087076,479853.57436087076,8366.316447324267
3480,480000.0,0.0,480000.0,480000.0,8366.316447324267
3481,480000.0,0.0,480000.0,480000.0,8366.316447324267
3482,480000.0,0.0,480000.0,480000.0,8366.316447324267
3483,480000.0,0.0,480000.0,480000.0,8366.316447324267
3484,480000.0,0.0,480000.0,480000.0,8366.316447324267
3485,480000.0,0.0,480000.0,480000.0,8366.316447324267
3486,480000.0,0.0,480000.0,480000.0,8366.316447324267
3487,480000.0,0.0,480000.0,480000.0,8366.316447324267
3488,456915.9759979371,133849.40518854017,323066.5708093969,456915.9759979371,8366.316447324267
3489,456916.7369388665,34677.625113431015,422239.1118254355,456916.7369388665,8366.316447324267
3490,456917.49787979585,7236.793012824841,449680.704866971,456917.49787979585,8366.316447324267
3491,456918.25882072526,319101.4186761868,137816.84014453844,456918.25882072526,8366.316447324267
3492,456919.01976165466,12295.507502421155,444623.5122592335,456919.01976165466,8366.316447324267
3493,456919.7807025841,254708.09340375834,202211.68729882574,456919.7807025841,8366.316447324267
3494,456920.5416435135,183770.76942146907,273149.7722220444,456920.5416435135,8366.316447324267
3495,456921.3025844429,66346.10015609628,390575.2024283466,456921.3025844429,8366.316447324267
3496,456922.0635253723,165965.9386717605,290956.1248536118,456922.0635253723,8366.316447324267
3497,456922.8244663017,213864.49097899898,243058.33348730273,456922.8244663017,8366.316447324267
3498,480000.0,0.0,480000.0,480000.0,8366.316447324267
3499,480000.0,0.0,480000.0,480000.0,8366.316447324267
3500,480000.0,0.0,480000.0,480000.0,8366.316447324267
3501,480000.0,0.0,480000.0,480000.0,8366.316447324267
3502,480000.0,0.0,480000.0,480000.0,8366.316447324267
3503,470594.67276036774,0.0,470594.67276036774,470594.67276036774,8366.316447324267
3504,480000.0,0.0,480000.0,480000.0,8366.316447324267
3505,480000.0,0.0,480000.0,480000.0,8366.316447324267
3506,480000.0,0.0,480000.0,480000.0,8366.316447324267
3507,471262.5923913749,0.0,471262.5923913749,471262.5923913749,8366.316447324267
3508,456931.19481652515,11833.63145635958,445097.5633601656,456931.19481652515,8366.316447324267
3509,456931.95575745456,1769.8158432215569,455162.139914233,456931.95575745456,8366.316447324267
3510,470353.45201935276,0.0,470353.45201935276,470353.45201935276,8366.316447324267
3511,456933.4776393133,173943.15980333067,282990.31783598266,456933.4776393133,8366.316447324267
3512,456934.2385802427,236071.88848131621,220862.35009892646,456934.2385802427,8366.316447324267
3513,456934.99952117214,158394.66156934272,298540.3379518294,456934.99952117214,8366.316447324267
3514,456935.76046210155,242336.56907212586,214599.1913899757,456935.76046210155,8366.316447324267
3515,456936.52140303096,301307.34549469675,155629.17590833423,456936.52140303096,8366.316447324267
3516,456937.2823439603,354572.79048842017,102364.49185554014,456937.2823439603,8366.316447324267
3517,456938.04328488966,285521.9486255103,171416.09465937936,456938.04328488966,8366.316447324267
3518,456938.8042258192,196898.63692138737,260040.16730443182,456938.8042258192,8366.316447324267
3519,456939.56516674854,317114.3940549063,139825.1711118422,456939.56516674854,8366.316447324267
3520,456940.3261076779,198867.35279228853,258072.97331538936,456940.3261076779,8366.316447324267
3521,456941.0870486074,138245.00441179867,318696.08263680874,456941.0870486074,8366.316447324267
3522,456941.8479895367,69847.52102582506,387094.32696371165,456941.8479895367,8366.316447324267
3523,480000.0,0.0,480000.0,480000.0,8366.316447324267
3524,480000.0,0.0,480000.0,480000.0,8366.316447324267
3525,480000.0,0.0,480000.0,480000.0,8366.316447324267
3526,480000.0,0.0,480000.0,480000.0,8366.316447324267
3527,462748.11552890926,0.0,462748.11552890926,462748.11552890926,8366.316447324267
3528,456946.41363511316,40190.022463819594,416756.39117129357,456946.41363511316,8366.316447324267
3529,456947.17457604257,82185.30986878573,374761.86470725684,456947.17457604257,8366.316447324267
3530,456947.9355169719,215473.5586829816,241474.37683399033,456947.9355169719,8366.316447324267
3531,456948.6964579014,290278.6224268899,166670.0740310115,456948.6964579014,8366.316447324267
3532,458852.6087264789,0.0,458852.6087264789,458852.6087264789,8366.316447324267
3533,480000.0,0.0,480000.0,480000.0,8366.316447324267
3534,480000.0,0.0,480000.0,480000.0,8366.316447324267
3535,456951.74022161897,233125.22237057352,223826.51785104544,456951.74022161897,8366.316447324267
3536,456952.5011625485,211801.0573101327,245151.4438524158,456952.5011625485,8366.316447324267
3537,456953.2621034778,113937.68468628143,343015.57741719636,456953.2621034778,8366.316447324267
3538,456954.02304440713,150867.29593161668,306086.72711279045,456954.02304440713,8366.316447324267
3539,456954.78398533666,277245.168302655,179709.61568268167,456954.78398533666,8366.316447324267
3540,456955.54492626595,129118.3095364676,327837.23538979836,456955.54492626595,8366.316447324267
3541,456956.3058671954,108800.32507346955,348155.9807937259,456956.3058671954,8366.316447324267
3542,456957.0668081248,180888.34694765433,276068.71986047045,456957.0668081248,8366.316447324267
3543,456957.8277490541,193173.75144795515,263784.076301099,456957.8277490541,8366.316447324267
3544,456958.58868998365,224791.3666628985,232167.22202708514,456958.58868998365,8366.316447324267
3545,456959.349630913,157586.09027406748,299373.2593568455,456959.349630913,8366.316447324267
3546,456960.1105718424,267370.9003423308,189589.21022951158,456960.1105718424,8366.316447324267
3547,456960.8715127718,413935.7412375499,43025.1302752219,456960.8715127718,8366.316447324267
3548,460700.79069974704,0.0,460700.79069974704,460700.79069974704,8366.316447324267
3549,456962.39339463075,294035.07551944884,162927.31787518188,456962.39339463075,8366.316447324267
3550,456963.15433556004,341429.02383823344,115534.1304973266,456963.15433556004,8366.316447324267
3551,456963.9152764894,420258.9158147149,36704.99946177449,456963.9152764894,8366.316447324267
3552,456964.6762174188,456964.6762174188,0.0,456964.6762174188,8366.316447324267
3553,456965.4371583482,429526.7218194481,27438.715338900096,456965.4371583482,8366.316447324267
3554,456966.19809927756,42156.30409238627,414809.8940068913,456966.19809927756,8366.316447324267
3555,456966.959040207,348217.42967550526,108749.52936470171,456966.959040207,8366.316447324267
3556,456967.7199811364,267635.9278473691,189331.79213376727,456967.7199811364,8366.316447324267
3557,480000.0,0.0,480000.0,480000.0,8366.316447324267
3558,456969.2418629952,215880.95705987496,241088.28480312024,456969.2418629952,8366.316447324267
3559,456970.0028039246,409046.4169479137,47923.5858560109,456970.0028039246,8366.316447324267
3560,456970.763744854,378226.33873577125,78744.42500908274,456970.763744854,8366.316447324267
3561,456971.5246857834,380545.7719177322,76425.75276805121,456971.5246857834,8366.316447324267
3562,456972.28562671295,323983.2054803213,132989.0801463916,456972.28562671295,8366.316447324267
3563,456973.0465676423,229645.64044675534,227327.40612088697,456973.0465676423,8366.316447324267
3564,456973.8075085716,421952.58496350166,35021.222545069955,456973.8075085716,8366.316447324267
3565,456974.56844950106,365624.4505530984,91350.11789640266,456974.56844950106,8366.316447324267
3566,456975.3293904305,440388.36261174525,16586.96677868522,456975.3293904305,8366.316447324267
3567,456976.09033135977,222766.36553849952,234209.72479286024,456976.09033135977,8366.316447324267
3568,456976.85127228923,397336.79555024503,59640.055722044206,456976.85127228923,8366.316447324267
3569,456977.6122132186,338734.3903217175,118243.22189150113,456977.6122132186,8366.316447324267
3570,456978.37315414805,440124.1750271818,16854.19812696623,456978.37315414805,8366.316447324267
3571,480000.0,0.0,480000.0,480000.0,8366.316447324267
3572,480000.0,0.0,480000.0,480000.0,8366.316447324267
3573,480000.0,0.0,480000.0,480000.0,8366.316447324267
3574,480000.0,0.0,480000.0,480000.0,8366.316447324267
3575,480000.0,0.0,480000.0,480000.0,8366.316447324267
3576,480000.0,0.0,480000.0,480000.0,8366.316447324267
3577,480000.0,0.0,480000.0,480000.0,8366.316447324267
3578,480000.0,0.0,480000.0,480000.0,8366.316447324267
3579,480000.0,0.0,480000.0,480000.0,8366.316447324267
3580,480000.0,0.0,480000.0,480000.0,8366.316447324267
3581,480000.0,0.0,480000.0,480000.0,8366.316447324267
3582,480000.0,0.0,480000.0,480000.0,8366.316447324267
3583,456988.2653862303,72631.4481406943,384356.817245536,456988.2653862303,8366.316447324267
3584,480000.0,0.0,480000.0,480000.0,8366.316447324267
3585,480000.0,0.0,480000.0,480000.0,8366.316447324267
3586,480000.0,0.0,480000.0,480000.0,8366.316447324267
3587,462460.4364883447,0.0,462460.4364883447,462460.4364883447,8366.316447324267
3588,480000.0,0.0,480000.0,480000.0,8366.316447324267
3589,480000.0,0.0,480000.0,480000.0,8366.316447324267
3590,480000.0,0.0,480000.0,480000.0,8366.316447324267
3591,480000.0,0.0,480000.0,480000.0,8366.316447324267
3592,480000.0,0.0,480000.0,480000.0,8366.316447324267
3593,480000.0,0.0,480000.0,480000.0,8366.316447324267
3594,480000.0,0.0,480000.0,480000.0,8366.316447324267
3595,480000.0,0.0,480000.0,480000.0,8366.316447324267
3596,480000.0,0.0,480000.0,480000.0,8366.316447324267
3597,480000.0,0.0,480000.0,480000.0,8366.316447324267
3598,480000.0,0.0,480000.0,480000.0,8366.316447324267
3599,480000.0,0.0,480000.0,480000.0,8366.316447324267
3600,480000.0,0.0,480000.0,480000.0,8366.316447324267
3601,480000.0,0.0,480000.0,480000.0,8366.316447324267
3602,480000.0,0.0,480000.0,480000.0,8366.316447324267
3603,480000.0,0.0,480000.0,480000.0,8366.316447324267
3604,480000.0,0.0,480000.0,480000.0,8366.316447324267
3605,480000.0,0.0,480000.0,480000.0,8366.316447324267
3606,480000.0,0.0,480000.0,480000.0,8366.316447324267
3607,480000.0,0.0,480000.0,480000.0,8366.316447324267
3608,480000.0,0.0,480000.0,480000.0,8366.316447324267
3609,457008.0498503947,34449.750918367354,422558.29893202736,457008.0498503947,8366.316447324267
3610,480000.0,0.0,480000.0,480000.0,8366.316447324267
3611,480000.0,0.0,480000.0,480000.0,8366.316447324267
3612,480000.0,0.0,480000.0,480000.0,8366.316447324267
3613,480000.0,0.0,480000.0,480000.0,8366.316447324267
3614,457011.85455504165,5768.843125806889,451243.01142923476,457011.85455504165,8366.316447324267
3615,480000.0,0.0,480000.0,480000.0,8366.316447324267
3616,457013.3764369005,17625.0463506566,439388.3300862439,457013.3764369005,8366.316447324267
3617,469579.38678608596,0.0,469579.38678608596,469579.38678608596,8366.316447324267
3618,462456.6780706061,0.0,462456.6780706061,462456.6780706061,8366.316447324267
3619,480000.0,0.0,480000.0,480000.0,8366.316447324267
3620,480000.0,0.0,480000.0,480000.0,8366.316447324267
3621,480000.0,0.0,480000.0,480000.0,8366.316447324267
3622,480000.0,0.0,480000.0,480000.0,8366.316447324267
3623,480000.0,0.0,480000.0,480000.0,8366.316447324267
3624,480000.0,0.0,480000.0,480000.0,8366.316447324267
3625,480000.0,0.0,480000.0,480000.0,8366.316447324267
3626,457020.98584619456,35222.990249435825,421797.99559675873,457020.98584619456,8366.316447324267
3627,457021.7467871239,165751.83181008796,291269.91497703595,457021.7467871239,8366.316447324267
3628,457022.50772805343,20350.374830297776,436672.13289775565,457022.50772805343,8366.316447324267
3629,457023.2686689827,9162.741695134842,447860.5269738479,457023.2686689827,8366.316447324267
3630,457024.0296099122,48473.20777306898,408550.8218368432,457024.0296099122,8366.316447324267
3631,457024.79055084154,258477.79156282035,198546.9989880212,457024.79055084154,8366.316447324267
3632,457025.5514917709,314241.617737311,142783.9337544599,457025.5514917709,8366.316447324267
3633,457026.3124327004,364759.23003453144,92267.082398169,457026.3124327004,8366.316447324267
3634,457027.07337362977,340351.1894587691,116675.88391486066,457027.07337362977,8366.316447324267
3635,457027.8343145592,198369.28535930897,258658.5489552502,457027.8343145592,8366.316447324267
3636,457028.59525548853,55495.997484101914,401532.5977713866,457028.59525548853,8366.316447324267
3637,457029.35619641794,30650.27231891884,426379.0838774991,457029.35619641794,8366.316447324267
3638,474655.787463576,0.0,474655.787463576,474655.787463576,8366.316447324267
3639,457030.87807827676,45461.987675474375,411568.8904028024,457030.87807827676,8366.316447324267
3640,457031.63901920617,68088.27906532655,388943.3599538796,457031.63901920617,8366.316447324267
3641,457032.3999601356,186825.25073592295,270207.1492242126,457032.3999601356,8366.316447324267
3642,457033.160901065,222631.4524846023,234401.70841646267,457033.160901065,8366.316447324267
3643,457033.9218419945,215466.866790177,241567.0550518175,457033.9218419945,8366.316447324267
3644,480000.0,0.0,480000.0,480000.0,8366.316447324267
3645,457035.44372385315,59398.69673435105,397636.7469895021,457035.44372385315,8366.316447324267
3646,457036.2046647826,12523.354698957002,444512.8499658256,457036.2046647826,8366.316447324267
3647,480000.0,0.0,480000.0,480000.0,8366.316447324267
3648,480000.0,0.0,480000.0,480000.0,8366.316447324267
3649,480000.0,0.0,480000.0,480000.0,8366.316447324267
3650,480000.0,0.0,480000.0,480000.0,8366.316447324267
3651,457040.0093694296,114155.69386933686,342884.31550009275,457040.0093694296,8366.316447324267
3652,480000.0,0.0,480000.0,480000.0,8366.316447324267
3653,457041.53125128837,48971.380731934914,408070.15051935345,457041.53125128837,8366.316447324267
3654,457042.29219221784,988.903346978128,456053.3888452397,457042.29219221784,8366.316447324267
3655,457043.05313314724,144438.01383208076,312605.0393010665,457043.05313314724,8366.316447324267
3656,457043.81407407665,181000.5315822112,276043.28249186545,457043.81407407665,8366.316447324267
3657,457044.575015006,217183.6891202891,239860.8858947169,457044.575015006,8366.316447324267
3658,457045.3359559354,185443.79570006492,271601.5402558705,457045.3359559354,8366.316447324267
3659,457046.0968968648,259272.7225449958,197773.37435186902,457046.0968968648,8366.316447324267
3660,457046.85783779423,296751.1423743534,160295.7154634408,457046.85783779423,8366.316447324267
3661,457047.61877872364,318502.4181112447,138545.20066747896,457047.61877872364,8366.316447324267
3662,457048.379719653,350676.175934454,106372.20378519899,457048.379719653,8366.316447324267
3663,457049.1406605824,373705.0461237491,83344.09453683329,457049.1406605824,8366.316447324267
3664,457049.90160151187,365857.560415156,91192.34118635584,457049.90160151187,8366.316447324267
3665,457050.6625424412,390592.70528834604,66457.95725409516,457050.6625424412,8366.316447324267
3666,457051.42348337057,384374.3353480071,72677.08813536349,457051.42348337057,8366.316447324267
3667,457052.1844243001,361628.23855353537,95423.94587076474,457052.1844243001,8366.316447324267
3668,457052.94536522945,366156.6743479233,90896.27101730612,457052.94536522945,8366.316447324267
3669,457053.7063061589,398749.6374440788,58304.06886208009,457053.7063061589,8366.316447324267
3670,457054.4672470883,421218.18607003,35836.28117705832,457054.4672470883,8366.316447324267
3671,457055.22818801756,418086.6126347644,38968.61555325316,457055.22818801756,8366.316447324267
3672,457055.9891289471,457055.9891289471,0.0,457055.9891289471,8366.316447324267
3673,457056.7500698765,457056.7500698765,0.0,457056.7500698765,8366.316447324267
3674,457057.5110108058,457057.5110108058,0.0,457057.5110108058,8366.316447324267
3675,457058.27195173525,457058.27195173525,0.0,457058.27195173525,8366.316447324267
3676,457059.0328926646,457059.0328926646,0.0,457059.0328926646,8366.316447324267
3677,457059.79383359407,457059.79383359407,0.0,457059.79383359407,8366.316447324267
3678,457060.5547745234,457060.5547745234,0.0,457060.5547745234,8366.316447324267
3679,457061.31571545283,457061.31571545283,0.0,457061.31571545283,8366.316447324267
3680,457062.0766563823,457062.0766563823,0.0,457062.0766563823,8366.316447324267
3681,457062.83759731165,457062.83759731165,0.0,457062.83759731165,8366.316447324267
3682,457063.5985382412,457063.5985382412,0.0,457063.5985382412,8366.316447324267
3683,457064.35947917047,457064.35947917047,0.0,457064.35947917047,8366.316447324267
3684,457065.1204200999,457065.1204200999,0.0,457065.1204200999,8366.316447324267
3685,457065.88136102934,457065.88136102934,0.0,457065.88136102934,8366.316447324267
3686,457066.64230195864,457066.64230195864,0.0,457066.64230195864,8366.316447324267
3687,457067.40324288805,457067.40324288805,0.0,457067.40324288805,8366.316447324267
3688,457068.16418381745,439522.56617161614,17545.598012201324,457068.16418381745,8366.316447324267
3689,457068.9251247468,457068.9251247468,0.0,457068.9251247468,8366.316447324267
3690,457069.68606567633,419328.982765377,37740.70330029934,457069.68606567633,8366.316447324267
3691,457070.4470066057,372390.15266649856,84680.29434010715,457070.4470066057,8366.316447324267
3692,457071.20794753503,388838.77289684216,68232.43505069289,457071.20794753503,8366.316447324267
3693,457071.9688884645,342868.51923465007,114203.44965381444,457071.9688884645,8366.316447324267
3694,457072.7298293939,177923.9999376454,279148.7298917485,457072.7298293939,8366.316447324267
3695,457073.4907703234,191126.43199403217,265947.0587762912,457073.4907703234,8366.316447324267
3696,457074.2517112527,167830.17065380025,289244.0810574525,457074.2517112527,8366.316447324267
3697,457075.01265218214,228858.17791253177,228216.83473965037,457075.01265218214,8366.316447324267
3698,457075.7735931115,51190.09052715101,405885.6830659605,457075.7735931115,8366.316447324267
3699,480000.0,0.0,480000.0,480000.0,8366.316447324267
3700,474281.994463467,0.0,474281.994463467,474281.994463467,8366.316447324267
3701,457078.0564158997,68956.3449737776,388121.7114421221,457078.0564158997,8366.316447324267
3702,457078.81735682907,74552.44634286768,382526.3710139614,457078.81735682907,8366.316447324267
3703,457079.57829775853,332883.547294275,124196.03100348353,457079.57829775853,8366.316447324267
3704,457080.3392386879,330361.1819393728,126719.15729931508,457080.3392386879,8366.316447324267
3705,457081.1001796173,208569.27811381995,248511.82206579734,457081.1001796173,8366.316447324267
3706,457081.8611205467,63717.86485097499,393363.9962695717,457081.8611205467,8366.316447324267
3707,457082.6220614761,124600.85235483584,332481.7697066403,457082.6220614761,8366.316447324267
3708,457083.3830024056,251381.94509194113,205701.43791046445,457083.3830024056,8366.316447324267
3709,457084.14394333493,316364.35957418114,140719.78436915381,457084.14394333493,8366.316447324267
3710,457084.90488426434,431185.7923238641,25899.112560400215,457084.90488426434,8366.316447324267
3711,457085.66582519375,371214.4617213913,85871.20410380246,457085.66582519375,8366.316447324267
3712,457086.42676612316,416027.17649858736,41059.2502675358,457086.42676612316,8366.316447324267
3713,457087.18770705245,264084.7689236823,193002.41878337014,457087.18770705245,8366.316447324267
3714,457087.948647982,343709.6532969178,113378.2953510642,457087.948647982,8366.316447324267
3715,457088.7095889113,196660.20686422253,260428.5027246888,457088.7095889113,8366.316447324267
3716,468572.85755018756,0.0,468572.85755018756,468572.85755018756,8366.316447324267
3717,457090.23147077014,87547.35026061459,369542.88121015555,457090.23147077014,8366.316447324267
3718,457090.9924116995,11423.997817296477,445666.994594403,457090.9924116995,8366.316447324267
3719,457091.7533526289,100138.73205239617,356953.02130023274,457091.7533526289,8366.316447324267
3720,480000.0,0.0,480000.0,480000.0,8366.316447324267
3721,480000.0,0.0,480000.0,480000.0,8366.316447324267
3722,480000.0,0.0,480000.0,480000.0,8366.316447324267
3723,480000.0,0.0,480000.0,480000.0,8366.316447324267
3724,460806.02853270527,0.0,460806.02853270527,460806.02853270527,8366.316447324267
3725,457096.31899820536,50785.91278040252,406310.40621780284,457096.31899820536,8366.316447324267
3726,457097.0799391347,110093.16531010636,347003.91462902835,457097.0799391347,8366.316447324267
3727,457097.84088006424,411105.3912003901,45992.44967967414,457097.84088006424,8366.316447324267
3728,457098.6018209935,396980.39976541646,60118.202055577065,457098.6018209935,8366.316447324267
3729,457099.362761923,422946.3883459484,34152.97441597456,457099.362761923,8366.316447324267
3730,457100.1237028524,415613.35554702947,41486.76815582295,457100.1237028524,8366.316447324267
3731,457100.8846437817,430489.29155430436,26611.593089477323,457100.8846437817,8366.316447324267
3732,457101.6455847112,402081.9736806074,55019.67190410385,457101.6455847112,8366.316447324267
3733,457102.4065256405,431127.20242251817,25975.20410312235,457102.4065256405,8366.316447324267
3734,457103.1674665699,421566.0131406163,35537.15432595361,457103.1674665699,8366.316447324267
3735,457103.92840749945,397281.8926438936,59822.03576360587,457103.92840749945,8366.316447324267
3736,457104.6893484288,375903.7180657607,81200.97128266812,457104.6893484288,8366.316447324267
3737,457105.4502893582,428859.56218712893,28245.88810222926,457105.4502893582,8366.316447324267
3738,457106.21123028756,423269.0098204318,33837.20140985576,457106.21123028756,8366.316447324267
3739,457106.97217121697,409826.0001970619,47280.971974155036,457106.97217121697,8366.316447324267
3740,457107.7331121465,365207.51405465696,91900.2190574895,457107.7331121465,8366.316447324267
3741,457108.4940530758,384416.6149999378,72691.87905313798,457108.4940530758,8366.316447324267
3742,457109.25499400526,337147.4327820709,119961.82221193438,457109.25499400526,8366.316447324267
3743,457110.01593493455,229456.1618292023,227653.85410573226,457110.01593493455,8366.316447324267
3744,457110.77687586396,308654.7261426206,148456.05073324335,457110.77687586396,8366.316447324267
3745,457111.5378167935,332102.14611096046,125009.39170583303,457111.5378167935,8366.316447324267
3746,457112.2987577227,291946.63173562766,165165.6670220951,457112.2987577227,8366.316447324267
3747,457113.0596986522,340706.8238396696,116406.23585898259,457113.0596986522,8366.316447324267
3748,457113.82063958165,413071.016374579,44042.80426500264,457113.82063958165,8366.316447324267
3749,457114.581580511,428494.82708217046,28619.754498340553,457114.581580511,8366.316447324267
3750,457115.3425214404,457115.3425214404,0.0,457115.3425214404,8366.316447324267
3751,457116.1034623698,457116.1034623698,0.0,457116.1034623698,8366.316447324267
3752,457116.8644032992,457116.8644032992,0.0,457116.8644032992,8366.316447324267
3753,457117.62534422864,457117.62534422864,0.0,457117.62534422864,8366.316447324267
3754,457118.38628515805,457118.38628515805,0.0,457118.38628515805,8366.316447324267
3755,457119.1472260874,457119.1472260874,0.0,457119.1472260874,8366.316447324267
3756,457119.9081670168,457119.9081670168,0.0,457119.9081670168,8366.316447324267
3757,457120.6691079462,418942.4908389849,38178.17826896134,457120.6691079462,8366.316447324267
3758,457121.4300488756,409501.989248826,47619.44080004964,457121.4300488756,8366.316447324267
3759,457122.19098980504,409676.6786760965,47445.512313708554,457122.19098980504,8366.316447324267
3760,457122.9519307344,373755.78819496697,83367.16373576743,457122.9519307344,8366.316447324267
3761,457123.71287166385,366058.2266431524,91065.48622851142,457123.71287166385,8366.316447324267
3762,457124.47381259326,349313.23976640974,107811.23404618353,457124.47381259326,8366.316447324267
3763,457125.2347535227,302334.3569687051,154790.87778481763,457125.2347535227,8366.316447324267
3764,457125.995694452,284500.17609679326,172625.81959765876,457125.995694452,8366.316447324267
3765,457126.7566353814,287268.52219672926,169858.2344386521,457126.7566353814,8366.316447324267
3766,457127.5175763109,265746.84879888955,191380.66877742132,457127.5175763109,8366.316447324267
3767,457128.27851724025,342766.82085554756,114361.45766169268,457128.27851724025,8366.316447324267
3768,457129.0394581697,315107.6705896087,142021.36886856097,457129.0394581697,8366.316447324267
3769,457129.80039909907,347825.03617365303,109304.76422544604,457129.80039909907,8366.316447324267
3770,457130.56134002836,357097.9043716743,100032.65696835406,457130.56134002836,8366.316447324267
3771,457131.3222809579,387144.56034111447,69986.7619398434,457131.3222809579,8366.316447324267
3772,457132.0832218873,372022.46469348884,85109.61852839845,457132.0832218873,8366.316447324267
3773,457132.84416281665,406046.6001287392,51086.244034077434,457132.84416281665,8366.316447324267
3774,457133.60510374606,379787.25468562846,77346.35041811761,457133.60510374606,8366.316447324267
3775,457134.36604467547,365084.541238253,92049.82480642245,457134.36604467547,8366.316447324267
3776,457135.12698560493,431170.03576097806,25965.09122462685,457135.12698560493,8366.316447324267
3777,457135.8879265343,406823.32390144526,50312.56402508903,457135.8879265343,8366.316447324267
3778,457136.64886746363,423930.66287222796,33205.98599523568,457136.64886746363,8366.316447324267
3779,457137.4098083931,403194.66981221695,53942.73999617614,457137.4098083931,8366.316447324267
3780,457138.17074932245,387111.83447959914,70026.3362697233,457138.17074932245,8366.316447324267
3781,457138.9316902519,430177.9009962401,26961.030694011803,457138.9316902519,8366.316447324267
3782,457139.69263118133,439125.2008969964,18014.491734184878,457139.69263118133,8366.316447324267
3783,457140.4535721106,457140.4535721106,0.0,457140.4535721106,8366.316447324267
3784,457141.21451304015,433643.969098096,23497.245414944104,457141.21451304015,8366.316447324267
3785,457141.97545396944,427062.44881894666,30079.526635022772,457141.97545396944,8366.316447324267
3786,457142.73639489885,436391.92513548676,20750.811259412065,457142.73639489885,8366.316447324267
3787,457143.4973358283,457143.4973358283,0.0,457143.4973358283,8366.316447324267
3788,457144.25827675767,334199.5787318474,122944.67954491028,457144.25827675767,8366.316447324267
3789,457145.0192176872,386766.8341077221,70378.18510996511,457145.0192176872,8366.316447324267
3790,457145.78015861654,414945.7023365894,42200.077822027124,457145.78015861654,8366.316447324267
3791,457146.5410995459,432654.8371101669,24491.703989378962,457146.5410995459,8366.316447324267
3792,457147.30204047536,429880.05997378385,27267.242066691513,457147.30204047536,8366.316447324267
3793,457148.06298140466,438288.33305731363,18859.72992409103,457148.06298140466,8366.316447324267
3794,457148.82392233406,425741.9486265864,31406.87529574765,457148.82392233406,8366.316447324267
3795,457149.5848632635,386156.3987008321,70993.18616243136,457149.5848632635,8366.316447324267
3796,457150.3458041928,377380.456555622,79769.88924857083,457150.3458041928,8366.316447324267
3797,457151.10674512235,331237.13406519534,125913.97267992698,457151.10674512235,8366.316447324267
3798,457151.8676860517,351319.59339214134,105832.27429391038,457151.8676860517,8366.316447324267
3799,457152.62862698105,407134.4151263831,50018.21350059801,457152.62862698105,8366.316447324267
3800,457153.38956791046,420582.82175527664,36570.56781263384,457153.38956791046,8366.316447324267
3801,457154.1505088399,421168.4580823371,35985.69242650282,457154.1505088399,8366.316447324267
3802,457154.9114497694,400867.74848147994,56287.16296828947,457154.9114497694,8366.316447324267
3803,457155.6723906988,403641.2357832134,53514.436607485375,457155.6723906988,8366.316447324267
3804,457156.4333316281,419944.41977682605,37212.01355480206,457156.4333316281,8366.316447324267
3805,457157.1942725575,419896.77711205,37260.41716050753,457157.1942725575,8366.316447324267
3806,457157.9552134869,392032.2205658697,65125.73464761723,457157.9552134869,8366.316447324267
3807,457158.71615441627,424928.72243411775,32229.993720298535,457158.71615441627,8366.316447324267
3808,457159.4770953456,368330.18452782615,88829.2925675195,457159.4770953456,8366.316447324267
3809,457160.2380362751,271226.4435857617,185933.79445051338,457160.2380362751,8366.316447324267
3810,457160.99897720455,283647.18573609006,173513.81324111452,457160.99897720455,8366.316447324267
3811,457161.7599181339,232471.92097286505,224689.83894526886,457161.7599181339,8366.316447324267
3812,457162.52085906325,42062.6604329932,415099.86042607005,457162.52085906325,8366.316447324267
3813,480000.0,0.0,480000.0,480000.0,8366.316447324267
3814,480000.0,0.0,480000.0,480000.0,8366.316447324267
3815,480000.0,0.0,480000.0,480000.0,8366.316447324267
3816,480000.0,0.0,480000.0,480000.0,8366.316447324267
3817,480000.0,0.0,480000.0,480000.0,8366.316447324267
3818,480000.0,0.0,480000.0,480000.0,8366.316447324267
3819,480000.0,0.0,480000.0,480000.0,8366.316447324267
3820,480000.0,0.0,480000.0,480000.0,8366.316447324267
3821,480000.0,0.0,480000.0,480000.0,8366.316447324267
3822,468700.07262821635,0.0,468700.07262821635,468700.07262821635,8366.316447324267
3823,457170.89120928675,107587.28358383075,349583.607625456,457170.89120928675,8366.316447324267
3824,471986.1478789584,0.0,471986.1478789584,471986.1478789584,8366.316447324267
3825,457172.4130911455,16314.625424416852,440857.78766672866,457172.4130911455,8366.316447324267
3826,457173.1740320749,56233.02359846857,400940.15043360635,457173.1740320749,8366.316447324267
3827,457173.93497300433,228523.03984511553,228650.8951278888,457173.93497300433,8366.316447324267
3828,457174.6959139338,359929.09193697636,97245.60397695743,457174.6959139338,8366.316447324267
3829,457175.4568548632,373426.3603415673,83749.09651329587,457175.4568548632,8366.316447324267
3830,457176.21779579256,33014.71397958853,424161.50381620403,457176.21779579256,8366.316447324267
3831,468703.92846724694,0.0,468703.92846724694,468703.92846724694,8366.316447324267
3832,457177.7396776513,28779.107504779007,428398.6321728723,457177.7396776513,8366.316447324267
3833,457178.5006185807,51343.165573086066,405835.33504549466,457178.5006185807,8366.316447324267
3834,457179.26155951025,67084.12057256815,390095.1409869421,457179.26155951025,8366.316447324267
3835,457180.0225004395,174111.04461451067,283068.9778859288,457180.0225004395,8366.316447324267
3836,457180.783441369,378048.71101202635,79132.07242934265,457180.783441369,8366.316447324267
3837,457181.54438229837,333282.66713602364,123898.8772462747,457181.54438229837,8366.316447324267
3838,457182.3053232278,364685.47142953996,92496.83389368778,457182.3053232278,8366.316447324267
3839,457183.0662641572,371055.17716642236,86127.88909773479,457183.0662641572,8366.316447324267
3840,457183.8272050866,374525.1163175713,82658.71088751526,457183.8272050866,8366.316447324267
3841,457184.588146016,391136.0957830241,66048.4923629919,457184.588146016,8366.316447324267
3842,457185.3490869454,457185.3490869454,0.0,457185.3490869454,8366.316447324267
3843,457186.1100278748,454631.7911794903,2554.318848384545,457186.1100278748,8366.316447324267
3844,457186.8709688042,457186.8709688042,0.0,457186.8709688042,8366.316447324267
3845,457187.6319097336,457187.6319097336,0.0,457187.6319097336,8366.316447324267
3846,457188.392850663,457188.392850663,0.0,457188.392850663,8366.316447324267
3847,457189.1537915924,457189.1537915924,0.0,457189.1537915924,8366.316447324267
3848,457189.9147325218,457189.9147325218,0.0,457189.9147325218,8366.316447324267
3849,457190.6756734513,457190.6756734513,0.0,457190.6756734513,8366.316447324267
3850,457191.43661438057,457191.43661438057,0.0,457191.43661438057,8366.316447324267
3851,457192.19755531,454606.7006283983,2585.4969269117237,457192.19755531,8366.316447324267
3852,457192.95849623944,457192.95849623944,0.0,457192.95849623944,8366.316447324267
3853,457193.7194371688,440990.99225925567,16202.727177913106,457193.7194371688,8366.316447324267
3854,457194.4803780982,457194.4803780982,0.0,457194.4803780982,8366.316447324267
3855,457195.2413190277,417755.5770835809,39439.66423544676,457195.2413190277,8366.316447324267
3856,457196.002259957,424098.07697793166,33097.925282025375,457196.002259957,8366.316447324267
3857,457196.76320088643,450782.77172223333,6413.991478653078,457196.76320088643,8366.316447324267
3858,457197.52414181584,439220.8760806514,17976.648061164444,457197.52414181584,8366.316447324267
3859,457198.2850827452,441906.7923333467,15291.492749398512,457198.2850827452,8366.316447324267
3860,457199.04602367466,425996.5160968443,31202.52992683037,457199.04602367466,8366.316447324267
3861,457199.80696460407,438365.4394651525,18834.36749945158,457199.80696460407,8366.316447324267
3862,457200.5679055334,448447.7024985897,8752.86540694369,457200.5679055334,8366.316447324267
3863,457201.3288464628,438965.6418764648,18235.686969998005,457201.3288464628,8366.316447324267
3864,457202.08978739224,430390.94315934996,26811.146628042257,457202.08978739224,8366.316447324267
3865,457202.85072832165,398623.9031975467,58578.947530774945,457202.85072832165,8366.316447324267
3866,457203.611669251,369615.6132585283,87587.9984107227,457203.611669251,8366.316447324267
3867,457204.3726101804,389148.7934170732,68055.5791931072,457204.3726101804,8366.316447324267
3868,457205.1335511099,404026.24794115784,53178.885609952034,457205.1335511099,8366.316447324267
3869,457205.8944920393,378308.1592714918,78897.73522054746,457205.8944920393,8366.316447324267
3870,457206.6554329687,457206.6554329687,0.0,457206.6554329687,8366.316447324267
3871,457207.41637389804,457207.41637389804,0.0,457207.41637389804,8366.316447324267
3872,457208.17731482745,426631.8813392847,30576.295975542715,457208.17731482745,8366.316447324267
3873,457208.9382557569,455692.94658581435,1515.9916699425871,457208.9382557569,8366.316447324267
3874,457209.6991966862,457209.6991966862,0.0,457209.6991966862,8366.316447324267
3875,457210.4601376157,349752.412327463,107458.04781015271,457210.4601376157,8366.316447324267
3876,457211.2210785451,410777.95596202987,46433.26511651519,457211.2210785451,8366.316447324267
3877,457211.9820194744,457211.9820194744,0.0,457211.9820194744,8366.316447324267
3878,457212.7429604039,441771.73811478645,15441.00484561745,457212.7429604039,8366.316447324267
3879,457213.50390133326,414370.26663271413,42843.237268619116,457213.50390133326,8366.316447324267
3880,457214.2648422626,415570.4111693301,41643.853672932506,457214.2648422626,8366.316447324267
3881,457215.02578319213,453804.81885104976,3410.2069321423664,457215.02578319213,8366.316447324267
3882,457215.7867241215,397186.82105369645,60028.96567042505,457215.7867241215,8366.316447324267
3883,457216.54766505095,457216.54766505095,0.0,457216.54766505095,8366.316447324267
3884,457217.30860598024,457217.30860598024,0.0,457217.30860598024,8366.316447324267
3885,457218.06954690965,155232.25142717088,301985.8181197388,457218.06954690965,8366.316447324267
3886,457218.8304878391,234441.80122334574,222777.02926449338,457218.8304878391,8366.316447324267
3887,457219.5914287685,440159.38460828084,17060.20682048765,457219.5914287685,8366.316447324267
3888,457220.35236969794,329830.2927371713,127390.05963252664,457220.35236969794,8366.316447324267
3889,457221.11331062723,431133.6424587041,26087.47085192312,457221.11331062723,8366.316447324267
3890,457221.87425155664,66772.26552466676,390449.6087268899,457221.87425155664,8366.316447324267
3891,457222.6351924862,412358.06973667175,44864.565455814445,457222.6351924862,8366.316447324267
3892,457223.39613341546,447813.97680692043,9409.419326495037,457223.39613341546,8366.316447324267
3893,457224.1570743448,1766.3568692915724,455457.80020505324,457224.1570743448,8366.316447324267
3894,457224.91801527434,457224.91801527434,0.0,457224.91801527434,8366.316447324267
3895,457225.67895620374,311727.2114197853,145498.46753641844,457225.67895620374,8366.316447324267
3896,457226.4398971332,457226.4398971332,0.0,457226.4398971332,8366.316447324267
3897,457227.20083806256,282554.5851766949,174672.61566136763,457227.20083806256,8366.316447324267
3898,457227.96177899186,266028.72655215417,191199.23522683769,457227.96177899186,8366.316447324267
3899,457228.7227199213,187948.88772477634,269279.834995145,457228.7227199213,8366.316447324267
3900,457229.48366085073,342153.0321352859,115076.45152556483,457229.48366085073,8366.316447324267
3901,457230.24460178014,339341.1403368265,117889.10426495365,457230.24460178014,8366.316447324267
3902,457231.0055427095,424410.74448570574,32820.261057003736,457231.0055427095,8366.316447324267
3903,457231.7664836389,430889.51132277667,26342.25516086221,457231.7664836389,8366.316447324267
3904,457232.5274245683,368482.4190083223,88750.10841624599,457232.5274245683,8366.316447324267
3905,480000.0,0.0,480000.0,480000.0,8366.316447324267
3906,480000.0,0.0,480000.0,480000.0,8366.316447324267
3907,457234.81024735654,53875.920259146544,403358.88998821,457234.81024735654,8366.316447324267
3908,457235.57118828595,166269.22029198008,290966.35089630587,457235.57118828595,8366.316447324267
3909,457236.3321292154,220931.8180691686,236304.51406004681,457236.3321292154,8366.316447324267
3910,457237.09307014477,62808.86077599315,394428.2322941516,457237.09307014477,8366.316447324267
3911,457237.8540110741,69118.08523573627,388119.76877533784,457237.8540110741,8366.316447324267
3912,480000.0,0.0,480000.0,480000.0,8366.316447324267
3913,480000.0,0.0,480000.0,480000.0,8366.316447324267
3914,480000.0,0.0,480000.0,480000.0,8366.316447324267
3915,480000.0,0.0,480000.0,480000.0,8366.316447324267
3916,457241.6587157211,24444.027804319107,432797.630911402,457241.6587157211,8366.316447324267
3917,466297.3177305461,0.0,466297.3177305461,466297.3177305461,8366.316447324267
3918,457243.18059758,52607.69588213519,404635.4847154448,457243.18059758,8366.316447324267
3919,457243.9415385093,309279.70843466505,147964.23310384422,457243.9415385093,8366.316447324267
3920,457244.70247943874,314382.39362929785,142862.30885014086,457244.70247943874,8366.316447324267
3921,457245.46342036815,299952.5373820298,157292.9260383383,457245.46342036815,8366.316447324267
3922,457246.2243612976,275664.43967961386,181581.78468168376,457246.2243612976,8366.316447324267
3923,457246.985302227,304579.57104922354,152667.4142530035,457246.985302227,8366.316447324267
3924,457247.74624315626,309096.751021969,148150.99522118727,457247.74624315626,8366.316447324267
3925,457248.5071840858,364448.76713448064,92799.74004960516,457248.5071840858,8366.316447324267
3926,457249.2681250152,329016.7425400354,128232.52558497978,457249.2681250152,8366.316447324267
3927,457250.02906594455,378872.1579148456,78377.87115109892,457250.02906594455,8366.316447324267
3928,457250.79000687395,385334.7140732204,71916.07593365358,457250.79000687395,8366.316447324267
3929,457251.5509478033,393870.45855275105,63381.092395052234,457251.5509478033,8366.316447324267
3930,457252.31188873283,411274.5947116534,45977.71717707938,457252.31188873283,8366.316447324267
3931,457253.0728296622,344939.78831284883,112313.28451681336,457253.0728296622,8366.316447324267
3932,457253.83377059153,257135.39478665535,200118.43898393618,457253.83377059153,8366.316447324267
3933,457254.594711521,190686.5301198648,266568.0645916562,457254.594711521,8366.316447324267
3934,457255.35565245035,304621.9442224256,152633.41143002475,457255.35565245035,8366.316447324267
3935,457256.1165933799,289533.38335362286,167722.73323975698,457256.1165933799,8366.316447324267
3936,457256.8775343093,199359.17475618087,257897.7027781284,457256.8775343093,8366.316447324267
3937,457257.6384752386,59065.79858284962,398191.83989238896,457257.6384752386,8366.316447324267
3938,457258.39941616805,104301.54038904165,352956.8590271264,457258.39941616805,8366.316447324267
3939,457259.1603570974,110191.60302392486,347067.55733317253,457259.1603570974,8366.316447324267
3940,457259.92129802675,99054.23944205465,358205.6818559721,457259.92129802675,8366.316447324267
3941,457260.6822389563,42217.89570437645,415042.7865345798,457260.6822389563,8366.316447324267
3942,457261.4431798855,275501.73250133335,181759.7106785522,457261.4431798855,8366.316447324267
3943,457262.20412081503,398960.15533846314,58302.048782351885,457262.20412081503,8366.316447324267
3944,457262.9650617444,428395.21030338545,28867.754758358948,457262.9650617444,8366.316447324267
3945,457263.7260026738,438203.6891701749,19060.03683249893,457263.7260026738,8366.316447324267
3946,457264.48694360314,424495.7567480793,32768.730195523836,457264.48694360314,8366.316447324267
3947,457265.24788453255,430454.29725239764,26810.950632134933,457265.24788453255,8366.316447324267
3948,457266.0088254621,434994.7822324431,22271.226593018946,457266.0088254621,8366.316447324267
3949,457266.76976639143,440076.6082318122,17190.161534579223,457266.76976639143,8366.316447324267
3950,457267.53070732084,440484.4416297515,16783.089077569333,457267.53070732084,8366.316447324267
3951,457268.2916482503,270043.5778014576,187224.71384679267,457268.2916482503,8366.316447324267
3952,457269.0525891796,393401.12022299686,63867.932366182715,457269.0525891796,8366.316447324267
3953,457269.813530109,416386.6187884268,40883.194741682186,457269.813530109,8366.316447324267
3954,457270.5744710384,304265.22158442787,153005.35288661058,457270.5744710384,8366.316447324267
3955,457271.33541196777,84853.02188483352,372418.31352713425,457271.33541196777,8366.316447324267
3956,457272.09635289724,182988.10658158042,274283.9897713168,457272.09635289724,8366.316447324267
3957,457272.85729382664,63794.167888905795,393478.68940492085,457272.85729382664,8366.316447324267
3958,457273.618234756,223063.89344189575,234209.72479286024,457273.618234756,8366.316447324267
3959,480000.0,0.0,480000.0,480000.0,8366.316447324267
3960,480000.0,0.0,480000.0,480000.0,8366.316447324267
3961,480000.0,0.0,480000.0,480000.0,8366.316447324267
3962,477250.5680219048,0.0,477250.5680219048,477250.5680219048,8366.316447324267
3963,457277.4229394031,112007.25969118963,345270.1632482135,457277.4229394031,8366.316447324267
3964,457278.18388033245,88060.85300614324,369217.3308741892,457278.18388033245,8366.316447324267
3965,457278.94482126186,329195.6929664004,128083.25185486146,457278.94482126186,8366.316447324267
3966,457279.70576219115,113133.0662040764,344146.63955811475,457279.70576219115,8366.316447324267
3967,457280.4667031207,227487.16021231376,229793.30649080692,457280.4667031207,8366.316447324267
3968,457281.2276440501,419330.912409434,37950.315234616115,457281.2276440501,8366.316447324267
3969,457281.9885849795,457281.9885849795,0.0,457281.9885849795,8366.316447324267
3970,457282.74952590885,440882.5214402928,16400.22808561601,457282.74952590885,8366.316447324267
3971,457283.5104668382,434987.4578630226,22296.05260381562,457283.5104668382,8366.316447324267
3972,457284.27140776766,252453.5703599231,204830.70104784457,457284.27140776766,8366.316447324267
3973,457285.032348697,225913.93927100868,231371.09307768833,457285.032348697,8366.316447324267
3974,457285.7932896265,261251.6601468759,196034.1331427506,457285.7932896265,8366.316447324267
3975,457286.5542305559,269323.69320541003,187962.86102514586,457286.5542305559,8366.316447324267
3976,457287.31517148524,171128.74704797694,286158.5681235083,457287.31517148524,8366.316447324267
3977,457288.0761124147,384492.74697489897,72795.32913751574,457288.0761124147,8366.316447324267
3978,457288.83705334406,440024.2474040962,17264.589649247886,457288.83705334406,8366.316447324267
3979,457289.5979942734,424728.36886756396,32561.22912670944,457289.5979942734,8366.316447324267
3980,457290.35893520294,140369.3508376364,316921.00809756655,457290.35893520294,8366.316447324267
3981,457291.11987613223,378699.53078025114,78591.58909588112,457291.11987613223,8366.316447324267
3982,457291.8808170617,355680.8539619148,101611.0268551469,457291.8808170617,8366.316447324267
3983,457292.6417579911,391206.07998635806,66086.56177163305,457292.6417579911,8366.316447324267
3984,457293.4026989204,393244.16869291157,64049.234006008846,457293.4026989204,8366.316447324267
3985,457294.1636398499,387690.12100833515,69604.04263151478,457294.1636398499,8366.316447324267
3986,457294.9245807792,341528.98450868396,115765.94007209525,457294.9245807792,8366.316447324267
3987,457295.6855217086,378595.9384593701,78699.74706233853,457295.6855217086,8366.316447324267
3988,457296.4464626381,386118.59377435554,71177.85268828257,457296.4464626381,8366.316447324267
3989,457297.2074035675,422419.742738973,34877.46466459448,457297.2074035675,8366.316447324267
3990,457297.9683444969,416495.0789611761,40802.88938332079,457297.9683444969,8366.316447324267
3991,457298.72928542626,457298.72928542626,0.0,457298.72928542626,8366.316447324267
3992,457299.4902263557,457299.4902263557,0.0,457299.4902263557,8366.316447324267
3993,457300.25116728514,457300.25116728514,0.0,457300.25116728514,8366.316447324267
3994,457301.0121082145,457301.0121082145,0.0,457301.0121082145,8366.316447324267
3995,457301.77304914396,457301.77304914396,0.0,457301.77304914396,8366.316447324267
3996,457302.53399007325,457302.53399007325,0.0,457302.53399007325,8366.316447324267
3997,457303.29493100266,457303.29493100266,0.0,457303.29493100266,8366.316447324267
3998,457304.0558719322,445642.7963082026,11661.25956372955,457304.0558719322,8366.316447324267
3999,457304.8168128615,428817.7199299218,28487.096882939677,457304.8168128615,8366.316447324267
4000,457305.5777537909,435455.28384974535,21850.29390404554,457305.5777537909,8366.316447324267
4001,457306.3386947203,361592.54357453506,95713.79512018521,457306.3386947203,8366.316447324267
4002,457307.0996356497,416890.17470347637,40416.92493217333,457307.0996356497,8366.316447324267
4003,457307.86057657923,457307.86057657923,0.0,457307.86057657923,8366.316447324267
4004,457308.6215175085,457308.6215175085,0.0,457308.6215175085,8366.316447324267
4005,457309.3824584379,412354.7885000245,44954.593958413396,457309.3824584379,8366.316447324267
4006,457310.14339936734,384124.4158480933,73185.72755127407,457310.14339936734,8366.316447324267
4007,457310.90434029675,326085.30354527035,131225.60079502643,457310.90434029675,8366.316447324267
4008,457311.6652812261,426326.887236357,30984.77804486909,457311.6652812261,8366.316447324267
4009,457312.4262221555,393190.2454175795,64122.18080457601,457312.4262221555,8366.316447324267
4010,457313.187163085,352397.42319727293,104915.76396581202,457313.187163085,8366.316447324267
4011,457313.94810401433,244013.02190212786,213300.92620188647,457313.94810401433,8366.316447324267
4012,457314.70904494374,226682.16695039338,230632.54209455036,457314.70904494374,8366.316447324267
4013,457315.4699858731,193531.3936847741,263784.076301099,457315.4699858731,8366.316447324267
4014,457316.2309268025,204098.4597432757,253217.7711835268,457316.2309268025,8366.316447324267
4015,457316.99186773197,427147.4365135959,30169.555354136064,457316.99186773197,8366.316447324267
4016,457317.75280866143,448480.2638141688,8837.488994492645,457317.75280866143,8366.316447324267
4017,457318.5137495907,436555.9672314008,20762.546518189934,457318.5137495907,8366.316447324267
4018,457319.2746905201,439870.598522813,17448.676167707064,457319.2746905201,8366.316447324267
4019,457320.0356314496,432601.4475332416,24718.58809820803,457320.0356314496,8366.316447324267
4020,457320.79657237895,424141.7913462791,33179.00522609987,457320.79657237895,8366.316447324267
4021,457321.55751330836,351195.0375849482,106126.51992836018,457321.55751330836,8366.316447324267
4022,457322.3184542378,301588.6001314273,155733.71832281048,457322.3184542378,8366.316447324267
4023,457323.07939516706,290238.89472159115,167084.18467357595,457323.07939516706,8366.316447324267
4024,457323.8403360966,215.24858627608046,457108.5917498205,457323.8403360966,8366.316447324267
4025,457324.601277026,429757.1433118055,27567.457965220485,457324.601277026,8366.316447324267
4026,457325.3622179553,457325.3622179553,0.0,457325.3622179553,8366.316447324267
4027,457326.12315888476,441233.5490088029,16092.574150081828,457326.12315888476,8366.316447324267
4028,457326.88409981417,453714.2678886698,3612.616211144348,457326.88409981417,8366.316447324267
4029,457327.64504074364,258980.35137004312,198347.2936707005,457327.64504074364,8366.316447324267
4030,457328.40598167304,89315.6865557984,368012.71942587465,457328.40598167304,8366.316447324267
4031,457329.16692260234,309868.84238297737,147460.32453962494,457329.16692260234,8366.316447324267
4032,457329.92786353175,392868.5297031854,64461.39816034635,457329.92786353175,8366.316447324267
4033,457330.68880446116,188277.6274575065,269053.06134695467,457330.68880446116,8366.316447324267
4034,480000.0,0.0,480000.0,480000.0,8366.316447324267
4035,480000.0,0.0,480000.0,480000.0,8366.316447324267
4036,480000.0,0.0,480000.0,480000.0,8366.316447324267
4037,480000.0,0.0,480000.0,480000.0,8366.316447324267
4038,457334.49350910814,137417.2249075324,319917.26860157575,457334.49350910814,8366.316447324267
4039,457335.25445003755,341244.06490665406,116091.1895433835,457335.25445003755,8366.316447324267
4040,457336.015390967,374482.1692975992,82853.84609336784,457336.015390967,8366.316447324267
4041,457336.7763318964,357214.708266894,100122.06806500242,457336.7763318964,8366.316447324267
4042,457337.53727282584,344022.7997299128,113314.73754291306,457337.53727282584,8366.316447324267
4043,457338.29821375525,347107.0066915167,110231.29152223855,457338.29821375525,8366.316447324267
4044,457339.05915468454,343851.8754294781,113487.18372520641,457339.05915468454,8366.316447324267
4045,457339.82009561406,369242.67718685424,88097.14290875982,457339.82009561406,8366.316447324267
4046,457340.5810365434,389360.566734199,67980.01430234441,457340.5810365434,8366.316447324267
4047,457341.34197747277,339732.5094083951,117608.83256907765,457341.34197747277,8366.316447324267
4048,457342.1029184022,402275.6299108754,55066.47300752676,457342.1029184022,8366.316447324267
4049,457342.8638593316,385693.51992567664,71649.34393365493,457342.8638593316,8366.316447324267
4050,457343.6248002611,382160.28896181355,75183.33583844753,457343.6248002611,8366.316447324267
4051,457344.3857411904,381619.949230478,75724.43651071234,457344.3857411904,8366.316447324267
4052,457345.1466821198,178261.8779625363,279083.2687195835,457345.1466821198,8366.316447324267
4053,457345.90762304916,36699.71005531994,420646.1975677292,457345.90762304916,8366.316447324267
4054,480000.0,0.0,480000.0,480000.0,8366.316447324267
4055,480000.0,0.0,480000.0,480000.0,8366.316447324267
4056,480000.0,0.0,480000.0,480000.0,8366.316447324267
4057,480000.0,0.0,480000.0,480000.0,8366.316447324267
4058,457349.71232769627,2712.5494446440716,454637.1628830522,457349.71232769627,8366.316447324267
4059,457350.4732686256,18047.51076298533,439302.9625056403,457350.4732686256,8366.316447324267
4060,457351.234209555,52326.579856111435,405024.6543534436,457351.234209555,8366.316447324267
4061,457351.9951504845,142822.58321974985,314529.41193073464,457351.9951504845,8366.316447324267
4062,457352.7560914138,278744.53693987615,178608.21915153766,457352.7560914138,8366.316447324267
4063,457353.51703234325,396012.04213138926,61341.47490095399,457353.51703234325,8366.316447324267
4064,457354.2779732726,420106.64240487036,37247.63556840227,457354.2779732726,8366.316447324267
4065,457355.03891420196,441827.65395417024,15527.384960031713,457355.03891420196,8366.316447324267
4066,457355.7998551314,446898.6918982168,10457.107956914613,457355.7998551314,8366.316447324267
4067,457356.56079606083,443107.02874779096,14249.532048269855,457356.56079606083,8366.316447324267
4068,457357.32173699024,443906.46076665353,13450.860970336724,457357.32173699024,8366.316447324267
4069,457358.0826779197,444370.39007576683,12987.692602152885,457358.0826779197,8366.316447324267
4070,457358.8436188491,447099.6371203586,10259.206498490526,457358.8436188491,8366.316447324267
4071,457359.60455977847,457359.60455977847,0.0,457359.60455977847,8366.316447324267
4072,457360.3655007079,457360.3655007079,0.0,457360.3655007079,8366.316447324267
4073,457361.1264416372,442178.7465547731,15182.379886864115,457361.1264416372,8366.316447324267
4074,457361.8873825667,426071.1220259233,31290.765356643424,457361.8873825667,8366.316447324267
4075,457362.648323496,369749.3527904584,87613.29553303758,457362.648323496,8366.316447324267
4076,457363.4092644255,227156.19789617258,230207.21136825293,457363.4092644255,8366.316447324267
4077,457364.17020535487,205870.78940079003,251493.38080456483,457364.17020535487,8366.316447324267
4078,457364.9311462842,209639.73624025713,247725.19490602709,457364.9311462842,8366.316447324267
4079,457365.6920872137,160445.8206870067,296919.871400207,457365.6920872137,8366.316447324267
4080,457366.45302814303,77440.49096981192,379925.9620583311,457366.45302814303,8366.316447324267
4081,457367.2139690725,46601.69544748892,410765.5185215836,457367.2139690725,8366.316447324267
4082,480000.0,0.0,480000.0,480000.0,8366.316447324267
4083,480000.0,0.0,480000.0,480000.0,8366.316447324267
4084,480000.0,0.0,480000.0,480000.0,8366.316447324267
4085,480000.0,0.0,480000.0,480000.0,8366.316447324267
4086,457371.01867371943,18650.93404657353,438720.0846271459,457371.01867371943,8366.316447324267
4087,457371.77961464896,68527.50068615051,388844.27892849845,457371.77961464896,8366.316447324267
4088,457372.5405555783,341570.69360776653,115801.84694781178,457372.5405555783,8366.316447324267
4089,457373.3014965077,291669.26890330866,165704.03259319908,457373.3014965077,8366.316447324267
4090,457374.06243743707,249359.0044601793,208015.05797725776,457374.06243743707,8366.316447324267
4091,457374.82337836653,281199.75542796915,176175.06795039735,457374.82337836653,8366.316447324267
4092,457375.58431929594,223030.95049390077,234344.63382539517,457375.58431929594,8366.316447324267
4093,457376.34526022524,166558.7543738573,290817.59088636795,457376.34526022524,8366.316447324267
4094,457377.10620115476,184963.11662965722,272413.98957149754,457377.10620115476,8366.316447324267
4095,457377.8671420841,120852.88790974091,336524.9792323432,457377.8671420841,8366.316447324267
4096,457378.6280830135,23365.2770298635,434013.35105315,457378.6280830135,8366.316447324267
4097,457379.389023943,48523.450014611124,408855.93900933187,457379.389023943,8366.316447324267
4098,457380.1499648723,160551.46198181878,296828.6879830535,457380.1499648723,8366.316447324267
4099,463091.28962496965,0.0,463091.28962496965,463091.28962496965,8366.316447324267
4100,480000.0,0.0,480000.0,480000.0,8366.316447324267
4101,480000.0,0.0,480000.0,480000.0,8366.316447324267
4102,480000.0,0.0,480000.0,480000.0,8366.316447324267
4103,466616.1678816705,0.0,466616.1678816705,466616.1678816705,8366.316447324267
4104,457384.7156104487,244839.62580649997,212545.0898039487,457384.7156104487,8366.316447324267
4105,480000.0,0.0,480000.0,480000.0,8366.316447324267
4106,480000.0,0.0,480000.0,480000.0,8366.316447324267
4107,480000.0,0.0,480000.0,480000.0,8366.316447324267
4108,471447.02356646437,0.0,471447.02356646437,471447.02356646437,8366.316447324267
4109,457388.5203150958,382302.98200395156,75085.53831114422,457388.5203150958,8366.316447324267
4110,457389.28125602513,156500.14076223504,300889.1404937901,457389.28125602513,8366.316447324267
4111,457390.04219695454,234912.08102477575,222477.9611721788,457390.04219695454,8366.316447324267
4112,457390.80313788395,261150.79937668217,196240.00376120178,457390.80313788395,8366.316447324267
4113,457391.56407881336,369172.64760695683,88218.91647185654,457391.56407881336,8366.316447324267
4114,457392.32501974277,402520.3715405175,54871.95347922528,457392.32501974277,8366.316447324267
4115,457393.0859606722,436556.60587123904,20836.480089433142,457393.0859606722,8366.316447324267
4116,457393.84690160153,224472.630357728,232921.21654387354,457393.84690160153,8366.316447324267
4117,457394.60784253094,253672.48780612118,203722.12003640976,457394.60784253094,8366.316447324267
4118,457395.3687834604,457395.3687834604,0.0,457395.3687834604,8366.316447324267
4119,457396.12972438976,457396.12972438976,0.0,457396.12972438976,8366.316447324267
4120,457396.89066531905,259008.5766087815,198388.31405653755,457396.89066531905,8366.316447324267
4121,457397.6516062486,258228.58191642558,199169.069689823,457397.6516062486,8366.316447324267
4122,457398.412547178,308277.93717134994,149120.47537582804,457398.412547178,8366.316447324267
4123,457399.17348810745,213094.5513680502,244304.62212005726,457399.17348810745,8366.316447324267
4124,457399.9344290368,35223.232637155335,422176.70179188147,457399.9344290368,8366.316447324267
4125,480000.0,0.0,480000.0,480000.0,8366.316447324267
4126,480000.0,0.0,480000.0,480000.0,8366.316447324267
4127,480000.0,0.0,480000.0,480000.0,8366.316447324267
4128,458148.8112641627,0.0,458148.8112641627,458148.8112641627,8366.316447324267
4129,458416.2777521792,0.0,458416.2777521792,458416.2777521792,8366.316447324267
4130,457404.50007461314,34008.00781065464,423396.4922639585,457404.50007461314,8366.316447324267
4131,480000.0,0.0,480000.0,480000.0,8366.316447324267
4132,480000.0,0.0,480000.0,480000.0,8366.316447324267
4133,472536.7797952837,0.0,472536.7797952837,472536.7797952837,8366.316447324267
4134,457407.5438383308,177432.87172850326,279974.6721098275,457407.5438383308,8366.316447324267
4135,457408.3047792602,262054.53970329583,195353.76507596436,457408.3047792602,8366.316447324267
4136,457409.0657201897,186242.5914723497,271166.47424784,457409.0657201897,8366.316447324267
4137,457409.82666111895,212660.1338078543,244749.69285326466,457409.82666111895,8366.316447324267
4138,457410.58760204836,449642.61691429827,7767.970687750079,457410.58760204836,8366.316447324267
4139,480000.0,0.0,480000.0,480000.0,8366.316447324267
4140,457412.1094839072,30057.82248807099,427354.2869958362,457412.1094839072,8366.316447324267
4141,457412.87042483664,62645.71215234528,394767.15827249136,457412.87042483664,8366.316447324267
4142,480000.0,0.0,480000.0,480000.0,8366.316447324267
4143,457414.39230669534,227129.45628104752,230284.93602564782,457414.39230669534,8366.316447324267
4144,457415.15324762487,154927.04261056776,302488.1106370571,457415.15324762487,8366.316447324267
4145,457415.91418855416,72390.40130197513,385025.51288657903,457415.91418855416,8366.316447324267
4146,457416.67512948357,165033.20669108664,292383.4684383969,457416.67512948357,8366.316447324267
4147,457417.436070413,50867.14604077552,406550.29002963746,457417.436070413,8366.316447324267
4148,480000.0,0.0,480000.0,480000.0,8366.316447324267
4149,480000.0,0.0,480000.0,480000.0,8366.316447324267
4150,480000.0,0.0,480000.0,480000.0,8366.316447324267
4151,480000.0,0.0,480000.0,480000.0,8366.316447324267
4152,480000.0,0.0,480000.0,480000.0,8366.316447324267
4153,457422.00171598943,323013.5418042153,134408.45991177417,457422.00171598943,8366.316447324267
4154,457422.7626569189,457422.7626569189,0.0,457422.7626569189,8366.316447324267
4155,457423.5235978482,394750.4859668843,62673.0376309639,457423.5235978482,8366.316447324267
4156,457424.2845387776,255330.7938168392,202093.4907219384,457424.2845387776,8366.316447324267
4157,457425.045479707,2972.371478845773,454452.67400086124,457425.045479707,8366.316447324267
4158,457425.8064206364,13483.769055388228,443942.0373652482,457425.8064206364,8366.316447324267
4159,457426.56736156583,195761.91481576406,261664.65254580177,457426.56736156583,8366.316447324267
4160,457427.3283024952,282562.60975831584,174864.71854417934,457427.3283024952,8366.316447324267
4161,457428.0892434246,223251.54053523857,234176.54870818602,457428.0892434246,8366.316447324267
4162,457428.8501843541,46997.974101679865,410430.87608267425,457428.8501843541,8366.316447324267
4163,468652.70295847574,0.0,468652.70295847574,468652.70295847574,8366.316447324267
4164,480000.0,0.0,480000.0,480000.0,8366.316447324267
4165,480000.0,0.0,480000.0,480000.0,8366.316447324267
4166,457431.89394807164,4996.389147462731,452435.5048006089,457431.89394807164,8366.316447324267
4167,457432.654889001,12945.093501701194,444487.5613872998,457432.654889001,8366.316447324267
4168,471282.2267937322,0.0,471282.2267937322,471282.2267937322,8366.316447324267
4169,457434.1767708598,9501.95137737476,447932.22539348505,457434.1767708598,8366.316447324267
4170,480000.0,0.0,480000.0,480000.0,8366.316447324267
4171,476538.0179749324,0.0,476538.0179749324,476538.0179749324,8366.316447324267
4172,480000.0,0.0,480000.0,480000.0,8366.316447324267
4173,480000.0,0.0,480000.0,480000.0,8366.316447324267
4174,480000.0,0.0,480000.0,480000.0,8366.316447324267
4175,457438.7424164363,288523.9819888359,168914.7604276004,457438.7424164363,8366.316447324267
4176,480000.0,0.0,480000.0,480000.0,8366.316447324267
4177,480000.0,0.0,480000.0,480000.0,8366.316447324267
4178,480000.0,0.0,480000.0,480000.0,8366.316447324267
4179,457441.7861801539,153885.6267158558,303556.1594642981,457441.7861801539,8366.316447324267
4180,457442.54712108325,88106.92841525486,369335.6187058284,457442.54712108325,8366.316447324267
4181,457443.3080620127,101022.04401358834,356421.2640484244,457443.3080620127,8366.316447324267
4182,457444.069002942,257208.28119047632,200235.78781246569,457444.069002942,8366.316447324267
4183,457444.82994387153,264585.06589362724,192859.7640502443,457444.82994387153,8366.316447324267
4184,457445.5908848009,396510.89799133065,60934.69289347021,457445.5908848009,8366.316447324267
4185,457446.35182573023,236693.15624634325,220753.195579387,457446.35182573023,8366.316447324267
4186,457447.1127666597,272699.05511950195,184748.05764715775,457447.1127666597,8366.316447324267
4187,457447.873707589,364347.82678885775,93100.04691873124,457447.873707589,8366.316447324267
4188,457448.6346485185,71589.82876510452,385858.805883414,457448.6346485185,8366.316447324267
4189,457449.39558944793,295097.270019031,162352.1255704169,457449.39558944793,8366.316447324267
4190,457450.1565303773,356995.44019308005,100454.71633729721,457450.1565303773,8366.316447324267
4191,457450.91747130675,240780.99760387023,216669.91986743652,457450.91747130675,8366.316447324267
4192,457451.6784122361,1734.7228240778786,455716.9555881582,457451.6784122361,8366.316447324267
4193,480000.0,0.0,480000.0,480000.0,8366.316447324267
4194,457453.200294095,246210.25984367463,211242.94045042034,457453.200294095,8366.316447324267
4195,457453.96123502427,309297.51051332767,148156.45072169657,457453.96123502427,8366.316447324267
4196,457454.7221759537,417321.5687601231,40133.1534158306,457454.7221759537,8366.316447324267
4197,457455.4831168831,383559.0054006521,73896.47771623095,457455.4831168831,8366.316447324267
4198,457456.2440578125,457456.2440578125,0.0,457456.2440578125,8366.316447324267
4199,457457.00499874185,402883.42527310067,54573.5797256412,457457.00499874185,8366.316447324267
4200,457457.76593967126,360438.07327437797,97019.69266529329,457457.76593967126,8366.316447324267
4201,457458.5268806008,391159.21072856686,66299.31615203393,457458.5268806008,8366.316447324267
4202,457459.28782153013,381025.2316092147,76434.05621231542,457459.28782153013,8366.316447324267
4203,457460.04876245954,339862.78128339536,117597.26747906419,457460.04876245954,8366.316447324267
4204,457460.809703389,357890.48779030336,99570.32191308566,457460.809703389,8366.316447324267
4205,457461.5706443183,61843.72225847439,395617.8483858439,457461.5706443183,8366.316447324267
4206,457462.3315852477,49347.131965960376,408115.19961928733,457462.3315852477,8366.316447324267
4207,480000.0,0.0,480000.0,480000.0,8366.316447324267
4208,457463.8534671065,378406.5018001519,79057.35166695462,457463.8534671065,8366.316447324267
4209,457464.61440803594,457464.61440803594,0.0,457464.61440803594,8366.316447324267
4210,457465.37534896535,457465.37534896535,0.0,457465.37534896535,8366.316447324267
4211,457466.1362898947,457466.1362898947,0.0,457466.1362898947,8366.316447324267
4212,457466.89723082416,452600.7323204727,4866.164910351437,457466.89723082416,8366.316447324267
4213,457467.6581717535,416082.26488270785,41385.39328904566,457467.6581717535,8366.316447324267
4214,457468.4191126829,326847.73672452336,130620.68238815955,457468.4191126829,8366.316447324267
4215,457469.18005361233,376810.73021419067,80658.4498394217,457469.18005361233,8366.316447324267
4216,457469.9409945418,425708.8324727334,31761.10852180838,457469.9409945418,8366.316447324267
4217,457470.70193547115,61253.956099371775,396216.7458360994,457470.70193547115,8366.316447324267
4218,457471.46287640056,457471.46287640056,0.0,457471.46287640056,8366.316447324267
4219,457472.2238173299,31542.50435438397,425929.71946294594,457472.2238173299,8366.316447324267
4220,457472.9847582594,340321.6466882692,117151.33806999019,457472.9847582594,8366.316447324267
4221,480000.0,0.0,480000.0,480000.0,8366.316447324267
4222,457474.5066401182,208547.39671113616,248927.10992898204,457474.5066401182,8366.316447324267
4223,480000.0,0.0,480000.0,480000.0,8366.316447324267
4224,480000.0,0.0,480000.0,480000.0,8366.316447324267
4225,480000.0,0.0,480000.0,480000.0,8366.316447324267
4226,457477.5504038357,20834.559952456737,436642.990451379,457477.5504038357,8366.316447324267
4227,457478.3113447651,422697.15995539597,34781.15138936914,457478.3113447651,8366.316447324267
4228,457479.0722856946,377676.04245260265,79803.02983309195,457479.0722856946,8366.316447324267
4229,457479.83322662394,441876.76840553636,15603.064821087602,457479.83322662394,8366.316447324267
4230,457480.5941675534,155452.87307092123,302027.7210966322,457480.5941675534,8366.316447324267
4231,457481.3551084828,333613.1867967566,123868.16831172623,457481.3551084828,8366.316447324267
4232,457482.1160494121,400048.35575788066,57433.760291531435,457482.1160494121,8366.316447324267
4233,457482.87699034164,416924.479960375,40558.397029966654,457482.87699034164,8366.316447324267
4234,457483.637931271,424956.426160104,32527.21177116697,457483.637931271,8366.316447324267
4235,457484.3988722004,457484.3988722004,0.0,457484.3988722004,8366.316447324267
4236,457485.1598131298,457485.1598131298,0.0,457485.1598131298,8366.316447324267
4237,457485.92075405916,457485.92075405916,0.0,457485.92075405916,8366.316447324267
4238,457486.6816949886,457486.6816949886,0.0,457486.6816949886,8366.316447324267
4239,457487.442635918,457487.442635918,0.0,457487.442635918,8366.316447324267
4240,457488.2035768473,448219.8195194412,9268.384057406089,457488.2035768473,8366.316447324267
4241,457488.9645177768,424242.79833289963,33246.16618487715,457488.9645177768,8366.316447324267
4242,457489.7254587062,434951.91252596723,22537.812932738994,457489.7254587062,8366.316447324267
4243,457490.4863996357,435579.716554056,21910.769845579667,457490.4863996357,8366.316447324267
4244,457491.24734056497,453924.4448879029,3566.802452662115,457491.24734056497,8366.316447324267
4245,457492.0082814944,340509.7520122758,116982.25626921856,457492.0082814944,8366.316447324267
4246,457492.7692224239,353093.87272062746,104398.89650179641,457492.7692224239,8366.316447324267
4247,457493.5301633532,247362.61542502916,210130.91473832403,457493.5301633532,8366.316447324267
4248,457494.29110428266,35967.89192200231,421526.39918228035,457494.29110428266,8366.316447324267
4249,457495.052045212,200179.2930899891,257315.7589552229,457495.052045212,8366.316447324267
4250,457495.81298614136,128891.80032226711,328604.01266387425,457495.81298614136,8366.316447324267
4251,457496.5739270709,172490.76841133495,285005.80551573593,457496.5739270709,8366.316447324267
4252,457497.33486800024,23891.69295464229,433605.64191335795,457497.33486800024,8366.316447324267
4253,457498.09580892953,116251.76972473803,341246.3260841915,457498.09580892953,8366.316447324267
4254,457498.856749859,289804.08631409396,167694.77043576504,457498.856749859,8366.316447324267
4255,457499.61769078847,423787.80434980895,33711.81334097953,457499.61769078847,8366.316447324267
4256,457500.3786317179,403063.2422625558,54437.13636916204,457500.3786317179,8366.316447324267
4257,457501.1395726472,326509.7646682811,130991.37490436615,457501.1395726472,8366.316447324267
4258,457501.90051357663,318536.73307353165,138965.16744004498,457501.90051357663,8366.316447324267
4259,457502.66145450604,141790.28320521064,315712.3782492954,457502.66145450604,8366.316447324267
4260,472154.7034386185,0.0,472154.7034386185,472154.7034386185,8366.316447324267
4261,480000.0,0.0,480000.0,480000.0,8366.316447324267
4262,480000.0,0.0,480000.0,480000.0,8366.316447324267
4263,480000.0,0.0,480000.0,480000.0,8366.316447324267
4264,480000.0,0.0,480000.0,480000.0,8366.316447324267
4265,471002.0645922486,0.0,471002.0645922486,471002.0645922486,8366.316447324267
4266,458755.6757317832,0.0,458755.6757317832,458755.6757317832,8366.316447324267
4267,468271.25239818386,0.0,468271.25239818386,468271.25239818386,8366.316447324267
4268,480000.0,0.0,480000.0,480000.0,8366.316447324267
4269,480000.0,0.0,480000.0,480000.0,8366.316447324267
4270,480000.0,0.0,480000.0,480000.0,8366.316447324267
4271,480000.0,0.0,480000.0,480000.0,8366.316447324267
4272,480000.0,0.0,480000.0,480000.0,8366.316447324267
4273,480000.0,0.0,480000.0,480000.0,8366.316447324267
4274,480000.0,0.0,480000.0,480000.0,8366.316447324267
4275,480000.0,0.0,480000.0,480000.0,8366.316447324267
4276,480000.0,0.0,480000.0,480000.0,8366.316447324267
4277,480000.0,0.0,480000.0,480000.0,8366.316447324267
4278,480000.0,0.0,480000.0,480000.0,8366.316447324267
4279,457517.88027309405,209947.18499578288,247570.69527731117,457517.88027309405,8366.316447324267
4280,457518.64121402346,205784.90079304652,251733.74042097694,457518.64121402346,8366.316447324267
4281,457519.40215495287,147606.775967538,309912.62618741486,457519.40215495287,8366.316447324267
4282,480000.0,0.0,480000.0,480000.0,8366.316447324267
4283,480000.0,0.0,480000.0,480000.0,8366.316447324267
4284,480000.0,0.0,480000.0,480000.0,8366.316447324267
4285,480000.0,0.0,480000.0,480000.0,8366.316447324267
4286,480000.0,0.0,480000.0,480000.0,8366.316447324267
4287,480000.0,0.0,480000.0,480000.0,8366.316447324267
4288,457524.72874145873,34446.27381759754,423078.4549238612,457524.72874145873,8366.316447324267
4289,480000.0,0.0,480000.0,480000.0,8366.316447324267
4290,480000.0,0.0,480000.0,480000.0,8366.316447324267
4291,457527.0115642469,45948.479249775235,411578.53231447167,457527.0115642469,8366.316447324267
4292,480000.0,0.0,480000.0,480000.0,8366.316447324267
4293,476205.145834779,0.0,476205.145834779,476205.145834779,8366.316447324267
4294,480000.0,0.0,480000.0,480000.0,8366.316447324267
4295,480000.0,0.0,480000.0,480000.0,8366.316447324267
4296,480000.0,0.0,480000.0,480000.0,8366.316447324267
4297,480000.0,0.0,480000.0,480000.0,8366.316447324267
4298,457532.33815075277,12746.022674918466,444786.3154758343,457532.33815075277,8366.316447324267
4299,457533.0990916821,1477.9057313232915,456055.1933603588,457533.0990916821,8366.316447324267
4300,457533.86003261147,32609.418160153436,424924.44187245803,457533.86003261147,8366.316447324267
4301,457534.62097354094,12454.749599224597,445079.87137431634,457534.62097354094,8366.316447324267
4302,457535.3819144703,182660.15706499026,274875.22484948003,457535.3819144703,8366.316447324267
4303,457536.1428553998,51902.6612729546,405633.4815824452,457536.1428553998,8366.316447324267
4304,457536.90379632916,289876.4493049036,167660.4544914255,457536.90379632916,8366.316447324267
4305,457537.66473725846,271000.04549709044,186537.61924016805,457537.66473725846,8366.316447324267
4306,457538.42567818786,128941.31304244336,328597.1126357445,457538.42567818786,8366.316447324267
4307,457539.1866191173,41701.21112190443,415837.97549721284,457539.1866191173,8366.316447324267
4308,457539.9475600468,200103.86083903364,257436.08672101315,457539.9475600468,8366.316447324267
4309,480000.0,0.0,480000.0,480000.0,8366.316447324267
4310,480000.0,0.0,480000.0,480000.0,8366.316447324267
4311,457542.23038283497,152309.2721641583,305232.9582186767,457542.23038283497,8366.316447324267
4312,457542.9913237643,119588.39484267624,337954.5964810881,457542.9913237643,8366.316447324267
4313,457543.7522646937,34089.991907837684,423453.76035685604,457543.7522646937,8366.316447324267
4314,480000.0,0.0,480000.0,480000.0,8366.316447324267
4315,457545.2741465525,68973.64804247022,388571.6261040823,457545.2741465525,8366.316447324267
4316,480000.0,0.0,480000.0,480000.0,8366.316447324267
4317,480000.0,0.0,480000.0,480000.0,8366.316447324267
4318,480000.0,0.0,480000.0,480000.0,8366.316447324267
4319,480000.0,0.0,480000.0,480000.0,8366.316447324267
4320,457549.07885119953,73300.97504296474,384248.1038082348,457549.07885119953,8366.316447324267
4321,457549.83979212894,10294.027316356427,447255.8124757725,457549.83979212894,8366.316447324267
4322,480000.0,0.0,480000.0,480000.0,8366.316447324267
4323,480000.0,0.0,480000.0,480000.0,8366.316447324267
4324,480000.0,0.0,480000.0,480000.0,8366.316447324267
4325,469229.17202824465,0.0,469229.17202824465,469229.17202824465,8366.316447324267
4326,457553.64449677593,11710.878656857996,445842.76583991793,457553.64449677593,8366.316447324267
4327,457554.4054377054,153542.4036342117,304012.0018034937,457554.4054377054,8366.316447324267
4328,457555.1663786348,193369.13404299272,264186.0323356421,457555.1663786348,8366.316447324267
4329,457555.9273195642,242729.03983192198,214826.88748764223,457555.9273195642,8366.316447324267
4330,457556.68826049357,235115.01631582066,222441.6719446729,457556.68826049357,8366.316447324267
4331,457557.4492014229,174630.75253323006,282926.69666819286,457557.4492014229,8366.316447324267
4332,457558.21014235244,78510.07753020886,379048.1326121436,457558.21014235244,8366.316447324267
4333,457558.9710832817,157763.03509184084,299795.93599144084,457558.9710832817,8366.316447324267
4334,457559.7320242112,163434.90226304554,294124.82976116566,457559.7320242112,8366.316447324267
4335,457560.4929651406,52168.06464707182,405392.4283180688,457560.4929651406,8366.316447324267
4336,457561.25390606996,23987.718786828802,433573.53511924116,457561.25390606996,8366.316447324267
4337,457562.01484699943,94971.39366178616,362590.62118521327,457562.01484699943,8366.316447324267
4338,457562.7757879288,149721.91578485147,307840.8600030773,457562.7757879288,8366.316447324267
4339,457563.53672885813,167460.72602169967,290102.81070715847,457563.53672885813,8366.316447324267
4340,457564.29766978766,42357.954679252,415206.34299053566,457564.29766978766,8366.316447324267
4341,480000.0,0.0,480000.0,480000.0,8366.316447324267
4342,457565.8195516464,62854.993844757264,394710.82570688915,457565.8195516464,8366.316447324267
4343,457566.58049257577,210009.06173821897,247557.5187543568,457566.58049257577,8366.316447324267
4344,457567.3414335052,260540.76036595908,197026.5810675461,457567.3414335052,8366.316447324267
4345,457568.10237443465,159158.07242929813,298410.0299451365,457568.10237443465,8366.316447324267
4346,457568.86331536394,121831.59610229562,335737.2672130683,457568.86331536394,8366.316447324267
4347,457569.62425629335,82283.57619191025,375286.0480643831,457569.62425629335,8366.316447324267
4348,477083.19977618265,0.0,477083.19977618265,477083.19977618265,8366.316447324267
4349,480000.0,0.0,480000.0,480000.0,8366.316447324267
4350,457571.9070790817,20262.819336607354,437309.08774247434,457571.9070790817,8366.316447324267
4351,457572.668020011,218291.12775034874,239281.54026966225,457572.668020011,8366.316447324267
4352,457573.4289609404,312913.13671638665,144660.29224455374,457573.4289609404,8366.316447324267
4353,457574.18990186986,324175.9169415329,133398.27296033694,457574.18990186986,8366.316447324267
4354,457574.9508427992,335084.11054768466,122490.84029511457,457574.9508427992,8366.316447324267
4355,457575.7117837287,223060.81916892764,234514.89261480104,457575.7117837287,8366.316447324267
4356,457576.47272465803,188205.53354910546,269370.9391755526,457576.47272465803,8366.316447324267
4357,457577.2336655874,208271.78293704413,249305.45072854325,457577.2336655874,8366.316447324267
4358,457577.99460651685,210920.75717273727,246657.23743377958,457577.99460651685,8366.316447324267
4359,457578.75554744626,71875.66158844472,385703.09395900153,457578.75554744626,8366.316447324267
4360,457579.51648837555,212509.5588198181,245069.95766855744,457579.51648837555,8366.316447324267
4361,457580.277429305,202121.7415723611,255458.53585694393,457580.277429305,8366.316447324267
4362,457581.0383702344,131565.40147834562,326015.6368918888,457581.0383702344,8366.316447324267
4363,457581.7993111639,201858.59725358683,255723.20205757706,457581.7993111639,8366.316447324267
4364,457582.56025209324,132024.3661775781,325558.19407451514,457582.56025209324,8366.316447324267
4365,457583.32119302265,149142.80672166718,308440.5144713555,457583.32119302265,8366.316447324267
4366,457584.08213395206,267372.01152873464,190212.07060521742,457584.08213395206,8366.316447324267
4367,457584.8430748815,117893.97007610899,339690.8729987725,457584.8430748815,8366.316447324267
4368,457585.6040158109,281585.24822492874,176000.3557908821,457585.6040158109,8366.316447324267
4369,457586.36495674023,363391.5576724625,94194.80728427773,457586.36495674023,8366.316447324267
4370,457587.12589766964,356834.6993166617,100752.42658100795,457587.12589766964,8366.316447324267
4371,457587.8868385991,420022.0880985985,37565.79874000058,457587.8868385991,8366.316447324267
4372,457588.64777952846,442691.16072345694,14897.487056071546,457588.64777952846,8366.316447324267
4373,457589.40872045775,457589.40872045775,0.0,457589.40872045775,8366.316447324267
4374,457590.1696613873,457590.1696613873,0.0,457590.1696613873,8366.316447324267
4375,457590.9306023166,457590.9306023166,0.0,457590.9306023166,8366.316447324267
4376,457591.69154324615,457591.69154324615,0.0,457591.69154324615,8366.316447324267
4377,457592.4524841755,457592.4524841755,0.0,457592.4524841755,8366.316447324267
4378,457593.2134251048,457593.2134251048,0.0,457593.2134251048,8366.316447324267
4379,457593.9743660343,457593.9743660343,0.0,457593.9743660343,8366.316447324267
4380,457594.73530696373,419879.0855399676,37715.649766996146,457594.73530696373,8366.316447324267
4381,457595.4962478931,394697.66959650064,62897.82665139246,457595.4962478931,8366.316447324267
4382,457596.2571888225,406272.31467647804,51323.94251234446,457596.2571888225,8366.316447324267
4383,457597.01812975184,246188.67975404553,211408.3383757063,457597.01812975184,8366.316447324267
4384,457597.7790706813,457597.7790706813,0.0,457597.7790706813,8366.316447324267
4385,457598.5400116107,340137.6766719325,117460.8633396782,457598.5400116107,8366.316447324267
4386,457599.30095254007,389454.55328352447,68144.74766901559,457599.30095254007,8366.316447324267
4387,457600.0618934694,306982.98058266006,150617.0813108094,457600.0618934694,8366.316447324267
4388,457600.82283439883,308932.76284334046,148668.05999105837,457600.82283439883,8366.316447324267
4389,457601.58377532836,24648.254727074935,432953.3290482534,457601.58377532836,8366.316447324267
4390,480000.0,0.0,480000.0,480000.0,8366.316447324267
4391,457603.10565718706,60113.929395585496,397489.17626160156,457603.10565718706,8366.316447324267
4392,457603.8665981166,281284.1691512036,176319.69744691296,457603.8665981166,8366.316447324267
4393,457604.6275390459,360553.4305027989,97051.19703624702,457604.6275390459,8366.316447324267
4394,457605.38847997534,421838.36071434023,35767.027765635125,457605.38847997534,8366.316447324267
4395,457606.14942090475,454692.3990730655,2913.7503478392664,457606.14942090475,8366.316447324267
4396,457606.91036183405,457606.91036183405,0.0,457606.91036183405,8366.316447324267
4397,457607.67130276357,456646.509081145,961.1622216185757,457607.67130276357,8366.316447324267
4398,457608.4322436929,449719.1970465516,7889.235197141304,457608.4322436929,8366.316447324267
4399,457609.1931846223,457609.1931846223,0.0,457609.1931846223,8366.316447324267
4400,457609.9541255517,457609.9541255517,0.0,457609.9541255517,8366.316447324267
4401,457610.7150664811,457610.7150664811,0.0,457610.7150664811,8366.316447324267
4402,457611.47600741056,457611.47600741056,0.0,457611.47600741056,8366.316447324267
4403,457612.23694833997,456596.3798446743,1015.8571036656476,457612.23694833997,8366.316447324267
4404,457612.9978892693,457612.9978892693,0.0,457612.9978892693,8366.316447324267
4405,457613.7588301987,457613.7588301987,0.0,457613.7588301987,8366.316447324267
4406,457614.51977112814,457614.51977112814,0.0,457614.51977112814,8366.316447324267
4407,457615.28071205755,457615.28071205755,0.0,457615.28071205755,8366.316447324267
4408,457616.0416529869,457616.0416529869,0.0,457616.0416529869,8366.316447324267
4409,457616.8025939163,457616.8025939163,0.0,457616.8025939163,8366.316447324267
4410,457617.5635348458,409078.51407295273,48539.04946189302,457617.5635348458,8366.316447324267
4411,457618.3244757751,409336.9141146025,48281.410361172624,457618.3244757751,8366.316447324267
4412,457619.08541670453,409713.48672331247,47905.59869339207,457619.08541670453,8366.316447324267
4413,457619.84635763394,306138.29606982745,151481.5502878065,457619.84635763394,8366.316447324267
4414,457620.6072985633,222194.50575615538,235426.1015424079,457620.6072985633,8366.316447324267
4415,457621.36823949276,217687.18285215966,239934.1853873331,457621.36823949276,8366.316447324267
4416,457622.12918042217,219040.36894656677,238581.7602338554,457622.12918042217,8366.316447324267
4417,457622.8901213516,140365.94405380287,317256.9460675487,457622.8901213516,8366.316447324267
4418,457623.651062281,214252.48158022872,243371.16948205227,457623.651062281,8366.316447324267
4419,457624.4120032104,210119.0096148684,247505.402388342,457624.4120032104,8366.316447324267
4420,457625.1729441397,92692.68303949595,364932.48990464373,457625.1729441397,8366.316447324267
4421,457625.9338850692,246399.0011977175,211226.9326873517,457625.9338850692,8366.316447324267
4422,457626.6948259986,347040.3666826326,110586.328143366,457626.6948259986,8366.316447324267
4423,457627.4557669279,383267.3230357672,74360.13273116076,457627.4557669279,8366.316447324267
4424,457628.2167078574,450501.04087843833,7127.175829419055,457628.2167078574,8366.316447324267
4425,457628.97764878673,435640.59474889876,21988.38289988799,457628.97764878673,8366.316447324267
4426,457629.73858971614,441415.7233456019,16214.015244114282,457629.73858971614,8366.316447324267
4427,457630.49953064555,457112.4171250304,518.0824056151182,457630.49953064555,8366.316447324267
4428,457631.260471575,457631.260471575,0.0,457631.260471575,8366.316447324267
4429,457632.0214125044,457632.0214125044,0.0,457632.0214125044,8366.316447324267
4430,457632.7823534338,318648.9596359659,138983.82271746793,457632.7823534338,8366.316447324267
4431,457633.5432943633,371235.0688423596,86398.47445200369,457633.5432943633,8366.316447324267
4432,457634.3042352926,278300.64638367423,179333.65785161834,457634.3042352926,8366.316447324267
4433,457635.06517622195,457635.06517622195,0.0,457635.06517622195,8366.316447324267
4434,457635.8261171515,457635.8261171515,0.0,457635.8261171515,8366.316447324267
4435,457636.5870580807,457636.5870580807,0.0,457636.5870580807,8366.316447324267
4436,457637.34799901024,353274.1687937353,104363.17920527491,457637.34799901024,8366.316447324267
4437,457638.10893993964,389713.12960969587,67924.97933024379,457638.10893993964,8366.316447324267
4438,457638.86988086894,311174.0376599995,146464.83222086943,457638.86988086894,8366.316447324267
4439,457639.6308217984,233533.84973270516,224105.78108909325,457639.6308217984,8366.316447324267
4440,457640.39176272776,181513.24438078667,276127.1473819411,457640.39176272776,8366.316447324267
4441,457641.1527036572,50916.193892657175,406724.95881100005,457641.1527036572,8366.316447324267
4442,457641.91364458663,15031.59479431872,442610.3188502679,457641.91364458663,8366.316447324267
4443,480000.0,0.0,480000.0,480000.0,8366.316447324267
4444,470669.11856120056,0.0,470669.11856120056,470669.11856120056,8366.316447324267
4445,457644.1964673748,57701.582364086586,399942.6141032882,457644.1964673748,8366.316447324267
4446,457644.9574083042,244343.6102116949,213301.3471966093,457644.9574083042,8366.316447324267
4447,457645.7183492337,295350.11218459345,162295.60616464022,457645.7183492337,8366.316447324267
4448,457646.479290163,413694.6010461306,43951.87824403244,457646.479290163,8366.316447324267
4449,457647.24023109255,375644.21893664903,82003.02129444349,457647.24023109255,8366.316447324267
4450,457648.0011720218,287431.7421834437,170216.2589885781,457648.0011720218,8366.316447324267
4451,457648.7621129512,265906.3422828633,191742.41983008792,457648.7621129512,8366.316447324267
4452,457649.5230538807,257670.46856900302,199979.0544848777,457649.5230538807,8366.316447324267
4453,457650.28399480996,252492.05325779272,205158.23073701723,457650.28399480996,8366.316447324267
4454,457651.0449357395,271804.03943388397,185847.00550185548,457651.0449357395,8366.316447324267
4455,457651.80587666883,214684.85218313715,242966.9536935317,457651.80587666883,8366.316447324267
4456,457652.56681759824,306431.55374694674,151221.0130706515,457652.56681759824,8366.316447324267
4457,457653.3277585277,301652.5478469497,156000.779911578,457653.3277585277,8366.316447324267
4458,457654.08869945706,118886.88100953947,338767.2076899176,457654.08869945706,8366.316447324267
4459,480000.0,0.0,480000.0,480000.0,8366.316447324267
4460,480000.0,0.0,480000.0,480000.0,8366.316447324267
4461,480000.0,0.0,480000.0,480000.0,8366.316447324267
4462,480000.0,0.0,480000.0,480000.0,8366.316447324267
4463,480000.0,0.0,480000.0,480000.0,8366.316447324267
4464,480000.0,0.0,480000.0,480000.0,8366.316447324267
4465,480000.0,0.0,480000.0,480000.0,8366.316447324267
4466,480000.0,0.0,480000.0,480000.0,8366.316447324267
4467,480000.0,0.0,480000.0,480000.0,8366.316447324267
4468,478397.10964636295,0.0,478397.10964636295,478397.10964636295,8366.316447324267
4469,457662.4590496805,25699.05282058532,431963.4062290952,457662.4590496805,8366.316447324267
4470,457663.2199906099,163353.75043951347,294309.46955109644,457663.2199906099,8366.316447324267
4471,457663.98093153926,297619.93598481896,160044.0449467203,457663.98093153926,8366.316447324267
4472,457664.7418724686,397987.3466225825,59677.39524988608,457664.7418724686,8366.316447324267
4473,457665.50281339814,348126.00072579575,109539.50208760236,457665.50281339814,8366.316447324267
4474,457666.2637543275,328832.7179065035,128833.54584782403,457666.2637543275,8366.316447324267
4475,457667.0246952569,343538.46322324383,114128.56147201305,457667.0246952569,8366.316447324267
4476,457667.7856361863,349543.3834936102,108124.40214257612,457667.7856361863,8366.316447324267
4477,457668.5465771156,363642.89407284395,94025.65250427165,457668.5465771156,8366.316447324267
4478,457669.3075180451,368114.9844875874,89554.32303045772,457669.3075180451,8366.316447324267
4479,457670.0684589745,359365.84109829256,98304.2273606819,457670.0684589745,8366.316447324267
4480,457670.82939990377,400855.42961027275,56815.39978963105,457670.82939990377,8366.316447324267
4481,457671.5903408333,357335.1994716932,100336.3908691401,457671.5903408333,8366.316447324267
4482,457672.35128176265,258226.2057529195,199446.14552884316,457672.35128176265,8366.316447324267
4483,457673.1122226921,74257.47678925807,383415.63543343404,457673.1122226921,8366.316447324267
4484,457673.8731636215,35349.88136620959,422323.99179741193,457673.8731636215,8366.316447324267
4485,457674.6341045508,4042.165486134705,453632.4686184161,457674.6341045508,8366.316447324267
4486,480000.0,0.0,480000.0,480000.0,8366.316447324267
4487,480000.0,0.0,480000.0,480000.0,8366.316447324267
4488,480000.0,0.0,480000.0,480000.0,8366.316447324267
4489,480000.0,0.0,480000.0,480000.0,8366.316447324267
4490,480000.0,0.0,480000.0,480000.0,8366.316447324267
4491,480000.0,0.0,480000.0,480000.0,8366.316447324267
4492,480000.0,0.0,480000.0,480000.0,8366.316447324267
4493,480000.0,0.0,480000.0,480000.0,8366.316447324267
4494,457681.4825729155,59998.060772499826,397683.4218004157,457681.4825729155,8366.316447324267
4495,457682.2435138449,167036.4587764641,290645.7847373808,457682.2435138449,8366.316447324267
4496,457683.0044547744,437700.43879820354,19982.565656570827,457683.0044547744,8366.316447324267
4497,457683.76539570367,446399.64769924415,11284.117696459538,457683.76539570367,8366.316447324267
4498,457684.5263366331,413518.2710865467,44166.255250086346,457684.5263366331,8366.316447324267
4499,457685.28727756254,382679.60410707304,75005.68317048953,457685.28727756254,8366.316447324267
4500,480000.0,0.0,480000.0,480000.0,8366.316447324267
4501,457686.80915942136,343284.5470285472,114402.26213087415,457686.80915942136,8366.316447324267
4502,457687.5701003507,240996.26715182557,216691.30294852515,457687.5701003507,8366.316447324267
4503,457688.33104128006,314867.60785723134,142820.72318404872,457688.33104128006,8366.316447324267
4504,457689.0919822096,251220.24475635102,206468.84722585857,457689.0919822096,8366.316447324267
4505,457689.852923139,325903.76421245,131786.08871068896,457689.852923139,8366.316447324267
4506,457690.6138640683,286102.64446259965,171587.9694014686,457690.6138640683,8366.316447324267
4507,457691.3748049977,270825.4458368549,186865.92896814278,457691.3748049977,8366.316447324267
4508,457692.1357459271,12065.630515797122,445626.50523013,457692.1357459271,8366.316447324267
4509,480000.0,0.0,480000.0,480000.0,8366.316447324267
4510,480000.0,0.0,480000.0,480000.0,8366.316447324267
4511,480000.0,0.0,480000.0,480000.0,8366.316447324267
4512,480000.0,0.0,480000.0,480000.0,8366.316447324267
4513,480000.0,0.0,480000.0,480000.0,8366.316447324267
4514,480000.0,0.0,480000.0,480000.0,8366.316447324267
4515,457697.4623324329,112701.96193921374,344995.5003932192,457697.4623324329,8366.316447324267
4516,457698.2232733623,441134.6627852862,16563.56048807612,457698.2232733623,8366.316447324267
4517,457698.9842142918,360999.26317805174,96699.72103624004,457698.9842142918,8366.316447324267
4518,457699.74515522114,230199.6715944604,227500.07356076073,457699.74515522114,8366.316447324267
4519,457700.50609615055,319509.5141942469,138190.99190190365,457700.50609615055,8366.316447324267
4520,457701.26703707996,348707.1239045434,108994.14313253654,457701.26703707996,8366.316447324267
4521,457702.0279780093,415080.76756518154,42621.26041282776,457702.0279780093,8366.316447324267
4522,457702.7889189388,419820.10850127897,37882.680417659816,457702.7889189388,8366.316447324267
4523,457703.54985986825,427256.29144410917,30447.25841575907,457703.54985986825,8366.316447324267
4524,457704.3108007975,423336.87410869857,34367.43669209893,457704.3108007975,8366.316447324267
4525,457705.07174172706,415972.2059008407,41732.86584088634,457705.07174172706,8366.316447324267
4526,457705.8326826564,424495.44223805855,33210.39044459786,457705.8326826564,8366.316447324267
4527,457706.5936235858,416875.3686398329,40831.22498375293,457706.5936235858,8366.316447324267
4528,457707.3545645152,112427.6329240991,345279.7216404161,457707.3545645152,8366.316447324267
4529,457708.1155054445,419626.1727131029,38081.942792341615,457708.1155054445,8366.316447324267
4530,457708.876446374,344572.2149607971,113136.6614855769,457708.876446374,8366.316447324267
4531,457709.6373873034,225542.41536021826,232167.22202708514,457709.6373873034,8366.316447324267
4532,457710.39832823275,19879.259350230393,437831.13897800236,457710.39832823275,8366.316447324267
4533,457711.15926916216,4703.9598415734945,453007.19942758867,457711.15926916216,8366.316447324267
4534,457711.9202100915,49035.644644147775,408676.27556594374,457711.9202100915,8366.316447324267
4535,457712.68115102104,59560.284633539966,398152.3965174811,457712.68115102104,8366.316447324267
4536,457713.44209195045,211659.31130875455,246054.1307831959,457713.44209195045,8366.316447324267
4537,457714.2030328798,320730.46664839255,136983.73638448725,457714.2030328798,8366.316447324267
4538,457714.96397380927,378260.0000835669,79454.96389024242,457714.96397380927,8366.316447324267
4539,457715.72491473856,373481.27746993134,84234.4474448072,457715.72491473856,8366.316447324267
4540,457716.48585566797,366874.3721345392,90842.11372112882,457716.48585566797,8366.316447324267
4541,457717.2467965975,321809.7341443536,135907.5126522439,457717.2467965975,8366.316447324267
4542,457718.0077375267,161873.74110374757,295844.26663377916,457718.0077375267,8366.316447324267
4543,480000.0,0.0,480000.0,480000.0,8366.316447324267
4544,457719.5296193856,374274.01944772835,83445.51017165727,457719.5296193856,8366.316447324267
4545,457720.29056031496,422700.52478787996,35019.76577243501,457720.29056031496,8366.316447324267
4546,457721.0515012444,355678.93170802627,102042.11979321814,457721.0515012444,8366.316447324267
4547,457721.8124421738,223399.12540032776,234322.68704184602,457721.8124421738,8366.316447324267
4548,457722.57338310324,326593.4949809593,131129.07840214396,457722.57338310324,8366.316447324267
4549,457723.33432403265,60447.39576053497,397275.9385634977,457723.33432403265,8366.316447324267
4550,457724.09526496206,18901.083361850004,438823.01190311206,457724.09526496206,8366.316447324267
4551,457724.85620589147,56572.90815139731,401151.94805449416,457724.85620589147,8366.316447324267
4552,457725.6171468208,30783.293120456045,426942.3240263648,457725.6171468208,8366.316447324267
4553,457726.3780877502,33242.23528324696,424484.14280450327,457726.3780877502,8366.316447324267
4554,457727.13902867964,457727.13902867964,0.0,457727.13902867964,8366.316447324267
4555,457727.899969609,272185.0339367334,185542.86603287564,457727.899969609,8366.316447324267
4556,457728.6609105385,110693.69630563405,347034.96460490447,457728.6609105385,8366.316447324267
4557,457729.4218514678,341127.41009119496,116602.01176027284,457729.4218514678,8366.316447324267
4558,457730.1827923972,407974.47080898436,49755.71198341286,457730.1827923972,8366.316447324267
4559,457730.9437333266,440448.53582610004,17282.407907226563,457730.9437333266,8366.316447324267
4560,457731.70467425603,361281.70968982286,96449.99498443314,457731.70467425603,8366.316447324267
4561,457732.46561518544,320146.19228543225,137586.27332975322,457732.46561518544,8366.316447324267
4562,457733.22655611485,153738.61238112592,303994.61417498894,457733.22655611485,8366.316447324267
4563,459236.09998944175,0.0,459236.09998944175,459236.09998944175,8366.316447324267
4564,470408.1962476608,0.0,470408.1962476608,470408.1962476608,8366.316447324267
4565,477448.30615482235,0.0,477448.30615482235,477448.30615482235,8366.316447324267
4566,480000.0,0.0,480000.0,480000.0,8366.316447324267
4567,457737.0312607619,27734.70964240242,430002.3216183595,457737.0312607619,8366.316447324267
4568,457737.7922016913,51188.37355321844,406549.41864847287,457737.7922016913,8366.316447324267
4569,457738.55314262066,107736.29009980476,350002.2630428159,457738.55314262066,8366.316447324267
4570,457739.31408355,312976.6668785232,144762.64720502685,457739.31408355,8366.316447324267
4571,457740.0750244795,319899.6439020216,137840.4311224579,457740.0750244795,8366.316447324267
4572,457740.8359654088,313949.0405821196,143791.79538328925,457740.8359654088,8366.316447324267
4573,457741.59690633824,322591.9220551284,135149.6748512099,457741.59690633824,8366.316447324267
4574,457742.3578472677,377683.2819938739,80059.07585339382,457742.3578472677,8366.316447324267
4575,457743.11878819705,353610.76595860097,104132.35282959607,457743.11878819705,8366.316447324267
4576,457743.87972912646,343692.72325649776,114051.15647262867,457743.87972912646,8366.316447324267
4577,457744.6406700559,288824.1231418301,168920.5175282258,457744.6406700559,8366.316447324267
4578,457745.4016109853,358971.408936913,98773.9926740723,457745.4016109853,8366.316447324267
4579,457746.16255191463,164303.84723583196,293442.3153160827,457746.16255191463,8366.316447324267
4580,457746.92349284416,138206.97667664685,319539.9468161973,457746.92349284416,8366.316447324267
4581,457747.6844337735,219976.60478128056,237771.07965249295,457747.6844337735,8366.316447324267
4582,457748.4453747029,362726.2893747808,95022.15599992215,457748.4453747029,8366.316447324267
4583,457749.2063156323,357705.29271168774,100043.91360394456,457749.2063156323,8366.316447324267
4584,457749.9672565616,359401.9309489578,98348.03630760385,457749.9672565616,8366.316447324267
4585,457750.72819749115,426346.6569546162,31404.071242874947,457750.72819749115,8366.316447324267
4586,457751.4891384205,424699.93492404604,33051.55421437444,457751.4891384205,8366.316447324267
4587,457752.2500793498,420224.8465697176,37527.40350963214,457752.2500793498,8366.316447324267
4588,457753.0110202793,412457.15441018424,45295.85661009508,457753.0110202793,8366.316447324267
4589,457753.77196120867,422592.2727217229,35161.49923948578,457753.77196120867,8366.316447324267
4590,457754.53290213813,436619.32702060015,21135.205881537975,457754.53290213813,8366.316447324267
4591,457755.29384306754,436620.08796152956,21135.20588153796,457755.29384306754,8366.316447324267
4592,457756.0547839969,457756.0547839969,0.0,457756.0547839969,8366.316447324267
4593,457756.81572492636,450051.9850888533,7704.830636073051,457756.81572492636,8366.316447324267
4594,457757.5766658557,457757.5766658557,0.0,457757.5766658557,8366.316447324267
4595,457758.3376067852,457758.3376067852,0.0,457758.3376067852,8366.316447324267
4596,457759.0985477145,457759.0985477145,0.0,457759.0985477145,8366.316447324267
4597,457759.8594886439,457759.8594886439,0.0,457759.8594886439,8366.316447324267
4598,457760.6204295734,457760.6204295734,0.0,457760.6204295734,8366.316447324267
4599,457761.3813705027,457761.3813705027,0.0,457761.3813705027,8366.316447324267
4600,457762.14231143205,457762.14231143205,0.0,457762.14231143205,8366.316447324267
4601,457762.9032523615,440211.01389786263,17551.8893544989,457762.9032523615,8366.316447324267
4602,457763.66419329087,442152.08508821396,15611.579105076928,457763.66419329087,8366.316447324267
4603,457764.4251342204,409378.78752101754,48385.63761320283,457764.4251342204,8366.316447324267
4604,457765.18607514974,363801.6795758204,93963.50649932933,457765.18607514974,8366.316447324267
4605,457765.9470160791,375582.62565779244,82183.32135828669,457765.9470160791,8366.316447324267
4606,457766.70795700856,357619.71049437684,100146.99746263173,457766.70795700856,8366.316447324267
4607,457767.468897938,331710.7812084139,126056.6876895241,457767.468897938,8366.316447324267
4608,457768.2298388674,389851.5685193352,67916.66131953221,457768.2298388674,8366.316447324267
4609,457768.99077979673,350776.5417635074,106992.4490162893,457768.99077979673,8366.316447324267
4610,457769.75172072614,297318.53777639667,160451.21394432947,457769.75172072614,8366.316447324267
4611,457770.51266165555,320802.7896073563,136967.72305429922,457770.51266165555,8366.316447324267
4612,457771.27360258496,303898.34371176,153872.92989082495,457771.27360258496,8366.316447324267
4613,457772.03454351425,287252.21073961456,170519.82380389972,457772.03454351425,8366.316447324267
4614,457772.7954844437,307226.219735361,150546.57574908272,457772.7954844437,8366.316447324267
4615,457773.5564253731,371354.4921358563,86419.06428951684,457773.5564253731,8366.316447324267
4616,457774.3173663026,424761.9863558067,33012.331010495895,457774.3173663026,8366.316447324267
4617,457775.07830723195,431656.4263383191,26118.651968912876,457775.07830723195,8366.316447324267
4618,457775.83924816136,376164.3005962553,81611.53865190606,457775.83924816136,8366.316447324267
4619,457776.6001890908,364741.89529803523,93034.70489105556,457776.6001890908,8366.316447324267
4620,457777.3611300202,370827.08196347737,86950.27916654282,457777.3611300202,8366.316447324267
4621,457778.1220709496,376722.6776425235,81055.4444284261,457778.1220709496,8366.316447324267
4622,457778.88301187893,366719.11139100173,91059.77162087723,457778.88301187893,8366.316447324267
4623,457779.64395280834,359603.881569049,98175.7623837594,457779.64395280834,8366.316447324267
4624,457780.40489373787,370527.3100117863,87253.09488195155,457780.40489373787,8366.316447324267
4625,457781.1658346672,356468.6531006195,101312.51273404772,457781.1658346672,8366.316447324267
4626,457781.9267755965,307180.7990260698,150601.1277495267,457781.9267755965,8366.316447324267
4627,457782.687716526,249492.15243146347,208290.5352850625,457782.687716526,8366.316447324267
4628,457783.4486574554,228626.01164532453,229157.43701213086,457783.4486574554,8366.316447324267
4629,457784.2095983848,192344.8605538729,265439.3490445119,457784.2095983848,8366.316447324267
4630,457784.9705393142,133284.76576079725,324500.20477851696,457784.9705393142,8366.316447324267
4631,457785.73148024356,52578.39986640168,405207.3316138419,457785.73148024356,8366.316447324267
4632,457786.492421173,68396.4254822422,389390.06693893083,457786.492421173,8366.316447324267
4633,457787.25336210243,83079.55043112929,374707.70293097314,457787.25336210243,8366.316447324267
4634,457788.01430303184,65406.53653212194,392381.4777709099,457788.01430303184,8366.316447324267
4635,457788.7752439612,77657.6579652162,380131.117278745,457788.7752439612,8366.316447324267
4636,457789.53618489054,208786.9196103341,249002.61657455645,457789.53618489054,8366.316447324267
4637,457790.29712582007,185724.05702134199,272066.2401044781,457790.29712582007,8366.316447324267
4638,457791.0580667494,123012.48808854388,334778.56997820555,457791.0580667494,8366.316447324267
4639,457791.8190076788,86882.308281668,370909.5107260108,457791.8190076788,8366.316447324267
4640,457792.57994860824,364420.9383445317,93371.64160407653,457792.57994860824,8366.316447324267
4641,457793.34088953753,397011.2890189957,60782.05187054184,457793.34088953753,8366.316447324267
4642,457794.10183046706,366843.5154960528,90950.58633441426,457794.10183046706,8366.316447324267
4643,457794.86277139647,374588.028823679,83206.83394771744,457794.86277139647,8366.316447324267
4644,457795.62371232576,375234.8449681658,82560.77874415995,457795.62371232576,8366.316447324267
4645,457796.3846532553,366135.41145855613,91660.97319469915,457796.3846532553,8366.316447324267
4646,457797.1455941845,360486.2598766689,97310.88571751563,457797.1455941845,8366.316447324267
4647,457797.9065351141,352102.8006972914,105695.1058378227,457797.9065351141,8366.316447324267
4648,457798.66747604345,317695.65531688253,140103.0121591609,457798.66747604345,8366.316447324267
4649,457799.42841697275,252957.28834957886,204842.1400673939,457799.42841697275,8366.316447324267
4650,457800.1893579023,317970.7727834601,139829.41657444218,457800.1893579023,8366.316447324267
4651,457800.9502988316,164232.3422592106,293568.60803962103,457800.9502988316,8366.316447324267
4652,457801.711239761,129433.90877670894,328367.80246305204,457801.711239761,8366.316447324267
4653,480000.0,0.0,480000.0,480000.0,8366.316447324267
4654,480000.0,0.0,480000.0,480000.0,8366.316447324267
4655,464330.76429007045,0.0,464330.76429007045,464330.76429007045,8366.316447324267
4656,457804.7550034786,86698.72873996437,371106.02626351424,457804.7550034786,8366.316447324267
4657,457805.5159444081,119978.86709565687,337826.6488487512,457805.5159444081,8366.316447324267
4658,457806.2768853375,48860.665288941236,408945.61159639625,457806.2768853375,8366.316447324267
4659,480000.0,0.0,480000.0,480000.0,8366.316447324267
4660,457807.79876719625,304.0220358296647,457503.7767313666,457807.79876719625,8366.316447324267
4661,457808.5597081256,60906.045989611244,396902.51371851435,457808.5597081256,8366.316447324267
4662,457809.320649055,140966.2150979626,316843.1055510924,457809.320649055,8366.316447324267
4663,457810.0815899845,362411.84030980594,95398.24128017857,457810.0815899845,8366.316447324267
4664,457810.8425309138,421510.701991622,36300.14053929184,457810.8425309138,8366.316447324267
4665,457811.60347184323,422035.13846813457,35776.46500370868,457811.60347184323,8366.316447324267
4666,457812.36441277264,375751.36697817803,82060.99743459461,457812.36441277264,8366.316447324267
4667,457813.125353702,388452.1943475249,69360.93100617712,457813.125353702,8366.316447324267
4668,457813.88629463146,378859.50196621555,78954.38432841592,457813.88629463146,8366.316447324267
4669,457814.6472355609,366429.5941394994,91385.05309606146,457814.6472355609,8366.316447324267
4670,457815.40817649034,290979.05561340135,166836.35256308896,457815.40817649034,8366.316447324267
4671,457816.1691174197,363001.17407544266,94814.99504197702,457816.1691174197,8366.316447324267
4672,457816.9300583491,242955.14906645071,214861.78099189838,457816.9300583491,8366.316447324267
4673,457817.69099927833,272473.73157027585,185343.9594290025,457817.69099927833,8366.316447324267
4674,457818.4519402079,345403.92774855916,112414.52419164877,457818.4519402079,8366.316447324267
4675,457819.21288113727,344332.4778274326,113486.73505370463,457819.21288113727,8366.316447324267
4676,457819.9738220667,277352.2740623021,180467.6997597646,457819.9738220667,8366.316447324267
4677,457820.7347629961,356742.73159848194,101078.00316451414,457820.7347629961,8366.316447324267
4678,457821.49570392544,401186.25682301744,56635.23888090799,457821.49570392544,8366.316447324267
4679,457822.25664485485,405204.1488612875,52618.10778356731,457822.25664485485,8366.316447324267
4680,457823.01758578426,454772.8330687593,3050.1845170249303,457823.01758578426,8366.316447324267
4681,457823.7785267137,457823.7785267137,0.0,457823.7785267137,8366.316447324267
4682,457824.5394676431,457824.5394676431,0.0,457824.5394676431,8366.316447324267
4683,457825.3004085725,457825.3004085725,0.0,457825.3004085725,8366.316447324267
4684,457826.06134950195,448546.7805305574,9279.280818944559,457826.06134950195,8366.316447324267
4685,457826.8222904313,441881.7773780047,15945.04491242662,457826.8222904313,8366.316447324267
4686,457827.58323136065,432731.07316261687,25096.510068743777,457827.58323136065,8366.316447324267
4687,457828.3441722902,441231.8929207733,16596.45125151686,457828.3441722902,8366.316447324267
4688,457829.10511321947,422683.8308540304,35145.27425918908,457829.10511321947,8366.316447324267
4689,457829.8660541489,411057.2305218321,46772.63553231678,457829.8660541489,8366.316447324267
4690,457830.62699507835,415703.03676476603,42127.59023031234,457830.62699507835,8366.316447324267
4691,457831.38793600764,416338.37882389914,41493.009112108506,457831.38793600764,8366.316447324267
4692,457832.1488769371,441541.6265270719,16290.52234986521,457832.1488769371,8366.316447324267
4693,457832.90981786646,246461.73488622755,211371.1749316389,457832.90981786646,8366.316447324267
4694,457833.6707587959,394411.21797046706,63422.45278832884,457833.6707587959,8366.316447324267
4695,457834.43169972533,218003.28889688445,239831.14280284088,457834.43169972533,8366.316447324267
4696,457835.19264065474,425986.1849246876,31849.007715967135,457835.19264065474,8366.316447324267
4697,457835.95358158415,399180.4113985896,58655.54218299451,457835.95358158415,8366.316447324267
4698,457836.7145225135,366095.66346587706,91741.05105663642,457836.7145225135,8366.316447324267
4699,457837.47546344297,294845.507307817,162991.96815562595,457837.47546344297,8366.316447324267
4700,457838.2364043724,300868.5115114255,156969.72489294692,457838.2364043724,8366.316447324267
4701,457838.99734530173,258836.23402006613,199002.7633252356,457838.99734530173,8366.316447324267
4702,457839.7582862312,233456.02745123618,224383.73083499502,457839.7582862312,8366.316447324267
4703,457840.5192271605,155927.37833742838,301913.1408897321,457840.5192271605,8366.316447324267
4704,457841.2801680899,130649.64738447766,327191.63278361224,457841.2801680899,8366.316447324267
4705,457842.0411090194,135046.66778521234,322795.3733238071,457842.0411090194,8366.316447324267
4706,457842.80204994866,167097.36625404033,290745.4357959083,457842.80204994866,8366.316447324267
4707,457843.5629908782,251702.14008011887,206141.4229107593,457843.5629908782,8366.316447324267
4708,457844.32393180754,194718.50623203052,263125.817699777,457844.32393180754,8366.316447324267
4709,457845.08487273694,235531.8649965362,222313.21987620075,457845.08487273694,8366.316447324267
4710,457845.84581366635,338674.01835680805,119171.82745685831,457845.84581366635,8366.316447324267
4711,457846.60675459576,407726.92695285345,50119.679801742284,457846.60675459576,8366.316447324267
4712,457847.3676955251,422548.119882938,35299.247812587135,457847.3676955251,8366.316447324267
4713,457848.1286364546,431604.85126452835,26243.277371926204,457848.1286364546,8366.316447324267
4714,457848.889577384,433042.2851718622,24806.60440552179,457848.889577384,8366.316447324267
4715,457849.6505183134,425910.8579506138,31938.792567699606,457849.6505183134,8366.316447324267
4716,457850.41145924275,430192.3009046876,27658.110554555144,457850.41145924275,8366.316447324267
4717,457851.17240017216,393302.5660993774,64548.606300794774,457851.17240017216,8366.316447324267
4718,457851.9333411016,378724.686147955,79127.24719314658,457851.9333411016,8366.316447324267
4719,457852.6942820309,402650.6691462159,55202.025135815,457852.6942820309,8366.316447324267
4720,457853.4552229603,375723.93168348505,82129.52353947525,457853.4552229603,8366.316447324267
4721,457854.21616388974,393548.1025607853,64306.11360310441,457854.21616388974,8366.316447324267
4722,457854.97710481915,382091.98159289535,75762.99551192377,457854.97710481915,8366.316447324267
4723,457855.73804574856,363333.54320024396,94522.19484550458,457855.73804574856,8366.316447324267
4724,457856.49898667797,84832.46075671283,373024.03822996514,457856.49898667797,8366.316447324267
4725,457857.2599276073,385401.6810264823,72455.578901125,457857.2599276073,8366.316447324267
4726,457858.02086853684,431821.0280229897,26036.99284554715,457858.02086853684,8366.316447324267
4727,457858.7818094662,377581.33147953264,80277.45032993355,457858.7818094662,8366.316447324267
4728,457859.5427503956,377141.78185257316,80717.76089782243,457859.5427503956,8366.316447324267
4729,457860.303691325,334494.2813363521,123366.02235497291,457860.303691325,8366.316447324267
4730,457861.0646322543,346087.0749943477,111773.98963790662,457861.0646322543,8366.316447324267
4731,457861.8255731838,389125.3543379025,68736.47123528132,457861.8255731838,8366.316447324267
4732,457862.58651411324,397884.43518117594,59978.1513329373,457862.58651411324,8366.316447324267
4733,457863.3474550425,426305.05002848135,31558.297426561112,457863.3474550425,8366.316447324267
4734,457864.108395972,425231.5484569876,32632.559938984417,457864.108395972,8366.316447324267
4735,457864.86933690135,457864.86933690135,0.0,457864.86933690135,8366.316447324267
4736,457865.6302778308,457865.6302778308,0.0,457865.6302778308,8366.316447324267
4737,457866.3912187602,457866.3912187602,0.0,457866.3912187602,8366.316447324267
4738,457867.1521596896,457867.1521596896,0.0,457867.1521596896,8366.316447324267
4739,457867.91310061904,457867.91310061904,0.0,457867.91310061904,8366.316447324267
4740,457868.6740415484,441087.64410175633,16781.02993979204,457868.6740415484,8366.316447324267
4741,457869.43498247786,398597.4659223194,59271.96906015847,457869.43498247786,8366.316447324267
4742,457870.1959234072,346664.42523302627,111205.77069038092,457870.1959234072,8366.316447324267
4743,457870.95686433656,457870.95686433656,0.0,457870.95686433656,8366.316447324267
4744,457871.7178052661,450245.670923689,7626.046881577113,457871.7178052661,8366.316447324267
4745,457872.4787461954,446531.97039237176,11340.508353823629,457872.4787461954,8366.316447324267
4746,457873.2396871248,453276.73181118246,4596.507875942358,457873.2396871248,8366.316447324267
4747,457874.00062805426,427164.9307791615,30709.069848892737,457874.00062805426,8366.316447324267
4748,457874.76156898355,405072.1992650445,52802.56230393906,457874.76156898355,8366.316447324267
4749,457875.5225099131,358597.5428431712,99277.97966674187,457875.5225099131,8366.316447324267
4750,457876.2834508425,298821.32037512655,159054.9630757159,457876.2834508425,8366.316447324267
4751,457877.0443917718,304406.7154982087,153470.32889356307,457877.0443917718,8366.316447324267
4752,457877.8053327013,232436.67835544122,225441.12697726008,457877.8053327013,8366.316447324267
4753,457878.56627363065,177106.17907048756,280772.3872031431,457878.56627363065,8366.316447324267
4754,457879.32721456006,75259.30255030224,382620.0246642578,457879.32721456006,8366.316447324267
4755,457880.0881554894,157005.5627680138,300874.5253874756,457880.0881554894,8366.316447324267
4756,457880.8490964188,247099.107658952,210781.74143746682,457880.8490964188,8366.316447324267
4757,457881.6100373483,297966.6237103047,159914.98632704362,457881.6100373483,8366.316447324267
4758,457882.37097827764,270812.19875458546,187070.1722236922,457882.37097827764,8366.316447324267
4759,457883.13191920705,315607.0482626158,142276.08365659125,457883.13191920705,8366.316447324267
4760,457883.89286013634,427603.2359711579,30280.65688897847,457883.89286013634,8366.316447324267
4761,457884.6538010658,402639.678682598,55244.97511846784,457884.6538010658,8366.316447324267
4762,457885.4147419954,306974.56698130956,150910.8477606858,457885.4147419954,8366.316447324267
4763,457886.1756829247,258224.94943769273,199661.22624523196,457886.1756829247,8366.316447324267
4764,457886.93662385404,199176.94203254834,258709.9945913057,457886.93662385404,8366.316447324267
4765,457887.6975647835,240558.0836364886,217329.61392829492,457887.6975647835,8366.316447324267
4766,457888.45850571286,158501.63344874495,299386.8250569679,457888.45850571286,8366.316447324267
4767,457889.2194466424,89823.82034060877,368065.3991060336,457889.2194466424,8366.316447324267
4768,457889.9803875717,147864.9075404164,310025.0728471553,457889.9803875717,8366.316447324267
4769,457890.741328501,57282.42996689293,400608.3113616081,457890.741328501,8366.316447324267
4770,457891.5022694305,2744.915822980751,455146.58644644974,457891.5022694305,8366.316447324267
4771,480000.0,0.0,480000.0,480000.0,8366.316447324267
4772,480000.0,0.0,480000.0,480000.0,8366.316447324267
4773,480000.0,0.0,480000.0,480000.0,8366.316447324267
4774,480000.0,0.0,480000.0,480000.0,8366.316447324267
4775,480000.0,0.0,480000.0,480000.0,8366.316447324267
4776,480000.0,0.0,480000.0,480000.0,8366.316447324267
4777,480000.0,0.0,480000.0,480000.0,8366.316447324267
4778,480000.0,0.0,480000.0,480000.0,8366.316447324267
4779,480000.0,0.0,480000.0,480000.0,8366.316447324267
4780,480000.0,0.0,480000.0,480000.0,8366.316447324267
4781,480000.0,0.0,480000.0,480000.0,8366.316447324267
4782,480000.0,0.0,480000.0,480000.0,8366.316447324267
4783,457901.39450151275,48697.50754628668,409203.8869552261,457901.39450151275,8366.316447324267
4784,457902.1554424421,173393.81571302417,284508.33972941793,457902.1554424421,8366.316447324267
4785,457902.91638337146,118584.55896091036,339318.3574224611,457902.91638337146,8366.316447324267
4786,457903.6773243009,75654.44513145002,382249.2321928509,457903.6773243009,8366.316447324267
4787,457904.4382652302,99186.40848723735,358718.02977799287,457904.4382652302,8366.316447324267
4788,457905.19920615974,120219.61378641933,337685.5854197404,457905.19920615974,8366.316447324267
4789,457905.96014708915,185762.4829878254,272143.47715926374,457905.96014708915,8366.316447324267
4790,457906.7210880185,181084.80370410054,276821.91738391796,457906.7210880185,8366.316447324267
4791,457907.48202894797,195311.14444917126,262596.3375797767,457907.48202894797,8366.316447324267
4792,457908.2429698774,260231.67093685493,197676.57203302244,457908.2429698774,8366.316447324267
4793,457909.00391080667,152238.7818299564,305670.2220808503,457909.00391080667,8366.316447324267
4794,457909.7648517362,63976.118336707994,393933.6465150282,457909.7648517362,8366.316447324267
4795,457910.5257926655,40869.90510317177,417040.6206894937,457910.5257926655,8366.316447324267
4796,457911.28673359496,16638.35555918212,441272.93117441284,457911.28673359496,8366.316447324267
4797,457912.0476745243,329815.1054467501,128096.94222777418,457912.0476745243,8366.316447324267
4798,457912.80861545366,263083.4319955057,194829.376619948,457912.80861545366,8366.316447324267
4799,457913.5695563831,126131.22285622288,331782.34670016024,457913.5695563831,8366.316447324267
4800,457914.3304973125,255463.98355688518,202450.3469404273,457914.3304973125,8366.316447324267
4801,457915.091438242,319743.0934770578,138171.99796118418,457915.091438242,8366.316447324267
4802,457915.8523791713,247741.44732254077,210174.40505663052,457915.8523791713,8366.316447324267
4803,457916.6133201007,320403.3545531266,137513.25876697406,457916.6133201007,8366.316447324267
4804,457917.3742610302,355518.76300288417,102398.61125814608,457917.3742610302,8366.316447324267
4805,457918.1352019595,401517.19484031777,56400.94036164176,457918.1352019595,8366.316447324267
4806,457918.89614288893,399976.58616272965,57942.309980159305,457918.89614288893,8366.316447324267
4807,457919.6570838184,416500.425077185,41419.232006633436,457919.6570838184,8366.316447324267
4808,457920.4180247477,457920.4180247477,0.0,457920.4180247477,8366.316447324267
4809,457921.1789656772,457921.1789656772,0.0,457921.1789656772,8366.316447324267
4810,457921.93990660657,457921.93990660657,0.0,457921.93990660657,8366.316447324267
4811,457922.7008475359,457922.7008475359,0.0,457922.7008475359,8366.316447324267
4812,457923.4617884653,457923.4617884653,0.0,457923.4617884653,8366.316447324267
4813,457924.2227293947,457924.2227293947,0.0,457924.2227293947,8366.316447324267
4814,457924.9836703242,457924.9836703242,0.0,457924.9836703242,8366.316447324267
4815,457925.74461125355,457925.74461125355,0.0,457925.74461125355,8366.316447324267
4816,457926.50555218296,457926.50555218296,0.0,457926.50555218296,8366.316447324267
4817,457927.2664931124,457927.2664931124,0.0,457927.2664931124,8366.316447324267
4818,457928.0274340418,448804.91728382336,9123.110150218397,457928.0274340418,8366.316447324267
4819,457928.78837497113,441709.0381164448,16219.750258526343,457928.78837497113,8366.316447324267
4820,457929.5493159006,432023.68630698,25905.86300892065,457929.5493159006,8366.316447324267
4821,457930.31025683,452680.5100152638,5249.800241566232,457930.31025683,8366.316447324267
4822,457931.0711977594,457931.0711977594,0.0,457931.0711977594,8366.316447324267
4823,457931.83213868877,357311.2729980689,100620.5591406199,457931.83213868877,8366.316447324267
4824,457932.5930796182,338140.894340326,119791.69873929216,457932.5930796182,8366.316447324267
4825,457933.3540205476,372448.05664511735,85485.29737543021,457933.3540205476,8366.316447324267
4826,457934.114961477,353977.267043466,103956.84791801099,457934.114961477,8366.316447324267
4827,457934.8759024064,436642.5512715753,21292.324630831063,457934.8759024064,8366.316447324267
4828,457935.63684333576,421882.7443832317,36052.89246010408,457935.63684333576,8366.316447324267
4829,457936.39778426517,401071.4875434149,56864.910240850244,457936.39778426517,8366.316447324267
4830,457937.15872519463,420140.9123882256,37796.24633696902,457937.15872519463,8366.316447324267
4831,457937.919666124,409599.93057246174,48337.989093662225,457937.919666124,8366.316447324267
4832,457938.68060705333,457938.68060705333,0.0,457938.68060705333,8366.316447324267
4833,457939.44154798286,457939.44154798286,0.0,457939.44154798286,8366.316447324267
4834,457940.2024889122,405081.66085234063,52858.541636571594,457940.2024889122,8366.316447324267
4835,457940.9634298416,425867.91582120373,32073.047608637884,457940.9634298416,8366.316447324267
4836,457941.72437077103,440408.07422961935,17533.650141151677,457941.72437077103,8366.316447324267
4837,457942.4853117003,427773.8019681259,30168.683343574423,457942.4853117003,8366.316447324267
4838,457943.24625262985,426737.06775712204,31206.1784955078,457943.24625262985,8366.316447324267
4839,457944.0071935592,422363.22997255716,35580.777221002034,457944.0071935592,8366.316447324267
4840,461767.72052432137,0.0,461767.72052432137,461767.72052432137,8366.316447324267
4841,457945.529075418,349019.01960759144,108926.50946782659,457945.529075418,8366.316447324267
4842,457946.29001634737,188320.76466370595,269625.5253526414,457946.29001634737,8366.316447324267
4843,457947.05095727684,30498.776277887635,427448.2746793892,457947.05095727684,8366.316447324267
4844,480000.0,0.0,480000.0,480000.0,8366.316447324267
4845,480000.0,0.0,480000.0,480000.0,8366.316447324267
4846,480000.0,0.0,480000.0,480000.0,8366.316447324267
4847,459781.23048211535,0.0,459781.23048211535,459781.23048211535,8366.316447324267
4848,457950.8556619239,206180.34929971228,251770.5063622116,457950.8556619239,8366.316447324267
4849,457951.61660285323,301293.6069485419,156658.00965431135,457951.61660285323,8366.316447324267
4850,457952.3775437826,304494.661585718,153457.7159580646,457952.3775437826,8366.316447324267
4851,457953.1384847121,353060.6620801863,104892.4764045258,457953.1384847121,8366.316447324267
4852,457953.8994256414,357754.2951439636,100199.6042816778,457953.8994256414,8366.316447324267
4853,457954.66036657075,317293.29322859505,140661.3671379757,457954.66036657075,8366.316447324267
4854,457955.4213075003,241883.86957705716,216071.5517304431,457955.4213075003,8366.316447324267
4855,457956.1822484296,290198.7385081792,167757.4437402504,457956.1822484296,8366.316447324267
4856,457956.9431893591,364454.14746615896,93502.79572320015,457956.9431893591,8366.316447324267
4857,457957.70413028845,440312.5318615161,17645.172268772305,457957.70413028845,8366.316447324267
4858,457958.4650712178,398412.3600483312,59546.10502288657,457958.4650712178,8366.316447324267
4859,457959.2260121473,351898.6769880219,106060.54902412546,457959.2260121473,8366.316447324267
4860,457959.9869530767,333200.2105549843,124759.77639809236,457959.9869530767,8366.316447324267
4861,457960.7478940061,388128.3284071241,69832.41948688199,457960.7478940061,8366.316447324267
4862,457961.5088349354,324302.4973259191,133659.0115090163,457961.5088349354,8366.316447324267
4863,457962.2697758649,284547.5209798635,173414.7487960014,457962.2697758649,8366.316447324267
4864,457963.03071679425,192711.360215421,265251.67050137324,457963.03071679425,8366.316447324267
4865,457963.79165772366,222983.95805134592,234979.83360637774,457963.79165772366,8366.316447324267
4866,457964.55259865307,258000.87887489868,199963.6737237544,457964.55259865307,8366.316447324267
4867,457965.3135395824,420333.291425738,37632.02211384439,457965.3135395824,8366.316447324267
4868,457966.07448051183,13793.124122128007,444172.9503583838,457966.07448051183,8366.316447324267
4869,457966.83542144136,388741.2455268012,69225.58989464011,457966.83542144136,8366.316447324267
4870,457967.59636237065,261824.41957684723,196143.17678552342,457967.59636237065,8366.316447324267
4871,457968.35730330006,257902.06007967942,200066.29722362064,457968.35730330006,8366.316447324267
4872,457969.1182442295,383701.35068686045,74267.7675573691,457969.1182442295,8366.316447324267
4873,457969.8791851589,254370.03933134658,203599.8398538123,457969.8791851589,8366.316447324267
4874,457970.6401260883,129135.01583360083,328835.62429248745,457970.6401260883,8366.316447324267
4875,457971.4010670177,12570.713423172652,445400.68764384504,457971.4010670177,8366.316447324267
4876,480000.0,0.0,480000.0,480000.0,8366.316447324267
4877,480000.0,0.0,480000.0,480000.0,8366.316447324267
4878,480000.0,0.0,480000.0,480000.0,8366.316447324267
4879,457974.4448307352,287613.77222941915,170360.67260131607,457974.4448307352,8366.316447324267
4880,457975.2057716647,215904.70012884514,242070.50564281954,457975.2057716647,8366.316447324267
4881,457975.9667125941,256394.2366822786,201581.7300303155,457975.9667125941,8366.316447324267
4882,457976.7276535235,266819.854132145,191156.8735213785,457976.7276535235,8366.316447324267
4883,457977.4885944529,242381.98593685025,215595.50265760266,457977.4885944529,8366.316447324267
4884,457978.24953538226,292688.2590207493,165289.99051463295,457978.24953538226,8366.316447324267
4885,457979.0104763117,346853.9318101224,111125.07866618935,457979.0104763117,8366.316447324267
4886,457979.77141724114,357151.00521378516,100828.76620345598,457979.77141724114,8366.316447324267
4887,457980.5323581706,345409.8019952032,112570.73036296741,457980.5323581706,8366.316447324267
4888,457981.2932990999,339117.7078931631,118863.58540593678,457981.2932990999,8366.316447324267
4889,457982.05424002925,300996.80486674746,156985.24937328178,457982.05424002925,8366.316447324267
4890,457982.8151809588,271223.1803565937,186759.6348243651,457982.8151809588,8366.316447324267
4891,457983.5761218881,314351.9339331867,143631.6421887014,457983.5761218881,8366.316447324267
4892,457984.3370628175,339537.31935823156,118447.0177045859,457984.3370628175,8366.316447324267
4893,457985.09800374694,266001.0423994049,191984.05560434205,457985.09800374694,8366.316447324267
4894,457985.85894467623,322324.598000685,135661.26094399122,457985.85894467623,8366.316447324267
4895,457986.61988560576,356673.1289732605,101313.49091234522,457986.61988560576,8366.316447324267
4896,457987.38082653517,323421.0068442719,134566.3739822633,457987.38082653517,8366.316447324267
4897,457988.14176746446,320571.2179781217,137416.92378934278,457988.14176746446,8366.316447324267
4898,457988.902708394,25017.117714563385,432971.7849938306,457988.902708394,8366.316447324267
4899,457989.66364932334,97720.28366214386,360269.3799871795,457989.66364932334,8366.316447324267
4900,457990.4245902527,272497.30681378674,185493.11777646598,457990.4245902527,8366.316447324267
4901,457991.18553118216,379281.7731913061,78709.41233987606,457991.18553118216,8366.316447324267
4902,457991.9464721115,393041.09996810445,64950.84650400708,457991.9464721115,8366.316447324267
4903,457992.707413041,457992.707413041,0.0,457992.707413041,8366.316447324267
4904,457993.4683539703,457993.4683539703,0.0,457993.4683539703,8366.316447324267
4905,457994.22929489973,457994.22929489973,0.0,457994.22929489973,8366.316447324267
4906,457994.99023582914,457994.99023582914,0.0,457994.99023582914,8366.316447324267
4907,457995.7511767585,457995.7511767585,0.0,457995.7511767585,8366.316447324267
4908,457996.512117688,457996.512117688,0.0,457996.512117688,8366.316447324267
4909,457997.2730586173,457997.2730586173,0.0,457997.2730586173,8366.316447324267
4910,457998.0339995468,457998.0339995468,0.0,457998.0339995468,8366.316447324267
4911,457998.7949404762,457998.7949404762,0.0,457998.7949404762,8366.316447324267
4912,457999.55588140554,457999.55588140554,0.0,457999.55588140554,8366.316447324267
4913,458000.31682233495,458000.31682233495,0.0,458000.31682233495,8366.316447324267
4914,458001.0777632644,458001.0777632644,0.0,458001.0777632644,8366.316447324267
4915,458001.8387041937,458001.8387041937,0.0,458001.8387041937,8366.316447324267
4916,458002.59964512323,458002.59964512323,0.0,458002.59964512323,8366.316447324267
4917,458003.3605860526,458003.3605860526,0.0,458003.3605860526,8366.316447324267
4918,458004.12152698194,458004.12152698194,0.0,458004.12152698194,8366.316447324267
4919,458004.88246791135,425169.1221038348,32835.76036407655,458004.88246791135,8366.316447324267
4920,458005.64340884076,374113.02347356395,83892.61993527682,458005.64340884076,8366.316447324267
4921,458006.4043497703,319434.5439550035,138571.86039476676,458006.4043497703,8366.316447324267
4922,458007.1652906996,316775.5152301928,141231.65006050677,458007.1652906996,8366.316447324267
4923,458007.926231629,316111.32875468716,141896.59747694182,458007.926231629,8366.316447324267
4924,458008.6871725584,263225.5434498829,194783.1437226755,458008.6871725584,8366.316447324267
4925,458009.4481134878,273778.655813433,184230.79230005477,458009.4481134878,8366.316447324267
4926,458010.2090544172,280964.5964166061,177045.61263781108,458010.2090544172,8366.316447324267
4927,458010.9699953466,324002.23339844757,134008.73659689905,458010.9699953466,8366.316447324267
4928,458011.73093627597,393644.9195814174,64366.811354858575,458011.73093627597,8366.316447324267
4929,458012.49187720544,381285.8632929822,76726.62858422325,458012.49187720544,8366.316447324267
4930,458013.2528181348,356968.10491534823,101045.14790278654,458013.2528181348,8366.316447324267
4931,458014.01375906414,351072.80574887764,106941.20801018651,458014.01375906414,8366.316447324267
4932,458014.7746999936,381943.5286297717,76071.24607022187,458014.7746999936,8366.316447324267
4933,458015.53564092296,354559.7941451232,103455.74149579971,458015.53564092296,8366.316447324267
4934,458016.2965818524,294779.0762687697,163237.22031308274,458016.2965818524,8366.316447324267
4935,458017.05752278183,155879.89461193822,302137.1629108436,458017.05752278183,8366.316447324267
4936,458017.8184637112,141631.45461926179,316386.3638444494,458017.8184637112,8366.316447324267
4937,458018.5794046406,108150.23220639303,349868.34719824756,458018.5794046406,8366.316447324267
4938,466873.35865270934,0.0,466873.35865270934,466873.35865270934,8366.316447324267
4939,474606.25332127034,0.0,474606.25332127034,474606.25332127034,8366.316447324267
4940,480000.0,0.0,480000.0,480000.0,8366.316447324267
4941,458021.62316835823,8174.126270397508,449847.4968979607,458021.62316835823,8366.316447324267
4942,458022.38410928764,364779.7449934911,93242.63911579654,458022.38410928764,8366.316447324267
4943,458023.14505021705,340390.9552889588,117632.18976125824,458023.14505021705,8366.316447324267
4944,458023.9059911464,121253.52543485916,336770.38055628724,458023.9059911464,8366.316447324267
4945,458024.66693207587,147402.24504617805,310622.4218858978,458024.66693207587,8366.316447324267
4946,458025.42787300516,31707.780059080105,426317.64781392505,458025.42787300516,8366.316447324267
4947,480000.0,0.0,480000.0,480000.0,8366.316447324267
4948,480000.0,0.0,480000.0,480000.0,8366.316447324267
4949,458027.7106957934,30538.371830174583,427489.3388656188,458027.7106957934,8366.316447324267
4950,458028.47163672285,110303.12318323145,347725.3484534914,458028.47163672285,8366.316447324267
4951,458029.2325776522,237094.00764352505,220935.22493412715,458029.2325776522,8366.316447324267
4952,458029.9935185816,359332.05398974585,98697.93952883575,458029.9935185816,8366.316447324267
4953,458030.75445951114,361285.43476708746,96745.31969242365,458030.75445951114,8366.316447324267
4954,458031.51540044043,333345.7376547466,124685.77774569379,458031.51540044043,8366.316447324267
4955,458032.2763413699,246691.31074741724,211340.96559395266,458032.2763413699,8366.316447324267
4956,458033.03728229925,217821.8681951569,240211.16908714236,458033.03728229925,8366.316447324267
4957,458033.7982232286,226969.64953497518,231064.14868825342,458033.7982232286,8366.316447324267
4958,458034.5591641581,57146.58299046318,400887.97617369494,458034.5591641581,8366.316447324267
4959,480000.0,0.0,480000.0,480000.0,8366.316447324267
4960,480000.0,0.0,480000.0,480000.0,8366.316447324267
4961,464144.4239942644,0.0,464144.4239942644,464144.4239942644,8366.316447324267
4962,480000.0,0.0,480000.0,480000.0,8366.316447324267
4963,464314.9250033772,0.0,464314.9250033772,464314.9250033772,8366.316447324267
4964,480000.0,0.0,480000.0,480000.0,8366.316447324267
4965,480000.0,0.0,480000.0,480000.0,8366.316447324267
4966,480000.0,0.0,480000.0,480000.0,8366.316447324267
4967,480000.0,0.0,480000.0,480000.0,8366.316447324267
4968,480000.0,0.0,480000.0,480000.0,8366.316447324267
4969,480000.0,0.0,480000.0,480000.0,8366.316447324267
4970,480000.0,0.0,480000.0,480000.0,8366.316447324267
4971,480000.0,0.0,480000.0,480000.0,8366.316447324267
4972,480000.0,0.0,480000.0,480000.0,8366.316447324267
4973,480000.0,0.0,480000.0,480000.0,8366.316447324267
4974,458046.7342190285,250316.03693274478,207730.6972862837,458046.7342190285,8366.316447324267
4975,458047.49515995785,417948.62515426223,40098.870005695615,458047.49515995785,8366.316447324267
4976,458048.2561008873,255235.19001386015,202813.06608702717,458048.2561008873,8366.316447324267
4977,458049.0170418167,268089.63378328097,189959.38325853576,458049.0170418167,8366.316447324267
4978,458049.7779827461,187187.46706801513,270862.31091473094,458049.7779827461,8366.316447324267
4979,458050.53892367554,130073.69482250448,327976.84410117107,458050.53892367554,8366.316447324267
4980,458051.29986460495,194725.48748597375,263325.8123786312,458051.29986460495,8366.316447324267
4981,458052.0608055343,304255.9502371956,153796.1105683387,458052.0608055343,8366.316447324267
4982,458052.8217464637,189725.8709508503,268326.9507956134,458052.8217464637,8366.316447324267
4983,458053.5826873931,211527.3443335018,246526.23835389133,458053.5826873931,8366.316447324267
4984,458054.34362832253,173483.37559928623,284570.9680290363,458054.34362832253,8366.316447324267
4985,458055.10456925194,76746.17016669357,381308.93440255837,458055.10456925194,8366.316447324267
4986,458055.8655101812,58369.916505523375,399685.9490046578,458055.8655101812,8366.316447324267
4987,458056.6264511107,136238.979937735,321817.6465133757,458056.6264511107,8366.316447324267
4988,458057.38739204005,166408.36904943793,291649.0183426021,458057.38739204005,8366.316447324267
4989,468279.18259669084,0.0,468279.18259669084,468279.18259669084,8366.316447324267
4990,458058.9092738989,55886.60950266989,402172.29977122904,458058.9092738989,8366.316447324267
4991,462143.2249580704,0.0,462143.2249580704,462143.2249580704,8366.316447324267
4992,480000.0,0.0,480000.0,480000.0,8366.316447324267
4993,460282.369987079,0.0,460282.369987079,460282.369987079,8366.316447324267
4994,458061.95303761656,39390.98325042543,418670.96978719113,458061.95303761656,8366.316447324267
4995,480000.0,0.0,480000.0,480000.0,8366.316447324267
4996,458063.47491947527,118178.2163274741,339885.25859200116,458063.47491947527,8366.316447324267
4997,458064.2358604048,224483.2128784839,233581.0229819209,458064.2358604048,8366.316447324267
4998,458064.9968013341,192465.00203892076,265599.9947624133,458064.9968013341,8366.316447324267
4999,458065.7577422635,286874.65609419986,171191.1016480636,458065.7577422635,8366.316447324267
5000,458066.51868319296,243042.417258717,215024.10142447596,458066.51868319296,8366.316447324267
5001,458067.2796241222,346868.43228972727,111198.84733439496,458067.2796241222,8366.316447324267
5002,458068.0405650518,380522.92045623047,77545.12010882133,458068.0405650518,8366.316447324267
5003,458068.80150598113,365177.33643802436,92891.46506795677,458068.80150598113,8366.316447324267
5004,458069.5624469105,378480.50882023736,79589.0536266731,458069.5624469105,8366.316447324267
5005,458070.32338784,350203.59597235726,107866.72741548276,458070.32338784,8366.316447324267
5006,458071.08432876936,334262.17596021463,123808.90836855474,458071.08432876936,8366.316447324267
5007,458071.8452696988,368122.24247504486,89949.60279465398,458071.8452696988,8366.316447324267
5008,458072.6062106281,337245.8963392038,120826.70987142429,458072.6062106281,8366.316447324267
5009,458073.3671515575,378285.37875314284,79787.9883984147,458073.3671515575,8366.316447324267
5010,458074.128092487,412842.20973051805,45231.91836196893,458074.128092487,8366.316447324267
5011,458074.88903341634,388176.2440969594,69898.64493645693,458074.88903341634,8366.316447324267
5012,458075.64997434575,335607.9858295457,122467.66414480004,458075.64997434575,8366.316447324267
5013,458076.4109152751,350452.8229316819,107623.58798359326,458076.4109152751,8366.316447324267
5014,458077.1718562045,417767.11641244957,40310.05544375495,458077.1718562045,8366.316447324267
5015,458077.93279713404,420888.64418402594,37189.28861310811,458077.93279713404,8366.316447324267
5016,458078.69373806333,399359.64699926815,58719.046738795194,458078.69373806333,8366.316447324267
5017,458079.45467899274,405299.89655189536,52779.55812709737,458079.45467899274,8366.316447324267
5018,458080.2156199222,424640.8840652769,33439.33155464532,458080.2156199222,8366.316447324267
5019,458080.97656085156,437092.5183377107,20988.45822314083,458080.97656085156,8366.316447324267
5020,458081.73750178097,417352.93028403085,40728.807217750145,458081.73750178097,8366.316447324267
5021,458082.4984427104,412307.1592623754,45775.339180334995,458082.4984427104,8366.316447324267
5022,458083.2593836397,434808.2164475303,23275.042936109436,458083.2593836397,8366.316447324267
5023,458084.0203245692,458084.0203245692,0.0,458084.0203245692,8366.316447324267
5024,458084.7812654986,458084.7812654986,0.0,458084.7812654986,8366.316447324267
5025,458085.54220642796,458085.54220642796,0.0,458085.54220642796,8366.316447324267
5026,458086.30314735736,458086.30314735736,0.0,458086.30314735736,8366.316447324267
5027,458087.0640882868,458087.0640882868,0.0,458087.0640882868,8366.316447324267
5028,458087.8250292162,458087.8250292162,0.0,458087.8250292162,8366.316447324267
5029,458088.5859701456,458088.5859701456,0.0,458088.5859701456,8366.316447324267
5030,458089.346911075,458089.346911075,0.0,458089.346911075,8366.316447324267
5031,458090.1078520044,458090.1078520044,0.0,458090.1078520044,8366.316447324267
5032,458090.8687929338,458090.8687929338,0.0,458090.8687929338,8366.316447324267
5033,458091.62973386317,458091.62973386317,0.0,458091.62973386317,8366.316447324267
5034,458092.39067479264,438048.1228832007,20044.267791591912,458092.39067479264,8366.316447324267
5035,458093.151615722,381855.6972605914,76237.45435513061,458093.151615722,8366.316447324267
5036,458093.91255665146,331628.88948277064,126465.02307388083,458093.91255665146,8366.316447324267
5037,458094.6734975808,289516.30874289584,168578.36475468497,458094.6734975808,8366.316447324267
5038,458095.43443851016,312666.81899192603,145428.61544658412,458095.43443851016,8366.316447324267
5039,458096.1953794396,345747.35244920634,112348.84293023327,458096.1953794396,8366.316447324267
5040,458096.956320369,350177.966539945,107918.989780424,458096.956320369,8366.316447324267
5041,458097.71726129844,304720.40500831214,153377.3122529863,458097.71726129844,8366.316447324267
5042,458098.47820222785,289345.0561728675,168753.42202936037,458098.47820222785,8366.316447324267
5043,458099.23914315715,199707.9105258571,258391.32861730005,458099.23914315715,8366.316447324267
5044,458100.00008408667,91704.77819053584,366395.2218935508,458100.00008408667,8366.316447324267
5045,458100.7610250161,82783.1731997031,375317.587825313,458100.7610250161,8366.316447324267
5046,458101.5219659454,151377.83624280174,306723.68572314363,458101.5219659454,8366.316447324267
5047,458102.2829068749,360108.77085862216,97993.51204825273,458102.2829068749,8366.316447324267
5048,458103.0438478042,414184.31826285913,43918.72558494508,458103.0438478042,8366.316447324267
5049,458103.80478873366,349930.3898579292,108173.41493080447,458103.80478873366,8366.316447324267
5050,458104.56572966307,370025.8868981149,88078.67883154814,458104.56572966307,8366.316447324267
5051,458105.3266705924,397139.8156093085,60965.511061283956,458105.3266705924,8366.316447324267
5052,458106.0876115218,392268.5743802577,65837.51323126412,458106.0876115218,8366.316447324267
5053,458106.8485524512,401438.4823783736,56668.36617407755,458106.8485524512,8366.316447324267
5054,458107.6094933807,394606.2309195217,63501.378573859,458107.6094933807,8366.316447324267
5055,458108.37043431,380044.1050421863,78064.2653921237,458108.37043431,8366.316447324267
5056,458109.1313752394,400888.0386707244,57221.09270451503,458109.1313752394,8366.316447324267
5057,458109.8923161689,409660.26309920446,48449.62921696442,458109.8923161689,8366.316447324267
5058,458110.6532570982,403749.3409389868,54361.31231811143,458110.6532570982,8366.316447324267
5059,458111.41419802763,378937.01678200375,79174.39741602389,458111.41419802763,8366.316447324267
5060,458112.17513895716,366098.8231500678,92013.35198888934,458112.17513895716,8366.316447324267
5061,458112.93607988645,360249.8249699619,97863.11110992455,458112.93607988645,8366.316447324267
5062,458113.6970208159,375262.35485021246,82851.34217060344,458113.6970208159,8366.316447324267
5063,458114.45796174527,408253.359124402,49861.09883734329,458114.45796174527,8366.316447324267
5064,458115.2189026746,437361.5988427303,20753.620059944362,458115.2189026746,8366.316447324267
5065,458115.9798436041,458115.9798436041,0.0,458115.9798436041,8366.316447324267
5066,458116.74078453344,458116.74078453344,0.0,458116.74078453344,8366.316447324267
5067,458117.5017254629,458117.5017254629,0.0,458117.5017254629,8366.316447324267
5068,458118.26266639226,458118.26266639226,0.0,458118.26266639226,8366.316447324267
5069,458119.02360732167,458119.02360732167,0.0,458119.02360732167,8366.316447324267
5070,458119.7845482511,435739.6315109657,22380.15303728536,458119.7845482511,8366.316447324267
5071,458120.5454891805,428036.92809246015,30083.617396720314,458120.5454891805,8366.316447324267
5072,458121.3064301099,458121.3064301099,0.0,458121.3064301099,8366.316447324267
5073,458122.0673710393,458122.0673710393,0.0,458122.0673710393,8366.316447324267
5074,458122.8283119687,458122.8283119687,0.0,458122.8283119687,8366.316447324267
5075,458123.5892528981,442571.92377324257,15551.665479655547,458123.5892528981,8366.316447324267
5076,458124.3501938275,396373.0909257175,61751.25926810999,458124.3501938275,8366.316447324267
5077,458125.1111347569,427507.8421007121,30617.269034044755,458125.1111347569,8366.316447324267
5078,458125.87207568635,407572.58234610566,50553.28972958067,458125.87207568635,8366.316447324267
5079,458126.63301661564,380010.89456260833,78115.73845400734,458126.63301661564,8366.316447324267
5080,458127.3939575451,378248.22296876035,79879.17098878474,458127.3939575451,8366.316447324267
5081,458128.1548984745,396902.197168602,61225.957729872505,458128.1548984745,8366.316447324267
5082,458128.91583940387,404620.9641822604,53507.95165714348,458128.91583940387,8366.316447324267
5083,458129.6767803333,360358.29237079236,97771.38440954091,458129.6767803333,8366.316447324267
5084,458130.4377212627,157419.67079422332,300710.76692703937,458130.4377212627,8366.316447324267
5085,458131.19866219204,159041.3317516722,299089.86691051984,458131.19866219204,8366.316447324267
5086,458131.95960312156,339167.4055287056,118964.55407441594,458131.95960312156,8366.316447324267
5087,458132.720544051,283074.26121290907,175058.4593311419,458132.720544051,8366.316447324267
5088,458133.4814849803,219369.64494233718,238763.83654264314,458133.4814849803,8366.316447324267
5089,458134.24242590973,294970.0545927797,163164.18783313004,458134.24242590973,8366.316447324267
5090,458135.0033668391,20244.278911502683,437890.7244553364,458135.0033668391,8366.316447324267
5091,458135.76430776855,18744.935372357315,439390.82893541123,458135.76430776855,8366.316447324267
5092,458136.52524869796,38946.645041662036,419189.8802070359,458136.52524869796,8366.316447324267
5093,458137.28618962725,47230.953805382946,410906.3323842443,458137.28618962725,8366.316447324267
5094,458138.0471305567,184280.7447350294,273857.3023955273,458138.0471305567,8366.316447324267
5095,458138.80807148607,250389.9935491089,207748.81452237716,458138.80807148607,8366.316447324267
5096,458139.5690124156,408660.64525926666,49478.92375314892,458139.5690124156,8366.316447324267
5097,458140.3299533449,391700.2767934044,66440.05315994045,458140.3299533449,8366.316447324267
5098,458141.0908942743,307550.9233218996,150590.1675723747,458141.0908942743,8366.316447324267
5099,458141.8518352038,241215.86154138992,216925.9902938139,458141.8518352038,8366.316447324267
5100,458142.6127761331,280916.7125519733,177225.90022415982,458142.6127761331,8366.316447324267
5101,458143.3737170626,296735.76729545114,161407.60642161145,458143.3737170626,8366.316447324267
5102,458144.13465799205,391357.27369553654,66786.86096245548,458144.13465799205,8366.316447324267
5103,458144.8955989213,413204.4059462401,44940.48965268116,458144.8955989213,8366.316447324267
5104,458145.6565398508,378683.20170964074,79462.45483021009,458145.6565398508,8366.316447324267
5105,458146.41748078016,441540.5506843293,16605.86679645086,458146.41748078016,8366.316447324267
5106,458147.17842170945,458147.17842170945,0.0,458147.17842170945,8366.316447324267
5107,458147.939362639,455673.47070004966,2474.468662589298,458147.939362639,8366.316447324267
5108,458148.70030356833,428901.4027820194,29247.29752154895,458148.70030356833,8366.316447324267
5109,458149.4612444978,343100.19033480657,115049.27090969121,458149.4612444978,8366.316447324267
5110,458150.2221854271,179860.41946500458,278289.8027204225,458150.2221854271,8366.316447324267
5111,458150.98312635656,126086.26648982527,332064.7166365313,458150.98312635656,8366.316447324267
5112,458151.744067286,384570.0197080389,73581.72435924712,458151.744067286,8366.316447324267
5113,458152.5050082154,340149.1060113397,118003.39899687568,458152.5050082154,8366.316447324267
5114,458153.26594914484,292001.83113818424,166151.4348109606,458153.26594914484,8366.316447324267
5115,458154.02689007414,53895.135868656216,404258.8910214179,458154.02689007414,8366.316447324267
5116,480000.0,0.0,480000.0,480000.0,8366.316447324267
5117,458155.54877193307,88883.43820544804,369272.11056648503,458155.54877193307,8366.316447324267
5118,458156.30971286236,183209.08890698088,274947.2208058815,458156.30971286236,8366.316447324267
5119,458157.0706537918,335904.57596055424,122252.49469323753,458157.0706537918,8366.316447324267
5120,458157.8315947212,458157.8315947212,0.0,458157.8315947212,8366.316447324267
5121,458158.59253565053,436619.6429444517,21538.949591198812,458158.59253565053,8366.316447324267
5122,458159.35347658006,440420.07582203334,17739.277654546702,458159.35347658006,8366.316447324267
5123,458160.1144175094,434445.5468806864,23714.567536822982,458160.1144175094,8366.316447324267
5124,458160.87535843876,458160.87535843876,0.0,458160.87535843876,8366.316447324267
5125,458161.6362993682,439237.85167922586,18923.78462014235,458161.6362993682,8366.316447324267
5126,458162.39724029764,433756.89073826297,24405.506502034645,458162.39724029764,8366.316447324267
5127,458163.1581812271,393620.54085513164,64542.61732609545,458163.1581812271,8366.316447324267
5128,458163.91912215645,362169.849759217,95994.06936293942,458163.91912215645,8366.316447324267
5129,458164.6800630858,427345.1401559758,30819.539907109975,458164.6800630858,8366.316447324267
5130,458165.4410040153,384116.99824971566,74048.44275429958,458165.4410040153,8366.316447324267
5131,458166.2019449446,238577.38406762108,219588.81787732354,458166.2019449446,8366.316447324267
5132,458166.962885874,107279.93948807486,350887.0233977991,458166.962885874,8366.316447324267
5133,458167.7238268034,396641.58028852503,61526.14353827837,458167.7238268034,8366.316447324267
5134,458168.4847677328,458168.4847677328,0.0,458168.4847677328,8366.316447324267
5135,458169.24570866226,458169.24570866226,0.0,458169.24570866226,8366.316447324267
5136,458170.0066495916,433415.53557968704,24754.47106990457,458170.0066495916,8366.316447324267
5137,458170.76759052096,390445.0106172373,67725.75697328364,458170.76759052096,8366.316447324267
5138,458171.5285314504,294359.62746131956,163811.90107013087,458171.5285314504,8366.316447324267
5139,458172.28947237984,251964.89247631337,206207.39699606647,458172.28947237984,8366.316447324267
5140,458173.0504133093,180481.5607683792,277691.4896449301,458173.0504133093,8366.316447324267
5141,458173.81135423866,246472.73108052564,211701.080273713,458173.81135423866,8366.316447324267
5142,458174.57229516795,254458.30130929797,203716.27098586998,458174.57229516795,8366.316447324267
5143,458175.3332360975,362422.73538256064,95752.59785353686,458175.3332360975,8366.316447324267
5144,458176.0941770269,458176.0941770269,0.0,458176.0941770269,8366.316447324267
5145,458176.8551179562,440919.0836145627,17257.771503393495,458176.8551179562,8366.316447324267
5146,458177.61605888564,423265.8740440949,34911.742014790754,458177.61605888564,8366.316447324267
5147,458178.376999815,426135.03548319795,32043.341516617053,458178.376999815,8366.316447324267
5148,458179.13794074446,413016.5629005585,45162.575040185926,458179.13794074446,8366.316447324267
5149,458179.8988816739,419971.4773479497,38208.42153372418,458179.8988816739,8366.316447324267
5150,458180.6598226032,392985.572635899,65195.08718670421,458180.6598226032,8366.316447324267
5151,458181.42076353263,423887.4426831256,34293.97808040699,458181.42076353263,8366.316447324267
5152,458182.18170446204,410667.5457685803,47514.63593588173,458182.18170446204,8366.316447324267
5153,458182.94264539145,386217.9869479231,71964.95569746834,458182.94264539145,8366.316447324267
5154,458183.703586321,342625.0458192845,115558.65776703643,458183.703586321,8366.316447324267
5155,458184.46452725027,327019.91012282926,131164.55440442098,458184.46452725027,8366.316447324267
5156,458185.22546817973,200908.776510192,257276.44895798774,458185.22546817973,8366.316447324267
5157,458185.986409109,218216.24219590836,239969.74421320067,458185.986409109,8366.316447324267
5158,458186.7473500385,269236.709957705,188950.03739233347,458186.7473500385,8366.316447324267
5159,458187.50829096785,368556.2478938186,89631.26039714924,458187.50829096785,8366.316447324267
5160,458188.2692318972,378832.101580417,79356.16765148018,458188.2692318972,8366.316447324267
5161,458189.0301728267,364918.44441303896,93270.58575978778,458189.0301728267,8366.316447324267
5162,458189.7911137561,376686.768861772,81503.02225198403,458189.7911137561,8366.316447324267
5163,458190.5520546854,302456.32705886895,155734.22499581648,458190.5520546854,8366.316447324267
5164,458191.3129956149,317992.80805533536,140198.50494027953,458191.3129956149,8366.316447324267
5165,458192.07393654424,324922.79258884117,133269.28134770307,458192.07393654424,8366.316447324267
5166,458192.83487747365,359906.2466862225,98286.58819125112,458192.83487747365,8366.316447324267
5167,458193.5958184031,376275.4353437654,81918.1604746377,458193.5958184031,8366.316447324267
5168,458194.3567593324,431948.65957971406,26245.697179618353,458194.3567593324,8366.316447324267
5169,458195.11770026194,448710.25463712384,9484.863063138111,458195.11770026194,8366.316447324267
5170,458195.8786411913,458195.8786411913,0.0,458195.8786411913,8366.316447324267
5171,458196.63958212064,458196.63958212064,0.0,458196.63958212064,8366.316447324267
5172,458197.40052305005,458197.40052305005,0.0,458197.40052305005,8366.316447324267
5173,458198.16146397946,458198.16146397946,0.0,458198.16146397946,8366.316447324267
5174,458198.9224049089,458198.9224049089,0.0,458198.9224049089,8366.316447324267
5175,458199.6833458383,458199.6833458383,0.0,458199.6833458383,8366.316447324267
5176,458200.4442867677,458200.4442867677,0.0,458200.4442867677,8366.316447324267
5177,458201.20522769704,458201.20522769704,0.0,458201.20522769704,8366.316447324267
5178,458201.9661686265,458201.9661686265,0.0,458201.9661686265,8366.316447324267
5179,458202.7271095559,436346.6341544364,21856.09295511948,458202.7271095559,8366.316447324267
5180,458203.4880504853,458203.4880504853,0.0,458203.4880504853,8366.316447324267
5181,458204.24899141473,458204.24899141473,0.0,458204.24899141473,8366.316447324267
5182,458205.00993234414,455541.8270604632,2663.182871880929,458205.00993234414,8366.316447324267
5183,458205.7708732735,414886.6350114752,43319.1358617983,458205.7708732735,8366.316447324267
5184,458206.5318142028,364102.4853689859,94104.0464452169,458206.5318142028,8366.316447324267
5185,458207.29275513237,196499.28910644323,261708.00364868913,458207.29275513237,8366.316447324267
5186,458208.05369606166,93719.9484386681,364488.10525739356,458208.05369606166,8366.316447324267
5187,458208.8146369911,152000.9814768394,306207.8331601517,458208.8146369911,8366.316447324267
5188,458209.57557792054,285943.3379595605,172266.23761836003,458209.57557792054,8366.316447324267
5189,458210.3365188498,443249.4518998642,14960.884618985636,458210.3365188498,8366.316447324267
5190,458211.09745977935,419256.40015694057,38954.69730283876,458211.09745977935,8366.316447324267
5191,458211.85840070876,323759.23215182294,134452.62624888582,458211.85840070876,8366.316447324267
5192,458212.61934163806,301293.65455321455,156918.96478842347,458212.61934163806,8366.316447324267
5193,480000.0,0.0,480000.0,480000.0,8366.316447324267
5194,477232.72318717185,0.0,477232.72318717185,477232.72318717185,8366.316447324267
5195,458214.90216442634,8353.939763590286,449860.96240083606,458214.90216442634,8366.316447324267
5196,458215.66310535575,156616.6312439592,301599.03186139656,458215.66310535575,8366.316447324267
5197,458216.4240462851,253557.85005755012,204658.57398873498,458216.4240462851,8366.316447324267
5198,458217.1849872145,333208.48342755646,125008.70155965807,458217.1849872145,8366.316447324267
5199,458217.9459281439,377807.0310526944,80410.91487544947,458217.9459281439,8366.316447324267
5200,458218.7068690733,335575.103389311,122643.60347976236,458218.7068690733,8366.316447324267
5201,458219.46781000274,348725.30860527896,109494.1592047238,458219.46781000274,8366.316447324267
5202,458220.2287509321,244860.43624816777,213359.79250276432,458220.2287509321,8366.316447324267
5203,458220.98969186156,109090.88894060819,349130.10075125337,458220.98969186156,8366.316447324267
5204,458221.7506327909,123054.08727683383,335167.6633559571,458221.7506327909,8366.316447324267
5205,458222.5115737203,181207.44409267954,277015.0674810408,458222.5115737203,8366.316447324267
5206,458223.27251464984,251759.371060586,206463.90145406383,458223.27251464984,8366.316447324267
5207,458224.0334555792,338716.5879019307,119507.44555364849,458224.0334555792,8366.316447324267
5208,458224.7943965086,378687.18625667295,79537.60813983566,458224.7943965086,8366.316447324267
5209,458225.55533743795,396172.6388813038,62052.91645613417,458225.55533743795,8366.316447324267
5210,458226.3162783673,381229.60839158925,76996.70788677802,458226.3162783673,8366.316447324267
5211,458227.0772192968,436146.16621452617,22080.911004770678,458227.0772192968,8366.316447324267
5212,458227.8381602262,458227.8381602262,0.0,458227.8381602262,8366.316447324267
5213,458228.5991011555,458228.5991011555,0.0,458228.5991011555,8366.316447324267
5214,458229.36004208494,458229.36004208494,0.0,458229.36004208494,8366.316447324267
5215,458230.12098301435,458230.12098301435,0.0,458230.12098301435,8366.316447324267
5216,458230.8819239438,458230.8819239438,0.0,458230.8819239438,8366.316447324267
5217,458231.64286487317,458231.64286487317,0.0,458231.64286487317,8366.316447324267
5218,458232.4038058026,458232.4038058026,0.0,458232.4038058026,8366.316447324267
5219,458233.164746732,458233.164746732,0.0,458233.164746732,8366.316447324267
5220,458233.9256876614,442833.84855842416,15400.077129237216,458233.9256876614,8366.316447324267
5221,458234.68662859086,439051.60631874844,19183.08030984244,458234.68662859086,8366.316447324267
5222,458235.44756952015,435032.9095737682,23202.537995751944,458235.44756952015,8366.316447324267
5223,458236.2085104495,423332.5537716341,34903.654738815414,458236.2085104495,8366.316447324267
5224,458236.96945137903,409840.8715878707,48396.09786350833,458236.96945137903,8366.316447324267
5225,458237.7303923084,385621.67764284357,72616.05274946483,458237.7303923084,8366.316447324267
5226,458238.49133323773,253474.38390869318,204764.10742454455,458238.49133323773,8366.316447324267
5227,458239.2522741672,316393.891719558,141845.36055460921,458239.2522741672,8366.316447324267
5228,458240.01321509655,333939.14649714355,124300.86671795303,458240.01321509655,8366.316447324267
5229,458240.774156026,135651.60422659165,322589.16992943437,458240.774156026,8366.316447324267
5230,480000.0,0.0,480000.0,480000.0,8366.316447324267
5231,473675.9975382019,0.0,473675.9975382019,473675.9975382019,8366.316447324267
5232,461010.98657487944,0.0,461010.98657487944,461010.98657487944,8366.316447324267
5233,480000.0,0.0,480000.0,480000.0,8366.316447324267
5234,462524.6913567934,0.0,462524.6913567934,462524.6913567934,8366.316447324267
5235,458245.3398016024,51077.18767102348,407168.15213057894,458245.3398016024,8366.316447324267
5236,458246.1007425318,191447.668997443,266798.43174508883,458246.1007425318,8366.316447324267
5237,458246.86168346123,268226.2567990103,190020.60488445088,458246.86168346123,8366.316447324267
5238,458247.62262439064,414262.561629823,43985.060994567626,458247.62262439064,8366.316447324267
5239,458248.38356532,406022.3278371948,52226.05572812522,458248.38356532,8366.316447324267
5240,458249.1445062494,430201.6528388801,28047.491667369308,458249.1445062494,8366.316447324267
5241,458249.9054471788,438784.1404307584,19465.76501642042,458249.9054471788,8366.316447324267
5242,458250.6663881083,435188.1010729149,23062.565315193362,458250.6663881083,8366.316447324267
5243,458251.42732903763,396903.3924649561,61348.03486408156,458251.42732903763,8366.316447324267
5244,458252.188269967,374308.88527532254,83943.30299464446,458252.188269967,8366.316447324267
5245,458252.9492108965,321510.92164494755,136742.02756594896,458252.9492108965,8366.316447324267
5246,458253.71015182586,321648.218197527,136605.49195429886,458253.71015182586,8366.316447324267
5247,458254.4710927553,346931.89610779565,111322.5749849597,458254.4710927553,8366.316447324267
5248,458255.2320336847,261322.2517622661,196932.98027141858,458255.2320336847,8366.316447324267
5249,458255.992974614,285063.3432382487,173192.64973636527,458255.992974614,8366.316447324267
5250,458256.75391554355,371571.3187540743,86685.43516146924,458256.75391554355,8366.316447324267
5251,458257.51485647284,326094.8659491334,132162.64890733946,458257.51485647284,8366.316447324267
5252,458258.2757974022,197668.76189327834,260589.51390412386,458258.2757974022,8366.316447324267
5253,458259.03673833166,257440.8543388796,200818.18239945205,458259.03673833166,8366.316447324267
5254,458259.7976792611,266829.90021438804,191429.897464873,458259.7976792611,8366.316447324267
5255,458260.5586201905,349009.8288527318,109250.7297674587,458260.5586201905,8366.316447324267
5256,458261.31956111983,302779.4675542903,155481.85200682952,458261.31956111983,8366.316447324267
5257,458262.0805020492,311347.02133874653,146915.05916330265,458262.0805020492,8366.316447324267
5258,458262.8414429787,259240.4742072688,199022.3672357099,458262.8414429787,8366.316447324267
5259,458263.602383908,305766.89282477845,152496.70955912958,458263.602383908,8366.316447324267
5260,458264.3633248376,357515.1161699403,100749.2471548973,458264.3633248376,8366.316447324267
5261,458265.1242657668,370348.80559189385,87916.318673873,458265.1242657668,8366.316447324267
5262,458265.8852066962,389662.8427126286,68603.04249406765,458265.8852066962,8366.316447324267
5263,458266.64614762575,385674.72727443173,72591.91887319404,458266.64614762575,8366.316447324267
5264,458267.40708855505,443411.25679431355,14856.1502942415,458267.40708855505,8366.316447324267
5265,458268.16802948446,458268.16802948446,0.0,458268.16802948446,8366.316447324267
5266,458268.92897041386,458268.92897041386,0.0,458268.92897041386,8366.316447324267
5267,458269.6899113432,443171.3728985634,15098.317012779822,458269.6899113432,8366.316447324267
5268,458270.45085227274,458270.45085227274,0.0,458270.45085227274,8366.316447324267
5269,458271.2117932021,458271.2117932021,0.0,458271.2117932021,8366.316447324267
5270,458271.97273413144,458271.97273413144,0.0,458271.97273413144,8366.316447324267
5271,458272.7336750609,458272.7336750609,0.0,458272.7336750609,8366.316447324267
5272,458273.4946159903,445780.0908128065,12493.403803183786,458273.4946159903,8366.316447324267
5273,458274.25555691967,458274.25555691967,0.0,458274.25555691967,8366.316447324267
5274,458275.01649784914,458275.01649784914,0.0,458275.01649784914,8366.316447324267
5275,458275.7774387785,441567.752836791,16708.02460198752,458275.7774387785,8366.316447324267
5276,458276.5383797079,442152.35984642163,16124.178533286287,458276.5383797079,8366.316447324267
5277,458277.2993206373,458277.2993206373,0.0,458277.2993206373,8366.316447324267
5278,458278.0602615667,402192.187472519,56085.87278904771,458278.0602615667,8366.316447324267
5279,458278.82120249607,401444.7928709908,56834.028331505244,458278.82120249607,8366.316447324267
5280,458279.5821434255,402591.0674641283,55688.51467929719,458279.5821434255,8366.316447324267
5281,458280.34308435494,397784.18539437506,60496.157689979904,458280.34308435494,8366.316447324267
5282,458281.1040252843,308842.8757177463,149438.228307538,458281.1040252843,8366.316447324267
5283,458281.8649662137,341970.2839266866,116311.58103952707,458281.8649662137,8366.316447324267
5284,458282.6259071431,374285.25021096534,83997.37569617777,458282.6259071431,8366.316447324267
5285,458283.3868480725,378586.08636880264,79697.30047926986,458283.3868480725,8366.316447324267
5286,458284.1477890019,399187.2092737389,59096.938515262984,458284.1477890019,8366.316447324267
5287,458284.9087299314,424947.7380106253,33337.17071930609,458284.9087299314,8366.316447324267
5288,458285.6696708607,447008.8630516572,11276.806619203453,458285.6696708607,8366.316447324267
5289,458286.43061179016,450851.1486613873,7435.281950402807,458286.43061179016,8366.316447324267
5290,458287.19155271957,430715.9919482038,27571.19960451576,458287.19155271957,8366.316447324267
5291,458287.95249364886,412035.9326463749,46252.01984727397,458287.95249364886,8366.316447324267
5292,458288.7134345783,388677.559193453,69611.15424112533,458288.7134345783,8366.316447324267
5293,458289.47437550774,312342.825487376,145946.64888813172,458289.47437550774,8366.316447324267
5294,458290.23531643715,335910.4322086339,122379.8031078032,458290.23531643715,8366.316447324267
5295,458290.99625736655,342838.36586539634,115452.6303919702,458290.99625736655,8366.316447324267
5296,458291.7571982959,304208.09974694415,154083.65745135173,458291.7571982959,8366.316447324267
5297,458292.5181392253,329889.0865828717,128403.43155635362,458292.5181392253,8366.316447324267
5298,458293.2790801547,289911.9541986532,168381.3248815015,458293.2790801547,8366.316447324267
5299,477869.25232822326,0.0,477869.25232822326,477869.25232822326,8366.316447324267
5300,458294.8009620136,72600.14140440687,385694.65955760673,458294.8009620136,8366.316447324267
5301,476055.58539513004,0.0,476055.58539513004,476055.58539513004,8366.316447324267
5302,458296.3228438724,52119.13867448573,406177.1841693867,458296.3228438724,8366.316447324267
5303,458297.08378480177,166630.95557216933,291666.12821263244,458297.08378480177,8366.316447324267
5304,458297.8447257311,227892.11412515008,230405.73060058104,458297.8447257311,8366.316447324267
5305,458298.60566666065,313467.9290306285,144830.67663603212,458298.60566666065,8366.316447324267
5306,458299.3666075899,244845.79002477825,213453.57658281163,458299.3666075899,8366.316447324267
5307,458300.1275485194,237730.65163947045,220569.47590904895,458300.1275485194,8366.316447324267
5308,458300.8884894488,296854.14723058656,161446.74125886225,458300.8884894488,8366.316447324267
5309,458301.6494303781,304847.8935151491,153453.75591522903,458301.6494303781,8366.316447324267
5310,458302.4103713076,284251.69673999853,174050.71363130905,458302.4103713076,8366.316447324267
5311,458303.1713122369,328346.3923681597,129956.77894407723,458303.1713122369,8366.316447324267
5312,458303.93225316633,418593.15181979595,39710.78043337038,458303.93225316633,8366.316447324267
5313,458304.69319409586,404162.02856442425,54142.66462967161,458304.69319409586,8366.316447324267
5314,458305.4541350252,396350.0114350694,61955.44269995585,458305.4541350252,8366.316447324267
5315,458306.2150759546,375120.5750338902,83185.6400420644,458306.2150759546,8366.316447324267
5316,458306.976016884,420440.716717838,37866.25929904593,458306.976016884,8366.316447324267
5317,458307.7369578134,438000.0955848755,20307.641372937895,458307.7369578134,8366.316447324267
5318,458308.49789874285,383681.4883130406,74627.00958570225,458308.49789874285,8366.316447324267
5319,458309.25883967214,387003.0848165266,71306.1740231455,458309.25883967214,8366.316447324267
5320,458310.01978060167,423046.8173910506,35263.202389551094,458310.01978060167,8366.316447324267
5321,458310.78072153096,383683.7711358287,74627.00958570225,458310.78072153096,8366.316447324267
5322,458311.54166246037,405219.2251906785,53092.31647178189,458311.54166246037,8366.316447324267
5323,458312.3026033898,430095.44036360027,28216.862239789487,458312.3026033898,8366.316447324267
5324,458313.0635443191,451479.8916295783,6833.171914740814,458313.0635443191,8366.316447324267
5325,458313.8244852486,450223.5503690981,8090.274116150531,458313.8244852486,8366.316447324267
5326,458314.58542617806,458314.58542617806,0.0,458314.58542617806,8366.316447324267
5327,458315.3463671074,458315.3463671074,0.0,458315.3463671074,8366.316447324267
5328,458316.1073080368,458316.1073080368,0.0,458316.1073080368,8366.316447324267
5329,458316.8682489662,420499.2724779749,37817.59577099132,458316.8682489662,8366.316447324267
5330,458317.6291898956,391586.73362253915,66730.89556735643,458317.6291898956,8366.316447324267
5331,458318.39013082505,359101.8852465193,99216.50488430577,458318.39013082505,8366.316447324267
5332,458319.1510717544,255310.6197728978,203008.5312988566,458319.1510717544,8366.316447324267
5333,458319.9120126837,226967.23563326686,231352.67637941684,458319.9120126837,8366.316447324267
5334,458320.6729536132,440036.59432071255,18284.078632900666,458320.6729536132,8366.316447324267
5335,458321.43389454257,447908.08445638156,10413.349438160993,458321.43389454257,8366.316447324267
5336,458322.19483547204,442351.4060132549,15970.78882221716,458322.19483547204,8366.316447324267
5337,458322.9557764014,440607.7833397752,17715.172436626137,458322.9557764014,8366.316447324267
5338,458323.71671733074,444663.25260182173,13660.464115509012,458323.71671733074,8366.316447324267
5339,458324.47765826026,458324.47765826026,0.0,458324.47765826026,8366.316447324267
5340,458325.2385991897,389939.3394101735,68385.89918901621,458325.2385991897,8366.316447324267
5341,458325.999540119,434708.2039951294,23617.79554498962,458325.999540119,8366.316447324267
5342,458326.76048104843,458326.76048104843,0.0,458326.76048104843,8366.316447324267
5343,458327.5214219778,458327.5214219778,0.0,458327.5214219778,8366.316447324267
5344,458328.28236290725,458328.28236290725,0.0,458328.28236290725,8366.316447324267
5345,458329.0433038367,433821.6959585025,24507.347345334216,458329.0433038367,8366.316447324267
5346,458329.80424476595,458329.80424476595,0.0,458329.80424476595,8366.316447324267
5347,458330.5651856954,441404.05453372357,16926.51065197183,458330.5651856954,8366.316447324267
5348,458331.3261266247,384761.93373092404,73569.3923957007,458331.3261266247,8366.316447324267
5349,458332.0870675543,424620.2737265748,33711.813340979505,458332.0870675543,8366.316447324267
5350,458332.8480084836,374507.51717472984,83825.33083375376,458332.8480084836,8366.316447324267
5351,458333.608949413,347280.7443197,111052.86462971302,458333.608949413,8366.316447324267
5352,458334.36989034247,458334.36989034247,0.0,458334.36989034247,8366.316447324267
5353,458335.1308312718,431661.27426161803,26673.856569653784,458335.1308312718,8366.316447324267
5354,458335.8917722013,412268.46964245196,46067.42212974929,458335.8917722013,8366.316447324267
5355,458336.6527131307,282182.02503467724,176154.6276784535,458336.6527131307,8366.316447324267
5356,458337.41365406,338214.32072522433,120123.09292883567,458337.41365406,8366.316447324267
5357,458338.1745949895,369096.024929289,89242.14966570052,458338.1745949895,8366.316447324267
5358,458338.93553591886,390066.01362304646,68272.9219128724,458338.93553591886,8366.316447324267
5359,458339.6964768482,414002.99453450285,44336.70194234536,458339.6964768482,8366.316447324267
5360,458340.4574177777,397425.88074430946,60914.57667346824,458340.4574177777,8366.316447324267
5361,458341.21835870703,411388.0446957147,46953.173662992325,458341.21835870703,8366.316447324267
5362,458341.9792996365,397397.61099554034,60944.368304096184,458341.9792996365,8366.316447324267
5363,458342.74024056585,360738.84750927705,97603.8927312888,458342.74024056585,8366.316447324267
5364,458343.50118149526,404400.7694614162,53942.7317200791,458343.50118149526,8366.316447324267
5365,458344.26212242467,418233.1053382845,40111.15678414018,458344.26212242467,8366.316447324267
5366,458345.0230633541,368686.47158379375,89658.5514795603,458345.0230633541,8366.316447324267
5367,458345.7840042836,362667.2705507983,95678.51345348533,458345.7840042836,8366.316447324267
5368,458346.5449452128,298253.22669399274,160093.31825122007,458346.5449452128,8366.316447324267
5369,458347.3058861422,299752.0398446574,158595.2660414848,458347.3058861422,8366.316447324267
5370,458348.0668270718,201178.47936735928,257169.5874597125,458348.0668270718,8366.316447324267
5371,458348.82776800107,15073.776030056644,443275.0517379444,458348.82776800107,8366.316447324267
5372,480000.0,0.0,480000.0,480000.0,8366.316447324267
5373,480000.0,0.0,480000.0,480000.0,8366.316447324267
5374,458351.11059078923,8300.655318027537,450050.4552727617,458351.11059078923,8366.316447324267
5375,474200.88827131613,0.0,474200.88827131613,474200.88827131613,8366.316447324267
5376,458352.6324726481,45907.81771453016,412444.81475811795,458352.6324726481,8366.316447324267
5377,480000.0,0.0,480000.0,480000.0,8366.316447324267
5378,480000.0,0.0,480000.0,480000.0,8366.316447324267
5379,480000.0,0.0,480000.0,480000.0,8366.316447324267
5380,458355.6762363658,15557.699916587444,442797.97631977836,458355.6762363658,8366.316447324267
5381,458356.4371772951,92904.54001352825,365451.89716376684,458356.4371772951,8366.316447324267
5382,458357.1981182245,199911.70105398583,258445.49706423868,458357.1981182245,8366.316447324267
5383,458357.9590591539,185759.91217630927,272598.04688284465,458357.9590591539,8366.316447324267
5384,458358.7200000833,346743.7062061003,111615.01379398303,458358.7200000833,8366.316447324267
5385,458359.4809410126,375422.8934274656,82936.58751354707,458359.4809410126,8366.316447324267
5386,458360.2418819421,371216.3681239462,87143.87375799588,458360.2418819421,8366.316447324267
5387,458361.0028228715,374396.6874294071,83964.31539346439,458361.0028228715,8366.316447324267
5388,458361.76376380096,381431.4379589342,76930.32580486673,458361.76376380096,8366.316447324267
5389,458362.5247047303,390141.34844084375,68221.17626388655,458362.5247047303,8366.316447324267
5390,458363.28564565966,416388.34003521857,41974.94561044109,458363.28564565966,8366.316447324267
5391,458364.04658658913,434659.77518954314,23704.271397046003,458364.04658658913,8366.316447324267
5392,458364.80752751854,429463.9587421152,28900.848785403356,458364.80752751854,8366.316447324267
5393,458365.5684684479,430786.9992937679,27578.569174680004,458365.5684684479,8366.316447324267
5394,458366.3294093774,429597.7085850464,28768.62082433102,458366.3294093774,8366.316447324267
5395,458367.09035030665,448697.9844919157,9669.105858390958,458367.09035030665,8366.316447324267
5396,458367.8512912362,444543.18920239067,13824.662088845482,458367.8512912362,8366.316447324267
5397,458368.6122321656,422422.53318959154,35946.07904257404,458368.6122321656,8366.316447324267
5398,458369.3731730949,443480.5064860653,14888.866687029573,458369.3731730949,8366.316447324267
5399,458370.13411402435,458370.13411402435,0.0,458370.13411402435,8366.316447324267
5400,458370.8950549537,458370.8950549537,0.0,458370.8950549537,8366.316447324267
5401,458371.65599588316,458371.65599588316,0.0,458371.65599588316,8366.316447324267
5402,458372.4169368126,430963.7222439488,27408.694692863806,458372.4169368126,8366.316447324267
5403,458373.1778777419,426374.4182476148,31998.759630127108,458373.1778777419,8366.316447324267
5404,458373.93881867133,458373.93881867133,0.0,458373.93881867133,8366.316447324267
5405,458374.69975960074,458374.69975960074,0.0,458374.69975960074,8366.316447324267
5406,458375.46070053015,458375.46070053015,0.0,458375.46070053015,8366.316447324267
5407,458376.2216414596,458376.2216414596,0.0,458376.2216414596,8366.316447324267
5408,458376.9825823889,458376.9825823889,0.0,458376.9825823889,8366.316447324267
5409,458377.74352331844,458377.74352331844,0.0,458377.74352331844,8366.316447324267
5410,458378.50446424773,458378.50446424773,0.0,458378.50446424773,8366.316447324267
5411,458379.26540517714,458379.26540517714,0.0,458379.26540517714,8366.316447324267
5412,458380.0263461066,400249.9522283619,58130.074117744705,458380.0263461066,8366.316447324267
5413,458380.7872870359,458380.7872870359,0.0,458380.7872870359,8366.316447324267
5414,458381.5482279654,451689.1615853347,6692.386642630758,458381.5482279654,8366.316447324267
5415,458382.3091688948,458382.3091688948,0.0,458382.3091688948,8366.316447324267
5416,458383.0701098241,458383.0701098241,0.0,458383.0701098241,8366.316447324267
5417,458383.8310507536,458383.8310507536,0.0,458383.8310507536,8366.316447324267
5418,458384.591991683,458384.591991683,0.0,458384.591991683,8366.316447324267
5419,458385.35293261235,458385.35293261235,0.0,458385.35293261235,8366.316447324267
5420,458386.1138735418,458386.1138735418,0.0,458386.1138735418,8366.316447324267
5421,458386.87481447123,458386.87481447123,0.0,458386.87481447123,8366.316447324267
5422,458387.63575540064,458387.63575540064,0.0,458387.63575540064,8366.316447324267
5423,458388.39669633,458388.39669633,0.0,458388.39669633,8366.316447324267
5424,458389.1576372594,438841.3064037896,19547.851233469773,458389.1576372594,8366.316447324267
5425,458389.9185781888,428732.19432046404,29657.72425772475,458389.9185781888,8366.316447324267
5426,458390.67951911816,414534.29490900063,43856.384610117515,458390.67951911816,8366.316447324267
5427,458391.4404600477,421591.82107398746,36799.61938606021,458391.4404600477,8366.316447324267
5428,458392.201400977,410042.50065213384,48349.70074884313,458392.201400977,8366.316447324267
5429,458392.9623419064,403072.88511297986,55320.077228926544,458392.9623419064,8366.316447324267
5430,458393.7232828358,411946.85482259945,46446.86846023632,458393.7232828358,8366.316447324267
5431,458394.4842237652,410530.77758287644,47863.706640888755,458394.4842237652,8366.316447324267
5432,458395.2451646946,458395.2451646946,0.0,458395.2451646946,8366.316447324267
5433,458396.0061056241,458396.0061056241,0.0,458396.0061056241,8366.316447324267
5434,458396.76704655343,458396.76704655343,0.0,458396.76704655343,8366.316447324267
5435,458397.52798748284,458397.52798748284,0.0,458397.52798748284,8366.316447324267
5436,458398.28892841225,458398.28892841225,0.0,458398.28892841225,8366.316447324267
5437,458399.0498693416,458399.0498693416,0.0,458399.0498693416,8366.316447324267
5438,458399.81081027107,458399.81081027107,0.0,458399.81081027107,8366.316447324267
5439,458400.5717512004,458400.5717512004,0.0,458400.5717512004,8366.316447324267
5440,458401.3326921298,458401.3326921298,0.0,458401.3326921298,8366.316447324267
5441,458402.09363305924,458402.09363305924,0.0,458402.09363305924,8366.316447324267
5442,458402.85457398865,458402.85457398865,0.0,458402.85457398865,8366.316447324267
5443,458403.615514918,458403.615514918,0.0,458403.615514918,8366.316447324267
5444,458404.3764558474,458404.3764558474,0.0,458404.3764558474,8366.316447324267
5445,458405.1373967768,458405.1373967768,0.0,458405.1373967768,8366.316447324267
5446,458405.8983377063,458405.8983377063,0.0,458405.8983377063,8366.316447324267
5447,458406.6592786357,458406.6592786357,0.0,458406.6592786357,8366.316447324267
5448,458407.4202195651,458407.4202195651,0.0,458407.4202195651,8366.316447324267
5449,458408.18116049445,458408.18116049445,0.0,458408.18116049445,8366.316447324267
5450,458408.9421014238,458408.9421014238,0.0,458408.9421014238,8366.316447324267
5451,458409.7030423533,458409.7030423533,0.0,458409.7030423533,8366.316447324267
5452,458410.4639832826,458410.4639832826,0.0,458410.4639832826,8366.316447324267
5453,458411.224924212,445526.4010003764,12884.823923835604,458411.224924212,8366.316447324267
5454,458411.9858651415,426049.1615294627,32362.824335678797,458411.9858651415,8366.316447324267
5455,458412.7468060708,400437.7330545017,57975.01375156911,458412.7468060708,8366.316447324267
5456,458413.5077470003,445007.5117016326,13405.996045367736,458413.5077470003,8366.316447324267
5457,458414.2686879296,458414.2686879296,0.0,458414.2686879296,8366.316447324267
5458,458415.029628859,458415.029628859,0.0,458415.029628859,8366.316447324267
5459,458415.79056978854,458415.79056978854,0.0,458415.79056978854,8366.316447324267
5460,458416.5515107179,458416.5515107179,0.0,458416.5515107179,8366.316447324267
5461,458417.3124516473,458417.3124516473,0.0,458417.3124516473,8366.316447324267
5462,458418.07339257665,458418.07339257665,0.0,458418.07339257665,8366.316447324267
5463,458418.83433350606,458418.83433350606,0.0,458418.83433350606,8366.316447324267
5464,458419.59527443553,458419.59527443553,0.0,458419.59527443553,8366.316447324267
5465,458420.3562153649,425615.0174972713,32805.338718093604,458420.3562153649,8366.316447324267
5466,458421.11715629423,458421.11715629423,0.0,458421.11715629423,8366.316447324267
5467,458421.87809722364,458421.87809722364,0.0,458421.87809722364,8366.316447324267
5468,458422.63903815305,458422.63903815305,0.0,458422.63903815305,8366.316447324267
5469,458423.3999790826,458423.3999790826,0.0,458423.3999790826,8366.316447324267
5470,458424.1609200118,458424.1609200118,0.0,458424.1609200118,8366.316447324267
5471,458424.9218609412,458424.9218609412,0.0,458424.9218609412,8366.316447324267
5472,458425.68280187075,458425.68280187075,0.0,458425.68280187075,8366.316447324267
5473,458426.4437428001,458426.4437428001,0.0,458426.4437428001,8366.316447324267
5474,458427.20468372956,438547.61382487364,19879.590858855914,458427.20468372956,8366.316447324267
5475,458427.9656246589,442483.9884170036,15943.9772076553,458427.9656246589,8366.316447324267
5476,458428.72656558827,458428.72656558827,0.0,458428.72656558827,8366.316447324267
5477,458429.48750651773,458429.48750651773,0.0,458429.48750651773,8366.316447324267
5478,458430.24844744714,458430.24844744714,0.0,458430.24844744714,8366.316447324267
5479,458431.0093883765,441464.22889778775,16966.780490588717,458431.0093883765,8366.316447324267
5480,458431.7703293059,458431.7703293059,0.0,458431.7703293059,8366.316447324267
5481,458432.5312702353,458432.5312702353,0.0,458432.5312702353,8366.316447324267
5482,458433.2922111647,458433.2922111647,0.0,458433.2922111647,8366.316447324267
5483,458434.05315209413,442399.97580201057,16034.077350083564,458434.05315209413,8366.316447324267
5484,458434.8140930234,439480.0899432709,18954.724149752554,458434.8140930234,8366.316447324267
5485,458435.57503395295,442975.77554580284,15459.799488150127,458435.57503395295,8366.316447324267
5486,458436.33597488236,437934.21857368416,20502.11740119818,458436.33597488236,8366.316447324267
5487,458437.09691581177,426935.4686867743,31501.628229037437,458437.09691581177,8366.316447324267
5488,458437.8578567411,429931.75791387376,28506.099942867346,458437.8578567411,8366.316447324267
5489,458438.6187976705,414293.25840954133,44145.36038812919,458438.6187976705,8366.316447324267
5490,458439.3797386,422120.68488021055,36318.69485838945,458439.3797386,8366.316447324267
5491,458440.14067952934,413516.3341796277,44923.80649990161,458440.14067952934,8366.316447324267
5492,458440.9016204587,412826.3237104627,45614.57790999596,458440.9016204587,8366.316447324267
5493,458441.66256138816,394307.54398997617,64134.11857141201,458441.66256138816,8366.316447324267
5494,458442.4235023175,384902.5380425586,73539.88545975892,458442.4235023175,8366.316447324267
5495,458443.184443247,407266.9909994927,51176.19344375429,458443.184443247,8366.316447324267
5496,458443.9453841764,397486.9725505004,60956.97283367597,458443.9453841764,8366.316447324267
5497,458444.7063251056,409618.71100430057,48825.99532080504,458444.7063251056,8366.316447324267
5498,458445.46726603515,424725.3822984846,33720.08496755051,458445.46726603515,8366.316447324267
5499,458446.22820696456,443072.3804725037,15373.847734460851,458446.22820696456,8366.316447324267
5500,458446.989147894,440625.76877793594,17821.22036995806,458446.989147894,8366.316447324267
5501,458447.7500888234,458447.7500888234,0.0,458447.7500888234,8366.316447324267
5502,458448.51102975267,458448.51102975267,0.0,458448.51102975267,8366.316447324267
5503,458449.2719706822,458449.2719706822,0.0,458449.2719706822,8366.316447324267
5504,458450.0329116116,458450.0329116116,0.0,458450.0329116116,8366.316447324267
5505,458450.7938525409,458450.7938525409,0.0,458450.7938525409,8366.316447324267
5506,458451.55479347036,458451.55479347036,0.0,458451.55479347036,8366.316447324267
5507,458452.3157343997,458452.3157343997,0.0,458452.3157343997,8366.316447324267
5508,458453.07667532924,437397.4467103404,21055.629964988828,458453.07667532924,8366.316447324267
5509,458453.8376162586,438171.27896164305,20282.558654615557,458453.8376162586,8366.316447324267
5510,458454.59855718794,435888.43420941423,22566.164347773694,458454.59855718794,8366.316447324267
5511,458455.35949811735,424644.3818048923,33810.97769322501,458455.35949811735,8366.316447324267
5512,458456.12043904676,437926.9100571738,20529.210381872945,458456.12043904676,8366.316447324267
5513,458456.8813799763,417710.66825172486,40746.21312825141,458456.8813799763,8366.316447324267
5514,458457.64232090564,420196.9378429523,38260.704477953295,458457.64232090564,8366.316447324267
5515,458458.40326183493,426047.3926404664,32411.01062136852,458458.40326183493,8366.316447324267
5516,458459.16420276446,396820.9546969434,61638.20950582107,458459.16420276446,8366.316447324267
5517,458459.92514369375,401871.31632090244,56588.60882279131,458459.92514369375,8366.316447324267
5518,458460.68608462316,403370.9947215507,55089.69136307241,458460.68608462316,8366.316447324267
5519,458461.44702555257,378629.27688851824,79832.17013703432,458461.44702555257,8366.316447324267
5520,458462.2079664819,256080.00411612677,202382.20385035514,458462.2079664819,8366.316447324267
5521,458462.96890741144,273493.83446698147,184969.13444042997,458462.96890741144,8366.316447324267
5522,458463.7298483408,293028.19567280053,165435.53417554026,458463.7298483408,8366.316447324267
5523,458464.49078927014,295984.95568750694,162479.53510176318,458464.49078927014,8366.316447324267
5524,458465.25173019955,327532.04643902014,130933.20529117942,458465.25173019955,8366.316447324267
5525,458466.01267112896,335887.2153621535,122578.7973089755,458466.01267112896,8366.316447324267
5526,458466.7736120584,324734.89409677405,133731.8795152843,458466.7736120584,8366.316447324267
5527,458467.53455298784,369595.4937006835,88872.0408523043,458467.53455298784,8366.316447324267
5528,458468.2954939172,428167.9982991077,30300.29719480949,458468.2954939172,8366.316447324267
5529,458469.0564348466,446169.2463000949,12299.81013475173,458469.0564348466,8366.316447324267
5530,458469.817375776,382456.68374065566,76013.13363512038,458469.817375776,8366.316447324267
5531,458470.5783167054,376644.12537934864,81826.45293735675,458470.5783167054,8366.316447324267
5532,458471.3392576348,295178.31728353363,163293.02197410117,458471.3392576348,8366.316447324267
5533,458472.1001985642,353707.9304631459,104764.1697354183,458472.1001985642,8366.316447324267
5534,458472.86113949365,340510.06563401606,117962.79550547761,458472.86113949365,8366.316447324267
5535,458473.622080423,341713.93273564574,116759.68934477727,458473.622080423,8366.316447324267
5536,458474.3830213524,396563.91580890864,61910.467212443764,458474.3830213524,8366.316447324267
5537,458475.1439622818,377382.37031387544,81092.77364840636,458475.1439622818,8366.316447324267
5538,458475.90490321117,338120.5528512893,120355.35205192186,458475.90490321117,8366.316447324267
5539,458476.6658441406,352620.61216287786,105856.0536812627,458476.6658441406,8366.316447324267
5540,458477.4267850701,236115.10581880054,222362.32096626956,458477.4267850701,8366.316447324267
5541,458478.18772599945,252336.76481524014,206141.4229107593,458478.18772599945,8366.316447324267
5542,458478.94866692886,120084.81165465596,338394.1370122729,458478.94866692886,8366.316447324267
5543,458479.70960785827,113702.92714249011,344776.78246536816,458479.70960785827,8366.316447324267
5544,458480.47054878756,104036.7012541226,354443.76929466496,458480.47054878756,8366.316447324267
5545,458481.231489717,124516.75179109728,333964.47969861975,458481.231489717,8366.316447324267
5546,458481.99243064644,20028.396412801405,438453.59601784503,458481.99243064644,8366.316447324267
5547,458482.75337157585,11735.628053347522,446747.1253182283,458482.75337157585,8366.316447324267
5548,478981.3946555658,0.0,478981.3946555658,478981.3946555658,8366.316447324267
5549,480000.0,0.0,480000.0,480000.0,8366.316447324267
5550,474604.00541437464,0.0,474604.00541437464,474604.00541437464,8366.316447324267
5551,458485.7971352934,178446.89114948566,280038.90598580777,458485.7971352934,8366.316447324267
5552,458486.5580762228,364279.4899103226,94207.06816590021,458486.5580762228,8366.316447324267
5553,458487.3190171523,354709.0414921956,103778.27752495669,458487.3190171523,8366.316447324267
5554,458488.0799580817,321220.9600431955,137267.11991488616,458488.0799580817,8366.316447324267
5555,458488.8408990111,142521.05587869365,315967.7850203175,458488.8408990111,8366.316447324267
5556,458489.6018399405,200729.26434885664,257760.33749108383,458489.6018399405,8366.316447324267
5557,458490.3627808698,193799.090273936,264691.27250693383,458490.3627808698,8366.316447324267
5558,458491.12372179935,191800.15981687675,266690.9639049226,458491.12372179935,8366.316447324267
5559,458491.8846627286,92265.98961004586,366225.8950526827,458491.8846627286,8366.316447324267
5560,458492.6456036581,164587.77057875786,293904.87502490025,458492.6456036581,8366.316447324267
5561,458493.4065445875,118807.89908477297,339685.50745981454,458493.4065445875,8366.316447324267
5562,458494.1674855168,203281.98569580584,255212.18178971097,458494.1674855168,8366.316447324267
5563,480000.0,0.0,480000.0,480000.0,8366.316447324267
5564,480000.0,0.0,480000.0,480000.0,8366.316447324267
5565,480000.0,0.0,480000.0,480000.0,8366.316447324267
5566,480000.0,0.0,480000.0,480000.0,8366.316447324267
5567,480000.0,0.0,480000.0,480000.0,8366.316447324267
5568,480000.0,0.0,480000.0,480000.0,8366.316447324267
5569,480000.0,0.0,480000.0,480000.0,8366.316447324267
5570,480000.0,0.0,480000.0,480000.0,8366.316447324267
5571,480000.0,0.0,480000.0,480000.0,8366.316447324267
5572,480000.0,0.0,480000.0,480000.0,8366.316447324267
5573,480000.0,0.0,480000.0,480000.0,8366.316447324267
5574,480000.0,0.0,480000.0,480000.0,8366.316447324267
5575,458504.05971759907,54372.66863127489,404131.3910863242,458504.05971759907,8366.316447324267
5576,458504.82065852854,277251.8778342467,181252.9428242818,458504.82065852854,8366.316447324267
5577,458505.58159945783,245424.18613315973,213081.3954662981,458505.58159945783,8366.316447324267
5578,458506.3425403873,258892.00342077753,199614.33911960977,458506.3425403873,8366.316447324267
5579,458507.1034813167,177679.39562782715,280827.70785348956,458507.1034813167,8366.316447324267
5580,458507.8644222461,130150.12711664464,328357.7373056015,458507.8644222461,8366.316447324267
5581,458508.6253631756,107662.64731355442,350845.97804962116,458508.6253631756,8366.316447324267
5582,458509.38630410493,78624.28094557533,379885.1053585296,458509.38630410493,8366.316447324267
5583,458510.1472450343,23355.127161806275,435155.020083228,458510.1472450343,8366.316447324267
5584,458510.90818596375,70205.21172734466,388305.6964586191,458510.90818596375,8366.316447324267
5585,458511.66912689316,117117.07675863104,341394.5923682621,458511.66912689316,8366.316447324267
5586,480000.0,0.0,480000.0,480000.0,8366.316447324267
5587,458513.1910087519,123527.75987414358,334985.43113460834,458513.1910087519,8366.316447324267
5588,480000.0,0.0,480000.0,480000.0,8366.316447324267
5589,480000.0,0.0,480000.0,480000.0,8366.316447324267
5590,458515.4738315401,435717.0614323264,22798.41239921369,458515.4738315401,8366.316447324267
5591,458516.2347724695,434874.78378022654,23641.45099224295,458516.2347724695,8366.316447324267
5592,458516.9957133989,394985.663215842,63531.33249755693,458516.9957133989,8366.316447324267
5593,458517.7566543283,403041.1503108073,55476.60634352107,458517.7566543283,8366.316447324267
5594,458518.5175952578,437449.71025274316,21068.807342514632,458518.5175952578,8366.316447324267
5595,458519.27853618714,186891.16381597222,271628.1147202149,458519.27853618714,8366.316447324267
5596,458520.0394771165,78421.55686065048,380098.482616466,458520.0394771165,8366.316447324267
5597,458520.800418046,345055.18171439605,113465.61870364996,458520.800418046,8366.316447324267
5598,458521.56135897536,80347.66249000077,378173.8988689746,458521.56135897536,8366.316447324267
5599,458522.3222999047,196246.55278813717,262275.76951176755,458522.3222999047,8366.316447324267
5600,458523.0832408342,357234.61227982806,101288.4709610061,458523.0832408342,8366.316447324267
5601,458523.8441817635,363585.5781983542,94938.26598340928,458523.8441817635,8366.316447324267
5602,458524.605122693,338988.39211096027,119536.21301173275,458524.605122693,8366.316447324267
5603,458525.3660636224,385452.2142541257,73073.15180949667,458525.3660636224,8366.316447324267
5604,458526.1270045517,407805.4205705084,50720.706434043306,458526.1270045517,8366.316447324267
5605,458526.88794548117,418642.9732195098,39883.91472597137,458526.88794548117,8366.316447324267
5606,458527.6488864106,438211.27547749545,20316.373408915133,458527.6488864106,8366.316447324267
5607,480000.0,0.0,480000.0,480000.0,8366.316447324267
5608,458529.1707682694,433425.1122961059,25104.058472163535,458529.1707682694,8366.316447324267
5609,458529.93170919875,458529.93170919875,0.0,458529.93170919875,8366.316447324267
5610,458530.6926501282,458530.6926501282,0.0,458530.6926501282,8366.316447324267
5611,458531.45359105757,458531.45359105757,0.0,458531.45359105757,8366.316447324267
5612,458532.214531987,458532.214531987,0.0,458532.214531987,8366.316447324267
5613,458532.9754729164,440098.40485576773,18434.57061714863,458532.9754729164,8366.316447324267
5614,458533.73641384573,458533.73641384573,0.0,458533.73641384573,8366.316447324267
5615,458534.49735477526,443571.4725371319,14963.024817643345,458534.49735477526,8366.316447324267
5616,458535.25829570455,382833.08381854347,75702.17447716107,458535.25829570455,8366.316447324267
5617,458536.0192366339,323039.5791762747,135496.44006035922,458536.0192366339,8366.316447324267
5618,458536.7801775634,372828.7666581562,85708.01351940724,458536.7801775634,8366.316447324267
5619,458537.5411184928,357283.2766936838,101254.26442480898,458537.5411184928,8366.316447324267
5620,458538.30205942225,376938.66937023855,81599.63268918367,458538.30205942225,8366.316447324267
5621,458539.0630003516,381344.31661889673,77194.74638145488,458539.0630003516,8366.316447324267
5622,458539.82394128095,399644.7834593677,58895.04048191322,458539.82394128095,8366.316447324267
5623,458540.5848822105,351970.07765867445,106570.50722353601,458540.5848822105,8366.316447324267
5624,458541.3458231398,422338.21004574816,36203.13577739166,458541.3458231398,8366.316447324267
5625,458542.1067640692,427508.04136260005,31034.06540146915,458542.1067640692,8366.316447324267
5626,458542.8677049986,405202.4067904346,53340.460914563984,458542.8677049986,8366.316447324267
5627,458543.628645928,381833.7282938736,76709.9003520544,458543.628645928,8366.316447324267
5628,458544.3895868575,381155.2548749439,77389.13471191362,458544.3895868575,8366.316447324267
5629,458545.1505277868,354175.25964029547,104369.89088749133,458545.1505277868,8366.316447324267
5630,458545.9114687162,355968.0228743235,102577.88859439276,458545.9114687162,8366.316447324267
5631,458546.6724096456,351936.7561152427,106609.91629440285,458546.6724096456,8366.316447324267
5632,458547.43335057504,337191.93435237906,121355.49899819601,458547.43335057504,8366.316447324267
5633,458548.1942915045,312017.91319014865,146530.28110135585,458548.1942915045,8366.316447324267
5634,458548.95523243374,284701.67592678394,173847.27930564983,458548.95523243374,8366.316447324267
5635,458549.7161733632,45095.97048696416,413453.74568639905,458549.7161733632,8366.316447324267
5636,480000.0,0.0,480000.0,480000.0,8366.316447324267
5637,480000.0,0.0,480000.0,480000.0,8366.316447324267
5638,480000.0,0.0,480000.0,480000.0,8366.316447324267
5639,480000.0,0.0,480000.0,480000.0,8366.316447324267
5640,480000.0,0.0,480000.0,480000.0,8366.316447324267
5641,480000.0,0.0,480000.0,480000.0,8366.316447324267
5642,480000.0,0.0,480000.0,480000.0,8366.316447324267
5643,480000.0,0.0,480000.0,480000.0,8366.316447324267
5644,480000.0,0.0,480000.0,480000.0,8366.316447324267
5645,480000.0,0.0,480000.0,480000.0,8366.316447324267
5646,480000.0,0.0,480000.0,480000.0,8366.316447324267
5647,458558.8474645161,14979.140999582422,443579.7064649337,458558.8474645161,8366.316447324267
5648,458559.6084054454,272822.91065224784,185736.69775319757,458559.6084054454,8366.316447324267
5649,458560.3693463749,348193.850450788,110366.51889558688,458560.3693463749,8366.316447324267
5650,458561.1302873043,309361.03941188176,149200.09087542252,458561.1302873043,8366.316447324267
5651,458561.8912282337,322448.25640465936,136113.6348235743,458561.8912282337,8366.316447324267
5652,458562.652169163,288205.80373327853,170356.8484358845,458562.652169163,8366.316447324267
5653,458563.4131100924,292818.1801666488,165745.2329434436,458563.4131100924,8366.316447324267
5654,458564.1740510219,250136.40749072307,208427.76656029886,458564.1740510219,8366.316447324267
5655,458564.9349919513,253521.16268461966,205043.77230733162,458564.9349919513,8366.316447324267
5656,458565.6959328806,248961.7545918766,209603.941341004,458565.6959328806,8366.316447324267
5657,458566.4568738101,233611.1369532769,224955.3199205332,458566.4568738101,8366.316447324267
5658,458567.21781473944,151178.40520217118,307388.81261256826,458567.21781473944,8366.316447324267
5659,471697.3631862551,0.0,471697.3631862551,471697.3631862551,8366.316447324267
5660,480000.0,0.0,480000.0,480000.0,8366.316447324267
5661,480000.0,0.0,480000.0,480000.0,8366.316447324267
5662,480000.0,0.0,480000.0,480000.0,8366.316447324267
5663,480000.0,0.0,480000.0,480000.0,8366.316447324267
5664,480000.0,0.0,480000.0,480000.0,8366.316447324267
5665,480000.0,0.0,480000.0,480000.0,8366.316447324267
5666,480000.0,0.0,480000.0,480000.0,8366.316447324267
5667,480000.0,0.0,480000.0,480000.0,8366.316447324267
5668,480000.0,0.0,480000.0,480000.0,8366.316447324267
5669,480000.0,0.0,480000.0,480000.0,8366.316447324267
5670,480000.0,0.0,480000.0,480000.0,8366.316447324267
5671,480000.0,0.0,480000.0,480000.0,8366.316447324267
5672,458577.87098775106,169019.86362071626,289558.0073670348,458577.87098775106,8366.316447324267
5673,458578.6319286805,205197.98569666778,253380.64623201275,458578.6319286805,8366.316447324267
5674,458579.39286960993,64087.920857915655,394491.4720116943,458579.39286960993,8366.316447324267
5675,458580.1538105394,77143.1614766724,381436.992333867,458580.1538105394,8366.316447324267
5676,458580.9147514687,43012.00759501493,415568.90715645376,458580.9147514687,8366.316447324267
5677,458581.6756923981,93640.839036118,364940.8366562801,458581.6756923981,8366.316447324267
5678,458582.4366333275,101714.88296075462,356867.5536725729,458582.4366333275,8366.316447324267
5679,458583.19757425686,70720.5894499385,387862.60812431836,458583.19757425686,8366.316447324267
5680,458583.9585151864,10906.655376355047,447677.30313883134,458583.9585151864,8366.316447324267
5681,458584.7194561157,174805.99155755254,283778.72789856314,458584.7194561157,8366.316447324267
5682,480000.0,0.0,480000.0,480000.0,8366.316447324267
5683,480000.0,0.0,480000.0,480000.0,8366.316447324267
5684,480000.0,0.0,480000.0,480000.0,8366.316447324267
5685,480000.0,0.0,480000.0,480000.0,8366.316447324267
5686,480000.0,0.0,480000.0,480000.0,8366.316447324267
5687,480000.0,0.0,480000.0,480000.0,8366.316447324267
5688,480000.0,0.0,480000.0,480000.0,8366.316447324267
5689,480000.0,0.0,480000.0,480000.0,8366.316447324267
5690,480000.0,0.0,480000.0,480000.0,8366.316447324267
5691,480000.0,0.0,480000.0,480000.0,8366.316447324267
5692,480000.0,0.0,480000.0,480000.0,8366.316447324267
5693,480000.0,0.0,480000.0,480000.0,8366.316447324267
5694,480000.0,0.0,480000.0,480000.0,8366.316447324267
5695,458595.37262912735,42099.78108018107,416495.5915489463,458595.37262912735,8366.316447324267
5696,458596.1335700567,261383.3538802396,197212.7796898171,458596.1335700567,8366.316447324267
5697,458596.89451098605,354387.79745415726,104209.09705682882,458596.89451098605,8366.316447324267
5698,458597.65545191546,342759.5135844676,115838.14186744788,458597.65545191546,8366.316447324267
5699,458598.416392845,316494.12403857464,142104.29235427038,458598.416392845,8366.316447324267
5700,458599.1773337744,283415.9965748573,175183.1807589171,458599.1773337744,8366.316447324267
5701,458599.9382747038,319048.703579806,139551.23469489778,458599.9382747038,8366.316447324267
5702,458600.69921563315,321022.71553523774,137577.9836803954,458600.69921563315,8366.316447324267
5703,458601.4601565625,289476.1926169719,169125.2675395906,458601.4601565625,8366.316447324267
5704,458602.22109749203,234390.33725142767,224211.88384606436,458602.22109749203,8366.316447324267
5705,458602.9820384214,155879.57739034615,302723.40464807523,458602.9820384214,8366.316447324267
5706,458603.7429793507,179005.92599126883,279597.81698808185,458603.7429793507,8366.316447324267
5707,458604.5039202802,18231.25338381616,440373.25053646404,458604.5039202802,8366.316447324267
5708,480000.0,0.0,480000.0,480000.0,8366.316447324267
5709,480000.0,0.0,480000.0,480000.0,8366.316447324267
5710,480000.0,0.0,480000.0,480000.0,8366.316447324267
5711,480000.0,0.0,480000.0,480000.0,8366.316447324267
5712,480000.0,0.0,480000.0,480000.0,8366.316447324267
5713,480000.0,0.0,480000.0,480000.0,8366.316447324267
5714,480000.0,0.0,480000.0,480000.0,8366.316447324267
5715,480000.0,0.0,480000.0,480000.0,8366.316447324267
5716,480000.0,0.0,480000.0,480000.0,8366.316447324267
5717,480000.0,0.0,480000.0,480000.0,8366.316447324267
5718,480000.0,0.0,480000.0,480000.0,8366.316447324267
5719,480000.0,0.0,480000.0,480000.0,8366.316447324267
5720,458614.39615236234,242681.53270626723,215932.8634460951,458614.39615236234,8366.316447324267
5721,458615.15709329175,215333.8491680423,243281.30792524945,458615.15709329175,8366.316447324267
5722,458615.9180342213,167981.6556328546,290634.26240136666,458615.9180342213,8366.316447324267
5723,458616.6789751505,194464.92650821537,264151.75246693514,458616.6789751505,8366.316447324267
5724,458617.4399160799,157815.01382180536,300802.42609427456,458617.4399160799,8366.316447324267
5725,458618.2008570094,173889.1415991395,284729.0592578699,458618.2008570094,8366.316447324267
5726,458618.9617979388,170979.14030456386,287639.82149337494,458618.9617979388,8366.316447324267
5727,458619.72273886827,64487.39344405255,394132.3292948157,458619.72273886827,8366.316447324267
5728,458620.4836797976,43753.67396139272,414866.8097184049,458620.4836797976,8366.316447324267
5729,458621.24462072697,161724.67001706094,296896.574603666,458621.24462072697,8366.316447324267
5730,458622.00556165644,53432.69707349286,405189.3084881636,458622.00556165644,8366.316447324267
5731,480000.0,0.0,480000.0,480000.0,8366.316447324267
5732,480000.0,0.0,480000.0,480000.0,8366.316447324267
5733,480000.0,0.0,480000.0,480000.0,8366.316447324267
5734,480000.0,0.0,480000.0,480000.0,8366.316447324267
5735,480000.0,0.0,480000.0,480000.0,8366.316447324267
5736,480000.0,0.0,480000.0,480000.0,8366.316447324267
5737,480000.0,0.0,480000.0,480000.0,8366.316447324267
5738,480000.0,0.0,480000.0,480000.0,8366.316447324267
5739,458628.854030021,25376.01995107258,433252.8340789484,458628.854030021,8366.316447324267
5740,458629.6149709505,23798.926767918398,434830.6882030321,458629.6149709505,8366.316447324267
5741,458630.3759118798,287343.28542367707,171287.09048820278,458630.3759118798,8366.316447324267
5742,458631.1368528092,401201.65068277717,57429.48617003207,458631.1368528092,8366.316447324267
5743,458631.8977937387,440273.8088130689,18358.088980669803,458631.8977937387,8366.316447324267
5744,458632.65873466805,458632.65873466805,0.0,458632.65873466805,8366.316447324267
5745,458633.4196755974,458633.4196755974,0.0,458633.4196755974,8366.316447324267
5746,458634.18061652686,458634.18061652686,0.0,458634.18061652686,8366.316447324267
5747,458634.9415574562,458282.1223126735,352.8192447827321,458634.9415574562,8366.316447324267
5748,458635.7024983857,458635.7024983857,0.0,458635.7024983857,8366.316447324267
5749,458636.4634393151,451011.87710592453,7624.586333390545,458636.4634393151,8366.316447324267
5750,458637.2243802444,434472.53917175817,24164.68520848622,458637.2243802444,8366.316447324267
5751,458637.98532117385,389439.1459617374,69198.83935943649,458637.98532117385,8366.316447324267
5752,458638.7462621033,388620.49012166495,70018.25614043835,458638.7462621033,8366.316447324267
5753,458639.5072030327,400814.6121691583,57824.895033874425,458639.5072030327,8366.316447324267
5754,458640.2681439621,296235.6172284203,162404.6509155418,458640.2681439621,8366.316447324267
5755,458641.02908489143,163111.9050528027,295529.12403208873,458641.02908489143,8366.316447324267
5756,458641.7900258209,185420.82425787125,273220.96576794964,458641.7900258209,8366.316447324267
5757,458642.5509667503,86784.92706856824,371857.62389818206,458642.5509667503,8366.316447324267
5758,458643.31190767966,118208.1665103148,340435.14539736486,458643.31190767966,8366.316447324267
5759,458644.07284860907,139045.32875126874,319598.7440973403,458644.07284860907,8366.316447324267
5760,458644.8337895384,123384.90444854571,335259.9293409927,458644.8337895384,8366.316447324267
5761,458645.59473046794,115435.9514202106,343209.64331025735,458645.59473046794,8366.316447324267
5762,458646.3556713973,117489.73274275218,341156.6229286451,458646.3556713973,8366.316447324267
5763,458647.11661232664,244874.21486805758,213772.90174426907,458647.11661232664,8366.316447324267
5764,458647.8775532561,380349.7249633295,78298.15258992661,458647.8775532561,8366.316447324267
5765,458648.6384941854,414802.23743252887,43846.40106165655,458648.6384941854,8366.316447324267
5766,458649.3994351149,352262.2137387967,106387.18569631815,458649.3994351149,8366.316447324267
5767,458650.16037604434,380896.364948384,77753.79542766037,458650.16037604434,8366.316447324267
5768,458650.92131697363,396372.6545818518,62278.26673512182,458650.92131697363,8366.316447324267
5769,458651.68225790316,441151.1641189295,17500.51813897369,458651.68225790316,8366.316447324267
5770,458652.4431988325,458652.4431988325,0.0,458652.4431988325,8366.316447324267
5771,458653.20413976186,412260.1251714634,46393.07896829846,458653.20413976186,8366.316447324267
5772,458653.9650806913,428462.6786477324,30191.28643295891,458653.9650806913,8366.316447324267
5773,458654.7260216207,424887.7963420915,33766.929679529145,458654.7260216207,8366.316447324267
5774,458655.48696255015,428035.60868172254,30619.878280827597,458655.48696255015,8366.316447324267
5775,458656.2479034795,421720.90994041367,36935.337963065824,458656.2479034795,8366.316447324267
5776,458657.0088444089,416514.5740871825,42142.43475722641,458657.0088444089,8366.316447324267
5777,458657.76978533826,390327.3985375187,68330.37124781957,458657.76978533826,8366.316447324267
5778,458658.53072626767,326080.1285517343,132578.40217453334,458658.53072626767,8366.316447324267
5779,458659.29166719713,194379.52397931478,264279.76768788235,458659.29166719713,8366.316447324267
5780,458660.05260812654,55138.883668086026,403521.1689400405,458660.05260812654,8366.316447324267
5781,478493.719083652,0.0,478493.719083652,478493.719083652,8366.316447324267
5782,480000.0,0.0,480000.0,480000.0,8366.316447324267
5783,480000.0,0.0,480000.0,480000.0,8366.316447324267
5784,480000.0,0.0,480000.0,480000.0,8366.316447324267
5785,480000.0,0.0,480000.0,480000.0,8366.316447324267
5786,458664.6182537029,193682.78391957312,264981.83433412976,458664.6182537029,8366.316447324267
5787,458665.37919463235,199037.03255605415,259628.3466385782,458665.37919463235,8366.316447324267
5788,458666.14013556176,192622.71331489907,266043.4268206627,458666.14013556176,8366.316447324267
5789,458666.9010764911,175795.75353200122,282871.1475444899,458666.9010764911,8366.316447324267
5790,458667.6620174205,195946.75028077734,262720.9117366432,458667.6620174205,8366.316447324267
5791,458668.4229583499,270293.8146761708,188374.60828217908,458668.4229583499,8366.316447324267
5792,458669.1838992792,331921.6993559615,126747.48454331773,458669.1838992792,8366.316447324267
5793,458669.94484020874,388426.0428811262,70243.90195908252,458669.94484020874,8366.316447324267
5794,458670.7057811382,362918.45426544885,95752.25151568935,458670.7057811382,8366.316447324267
5795,458671.46672206756,365472.67560342257,93198.79111864498,458671.46672206756,8366.316447324267
5796,458672.227662997,361891.5037928828,96780.72387011422,458672.227662997,8366.316447324267
5797,458672.98860392626,321894.5597248643,136778.42887906198,458672.98860392626,8366.316447324267
5798,458673.7495448558,373389.9943978592,85283.75514699661,458673.7495448558,8366.316447324267
5799,458674.5104857852,349195.7560873759,109478.75439840925,458674.5104857852,8366.316447324267
5800,458675.2714267146,367665.08052475174,91010.19090196288,458675.2714267146,8366.316447324267
5801,458676.03236764396,391140.8093891284,67535.22297851557,458676.03236764396,8366.316447324267
5802,458676.7933085733,403465.79338885646,55210.99991971686,458676.7933085733,8366.316447324267
5803,458677.5542495028,365440.9772814995,93236.57696800331,458677.5542495028,8366.316447324267
5804,458678.3151904321,9006.06475220609,449672.25043822604,458678.3151904321,8366.316447324267
5805,480000.0,0.0,480000.0,480000.0,8366.316447324267
5806,480000.0,0.0,480000.0,480000.0,8366.316447324267
5807,480000.0,0.0,480000.0,480000.0,8366.316447324267
5808,480000.0,0.0,480000.0,480000.0,8366.316447324267
5809,458682.11989507923,105424.29693676089,353257.82295831834,458682.11989507923,8366.316447324267
5810,458682.8808360085,63326.255485930655,395356.62535007787,458682.8808360085,8366.316447324267
5811,458683.64177693805,2560.3180110234534,456123.3237659146,458683.64177693805,8366.316447324267
5812,458684.40271786734,34627.896499798575,424056.50621806877,458684.40271786734,8366.316447324267
5813,458685.1636587968,74217.54264151113,384467.6210172857,458685.1636587968,8366.316447324267
5814,475035.36865375895,0.0,475035.36865375895,475035.36865375895,8366.316447324267
5815,458686.68554065557,342169.10686286044,116517.57867779511,458686.68554065557,8366.316447324267
5816,458687.4464815849,403979.299812034,54708.146669550944,458687.4464815849,8366.316447324267
5817,458688.20742251433,414614.5063700724,44073.701052441924,458688.20742251433,8366.316447324267
5818,458688.96836344374,438981.4874032612,19707.480960182536,458688.96836344374,8366.316447324267
5819,458689.7293043732,412025.9098423366,46663.819462036576,458689.7293043732,8366.316447324267
5820,458690.4902453026,434291.05229286297,24399.437952439668,458690.4902453026,8366.316447324267
5821,458691.2511862321,431848.939584989,26842.31160124312,458691.2511862321,8366.316447324267
5822,458692.0121271614,435154.50925580773,23537.50287135362,458692.0121271614,8366.316447324267
5823,458692.7730680908,458692.7730680908,0.0,458692.7730680908,8366.316447324267
5824,458693.5340090203,435785.17453555914,22908.359473461158,458693.5340090203,8366.316447324267
5825,458694.2949499496,435330.5763156027,23363.718634346882,458694.2949499496,8366.316447324267
5826,458695.05589087895,435719.627292118,22975.428598760987,458695.05589087895,8366.316447324267
5827,458695.8168318084,432130.26363453444,26565.55319727398,458695.8168318084,8366.316447324267
5828,458696.5777727378,424334.38277183136,34362.19500090644,458696.5777727378,8366.316447324267
5829,458697.3387136673,433773.1955331356,24924.143180531675,458697.3387136673,8366.316447324267
5830,458698.0996545966,423984.92358321615,34713.176071380454,458698.0996545966,8366.316447324267
5831,458698.86059552594,458698.86059552594,0.0,458698.86059552594,8366.316447324267
5832,458699.6215364554,436544.3896756415,22155.23186081392,458699.6215364554,8366.316447324267
5833,458700.3824773849,405050.8643093873,53649.51816799762,458700.3824773849,8366.316447324267
5834,458701.1434183143,425062.93777929246,33638.205639021835,458701.1434183143,8366.316447324267
5835,458701.90435924364,439137.14250419324,19564.76185505039,458701.90435924364,8366.316447324267
5836,458702.66530017304,443432.112471386,15270.55282878705,458702.66530017304,8366.316447324267
5837,458703.42624110245,412046.9372890008,46656.48895210169,458703.42624110245,8366.316447324267
5838,458704.1871820318,433151.2428851994,25552.94429683246,458704.1871820318,8366.316447324267
5839,458704.94812296116,348430.27030697523,110274.67781598591,458704.94812296116,8366.316447324267
5840,458705.7090638906,393825.81006146665,64879.899002423954,458705.7090638906,8366.316447324267
5841,458706.47000482003,408508.94019183324,50197.52981298678,458706.47000482003,8366.316447324267
5842,458707.2309457495,365203.37191662163,93503.85902912785,458707.2309457495,8366.316447324267
5843,458707.99188667873,319349.06816270354,139358.92372397523,458707.99188667873,8366.316447324267
5844,458708.75282760814,347619.2200052883,111089.53282231983,458708.75282760814,8366.316447324267
5845,458709.5137685376,345735.5644699668,112973.94929857079,458709.5137685376,8366.316447324267
5846,458710.2747094671,285850.3612279601,172859.91348150696,458710.2747094671,8366.316447324267
5847,458711.0356503965,191561.14911398402,267149.88653641246,458711.0356503965,8366.316447324267
5848,458711.79659132584,149297.30417900166,309414.4924123242,458711.79659132584,8366.316447324267
5849,458712.5575322552,141831.02403920627,316881.5334930489,458712.5575322552,8366.316447324267
5850,480000.0,0.0,480000.0,480000.0,8366.316447324267
5851,480000.0,0.0,480000.0,480000.0,8366.316447324267
5852,480000.0,0.0,480000.0,480000.0,8366.316447324267
5853,480000.0,0.0,480000.0,480000.0,8366.316447324267
5854,480000.0,0.0,480000.0,480000.0,8366.316447324267
5855,480000.0,0.0,480000.0,480000.0,8366.316447324267
5856,480000.0,0.0,480000.0,480000.0,8366.316447324267
5857,480000.0,0.0,480000.0,480000.0,8366.316447324267
5858,480000.0,0.0,480000.0,480000.0,8366.316447324267
5859,480000.0,0.0,480000.0,480000.0,8366.316447324267
5860,458720.9278824787,15785.773528574267,442935.1543539044,458720.9278824787,8366.316447324267
5861,458721.6888234081,53716.4390562179,405005.2497671902,458721.6888234081,8366.316447324267
5862,468640.1547716959,0.0,468640.1547716959,468640.1547716959,8366.316447324267
5863,458723.2107052669,108383.55668050697,350339.65402475995,458723.2107052669,8366.316447324267
5864,458723.97164619627,368769.6190974619,89954.35254873433,458723.97164619627,8366.316447324267
5865,458724.73258712573,317104.75123787567,141619.98134925004,458724.73258712573,8366.316447324267
5866,458725.49352805514,341573.00515556766,117152.48837248745,458725.49352805514,8366.316447324267
5867,458726.25446898444,356117.6638299017,102608.59063908269,458726.25446898444,8366.316447324267
5868,458727.01540991396,386043.8259927328,72683.18941718116,458727.01540991396,8366.316447324267
5869,458727.77635084325,377026.5261066911,81701.25024415212,458727.77635084325,8366.316447324267
5870,458728.5372917726,362352.9423482953,96375.59494347732,458728.5372917726,8366.316447324267
5871,458729.29823270213,380901.0223825588,77828.27585014334,458729.29823270213,8366.316447324267
5872,458730.0591736315,363080.54981501517,95649.50935861628,458730.0591736315,8366.316447324267
5873,458730.8201145609,357272.6260770557,101458.19403750522,458730.8201145609,8366.316447324267
5874,458731.5810554903,259445.5343542045,199286.0467012858,458731.5810554903,8366.316447324267
5875,458732.34199641965,175093.4669921209,283638.87500429875,458732.34199641965,8366.316447324267
5876,458733.1029373492,77037.35865028214,381695.74428706703,458733.1029373492,8366.316447324267
5877,458733.8638782785,137061.44344289327,321672.42043538525,458733.8638782785,8366.316447324267
5878,458734.6248192079,211222.39334990815,247512.23146929973,458734.6248192079,8366.316447324267
5879,458735.3857601373,244174.00215445552,214561.38360568177,458735.3857601373,8366.316447324267
5880,458736.1467010667,318460.42893104913,140275.71777001757,458736.1467010667,8366.316447324267
5881,458736.90764199616,304786.4134696682,153950.49417232798,458736.90764199616,8366.316447324267
5882,458737.6685829255,380728.3395337892,78009.32904913632,458737.6685829255,8366.316447324267
5883,458738.4295238549,432521.33226158575,26217.09726226917,458738.4295238549,8366.316447324267
5884,458739.1904647843,437210.10887355125,21529.08159123303,458739.1904647843,8366.316447324267
5885,458739.9514057137,437956.7004733773,20783.25093233638,458739.9514057137,8366.316447324267
5886,458740.7123466431,427389.3149701408,31351.397376502267,458740.7123466431,8366.316447324267
5887,458741.47328757256,458741.47328757256,0.0,458741.47328757256,8366.316447324267
5888,458742.2342285019,458742.2342285019,0.0,458742.2342285019,8366.316447324267
5889,458742.9951694314,458742.9951694314,0.0,458742.9951694314,8366.316447324267
5890,458743.75611036073,458743.75611036073,0.0,458743.75611036073,8366.316447324267
5891,458744.51705129014,458744.51705129014,0.0,458744.51705129014,8366.316447324267
5892,458745.27799221955,458745.27799221955,0.0,458745.27799221955,8366.316447324267
5893,458746.0389331489,458746.0389331489,0.0,458746.0389331489,8366.316447324267
5894,458746.79987407837,458746.79987407837,0.0,458746.79987407837,8366.316447324267
5895,458747.5608150078,458747.5608150078,0.0,458747.5608150078,8366.316447324267
5896,458748.3217559371,443313.25363301317,15435.068122923953,458748.3217559371,8366.316447324267
5897,458749.08269686654,442935.96696581173,15813.115731054813,458749.08269686654,8366.316447324267
5898,458749.84363779594,439640.6308157117,19109.212822084268,458749.84363779594,8366.316447324267
5899,458750.6045787253,454387.7174743321,4362.887104393221,458750.6045787253,8366.316447324267
5900,458751.3655196548,439747.85234995914,19003.51316969569,458751.3655196548,8366.316447324267
5901,458752.1264605842,421767.11424276297,36985.012217821204,458752.1264605842,8366.316447324267
5902,458752.8874015136,446754.0993061661,11998.78809534745,458752.8874015136,8366.316447324267
5903,458753.648342443,441407.4108970756,17346.237445367384,458753.648342443,8366.316447324267
5904,458754.40928337234,440878.69467085664,17875.7146125157,458754.40928337234,8366.316447324267
5905,458755.17022430175,441766.31674015586,16988.853484145882,458755.17022430175,8366.316447324267
5906,458755.9311652311,449300.63391647744,9455.297248753672,458755.9311652311,8366.316447324267
5907,458756.6921061606,435673.058122517,23083.633983643616,458756.6921061606,8366.316447324267
5908,458757.45304709,429712.99264087714,29044.460406212813,458757.45304709,8366.316447324267
5909,458758.2139880193,424140.76360645454,34617.45038156479,458758.2139880193,8366.316447324267
5910,458758.9749289488,423832.42423923884,34926.550689709955,458758.9749289488,8366.316447324267
5911,458759.7358698781,414005.36237701937,44754.373492858715,458759.7358698781,8366.316447324267
5912,458760.4968108075,408688.46253446286,50072.03427634464,458760.4968108075,8366.316447324267
5913,458761.257751737,439641.2093127439,19120.04843899311,458761.257751737,8366.316447324267
5914,458762.0186926664,438973.7241262295,19788.29456643685,458762.0186926664,8366.316447324267
5915,458762.77963359584,449363.0550441298,9399.724589466065,458762.77963359584,8366.316447324267
5916,458763.5405745252,458763.5405745252,0.0,458763.5405745252,8366.316447324267
5917,458764.30151545454,445133.3913233957,13630.910192058833,458764.30151545454,8366.316447324267
5918,458765.06245638407,439022.30129168427,19742.7611646998,458765.06245638407,8366.316447324267
5919,458765.82339731336,434262.0975770444,24503.72582026895,458765.82339731336,8366.316447324267
5920,458766.5843382428,425249.08172537433,33517.502612868484,458766.5843382428,8366.316447324267
5921,458767.3452791722,440582.2401520043,18185.105127167866,458767.3452791722,8366.316447324267
5922,458768.1062201016,441784.889317999,16983.21690210258,458768.1062201016,8366.316447324267
5923,458768.867161031,442762.18444179394,16006.68271923703,458768.867161031,8366.316447324267
5924,458769.62810196035,458769.62810196035,0.0,458769.62810196035,8366.316447324267
5925,458770.38904288976,458770.38904288976,0.0,458770.38904288976,8366.316447324267
5926,458771.1499838192,458771.1499838192,0.0,458771.1499838192,8366.316447324267
5927,458771.91092474863,458771.91092474863,0.0,458771.91092474863,8366.316447324267
5928,458772.6718656781,458772.6718656781,0.0,458772.6718656781,8366.316447324267
5929,458773.4328066074,458773.4328066074,0.0,458773.4328066074,8366.316447324267
5930,458774.1937475368,439430.64249034994,19343.551257186842,458774.1937475368,8366.316447324267
5931,458774.95468846627,458774.95468846627,0.0,458774.95468846627,8366.316447324267
5932,458775.71562939556,458775.71562939556,0.0,458775.71562939556,8366.316447324267
5933,458776.4765703251,436964.80002146226,21811.67654886281,458776.4765703251,8366.316447324267
5934,458777.23751125444,398447.0297480988,60330.20776315564,458777.23751125444,8366.316447324267
5935,458777.9984521838,298784.25708936853,159993.7413628153,458777.9984521838,8366.316447324267
5936,458778.7593931132,412631.7818258991,46146.97756721411,458778.7593931132,8366.316447324267
5937,458779.5203340426,404947.2325074937,53832.28782654891,458779.5203340426,8366.316447324267
5938,458780.2812749719,385482.7690733408,73297.51220163112,458780.2812749719,8366.316447324267
5939,458781.0422159014,405936.6608905847,52844.38132531675,458781.0422159014,8366.316447324267
5940,458781.80315683084,404203.64376360504,54578.1593932258,458781.80315683084,8366.316447324267
5941,458782.56409776025,430826.3312782564,27956.23281950385,458782.56409776025,8366.316447324267
5942,458783.32503868965,430085.3142257292,28698.01081296046,458783.32503868965,8366.316447324267
5943,458784.08597961906,429297.18701558444,29486.89896403464,458784.08597961906,8366.316447324267
5944,458784.8469205485,421566.830080447,37218.01684010146,458784.8469205485,8366.316447324267
5945,458785.6078614779,408320.9883428861,50464.61951859181,458785.6078614779,8366.316447324267
5946,458786.3688024073,296393.56467539864,162392.80412700863,458786.3688024073,8366.316447324267
5947,458787.12974333664,154366.9833541207,304420.14638921595,458787.12974333664,8366.316447324267
5948,460360.93530453445,0.0,460360.93530453445,460360.93530453445,8366.316447324267
5949,480000.0,0.0,480000.0,480000.0,8366.316447324267
5950,480000.0,0.0,480000.0,480000.0,8366.316447324267
5951,480000.0,0.0,480000.0,480000.0,8366.316447324267
5952,469468.3701323597,0.0,469468.3701323597,469468.3701323597,8366.316447324267
5953,473640.56914671673,0.0,473640.56914671673,473640.56914671673,8366.316447324267
5954,458792.4563298425,843.9786143084639,457948.47771553404,458792.4563298425,8366.316447324267
5955,480000.0,0.0,480000.0,480000.0,8366.316447324267
5956,463479.542319576,0.0,463479.542319576,463479.542319576,8366.316447324267
5957,458794.73915263073,79420.48308250395,379374.2560701268,458794.73915263073,8366.316447324267
5958,458795.50009356014,61514.54979280522,397280.9503007549,458795.50009356014,8366.316447324267
5959,458796.2610344894,220277.2707870204,238518.990247469,458796.2610344894,8366.316447324267
5960,458797.0219754189,354162.6115154539,104634.41045996499,458797.0219754189,8366.316447324267
5961,458797.78291634825,423187.7595610365,35610.023355311765,458797.78291634825,8366.316447324267
5962,458798.5438572777,409043.99315545044,49754.550701827306,458798.5438572777,8366.316447324267
5963,458799.30479820713,384192.7519167939,74606.55288141323,458799.30479820713,8366.316447324267
5964,458800.0657391364,328956.7229991926,129843.34273994384,458800.0657391364,8366.316447324267
5965,458800.82668006583,345021.30668016954,113779.51999989632,458800.82668006583,8366.316447324267
5966,458801.58762099524,259176.37312973125,199625.214491264,458801.58762099524,8366.316447324267
5967,458802.34856192477,293739.76921171974,165062.57935020502,458802.34856192477,8366.316447324267
5968,458803.1095028541,326571.43178748304,132231.67771537107,458803.1095028541,8366.316447324267
5969,458803.87044378347,106231.28709307383,352572.58335070964,458803.87044378347,8366.316447324267
5970,458804.631384713,111866.11305920401,346938.518325509,458804.631384713,8366.316447324267
5971,472907.2172611413,0.0,472907.2172611413,472907.2172611413,8366.316447324267
5972,458806.1532665717,1113.9264092812664,457692.2268572904,458806.1532665717,8366.316447324267
5973,480000.0,0.0,480000.0,480000.0,8366.316447324267
5974,480000.0,0.0,480000.0,480000.0,8366.316447324267
5975,480000.0,0.0,480000.0,480000.0,8366.316447324267
5976,480000.0,0.0,480000.0,480000.0,8366.316447324267
5977,480000.0,0.0,480000.0,480000.0,8366.316447324267
5978,480000.0,0.0,480000.0,480000.0,8366.316447324267
5979,480000.0,0.0,480000.0,480000.0,8366.316447324267
5980,480000.0,0.0,480000.0,480000.0,8366.316447324267
5981,480000.0,0.0,480000.0,480000.0,8366.316447324267
5982,480000.0,0.0,480000.0,480000.0,8366.316447324267
5983,458814.52361679514,27419.582137360703,431394.94147943443,458814.52361679514,8366.316447324267
5984,458815.2845577245,288657.9083637798,170157.37619394474,458815.2845577245,8366.316447324267
5985,458816.0454986539,365390.1673136186,93425.87818503534,458816.0454986539,8366.316447324267
5986,458816.8064395833,355078.11659026955,103738.68984931377,458816.8064395833,8366.316447324267
5987,458817.5673805127,350533.93105712894,108283.63632338375,458817.5673805127,8366.316447324267
5988,458818.3283214422,423310.1411449135,35508.187176528656,458818.3283214422,8366.316447324267
5989,458819.08926237153,458819.08926237153,0.0,458819.08926237153,8366.316447324267
5990,458819.8502033009,426867.68770862767,31952.162494673204,458819.8502033009,8366.316447324267
5991,458820.61114423035,325740.78478089994,133079.82636333042,458820.61114423035,8366.316447324267
5992,458821.3720851597,216748.21061001738,242073.16147514232,458821.3720851597,8366.316447324267
5993,458822.13302608917,118261.30653434078,340560.8264917484,458822.13302608917,8366.316447324267
5994,458822.8939670186,36992.668484824535,421830.22548219404,458822.8939670186,8366.316447324267
5995,480000.0,0.0,480000.0,480000.0,8366.316447324267
5996,461957.3258247114,0.0,461957.3258247114,461957.3258247114,8366.316447324267
5997,480000.0,0.0,480000.0,480000.0,8366.316447324267
5998,480000.0,0.0,480000.0,480000.0,8366.316447324267
5999,458826.69867166557,160448.61304035364,298378.08563131193,458826.69867166557,8366.316447324267
6000,458827.459612595,168311.04115180293,290516.41846079205,458827.459612595,8366.316447324267
6001,458828.2205535244,56782.4298722134,402045.790681311,458828.2205535244,8366.316447324267
6002,458828.9814944538,112060.2384131903,346768.7430812635,458828.9814944538,8366.316447324267
6003,480000.0,0.0,480000.0,480000.0,8366.316447324267
6004,474487.2484051728,0.0,474487.2484051728,474487.2484051728,8366.316447324267
6005,458831.26431724196,104508.78639465355,354322.4779225884,458831.26431724196,8366.316447324267
6006,458832.0252581713,26496.58796126541,432335.4372969059,458832.0252581713,8366.316447324267
6007,458832.7861991008,25299.498617140925,433533.28758195986,458832.7861991008,8366.316447324267
6008,458833.54714003013,25470.780141828698,433362.76699820143,458833.54714003013,8366.316447324267
6009,458834.30808095966,246122.78127142537,212711.5268095343,458834.30808095966,8366.316447324267
6010,458835.069021889,278431.9979629052,180403.0710589838,458835.069021889,8366.316447324267
6011,458835.82996281836,350352.886881695,108482.94308112333,458835.82996281836,8366.316447324267
6012,458836.59090374777,377674.5596349883,81162.03126875947,458836.59090374777,8366.316447324267
6013,458837.3518446771,355273.55030281283,103563.80154186432,458837.3518446771,8366.316447324267
6014,458838.11278560665,326435.3751877309,132402.73759787576,458838.11278560665,8366.316447324267
6015,458838.87372653605,301716.8367163987,157122.0370101373,458838.87372653605,8366.316447324267
6016,458839.63466746535,320207.50836294214,138632.12630452323,458839.63466746535,8366.316447324267
6017,458840.3956083948,341131.5735035575,117708.82210483734,458840.3956083948,8366.316447324267
6018,458841.1565493241,287135.7381940108,171705.4183553133,458841.1565493241,8366.316447324267
6019,458841.9174902536,143731.97415884328,315109.9433314103,458841.9174902536,8366.316447324267
6020,468958.6767817102,0.0,468958.6767817102,468958.6767817102,8366.316447324267
6021,458843.43937211233,81284.01989119966,377559.4194809127,458843.43937211233,8366.316447324267
6022,458844.20031304186,13317.28800988727,445526.9123031546,458844.20031304186,8366.316447324267
6023,458844.9612539712,14033.45540381706,444811.50585015415,458844.9612539712,8366.316447324267
6024,458845.72219490056,8862.426347422996,449983.29584747757,458845.72219490056,8366.316447324267
6025,480000.0,0.0,480000.0,480000.0,8366.316447324267
6026,472411.62112746004,0.0,472411.62112746004,472411.62112746004,8366.316447324267
6027,458848.00501768885,84720.38481655437,374127.6202011345,458848.00501768885,8366.316447324267
6028,458848.7659586182,200215.6332901103,258633.1326685079,458848.7659586182,8366.316447324267
6029,458849.5268995476,297419.3625725238,161430.16432702378,458849.5268995476,8366.316447324267
6030,458850.287840477,248764.19860713946,210086.08923333755,458850.287840477,8366.316447324267
6031,458851.04878140637,276565.5136688062,182285.5351126002,458851.04878140637,8366.316447324267
6032,458851.8097223358,246058.975451467,212792.83427086877,458851.8097223358,8366.316447324267
6033,458852.5706632652,376657.9471389972,82194.62352426798,458852.5706632652,8366.316447324267
6034,458853.33160419465,366742.62857650884,92110.70302768583,458853.33160419465,8366.316447324267
6035,458854.0925451241,347373.1294967536,111480.96304837051,458854.0925451241,8366.316447324267
6036,458854.8534860534,304236.3566346626,154618.4968513908,458854.8534860534,8366.316447324267
6037,458855.6144269828,188252.40862575074,270603.2058012321,458855.6144269828,8366.316447324267
6038,458856.3753679123,115717.73741921992,343138.63794869237,458856.3753679123,8366.316447324267
6039,458857.1363088416,77479.01789818506,381378.1184106565,458857.1363088416,8366.316447324267
6040,458857.8972497711,14354.388287078182,444503.5089626929,458857.8972497711,8366.316447324267
6041,458858.65819070046,52894.93306599429,405963.72512470616,458858.65819070046,8366.316447324267
6042,480000.0,0.0,480000.0,480000.0,8366.316447324267
6043,480000.0,0.0,480000.0,480000.0,8366.316447324267
6044,480000.0,0.0,480000.0,480000.0,8366.316447324267
6045,480000.0,0.0,480000.0,480000.0,8366.316447324267
6046,480000.0,0.0,480000.0,480000.0,8366.316447324267
6047,480000.0,0.0,480000.0,480000.0,8366.316447324267
6048,480000.0,0.0,480000.0,480000.0,8366.316447324267
6049,480000.0,0.0,480000.0,480000.0,8366.316447324267
6050,480000.0,0.0,480000.0,480000.0,8366.316447324267
6051,480000.0,0.0,480000.0,480000.0,8366.316447324267
6052,480000.0,0.0,480000.0,480000.0,8366.316447324267
6053,480000.0,0.0,480000.0,480000.0,8366.316447324267
6054,480000.0,0.0,480000.0,480000.0,8366.316447324267
6055,480000.0,0.0,480000.0,480000.0,8366.316447324267
6056,480000.0,0.0,480000.0,480000.0,8366.316447324267
6057,458870.83324557083,206115.81195555278,252755.02129001805,458870.83324557083,8366.316447324267
6058,458871.5941865002,246267.63142663296,212603.96275986722,458871.5941865002,8366.316447324267
6059,458872.3551274297,55131.924290835974,403740.43083659373,458872.3551274297,8366.316447324267
6060,458873.11606835906,19606.464027796523,439266.65204056253,458873.11606835906,8366.316447324267
6061,458873.8770092885,32588.034277769853,426285.8427315187,458873.8770092885,8366.316447324267
6062,464224.21378456085,0.0,464224.21378456085,464224.21378456085,8366.316447324267
6063,458915.3381394463,0.0,458915.3381394463,458915.3381394463,8366.316447324267
6064,480000.0,0.0,480000.0,480000.0,8366.316447324267
6065,480000.0,0.0,480000.0,480000.0,8366.316447324267
6066,480000.0,0.0,480000.0,480000.0,8366.316447324267
6067,480000.0,0.0,480000.0,480000.0,8366.316447324267
6068,480000.0,0.0,480000.0,480000.0,8366.316447324267
6069,458879.96453672374,429923.8886687779,28956.075867945827,458879.96453672374,8366.316447324267
6070,458880.725477653,315755.63343992876,143125.09203772424,458880.725477653,8366.316447324267
6071,480000.0,0.0,480000.0,480000.0,8366.316447324267
6072,480000.0,0.0,480000.0,480000.0,8366.316447324267
6073,480000.0,0.0,480000.0,480000.0,8366.316447324267
6074,458883.7692413707,13321.991510420223,445561.7777309505,458883.7692413707,8366.316447324267
6075,458884.5301823001,303055.43442046124,155829.09576183883,458884.5301823001,8366.316447324267
6076,458885.2911232295,296242.7862827355,162642.50484049396,458885.2911232295,8366.316447324267
6077,458886.052064159,458886.052064159,0.0,458886.052064159,8366.316447324267
6078,458886.8130050883,387788.1912046026,71098.62180048571,458886.8130050883,8366.316447324267
6079,458887.57394601766,458887.57394601766,0.0,458887.57394601766,8366.316447324267
6080,458888.3348869471,458888.3348869471,0.0,458888.3348869471,8366.316447324267
6081,458889.0958278765,458889.0958278765,0.0,458889.0958278765,8366.316447324267
6082,458889.856768806,458889.856768806,0.0,458889.856768806,8366.316447324267
6083,458890.6177097353,458890.6177097353,0.0,458890.6177097353,8366.316447324267
6084,458891.37865066464,433817.54252862674,25073.836122037905,458891.37865066464,8366.316447324267
6085,458892.1395915941,402922.8700530305,55969.26953856363,458892.1395915941,8366.316447324267
6086,458892.9005325235,377232.8615270356,81660.03900548794,458892.9005325235,8366.316447324267
6087,458893.6614734529,408958.0756551815,49935.58581827146,458893.6614734529,8366.316447324267
6088,458894.42241438234,411012.1310436491,47882.291370733255,458894.42241438234,8366.316447324267
6089,458895.18335531175,397127.79687209777,61767.38648321401,458895.18335531175,8366.316447324267
6090,458895.94429624116,334307.64620828774,124588.29808795342,458895.94429624116,8366.316447324267
6091,458896.70523717056,282386.1798692364,176510.52536793414,458896.70523717056,8366.316447324267
6092,458897.4661781,353667.56072093477,105229.9054571652,458897.4661781,8366.316447324267
6093,458898.2271190293,313750.0087571125,145148.21836191684,458898.2271190293,8366.316447324267
6094,458898.9880599587,297354.0064039156,161544.98165604312,458898.9880599587,8366.316447324267
6095,458899.7490008882,140561.46566044702,318338.2833404412,458899.7490008882,8366.316447324267
6096,458900.50994181755,167810.43292391516,291090.0770179024,458900.50994181755,8366.316447324267
6097,458901.27088274685,45273.37950318208,413627.89137956477,458901.27088274685,8366.316447324267
6098,458902.03182367637,229164.2187950942,229737.81302858217,458902.03182367637,8366.316447324267
6099,458902.7927646057,384826.9154190981,74075.87734550759,458902.7927646057,8366.316447324267
6100,458903.5537055352,203461.31069124892,255442.24301428627,458903.5537055352,8366.316447324267
6101,458904.3146464646,94642.36011195485,364261.95453450974,458904.3146464646,8366.316447324267
6102,458905.0755873939,1114.336462795036,457790.73912459885,458905.0755873939,8366.316447324267
6103,458905.8365283234,3225.2309303086367,455680.6055980148,458905.8365283234,8366.316447324267
6104,458906.5974692528,233183.05287541792,225723.5445938349,458906.5974692528,8366.316447324267
6105,458907.3584101821,194950.09391506895,263957.26449511317,458907.3584101821,8366.316447324267
6106,458908.1193511116,112845.87992383091,346062.23942728067,458908.1193511116,8366.316447324267
6107,458908.88029204094,134754.97726571874,324153.9030263222,458908.88029204094,8366.316447324267
6108,458909.6412329704,59844.10924453358,399065.5319884368,458909.6412329704,8366.316447324267
6109,458910.4021738998,46598.409803794406,412311.9923701054,458910.4021738998,8366.316447324267
6110,458911.1631148291,26774.027678577288,432137.1354362518,458911.1631148291,8366.316447324267
6111,458911.9240557586,11101.744417250971,447810.1796385076,458911.9240557586,8366.316447324267
6112,458912.6849966879,93649.87974528788,365262.80525140004,458912.6849966879,8366.316447324267
6113,480000.0,0.0,480000.0,480000.0,8366.316447324267
6114,475280.1587532682,0.0,475280.1587532682,475280.1587532682,8366.316447324267
6115,480000.0,0.0,480000.0,480000.0,8366.316447324267
6116,480000.0,0.0,480000.0,480000.0,8366.316447324267
6117,480000.0,0.0,480000.0,480000.0,8366.316447324267
6118,480000.0,0.0,480000.0,480000.0,8366.316447324267
6119,480000.0,0.0,480000.0,480000.0,8366.316447324267
6120,480000.0,0.0,480000.0,480000.0,8366.316447324267
6121,462015.99609581276,0.0,462015.99609581276,462015.99609581276,8366.316447324267
6122,458920.294405982,80129.0177750588,378791.2766309232,458920.294405982,8366.316447324267
6123,458921.05534691137,17647.154348829703,441273.90099808166,458921.05534691137,8366.316447324267
6124,458921.81628784083,68578.29304378032,390343.5232440605,458921.81628784083,8366.316447324267
6125,458922.5772287702,225239.92997882978,233682.6472499404,458922.5772287702,8366.316447324267
6126,458923.33816969953,72148.71471880964,386774.6234508899,458923.33816969953,8366.316447324267
6127,458924.09911062906,206769.14624242517,252154.9528682039,458924.09911062906,8366.316447324267
6128,458924.86005155835,429769.80643906305,29155.053612495336,458924.86005155835,8366.316447324267
6129,458925.6209924879,386632.80579793087,72292.81519455701,458925.6209924879,8366.316447324267
6130,458926.38193341723,421373.83955933584,37552.5423740814,458926.38193341723,8366.316447324267
6131,458927.14287434664,417525.2357295348,41401.90714481184,458927.14287434664,8366.316447324267
6132,458927.903815276,421887.8984017394,37040.005413536586,458927.903815276,8366.316447324267
6133,458928.6647562054,432088.62003211485,26840.044724090556,458928.6647562054,8366.316447324267
6134,458929.4256971349,434166.6114018573,24762.81429527764,458929.4256971349,8366.316447324267
6135,458930.1866380642,440365.2356667009,18564.950971363352,458930.1866380642,8366.316447324267
6136,458930.9475789936,457594.6321892546,1336.31538973901,458930.9475789936,8366.316447324267
6137,458931.70851992304,442971.2236300678,15960.48488985528,458931.70851992304,8366.316447324267
6138,458932.4694608524,458932.4694608524,0.0,458932.4694608524,8366.316447324267
6139,458933.2304017818,448822.2922193467,10110.938182435117,458933.2304017818,8366.316447324267
6140,458933.99134271126,445605.6914696209,13328.299873090331,458933.99134271126,8366.316447324267
6141,458934.7522836406,457598.4368939016,1336.31538973901,458934.7522836406,8366.316447324267
6142,458935.5132245701,425065.2796020913,33870.23362247881,458935.5132245701,8366.316447324267
6143,458936.2741654995,391676.59976587514,67259.67439962432,458936.2741654995,8366.316447324267
6144,458937.03510642884,402079.5291495781,56857.505956850735,458937.03510642884,8366.316447324267
6145,458937.79604735825,396737.36553079647,62200.43051656177,458937.79604735825,8366.316447324267
6146,458938.5569882876,264082.50799190963,194856.048996378,458938.5569882876,8366.316447324267
6147,458939.3179292171,302217.87845950935,156721.43946970775,458939.3179292171,8366.316447324267
6148,458940.0788701465,118338.11940215784,340601.95946798864,458940.0788701465,8366.316447324267
6149,458940.8398110759,34076.46396574739,424864.3758453285,458940.8398110759,8366.316447324267
6150,458941.60075200524,140233.11062811496,318708.4901238903,458941.60075200524,8366.316447324267
6151,458942.36169293465,220768.35819542082,238174.00349751383,458942.36169293465,8366.316447324267
6152,458943.12263386394,335976.6309025773,122966.49173128666,458943.12263386394,8366.316447324267
6153,458943.88357479346,389474.4122786438,69469.47129614968,458943.88357479346,8366.316447324267
6154,458944.6445157229,376453.19386845233,82491.45064727057,458944.6445157229,8366.316447324267
6155,458945.40545665234,339454.36022439256,119491.04523225978,458945.40545665234,8366.316447324267
6156,458946.1663975817,357656.2014329315,101289.96496465016,458946.1663975817,8366.316447324267
6157,458946.92733851104,341225.96394066804,117720.96339784299,458946.92733851104,8366.316447324267
6158,458947.68827944057,357180.5372716944,101767.15100774616,458947.68827944057,8366.316447324267
6159,458948.4492203698,300300.828428498,158647.62079187183,458948.4492203698,8366.316447324267
6160,458949.2101612993,304589.432263226,154359.7778980733,458949.2101612993,8366.316447324267
6161,458949.97110222874,143092.28658463585,315857.6845175929,458949.97110222874,8366.316447324267
6162,470501.6394617509,0.0,470501.6394617509,470501.6394617509,8366.316447324267
6163,480000.0,0.0,480000.0,480000.0,8366.316447324267
6164,480000.0,0.0,480000.0,480000.0,8366.316447324267
6165,480000.0,0.0,480000.0,480000.0,8366.316447324267
6166,480000.0,0.0,480000.0,480000.0,8366.316447324267
6167,480000.0,0.0,480000.0,480000.0,8366.316447324267
6168,458955.29768873454,16865.03002846049,442090.26766027405,458955.29768873454,8366.316447324267
6169,480000.0,0.0,480000.0,480000.0,8366.316447324267
6170,474554.39210910746,0.0,474554.39210910746,474554.39210910746,8366.316447324267
6171,479465.6200202604,0.0,479465.6200202604,479465.6200202604,8366.316447324267
6172,480000.0,0.0,480000.0,480000.0,8366.316447324267
6173,458959.1023933816,28386.00443318719,430573.0979601944,458959.1023933816,8366.316447324267
6174,458959.8633343109,410503.8285694626,48456.0347648483,458959.8633343109,8366.316447324267
6175,458960.6242752403,15604.252313803416,443356.3719614369,458960.6242752403,8366.316447324267
6176,458961.38521616976,30239.051492136787,428722.333724033,458961.38521616976,8366.316447324267
6177,458962.14615709905,134202.73299008602,324759.41316701303,458962.14615709905,8366.316447324267
6178,458962.90709802846,363654.5574801004,95308.349617928,458962.90709802846,8366.316447324267
6179,458963.6680389579,458963.6680389579,0.0,458963.6680389579,8366.316447324267
6180,458964.4289798873,458964.4289798873,0.0,458964.4289798873,8366.316447324267
6181,458965.1899208168,430252.9552957308,28712.234625085992,458965.1899208168,8366.316447324267
6182,458965.9508617461,366832.5595923086,92133.39126943753,458965.9508617461,8366.316447324267
6183,458966.7118026755,234535.90730725706,224430.80449541844,458966.7118026755,8366.316447324267
6184,458967.472743605,275699.1839158861,183268.28882771888,458967.472743605,8366.316447324267
6185,458968.2336845343,179188.88370929426,279779.34997524007,458968.2336845343,8366.316447324267
6186,458968.9946254638,124309.6406305423,334659.3539949215,458968.9946254638,8366.316447324267
6187,458969.75556639314,29155.098995765788,429814.65657062735,458969.75556639314,8366.316447324267
6188,458970.5165073225,63841.97434963542,395128.5421576871,458970.5165073225,8366.316447324267
6189,458971.27744825196,128934.33102484804,330036.9464234039,458971.27744825196,8366.316447324267
6190,458972.0383891813,153465.9400729041,305506.0983162772,458972.0383891813,8366.316447324267
6191,458972.79933011066,138411.96258314018,320560.8367469705,458972.79933011066,8366.316447324267
6192,480000.0,0.0,480000.0,480000.0,8366.316447324267
6193,458974.32121196954,31411.35343114281,427562.96778082673,458974.32121196954,8366.316447324267
6194,480000.0,0.0,480000.0,480000.0,8366.316447324267
6195,480000.0,0.0,480000.0,480000.0,8366.316447324267
6196,480000.0,0.0,480000.0,480000.0,8366.316447324267
6197,480000.0,0.0,480000.0,480000.0,8366.316447324267
6198,458978.1259166166,3305.442041360424,455672.68387525616,458978.1259166166,8366.316447324267
6199,458978.8868575459,120022.19044830475,338956.6964092411,458978.8868575459,8366.316447324267
6200,458979.64779847534,370452.8915314033,88526.75626707205,458979.64779847534,8366.316447324267
6201,458980.40873940475,387999.51902931515,70980.88971008958,458980.40873940475,8366.316447324267
6202,458981.1696803342,398992.4828970919,59988.68678324232,458981.1696803342,8366.316447324267
6203,458981.9306212635,412943.6889971322,46038.24162413135,458981.9306212635,8366.316447324267
6204,458982.69156219286,396551.37036018027,62431.3212020126,458982.69156219286,8366.316447324267
6205,458983.4525031224,413439.92802376393,45543.52447935847,458983.4525031224,8366.316447324267
6206,458984.21344405174,409762.42182366643,49221.791620385324,458984.21344405174,8366.316447324267
6207,458984.9743849812,404416.66808060976,54568.30630437147,458984.9743849812,8366.316447324267
6208,458985.7353259106,405173.3703890761,53812.36493683448,458985.7353259106,8366.316447324267
6209,458986.4962668399,392762.85088631336,66223.64538052653,458986.4962668399,8366.316447324267
6210,458987.25720776943,340714.335246247,118272.92196152243,458987.25720776943,8366.316447324267
6211,458988.01814869884,235170.62806782196,223817.39008087688,458988.01814869884,8366.316447324267
6212,458988.77908962814,117816.31743761018,341172.46165201796,458988.77908962814,8366.316447324267
6213,480000.0,0.0,480000.0,480000.0,8366.316447324267
6214,480000.0,0.0,480000.0,480000.0,8366.316447324267
6215,480000.0,0.0,480000.0,480000.0,8366.316447324267
6216,480000.0,0.0,480000.0,480000.0,8366.316447324267
6217,478051.7495893823,0.0,478051.7495893823,478051.7495893823,8366.316447324267
6218,458993.3447352046,26998.908331058454,431994.43640414614,458993.3447352046,8366.316447324267
6219,458994.10567613394,112210.68085872883,346783.4248174051,458994.10567613394,8366.316447324267
6220,458994.86661706347,89335.63264609734,369659.23397096613,458994.86661706347,8366.316447324267
6221,458995.6275579928,42647.582609978446,416348.0449480144,458995.6275579928,8366.316447324267
6222,458996.38849892217,30861.781184825348,428134.6073140968,458996.38849892217,8366.316447324267
6223,458997.1494398517,70060.28511098016,388936.86432887154,458997.1494398517,8366.316447324267
6224,458997.910380781,168170.74406662863,290827.16631415236,458997.910380781,8366.316447324267
6225,458998.6713217104,382465.40502419084,76533.26629751957,458998.6713217104,8366.316447324267
6226,458999.43226263986,363435.10788599594,95564.32437664391,458999.43226263986,8366.316447324267
6227,459000.19320356916,278804.50649079605,180195.6867127731,459000.19320356916,8366.316447324267
6228,459000.9541444987,312349.36228128563,146651.59186321305,459000.9541444987,8366.316447324267
6229,459001.71508542803,328072.4016586629,130929.31342676516,459001.71508542803,8366.316447324267
6230,459002.4760263574,283135.0117670505,175867.46425930687,459002.4760263574,8366.316447324267
6231,459003.23696728685,328842.1054243454,130161.13154294142,459003.23696728685,8366.316447324267
6232,459003.9979082162,268635.81322838867,190368.18467982757,459003.9979082162,8366.316447324267
6233,459004.75884914567,86848.67748851218,372156.0813606335,459004.75884914567,8366.316447324267
6234,466778.97334759845,0.0,466778.97334759845,466778.97334759845,8366.316447324267
6235,459006.28073100443,112700.64718139684,346305.6335496076,459006.28073100443,8366.316447324267
6236,462990.71379010787,0.0,462990.71379010787,462990.71379010787,8366.316447324267
6237,480000.0,0.0,480000.0,480000.0,8366.316447324267
6238,480000.0,0.0,480000.0,480000.0,8366.316447324267
6239,480000.0,0.0,480000.0,480000.0,8366.316447324267
6240,459010.0854356514,77541.96584549034,381468.1195901611,459010.0854356514,8366.316447324267
6241,459010.84637658094,42978.13757729792,416032.708799283,459010.84637658094,8366.316447324267
6242,459011.60731751024,182444.66854907735,276566.9387684329,459011.60731751024,8366.316447324267
6243,459012.36825843964,110907.00620400952,348105.3620544301,459012.36825843964,8366.316447324267
6244,480000.0,0.0,480000.0,480000.0,8366.316447324267
6245,480000.0,0.0,480000.0,480000.0,8366.316447324267
6246,480000.0,0.0,480000.0,480000.0,8366.316447324267
6247,459015.4120221573,58557.45052261208,400457.9614995452,459015.4120221573,8366.316447324267
6248,459016.17296308663,147598.4674476211,311417.7055154655,459016.17296308663,8366.316447324267
6249,459016.9339040161,42039.1289841244,416977.8049198917,459016.9339040161,8366.316447324267
6250,464150.6881484187,0.0,464150.6881484187,464150.6881484187,8366.316447324267
6251,459018.4557858748,47621.228954060876,411397.2268318139,459018.4557858748,8366.316447324267
6252,459019.21672680427,45293.80237272859,413725.4143540757,459019.21672680427,8366.316447324267
6253,459019.9776677337,6167.137703803368,452852.8399639303,459019.9776677337,8366.316447324267
6254,459020.7386086631,104657.31188049453,354363.42672816856,459020.7386086631,8366.316447324267
6255,480000.0,0.0,480000.0,480000.0,8366.316447324267
6256,478311.66080908256,0.0,478311.66080908256,478311.66080908256,8366.316447324267
6257,459023.02143145126,7632.816322939121,451390.20510851213,459023.02143145126,8366.316447324267
6258,480000.0,0.0,480000.0,480000.0,8366.316447324267
6259,480000.0,0.0,480000.0,480000.0,8366.316447324267
6260,480000.0,0.0,480000.0,480000.0,8366.316447324267
6261,480000.0,0.0,480000.0,480000.0,8366.316447324267
6262,480000.0,0.0,480000.0,480000.0,8366.316447324267
6263,480000.0,0.0,480000.0,480000.0,8366.316447324267
6264,480000.0,0.0,480000.0,480000.0,8366.316447324267
6265,480000.0,0.0,480000.0,480000.0,8366.316447324267
6266,480000.0,0.0,480000.0,480000.0,8366.316447324267
6267,480000.0,0.0,480000.0,480000.0,8366.316447324267
6268,480000.0,0.0,480000.0,480000.0,8366.316447324267
6269,480000.0,0.0,480000.0,480000.0,8366.316447324267
6270,480000.0,0.0,480000.0,480000.0,8366.316447324267
6271,480000.0,0.0,480000.0,480000.0,8366.316447324267
6272,459034.4355453922,78386.73878713674,380647.6967582555,459034.4355453922,8366.316447324267
6273,459035.19648632174,39116.246731613355,419918.9497547084,459035.19648632174,8366.316447324267
6274,459035.95742725115,32675.90042431024,426360.0570029409,459035.95742725115,8366.316447324267
6275,459036.71836818056,28524.296198699216,430512.42216948135,459036.71836818056,8366.316447324267
6276,459037.4793091099,75581.05434276903,383456.4249663409,459037.4793091099,8366.316447324267
6277,459038.2402500393,32191.825978985114,426846.4142710542,459038.2402500393,8366.316447324267
6278,480000.0,0.0,480000.0,480000.0,8366.316447324267
6279,480000.0,0.0,480000.0,480000.0,8366.316447324267
6280,480000.0,0.0,480000.0,480000.0,8366.316447324267
6281,480000.0,0.0,480000.0,480000.0,8366.316447324267
6282,480000.0,0.0,480000.0,480000.0,8366.316447324267
6283,480000.0,0.0,480000.0,480000.0,8366.316447324267
6284,459043.566836545,273624.2713170876,185419.29551945746,459043.566836545,8366.316447324267
6285,459044.3277774745,307505.31474924245,151539.01302823203,459044.3277774745,8366.316447324267
6286,459045.08871840395,302521.8770474937,156523.21167091024,459045.08871840395,8366.316447324267
6287,459045.84965933335,147657.06113177934,311388.788527554,459045.84965933335,8366.316447324267
6288,459046.61060026276,200494.25338028846,258552.3572199743,459046.61060026276,8366.316447324267
6289,459047.3715411922,207858.06097409318,251189.310567099,459047.3715411922,8366.316447324267
6290,459048.1324821215,229151.23857906403,229896.8939030575,459048.1324821215,8366.316447324267
6291,459048.893423051,280242.38118039444,178806.51224265652,459048.893423051,8366.316447324267
6292,459049.65436398034,130836.32365868002,328213.3307053003,459049.65436398034,8366.316447324267
6293,459050.4153049098,82297.6685182642,376752.7467866456,459050.4153049098,8366.316447324267
6294,459051.17624583916,72808.65801034955,386242.5182354896,459051.17624583916,8366.316447324267
6295,459051.93718676857,89210.96034618886,369840.9768405797,459051.93718676857,8366.316447324267
6296,459052.6981276979,113517.19201438688,345535.50611331104,459052.6981276979,8366.316447324267
6297,459053.45906862733,232991.61760667808,226061.84146194925,459053.45906862733,8366.316447324267
6298,459054.2200095567,215729.2356158548,243324.9843937019,459054.2200095567,8366.316447324267
6299,459054.98095048615,140484.54682149523,318570.4341289909,459054.98095048615,8366.316447324267
6300,459055.74189141556,25958.72809223662,433097.01379917894,459055.74189141556,8366.316447324267
6301,459056.50283234497,37997.222655420366,421059.2801769246,459056.50283234497,8366.316447324267
6302,471244.2831305364,0.0,471244.2831305364,471244.2831305364,8366.316447324267
6303,466448.2686170835,0.0,466448.2686170835,466448.2686170835,8366.316447324267
6304,459058.78565513325,75728.46133930562,383330.32431582763,459058.78565513325,8366.316447324267
6305,459059.5465960626,298625.5704736785,160433.9761223841,459059.5465960626,8366.316447324267
6306,459060.307536992,350456.7466014843,108603.56093550772,459060.307536992,8366.316447324267
6307,459061.0684779214,157827.10166132188,301233.96681659954,459061.0684779214,8366.316447324267
6308,480000.0,0.0,480000.0,480000.0,8366.316447324267
6309,480000.0,0.0,480000.0,480000.0,8366.316447324267
6310,480000.0,0.0,480000.0,480000.0,8366.316447324267
6311,480000.0,0.0,480000.0,480000.0,8366.316447324267
6312,469438.84848889196,0.0,469438.84848889196,469438.84848889196,8366.316447324267
6313,480000.0,0.0,480000.0,480000.0,8366.316447324267
6314,480000.0,0.0,480000.0,480000.0,8366.316447324267
6315,480000.0,0.0,480000.0,480000.0,8366.316447324267
6316,480000.0,0.0,480000.0,480000.0,8366.316447324267
6317,476730.82281102636,0.0,476730.82281102636,476730.82281102636,8366.316447324267
6318,471600.20775532804,0.0,471600.20775532804,471600.20775532804,8366.316447324267
6319,459070.19976907416,230007.22961185256,229062.9701572216,459070.19976907416,8366.316447324267
6320,459070.9607100036,413505.33152638894,45565.62918361468,459070.9607100036,8366.316447324267
6321,459071.721650933,402063.59817524336,57008.12347568961,459071.721650933,8366.316447324267
6322,459072.4825918625,383359.3540424312,75713.12854943126,459072.4825918625,8366.316447324267
6323,459073.24353279173,343058.5617193737,116014.68181341808,459073.24353279173,8366.316447324267
6324,459074.00447372114,330305.82479728886,128768.17967643231,459074.00447372114,8366.316447324267
6325,459074.76541465067,343620.17304209794,115454.5923725527,459074.76541465067,8366.316447324267
6326,459075.52635557996,337814.42004490434,121261.1063106756,459075.52635557996,8366.316447324267
6327,459076.28729650937,362419.15182456374,96657.13547194566,459076.28729650937,8366.316447324267
6328,459077.04823743884,384625.2333032843,74451.81493415456,459077.04823743884,8366.316447324267
6329,459077.8091783682,373735.2183885617,85342.59078980649,459077.8091783682,8366.316447324267
6330,459078.5701192977,338164.1491482551,120914.42097104262,459078.5701192977,8366.316447324267
6331,459079.33106022706,359406.74016928877,99672.59089093829,459079.33106022706,8366.316447324267
6332,459080.0920011564,411632.46929110173,47447.62271005467,459080.0920011564,8366.316447324267
6333,459080.8529420858,414760.79616134404,44320.056780741776,459080.8529420858,8366.316447324267
6334,459081.61388301523,430831.42899005127,28250.184892963945,459081.61388301523,8366.316447324267
6335,459082.3748239447,429904.16731464025,29178.207509304433,459082.3748239447,8366.316447324267
6336,459083.13576487405,418226.0769783888,40857.05878648526,459083.13576487405,8366.316447324267
6337,459083.8967058034,425291.16634667927,33792.73035912413,459083.8967058034,8366.316447324267
6338,459084.6576467328,425564.87230450974,33519.78534222307,459084.6576467328,8366.316447324267
6339,459085.4185876622,414529.62879722327,44555.789790438976,459085.4185876622,8366.316447324267
6340,459086.17952859175,407353.62058767135,51732.558940920404,459086.17952859175,8366.316447324267
6341,459086.94046952104,413551.17437307903,45535.76609644199,459086.94046952104,8366.316447324267
6342,459087.70141045045,405287.68078551645,53800.020624934004,459087.70141045045,8366.316447324267
6343,459088.4623513799,415416.61019014474,43671.85216123517,459088.4623513799,8366.316447324267
6344,459089.22329230927,414717.43850265344,44371.78478965584,459089.22329230927,8366.316447324267
6345,459089.9842332387,440839.8917057724,18250.092527466277,459089.9842332387,8366.316447324267
6346,459090.7451741681,434138.7697156001,24951.975458567937,459090.7451741681,8366.316447324267
6347,459091.50611509744,432009.65670633625,27081.849408761213,459091.50611509744,8366.316447324267
6348,459092.2670560269,435423.2782195242,23668.98883650271,459092.2670560269,8366.316447324267
6349,459093.0279969563,438463.5696871641,20629.45830979222,459093.0279969563,8366.316447324267
6350,459093.7889378856,433718.14069832384,25375.648239561775,459093.7889378856,8366.316447324267
6351,459094.5498788151,425441.52062052046,33653.02925829464,459094.5498788151,8366.316447324267
6352,459095.3108197444,416006.4717898311,43088.83902991329,459095.3108197444,8366.316447324267
6353,459096.0717606739,396732.1284085178,62363.943352156064,459096.0717606739,8366.316447324267
6354,459096.8327016033,348359.64366655966,110737.18903504363,459096.8327016033,8366.316447324267
6355,459097.59364253265,220524.51867095704,238573.0749715756,459097.59364253265,8366.316447324267
6356,459098.3545834621,167465.32797637396,291633.02660708816,459098.3545834621,8366.316447324267
6357,459099.1155243915,107034.85711512831,352064.2584092632,459099.1155243915,8366.316447324267
6358,459099.8764653208,56787.05071541725,402312.82574990357,459099.8764653208,8366.316447324267
6359,459100.6374062503,83424.67445407575,375675.96295217454,459100.6374062503,8366.316447324267
6360,480000.0,0.0,480000.0,480000.0,8366.316447324267
6361,480000.0,0.0,480000.0,480000.0,8366.316447324267
6362,480000.0,0.0,480000.0,480000.0,8366.316447324267
6363,480000.0,0.0,480000.0,480000.0,8366.316447324267
6364,480000.0,0.0,480000.0,480000.0,8366.316447324267
6365,480000.0,0.0,480000.0,480000.0,8366.316447324267
6366,480000.0,0.0,480000.0,480000.0,8366.316447324267
6367,480000.0,0.0,480000.0,480000.0,8366.316447324267
6368,459107.48587461485,102130.72334162594,356976.7625329889,459107.48587461485,8366.316447324267
6369,459108.2468155444,278319.7529852213,180788.4938303231,459108.2468155444,8366.316447324267
6370,459109.0077564737,218318.5865442942,240790.42121217947,459109.0077564737,8366.316447324267
6371,459109.7686974031,227333.36611472067,231776.4025826824,459109.7686974031,8366.316447324267
6372,459110.52963833255,249584.27696588202,209526.25267245053,459110.52963833255,8366.316447324267
6373,459111.29057926184,273761.600304235,185349.69027502683,459111.29057926184,8366.316447324267
6374,459112.05152019137,240812.0803628138,218299.97115737756,459112.05152019137,8366.316447324267
6375,459112.8124611207,229601.13134113033,229511.6811199904,459112.8124611207,8366.316447324267
6376,459113.57340205007,202923.86020168613,256189.71320036394,459113.57340205007,8366.316447324267
6377,459114.33434297953,147026.66426708573,312087.6700758938,459114.33434297953,8366.316447324267
6378,480000.0,0.0,480000.0,480000.0,8366.316447324267
6379,480000.0,0.0,480000.0,480000.0,8366.316447324267
6380,480000.0,0.0,480000.0,480000.0,8366.316447324267
6381,480000.0,0.0,480000.0,480000.0,8366.316447324267
6382,480000.0,0.0,480000.0,480000.0,8366.316447324267
6383,480000.0,0.0,480000.0,480000.0,8366.316447324267
6384,480000.0,0.0,480000.0,480000.0,8366.316447324267
6385,480000.0,0.0,480000.0,480000.0,8366.316447324267
6386,480000.0,0.0,480000.0,480000.0,8366.316447324267
6387,480000.0,0.0,480000.0,480000.0,8366.316447324267
6388,480000.0,0.0,480000.0,480000.0,8366.316447324267
6389,480000.0,0.0,480000.0,480000.0,8366.316447324267
6390,460467.08138712373,0.0,460467.08138712373,460467.08138712373,8366.316447324267
6391,460737.36936222273,0.0,460737.36936222273,460737.36936222273,8366.316447324267
6392,459125.7484569205,141595.76936702442,317529.9790898961,459125.7484569205,8366.316447324267
6393,459126.50939784996,358391.7084237751,100734.80097407487,459126.50939784996,8366.316447324267
6394,459127.2703387793,383816.51528758125,75310.75505119805,459127.2703387793,8366.316447324267
6395,459128.0312797088,364863.85282328475,94264.17845642405,459128.0312797088,8366.316447324267
6396,459128.79222063813,333467.5599358798,125661.23228475839,459128.79222063813,8366.316447324267
6397,459129.55316156754,330797.9295448633,128331.62361670424,459129.55316156754,8366.316447324267
6398,459130.314102497,335563.79320597654,123566.52089652047,459130.314102497,8366.316447324267
6399,459131.07504342636,352883.8867767184,106247.18826670796,459131.07504342636,8366.316447324267
6400,459131.83598435577,388600.8266465899,70531.00933776586,459131.83598435577,8366.316447324267
6401,459132.5969252852,399659.6950046814,59472.901920603785,459132.5969252852,8366.316447324267
6402,459133.3578662146,187864.0252827863,271269.3325834283,459133.3578662146,8366.316447324267
6403,459134.11880714394,65647.12676346017,393486.9920436838,459134.11880714394,8366.316447324267
6404,459134.87974807335,229662.82931714898,229472.05043092437,459134.87974807335,8366.316447324267
6405,459135.6406890027,12892.179816884862,446243.46087211784,459135.6406890027,8366.316447324267
6406,468687.297487337,0.0,468687.297487337,468687.297487337,8366.316447324267
6407,459137.1625708616,36495.70350764791,422641.45906321367,459137.1625708616,8366.316447324267
6408,459137.92351179104,92319.11668816471,366818.80682362634,459137.92351179104,8366.316447324267
6409,459138.6844527204,106078.71133253956,353059.97312018083,459138.6844527204,8366.316447324267
6410,459139.44539364974,232614.23379494846,226525.21159870128,459139.44539364974,8366.316447324267
6411,459140.20633457927,247459.8620923222,211680.34424225707,459140.20633457927,8366.316447324267
6412,459140.96727550856,275451.7880399514,183689.17923555715,459140.96727550856,8366.316447324267
6413,459141.728216438,317867.1692960438,141274.5589203942,459141.728216438,8366.316447324267
6414,459142.48915736744,271960.45641372784,187182.0327436396,459142.48915736744,8366.316447324267
6415,459143.25009829673,296830.6916166824,162312.55848161434,459143.25009829673,8366.316447324267
6416,459144.0110392262,356875.1058419058,102268.90519732038,459144.0110392262,8366.316447324267
6417,459144.7719801556,427584.35359269363,31560.418387462,459144.7719801556,8366.316447324267
6418,459145.5329210849,442360.3528885899,16785.180032495013,459145.5329210849,8366.316447324267
6419,459146.2938620144,450240.8931852474,8905.400676767027,459146.2938620144,8366.316447324267
6420,459147.0548029438,441764.7399835942,17382.314819349565,459147.0548029438,8366.316447324267
6421,459147.81574387325,459147.81574387325,0.0,459147.81574387325,8366.316447324267
6422,459148.57668480265,441017.40375093033,18131.172933872334,459148.57668480265,8366.316447324267
6423,459149.337625732,427655.41262222774,31493.925003504242,459149.337625732,8366.316447324267
6424,459150.0985666615,401628.9104102194,57521.18815644208,459150.0985666615,8366.316447324267
6425,459150.8595075908,381635.97760045965,77514.88190713119,459150.8595075908,8366.316447324267
6426,459151.6204485203,264261.83556865563,194889.78487986463,459151.6204485203,8366.316447324267
6427,459152.38138944964,229283.61523083222,229868.76615861742,459152.38138944964,8366.316447324267
6428,459153.142330379,204033.5558192417,255119.58651113728,459153.142330379,8366.316447324267
6429,459153.9032713085,156527.34020633932,302626.5630649692,459153.9032713085,8366.316447324267
6430,480000.0,0.0,480000.0,480000.0,8366.316447324267
6431,480000.0,0.0,480000.0,480000.0,8366.316447324267
6432,462849.6528547504,0.0,462849.6528547504,462849.6528547504,8366.316447324267
6433,459156.947035026,9523.242259748746,449633.70477527723,459156.947035026,8366.316447324267
6434,459157.70797595545,45317.41994310089,413840.28803285456,459157.70797595545,8366.316447324267
6435,459158.46891688486,19658.68725923408,439499.7816576508,459158.46891688486,8366.316447324267
6436,459159.2298578142,18503.49904506217,440655.73081275204,459159.2298578142,8366.316447324267
6437,480000.0,0.0,480000.0,480000.0,8366.316447324267
6438,476406.7164594368,0.0,476406.7164594368,476406.7164594368,8366.316447324267
6439,480000.0,0.0,480000.0,480000.0,8366.316447324267
6440,459162.27362153184,77063.3152159442,382098.95840558765,459162.27362153184,8366.316447324267
6441,459163.03456246125,328249.6545427234,130913.38001973786,459163.03456246125,8366.316447324267
6442,459163.79550339066,334077.12757869513,125086.66792469552,459163.79550339066,8366.316447324267
6443,459164.55644432,282667.78932548873,176496.76711883125,459164.55644432,8366.316447324267
6444,459165.3173852494,223834.1797081406,235331.1376771088,459165.3173852494,8366.316447324267
6445,459166.07832617883,212436.43263420244,246729.6456919764,459166.07832617883,8366.316447324267
6446,459166.83926710824,185996.76454296743,273170.0747241408,459166.83926710824,8366.316447324267
6447,459167.60020803765,165244.04122228903,293923.5589857486,459167.60020803765,8366.316447324267
6448,459168.36114896706,159929.6585798507,299238.7025691164,459168.36114896706,8366.316447324267
6449,459169.12208989647,144858.80220134993,314310.31988854654,459169.12208989647,8366.316447324267
6450,480000.0,0.0,480000.0,480000.0,8366.316447324267
6451,480000.0,0.0,480000.0,480000.0,8366.316447324267
6452,480000.0,0.0,480000.0,480000.0,8366.316447324267
6453,480000.0,0.0,480000.0,480000.0,8366.316447324267
6454,480000.0,0.0,480000.0,480000.0,8366.316447324267
6455,480000.0,0.0,480000.0,480000.0,8366.316447324267
6456,480000.0,0.0,480000.0,480000.0,8366.316447324267
6457,480000.0,0.0,480000.0,480000.0,8366.316447324267
6458,480000.0,0.0,480000.0,480000.0,8366.316447324267
6459,480000.0,0.0,480000.0,480000.0,8366.316447324267
6460,480000.0,0.0,480000.0,480000.0,8366.316447324267
6461,480000.0,0.0,480000.0,480000.0,8366.316447324267
6462,480000.0,0.0,480000.0,480000.0,8366.316447324267
6463,480000.0,0.0,480000.0,480000.0,8366.316447324267
6464,480000.0,0.0,480000.0,480000.0,8366.316447324267
6465,459181.2971447669,164236.8692468914,294944.4278978755,459181.2971447669,8366.316447324267
6466,459182.0580856963,230417.6570095475,228764.40107614882,459182.0580856963,8366.316447324267
6467,459182.81902662566,149681.4580602066,309501.36096641904,459182.81902662566,8366.316447324267
6468,459183.5799675552,70065.19894503924,389118.38102251594,459183.5799675552,8366.316447324267
6469,459184.34090848453,50760.65133943845,408423.6895690461,459184.34090848453,8366.316447324267
6470,459185.1018494138,25147.375357643643,434037.7264917702,459185.1018494138,8366.316447324267
6471,468290.60434682574,0.0,468290.60434682574,468290.60434682574,8366.316447324267
6472,459823.59251268,0.0,459823.59251268,459823.59251268,8366.316447324267
6473,480000.0,0.0,480000.0,480000.0,8366.316447324267
6474,480000.0,0.0,480000.0,480000.0,8366.316447324267
6475,480000.0,0.0,480000.0,480000.0,8366.316447324267
6476,480000.0,0.0,480000.0,480000.0,8366.316447324267
6477,480000.0,0.0,480000.0,480000.0,8366.316447324267
6478,480000.0,0.0,480000.0,480000.0,8366.316447324267
6479,480000.0,0.0,480000.0,480000.0,8366.316447324267
6480,480000.0,0.0,480000.0,480000.0,8366.316447324267
6481,480000.0,0.0,480000.0,480000.0,8366.316447324267
6482,480000.0,0.0,480000.0,480000.0,8366.316447324267
6483,480000.0,0.0,480000.0,480000.0,8366.316447324267
6484,480000.0,0.0,480000.0,480000.0,8366.316447324267
6485,480000.0,0.0,480000.0,480000.0,8366.316447324267
6486,480000.0,0.0,480000.0,480000.0,8366.316447324267
6487,480000.0,0.0,480000.0,480000.0,8366.316447324267
6488,480000.0,0.0,480000.0,480000.0,8366.316447324267
6489,480000.0,0.0,480000.0,480000.0,8366.316447324267
6490,480000.0,0.0,480000.0,480000.0,8366.316447324267
6491,480000.0,0.0,480000.0,480000.0,8366.316447324267
6492,480000.0,0.0,480000.0,480000.0,8366.316447324267
6493,480000.0,0.0,480000.0,480000.0,8366.316447324267
6494,480000.0,0.0,480000.0,480000.0,8366.316447324267
6495,480000.0,0.0,480000.0,480000.0,8366.316447324267
6496,480000.0,0.0,480000.0,480000.0,8366.316447324267
6497,459205.64725450776,7468.8034295825055,451736.84382492525,459205.64725450776,8366.316447324267
6498,459206.40819543716,254285.74148784712,204920.66670759005,459206.40819543716,8366.316447324267
6499,459207.16913636663,338291.28926988604,120915.87986648061,459207.16913636663,8366.316447324267
6500,459207.930077296,241710.42739623098,217497.502681065,459207.930077296,8366.316447324267
6501,459208.6910182254,66681.72631588153,392526.96470234386,459208.6910182254,8366.316447324267
6502,471800.84784130636,0.0,471800.84784130636,471800.84784130636,8366.316447324267
6503,480000.0,0.0,480000.0,480000.0,8366.316447324267
6504,477879.103744403,0.0,477879.103744403,477879.103744403,8366.316447324267
6505,459211.73478194297,84450.09969277965,374761.6350891633,459211.73478194297,8366.316447324267
6506,459212.4957228724,225279.08817048272,233933.40755238966,459212.4957228724,8366.316447324267
6507,459213.25666380185,348072.74390842393,111140.51275537792,459213.25666380185,8366.316447324267
6508,459214.0176047312,401811.0927374605,57402.92486727068,459214.0176047312,8366.316447324267
6509,459214.77854566055,424583.7500314145,34631.02851424603,459214.77854566055,8366.316447324267
6510,459215.53948659,455849.2566174895,3366.282869100515,459215.53948659,8366.316447324267
6511,459216.30042751937,459216.30042751937,0.0,459216.30042751937,8366.316447324267
6512,459217.0613684487,459217.0613684487,0.0,459217.0613684487,8366.316447324267
6513,459217.82230937824,459217.82230937824,0.0,459217.82230937824,8366.316447324267
6514,459218.5832503076,459218.5832503076,0.0,459218.5832503076,8366.316447324267
6515,459219.344191237,459219.344191237,0.0,459219.344191237,8366.316447324267
6516,459220.10513216647,459220.10513216647,0.0,459220.10513216647,8366.316447324267
6517,459220.86607309576,459220.86607309576,0.0,459220.86607309576,8366.316447324267
6518,459221.6270140253,459221.6270140253,0.0,459221.6270140253,8366.316447324267
6519,459222.3879549545,459222.3879549545,0.0,459222.3879549545,8366.316447324267
6520,459223.14889588405,433220.36115528457,26002.787740599506,459223.14889588405,8366.316447324267
6521,459223.90983681346,355878.49590495985,103345.41393185357,459223.90983681346,8366.316447324267
6522,459224.6707777428,325041.87065026176,134182.80012748105,459224.6707777428,8366.316447324267
6523,459225.4317186722,243836.0869877217,215389.3447309505,459225.4317186722,8366.316447324267
6524,459226.19265960157,183869.27174159128,275356.9209180103,459226.19265960157,8366.316447324267
6525,459226.9536005309,61865.13705642853,397361.8165441024,459226.9536005309,8366.316447324267
6526,459227.71454146045,19556.128921314084,439671.58562014636,459227.71454146045,8366.316447324267
6527,459228.4754823898,8300.016147141345,450928.45933524845,459228.4754823898,8366.316447324267
6528,459229.23642331926,10032.603813471273,449196.632609848,459229.23642331926,8366.316447324267
6529,459229.9973642486,42628.71890472912,416601.2784595195,459229.9973642486,8366.316447324267
6530,459230.758305178,64788.80668992549,394441.95161525253,459230.758305178,8366.316447324267
6531,459231.5192461075,751.3805757200462,458480.13867038745,459231.5192461075,8366.316447324267
6532,463989.99830265157,0.0,463989.99830265157,463989.99830265157,8366.316447324267
6533,477003.46775740717,0.0,477003.46775740717,477003.46775740717,8366.316447324267
6534,480000.0,0.0,480000.0,480000.0,8366.316447324267
6535,480000.0,0.0,480000.0,480000.0,8366.316447324267
6536,459235.3239507545,4774.862588545948,454460.46136220853,459235.3239507545,8366.316447324267
6537,459236.0848916838,250942.43037993478,208293.654511749,459236.0848916838,8366.316447324267
6538,459236.8458326132,190260.4964669607,268976.3493656525,459236.8458326132,8366.316447324267
6539,459237.60677354265,36760.28779766511,422477.31897587754,459237.60677354265,8366.316447324267
6540,459238.367714472,782.8952363037388,458455.47247816826,459238.367714472,8366.316447324267
6541,459239.12865540147,26069.33655226539,433169.7921031361,459239.12865540147,8366.316447324267
6542,480000.0,0.0,480000.0,480000.0,8366.316447324267
6543,480000.0,0.0,480000.0,480000.0,8366.316447324267
6544,459241.4114781897,33454.03515123547,425787.3763269542,459241.4114781897,8366.316447324267
6545,459242.1724191191,27738.64015286113,431503.532266258,459242.1724191191,8366.316447324267
6546,480000.0,0.0,480000.0,480000.0,8366.316447324267
6547,480000.0,0.0,480000.0,480000.0,8366.316447324267
6548,480000.0,0.0,480000.0,480000.0,8366.316447324267
6549,480000.0,0.0,480000.0,480000.0,8366.316447324267
6550,480000.0,0.0,480000.0,480000.0,8366.316447324267
6551,480000.0,0.0,480000.0,480000.0,8366.316447324267
6552,480000.0,0.0,480000.0,480000.0,8366.316447324267
6553,480000.0,0.0,480000.0,480000.0,8366.316447324267
6554,480000.0,0.0,480000.0,480000.0,8366.316447324267
6555,480000.0,0.0,480000.0,480000.0,8366.316447324267
6556,480000.0,0.0,480000.0,480000.0,8366.316447324267
6557,480000.0,0.0,480000.0,480000.0,8366.316447324267
6558,480000.0,0.0,480000.0,480000.0,8366.316447324267
6559,480000.0,0.0,480000.0,480000.0,8366.316447324267
6560,480000.0,0.0,480000.0,480000.0,8366.316447324267
6561,459254.3474739894,121512.06088518281,337742.2865888066,459254.3474739894,8366.316447324267
6562,459255.10841491894,201328.23599888812,257926.87241603082,459255.10841491894,8366.316447324267
6563,459255.8693558483,195010.829188969,264245.0401668793,459255.8693558483,8366.316447324267
6564,459256.6302967776,194620.07138558297,264636.5589111946,459256.6302967776,8366.316447324267
6565,459257.3912377071,246613.9256285265,212643.46560918062,459257.3912377071,8366.316447324267
6566,459258.15217863646,223157.81509990897,236100.3370787275,459258.15217863646,8366.316447324267
6567,459258.91311956587,296932.46205077524,162326.45106879063,459258.91311956587,8366.316447324267
6568,459259.67406049534,337293.35020386055,121966.3238566348,459259.67406049534,8366.316447324267
6569,459260.4350014247,397608.023109146,61652.411892278724,459260.4350014247,8366.316447324267
6570,459261.19594235416,380991.7750923422,78269.42085001193,459261.19594235416,8366.316447324267
6571,459261.95688328356,392676.797332859,66585.15955042452,459261.95688328356,8366.316447324267
6572,459262.7178242129,422013.58847942034,37249.12934479258,459262.7178242129,8366.316447324267
6573,459263.4787651423,387104.55806912266,72158.92069601966,459263.4787651423,8366.316447324267
6574,459264.2397060717,382762.8911552416,76501.3485508301,459264.2397060717,8366.316447324267
6575,459265.0006470012,334235.59813361533,125029.40251338584,459265.0006470012,8366.316447324267
6576,459265.7615879305,308401.6885903619,150864.07299756858,459265.7615879305,8366.316447324267
6577,459266.5225288598,295308.1253886841,163958.39714017572,459266.5225288598,8366.316447324267
6578,459267.28346978937,248716.02225810816,210551.2612116812,459267.28346978937,8366.316447324267
6579,459268.04441071866,243757.38839609537,215510.6560146233,459268.04441071866,8366.316447324267
6580,459268.80535164813,192055.835054436,267212.97029721213,459268.80535164813,8366.316447324267
6581,459269.56629257754,54285.150679732615,404984.4156128449,459269.56629257754,8366.316447324267
6582,459270.3272335069,46982.66070970433,412287.66652380256,459270.3272335069,8366.316447324267
6583,459271.0881744364,46253.09655953798,413017.99161489843,459271.0881744364,8366.316447324267
6584,459271.84911536577,94757.50654533284,364514.3425700329,459271.84911536577,8366.316447324267
6585,459272.6100562951,137582.40512929694,321690.2049269982,459272.6100562951,8366.316447324267
6586,459273.3709972245,366621.38523515547,92651.98576206905,459273.3709972245,8366.316447324267
6587,459274.13193815394,306090.3439833654,153183.78795478854,459274.13193815394,8366.316447324267
6588,459274.8928790834,328154.0880969397,131120.8047821437,459274.8928790834,8366.316447324267
6589,459275.65382001275,305944.8973488415,153330.75647117128,459275.65382001275,8366.316447324267
6590,459276.4147609421,331949.3028126494,127327.11194829272,459276.4147609421,8366.316447324267
6591,459277.1757018715,311693.01290665986,147584.16279521163,459277.1757018715,8366.316447324267
6592,459277.9366428009,312353.291431173,146924.64521162797,459277.9366428009,8366.316447324267
6593,459278.69758373045,265833.8602510124,193444.83733271805,459278.69758373045,8366.316447324267
6594,459279.45852465974,52218.80164044921,407060.65688421053,459279.45852465974,8366.316447324267
6595,459280.21946558915,21417.244371640496,437862.97509394865,459280.21946558915,8366.316447324267
6596,480000.0,0.0,480000.0,480000.0,8366.316447324267
6597,480000.0,0.0,480000.0,480000.0,8366.316447324267
6598,480000.0,0.0,480000.0,480000.0,8366.316447324267
6599,480000.0,0.0,480000.0,480000.0,8366.316447324267
6600,472391.8293372348,0.0,472391.8293372348,472391.8293372348,8366.316447324267
6601,459284.7851111656,53069.22065041459,406215.564460751,459284.7851111656,8366.316447324267
6602,459285.546052095,16412.08620228502,442873.45984981,459285.546052095,8366.316447324267
6603,459286.30699302437,122462.7728567262,336823.53413629817,459286.30699302437,8366.316447324267
6604,459287.0679339538,379677.3353911784,79609.73254277541,459287.0679339538,8366.316447324267
6605,459287.8288748832,370866.18558644626,88421.64328843694,459287.8288748832,8366.316447324267
6606,459288.58981581253,325043.239979779,134245.34983603357,459288.58981581253,8366.316447324267
6607,459289.350756742,402803.95680525486,56485.39395148715,459289.350756742,8366.316447324267
6608,459290.11169767135,326371.5407583443,132918.57093932707,459290.11169767135,8366.316447324267
6609,459290.8726386008,338960.2325491395,120330.64008946133,459290.8726386008,8366.316447324267
6610,459291.6335795303,334066.8080963037,125224.82548322654,459291.6335795303,8366.316447324267
6611,459292.3945204596,340391.3887281952,118901.00579226433,459292.3945204596,8366.316447324267
6612,459293.155461389,373971.8113655646,85321.34409582442,459293.155461389,8366.316447324267
6613,459293.9164023184,332396.4901355238,126897.42626679462,459293.9164023184,8366.316447324267
6614,459294.67734324787,362369.6726673745,96925.00467587338,459294.67734324787,8366.316447324267
6615,459295.4382841772,247483.05848117007,211812.37980300715,459295.4382841772,8366.316447324267
6616,459296.19922510657,414948.6077234001,44347.591501706476,459296.19922510657,8366.316447324267
6617,459296.96016603603,363061.0309053767,96235.92926065934,459296.96016603603,8366.316447324267
6618,459297.7211069654,263944.37601464754,195353.34509231785,459297.7211069654,8366.316447324267
6619,459298.48204789485,307449.8682260328,151848.61382186203,459298.48204789485,8366.316447324267
6620,459299.24298882426,76304.65292456996,382994.5900642543,459299.24298882426,8366.316447324267
6621,459300.00392975355,749.9524430614547,458550.0514866921,459300.00392975355,8366.316447324267
6622,470475.34726842795,0.0,470475.34726842795,470475.34726842795,8366.316447324267
6623,459301.5258116125,78336.45691675611,380965.0688948564,459301.5258116125,8366.316447324267
6624,459302.2867525418,222730.83352016754,236571.45323237425,459302.2867525418,8366.316447324267
6625,459303.04769347125,221089.18977879608,238213.85791467517,459303.04769347125,8366.316447324267
6626,459303.8086344006,122156.52584183356,337147.28279256704,459303.8086344006,8366.316447324267
6627,459304.56957533007,258407.17522095813,200897.39435437194,459304.56957533007,8366.316447324267
6628,459305.3305162595,315790.37589361623,143514.95462264324,459305.3305162595,8366.316447324267
6629,459306.0914571888,332032.66281244846,127273.42864474036,459306.0914571888,8366.316447324267
6630,459306.85239811824,270390.14133291226,188916.711065206,459306.85239811824,8366.316447324267
6631,459307.6133390476,459307.6133390476,0.0,459307.6133390476,8366.316447324267
6632,459308.374279977,429701.489237163,29606.885042814032,459308.374279977,8366.316447324267
6633,459309.13522090635,337531.8754025587,121777.25981834767,459309.13522090635,8366.316447324267
6634,459309.8961618359,294773.2003669776,164536.69579485824,459309.8961618359,8366.316447324267
6635,459310.6571027653,317671.34909599274,141639.30800677257,459310.6571027653,8366.316447324267
6636,459311.41804369463,438851.4444493408,20459.973594353844,459311.41804369463,8366.316447324267
6637,459312.17898462404,428291.7371286254,31020.441855998644,459312.17898462404,8366.316447324267
6638,459312.93992555345,431169.08479864086,28143.85512691258,459312.93992555345,8366.316447324267
6639,459313.7008664828,430208.2782485952,29105.422617887594,459313.7008664828,8366.316447324267
6640,462333.91268018016,0.0,462333.91268018016,462333.91268018016,8366.316447324267
6641,459315.2227483417,25595.00094442442,433720.22180391726,459315.2227483417,8366.316447324267
6642,480000.0,0.0,480000.0,480000.0,8366.316447324267
6643,480000.0,0.0,480000.0,480000.0,8366.316447324267
6644,480000.0,0.0,480000.0,480000.0,8366.316447324267
6645,480000.0,0.0,480000.0,480000.0,8366.316447324267
6646,480000.0,0.0,480000.0,480000.0,8366.316447324267
6647,480000.0,0.0,480000.0,480000.0,8366.316447324267
6648,480000.0,0.0,480000.0,480000.0,8366.316447324267
6649,480000.0,0.0,480000.0,480000.0,8366.316447324267
6650,480000.0,0.0,480000.0,480000.0,8366.316447324267
6651,480000.0,0.0,480000.0,480000.0,8366.316447324267
6652,480000.0,0.0,480000.0,480000.0,8366.316447324267
6653,480000.0,0.0,480000.0,480000.0,8366.316447324267
6654,480000.0,0.0,480000.0,480000.0,8366.316447324267
6655,480000.0,0.0,480000.0,480000.0,8366.316447324267
6656,459326.6368622827,305952.88160666055,153373.75525562215,459326.6368622827,8366.316447324267
6657,459327.39780321205,365970.5062417089,93356.89156150317,459327.39780321205,8366.316447324267
6658,459328.1587441414,459328.1587441414,0.0,459328.1587441414,8366.316447324267
6659,459328.9196850709,308231.46791305084,151097.45177202008,459328.9196850709,8366.316447324267
6660,459329.6806260003,459329.6806260003,0.0,459329.6806260003,8366.316447324267
6661,459330.4415669297,335865.3635940559,123465.07797287381,459330.4415669297,8366.316447324267
6662,459331.2025078591,318792.48985919566,140538.71264866347,459331.2025078591,8366.316447324267
6663,459331.9634487885,310239.8747804287,149092.08866835976,459331.9634487885,8366.316447324267
6664,459332.7243897179,359178.02780948405,100154.6965802339,459332.7243897179,8366.316447324267
6665,459333.4853306474,308980.01910342916,150353.46622721822,459333.4853306474,8366.316447324267
6666,459334.24627157673,334562.1527410931,124772.09353048363,459334.24627157673,8366.316447324267
6667,459335.00721250614,376213.4730270523,83121.53418545384,459335.00721250614,8366.316447324267
6668,459335.76815343543,299679.3076298847,159656.46052355078,459335.76815343543,8366.316447324267
6669,459336.5290943649,239373.4538791906,219963.0752151743,459336.5290943649,8366.316447324267
6670,477231.2682974684,0.0,477231.2682974684,477231.2682974684,8366.316447324267
6671,480000.0,0.0,480000.0,480000.0,8366.316447324267
6672,472069.79447691573,0.0,472069.79447691573,472069.79447691573,8366.316447324267
6673,459339.5728580825,40042.905581253,419296.6672768295,459339.5728580825,8366.316447324267
6674,459340.33379901195,231465.95813105398,227874.37566795797,459340.33379901195,8366.316447324267
6675,459341.0947399413,322499.2170265112,136841.8777134301,459341.0947399413,8366.316447324267
6676,459341.8556808707,349807.79762759164,109534.05805327905,459341.8556808707,8366.316447324267
6677,459342.61662180023,353147.7633044302,106194.85331737006,459342.61662180023,8366.316447324267
6678,459343.3775627295,396012.08649688854,63331.291065840975,459343.3775627295,8366.316447324267
6679,459344.138503659,422924.67903041287,36419.45947324613,459344.138503659,8366.316447324267
6680,459344.8994445884,401560.10120778804,57784.798236800365,459344.8994445884,8366.316447324267
6681,459345.6603855177,442981.54935017263,16364.111035345071,459345.6603855177,8366.316447324267
6682,459346.4213264472,415206.46688744094,44139.954439006266,459346.4213264472,8366.316447324267
6683,459347.1822673765,403707.9694542761,55639.21281310041,459347.1822673765,8366.316447324267
6684,459347.94320830586,401683.04218294955,57664.90102535632,459347.94320830586,8366.316447324267
6685,459348.7041492354,410094.47364450106,49254.23050473432,459348.7041492354,8366.316447324267
6686,459349.46509016474,432039.2445085755,27310.220581589245,459349.46509016474,8366.316447324267
6687,459350.2260310941,300058.5185434794,159291.70748761474,459350.2260310941,8366.316447324267
6688,459350.9869720235,407395.2105936677,51955.77637835583,459350.9869720235,8366.316447324267
6689,459351.7479129529,302777.94119393337,156573.80671901957,459351.7479129529,8366.316447324267
6690,459352.50885388243,393762.33763229783,65590.1712215846,459352.50885388243,8366.316447324267
6691,459353.2697948118,422301.5744688754,37051.69532593636,459353.2697948118,8366.316447324267
6692,459354.03073574114,379322.21586768806,80031.81486805309,459354.03073574114,8366.316447324267
6693,459354.79167667055,283813.3382354282,175541.4534412423,459354.79167667055,8366.316447324267
6694,459355.55261759995,210005.83263623586,249349.7199813641,459355.55261759995,8366.316447324267
6695,480000.0,0.0,480000.0,480000.0,8366.316447324267
6696,480000.0,0.0,480000.0,480000.0,8366.316447324267
6697,480000.0,0.0,480000.0,480000.0,8366.316447324267
6698,459358.59638131753,14144.650015728606,445213.9463655889,459358.59638131753,8366.316447324267
6699,480000.0,0.0,480000.0,480000.0,8366.316447324267
6700,480000.0,0.0,480000.0,480000.0,8366.316447324267
6701,480000.0,0.0,480000.0,480000.0,8366.316447324267
6702,480000.0,0.0,480000.0,480000.0,8366.316447324267
6703,465664.21283682383,0.0,465664.21283682383,465664.21283682383,8366.316447324267
6704,459363.16202689405,290235.03683796746,169128.12518892655,459363.16202689405,8366.316447324267
6705,459363.92296782334,431078.24703803816,28285.67592978519,459363.92296782334,8366.316447324267
6706,459364.6839087528,437352.4191219813,22012.264786771495,459364.6839087528,8366.316447324267
6707,459365.44484968216,423205.9539652547,36159.490884427425,459365.44484968216,8366.316447324267
6708,459366.2057906116,420658.52842005715,38707.677370554455,459366.2057906116,8366.316447324267
6709,459366.96673154103,390382.2503746956,68984.71635684544,459366.96673154103,8366.316447324267
6710,459367.72767247027,366739.172362974,92628.55530949631,459367.72767247027,8366.316447324267
6711,459368.4886133998,340184.0827694486,119184.40584395122,459368.4886133998,8366.316447324267
6712,459369.2495543292,380692.80450370285,78676.44505062634,459369.2495543292,8366.316447324267
6713,459370.0104952586,406905.11960853316,52464.890886725465,459370.0104952586,8366.316447324267
6714,459370.77143618796,413529.55608044314,45841.21535574481,459370.77143618796,8366.316447324267
6715,459371.5323771174,442369.7938917811,17001.73848533624,459371.5323771174,8366.316447324267
6716,459372.29331804684,459372.29331804684,0.0,459372.29331804684,8366.316447324267
6717,459373.05425897625,459373.05425897625,0.0,459373.05425897625,8366.316447324267
6718,459373.8151999056,459373.8151999056,0.0,459373.8151999056,8366.316447324267
6719,459374.576140835,459374.576140835,0.0,459374.576140835,8366.316447324267
6720,459375.33708176436,459375.33708176436,0.0,459375.33708176436,8366.316447324267
6721,459376.0980226939,428648.31356520136,30727.784457492515,459376.0980226939,8366.316447324267
6722,459376.8589636233,374981.1372291086,84395.72173451466,459376.8589636233,8366.316447324267
6723,459377.6199045526,250235.6580655486,209141.96183900398,459377.6199045526,8366.316447324267
6724,459378.38084548205,228749.59382168596,230628.7870237961,459378.38084548205,8366.316447324267
6725,459379.1417864113,281324.53484131943,178054.6069450919,459379.1417864113,8366.316447324267
6726,459379.9027273409,276120.67428513546,183259.2284422054,459379.9027273409,8366.316447324267
6727,459380.6636682702,241124.36611491154,218256.2975533587,459380.6636682702,8366.316447324267
6728,459381.4246091996,194245.85924238176,265135.5653668178,459381.4246091996,8366.316447324267
6729,459382.18555012904,322926.63270727603,136455.552842853,459382.18555012904,8366.316447324267
6730,459382.94649105845,375889.2847025184,83493.66178854009,459382.94649105845,8366.316447324267
6731,459383.70743198774,290927.32830165874,168456.37913032903,459383.70743198774,8366.316447324267
6732,459384.46837291727,181272.0995055787,278112.3688673386,459384.46837291727,8366.316447324267
6733,459385.2293138466,41683.92518093198,417701.30413291464,459385.2293138466,8366.316447324267
6734,459385.9902547761,4545.124454580364,454840.8658001957,459385.9902547761,8366.316447324267
6735,471361.55339194223,0.0,471361.55339194223,471361.55339194223,8366.316447324267
6736,459387.51213663485,25765.642333903466,433621.8698027314,459387.51213663485,8366.316447324267
6737,480000.0,0.0,480000.0,480000.0,8366.316447324267
6738,480000.0,0.0,480000.0,480000.0,8366.316447324267
6739,480000.0,0.0,480000.0,480000.0,8366.316447324267
6740,480000.0,0.0,480000.0,480000.0,8366.316447324267
6741,480000.0,0.0,480000.0,480000.0,8366.316447324267
6742,480000.0,0.0,480000.0,480000.0,8366.316447324267
6743,480000.0,0.0,480000.0,480000.0,8366.316447324267
6744,480000.0,0.0,480000.0,480000.0,8366.316447324267
6745,480000.0,0.0,480000.0,480000.0,8366.316447324267
6746,480000.0,0.0,480000.0,480000.0,8366.316447324267
6747,480000.0,0.0,480000.0,480000.0,8366.316447324267
6748,480000.0,0.0,480000.0,480000.0,8366.316447324267
6749,480000.0,0.0,480000.0,480000.0,8366.316447324267
6750,480000.0,0.0,480000.0,480000.0,8366.316447324267
6751,480000.0,0.0,480000.0,480000.0,8366.316447324267
6752,459399.68719150516,67399.85730609874,391999.8298854064,459399.68719150516,8366.316447324267
6753,459400.4481324347,313325.0624291999,146075.38570323476,459400.4481324347,8366.316447324267
6754,459401.20907336415,368359.7128951979,91041.49617816621,459401.20907336415,8366.316447324267
6755,459401.97001429345,326471.50585995434,132930.4641543391,459401.97001429345,8366.316447324267
6756,459402.73095522297,319065.7652653643,140336.96568985863,459402.73095522297,8366.316447324267
6757,459403.4918961523,333884.59913602454,125518.89276012777,459403.4918961523,8366.316447324267
6758,459404.2528370817,328309.8759329233,131094.3769041584,459404.2528370817,8366.316447324267
6759,459405.0137780111,329084.33096003084,130320.68281798025,459405.0137780111,8366.316447324267
6760,459405.7747189405,323801.7266316508,135604.0480872897,459405.7747189405,8366.316447324267
6761,459406.5356598699,289461.286354893,169945.24930497693,459406.5356598699,8366.316447324267
6762,459407.29660079925,218841.88516431325,240565.411436486,459407.29660079925,8366.316447324267
6763,459408.0575417287,147894.8153202287,311513.2422215,459408.0575417287,8366.316447324267
6764,459408.81848265807,48828.03961800906,410580.778864649,459408.81848265807,8366.316447324267
6765,459409.5794235874,50417.45783419849,408992.12158938893,459409.5794235874,8366.316447324267
6766,459410.34036451695,192091.06488495332,267319.2754795636,459410.34036451695,8366.316447324267
6767,459411.10130544624,213931.06577231613,245480.0355331301,459411.10130544624,8366.316447324267
6768,459411.8622463757,221335.0857868997,238076.776459476,459411.8622463757,8366.316447324267
6769,459412.6231873052,223899.38023560803,235513.24295169715,459412.6231873052,8366.316447324267
6770,459413.38412823447,210774.22378142536,248639.1603468091,459413.38412823447,8366.316447324267
6771,459414.145069164,214440.79783363052,244973.34723553347,459414.145069164,8366.316447324267
6772,459414.9060100933,271864.06730636425,187550.83870372904,459414.9060100933,8366.316447324267
6773,459415.6669510228,329285.5775228817,130130.0894281411,459415.6669510228,8366.316447324267
6774,459416.42789195216,365680.9429353317,93735.48495662042,459416.42789195216,8366.316447324267
6775,459417.1888328815,353536.970765619,105880.21806726248,459417.1888328815,8366.316447324267
6776,459417.9497738109,322027.6963316777,137390.25344213317,459417.9497738109,8366.316447324267
6777,459418.71071474033,315979.2256843223,143439.485030418,459418.71071474033,8366.316447324267
6778,459419.4716556697,419464.6201217443,39954.85153392539,459419.4716556697,8366.316447324267
6779,459420.23259659915,399182.07783306064,60238.15476353849,459420.23259659915,8366.316447324267
6780,459420.9935375285,364000.3881549585,95420.60538257,459420.9935375285,8366.316447324267
6781,459421.75447845797,346895.6409344262,112526.11354403176,459421.75447845797,8366.316447324267
6782,459422.5154193873,330666.8782807976,128755.63713858971,459422.5154193873,8366.316447324267
6783,459423.27636031667,324550.3387240829,134872.93763623378,459423.27636031667,8366.316447324267
6784,459424.03730124625,330842.64840018435,128581.38890106192,459424.03730124625,8366.316447324267
6785,459424.7982421755,297465.19293512334,161959.60530705217,459424.7982421755,8366.316447324267
6786,459425.559183105,64665.50528009422,394760.0539030108,459425.559183105,8366.316447324267
6787,459426.32012403436,31027.68795116205,428398.6321728723,459426.32012403436,8366.316447324267
6788,459427.0810649637,1017.045154903084,458410.03591006063,459427.0810649637,8366.316447324267
6789,480000.0,0.0,480000.0,480000.0,8366.316447324267
6790,480000.0,0.0,480000.0,480000.0,8366.316447324267
6791,480000.0,0.0,480000.0,480000.0,8366.316447324267
6792,480000.0,0.0,480000.0,480000.0,8366.316447324267
6793,480000.0,0.0,480000.0,480000.0,8366.316447324267
6794,480000.0,0.0,480000.0,480000.0,8366.316447324267
6795,480000.0,0.0,480000.0,480000.0,8366.316447324267
6796,480000.0,0.0,480000.0,480000.0,8366.316447324267
6797,480000.0,0.0,480000.0,480000.0,8366.316447324267
6798,480000.0,0.0,480000.0,480000.0,8366.316447324267
6799,480000.0,0.0,480000.0,480000.0,8366.316447324267
6800,478611.19194211863,0.0,478611.19194211863,478611.19194211863,8366.316447324267
6801,459436.973297046,216114.54794312155,243322.42535392442,459436.973297046,8366.316447324267
6802,459437.73423797544,155794.71640255733,303643.0178354181,459437.73423797544,8366.316447324267
6803,459438.49517890473,22789.00898642419,436649.48619248054,459438.49517890473,8366.316447324267
6804,480000.0,0.0,480000.0,480000.0,8366.316447324267
6805,480000.0,0.0,480000.0,480000.0,8366.316447324267
6806,480000.0,0.0,480000.0,480000.0,8366.316447324267
6807,480000.0,0.0,480000.0,480000.0,8366.316447324267
6808,480000.0,0.0,480000.0,480000.0,8366.316447324267
6809,480000.0,0.0,480000.0,480000.0,8366.316447324267
6810,480000.0,0.0,480000.0,480000.0,8366.316447324267
6811,480000.0,0.0,480000.0,480000.0,8366.316447324267
6812,480000.0,0.0,480000.0,480000.0,8366.316447324267
6813,480000.0,0.0,480000.0,480000.0,8366.316447324267
6814,480000.0,0.0,480000.0,480000.0,8366.316447324267
6815,480000.0,0.0,480000.0,480000.0,8366.316447324267
6816,480000.0,0.0,480000.0,480000.0,8366.316447324267
6817,480000.0,0.0,480000.0,480000.0,8366.316447324267
6818,459449.9092928458,46255.6175181694,413194.2917746764,459449.9092928458,8366.316447324267
6819,459450.6702337752,37499.44258247735,421951.2276512979,459450.6702337752,8366.316447324267
6820,480000.0,0.0,480000.0,480000.0,8366.316447324267
6821,459452.192115634,93179.86108188418,366272.3310337498,459452.192115634,8366.316447324267
6822,459452.9530565634,271842.10226307355,187610.85079348984,459452.9530565634,8366.316447324267
6823,459453.7139974929,208549.0586099406,250904.6553875523,459453.7139974929,8366.316447324267
6824,459454.47493842227,339070.59361779655,120383.88132062573,459454.47493842227,8366.316447324267
6825,459455.2358793516,345596.8537377984,113858.38214155319,459455.2358793516,8366.316447324267
6826,459455.9968202811,309706.0462776282,149749.95054265286,459455.9968202811,8366.316447324267
6827,459456.7577612104,269371.4108795773,190085.3468816331,459456.7577612104,8366.316447324267
6828,459457.5187021399,144460.8677188332,314996.6509833067,459457.5187021399,8366.316447324267
6829,459458.2796430693,69844.612793896,389613.6668491733,459458.2796430693,8366.316447324267
6830,459459.04058399855,32873.05383132951,426585.98675266904,459459.04058399855,8366.316447324267
6831,459459.8015249281,7004.687448109966,452455.1140768181,459459.8015249281,8366.316447324267
6832,459460.5624658574,53303.246926876425,406157.315538981,459460.5624658574,8366.316447324267
6833,459461.3234067869,27234.665095287957,432226.65831149893,459461.3234067869,8366.316447324267
6834,459462.0843477162,64293.126316246344,395168.95803146984,459462.0843477162,8366.316447324267
6835,480000.0,0.0,480000.0,480000.0,8366.316447324267
6836,480000.0,0.0,480000.0,480000.0,8366.316447324267
6837,480000.0,0.0,480000.0,480000.0,8366.316447324267
6838,480000.0,0.0,480000.0,480000.0,8366.316447324267
6839,480000.0,0.0,480000.0,480000.0,8366.316447324267
6840,480000.0,0.0,480000.0,480000.0,8366.316447324267
6841,479339.5197907834,0.0,479339.5197907834,479339.5197907834,8366.316447324267
6842,459468.17187515146,109065.68646930839,350402.48540584306,459468.17187515146,8366.316447324267
6843,459468.93281608087,59225.54462244548,400243.3881936354,459468.93281608087,8366.316447324267
6844,459469.6937570103,151995.30433824885,307474.3894187614,459469.6937570103,8366.316447324267
6845,459470.4546979396,215170.36945264201,244300.0852452976,459470.4546979396,8366.316447324267
6846,459471.21563886915,247006.98068158003,212464.23495728913,459471.21563886915,8366.316447324267
6847,459471.97657979844,285363.6404993392,174108.33608045924,459471.97657979844,8366.316447324267
6848,459472.7375207278,316452.3468830708,143020.390637657,459472.7375207278,8366.316447324267
6849,459473.4984616573,423573.3073989014,35900.19106275595,459473.4984616573,8366.316447324267
6850,459474.25940258673,441340.67719430005,18133.58220828666,459474.25940258673,8366.316447324267
6851,459475.0203435161,421713.4868612651,37761.53348225101,459475.0203435161,8366.316447324267
6852,459475.7812844455,434046.1003681024,25429.680916343113,459475.7812844455,8366.316447324267
6853,459476.5422253749,432618.1691077015,26858.373117673396,459476.5422253749,8366.316447324267
6854,459477.3031663043,435677.70841043745,23799.594755866867,459477.3031663043,8366.316447324267
6855,459478.0641072338,451373.31243749824,8104.751669735502,459478.0641072338,8366.316447324267
6856,459478.8250481631,459478.8250481631,0.0,459478.8250481631,8366.316447324267
6857,459479.5859890925,448485.8743609622,10993.711628130284,459479.5859890925,8366.316447324267
6858,459480.3469300219,423938.474917227,35541.87201279488,459480.3469300219,8366.316447324267
6859,459481.10787095135,413756.235098538,45724.87277241334,459481.10787095135,8366.316447324267
6860,459481.8688118807,423901.8181626076,35580.05064927312,459481.8688118807,8366.316447324267
6861,459482.62975281005,420419.9754141485,39062.65433866157,459482.62975281005,8366.316447324267
6862,459483.3906937395,411335.76442959486,48147.62626414466,459483.3906937395,8366.316447324267
6863,459484.15163466893,398756.3599626012,60727.79167206772,459484.15163466893,8366.316447324267
6864,459484.9125755983,376388.07592196227,83096.83665363601,459484.9125755983,8366.316447324267
6865,459485.6735165277,398902.05092573946,60583.62259078825,459485.6735165277,8366.316447324267
6866,459486.43445745704,370551.0512171538,88935.38324030329,459486.43445745704,8366.316447324267
6867,459487.19539838657,323318.7602452552,136168.43515313134,459487.19539838657,8366.316447324267
6868,459487.956339316,264836.0897317845,194651.8666075315,459487.956339316,8366.316447324267
6869,459488.71728024527,179932.5427936489,279556.17448659637,459488.71728024527,8366.316447324267
6870,459489.47822117474,113498.12833774328,345991.34988343145,459489.47822117474,8366.316447324267
6871,459490.2391621041,78917.8340689353,380572.4050931688,459490.2391621041,8366.316447324267
6872,459491.00010303344,230168.21704316378,229322.78305986966,459491.00010303344,8366.316447324267
6873,459491.76104396296,338669.85799131176,120821.90305265119,459491.76104396296,8366.316447324267
6874,459492.5219848922,314380.01157578104,145112.5104091112,459492.5219848922,8366.316447324267
6875,459493.2829258217,107915.24994575401,351578.0329800677,459493.2829258217,8366.316447324267
6876,459494.04386675113,188799.63592752977,270694.40793922136,459494.04386675113,8366.316447324267
6877,459494.8048076805,109161.65781807882,350333.14698960166,459494.8048076805,8366.316447324267
6878,459495.56574860995,99163.5662664054,360331.99948220456,459495.56574860995,8366.316447324267
6879,459496.3266895393,117230.41182579746,342265.91486374184,459496.3266895393,8366.316447324267
6880,459497.08763046877,133079.48925217538,326417.5983782934,459497.08763046877,8366.316447324267
6881,480000.0,0.0,480000.0,480000.0,8366.316447324267
6882,480000.0,0.0,480000.0,480000.0,8366.316447324267
6883,480000.0,0.0,480000.0,480000.0,8366.316447324267
6884,480000.0,0.0,480000.0,480000.0,8366.316447324267
6885,480000.0,0.0,480000.0,480000.0,8366.316447324267
6886,480000.0,0.0,480000.0,480000.0,8366.316447324267
6887,480000.0,0.0,480000.0,480000.0,8366.316447324267
6888,480000.0,0.0,480000.0,480000.0,8366.316447324267
6889,480000.0,0.0,480000.0,480000.0,8366.316447324267
6890,459504.69703976274,25877.63837929658,433627.05866046617,459504.69703976274,8366.316447324267
6891,480000.0,0.0,480000.0,480000.0,8366.316447324267
6892,480000.0,0.0,480000.0,480000.0,8366.316447324267
6893,480000.0,0.0,480000.0,480000.0,8366.316447324267
6894,480000.0,0.0,480000.0,480000.0,8366.316447324267
6895,480000.0,0.0,480000.0,480000.0,8366.316447324267
6896,480000.0,0.0,480000.0,480000.0,8366.316447324267
6897,480000.0,0.0,480000.0,480000.0,8366.316447324267
6898,476973.5644519144,0.0,476973.5644519144,476973.5644519144,8366.316447324267
6899,459511.54550812737,103373.87631565909,356137.6691924683,459511.54550812737,8366.316447324267
6900,459512.3064490568,42346.455776288814,417165.85067276796,459512.3064490568,8366.316447324267
6901,480000.0,0.0,480000.0,480000.0,8366.316447324267
6902,480000.0,0.0,480000.0,480000.0,8366.316447324267
6903,480000.0,0.0,480000.0,480000.0,8366.316447324267
6904,480000.0,0.0,480000.0,480000.0,8366.316447324267
6905,480000.0,0.0,480000.0,480000.0,8366.316447324267
6906,480000.0,0.0,480000.0,480000.0,8366.316447324267
6907,480000.0,0.0,480000.0,480000.0,8366.316447324267
6908,480000.0,0.0,480000.0,480000.0,8366.316447324267
6909,460913.48801438336,0.0,460913.48801438336,460913.48801438336,8366.316447324267
6910,459519.91585835075,8013.8603285641875,451506.05552978656,459519.91585835075,8366.316447324267
6911,459520.6767992801,18309.166978521447,441211.50982075866,459520.6767992801,8366.316447324267
6912,459521.4377402096,61731.52995118068,397789.90778902895,459521.4377402096,8366.316447324267
6913,459522.198681139,67329.2415536943,392192.9571274447,459522.198681139,8366.316447324267
6914,459522.9596220684,30995.006393765798,428527.9532283026,459522.9596220684,8366.316447324267
6915,459523.7205629978,47888.99217953766,411634.72838346014,459523.7205629978,8366.316447324267
6916,459524.48150392715,108594.3977903758,350930.08371355134,459524.48150392715,8366.316447324267
6917,459525.2424448567,114049.11695862154,345476.12548623513,459525.2424448567,8366.316447324267
6918,459526.0033857861,163227.681229376,296298.3221564101,459526.0033857861,8366.316447324267
6919,459526.76432671543,123322.36782691756,336204.3964997979,459526.76432671543,8366.316447324267
6920,459527.52526764484,214320.94626256777,245206.57900507707,459527.52526764484,8366.316447324267
6921,459528.2862085742,287608.87879742647,171919.40741114772,459528.2862085742,8366.316447324267
6922,459529.04714950366,246703.25261741193,212825.79453209174,459529.04714950366,8366.316447324267
6923,459529.808090433,314778.8257788528,144750.9823115802,459529.808090433,8366.316447324267
6924,459530.5690313623,318084.14265890163,141446.4263724607,459530.5690313623,8366.316447324267
6925,459531.32997229183,332036.3582431462,127494.97172914563,459531.32997229183,8366.316447324267
6926,459532.0909132211,348895.5188579587,110636.57205526243,459532.0909132211,8366.316447324267
6927,459532.85185415065,361966.89577052847,97565.95608362215,459532.85185415065,8366.316447324267
6928,459533.61279507994,294828.54699501244,164705.06580006753,459533.61279507994,8366.316447324267
6929,459534.37373600947,369072.5636792155,90461.81005679394,459534.37373600947,8366.316447324267
6930,459535.1346769389,415293.9678955276,44241.166781411244,459535.1346769389,8366.316447324267
6931,459535.8956178682,376045.81831312506,83490.07730474317,459535.8956178682,8366.316447324267
6932,459536.6565587977,351666.8460731421,107869.81048565562,459536.6565587977,8366.316447324267
6933,459537.4174997271,418859.8122623856,40677.605237341464,459537.4174997271,8366.316447324267
6934,459538.1784406564,427445.41951098066,32092.758929675747,459538.1784406564,8366.316447324267
6935,459538.9393815859,415813.41798405914,43725.52139752679,459538.9393815859,8366.316447324267
6936,459539.7003225152,442502.3177294925,17037.382593022714,459539.7003225152,8366.316447324267
6937,459540.46126344457,452699.7252105525,6840.736052892028,459540.46126344457,8366.316447324267
6938,459541.2222043741,443477.1481909541,16064.07401342,459541.2222043741,8366.316447324267
6939,459541.98314530344,440195.56873487844,19346.414410425008,459541.98314530344,8366.316447324267
6940,459542.74408623285,425375.67473201914,34167.0693542137,459542.74408623285,8366.316447324267
6941,459543.5050271622,430448.3035740803,29095.201453081932,459543.5050271622,8366.316447324267
6942,459544.26596809167,437144.62195256917,22399.644015522485,459544.26596809167,8366.316447324267
6943,459545.0269090211,443177.84087623266,16367.186032788422,459545.0269090211,8366.316447324267
6944,459545.7878499505,433117.2362082719,26428.55164167862,459545.7878499505,8366.316447324267
6945,459546.5487908799,443467.1763328483,16079.372458031596,459546.5487908799,8366.316447324267
6946,459547.30973180925,441899.879746593,17647.42998521624,459547.30973180925,8366.316447324267
6947,459548.07067273866,408161.18029073015,51386.890382008525,459548.07067273866,8366.316447324267
6948,459548.8316136682,381229.7073959425,78319.1242177257,459548.8316136682,8366.316447324267
6949,459549.5925545975,347891.1850404684,111658.40751412908,459549.5925545975,8366.316447324267
6950,459550.3534955268,352669.1205913403,106881.23290418653,459550.3534955268,8366.316447324267
6951,459551.11443645624,305321.10376353585,154230.0106729204,459551.11443645624,8366.316447324267
6952,459551.87537738564,366359.61741923756,93192.25795814808,459551.87537738564,8366.316447324267
6953,459552.63631831517,406708.8893505881,52843.74696772708,459552.63631831517,8366.316447324267
6954,459553.39725924446,392741.45809758984,66811.93916165462,459553.39725924446,8366.316447324267
6955,459554.1582001739,427112.5843892429,32441.57381093097,459554.1582001739,8366.316447324267
6956,459554.9191411033,401485.39060629153,58069.528534811754,459554.9191411033,8366.316447324267
6957,459555.68008203275,369441.2325195167,90114.44756251603,459555.68008203275,8366.316447324267
6958,459556.44102296204,234448.90385331592,225107.53716964612,459556.44102296204,8366.316447324267
6959,459557.2019638915,156730.5895348183,302826.6124290732,459557.2019638915,8366.316447324267
6960,480000.0,0.0,480000.0,480000.0,8366.316447324267
6961,480000.0,0.0,480000.0,480000.0,8366.316447324267
6962,480000.0,0.0,480000.0,480000.0,8366.316447324267
6963,480000.0,0.0,480000.0,480000.0,8366.316447324267
6964,480000.0,0.0,480000.0,480000.0,8366.316447324267
6965,480000.0,0.0,480000.0,480000.0,8366.316447324267
6966,459562.5285503974,221997.40803501685,237565.12051538052,459562.5285503974,8366.316447324267
6967,480000.0,0.0,480000.0,480000.0,8366.316447324267
6968,459564.0504322561,134431.39894917712,325132.65148307895,459564.0504322561,8366.316447324267
6969,459564.81137318554,24613.602893197036,434951.2084799885,459564.81137318554,8366.316447324267
6970,459565.5723141149,315655.5943674324,143909.9779466825,459565.5723141149,8366.316447324267
6971,459566.3332550443,183672.73301739758,275893.6002376467,459566.3332550443,8366.316447324267
6972,459567.09419597377,222128.1793061271,237438.91488984667,459567.09419597377,8366.316447324267
6973,459567.855136903,280856.0978282243,178711.75730867873,459567.855136903,8366.316447324267
6974,459568.6160778326,292479.06754136184,167089.54853647074,459568.6160778326,8366.316447324267
6975,459569.377018762,256632.94518315114,202936.43183561086,459569.377018762,8366.316447324267
6976,459570.13795969135,270123.610230542,189446.5277291493,459570.13795969135,8366.316447324267
6977,459570.89890062076,91684.79573460162,367886.10316601914,459570.89890062076,8366.316447324267
6978,459571.6598415501,58236.1278540442,401335.5319875059,459571.6598415501,8366.316447324267
6979,459572.4207824796,213916.83461507855,245655.58616740102,459572.4207824796,8366.316447324267
6980,459573.181723409,281205.15162950073,178368.03009390825,459573.181723409,8366.316447324267
6981,459573.9426643383,273545.5463690847,186028.3962952536,459573.9426643383,8366.316447324267
6982,459574.70360526774,303607.82586148416,155966.87774378358,459574.70360526774,8366.316447324267
6983,459575.46454619715,382045.3297406524,77530.13480554476,459575.46454619715,8366.316447324267
6984,459576.22548712656,314281.40592760674,145294.81955951982,459576.22548712656,8366.316447324267
6985,459576.98642805597,193660.53896088054,265916.4474671754,459576.98642805597,8366.316447324267
6986,463102.0846695899,0.0,463102.0846695899,463102.0846695899,8366.316447324267
6987,467719.2209244561,0.0,467719.2209244561,467719.2209244561,8366.316447324267
6988,480000.0,0.0,480000.0,480000.0,8366.316447324267
6989,480000.0,0.0,480000.0,480000.0,8366.316447324267
6990,480000.0,0.0,480000.0,480000.0,8366.316447324267
6991,480000.0,0.0,480000.0,480000.0,8366.316447324267
6992,459582.3130145617,198398.6466520416,261183.6663625201,459582.3130145617,8366.316447324267
6993,459583.0739554912,367731.1032188891,91851.97073660212,459583.0739554912,8366.316447324267
6994,459583.8348964205,295365.27576089,164218.55913553046,459583.8348964205,8366.316447324267
6995,459584.59583735,235306.7710415931,224277.8247957569,459584.59583735,8366.316447324267
6996,459585.3567782794,72931.88271674467,386653.47406153474,459585.3567782794,8366.316447324267
6997,459586.11771920876,13366.122924404219,446219.99479480454,459586.11771920876,8366.316447324267
6998,480000.0,0.0,480000.0,480000.0,8366.316447324267
6999,459587.6396010676,11838.54931380396,447749.0902872636,459587.6396010676,8366.316447324267
7000,459588.40054199705,383556.0273931914,76032.37314880565,459588.40054199705,8366.316447324267
7001,459589.1614829264,217734.87286392736,241854.28861899904,459589.1614829264,8366.316447324267
7002,459589.9224238558,362897.05686119385,96692.86556266197,459589.9224238558,8366.316447324267
7003,459590.68336478516,147713.6147598101,311877.06860497507,459590.68336478516,8366.316447324267
7004,459591.44430571457,84875.84944976686,374715.5948559477,459591.44430571457,8366.316447324267
7005,459592.205246644,122058.43038607284,337533.77486057114,459592.205246644,8366.316447324267
7006,459592.9661875734,114582.60432903247,345010.3618585409,459592.9661875734,8366.316447324267
7007,459593.7271285028,105694.43529327167,353899.2918352311,459593.7271285028,8366.316447324267
7008,459594.4880694322,262368.74965508527,197225.73841434694,459594.4880694322,8366.316447324267
7009,459595.2490103616,359237.3524447789,100357.89656558275,459595.2490103616,8366.316447324267
7010,459596.009951291,410305.1219155151,49290.888035775904,459596.009951291,8366.316447324267
7011,459596.7708922205,444957.91878178704,14638.852110433425,459596.7708922205,8366.316447324267
7012,459597.5318331498,459597.5318331498,0.0,459597.5318331498,8366.316447324267
7013,459598.29277407925,459598.29277407925,0.0,459598.29277407925,8366.316447324267
7014,459599.05371500866,459599.05371500866,0.0,459599.05371500866,8366.316447324267
7015,459599.814655938,459599.814655938,0.0,459599.814655938,8366.316447324267
7016,459600.5755968674,413280.5728077824,46320.002789085054,459600.5755968674,8366.316447324267
7017,459601.33653779683,334553.8325998448,125047.50393795203,459601.33653779683,8366.316447324267
7018,459602.0974787261,364266.18743856985,95335.91004015628,459602.0974787261,8366.316447324267
7019,459602.85841965565,330567.33358037035,129035.5248392853,459602.85841965565,8366.316447324267
7020,459603.61936058506,309332.75499985967,150270.8643607254,459603.61936058506,8366.316447324267
7021,459604.3803015144,304162.86358556047,155441.51671595394,459604.3803015144,8366.316447324267
7022,459605.1412424438,69672.0213843346,389933.1198581092,459605.1412424438,8366.316447324267
7023,459605.9021833732,203713.35131459605,255892.55086877718,459605.9021833732,8366.316447324267
7024,459606.6631243027,137211.36175817653,322395.30136612616,459606.6631243027,8366.316447324267
7025,480000.0,0.0,480000.0,480000.0,8366.316447324267
7026,480000.0,0.0,480000.0,480000.0,8366.316447324267
7027,459608.94594709086,37022.45777249127,422586.4881745996,459608.94594709086,8366.316447324267
7028,480000.0,0.0,480000.0,480000.0,8366.316447324267
7029,480000.0,0.0,480000.0,480000.0,8366.316447324267
7030,480000.0,0.0,480000.0,480000.0,8366.316447324267
7031,480000.0,0.0,480000.0,480000.0,8366.316447324267
7032,480000.0,0.0,480000.0,480000.0,8366.316447324267
7033,459613.5115926672,60210.12125940301,399403.3903332642,459613.5115926672,8366.316447324267
7034,475153.34414596827,0.0,475153.34414596827,475153.34414596827,8366.316447324267
7035,480000.0,0.0,480000.0,480000.0,8366.316447324267
7036,480000.0,0.0,480000.0,480000.0,8366.316447324267
7037,480000.0,0.0,480000.0,480000.0,8366.316447324267
7038,480000.0,0.0,480000.0,480000.0,8366.316447324267
7039,480000.0,0.0,480000.0,480000.0,8366.316447324267
7040,459618.83817917306,170718.1285520199,288900.7096271532,459618.83817917306,8366.316447324267
7041,459619.5991201024,209967.99787663942,249651.601243463,459619.5991201024,8366.316447324267
7042,459620.36006103194,174902.02101092518,284718.33905010676,459620.36006103194,8366.316447324267
7043,459621.12100196123,165902.4912672561,293718.62973470514,459621.12100196123,8366.316447324267
7044,459621.8819428906,118173.30567388312,341448.57626900746,459621.8819428906,8366.316447324267
7045,459622.64288382005,72298.39693969203,387324.245944128,459622.64288382005,8366.316447324267
7046,459623.40382474946,51646.284646337444,407977.119178412,459623.40382474946,8366.316447324267
7047,466647.40311499586,0.0,466647.40311499586,466647.40311499586,8366.316447324267
7048,459624.9257066082,39299.3942779777,420325.5314286305,459624.9257066082,8366.316447324267
7049,459625.68664753763,41893.9980831595,417731.6885643781,459625.68664753763,8366.316447324267
7050,470434.40456699394,0.0,470434.40456699394,470434.40456699394,8366.316447324267
7051,480000.0,0.0,480000.0,480000.0,8366.316447324267
7052,459627.969470326,33143.32925702672,426484.64021329925,459627.969470326,8366.316447324267
7053,459628.73041125527,233599.1053842356,226029.62502701968,459628.73041125527,8366.316447324267
7054,459629.4913521847,302526.81055173883,157102.68080044584,459629.4913521847,8366.316447324267
7055,459630.25229311414,355872.2743231497,103757.97796996444,459630.25229311414,8366.316447324267
7056,459631.01323404344,376350.9753410283,83280.03789301515,459631.01323404344,8366.316447324267
7057,459631.77417497284,387920.0138565627,71711.76031841013,459631.77417497284,8366.316447324267
7058,459632.5351159023,404804.2011404067,54828.333975495596,459632.5351159023,8366.316447324267
7059,459633.29605683166,407294.1519982637,52339.14405856793,459633.29605683166,8366.316447324267
7060,459634.0569977611,437458.26097471436,22175.796023046714,459634.0569977611,8366.316447324267
7061,459634.8179386905,459634.8179386905,0.0,459634.8179386905,8366.316447324267
7062,459635.57887961983,459635.57887961983,0.0,459635.57887961983,8366.316447324267
7063,459636.33982054936,459636.33982054936,0.0,459636.33982054936,8366.316447324267
7064,459637.10076147877,459637.10076147877,0.0,459637.10076147877,8366.316447324267
7065,459637.86170240806,459637.86170240806,0.0,459637.86170240806,8366.316447324267
7066,459638.6226433375,459638.6226433375,0.0,459638.6226433375,8366.316447324267
7067,459639.38358426694,459639.38358426694,0.0,459639.38358426694,8366.316447324267
7068,459640.14452519635,459640.14452519635,0.0,459640.14452519635,8366.316447324267
7069,459640.90546612575,459640.90546612575,0.0,459640.90546612575,8366.316447324267
7070,459641.66640705505,446786.65847828565,12855.007928769382,459641.66640705505,8366.316447324267
7071,459642.4273479845,446039.4257276718,13603.001620312694,459642.4273479845,8366.316447324267
7072,459643.1882889139,444542.5206499793,15100.667638934605,459643.1882889139,8366.316447324267
7073,459643.9492298434,324126.5019217699,135517.44730807352,459643.9492298434,8366.316447324267
7074,459644.7101707727,199527.5225191476,260117.18765162508,459644.7101707727,8366.316447324267
7075,459645.47111170203,39712.030472308805,419933.44063939323,459645.47111170203,8366.316447324267
7076,459646.23205263156,7383.116660004016,452263.11539262754,459646.23205263156,8366.316447324267
7077,459646.99299356097,41089.53254915506,418557.4604444059,459646.99299356097,8366.316447324267
7078,459647.7539344903,108315.91046335333,351331.843471137,459647.7539344903,8366.316447324267
7079,459648.5148754198,71180.33648838452,388468.17838703527,459648.5148754198,8366.316447324267
7080,459649.2758163491,74317.27816202247,385331.9976543266,459649.2758163491,8366.316447324267
7081,459650.0367572786,68677.52671104309,390972.5100462355,459650.0367572786,8366.316447324267
7082,459650.797698208,56475.50024903478,403175.29744917323,459650.797698208,8366.316447324267
7083,459651.55863913725,50808.90060951555,408842.6580296217,459651.55863913725,8366.316447324267
7084,459652.3195800668,62215.49030123354,397436.82927883323,459652.3195800668,8366.316447324267
7085,459653.0805209961,111555.11091400438,348097.96960699174,459653.0805209961,8366.316447324267
7086,459653.8414619256,187708.78343322367,271945.0580287019,459653.8414619256,8366.316447324267
7087,459654.6024028549,225203.1484269268,234451.45397592807,459654.6024028549,8366.316447324267
7088,459655.3633437843,261541.30636274593,198114.05698103836,459655.3633437843,8366.316447324267
7089,459656.12428471376,409059.9737478944,50596.15053681934,459656.12428471376,8366.316447324267
7090,459656.8852256432,331496.34262212476,128160.5426035184,459656.8852256432,8366.316447324267
7091,459657.6461665726,277234.5392496354,182423.10691693713,459657.6461665726,8366.316447324267
7092,459658.40710750193,199427.1733583418,260231.23374916014,459658.40710750193,8366.316447324267
7093,459659.16804843134,196427.73534347315,263231.4327049582,459659.16804843134,8366.316447324267
7094,459659.92898936087,186604.17565427005,273055.7533350908,459659.92898936087,8366.316447324267
7095,459660.68993029016,175319.86686850974,284340.8230617804,459660.68993029016,8366.316447324267
7096,459661.45087121957,250980.86873813093,208680.58213308864,459661.45087121957,8366.316447324267
7097,459662.211812149,186188.14976101002,273474.06205113896,459662.211812149,8366.316447324267
7098,459662.9727530783,19980.269163588644,439682.7035894897,459662.9727530783,8366.316447324267
7099,459663.73369400785,244858.34333194455,214805.3903620633,459663.73369400785,8366.316447324267
7100,459664.4946349372,162242.68964536942,297421.8049895678,459664.4946349372,8366.316447324267
7101,480000.0,0.0,480000.0,480000.0,8366.316447324267
7102,480000.0,0.0,480000.0,480000.0,8366.316447324267
7103,467689.46734693705,0.0,467689.46734693705,467689.46734693705,8366.316447324267
7104,464566.1719832283,0.0,464566.1719832283,464566.1719832283,8366.316447324267
7105,480000.0,0.0,480000.0,480000.0,8366.316447324267
7106,478440.82385343144,0.0,478440.82385343144,478440.82385343144,8366.316447324267
7107,459669.821221443,15708.921660561406,443960.8995608816,459669.821221443,8366.316447324267
7108,480000.0,0.0,480000.0,480000.0,8366.316447324267
7109,478612.12611891807,0.0,478612.12611891807,478612.12611891807,8366.316447324267
7110,480000.0,0.0,480000.0,480000.0,8366.316447324267
7111,480000.0,0.0,480000.0,480000.0,8366.316447324267
7112,459673.62592608994,153347.9386461735,306325.6872799164,459673.62592608994,8366.316447324267
7113,459674.38686701935,280033.77822602156,179640.60864099782,459674.38686701935,8366.316447324267
7114,459675.14780794876,211533.67487351532,248141.47293443343,459675.14780794876,8366.316447324267
7115,459675.9087488782,110715.81170416751,348960.0970447107,459675.9087488782,8366.316447324267
7116,459676.6696898076,215653.28314502735,244023.38654478022,459676.6696898076,8366.316447324267
7117,459677.430630737,235914.82938842275,223762.60124231424,459677.430630737,8366.316447324267
7118,459678.19157166645,177067.42782781675,282610.7637438497,459678.19157166645,8366.316447324267
7119,459678.9525125958,190553.8514522927,269125.1010603031,459678.9525125958,8366.316447324267
7120,459679.71345352527,239090.98676257234,220588.72669095293,459679.71345352527,8366.316447324267
7121,459680.4743944547,17439.370005032164,442241.1043894225,459680.4743944547,8366.316447324267
7122,459681.235335384,130683.36731508817,328997.8680202958,459681.235335384,8366.316447324267
7123,459681.99627631344,188550.7375662498,271131.25871006364,459681.99627631344,8366.316447324267
7124,459682.75721724285,173572.9484326318,286109.80878461106,459682.75721724285,8366.316447324267
7125,459683.51815817214,189382.66591908666,270300.8522390855,459683.51815817214,8366.316447324267
7126,459684.27909910167,221030.9890131695,238653.29008593215,459684.27909910167,8366.316447324267
7127,459685.040040031,102804.87049761979,356880.1695424112,459685.040040031,8366.316447324267
7128,459685.8009809604,185725.79638469266,273960.00459626777,459685.8009809604,8366.316447324267
7129,459686.56192188984,273780.60243734304,185905.9594845468,459686.56192188984,8366.316447324267
7130,459687.3228628192,321536.46598733624,138150.85687548298,459687.3228628192,8366.316447324267
7131,459688.0838037487,368686.8714336908,91001.21237005795,459688.0838037487,8366.316447324267
7132,459688.844744678,410519.76384675043,49169.08089792755,459688.844744678,8366.316447324267
7133,459689.60568560753,357096.1292088148,102593.47647679271,459689.60568560753,8366.316447324267
7134,459690.36662653694,386795.34917260474,72895.01745393217,459690.36662653694,8366.316447324267
7135,459691.12756746623,358071.03885706846,101620.08871039776,459691.12756746623,8366.316447324267
7136,459691.88850839576,353004.67068132677,106687.21782706896,459691.88850839576,8366.316447324267
7137,459692.64944932505,346284.244221471,113408.405227854,459692.64944932505,8366.316447324267
7138,459693.4103902544,400056.3088868623,59637.101503392114,459693.4103902544,8366.316447324267
7139,459694.1713311839,333831.4068589565,125862.76447222741,459694.1713311839,8366.316447324267
7140,459694.9322721132,210615.27906302435,249079.65320908886,459694.9322721132,8366.316447324267
7141,459695.6932130427,46409.64102503867,413286.052188004,459695.6932130427,8366.316447324267
7142,480000.0,0.0,480000.0,480000.0,8366.316447324267
7143,480000.0,0.0,480000.0,480000.0,8366.316447324267
7144,480000.0,0.0,480000.0,480000.0,8366.316447324267
7145,480000.0,0.0,480000.0,480000.0,8366.316447324267
7146,480000.0,0.0,480000.0,480000.0,8366.316447324267
7147,480000.0,0.0,480000.0,480000.0,8366.316447324267
7148,480000.0,0.0,480000.0,480000.0,8366.316447324267
7149,480000.0,0.0,480000.0,480000.0,8366.316447324267
7150,480000.0,0.0,480000.0,480000.0,8366.316447324267
7151,480000.0,0.0,480000.0,480000.0,8366.316447324267
7152,480000.0,0.0,480000.0,480000.0,8366.316447324267
7153,480000.0,0.0,480000.0,480000.0,8366.316447324267
7154,480000.0,0.0,480000.0,480000.0,8366.316447324267
7155,480000.0,0.0,480000.0,480000.0,8366.316447324267
7156,480000.0,0.0,480000.0,480000.0,8366.316447324267
7157,480000.0,0.0,480000.0,480000.0,8366.316447324267
7158,480000.0,0.0,480000.0,480000.0,8366.316447324267
7159,480000.0,0.0,480000.0,480000.0,8366.316447324267
7160,480000.0,0.0,480000.0,480000.0,8366.316447324267
7161,459710.9120316307,4511.3695774654625,455199.54245416523,459710.9120316307,8366.316447324267
7162,459711.67297256016,60454.38630417141,399257.28666838876,459711.67297256016,8366.316447324267
7163,459712.4339134895,46022.37941718381,413690.0544963057,459712.4339134895,8366.316447324267
7164,459713.1948544188,20686.565246961254,439026.62960745755,459713.1948544188,8366.316447324267
7165,459713.95579534833,15373.28945641598,444340.66633893235,459713.95579534833,8366.316447324267
7166,459714.71673627774,1033.0129123357474,458681.703823942,459714.71673627774,8366.316447324267
7167,459715.4776772071,24859.541727617092,434855.93594959,459715.4776772071,8366.316447324267
7168,459716.2386181365,46503.11610125151,413213.122516885,459716.2386181365,8366.316447324267
7169,459716.9995590659,13128.688965592592,446588.3105934733,459716.9995590659,8366.316447324267
7170,480000.0,0.0,480000.0,480000.0,8366.316447324267
7171,480000.0,0.0,480000.0,480000.0,8366.316447324267
7172,459719.2823818542,41791.863309463195,417927.419072391,459719.2823818542,8366.316447324267
7173,459720.04332278355,151472.84341577266,308247.1999070109,459720.04332278355,8366.316447324267
7174,459720.8042637129,218534.45874991367,241186.34551379923,459720.8042637129,8366.316447324267
7175,459721.5652046424,302054.8862692667,157666.6789353757,459721.5652046424,8366.316447324267
7176,459722.32614557166,367931.86699942127,91790.45914615042,459722.32614557166,8366.316447324267
7177,459723.08708650107,384916.9144603152,74806.17262618587,459723.08708650107,8366.316447324267
7178,459723.8480274306,394285.2590713611,65438.58895606948,459723.8480274306,8366.316447324267
7179,459724.6089683599,388838.39160346135,70886.21736489852,459724.6089683599,8366.316447324267
7180,459725.36990928935,383981.40145329986,75743.9684559895,459725.36990928935,8366.316447324267
7181,459726.13085021876,356979.62134152785,102746.50950869091,459726.13085021876,8366.316447324267
7182,459726.8917911481,328291.53579927725,131435.3559918709,459726.8917911481,8366.316447324267
7183,459727.6527320775,269170.9887455442,190556.66398653333,459727.6527320775,8366.316447324267
7184,459728.413673007,249331.57356761995,210396.84010538703,459728.413673007,8366.316447324267
7185,459729.17461393634,282643.1737832672,177086.00083066913,459729.17461393634,8366.316447324267
7186,459729.9355548658,342534.67253799725,117195.26301686854,459729.9355548658,8366.316447324267
7187,459730.69649579516,252013.61065627428,207717.08583952088,459730.69649579516,8366.316447324267
7188,459731.4574367246,164355.36266769026,295376.09476903436,459731.4574367246,8366.316447324267
7189,459732.218377654,245262.53411015132,214469.68426750266,459732.218377654,8366.316447324267
7190,459732.9793185833,218553.38298146904,241179.5963371143,459732.9793185833,8366.316447324267
7191,459733.7402595128,140096.04367523617,319637.6965842766,459733.7402595128,8366.316447324267
7192,459734.50120044214,126787.40724521311,332947.09395522904,459734.50120044214,8366.316447324267
7193,459735.26214137167,28299.226921970665,431436.035219401,459735.26214137167,8366.316447324267
7194,480000.0,0.0,480000.0,480000.0,8366.316447324267
7195,480000.0,0.0,480000.0,480000.0,8366.316447324267
7196,480000.0,0.0,480000.0,480000.0,8366.316447324267
7197,480000.0,0.0,480000.0,480000.0,8366.316447324267
7198,459739.0668460186,2004.928799805406,457734.1380462132,459739.0668460186,8366.316447324267
7199,459739.827786948,172027.214289558,287712.61349739,459739.827786948,8366.316447324267
7200,459740.58872787736,313318.61929946166,146421.9694284157,459740.58872787736,8366.316447324267
7201,459741.3496688069,402015.5141265976,57725.83554220925,459741.3496688069,8366.316447324267
7202,459742.11060973624,407221.80015130556,52520.31045843067,459742.11060973624,8366.316447324267
7203,459742.8715506655,23190.496080743673,436552.37546992186,459742.8715506655,8366.316447324267
7204,480000.0,0.0,480000.0,480000.0,8366.316447324267
7205,480000.0,0.0,480000.0,480000.0,8366.316447324267
7206,480000.0,0.0,480000.0,480000.0,8366.316447324267
7207,480000.0,0.0,480000.0,480000.0,8366.316447324267
7208,480000.0,0.0,480000.0,480000.0,8366.316447324267
7209,468780.14883391024,0.0,468780.14883391024,468780.14883391024,8366.316447324267
7210,459748.19813717145,18507.862187135033,441240.3359500364,459748.19813717145,8366.316447324267
7211,459748.9590781008,59873.99184616987,399874.96723193093,459748.9590781008,8366.316447324267
7212,459749.7200190302,64794.56043207616,394955.15958695405,459749.7200190302,8366.316447324267
7213,459750.4809599596,177605.28889207082,282145.1920678888,459750.4809599596,8366.316447324267
7214,459751.2419008891,146327.44485294522,313423.79704794387,459751.2419008891,8366.316447324267
7215,459752.00284181844,145766.56651877635,313985.4363230421,459752.00284181844,8366.316447324267
7216,459752.76378274785,138466.0168834307,321286.74689931714,459752.76378274785,8366.316447324267
7217,468565.74197680736,0.0,468565.74197680736,468565.74197680736,8366.316447324267
7218,480000.0,0.0,480000.0,480000.0,8366.316447324267
7219,480000.0,0.0,480000.0,480000.0,8366.316447324267
7220,480000.0,0.0,480000.0,480000.0,8366.316447324267
7221,480000.0,0.0,480000.0,480000.0,8366.316447324267
7222,480000.0,0.0,480000.0,480000.0,8366.316447324267
7223,480000.0,0.0,480000.0,480000.0,8366.316447324267
7224,480000.0,0.0,480000.0,480000.0,8366.316447324267
7225,480000.0,0.0,480000.0,480000.0,8366.316447324267
7226,480000.0,0.0,480000.0,480000.0,8366.316447324267
7227,480000.0,0.0,480000.0,480000.0,8366.316447324267
7228,480000.0,0.0,480000.0,480000.0,8366.316447324267
7229,459762.65601483,40568.7627647997,419193.8932500303,459762.65601483,8366.316447324267
7230,459763.41695575946,31929.356164484692,427834.06079127477,459763.41695575946,8366.316447324267
7231,475613.81680485315,0.0,475613.81680485315,475613.81680485315,8366.316447324267
7232,461941.31446505943,0.0,461941.31446505943,461941.31446505943,8366.316447324267
7233,459765.69977854774,312237.5407871944,147528.15899135332,459765.69977854774,8366.316447324267
7234,459766.46071947704,321453.5382523292,138312.9224671478,459766.46071947704,8366.316447324267
7235,459767.22166040645,316312.503531939,143454.71812846744,459767.22166040645,8366.316447324267
7236,459767.98260133585,300912.0433384266,158855.93926290926,459767.98260133585,8366.316447324267
7237,459768.74354226526,310345.2112799637,149423.53226230157,459768.74354226526,8366.316447324267
7238,459769.5044831947,322009.2434904878,137760.26099270684,459769.5044831947,8366.316447324267
7239,459770.26542412397,330899.8680811187,128870.39734300532,459770.26542412397,8366.316447324267
7240,459771.02636505355,229872.25975537012,229898.76660968343,459771.02636505355,8366.316447324267
7241,459771.78730598284,85798.2037829496,373973.58352303325,459771.78730598284,8366.316447324267
7242,459772.54824691225,96818.06927084143,362954.4789760708,459772.54824691225,8366.316447324267
7243,459773.3091878417,135145.12769248022,324628.1814953615,459773.3091878417,8366.316447324267
7244,459774.070128771,2456.8191340774065,457317.2509946936,459774.070128771,8366.316447324267
7245,480000.0,0.0,480000.0,480000.0,8366.316447324267
7246,480000.0,0.0,480000.0,480000.0,8366.316447324267
7247,480000.0,0.0,480000.0,480000.0,8366.316447324267
7248,459777.1138924887,8505.861103760777,451271.2527887279,459777.1138924887,8366.316447324267
7249,459777.87483341806,27230.865806840302,432547.00902657775,459777.87483341806,8366.316447324267
7250,459778.63577434747,89330.73164412682,370447.90413022065,459778.63577434747,8366.316447324267
7251,459779.39671527693,219249.97658589264,240529.4201293843,459779.39671527693,8366.316447324267
7252,459780.1576562063,253026.8272312747,206753.33042493157,459780.1576562063,8366.316447324267
7253,459780.91859713575,215872.4242663253,243908.49433081044,459780.91859713575,8366.316447324267
7254,459781.6795380651,211527.88784035793,248253.79169770717,459781.6795380651,8366.316447324267
7255,459782.4404789945,177763.84428001556,282018.59619897895,459782.4404789945,8366.316447324267
7256,459783.20141992386,162648.45083194785,297134.750587976,459783.20141992386,8366.316447324267
7257,459783.9623608533,240122.97619621555,219660.98616463772,459783.9623608533,8366.316447324267
7258,459784.7233017827,142377.81016191974,317406.91313986294,459784.7233017827,8366.316447324267
7259,459785.4842427121,256040.72898001227,203744.75526269982,459785.4842427121,8366.316447324267
7260,459786.2451836415,83698.205641246,376088.0395423955,459786.2451836415,8366.316447324267
7261,459787.00612457085,295717.966902475,164069.0392220959,459787.00612457085,8366.316447324267
7262,459787.76706550026,277855.76362940914,181932.00343609115,459787.76706550026,8366.316447324267
7263,459788.52800642967,100103.3163931478,359685.21161328186,459788.52800642967,8366.316447324267
7264,459789.2889473592,60505.606236325926,399283.68271103327,459789.2889473592,8366.316447324267
7265,459790.0498882885,96124.92732380971,363665.1225644788,459790.0498882885,8366.316447324267
7266,459790.81082921795,45150.15128466644,414640.6595445515,459790.81082921795,8366.316447324267
7267,480000.0,0.0,480000.0,480000.0,8366.316447324267
7268,459792.3327110767,136480.40636898763,323311.9263420891,459792.3327110767,8366.316447324267
7269,480000.0,0.0,480000.0,480000.0,8366.316447324267
7270,459793.85459293553,71013.26286032907,388780.59173260647,459793.85459293553,8366.316447324267
7271,480000.0,0.0,480000.0,480000.0,8366.316447324267
7272,459795.37647479435,89735.58594169724,370059.7905330971,459795.37647479435,8366.316447324267
7273,459796.13741572376,20783.62434905581,439012.51306666795,459796.13741572376,8366.316447324267
7274,459796.89835665317,298835.91786098515,160960.980495668,459796.89835665317,8366.316447324267
7275,480000.0,0.0,480000.0,480000.0,8366.316447324267
7276,459798.42023851187,70197.92746903276,389600.4927694791,459798.42023851187,8366.316447324267
7277,459799.1811794414,83889.1436049891,375910.0375744523,459799.1811794414,8366.316447324267
7278,459799.9421203708,201476.73454052903,258323.20757984178,459799.9421203708,8366.316447324267
7279,459800.7030613002,291038.8437164017,168761.8593448985,459800.7030613002,8366.316447324267
7280,459801.4640022295,279845.826470591,179955.63753163852,459801.4640022295,8366.316447324267
7281,459802.2249431589,349546.5773252844,110255.64761787449,459802.2249431589,8366.316447324267
7282,459802.98588408844,387560.3207592169,72242.66512487152,459802.98588408844,8366.316447324267
7283,459803.74682501773,404526.1956996643,55277.551125353406,459803.74682501773,8366.316447324267
7284,459804.5077659471,386905.58051811863,72898.92724782845,459804.5077659471,8366.316447324267
7285,459805.2687068766,237905.8841513769,221899.3845554997,459805.2687068766,8366.316447324267
7286,459806.0296478059,237188.22509998118,222617.80454782472,459806.0296478059,8366.316447324267
7287,459806.79058873537,200076.36938354044,259730.42120519493,459806.79058873537,8366.316447324267
7288,459807.5515296647,65731.02768587437,394076.52384379035,459807.5515296647,8366.316447324267
7289,471406.4441954251,0.0,471406.4441954251,471406.4441954251,8366.316447324267
7290,480000.0,0.0,480000.0,480000.0,8366.316447324267
7291,459809.834352453,68094.14425430831,391715.6900981447,459809.834352453,8366.316447324267
7292,480000.0,0.0,480000.0,480000.0,8366.316447324267
7293,480000.0,0.0,480000.0,480000.0,8366.316447324267
7294,459812.1171752412,49161.06943157356,410651.0477436676,459812.1171752412,8366.316447324267
7295,459812.87811617064,12652.7150474019,447160.16306876874,459812.87811617064,8366.316447324267
7296,459813.63905709994,54395.51092883892,405418.128128261,459813.63905709994,8366.316447324267
7297,459814.39999802934,77618.16960552678,382196.23039250256,459814.39999802934,8366.316447324267
7298,459815.16093895875,77406.76417450642,382408.39676445234,459815.16093895875,8366.316447324267
7299,459815.92187988816,72626.1969740119,387189.72490587627,459815.92187988816,8366.316447324267
7300,459816.68282081763,66293.62981678202,393523.0530040356,459816.68282081763,8366.316447324267
7301,459817.4437617469,102345.00670557236,357472.43705617456,459817.4437617469,8366.316447324267
7302,459818.20470267633,187566.93208930292,272251.2726133734,459818.20470267633,8366.316447324267
7303,459818.9656436058,275060.1314242647,184758.8342193411,459818.9656436058,8366.316447324267
7304,459819.7265845352,150042.56547016808,309777.16111436713,459819.7265845352,8366.316447324267
7305,459820.4875254646,168149.05564898922,291671.4318764754,459820.4875254646,8366.316447324267
7306,459821.248466394,250177.55721781342,209643.6912485806,459821.248466394,8366.316447324267
7307,459822.0094073234,389011.78110258165,70810.22830474171,459822.0094073234,8366.316447324267
7308,459822.77034825284,330431.06223222567,129391.70811602718,459822.77034825284,8366.316447324267
7309,459823.53128918225,267447.5552347016,192375.97605448065,459823.53128918225,8366.316447324267
7310,459824.29223011155,155775.76562758925,304048.5266025223,459824.29223011155,8366.316447324267
7311,459825.053171041,140160.60179038823,319664.4513806528,459825.053171041,8366.316447324267
7312,459825.8141119704,162646.09022311098,297179.72388885944,459825.8141119704,8366.316447324267
7313,459826.57505289983,49413.14363487146,410413.43141802837,459826.57505289983,8366.316447324267
7314,459827.3359938292,18966.700586713443,440860.63540711574,459827.3359938292,8366.316447324267
7315,459828.0969347586,83385.46677801851,376442.6301567401,459828.0969347586,8366.316447324267
7316,459828.857875688,106489.575551358,353339.28232433,459828.857875688,8366.316447324267
7317,459829.6188166174,30148.84131839371,429680.7774982237,459829.6188166174,8366.316447324267
7318,459830.3797575468,33079.111657495494,426751.2681000513,459830.3797575468,8366.316447324267
7319,459831.1406984762,37275.92709245789,422555.21360601834,459831.1406984762,8366.316447324267
7320,459831.90163940564,57215.20509825839,402616.69654114725,459831.90163940564,8366.316447324267
7321,459832.6625803351,125081.50707594061,334751.1555043945,459832.6625803351,8366.316447324267
7322,459833.42352126446,60288.53853443556,399544.8849868289,459833.42352126446,8366.316447324267
7323,480000.0,0.0,480000.0,480000.0,8366.316447324267
7324,480000.0,0.0,480000.0,480000.0,8366.316447324267
7325,480000.0,0.0,480000.0,480000.0,8366.316447324267
7326,480000.0,0.0,480000.0,480000.0,8366.316447324267
7327,480000.0,0.0,480000.0,480000.0,8366.316447324267
7328,459837.98916684074,10420.032691690547,449417.9564751502,459837.98916684074,8366.316447324267
7329,459838.75010777026,255375.81009890928,204462.94000886098,459838.75010777026,8366.316447324267
7330,459839.5110486997,231590.72207592762,228248.78897277205,459839.5110486997,8366.316447324267
7331,459840.271989629,217691.34180411542,242148.9301855136,459840.271989629,8366.316447324267
7332,459841.0329305585,241947.29583080517,217893.7370997533,459841.0329305585,8366.316447324267
7333,459841.79387148784,230677.393443463,229164.40042802485,459841.79387148784,8366.316447324267
7334,459842.55481241737,287130.66009231866,172711.89472009867,459842.55481241737,8366.316447324267
7335,459843.3157533467,324253.1489460003,135590.1668073464,459843.3157533467,8366.316447324267
7336,459844.07669427607,316154.77615325525,143689.3005410208,459844.07669427607,8366.316447324267
7337,459844.8376352055,291660.66740398086,168184.1702312246,459844.8376352055,8366.316447324267
7338,459845.5985761348,173666.0271685701,286179.57140756474,459845.5985761348,8366.316447324267
7339,459846.3595170643,406043.7637568881,53802.59576017622,459846.3595170643,8366.316447324267
7340,459847.1204579937,444302.70473298465,15544.415725009023,459847.1204579937,8366.316447324267
7341,459847.881398923,442473.58815522224,17374.29324370074,459847.881398923,8366.316447324267
7342,459848.6423398525,459593.25053749804,255.39180235447802,459848.6423398525,8366.316447324267
7343,459849.4032807818,459849.4032807818,0.0,459849.4032807818,8366.316447324267
7344,459850.1642217113,459850.1642217113,0.0,459850.1642217113,8366.316447324267
7345,459850.92516264075,459850.92516264075,0.0,459850.92516264075,8366.316447324267
7346,459851.68610357004,441325.5069877673,18526.179115802737,459851.68610357004,8366.316447324267
7347,459852.44704449957,410311.565935049,49540.881109450565,459852.44704449957,8366.316447324267
7348,459853.20798542886,388922.2164101626,70930.99157526626,459853.20798542886,8366.316447324267
7349,459853.96892635827,322531.44828905107,137322.5206373072,459853.96892635827,8366.316447324267
7350,459854.72986728774,290028.7219245545,169826.00794273324,459854.72986728774,8366.316447324267
7351,459855.4908082171,167844.46466778067,292011.0261404364,459855.4908082171,8366.316447324267
7352,459856.25174914656,82222.0752898056,377634.17645934096,459856.25174914656,8366.316447324267
7353,459857.0126900759,99035.62773016229,360821.3849599136,459857.0126900759,8366.316447324267
7354,459857.7736310053,270993.9741219629,188863.79950904238,459857.7736310053,8366.316447324267
7355,459858.53457193467,210896.86029829812,248961.67427363654,459858.53457193467,8366.316447324267
7356,459859.2955128641,141380.7449890374,318478.5505238267,459859.2955128641,8366.316447324267
7357,459860.05645379354,61782.75959349115,398077.2968603024,459860.05645379354,8366.316447324267
7358,459860.8173947229,9833.192164242559,450027.62523048033,459860.8173947229,8366.316447324267
7359,480000.0,0.0,480000.0,480000.0,8366.316447324267
7360,480000.0,0.0,480000.0,480000.0,8366.316447324267
7361,480000.0,0.0,480000.0,480000.0,8366.316447324267
7362,480000.0,0.0,480000.0,480000.0,8366.316447324267
7363,480000.0,0.0,480000.0,480000.0,8366.316447324267
7364,480000.0,0.0,480000.0,480000.0,8366.316447324267
7365,480000.0,0.0,480000.0,480000.0,8366.316447324267
7366,480000.0,0.0,480000.0,480000.0,8366.316447324267
7367,480000.0,0.0,480000.0,480000.0,8366.316447324267
7368,480000.0,0.0,480000.0,480000.0,8366.316447324267
7369,480000.0,0.0,480000.0,480000.0,8366.316447324267
7370,480000.0,0.0,480000.0,480000.0,8366.316447324267
7371,480000.0,0.0,480000.0,480000.0,8366.316447324267
7372,480000.0,0.0,480000.0,480000.0,8366.316447324267
7373,480000.0,0.0,480000.0,480000.0,8366.316447324267
7374,480000.0,0.0,480000.0,480000.0,8366.316447324267
7375,480000.0,0.0,480000.0,480000.0,8366.316447324267
7376,480000.0,0.0,480000.0,480000.0,8366.316447324267
7377,480000.0,0.0,480000.0,480000.0,8366.316447324267
7378,480000.0,0.0,480000.0,480000.0,8366.316447324267
7379,480000.0,0.0,480000.0,480000.0,8366.316447324267
7380,480000.0,0.0,480000.0,480000.0,8366.316447324267
7381,480000.0,0.0,480000.0,480000.0,8366.316447324267
7382,480000.0,0.0,480000.0,480000.0,8366.316447324267
7383,459879.84091795795,36462.13015895127,423417.7107590067,459879.84091795795,8366.316447324267
7384,459880.60185888736,55500.31177089136,404380.290087996,459880.60185888736,8366.316447324267
7385,459881.3627998167,51277.41062119434,408603.95217862236,459881.3627998167,8366.316447324267
7386,459882.12374074623,141462.40124661062,318419.7224941356,459882.12374074623,8366.316447324267
7387,464022.3007375005,0.0,464022.3007375005,464022.3007375005,8366.316447324267
7388,459883.64562260493,13060.097429132904,446823.54819347203,459883.64562260493,8366.316447324267
7389,459884.4065635344,62868.24513286562,397016.1614306688,459884.4065635344,8366.316447324267
7390,459885.1675044637,36758.88271501643,423126.28478944727,459885.1675044637,8366.316447324267
7391,459885.9284453931,76329.8333659551,383556.095079438,459885.9284453931,8366.316447324267
7392,459886.6893863226,208410.64325108318,251476.04613523945,459886.6893863226,8366.316447324267
7393,459887.4503272519,342622.1025088269,117265.34781842501,459887.4503272519,8366.316447324267
7394,459888.2112681814,409074.3085045734,50813.902763607955,459888.2112681814,8366.316447324267
7395,459888.97220911074,446210.9831316669,13677.989077443846,459888.97220911074,8366.316447324267
7396,459889.73315004015,459889.73315004015,0.0,459889.73315004015,8366.316447324267
7397,459890.4940909696,459890.4940909696,0.0,459890.4940909696,8366.316447324267
7398,459891.255031899,454207.8368654287,5683.418166470322,459891.255031899,8366.316447324267
7399,459892.01597282843,441337.36334209435,18554.652630734105,459892.01597282843,8366.316447324267
7400,459892.7769137578,398107.03937505727,61785.73753870052,459892.7769137578,8366.316447324267
7401,459893.5378546872,397315.0113538422,62578.52650084501,459893.5378546872,8366.316447324267
7402,459894.29879561666,401219.90264882805,58674.39614678861,459894.29879561666,8366.316447324267
7403,459895.05973654595,364839.781069647,95055.27866689897,459895.05973654595,8366.316447324267
7404,459895.82067747536,344509.9506088742,115385.87006860114,459895.82067747536,8366.316447324267
7405,459896.5816184048,236300.1354770773,223596.44614132747,459896.5816184048,8366.316447324267
7406,459897.3425593342,179461.58099322446,280435.7615661097,459897.3425593342,8366.316447324267
7407,459898.10350026365,60906.990091399464,398991.1134088642,459898.10350026365,8366.316447324267
7408,480000.0,0.0,480000.0,480000.0,8366.316447324267
7409,480000.0,0.0,480000.0,480000.0,8366.316447324267
7410,480000.0,0.0,480000.0,480000.0,8366.316447324267
7411,480000.0,0.0,480000.0,480000.0,8366.316447324267
7412,480000.0,0.0,480000.0,480000.0,8366.316447324267
7413,480000.0,0.0,480000.0,480000.0,8366.316447324267
7414,480000.0,0.0,480000.0,480000.0,8366.316447324267
7415,480000.0,0.0,480000.0,480000.0,8366.316447324267
7416,480000.0,0.0,480000.0,480000.0,8366.316447324267
7417,480000.0,0.0,480000.0,480000.0,8366.316447324267
7418,480000.0,0.0,480000.0,480000.0,8366.316447324267
7419,480000.0,0.0,480000.0,480000.0,8366.316447324267
7420,459907.9957323458,25112.34838042868,434795.6473519171,459907.9957323458,8366.316447324267
7421,459908.7566732752,138076.4607171163,321832.2959561589,459908.7566732752,8366.316447324267
7422,459909.51761420455,42209.97381370887,417699.5438004957,459909.51761420455,8366.316447324267
7423,461644.52920926077,0.0,461644.52920926077,461644.52920926077,8366.316447324267
7424,480000.0,0.0,480000.0,480000.0,8366.316447324267
7425,480000.0,0.0,480000.0,480000.0,8366.316447324267
7426,480000.0,0.0,480000.0,480000.0,8366.316447324267
7427,468586.65383432707,0.0,468586.65383432707,468586.65383432707,8366.316447324267
7428,459914.0832597811,3309.585192726343,456604.4980670548,459914.0832597811,8366.316447324267
7429,480000.0,0.0,480000.0,480000.0,8366.316447324267
7430,480000.0,0.0,480000.0,480000.0,8366.316447324267
7431,480000.0,0.0,480000.0,480000.0,8366.316447324267
7432,465393.812417972,0.0,465393.812417972,465393.812417972,8366.316447324267
7433,480000.0,0.0,480000.0,480000.0,8366.316447324267
7434,480000.0,0.0,480000.0,480000.0,8366.316447324267
7435,480000.0,0.0,480000.0,480000.0,8366.316447324267
7436,480000.0,0.0,480000.0,480000.0,8366.316447324267
7437,480000.0,0.0,480000.0,480000.0,8366.316447324267
7438,480000.0,0.0,480000.0,480000.0,8366.316447324267
7439,480000.0,0.0,480000.0,480000.0,8366.316447324267
7440,480000.0,0.0,480000.0,480000.0,8366.316447324267
7441,461063.2422704386,0.0,461063.2422704386,461063.2422704386,8366.316447324267
7442,459924.7364327927,14401.263127944665,445523.473304848,459924.7364327927,8366.316447324267
7443,459925.497373722,5576.753611671738,454348.7437620503,459925.497373722,8366.316447324267
7444,459926.2583146515,78855.00175112224,381071.25656352926,459926.2583146515,8366.316447324267
7445,459927.01925558085,164027.49562836112,295899.5236272197,459927.01925558085,8366.316447324267
7446,459927.7801965104,231304.436334705,228623.34386180536,459927.7801965104,8366.316447324267
7447,459928.5411374396,238941.08429036674,220987.45684707287,459928.5411374396,8366.316447324267
7448,459929.3020783691,264176.9473197955,195752.35475857355,459929.3020783691,8366.316447324267
7449,459930.06301929854,432731.70838964434,27198.35462965421,459930.06301929854,8366.316447324267
7450,459930.8239602279,432125.15780644043,27805.66615378744,459930.8239602279,8366.316447324267
7451,459931.5849011573,398791.1761221996,61140.408778957666,459931.5849011573,8366.316447324267
7452,459932.3458420867,380546.91661033616,79385.42923175056,459932.3458420867,8366.316447324267
7453,459933.10678301606,342641.8983151707,117291.20846784532,459933.10678301606,8366.316447324267
7454,459933.8677239456,275527.44242791255,184406.42529603303,459933.8677239456,8366.316447324267
7455,459934.62866487494,165190.36827762588,294744.26038724906,459934.62866487494,8366.316447324267
7456,459935.3896058043,176084.37869617093,283851.01090963336,459935.3896058043,8366.316447324267
7457,477643.7975697771,0.0,477643.7975697771,477643.7975697771,8366.316447324267
7458,480000.0,0.0,480000.0,480000.0,8366.316447324267
7459,480000.0,0.0,480000.0,480000.0,8366.316447324267
7460,480000.0,0.0,480000.0,480000.0,8366.316447324267
7461,480000.0,0.0,480000.0,480000.0,8366.316447324267
7462,480000.0,0.0,480000.0,480000.0,8366.316447324267
7463,480000.0,0.0,480000.0,480000.0,8366.316447324267
7464,459941.4771332395,30463.44230821042,429478.0348250291,459941.4771332395,8366.316447324267
7465,459942.2380741689,107643.31108940823,352298.9269847607,459942.2380741689,8366.316447324267
7466,459942.9990150983,296289.5001553741,163653.4988597242,459942.9990150983,8366.316447324267
7467,459943.7599560278,394562.7074840517,65381.0524719761,459943.7599560278,8366.316447324267
7468,459944.52089695714,378119.022468959,81825.49842799817,459944.52089695714,8366.316447324267
7469,459945.28183788655,390391.20649284724,69554.0753450393,459945.28183788655,8366.316447324267
7470,459946.04277881596,409794.65065723605,50151.39212157993,459946.04277881596,8366.316447324267
7471,459946.8037197453,420850.5225474694,39096.28117227591,459946.8037197453,8366.316447324267
7472,459947.5646606748,388622.9086352268,71324.65602544803,459947.5646606748,8366.316447324267
7473,459948.3256016042,314773.98231373494,145174.34328786927,459948.3256016042,8366.316447324267
7474,459949.0865425334,397373.7437736083,62575.34276892511,459949.0865425334,8366.316447324267
7475,459949.84748346295,317345.76215904986,142604.08532441308,459949.84748346295,8366.316447324267
7476,459950.60842439235,172937.8934919777,287012.71493241464,459950.60842439235,8366.316447324267
7477,459951.3693653217,42073.30974616145,417878.05961916025,459951.3693653217,8366.316447324267
7478,480000.0,0.0,480000.0,480000.0,8366.316447324267
7479,480000.0,0.0,480000.0,480000.0,8366.316447324267
7480,480000.0,0.0,480000.0,480000.0,8366.316447324267
7481,480000.0,0.0,480000.0,480000.0,8366.316447324267
7482,480000.0,0.0,480000.0,480000.0,8366.316447324267
7483,480000.0,0.0,480000.0,480000.0,8366.316447324267
7484,480000.0,0.0,480000.0,480000.0,8366.316447324267
7485,480000.0,0.0,480000.0,480000.0,8366.316447324267
7486,480000.0,0.0,480000.0,480000.0,8366.316447324267
7487,480000.0,0.0,480000.0,480000.0,8366.316447324267
7488,480000.0,0.0,480000.0,480000.0,8366.316447324267
7489,480000.0,0.0,480000.0,480000.0,8366.316447324267
7490,480000.0,0.0,480000.0,480000.0,8366.316447324267
7491,480000.0,0.0,480000.0,480000.0,8366.316447324267
7492,480000.0,0.0,480000.0,480000.0,8366.316447324267
7493,480000.0,0.0,480000.0,480000.0,8366.316447324267
7494,480000.0,0.0,480000.0,480000.0,8366.316447324267
7495,480000.0,0.0,480000.0,480000.0,8366.316447324267
7496,480000.0,0.0,480000.0,480000.0,8366.316447324267
7497,459966.5881839098,69734.54341571167,390232.0447681981,459966.5881839098,8366.316447324267
7498,459967.3491248391,124516.30146420922,335451.0476606299,459967.3491248391,8366.316447324267
7499,459968.1100657686,62427.79271652544,397540.31734924315,459968.1100657686,8366.316447324267
7500,480000.0,0.0,480000.0,480000.0,8366.316447324267
7501,480000.0,0.0,480000.0,480000.0,8366.316447324267
7502,480000.0,0.0,480000.0,480000.0,8366.316447324267
7503,480000.0,0.0,480000.0,480000.0,8366.316447324267
7504,480000.0,0.0,480000.0,480000.0,8366.316447324267
7505,480000.0,0.0,480000.0,480000.0,8366.316447324267
7506,480000.0,0.0,480000.0,480000.0,8366.316447324267
7507,480000.0,0.0,480000.0,480000.0,8366.316447324267
7508,480000.0,0.0,480000.0,480000.0,8366.316447324267
7509,480000.0,0.0,480000.0,480000.0,8366.316447324267
7510,480000.0,0.0,480000.0,480000.0,8366.316447324267
7511,480000.0,0.0,480000.0,480000.0,8366.316447324267
7512,480000.0,0.0,480000.0,480000.0,8366.316447324267
7513,480000.0,0.0,480000.0,480000.0,8366.316447324267
7514,480000.0,0.0,480000.0,480000.0,8366.316447324267
7515,480000.0,0.0,480000.0,480000.0,8366.316447324267
7516,480000.0,0.0,480000.0,480000.0,8366.316447324267
7517,480000.0,0.0,480000.0,480000.0,8366.316447324267
7518,480000.0,0.0,480000.0,480000.0,8366.316447324267
7519,459983.32888435666,84432.01484959095,375551.3140347657,459983.32888435666,8366.316447324267
7520,459984.08982528606,229449.81298936537,230534.2768359207,459984.08982528606,8366.316447324267
7521,459984.8507662155,400439.25099630473,59545.599769910754,459984.8507662155,8366.316447324267
7522,459985.6117071449,424875.3809582932,35110.23074885166,459985.6117071449,8366.316447324267
7523,459986.37264807423,444489.384268298,15496.988379776258,459986.37264807423,8366.316447324267
7524,459987.1335890036,455620.5270898014,4366.606499202173,459987.1335890036,8366.316447324267
7525,459987.89452993305,443302.4762534772,16685.41827645585,459987.89452993305,8366.316447324267
7526,459988.65547086246,428159.3972012755,31829.258269586935,459988.65547086246,8366.316447324267
7527,459989.41641179187,377558.46230309224,82430.95410869965,459989.41641179187,8366.316447324267
7528,459990.1773527212,383356.5524066653,76633.62494605593,459990.1773527212,8366.316447324267
7529,459990.9382936506,335086.2270731614,124904.71122048916,459990.9382936506,8366.316447324267
7530,459991.6992345801,258067.32117283452,201924.37806174558,459991.6992345801,8366.316447324267
7531,459992.46017550945,76926.94957652548,383065.51059898396,459992.46017550945,8366.316447324267
7532,480000.0,0.0,480000.0,480000.0,8366.316447324267
7533,480000.0,0.0,480000.0,480000.0,8366.316447324267
7534,480000.0,0.0,480000.0,480000.0,8366.316447324267
7535,480000.0,0.0,480000.0,480000.0,8366.316447324267
7536,480000.0,0.0,480000.0,480000.0,8366.316447324267
7537,480000.0,0.0,480000.0,480000.0,8366.316447324267
7538,480000.0,0.0,480000.0,480000.0,8366.316447324267
7539,480000.0,0.0,480000.0,480000.0,8366.316447324267
7540,480000.0,0.0,480000.0,480000.0,8366.316447324267
7541,480000.0,0.0,480000.0,480000.0,8366.316447324267
7542,460124.88129520335,0.0,460124.88129520335,460124.88129520335,8366.316447324267
7543,480000.0,0.0,480000.0,480000.0,8366.316447324267
7544,480000.0,0.0,480000.0,480000.0,8366.316447324267
7545,480000.0,0.0,480000.0,480000.0,8366.316447324267
7546,471354.33833158354,0.0,471354.33833158354,471354.33833158354,8366.316447324267
7547,480000.0,0.0,480000.0,480000.0,8366.316447324267
7548,460005.3961713094,90814.28211650846,369191.11405480094,460005.3961713094,8366.316447324267
7549,480000.0,0.0,480000.0,480000.0,8366.316447324267
7550,480000.0,0.0,480000.0,480000.0,8366.316447324267
7551,480000.0,0.0,480000.0,480000.0,8366.316447324267
7552,480000.0,0.0,480000.0,480000.0,8366.316447324267
7553,480000.0,0.0,480000.0,480000.0,8366.316447324267
7554,480000.0,0.0,480000.0,480000.0,8366.316447324267
7555,480000.0,0.0,480000.0,480000.0,8366.316447324267
7556,480000.0,0.0,480000.0,480000.0,8366.316447324267
7557,480000.0,0.0,480000.0,480000.0,8366.316447324267
7558,480000.0,0.0,480000.0,480000.0,8366.316447324267
7559,480000.0,0.0,480000.0,480000.0,8366.316447324267
7560,480000.0,0.0,480000.0,480000.0,8366.316447324267
7561,480000.0,0.0,480000.0,480000.0,8366.316447324267
7562,480000.0,0.0,480000.0,480000.0,8366.316447324267
7563,480000.0,0.0,480000.0,480000.0,8366.316447324267
7564,480000.0,0.0,480000.0,480000.0,8366.316447324267
7565,465714.60796580976,0.0,465714.60796580976,465714.60796580976,8366.316447324267
7566,460019.09310803853,19438.211457538884,440580.88165049965,460019.09310803853,8366.316447324267
7567,460729.6273331502,0.0,460729.6273331502,460729.6273331502,8366.316447324267
7568,460020.6149898973,169799.99107750354,290220.62391239376,460020.6149898973,8366.316447324267
7569,460021.3759308267,385026.5624547408,74994.81347608591,460021.3759308267,8366.316447324267
7570,460022.1368717561,400009.12039068324,60013.01648107285,460022.1368717561,8366.316447324267
7571,460022.8978126855,385937.1131696807,74085.78464300484,460022.8978126855,8366.316447324267
7572,460023.65875361493,392534.8117042852,67488.8470493297,460023.65875361493,8366.316447324267
7573,460024.4196945443,377157.5064080199,82866.91328652439,460024.4196945443,8366.316447324267
7574,460025.1806354738,374408.06219344423,85617.11844202959,460025.1806354738,8366.316447324267
7575,460025.9415764031,376712.630040794,83313.3115356091,460025.9415764031,8366.316447324267
7576,460026.7025173325,351755.14829976176,108271.55421757077,460026.7025173325,8366.316447324267
7577,460027.463458262,227733.7210960689,232293.74236219306,460027.463458262,8366.316447324267
7578,460028.2243991913,153915.70826392568,306112.51613526564,460028.2243991913,8366.316447324267
7579,460028.9853401208,108126.38545231574,351902.59988780506,460028.9853401208,8366.316447324267
7580,460029.7462810502,36362.40330850042,423667.3429725498,460029.7462810502,8366.316447324267
7581,460030.50722197944,35703.53710246546,424326.970119514,460030.50722197944,8366.316447324267
7582,460031.26816290896,1222.7783001040225,458808.48986280494,460031.26816290896,8366.316447324267
7583,461799.3601332817,0.0,461799.3601332817,461799.3601332817,8366.316447324267
7584,480000.0,0.0,480000.0,480000.0,8366.316447324267
7585,480000.0,0.0,480000.0,480000.0,8366.316447324267
7586,480000.0,0.0,480000.0,480000.0,8366.316447324267
7587,480000.0,0.0,480000.0,480000.0,8366.316447324267
7588,480000.0,0.0,480000.0,480000.0,8366.316447324267
7589,480000.0,0.0,480000.0,480000.0,8366.316447324267
7590,480000.0,0.0,480000.0,480000.0,8366.316447324267
7591,480000.0,0.0,480000.0,480000.0,8366.316447324267
7592,480000.0,0.0,480000.0,480000.0,8366.316447324267
7593,480000.0,0.0,480000.0,480000.0,8366.316447324267
7594,471663.3923414934,0.0,471663.3923414934,471663.3923414934,8366.316447324267
7595,472475.78144993784,0.0,472475.78144993784,472475.78144993784,8366.316447324267
7596,480000.0,0.0,480000.0,480000.0,8366.316447324267
7597,480000.0,0.0,480000.0,480000.0,8366.316447324267
7598,480000.0,0.0,480000.0,480000.0,8366.316447324267
7599,480000.0,0.0,480000.0,480000.0,8366.316447324267
7600,480000.0,0.0,480000.0,480000.0,8366.316447324267
7601,480000.0,0.0,480000.0,480000.0,8366.316447324267
7602,480000.0,0.0,480000.0,480000.0,8366.316447324267
7603,480000.0,0.0,480000.0,480000.0,8366.316447324267
7604,480000.0,0.0,480000.0,480000.0,8366.316447324267
7605,480000.0,0.0,480000.0,480000.0,8366.316447324267
7606,480000.0,0.0,480000.0,480000.0,8366.316447324267
7607,480000.0,0.0,480000.0,480000.0,8366.316447324267
7608,480000.0,0.0,480000.0,480000.0,8366.316447324267
7609,480000.0,0.0,480000.0,480000.0,8366.316447324267
7610,480000.0,0.0,480000.0,480000.0,8366.316447324267
7611,480000.0,0.0,480000.0,480000.0,8366.316447324267
7612,480000.0,0.0,480000.0,480000.0,8366.316447324267
7613,480000.0,0.0,480000.0,480000.0,8366.316447324267
7614,480000.0,0.0,480000.0,480000.0,8366.316447324267
7615,480000.0,0.0,480000.0,480000.0,8366.316447324267
7616,480000.0,0.0,480000.0,480000.0,8366.316447324267
7617,480000.0,0.0,480000.0,480000.0,8366.316447324267
7618,460058.66203636734,75069.91040113365,384988.7516352337,460058.66203636734,8366.316447324267
7619,460059.42297729687,166228.89370549715,293830.5292717997,460059.42297729687,8366.316447324267
7620,460060.1839182262,129247.71776972443,330812.4661485018,460060.1839182262,8366.316447324267
7621,460060.9448591556,121178.14925289742,338882.7956062582,460060.9448591556,8366.316447324267
7622,460061.70580008504,103052.77078240027,357008.93501768477,460061.70580008504,8366.316447324267
7623,460062.4667410144,172853.11659067497,287209.3501503394,460062.4667410144,8366.316447324267
7624,460063.22768194386,50878.96014420979,409184.26753773406,460063.22768194386,8366.316447324267
7625,480000.0,0.0,480000.0,480000.0,8366.316447324267
7626,480000.0,0.0,480000.0,480000.0,8366.316447324267
7627,480000.0,0.0,480000.0,480000.0,8366.316447324267
7628,480000.0,0.0,480000.0,480000.0,8366.316447324267
7629,480000.0,0.0,480000.0,480000.0,8366.316447324267
7630,480000.0,0.0,480000.0,480000.0,8366.316447324267
7631,480000.0,0.0,480000.0,480000.0,8366.316447324267
7632,480000.0,0.0,480000.0,480000.0,8366.316447324267
7633,462589.1127680453,0.0,462589.1127680453,462589.1127680453,8366.316447324267
7634,460070.8370912379,51811.36408800137,408259.4730032365,460070.8370912379,8366.316447324267
7635,460071.59803216724,114741.35427027254,345330.2437618947,460071.59803216724,8366.316447324267
7636,460072.3589730966,191868.87527049344,268203.48370260315,460072.3589730966,8366.316447324267
7637,460073.1199140261,199365.15889513033,260707.9610188958,460073.1199140261,8366.316447324267
7638,460073.88085495547,150876.74912268732,309197.13173226814,460073.88085495547,8366.316447324267
7639,460074.64179588493,189372.65053204593,270701.991263839,460074.64179588493,8366.316447324267
7640,460075.40273681434,172581.4926108343,287493.91012598004,460075.40273681434,8366.316447324267
7641,460076.16367774364,234432.19927980556,225643.96439793808,460076.16367774364,8366.316447324267
7642,460076.92461867305,370196.2270319902,89880.69758668289,460076.92461867305,8366.316447324267
7643,460077.68555960245,424322.416331256,35755.26922834649,460077.68555960245,8366.316447324267
7644,460078.4465005318,414422.5158517141,45655.9306488177,460078.4465005318,8366.316447324267
7645,460079.20744146133,405495.7355440284,54583.47189743295,460079.20744146133,8366.316447324267
7646,460079.9683823907,358680.1942660002,101399.77411639049,460079.9683823907,8366.316447324267
7647,460080.7293233201,330388.0144250118,129692.71489830826,460080.7293233201,8366.316447324267
7648,460081.4902642495,287843.4399661833,172238.0502980662,460081.4902642495,8366.316447324267
7649,477187.22345413145,0.0,477187.22345413145,477187.22345413145,8366.316447324267
7650,480000.0,0.0,480000.0,480000.0,8366.316447324267
7651,480000.0,0.0,480000.0,480000.0,8366.316447324267
7652,480000.0,0.0,480000.0,480000.0,8366.316447324267
7653,480000.0,0.0,480000.0,480000.0,8366.316447324267
7654,480000.0,0.0,480000.0,480000.0,8366.316447324267
7655,480000.0,0.0,480000.0,480000.0,8366.316447324267
7656,480000.0,0.0,480000.0,480000.0,8366.316447324267
7657,480000.0,0.0,480000.0,480000.0,8366.316447324267
7658,480000.0,0.0,480000.0,480000.0,8366.316447324267
7659,480000.0,0.0,480000.0,480000.0,8366.316447324267
7660,480000.0,0.0,480000.0,480000.0,8366.316447324267
7661,480000.0,0.0,480000.0,480000.0,8366.316447324267
7662,480000.0,0.0,480000.0,480000.0,8366.316447324267
7663,480000.0,0.0,480000.0,480000.0,8366.316447324267
7664,480000.0,0.0,480000.0,480000.0,8366.316447324267
7665,480000.0,0.0,480000.0,480000.0,8366.316447324267
7666,480000.0,0.0,480000.0,480000.0,8366.316447324267
7667,480000.0,0.0,480000.0,480000.0,8366.316447324267
7668,480000.0,0.0,480000.0,480000.0,8366.316447324267
7669,480000.0,0.0,480000.0,480000.0,8366.316447324267
7670,480000.0,0.0,480000.0,480000.0,8366.316447324267
7671,480000.0,0.0,480000.0,480000.0,8366.316447324267
7672,480000.0,0.0,480000.0,480000.0,8366.316447324267
7673,480000.0,0.0,480000.0,480000.0,8366.316447324267
7674,480000.0,0.0,480000.0,480000.0,8366.316447324267
7675,480000.0,0.0,480000.0,480000.0,8366.316447324267
7676,480000.0,0.0,480000.0,480000.0,8366.316447324267
7677,480000.0,0.0,480000.0,480000.0,8366.316447324267
7678,480000.0,0.0,480000.0,480000.0,8366.316447324267
7679,480000.0,0.0,480000.0,480000.0,8366.316447324267
7680,480000.0,0.0,480000.0,480000.0,8366.316447324267
7681,480000.0,0.0,480000.0,480000.0,8366.316447324267
7682,480000.0,0.0,480000.0,480000.0,8366.316447324267
7683,460108.12319677847,12457.83866848622,447650.28452829225,460108.12319677847,8366.316447324267
7684,460108.884137708,51978.28217693162,408130.6019607764,460108.884137708,8366.316447324267
7685,460109.64507863735,274692.1472569723,185417.49782166502,460109.64507863735,8366.316447324267
7686,460110.4060195668,349326.2675412178,110784.138478349,460110.4060195668,8366.316447324267
7687,460111.16696049616,440028.06862712296,20083.098333373175,460111.16696049616,8366.316447324267
7688,460111.9279014255,364961.620990948,95150.30691047753,460111.9279014255,8366.316447324267
7689,460112.688842355,339191.96097589866,120920.72786645633,460112.688842355,8366.316447324267
7690,460113.44978328433,21728.836214585695,438384.61356869864,460113.44978328433,8366.316447324267
7691,460114.21072421374,22034.981484850345,438079.2292393634,460114.21072421374,8366.316447324267
7692,460114.9716651432,1974.821456266567,458140.15020887664,460114.9716651432,8366.316447324267
7693,460115.73260607256,49375.01155850309,410740.7210475695,460115.73260607256,8366.316447324267
7694,480000.0,0.0,480000.0,480000.0,8366.316447324267
7695,480000.0,0.0,480000.0,480000.0,8366.316447324267
7696,480000.0,0.0,480000.0,480000.0,8366.316447324267
7697,480000.0,0.0,480000.0,480000.0,8366.316447324267
7698,480000.0,0.0,480000.0,480000.0,8366.316447324267
7699,480000.0,0.0,480000.0,480000.0,8366.316447324267
7700,480000.0,0.0,480000.0,480000.0,8366.316447324267
7701,480000.0,0.0,480000.0,480000.0,8366.316447324267
7702,480000.0,0.0,480000.0,480000.0,8366.316447324267
7703,480000.0,0.0,480000.0,480000.0,8366.316447324267
7704,480000.0,0.0,480000.0,480000.0,8366.316447324267
7705,480000.0,0.0,480000.0,480000.0,8366.316447324267
7706,480000.0,0.0,480000.0,480000.0,8366.316447324267
7707,480000.0,0.0,480000.0,480000.0,8366.316447324267
7708,480000.0,0.0,480000.0,480000.0,8366.316447324267
7709,480000.0,0.0,480000.0,480000.0,8366.316447324267
7710,480000.0,0.0,480000.0,480000.0,8366.316447324267
7711,480000.0,0.0,480000.0,480000.0,8366.316447324267
7712,480000.0,0.0,480000.0,480000.0,8366.316447324267
7713,480000.0,0.0,480000.0,480000.0,8366.316447324267
7714,465147.57353619375,0.0,465147.57353619375,465147.57353619375,8366.316447324267
7715,460132.47330651945,12361.335834372905,447771.13747214654,460132.47330651945,8366.316447324267
7716,460133.2342474488,1389.307105630869,458743.9271418179,460133.2342474488,8366.316447324267
7717,460133.9951883782,44392.12778426998,415741.8674041082,460133.9951883782,8366.316447324267
7718,460134.7561293076,19771.337118166615,440363.419011141,460134.7561293076,8366.316447324267
7719,460135.517070237,690.1410547989653,459445.37601543806,460135.517070237,8366.316447324267
7720,460136.2780111665,137502.24161910947,322634.036392057,460136.2780111665,8366.316447324267
7721,460137.0389520959,37346.574423201964,422790.46452889394,460137.0389520959,8366.316447324267
7722,480000.0,0.0,480000.0,480000.0,8366.316447324267
7723,464185.798907032,0.0,464185.798907032,464185.798907032,8366.316447324267
7724,460139.321774884,8450.500059181824,451688.8217157022,460139.321774884,8366.316447324267
7725,460140.0827158135,72038.982508877,388101.1002069365,460140.0827158135,8366.316447324267
7726,460140.8436567429,89423.6776159025,370717.1660408404,460140.8436567429,8366.316447324267
7727,460141.60459767224,206409.58819394585,253732.0164037264,460141.60459767224,8366.316447324267
7728,460142.36553860165,288846.85183936625,171295.51369923542,460142.36553860165,8366.316447324267
7729,460143.12647953106,322112.57921863906,138030.54726089202,460143.12647953106,8366.316447324267
7730,460143.88742046035,408362.5013452396,51781.386075220755,460143.88742046035,8366.316447324267
7731,460144.6483613899,424348.2696966382,35796.37866475166,460144.6483613899,8366.316447324267
7732,460145.4093023193,460145.4093023193,0.0,460145.4093023193,8366.316447324267
7733,460146.1702432487,418477.3383185582,41668.831924690545,460146.1702432487,8366.316447324267
7734,460146.9311841781,421144.1629695683,39002.76821460982,460146.9311841781,8366.316447324267
7735,460147.69212510745,374304.4816789321,85843.21044617538,460147.69212510745,8366.316447324267
7736,460148.4530660368,293494.08203231497,166654.37103372187,460148.4530660368,8366.316447324267
7737,460149.21400696633,282660.6504085518,177488.5635984145,460149.21400696633,8366.316447324267
7738,460149.9749478956,384283.4360864909,75866.53886140471,460149.9749478956,8366.316447324267
7739,460150.7358888251,366425.96038646036,93724.77550236472,460150.7358888251,8366.316447324267
7740,460151.49682975444,327198.7032847137,132952.7935450408,460151.49682975444,8366.316447324267
7741,460152.25777068397,292602.47335550864,167549.7844151753,460152.25777068397,8366.316447324267
7742,460153.0187116132,239695.66373650054,220457.35497511266,460153.0187116132,8366.316447324267
7743,460153.7796525426,188577.15003703674,271576.62961550587,460153.7796525426,8366.316447324267
7744,460154.54059347213,15687.64176774642,444466.8988257257,460154.54059347213,8366.316447324267
7745,480000.0,0.0,480000.0,480000.0,8366.316447324267
7746,480000.0,0.0,480000.0,480000.0,8366.316447324267
7747,480000.0,0.0,480000.0,480000.0,8366.316447324267
7748,480000.0,0.0,480000.0,480000.0,8366.316447324267
7749,480000.0,0.0,480000.0,480000.0,8366.316447324267
7750,480000.0,0.0,480000.0,480000.0,8366.316447324267
7751,480000.0,0.0,480000.0,480000.0,8366.316447324267
7752,480000.0,0.0,480000.0,480000.0,8366.316447324267
7753,480000.0,0.0,480000.0,480000.0,8366.316447324267
7754,480000.0,0.0,480000.0,480000.0,8366.316447324267
7755,480000.0,0.0,480000.0,480000.0,8366.316447324267
7756,480000.0,0.0,480000.0,480000.0,8366.316447324267
7757,480000.0,0.0,480000.0,480000.0,8366.316447324267
7758,480000.0,0.0,480000.0,480000.0,8366.316447324267
7759,480000.0,0.0,480000.0,480000.0,8366.316447324267
7760,480000.0,0.0,480000.0,480000.0,8366.316447324267
7761,480000.0,0.0,480000.0,480000.0,8366.316447324267
7762,480000.0,0.0,480000.0,480000.0,8366.316447324267
7763,460754.1515010948,0.0,460754.1515010948,460754.1515010948,8366.316447324267
7764,460169.7594120601,45651.415947178844,414518.34346488124,460169.7594120601,8366.316447324267
7765,460170.52035298955,82410.85602544318,377759.6643275464,460170.52035298955,8366.316447324267
7766,460171.2812939189,75498.09906470438,384673.1822292145,460171.2812939189,8366.316447324267
7767,460172.0422348483,32316.927960401983,427855.1142744463,460172.0422348483,8366.316447324267
7768,460172.8031757777,5414.23079664394,454758.5723791338,460172.8031757777,8366.316447324267
7769,460173.5641167071,23022.85666986642,437150.70744684065,460173.5641167071,8366.316447324267
7770,472373.19060634164,0.0,472373.19060634164,472373.19060634164,8366.316447324267
7771,474417.39715811046,0.0,474417.39715811046,474417.39715811046,8366.316447324267
7772,460175.84693949536,1252.692621519731,458923.1543179756,460175.84693949536,8366.316447324267
7773,460176.60788042477,12408.616843241383,447767.9910371834,460176.60788042477,8366.316447324267
7774,460177.3688213542,91813.08146702271,368364.28735433146,460177.3688213542,8366.316447324267
7775,460178.1297622836,115664.20754711906,344513.9222151645,460178.1297622836,8366.316447324267
7776,460178.89070321294,163675.00945899414,296503.8812442188,460178.89070321294,8366.316447324267
7777,460179.6516441423,245132.1632232661,215047.48842087618,460179.6516441423,8366.316447324267
7778,460180.41258507175,264019.4342532125,196160.97833185928,460180.41258507175,8366.316447324267
7779,460181.17352600116,280180.6560163125,180000.51750968868,460181.17352600116,8366.316447324267
7780,460181.9344669306,303548.73861453147,156633.1958523991,460181.9344669306,8366.316447324267
7781,460182.6954078599,417584.0015510438,42598.69385681612,460182.6954078599,8366.316447324267
7782,460183.4563487893,460183.4563487893,0.0,460183.4563487893,8366.316447324267
7783,460184.2172897188,460184.2172897188,0.0,460184.2172897188,8366.316447324267
7784,460184.97823064815,460184.97823064815,0.0,460184.97823064815,8366.316447324267
7785,460185.7391715776,430129.2643159237,30056.47485565392,460185.7391715776,8366.316447324267
7786,460186.500112507,442669.7031929799,17516.79691952712,460186.500112507,8366.316447324267
7787,460187.2610534363,444977.34812582884,15209.912927607491,460187.2610534363,8366.316447324267
7788,460188.02199436584,437143.94828070706,23044.07371365876,460188.02199436584,8366.316447324267
7789,460188.7829352952,428425.24932350183,31763.53361179337,460188.7829352952,8366.316447324267
7790,460189.5438762245,413372.4366811976,46817.107195026874,460189.5438762245,8366.316447324267
7791,460190.304817154,360137.72046063,100052.584356524,460190.304817154,8366.316447324267
7792,460191.06575808336,348737.8247784123,111453.24097967106,460191.06575808336,8366.316447324267
7793,460191.8266990128,102445.31140343507,357746.5152955777,460191.8266990128,8366.316447324267
7794,460192.5876399422,69107.53093909757,391085.0567008446,460192.5876399422,8366.316447324267
7795,460193.34858087153,46038.883102947264,414154.46547792427,460193.34858087153,8366.316447324267
7796,480000.0,0.0,480000.0,480000.0,8366.316447324267
7797,460194.87046273035,6434.961130188196,453759.90933254216,460194.87046273035,8366.316447324267
7798,460195.6314036598,58016.34234687942,402179.2890567804,460195.6314036598,8366.316447324267
7799,460196.3923445892,34359.5749388978,425836.8174056914,460196.3923445892,8366.316447324267
7800,480000.0,0.0,480000.0,480000.0,8366.316447324267
7801,480000.0,0.0,480000.0,480000.0,8366.316447324267
7802,480000.0,0.0,480000.0,480000.0,8366.316447324267
7803,461809.39082909434,0.0,461809.39082909434,461809.39082909434,8366.316447324267
7804,480000.0,0.0,480000.0,480000.0,8366.316447324267
7805,480000.0,0.0,480000.0,480000.0,8366.316447324267
7806,480000.0,0.0,480000.0,480000.0,8366.316447324267
7807,480000.0,0.0,480000.0,480000.0,8366.316447324267
7808,480000.0,0.0,480000.0,480000.0,8366.316447324267
7809,460204.00175388326,37542.70894902112,422661.29280486214,460204.00175388326,8366.316447324267
7810,460204.7626948126,190025.29678574216,270179.46590907045,460204.7626948126,8366.316447324267
7811,460205.523635742,256576.70862833993,203628.8150074021,460205.523635742,8366.316447324267
7812,460206.28457667143,299268.32569364907,160937.95888302237,460206.28457667143,8366.316447324267
7813,460207.04551760084,300823.4350137213,159383.61050387955,460207.04551760084,8366.316447324267
7814,460207.8064585303,309270.85678035347,150936.94967817684,460207.8064585303,8366.316447324267
7815,460208.56739945966,323186.44367208245,137022.1237273772,460208.56739945966,8366.316447324267
7816,460209.32834038907,320108.2996706673,140101.02866972177,460209.32834038907,8366.316447324267
7817,460210.0892813184,229978.03043559223,230232.0588457262,460210.0892813184,8366.316447324267
7818,460210.8502222478,21016.55563045456,439194.29459179327,460210.8502222478,8366.316447324267
7819,480000.0,0.0,480000.0,480000.0,8366.316447324267
7820,480000.0,0.0,480000.0,480000.0,8366.316447324267
7821,480000.0,0.0,480000.0,480000.0,8366.316447324267
7822,480000.0,0.0,480000.0,480000.0,8366.316447324267
7823,480000.0,0.0,480000.0,480000.0,8366.316447324267
7824,480000.0,0.0,480000.0,480000.0,8366.316447324267
7825,480000.0,0.0,480000.0,480000.0,8366.316447324267
7826,480000.0,0.0,480000.0,480000.0,8366.316447324267
7827,480000.0,0.0,480000.0,480000.0,8366.316447324267
7828,480000.0,0.0,480000.0,480000.0,8366.316447324267
7829,480000.0,0.0,480000.0,480000.0,8366.316447324267
7830,460219.9815134007,16938.030296183366,443281.9512172173,460219.9815134007,8366.316447324267
7831,466043.89975314186,0.0,466043.89975314186,466043.89975314186,8366.316447324267
7832,480000.0,0.0,480000.0,480000.0,8366.316447324267
7833,480000.0,0.0,480000.0,480000.0,8366.316447324267
7834,480000.0,0.0,480000.0,480000.0,8366.316447324267
7835,460223.78621804767,2267.5256111550843,457956.2606068926,460223.78621804767,8366.316447324267
7836,460224.5471589771,33512.273506828875,426712.2736521482,460224.5471589771,8366.316447324267
7837,460225.3080999064,42486.86108077131,417738.4470191351,460225.3080999064,8366.316447324267
7838,460226.06904083584,68704.4130572016,391521.65598363423,460226.06904083584,8366.316447324267
7839,460226.82998176524,95418.84992824995,364807.9800535153,460226.82998176524,8366.316447324267
7840,460227.59092269477,101397.96536846377,358829.625554231,460227.59092269477,8366.316447324267
7841,460228.3518636241,50676.8335855254,409551.5182780987,460228.3518636241,8366.316447324267
7842,460229.1128045535,61916.098856639175,398313.0139479143,460229.1128045535,8366.316447324267
7843,478441.5407618946,0.0,478441.5407618946,478441.5407618946,8366.316447324267
7844,460230.63468641223,28071.347789291875,432159.28689712036,460230.63468641223,8366.316447324267
7845,480000.0,0.0,480000.0,480000.0,8366.316447324267
7846,467364.4824247451,0.0,467364.4824247451,467364.4824247451,8366.316447324267
7847,460232.91750920046,36774.565781894315,423458.35172730614,460232.91750920046,8366.316447324267
7848,460233.6784501299,152233.05149728392,308000.626952846,460233.6784501299,8366.316447324267
7849,460234.4393910593,264477.22218760586,195757.21720345342,460234.4393910593,8366.316447324267
7850,460235.2003319886,386699.143916455,73536.05641553366,460235.2003319886,8366.316447324267
7851,460235.9612729181,439361.81934384105,20874.141929077065,460235.9612729181,8366.316447324267
7852,460236.7222138475,442672.1452036154,17564.577010232086,460236.7222138475,8366.316447324267
7853,460237.483154777,446512.06241354125,13725.42074123574,460237.483154777,8366.316447324267
7854,460238.2440957063,444194.7729073318,16043.471188374511,460238.2440957063,8366.316447324267
7855,460239.00503663573,422882.90458944434,37356.10044719138,460239.00503663573,8366.316447324267
7856,460239.76597756514,364109.0868727399,96130.67910482525,460239.76597756514,8366.316447324267
7857,460240.5269184945,360854.1711190982,99386.35579939626,460240.5269184945,8366.316447324267
7858,460241.2878594239,388272.2565095851,71969.03134983886,460241.2878594239,8366.316447324267
7859,460242.0488003533,374673.5917844232,85568.45701593006,460242.0488003533,8366.316447324267
7860,460242.8097412827,307852.7432797942,152390.06646148855,460242.8097412827,8366.316447324267
7861,460243.5706822122,230165.12054108223,230078.45014112996,460243.5706822122,8366.316447324267
7862,460244.3316231415,134435.6145234604,325808.7170996811,460244.3316231415,8366.316447324267
7863,460245.0925640709,84435.87698665721,375809.2155774137,460245.0925640709,8366.316447324267
7864,460245.85350500036,13211.580703960266,447034.2728010401,460245.85350500036,8366.316447324267
7865,480000.0,0.0,480000.0,480000.0,8366.316447324267
7866,480000.0,0.0,480000.0,480000.0,8366.316447324267
7867,480000.0,0.0,480000.0,480000.0,8366.316447324267
7868,480000.0,0.0,480000.0,480000.0,8366.316447324267
7869,480000.0,0.0,480000.0,480000.0,8366.316447324267
7870,480000.0,0.0,480000.0,480000.0,8366.316447324267
7871,480000.0,0.0,480000.0,480000.0,8366.316447324267
7872,480000.0,0.0,480000.0,480000.0,8366.316447324267
7873,480000.0,0.0,480000.0,480000.0,8366.316447324267
7874,480000.0,0.0,480000.0,480000.0,8366.316447324267
7875,480000.0,0.0,480000.0,480000.0,8366.316447324267
7876,480000.0,0.0,480000.0,480000.0,8366.316447324267
7877,480000.0,0.0,480000.0,480000.0,8366.316447324267
7878,480000.0,0.0,480000.0,480000.0,8366.316447324267
7879,480000.0,0.0,480000.0,480000.0,8366.316447324267
7880,480000.0,0.0,480000.0,480000.0,8366.316447324267
7881,480000.0,0.0,480000.0,480000.0,8366.316447324267
7882,480000.0,0.0,480000.0,480000.0,8366.316447324267
7883,480000.0,0.0,480000.0,480000.0,8366.316447324267
7884,460261.0723235883,79710.67196090776,380550.40036268055,460261.0723235883,8366.316447324267
7885,460261.83326451783,21879.115945017198,438382.71731950063,460261.83326451783,8366.316447324267
7886,460262.5942054471,40791.50986625237,419471.08433919476,460262.5942054471,8366.316447324267
7887,460263.3551463766,135733.14011788985,324530.21502848674,460263.3551463766,8366.316447324267
7888,460264.116087306,91754.61835388996,368509.49773341604,460264.116087306,8366.316447324267
7889,460264.8770282353,8888.463786678854,451376.41324155644,460264.8770282353,8366.316447324267
7890,480000.0,0.0,480000.0,480000.0,8366.316447324267
7891,465630.20967393316,0.0,465630.20967393316,465630.20967393316,8366.316447324267
7892,468312.8584900767,0.0,468312.8584900767,468312.8584900767,8366.316447324267
7893,460267.92079195305,126664.37149826711,333603.54929368594,460267.92079195305,8366.316447324267
7894,460268.68173288234,40509.74455895467,419758.93717392767,460268.68173288234,8366.316447324267
7895,480000.0,0.0,480000.0,480000.0,8366.316447324267
7896,480000.0,0.0,480000.0,480000.0,8366.316447324267
7897,478070.0501137477,0.0,478070.0501137477,478070.0501137477,8366.316447324267
7898,477207.7641338154,0.0,477207.7641338154,477207.7641338154,8366.316447324267
7899,480000.0,0.0,480000.0,480000.0,8366.316447324267
7900,480000.0,0.0,480000.0,480000.0,8366.316447324267
7901,480000.0,0.0,480000.0,480000.0,8366.316447324267
7902,480000.0,0.0,480000.0,480000.0,8366.316447324267
7903,480000.0,0.0,480000.0,480000.0,8366.316447324267
7904,480000.0,0.0,480000.0,480000.0,8366.316447324267
7905,480000.0,0.0,480000.0,480000.0,8366.316447324267
7906,480000.0,0.0,480000.0,480000.0,8366.316447324267
7907,460278.5739649646,18926.362945063505,441352.2110199011,460278.5739649646,8366.316447324267
7908,460279.3349058941,42591.79805941717,417687.53684647696,460279.3349058941,8366.316447324267
7909,480000.0,0.0,480000.0,480000.0,8366.316447324267
7910,460280.85678775277,8919.044944465568,451361.8118432872,460280.85678775277,8366.316447324267
7911,480000.0,0.0,480000.0,480000.0,8366.316447324267
7912,460282.3786696116,55186.62250764959,405095.756161962,460282.3786696116,8366.316447324267
7913,480000.0,0.0,480000.0,480000.0,8366.316447324267
7914,480000.0,0.0,480000.0,480000.0,8366.316447324267
7915,464955.14492471516,0.0,464955.14492471516,464955.14492471516,8366.316447324267
7916,480000.0,0.0,480000.0,480000.0,8366.316447324267
7917,480000.0,0.0,480000.0,480000.0,8366.316447324267
7918,480000.0,0.0,480000.0,480000.0,8366.316447324267
7919,480000.0,0.0,480000.0,480000.0,8366.316447324267
7920,480000.0,0.0,480000.0,480000.0,8366.316447324267
7921,480000.0,0.0,480000.0,480000.0,8366.316447324267
7922,480000.0,0.0,480000.0,480000.0,8366.316447324267
7923,480000.0,0.0,480000.0,480000.0,8366.316447324267
7924,480000.0,0.0,480000.0,480000.0,8366.316447324267
7925,480000.0,0.0,480000.0,480000.0,8366.316447324267
7926,480000.0,0.0,480000.0,480000.0,8366.316447324267
7927,480000.0,0.0,480000.0,480000.0,8366.316447324267
7928,480000.0,0.0,480000.0,480000.0,8366.316447324267
7929,460295.3146654115,26961.93021632178,433333.3844490897,460295.3146654115,8366.316447324267
7930,460296.0756063408,321061.17213863146,139234.90346770934,460296.0756063408,8366.316447324267
7931,460296.8365472702,391686.0955141047,68610.74103316547,460296.8365472702,8366.316447324267
7932,460297.5974881997,431145.03037947265,29152.56710872705,460297.5974881997,8366.316447324267
7933,460298.35842912906,446998.2662129731,13300.092216155945,460298.35842912906,8366.316447324267
7934,460299.1193700585,460299.1193700585,0.0,460299.1193700585,8366.316447324267
7935,460299.88031098794,460299.88031098794,0.0,460299.88031098794,8366.316447324267
7936,460300.6412519172,456776.0813145333,3524.559937383874,460300.6412519172,8366.316447324267
7937,460301.4021928467,457077.8091492357,3223.5930436109848,460301.4021928467,8366.316447324267
7938,460302.1631337761,443012.13777620654,17290.02535756959,460302.1631337761,8366.316447324267
7939,460302.9240747055,434602.44749976037,25700.47657494514,460302.9240747055,8366.316447324267
7940,460303.68501563487,424763.140328641,35540.54468699387,460303.68501563487,8366.316447324267
7941,460304.44595656416,397492.2476480069,62812.1983085573,460304.44595656416,8366.316447324267
7942,460305.2068974937,366037.18795068475,94268.01894680895,460305.2068974937,8366.316447324267
7943,460305.96783842304,345913.2113456564,114392.7564927666,460305.96783842304,8366.316447324267
7944,460306.7287793524,312018.3066939389,148288.4220854135,460306.7287793524,8366.316447324267
7945,460307.4897202819,210268.00703767978,250039.48268260213,460307.4897202819,8366.316447324267
7946,465963.15701673634,0.0,465963.15701673634,465963.15701673634,8366.316447324267
7947,480000.0,0.0,480000.0,480000.0,8366.316447324267
7948,480000.0,0.0,480000.0,480000.0,8366.316447324267
7949,480000.0,0.0,480000.0,480000.0,8366.316447324267
7950,480000.0,0.0,480000.0,480000.0,8366.316447324267
7951,460312.05536585825,56339.19626454095,403972.8591013173,460312.05536585825,8366.316447324267
7952,460312.8163067878,344103.32151080086,116209.4947959869,460312.8163067878,8366.316447324267
7953,460313.5772477171,388937.36130290176,71376.21594481535,460313.5772477171,8366.316447324267
7954,460314.3381886464,408469.61002295424,51844.728165692184,460314.3381886464,8366.316447324267
7955,460315.09912957594,412578.78281079105,47736.31631878492,460315.09912957594,8366.316447324267
7956,460315.8600705053,385730.7870969658,74585.07297353949,460315.8600705053,8366.316447324267
7957,460316.62101143465,349267.097792753,111049.52321868161,460316.62101143465,8366.316447324267
7958,460317.3819523641,325295.3523538382,135022.0295985259,460317.3819523641,8366.316447324267
7959,460318.1428932935,330971.63985582086,129346.50303747265,460318.1428932935,8366.316447324267
7960,460318.90383422305,308249.17762970633,152069.7262045167,460318.90383422305,8366.316447324267
7961,460319.66477515234,143089.5532528059,317230.11152234644,460319.66477515234,8366.316447324267
7962,460320.42571608175,172263.0688619925,288057.35685408924,460320.42571608175,8366.316447324267
7963,460321.1866570111,139583.12571334536,320738.06094366574,460321.1866570111,8366.316447324267
7964,460321.9475979405,121225.28222152102,339096.6653764195,460321.9475979405,8366.316447324267
7965,460322.70853887004,173263.42943953193,287059.2790993381,460322.70853887004,8366.316447324267
7966,460323.4694797993,249326.559213865,210996.91026593433,460323.4694797993,8366.316447324267
7967,460324.2304207287,338222.17030409264,122102.06011663603,460324.2304207287,8366.316447324267
7968,460324.99136165815,389252.9781507541,71072.01321090404,460324.99136165815,8366.316447324267
7969,460325.7523025875,422606.59978858195,37719.15251400557,460325.7523025875,8366.316447324267
7970,460326.5132435169,442872.88533660263,17453.627906914277,460326.5132435169,8366.316447324267
7971,460327.2741844463,460327.2741844463,0.0,460327.2741844463,8366.316447324267
7972,460328.0351253757,460328.0351253757,0.0,460328.0351253757,8366.316447324267
7973,460328.7960663052,460328.7960663052,0.0,460328.7960663052,8366.316447324267
7974,460329.5570072346,429726.57096768613,30602.986039548494,460329.5570072346,8366.316447324267
7975,460330.31794816395,416191.8508612595,44138.46708690448,460330.31794816395,8366.316447324267
7976,460331.07888909336,360614.97492634074,99716.10396275263,460331.07888909336,8366.316447324267
7977,460331.8398300228,308270.8442097162,152060.9956203066,460331.8398300228,8366.316447324267
7978,460332.60077095206,285066.5601399799,175266.0406309722,460332.60077095206,8366.316447324267
7979,460333.3617118816,393582.78784928477,66750.57386259681,460333.3617118816,8366.316447324267
7980,460334.122652811,342544.2400935237,117789.8825592873,460334.122652811,8366.316447324267
7981,460334.8835937404,310046.999208565,150287.8843851754,460334.8835937404,8366.316447324267
7982,460335.6445346697,282205.6240027356,178130.02053193413,460335.6445346697,8366.316447324267
7983,460336.4054755991,269917.319486651,190419.08598894812,460336.4054755991,8366.316447324267
7984,460337.1664165286,159361.7242422878,300975.4421742408,460337.1664165286,8366.316447324267
7985,469631.97612281964,0.0,469631.97612281964,469631.97612281964,8366.316447324267
7986,480000.0,0.0,480000.0,480000.0,8366.316447324267
7987,480000.0,0.0,480000.0,480000.0,8366.316447324267
7988,480000.0,0.0,480000.0,480000.0,8366.316447324267
7989,480000.0,0.0,480000.0,480000.0,8366.316447324267
7990,480000.0,0.0,480000.0,480000.0,8366.316447324267
7991,480000.0,0.0,480000.0,480000.0,8366.316447324267
7992,480000.0,0.0,480000.0,480000.0,8366.316447324267
7993,480000.0,0.0,480000.0,480000.0,8366.316447324267
7994,480000.0,0.0,480000.0,480000.0,8366.316447324267
7995,480000.0,0.0,480000.0,480000.0,8366.316447324267
7996,480000.0,0.0,480000.0,480000.0,8366.316447324267
7997,480000.0,0.0,480000.0,480000.0,8366.316447324267
7998,480000.0,0.0,480000.0,480000.0,8366.316447324267
7999,480000.0,0.0,480000.0,480000.0,8366.316447324267
8000,480000.0,0.0,480000.0,480000.0,8366.316447324267
8001,460350.1024123284,14375.945779081376,445974.15663324704,460350.1024123284,8366.316447324267
8002,460350.8633532578,111823.42693108047,348527.43642217736,460350.8633532578,8366.316447324267
8003,460351.6242941872,356950.4301591611,103401.19413502607,460351.6242941872,8366.316447324267
8004,460352.3852351166,358501.5015557275,101850.88367938907,460352.3852351166,8366.316447324267
8005,460353.14617604605,375750.6367166421,84602.50945940394,460353.14617604605,8366.316447324267
8006,460353.9071169754,392047.0084033292,68306.89871364621,460353.9071169754,8366.316447324267
8007,460354.6680579048,381590.8131801586,78763.85487774623,460354.6680579048,8366.316447324267
8008,460355.4289988341,328351.67474152194,132003.7542573122,460355.4289988341,8366.316447324267
8009,460356.1899397635,269731.4582942502,190624.73164551336,460356.1899397635,8366.316447324267
8010,460356.9508806931,261686.44322734387,198670.50765334922,460356.9508806931,8366.316447324267
8011,460357.7118216224,311822.2157551088,148535.4960665136,460357.7118216224,8366.316447324267
8012,460358.47276255186,228435.0009218939,231923.47184065796,460358.47276255186,8366.316447324267
8013,460359.23370348127,261358.75640200093,199000.47730148034,460359.23370348127,8366.316447324267
8014,460359.9946444106,257734.31595641765,202625.67868799297,460359.9946444106,8366.316447324267
8015,460360.75558534014,153461.33526230947,306899.4203230307,460360.75558534014,8366.316447324267
8016,460361.51652626944,73015.52124167926,387345.9952845902,460361.51652626944,8366.316447324267
8017,460362.2774671988,49064.89971902786,411297.3777481709,460362.2774671988,8366.316447324267
8018,460363.03840812825,74036.82688149123,386326.211526637,460363.03840812825,8366.316447324267
8019,460363.79934905766,45571.29706438293,414792.50228467473,460363.79934905766,8366.316447324267
8020,460364.560289987,73463.76452428993,386900.7957656971,460364.560289987,8366.316447324267
8021,460365.3212309164,145815.80918707047,314549.51204384596,460365.3212309164,8366.316447324267
8022,460366.08217184583,184012.02323076426,276354.0589410816,460366.08217184583,8366.316447324267
8023,460366.84311277524,153661.71833153343,306705.1247812418,460366.84311277524,8366.316447324267
8024,460367.60405370465,249167.03710185492,211200.56695184973,460367.60405370465,8366.316447324267
8025,460368.36499463406,281184.95490761736,179183.4100870167,460368.36499463406,8366.316447324267
8026,460369.12593556347,395380.6929022422,64988.43303332128,460369.12593556347,8366.316447324267
8027,460369.8868764929,441447.69326768,18922.19360881286,460369.8868764929,8366.316447324267
8028,460370.64781742234,453870.15526766854,6500.492549753779,460370.64781742234,8366.316447324267
8029,460371.40875835164,460371.40875835164,0.0,460371.40875835164,8366.316447324267
8030,460372.169699281,460372.169699281,0.0,460372.169699281,8366.316447324267
8031,460372.9306402105,460372.9306402105,0.0,460372.9306402105,8366.316447324267
8032,460373.69158113986,460373.69158113986,0.0,460373.69158113986,8366.316447324267
8033,460374.4525220693,441065.49218702526,19308.96033504404,460374.4525220693,8366.316447324267
8034,460375.2134629987,443742.28886493435,16632.924598064354,460375.2134629987,8366.316447324267
8035,460375.974403928,445361.1043388196,15014.870065108345,460375.974403928,8366.316447324267
8036,460376.7353448575,447502.30912819837,12874.426216659149,460376.7353448575,8366.316447324267
8037,460377.4962857869,439929.9137974238,20447.582488363096,460377.4962857869,8366.316447324267
8038,460378.25722671626,415484.5029954893,44893.754231226994,460378.25722671626,8366.316447324267
8039,460379.01816764567,394142.19060511846,66236.8275625272,460379.01816764567,8366.316447324267
8040,460379.7791085751,368403.53125002293,91976.24785855213,460379.7791085751,8366.316447324267
8041,460380.5400495046,332842.14679596655,127538.39325353803,460380.5400495046,8366.316447324267
8042,460381.30099043396,276083.8926750103,184297.40831542364,460381.30099043396,8366.316447324267
8043,460382.0619313632,274234.4721364303,186147.5897949329,460382.0619313632,8366.316447324267
8044,460382.8228722927,238923.9710582486,221458.85181404412,460382.8228722927,8366.316447324267
8045,460383.58381322207,73853.0210681911,386530.56274503097,460383.58381322207,8366.316447324267
8046,460384.3447541516,97742.12221877452,362642.2225353771,460384.3447541516,8366.316447324267
8047,460385.1056950809,135391.67535077757,324993.4303443033,460385.1056950809,8366.316447324267
8048,460385.86663601024,151762.90534525324,308622.961290757,460385.86663601024,8366.316447324267
8049,460386.62757693976,189863.75034806883,270522.87722887093,460386.62757693976,8366.316447324267
8050,460387.38851786905,244982.52203545414,215404.86648241492,460387.38851786905,8366.316447324267
8051,460388.14945879846,250399.00752576112,209989.14193303735,460388.14945879846,8366.316447324267
8052,460388.91039972793,188544.99013147398,271843.92026825395,460388.91039972793,8366.316447324267
8053,460389.6713406573,187980.70198224345,272408.96935841383,460389.6713406573,8366.316447324267
8054,460390.4322815868,177126.48229191225,283263.94998967455,460390.4322815868,8366.316447324267
8055,460391.19322251616,22545.01302010636,437846.1802024098,460391.19322251616,8366.316447324267
8056,480000.0,0.0,480000.0,480000.0,8366.316447324267
8057,480000.0,0.0,480000.0,480000.0,8366.316447324267
8058,480000.0,0.0,480000.0,480000.0,8366.316447324267
8059,480000.0,0.0,480000.0,480000.0,8366.316447324267
8060,480000.0,0.0,480000.0,480000.0,8366.316447324267
8061,480000.0,0.0,480000.0,480000.0,8366.316447324267
8062,480000.0,0.0,480000.0,480000.0,8366.316447324267
8063,480000.0,0.0,480000.0,480000.0,8366.316447324267
8064,471896.37467202416,0.0,471896.37467202416,471896.37467202416,8366.316447324267
8065,460398.8026318101,3508.3530182834947,456890.4496135266,460398.8026318101,8366.316447324267
8066,460399.56357273954,25008.034834316873,435391.52873842267,460399.56357273954,8366.316447324267
8067,460400.324513669,61744.95341231022,398655.3711013588,460400.324513669,8366.316447324267
8068,460401.08545459836,108233.96248922125,352167.1229653771,460401.08545459836,8366.316447324267
8069,460401.84639552777,167861.51847748243,292540.32791804534,460401.84639552777,8366.316447324267
8070,460402.6073364571,148000.91839119454,312401.6889452626,460402.6073364571,8366.316447324267
8071,460403.36827738653,101398.48572355922,359004.8825538273,460403.36827738653,8366.316447324267
8072,472044.9370239472,0.0,472044.9370239472,472044.9370239472,8366.316447324267
8073,460404.89015924535,47541.30884335056,412863.5813158948,460404.89015924535,8366.316447324267
8074,460405.6511001747,254673.98046318395,205731.67063699075,460405.6511001747,8366.316447324267
8075,460406.41204110417,286902.3443889277,173504.06765217645,460406.41204110417,8366.316447324267
8076,460407.1729820336,376550.8076517773,83856.36533025626,460407.1729820336,8366.316447324267
8077,460407.93392296287,391431.2933357947,68976.64058716819,460407.93392296287,8366.316447324267
8078,460408.69486389233,411159.0429411196,49249.65192277277,460408.69486389233,8366.316447324267
8079,460409.45580482174,394616.87452990183,65792.58127491992,460409.45580482174,8366.316447324267
8080,460410.2167457512,367561.2253571145,92848.99138863671,460410.2167457512,8366.316447324267
8081,460410.9776866806,371471.90914653626,88939.06854014435,460410.9776866806,8366.316447324267
8082,460411.7386276099,393277.813799855,67133.92482775492,460411.7386276099,8366.316447324267
8083,460412.4995685394,418641.3305327967,41771.16903574271,460412.4995685394,8366.316447324267
8084,460413.2605094688,401806.2732270948,58606.987282373986,460413.2605094688,8366.316447324267
8085,460414.0214503982,418605.7582735287,41808.26317686948,460414.0214503982,8366.316447324267
8086,460414.7823913276,426011.04062250425,34403.741768823355,460414.7823913276,8366.316447324267
8087,460415.5433322569,394213.0323852893,66202.5109469676,460415.5433322569,8366.316447324267
8088,460416.30427318637,345497.73466789885,114918.5696052875,460416.30427318637,8366.316447324267
8089,460417.0652141158,338696.7370308039,121720.32818331184,460417.0652141158,8366.316447324267
8090,460417.8261550451,322149.0524115829,138268.77374346222,460417.8261550451,8366.316447324267
8091,460418.58709597454,168056.40115546313,292362.1859405114,460418.58709597454,8366.316447324267
8092,460419.34803690395,241119.29261312733,219300.05542377662,460419.34803690395,8366.316447324267
8093,460420.1089778334,162493.32533151412,297926.7836463193,460420.1089778334,8366.316447324267
8094,460420.8699187628,94059.26877638587,366361.60114237695,460420.8699187628,8366.316447324267
8095,460421.6308596922,194395.18545510573,266026.44540458644,460421.6308596922,8366.316447324267
8096,460422.39180062164,139472.8005825003,320949.59121812135,460422.39180062164,8366.316447324267
8097,460423.15274155093,125104.84713214333,335318.3056094076,460423.15274155093,8366.316447324267
8098,460423.91368248034,131107.1527360126,329316.76094646775,460423.91368248034,8366.316447324267
8099,460424.67462340987,56381.785992908,404042.88863050187,460424.67462340987,8366.316447324267
8100,460425.43556433916,97798.49299630773,362626.94256803143,460425.43556433916,8366.316447324267
8101,460426.1965052686,91191.4119839695,369234.7845212991,460426.1965052686,8366.316447324267
8102,460426.957446198,73882.01358503953,386544.94386115845,460426.957446198,8366.316447324267
8103,460427.71838712733,46712.402728746994,413715.31565838034,460427.71838712733,8366.316447324267
8104,460428.47932805686,50018.51703407575,410409.9622939811,460428.47932805686,8366.316447324267
8105,460429.2402689862,19891.141898202826,440538.0983707834,460429.2402689862,8366.316447324267
8106,460430.0012099156,43320.69885753101,417109.3023523846,460430.0012099156,8366.316447324267
8107,479208.0413641786,0.0,479208.0413641786,479208.0413641786,8366.316447324267
8108,480000.0,0.0,480000.0,480000.0,8366.316447324267
8109,480000.0,0.0,480000.0,480000.0,8366.316447324267
8110,480000.0,0.0,480000.0,480000.0,8366.316447324267
8111,480000.0,0.0,480000.0,480000.0,8366.316447324267
8112,480000.0,0.0,480000.0,480000.0,8366.316447324267
8113,480000.0,0.0,480000.0,480000.0,8366.316447324267
8114,480000.0,0.0,480000.0,480000.0,8366.316447324267
8115,480000.0,0.0,480000.0,480000.0,8366.316447324267
8116,480000.0,0.0,480000.0,480000.0,8366.316447324267
8117,480000.0,0.0,480000.0,480000.0,8366.316447324267
8118,480000.0,0.0,480000.0,480000.0,8366.316447324267
8119,480000.0,0.0,480000.0,480000.0,8366.316447324267
8120,480000.0,0.0,480000.0,480000.0,8366.316447324267
8121,480000.0,0.0,480000.0,480000.0,8366.316447324267
8122,480000.0,0.0,480000.0,480000.0,8366.316447324267
8123,480000.0,0.0,480000.0,480000.0,8366.316447324267
8124,480000.0,0.0,480000.0,480000.0,8366.316447324267
8125,460444.4590875743,14996.256164852763,445448.2029227215,460444.4590875743,8366.316447324267
8126,460445.2200285037,36470.0027610613,423975.2172674424,460445.2200285037,8366.316447324267
8127,460445.98096943303,75200.74768016336,385245.2332892697,460445.98096943303,8366.316447324267
8128,460446.74191036244,129756.89385700371,330689.8480533587,460446.74191036244,8366.316447324267
8129,460447.50285129185,188819.18513364805,271628.3177176438,460447.50285129185,8366.316447324267
8130,460448.26379222126,188516.4921289333,271931.77166328795,460448.26379222126,8366.316447324267
8131,460449.02473315067,215624.80454171126,244824.2201914394,460449.02473315067,8366.316447324267
8132,460449.7856740801,214242.26465555443,246207.52101852564,460449.7856740801,8366.316447324267
8133,460450.5466150095,165993.02954764024,294457.51706736925,460450.5466150095,8366.316447324267
8134,460451.3075559389,212587.1434955525,247864.1640603864,460451.3075559389,8366.316447324267
8135,460452.06849686836,239345.57164325844,221106.49685360992,460452.06849686836,8366.316447324267
8136,460452.82943779766,113560.62067740783,346892.2087603898,460452.82943779766,8366.316447324267
8137,460453.590378727,155114.7040112618,305338.8863674652,460453.590378727,8366.316447324267
8138,460454.35131965653,173369.98760638735,287084.3637132692,460454.35131965653,8366.316447324267
8139,460455.1122605858,176260.45692156133,284194.6553390245,460455.1122605858,8366.316447324267
8140,460455.8732015153,302877.4237488954,157578.44945261985,460455.8732015153,8366.316447324267
8141,460456.6341424447,281136.52447060135,179320.10967184335,460456.6341424447,8366.316447324267
8142,460457.395083374,240423.6580344574,220033.7370489166,460457.395083374,8366.316447324267
8143,460458.1560243035,324240.04359032866,136218.11243397486,460458.1560243035,8366.316447324267
8144,460458.9169652329,314244.78958499315,146214.12738023972,460458.9169652329,8366.316447324267
8145,460459.6779061623,202969.34121702524,257490.33668913704,460459.6779061623,8366.316447324267
8146,460460.43884709175,310485.7524120367,149974.68643505505,460460.43884709175,8366.316447324267
8147,460461.1997880211,313076.60493505216,147384.59485296893,460461.1997880211,8366.316447324267
8148,460461.96072895057,328102.0799876821,132359.88074126845,460461.96072895057,8366.316447324267
8149,460462.72166987986,332339.13587578194,128123.58579409793,460462.72166987986,8366.316447324267
8150,460463.48261080927,300036.97417704895,160426.50843376032,460463.48261080927,8366.316447324267
8151,460464.24355173873,292606.63616252324,167857.6073892155,460464.24355173873,8366.316447324267
8152,460465.0044926681,281990.4331826716,178474.57130999648,460465.0044926681,8366.316447324267
8153,460465.76543359755,242656.4436432236,217809.32179037394,460465.76543359755,8366.316447324267
8154,460466.52637452685,176486.4252105233,283980.10116400354,460466.52637452685,8366.316447324267
8155,460467.28731545625,147275.75787393725,313191.529441519,460467.28731545625,8366.316447324267
8156,460468.0482563858,70556.76379993401,389911.2844564518,460468.0482563858,8366.316447324267
8157,460468.8091973151,79312.80483601999,381156.0043612951,460468.8091973151,8366.316447324267
8158,460469.57013824454,339347.4460707502,121122.12406749435,460469.57013824454,8366.316447324267
8159,460470.33107917395,123758.20809530787,336712.1229838661,460470.33107917395,8366.316447324267
8160,460471.09202010324,283802.6507202623,176668.44129984095,460471.09202010324,8366.316447324267
8161,460471.8529610329,312554.9152908855,147916.93767014737,460471.8529610329,8366.316447324267
8162,460472.6139019622,350710.234958977,109762.37894298517,460472.6139019622,8366.316447324267
8163,460473.37484289147,334720.0455203518,125753.32932253966,460473.37484289147,8366.316447324267
8164,460474.13578382094,364045.2442936374,96428.89149018354,460474.13578382094,8366.316447324267
8165,460474.8967247504,338891.6177333845,121583.27899136589,460474.8967247504,8366.316447324267
8166,460475.6576656798,322522.3105069103,137953.34715876952,460475.6576656798,8366.316447324267
8167,460476.4186066091,307270.1918094447,153206.22679716445,460476.4186066091,8366.316447324267
8168,460477.1795475385,322536.02436225803,137941.1551852805,460477.1795475385,8366.316447324267
8169,460477.9404884679,416215.5247453981,44262.41574306981,460477.9404884679,8366.316447324267
8170,460478.70142939733,436948.5453987239,23530.15603067344,460478.70142939733,8366.316447324267
8171,460479.46237032674,443312.7615334051,17166.70083692165,460479.46237032674,8366.316447324267
8172,460480.22331125615,453689.7074797158,6790.515831540359,460480.22331125615,8366.316447324267
8173,460480.98425218556,460480.98425218556,0.0,460480.98425218556,8366.316447324267
8174,460481.745193115,460481.745193115,0.0,460481.745193115,8366.316447324267
8175,460482.5061340444,460482.5061340444,0.0,460482.5061340444,8366.316447324267
8176,460483.26707497373,460483.26707497373,0.0,460483.26707497373,8366.316447324267
8177,460484.0280159032,456806.5504681615,3677.4775477416792,460484.0280159032,8366.316447324267
8178,460484.78895683255,441896.42517306784,18588.363783764693,460484.78895683255,8366.316447324267
8179,460485.549897762,447561.33840782306,12924.211489938967,460485.549897762,8366.316447324267
8180,460486.31083869137,451513.49258198345,8972.818256707933,460486.31083869137,8366.316447324267
8181,460487.0717796207,449386.5802434807,11100.491536140036,460487.0717796207,8366.316447324267
8182,460487.8327205502,445600.2321959328,14887.60052461737,460487.8327205502,8366.316447324267
8183,460488.5936614796,408112.7421177976,52375.851543681965,460488.5936614796,8366.316447324267
8184,460489.3546024089,430874.0436991353,29615.310903273574,460489.3546024089,8366.316447324267
8185,460490.11554333835,435013.28252772306,25476.833015615317,460490.11554333835,8366.316447324267
8186,460490.87648426776,422038.76166209317,38452.11482217461,460490.87648426776,8366.316447324267
8187,460491.63742519723,419060.6334818534,41431.00394334381,460491.63742519723,8366.316447324267
8188,460492.3983661267,399384.10232986894,61108.29603625773,460492.3983661267,8366.316447324267
8189,460493.159307056,368955.6860291014,91537.47327795463,460493.159307056,8366.316447324267
8190,460493.9202479854,360926.48674450925,99567.43350347615,460493.9202479854,8366.316447324267
8191,460494.6811889148,338265.92765639327,122228.75353252153,460494.6811889148,8366.316447324267
8192,460495.44212984433,345467.14943861053,115028.29269123377,460495.44212984433,8366.316447324267
8193,460496.2030707736,336937.0424781416,123559.160592632,460496.2030707736,8366.316447324267
8194,460496.9640117029,323134.9442998734,137362.01971182955,460496.9640117029,8366.316447324267
8195,460497.72495263244,278761.49762552546,181736.227327107,460497.72495263244,8366.316447324267
8196,460498.4858935618,256531.32858323894,203967.15731032286,460498.4858935618,8366.316447324267
8197,460499.24683449115,246005.9512734856,214493.29556100554,460499.24683449115,8366.316447324267
8198,460500.0077754207,272910.64004804846,187589.36772737218,460500.0077754207,8366.316447324267
8199,460500.76871634996,340331.83453044033,120168.93418590963,460500.76871634996,8366.316447324267
8200,460501.5296572795,398519.3477256377,61982.1819316418,460501.5296572795,8366.316447324267
8201,460502.2905982089,426483.4279862474,34018.86261196149,460502.2905982089,8366.316447324267
8202,460503.0515391382,435172.8737598787,25330.177779259488,460503.0515391382,8366.316447324267
8203,460503.81248006766,452594.8626336077,7908.9498464599665,460503.81248006766,8366.316447324267
8204,460504.573420997,460504.573420997,0.0,460504.573420997,8366.316447324267
8205,460505.3343619265,460505.3343619265,0.0,460505.3343619265,8366.316447324267
8206,460506.0953028559,460506.0953028559,0.0,460506.0953028559,8366.316447324267
8207,460506.8562437852,444495.0846335528,16011.771610232374,460506.8562437852,8366.316447324267
8208,460507.61718471465,399835.1554874524,60672.461697262275,460507.61718471465,8366.316447324267
8209,460508.378125644,347211.49195351044,113296.88617213354,460508.378125644,8366.316447324267
8210,460509.1390665734,286141.8790870671,174367.2599795063,460509.1390665734,8366.316447324267
8211,460509.90000750276,242040.67078051393,218469.22922698883,460509.90000750276,8366.316447324267
8212,460510.66094843217,61372.51440679608,399138.1465416361,460510.66094843217,8366.316447324267
8213,460511.4218893617,22588.45754715841,437922.9643422033,460511.4218893617,8366.316447324267
8214,460512.18283029104,8859.55609557114,451652.6267347199,460512.18283029104,8366.316447324267
8215,460512.94377122045,9569.716259592271,450943.2275116282,460512.94377122045,8366.316447324267
8216,460513.70471214986,26513.868430556322,433999.83628159354,460513.70471214986,8366.316447324267
8217,460514.4656530792,61075.91660284577,399438.54905023344,460514.4656530792,8366.316447324267
8218,460515.22659400874,48608.17575688241,411907.0508371263,460515.22659400874,8366.316447324267
8219,460515.9875349381,3964.83456443483,456551.15297050326,460515.9875349381,8366.316447324267
8220,480000.0,0.0,480000.0,480000.0,8366.316447324267
8221,480000.0,0.0,480000.0,480000.0,8366.316447324267
8222,480000.0,0.0,480000.0,480000.0,8366.316447324267
8223,469750.9855136681,0.0,469750.9855136681,469750.9855136681,8366.316447324267
8224,460519.7922395851,44348.4705688752,416171.3216707099,460519.7922395851,8366.316447324267
8225,463175.45245388825,0.0,463175.45245388825,463175.45245388825,8366.316447324267
8226,480000.0,0.0,480000.0,480000.0,8366.316447324267
8227,460522.0750623733,30036.336236959614,430485.7388254137,460522.0750623733,8366.316447324267
8228,460522.8360033027,19290.126034866844,441232.70996843587,460522.8360033027,8366.316447324267
8229,469614.28139767254,0.0,469614.28139767254,469614.28139767254,8366.316447324267
8230,472510.5439560669,0.0,472510.5439560669,472510.5439560669,8366.316447324267
8231,480000.0,0.0,480000.0,480000.0,8366.316447324267
8232,480000.0,0.0,480000.0,480000.0,8366.316447324267
8233,480000.0,0.0,480000.0,480000.0,8366.316447324267
8234,480000.0,0.0,480000.0,480000.0,8366.316447324267
8235,480000.0,0.0,480000.0,480000.0,8366.316447324267
8236,480000.0,0.0,480000.0,480000.0,8366.316447324267
8237,480000.0,0.0,480000.0,480000.0,8366.316447324267
8238,480000.0,0.0,480000.0,480000.0,8366.316447324267
8239,480000.0,0.0,480000.0,480000.0,8366.316447324267
8240,480000.0,0.0,480000.0,480000.0,8366.316447324267
8241,480000.0,0.0,480000.0,480000.0,8366.316447324267
8242,480000.0,0.0,480000.0,480000.0,8366.316447324267
8243,480000.0,0.0,480000.0,480000.0,8366.316447324267
8244,480000.0,0.0,480000.0,480000.0,8366.316447324267
8245,480000.0,0.0,480000.0,480000.0,8366.316447324267
8246,480000.0,0.0,480000.0,480000.0,8366.316447324267
8247,460537.2938809613,6795.46300484112,453741.8308761202,460537.2938809613,8366.316447324267
8248,460538.0548218907,24101.13512411306,436436.91969777766,460538.0548218907,8366.316447324267
8249,460538.81576282,74257.4226355839,386281.3931272361,460538.81576282,8366.316447324267
8250,460539.57670374954,137910.5303712127,322629.04633253685,460539.57670374954,8366.316447324267
8251,460540.3376446789,249551.0259209099,210989.311723769,460540.3376446789,8366.316447324267
8252,460541.0985856083,320611.3339548684,139929.76463073993,460541.0985856083,8366.316447324267
8253,460541.8595265377,333459.00733191735,127082.85219462037,460541.8595265377,8366.316447324267
8254,460542.6204674671,359053.90836357174,101488.71210389538,460542.6204674671,8366.316447324267
8255,460543.38140839664,392256.8443782105,68286.53703018613,460543.38140839664,8366.316447324267
8256,460544.1423493259,418901.2479712734,41642.89437805248,460544.1423493259,8366.316447324267
8257,460544.9032902553,445689.5556718823,14855.347618372967,460544.9032902553,8366.316447324267
8258,460545.66423118475,451946.9020683107,8598.762162874053,460545.66423118475,8366.316447324267
8259,460546.4251721141,443418.46226203535,17127.962910078757,460546.4251721141,8366.316447324267
8260,460547.1861130436,397047.11684571055,63500.06926733301,460547.1861130436,8366.316447324267
8261,460547.94705397286,337852.8865546473,122695.06049932557,460547.94705397286,8366.316447324267
8262,460548.7079949023,294313.6424300634,166235.06556483888,460548.7079949023,8366.316447324267
8263,480000.0,0.0,480000.0,480000.0,8366.316447324267
8264,480000.0,0.0,480000.0,480000.0,8366.316447324267
8265,460550.99081769056,21103.423557023518,439447.56726066704,460550.99081769056,8366.316447324267
8266,460551.7517586199,134346.81873507053,326204.9330235494,460551.7517586199,8366.316447324267
8267,460552.5126995493,216714.10510308636,243838.40759646296,460552.5126995493,8366.316447324267
8268,460553.27364047884,282562.96160421125,177990.31203626763,460553.27364047884,8366.316447324267
8269,460554.03458140814,288008.1985719826,172545.83600942552,460554.03458140814,8366.316447324267
8270,460554.7955223375,297627.4385576975,162927.35696463997,460554.7955223375,8366.316447324267
8271,460555.55646326696,302486.6891272381,158068.86733602884,460555.55646326696,8366.316447324267
8272,460556.31740419636,323731.7706794321,136824.54672476425,460556.31740419636,8366.316447324267
8273,460557.0783451257,204823.57418387447,255733.50416125124,460557.0783451257,8366.316447324267
8274,460557.8392860551,197815.44909279415,262742.390193261,460557.8392860551,8366.316447324267
8275,460558.60022698453,192401.00717780704,268157.5930491775,460558.60022698453,8366.316447324267
8276,460559.36116791394,224698.2934315625,235861.06773635146,460559.36116791394,8366.316447324267
8277,460560.12210884335,217378.3917185854,243181.73039025796,460560.12210884335,8366.316447324267
8278,460560.8830497728,272943.3269280902,187617.5561216826,460560.8830497728,8366.316447324267
8279,460561.6439907021,81649.65167160967,378911.99231909245,460561.6439907021,8366.316447324267
8280,460562.4049316316,118195.20653769153,342367.19839394005,460562.4049316316,8366.316447324267
8281,460563.16587256105,23173.25136839482,437389.9145041662,460563.16587256105,8366.316447324267
8282,480000.0,0.0,480000.0,480000.0,8366.316447324267
8283,480000.0,0.0,480000.0,480000.0,8366.316447324267
8284,480000.0,0.0,480000.0,480000.0,8366.316447324267
8285,480000.0,0.0,480000.0,480000.0,8366.316447324267
8286,480000.0,0.0,480000.0,480000.0,8366.316447324267
8287,480000.0,0.0,480000.0,480000.0,8366.316447324267
8288,480000.0,0.0,480000.0,480000.0,8366.316447324267
8289,480000.0,0.0,480000.0,480000.0,8366.316447324267
8290,460570.0143409256,78797.80880649394,381772.2055344317,460570.0143409256,8366.316447324267
8291,460570.7752818549,337806.41457802104,122764.36070383388,460570.7752818549,8366.316447324267
8292,460571.5362227844,382626.7142802597,77944.82194252471,460571.5362227844,8366.316447324267
8293,460572.2971637137,375169.1411294446,85403.15603426917,460572.2971637137,8366.316447324267
8294,460573.05810464325,348742.97806874453,111830.08003589872,460573.05810464325,8366.316447324267
8295,460573.81904557266,355978.7601463809,104595.05889919172,460573.81904557266,8366.316447324267
8296,460574.57998650195,276857.4100061299,183717.16998037207,460574.57998650195,8366.316447324267
8297,460575.3409274314,97885.1797927029,362690.1611347285,460575.3409274314,8366.316447324267
8298,460576.10186836077,70913.05907189759,389663.0427964632,460576.10186836077,8366.316447324267
8299,460576.8628092903,6876.809205231024,453700.05360405927,460576.8628092903,8366.316447324267
8300,460577.6237502196,43926.34770760324,416651.27604261634,460577.6237502196,8366.316447324267
8301,460578.38469114894,127225.01842035586,333353.3662707931,460578.38469114894,8366.316447324267
8302,460579.14563207846,246639.962977683,213939.18265439547,460579.14563207846,8366.316447324267
8303,460579.9065730078,355091.36900223896,105488.53757076882,460579.9065730078,8366.316447324267
8304,460580.66751393717,397778.50231738016,62802.165196557,460580.66751393717,8366.316447324267
8305,460581.42845486663,437454.5228243431,23126.905630523488,460581.42845486663,8366.316447324267
8306,460582.189395796,460582.189395796,0.0,460582.189395796,8366.316447324267
8307,460582.95033672545,460582.95033672545,0.0,460582.95033672545,8366.316447324267
8308,460583.71127765486,460583.71127765486,0.0,460583.71127765486,8366.316447324267
8309,460584.4722185842,460584.4722185842,0.0,460584.4722185842,8366.316447324267
8310,460585.2331595137,423022.2119133152,37563.02124619851,460585.2331595137,8366.316447324267
8311,460585.99410044303,365958.57690506906,94627.41719537399,460585.99410044303,8366.316447324267
8312,460586.7550413725,271746.5391933754,188840.21584799714,460586.7550413725,8366.316447324267
8313,460587.5159823018,291768.25706551,168819.2589167918,460587.5159823018,8366.316447324267
8314,460588.2769232312,243784.2161714837,216804.0607517475,460588.2769232312,8366.316447324267
8315,460589.03786416067,338815.8843390951,121773.15352506559,460589.03786416067,8366.316447324267
8316,460589.79880509,347652.36439799855,112937.4344070915,460589.79880509,8366.316447324267
8317,460590.5597460194,314367.43585168873,146223.1238943307,460590.5597460194,8366.316447324267
8318,460591.3206869488,252182.91815209782,208408.40253485096,460591.3206869488,8366.316447324267
8319,460592.08162787824,197332.03040343546,263260.0512244428,460592.08162787824,8366.316447324267
8320,460592.8425688077,66874.70141606242,393718.1411527453,460592.8425688077,8366.316447324267
8321,460593.60350973706,31222.37648950453,429371.22702023253,460593.60350973706,8366.316447324267
8322,460594.3644506665,9706.323447663046,450888.0410030034,460594.3644506665,8366.316447324267
8323,460595.1253915959,37323.44293671282,423271.68245488306,460595.1253915959,8366.316447324267
8324,460595.88633252523,15551.763156555884,445044.12317596935,460595.88633252523,8366.316447324267
8325,480000.0,0.0,480000.0,480000.0,8366.316447324267
8326,480000.0,0.0,480000.0,480000.0,8366.316447324267
8327,480000.0,0.0,480000.0,480000.0,8366.316447324267
8328,480000.0,0.0,480000.0,480000.0,8366.316447324267
8329,480000.0,0.0,480000.0,480000.0,8366.316447324267
8330,480000.0,0.0,480000.0,480000.0,8366.316447324267
8331,480000.0,0.0,480000.0,480000.0,8366.316447324267
8332,480000.0,0.0,480000.0,480000.0,8366.316447324267
8333,480000.0,0.0,480000.0,480000.0,8366.316447324267
8334,473200.199266329,0.0,473200.199266329,473200.199266329,8366.316447324267
8335,468693.77318664105,0.0,468693.77318664105,468693.77318664105,8366.316447324267
8336,460605.0176236781,2463.8879951887648,458141.1296284893,460605.0176236781,8366.316447324267
8337,460605.7785646075,46022.86134859349,414582.917216014,460605.7785646075,8366.316447324267
8338,460606.53950553696,146094.0848571367,314512.45464840025,460606.53950553696,8366.316447324267
8339,460607.3004464663,207468.33836582286,253138.96208064345,460607.3004464663,8366.316447324267
8340,460608.06138739566,285914.57514288067,174693.486244515,460608.06138739566,8366.316447324267
8341,460608.8223283251,325379.8587318077,135228.96359651745,460608.8223283251,8366.316447324267
8342,460609.5832692545,334303.2504899118,126306.33277934264,460609.5832692545,8366.316447324267
8343,460610.34421018383,354371.54951153375,106238.79469865008,460610.34421018383,8366.316447324267
8344,460611.10515111336,300769.5927368038,159841.51241430957,460611.10515111336,8366.316447324267
8345,460611.86609204265,133609.62563874095,327002.2404533017,460611.86609204265,8366.316447324267
8346,460612.6270329721,19566.190763341903,441046.4362696302,460612.6270329721,8366.316447324267
8347,468864.1479602276,0.0,468864.1479602276,468864.1479602276,8366.316447324267
8348,480000.0,0.0,480000.0,480000.0,8366.316447324267
8349,480000.0,0.0,480000.0,480000.0,8366.316447324267
8350,480000.0,0.0,480000.0,480000.0,8366.316447324267
8351,480000.0,0.0,480000.0,480000.0,8366.316447324267
8352,463672.90952955437,0.0,463672.90952955437,463672.90952955437,8366.316447324267
8353,480000.0,0.0,480000.0,480000.0,8366.316447324267
8354,460618.71456040733,21817.532301923144,438801.1822584842,460618.71456040733,8366.316447324267
8355,460619.4755013367,3509.48919206555,457109.98630927113,460619.4755013367,8366.316447324267
8356,460620.2364422661,1434.2690433067037,459185.9673989594,460620.2364422661,8366.316447324267
8357,460620.99738319556,7922.291843580897,452698.70553961466,460620.99738319556,8366.316447324267
8358,460621.75832412485,49556.097009254794,411065.66131487006,460621.75832412485,8366.316447324267
8359,460622.5192650544,65777.60539245681,394844.91387259756,460622.5192650544,8366.316447324267
8360,460623.2802059837,76972.76987007016,383650.51033591357,460623.2802059837,8366.316447324267
8361,460624.04114691314,219258.12246899138,241365.91867792176,460624.04114691314,8366.316447324267
8362,460624.8020878426,299632.1909726595,160992.61111518307,460624.8020878426,8366.316447324267
8363,460625.5630287719,321171.0773193062,139454.48570946572,460625.5630287719,8366.316447324267
8364,460626.3239697013,344744.76239456807,115881.56157513327,460626.3239697013,8366.316447324267
8365,460627.0849106308,361932.8285739182,98694.25633671258,460627.0849106308,8366.316447324267
8366,460627.8458515601,381365.7836823757,79262.06216918443,460627.8458515601,8366.316447324267
8367,460628.60679248953,399534.84361015144,61093.76318233812,460628.60679248953,8366.316447324267
8368,460629.36773341894,403461.7925495583,57167.57518386066,460629.36773341894,8366.316447324267
8369,460630.1286743483,404338.75720728986,56291.371467058445,460630.1286743483,8366.316447324267
8370,460630.88961527776,411937.04013305285,48693.84948222488,460630.88961527776,8366.316447324267
8371,460631.65055620717,426954.1145757138,33677.53598049335,460631.65055620717,8366.316447324267
8372,460632.4114971366,437229.43341013073,23402.978087005846,460632.4114971366,8366.316447324267
8373,460633.172438066,442819.8221535411,17813.350284524928,460633.172438066,8366.316447324267
8374,460633.9333789954,460633.9333789954,0.0,460633.9333789954,8366.316447324267
8375,460634.6943199248,460634.6943199248,0.0,460634.6943199248,8366.316447324267
8376,460635.45526085416,460635.45526085416,0.0,460635.45526085416,8366.316447324267
8377,460636.21620178357,443788.1373732436,16848.07882854001,460636.21620178357,8366.316447324267
8378,460636.977142713,425723.863808751,34913.11333396198,460636.977142713,8366.316447324267
8379,460637.7380836424,407944.981053237,52692.7570304054,460637.7380836424,8366.316447324267
8380,460638.4990245718,389352.37586926384,71286.12315530796,460638.4990245718,8366.316447324267
8381,460639.25996550114,414024.91923647077,46614.34072903035,460639.25996550114,8366.316447324267
8382,460640.02090643055,423698.5665979953,36941.45430843524,460640.02090643055,8366.316447324267
8383,460640.78184736,436890.0779934027,23750.703853957282,460640.78184736,8366.316447324267
8384,460641.5427882894,428619.66696778854,32021.87582050082,460641.5427882894,8366.316447324267
8385,460642.3037292188,405920.14244540234,54722.16128381645,460642.3037292188,8366.316447324267
8386,460643.0646701482,443603.345187039,17039.719483109173,460643.0646701482,8366.316447324267
8387,460643.8256110776,453632.52024097636,7011.305370101226,460643.8256110776,8366.316447324267
8388,460644.58655200707,460644.58655200707,0.0,460644.58655200707,8366.316447324267
8389,460645.3474929364,460645.3474929364,0.0,460645.3474929364,8366.316447324267
8390,460646.1084338657,460646.1084338657,0.0,460646.1084338657,8366.316447324267
8391,460646.86937479523,460646.86937479523,0.0,460646.86937479523,8366.316447324267
8392,460647.63031572464,460647.63031572464,0.0,460647.63031572464,8366.316447324267
8393,460648.391256654,458306.5489181426,2341.8423385113506,460648.391256654,8366.316447324267
8394,460649.1521975834,380144.61782033613,80504.53437724728,460649.1521975834,8366.316447324267
8395,460649.91313851275,205838.7277641419,254811.18537437086,460649.91313851275,8366.316447324267
8396,460650.6740794422,112696.45021496894,347954.2238644733,460650.6740794422,8366.316447324267
8397,460651.43502037163,48306.92823742487,412344.50678294676,460651.43502037163,8366.316447324267
8398,460652.19596130104,16611.470656067715,444040.7253052333,460652.19596130104,8366.316447324267
8399,464805.88119530294,0.0,464805.88119530294,464805.88119530294,8366.316447324267
8400,469314.7967443028,0.0,469314.7967443028,469314.7967443028,8366.316447324267
8401,474194.92932260036,0.0,474194.92932260036,474194.92932260036,8366.316447324267
8402,480000.0,0.0,480000.0,480000.0,8366.316447324267
8403,480000.0,0.0,480000.0,480000.0,8366.316447324267
8404,480000.0,0.0,480000.0,480000.0,8366.316447324267
8405,480000.0,0.0,480000.0,480000.0,8366.316447324267
8406,480000.0,0.0,480000.0,480000.0,8366.316447324267
8407,480000.0,0.0,480000.0,480000.0,8366.316447324267
8408,480000.0,0.0,480000.0,480000.0,8366.316447324267
8409,480000.0,0.0,480000.0,480000.0,8366.316447324267
8410,480000.0,0.0,480000.0,480000.0,8366.316447324267
8411,460662.0881933832,70696.22498697136,389965.8632064118,460662.0881933832,8366.316447324267
8412,478905.5682070944,0.0,478905.5682070944,478905.5682070944,8366.316447324267
8413,480000.0,0.0,480000.0,480000.0,8366.316447324267
8414,480000.0,0.0,480000.0,480000.0,8366.316447324267
8415,480000.0,0.0,480000.0,480000.0,8366.316447324267
8416,480000.0,0.0,480000.0,480000.0,8366.316447324267
8417,480000.0,0.0,480000.0,480000.0,8366.316447324267
8418,480000.0,0.0,480000.0,480000.0,8366.316447324267
8419,480000.0,0.0,480000.0,480000.0,8366.316447324267
8420,480000.0,0.0,480000.0,480000.0,8366.316447324267
8421,480000.0,0.0,480000.0,480000.0,8366.316447324267
8422,480000.0,0.0,480000.0,480000.0,8366.316447324267
8423,480000.0,0.0,480000.0,480000.0,8366.316447324267
8424,460671.98042546544,10108.27233929251,450563.70808617293,460671.98042546544,8366.316447324267
8425,460672.7413663948,72035.5938647801,388637.1475016147,460672.7413663948,8366.316447324267
8426,460673.5023073242,115179.4164495318,345494.0858577924,460673.5023073242,8366.316447324267
8427,460674.26324825373,371697.8415938965,88976.42165435723,460674.26324825373,8366.316447324267
8428,460675.0241891831,443796.38394672115,16878.64024246195,460675.0241891831,8366.316447324267
8429,460675.7851301125,420559.1466435101,40116.6384866024,460675.7851301125,8366.316447324267
8430,460676.54607104184,287132.7813666611,173543.7647043808,460676.54607104184,8366.316447324267
8431,460677.30701197125,28843.5090203624,431833.79799160885,460677.30701197125,8366.316447324267
8432,480000.0,0.0,480000.0,480000.0,8366.316447324267
8433,480000.0,0.0,480000.0,480000.0,8366.316447324267
8434,480000.0,0.0,480000.0,480000.0,8366.316447324267
8435,480000.0,0.0,480000.0,480000.0,8366.316447324267
8436,480000.0,0.0,480000.0,480000.0,8366.316447324267
8437,480000.0,0.0,480000.0,480000.0,8366.316447324267
8438,480000.0,0.0,480000.0,480000.0,8366.316447324267
8439,480000.0,0.0,480000.0,480000.0,8366.316447324267
8440,480000.0,0.0,480000.0,480000.0,8366.316447324267
8441,480000.0,0.0,480000.0,480000.0,8366.316447324267
8442,480000.0,0.0,480000.0,480000.0,8366.316447324267
8443,480000.0,0.0,480000.0,480000.0,8366.316447324267
8444,480000.0,0.0,480000.0,480000.0,8366.316447324267
8445,480000.0,0.0,480000.0,480000.0,8366.316447324267
8446,480000.0,0.0,480000.0,480000.0,8366.316447324267
8447,480000.0,0.0,480000.0,480000.0,8366.316447324267
8448,460690.24300777115,46194.28852097981,414495.95448679134,460690.24300777115,8366.316447324267
8449,460691.0039487005,125285.39741211297,335405.6065365875,460691.0039487005,8366.316447324267
8450,460691.76488962985,269230.6277685427,191461.13712108717,460691.76488962985,8366.316447324267
8451,460692.5258305593,407558.48151598877,53134.04431457056,460692.5258305593,8366.316447324267
8452,460693.2867714886,460693.2867714886,0.0,460693.2867714886,8366.316447324267
8453,460694.04771241813,460694.04771241813,0.0,460694.04771241813,8366.316447324267
8454,460694.80865334754,429918.3047281937,30776.50392515384,460694.80865334754,8366.316447324267
8455,460695.5695942769,296730.99740974576,163964.57218453113,460695.5695942769,8366.316447324267
8456,460696.33053520636,121323.97420395352,339372.35633125284,460696.33053520636,8366.316447324267
8457,460697.0914761357,60817.36240070814,399879.7290754276,460697.0914761357,8366.316447324267
8458,460697.8524170652,74711.82901600999,385986.0234010552,460697.8524170652,8366.316447324267
8459,460698.6133579946,132891.10671296297,327807.5066450316,460698.6133579946,8366.316447324267
8460,460699.3742989239,270435.36443065165,190264.00986827226,460699.3742989239,8366.316447324267
8461,460700.13523985335,217506.68779185452,243193.44744799883,460700.13523985335,8366.316447324267
8462,460700.8961807827,134187.29363330238,326513.6025474803,460700.8961807827,8366.316447324267
8463,460701.6571217121,3078.264226714964,457623.39289499715,460701.6571217121,8366.316447324267
8464,477331.4938965122,0.0,477331.4938965122,477331.4938965122,8366.316447324267
8465,480000.0,0.0,480000.0,480000.0,8366.316447324267
8466,480000.0,0.0,480000.0,480000.0,8366.316447324267
8467,480000.0,0.0,480000.0,480000.0,8366.316447324267
8468,475645.9686628729,0.0,475645.9686628729,475645.9686628729,8366.316447324267
8469,480000.0,0.0,480000.0,480000.0,8366.316447324267
8470,480000.0,0.0,480000.0,480000.0,8366.316447324267
8471,460707.74464914744,34790.141962027,425917.60268712044,460707.74464914744,8366.316447324267
8472,461816.3701416362,0.0,461816.3701416362,461816.3701416362,8366.316447324267
8473,460709.26653100614,2479.7929014679976,458229.47362953814,460709.26653100614,8366.316447324267
8474,480000.0,0.0,480000.0,480000.0,8366.316447324267
8475,463508.71735414653,0.0,463508.71735414653,463508.71735414653,8366.316447324267
8476,460711.5493537943,79539.43228677526,381172.11706701905,460711.5493537943,8366.316447324267
8477,460712.3102947238,28081.83650103415,432630.4737936896,460712.3102947238,8366.316447324267
8478,469246.32654763985,0.0,469246.32654763985,469246.32654763985,8366.316447324267
8479,472483.7399739735,0.0,472483.7399739735,472483.7399739735,8366.316447324267
8480,460714.59311751195,5949.27447926515,454765.3186382468,460714.59311751195,8366.316447324267
8481,460715.3540584414,15090.904634870298,445624.4494235711,460715.3540584414,8366.316447324267
8482,460716.11499937077,32129.4090282112,428586.70597115956,460716.11499937077,8366.316447324267
8483,460716.8759403002,86043.9994201482,374672.876520152,460716.8759403002,8366.316447324267
8484,460717.6368812295,132247.8571427305,328469.779738499,460717.6368812295,8366.316447324267
8485,460718.397822159,169720.54998516047,290997.8478369985,460718.397822159,8366.316447324267
8486,460719.1587630884,205693.6923660636,255025.4663970248,460719.1587630884,8366.316447324267
8487,460719.9197040178,271721.11370470567,188998.80599931214,460719.9197040178,8366.316447324267
8488,460720.68064494716,240876.34671811832,219844.33392682884,460720.68064494716,8366.316447324267
8489,460721.4415858765,230945.3366170073,229776.10496886921,460721.4415858765,8366.316447324267
8490,460722.20252680604,258930.19167757436,201792.01084923168,460722.20252680604,8366.316447324267
8491,460722.9634677354,307387.3058320563,153335.65763567906,460722.9634677354,8366.316447324267
8492,460723.7244086648,329962.8543577431,130760.87005092169,460723.7244086648,8366.316447324267
8493,460724.48534959427,350657.8223181191,110066.66303147512,460724.48534959427,8366.316447324267
8494,460725.24629052356,393378.40666881733,67346.83962170621,460725.24629052356,8366.316447324267
8495,460726.0072314531,435102.381487078,25623.625744375087,460726.0072314531,8366.316447324267
8496,460726.76817238244,460726.76817238244,0.0,460726.76817238244,8366.316447324267
8497,460727.5291133117,460727.5291133117,0.0,460727.5291133117,8366.316447324267
8498,460728.29005424125,460728.29005424125,0.0,460728.29005424125,8366.316447324267
8499,460729.0509951706,460729.0509951706,0.0,460729.0509951706,8366.316447324267
8500,460729.8119361,443621.6591781851,17108.152757914922,460729.8119361,8366.316447324267
8501,460730.5728770294,390898.37696600135,69832.19591102809,460730.5728770294,8366.316447324267
8502,460731.33381795883,340428.20978952665,120303.12402843215,460731.33381795883,8366.316447324267
8503,460732.09475888824,303946.02759721316,156786.06716167505,460732.09475888824,8366.316447324267
8504,460732.8556998176,303580.0076759761,157152.8480238415,460732.8556998176,8366.316447324267
8505,460733.61664074706,310916.38586023485,149817.2307805122,460733.61664074706,8366.316447324267
8506,460734.3775816764,337179.9795525402,123554.39802913625,460734.3775816764,8366.316447324267
8507,460735.1385226058,399171.4225898182,61563.715932787614,460735.1385226058,8366.316447324267
8508,460735.8994635353,418966.6780299276,41769.22143360768,460735.8994635353,8366.316447324267
8509,460736.6604044646,398879.27027052635,61857.390133938214,460736.6604044646,8366.316447324267
8510,460737.421345394,371411.6200025497,89325.80134284425,460737.421345394,8366.316447324267
8511,460738.1822863235,299967.75795093516,160770.42433538835,460738.1822863235,8366.316447324267
8512,460738.9432272528,117865.08629315346,342873.85693409934,460738.9432272528,8366.316447324267
8513,460739.7041681823,38330.78006678063,422408.92410140164,460739.7041681823,8366.316447324267
8514,463058.321752767,0.0,463058.321752767,463058.321752767,8366.316447324267
8515,480000.0,0.0,480000.0,480000.0,8366.316447324267
8516,480000.0,0.0,480000.0,480000.0,8366.316447324267
8517,480000.0,0.0,480000.0,480000.0,8366.316447324267
8518,480000.0,0.0,480000.0,480000.0,8366.316447324267
8519,480000.0,0.0,480000.0,480000.0,8366.316447324267
8520,480000.0,0.0,480000.0,480000.0,8366.316447324267
8521,480000.0,0.0,480000.0,480000.0,8366.316447324267
8522,465187.67637027294,0.0,465187.67637027294,465187.67637027294,8366.316447324267
8523,460747.31357747625,5189.230993088102,455558.08258438815,460747.31357747625,8366.316447324267
8524,470629.34736705275,0.0,470629.34736705275,470629.34736705275,8366.316447324267
8525,465096.36342062394,0.0,465096.36342062394,465096.36342062394,8366.316447324267
8526,460749.59640026453,39729.893387647055,421019.7030126175,460749.59640026453,8366.316447324267
8527,475794.29321006505,0.0,475794.29321006505,475794.29321006505,8366.316447324267
8528,466206.9675801987,0.0,466206.9675801987,466206.9675801987,8366.316447324267
8529,460751.8792230527,142.55376243556384,460609.32546061714,460751.8792230527,8366.316447324267
8530,460752.64016398205,39142.10662383947,421610.5335401426,460752.64016398205,8366.316447324267
8531,460753.4011049114,114267.72902427532,346485.6720806361,460753.4011049114,8366.316447324267
8532,460754.1620458409,193334.0905450543,267420.0715007866,460754.1620458409,8366.316447324267
8533,460754.9229867703,244821.99824798116,215932.92473878912,460754.9229867703,8366.316447324267
8534,460755.6839276997,321994.4740173713,138761.20991032835,460755.6839276997,8366.316447324267
8535,460756.4448686291,316538.585903042,144217.85896558713,460756.4448686291,8366.316447324267
8536,460757.2058095584,346391.01600756496,114366.18980199343,460757.2058095584,8366.316447324267
8537,460757.9667504879,145550.34427787963,315207.6224726083,460757.9667504879,8366.316447324267
8538,460758.7276914173,179497.58143460215,281261.1462568152,460758.7276914173,8366.316447324267
8539,466160.9828457948,0.0,466160.9828457948,466160.9828457948,8366.316447324267
8540,460760.2495732761,36440.50724217383,424319.74233110226,460760.2495732761,8366.316447324267
8541,460761.01051420544,18666.08533914626,442094.9251750592,460761.01051420544,8366.316447324267
8542,480000.0,0.0,480000.0,480000.0,8366.316447324267
8543,480000.0,0.0,480000.0,480000.0,8366.316447324267
8544,480000.0,0.0,480000.0,480000.0,8366.316447324267
8545,480000.0,0.0,480000.0,480000.0,8366.316447324267
8546,480000.0,0.0,480000.0,480000.0,8366.316447324267
8547,480000.0,0.0,480000.0,480000.0,8366.316447324267
8548,480000.0,0.0,480000.0,480000.0,8366.316447324267
8549,480000.0,0.0,480000.0,480000.0,8366.316447324267
8550,480000.0,0.0,480000.0,480000.0,8366.316447324267
8551,480000.0,0.0,480000.0,480000.0,8366.316447324267
8552,480000.0,0.0,480000.0,480000.0,8366.316447324267
8553,480000.0,0.0,480000.0,480000.0,8366.316447324267
8554,460770.90274628764,167373.22712507506,293397.6756212126,460770.90274628764,8366.316447324267
8555,460771.66368721717,224277.15615942288,236494.50752779428,460771.66368721717,8366.316447324267
8556,460772.4246281465,250019.1604225362,210753.26420561032,460772.4246281465,8366.316447324267
8557,460773.18556907587,210156.13918843254,250617.04638064333,460773.18556907587,8366.316447324267
8558,460773.94651000533,82546.96717703989,378226.97933296545,460773.94651000533,8366.316447324267
8559,460774.7074509347,99734.28983657784,361040.41761435685,460774.7074509347,8366.316447324267
8560,460775.46839186415,17621.7628141921,443153.70557767205,460775.46839186415,8366.316447324267
8561,480000.0,0.0,480000.0,480000.0,8366.316447324267
8562,480000.0,0.0,480000.0,480000.0,8366.316447324267
8563,480000.0,0.0,480000.0,480000.0,8366.316447324267
8564,480000.0,0.0,480000.0,480000.0,8366.316447324267
8565,480000.0,0.0,480000.0,480000.0,8366.316447324267
8566,480000.0,0.0,480000.0,480000.0,8366.316447324267
8567,480000.0,0.0,480000.0,480000.0,8366.316447324267
8568,480000.0,0.0,480000.0,480000.0,8366.316447324267
8569,460782.3168602287,8841.440191307338,451940.8766689214,460782.3168602287,8366.316447324267
8570,460783.0778011581,71059.49102538102,389723.5867757771,460783.0778011581,8366.316447324267
8571,460783.8387420875,204262.1343331314,256521.70440895608,460783.8387420875,8366.316447324267
8572,460784.5996830169,312336.2408387263,148448.3588442906,460784.5996830169,8366.316447324267
8573,460785.3606239464,387132.5006475908,73652.85997635563,460785.3606239464,8366.316447324267
8574,460786.1215648758,414328.26550359034,46457.85606128547,460786.1215648758,8366.316447324267
8575,460786.8825058052,460786.8825058052,0.0,460786.8825058052,8366.316447324267
8576,460787.6434467346,460787.6434467346,0.0,460787.6434467346,8366.316447324267
8577,460788.40438766393,460788.40438766393,0.0,460788.40438766393,8366.316447324267
8578,460789.16532859346,441245.6150997099,19543.550228883574,460789.16532859346,8366.316447324267
8579,460789.92626952275,415229.0654302272,45560.86083929558,460789.92626952275,8366.316447324267
8580,460790.68721045216,439927.2399901407,20863.447220311435,460790.68721045216,8366.316447324267
8581,460791.44815138157,413085.4290796383,47706.01907174326,460791.44815138157,8366.316447324267
8582,460792.209092311,370990.59149662644,89801.61759568455,460792.209092311,8366.316447324267
8583,460792.9700332403,346186.3448419123,114606.62519132803,460792.9700332403,8366.316447324267
8584,460793.7309741698,321086.86782535294,139706.86314881683,460793.7309741698,8366.316447324267
8585,460794.49191509915,216610.61104305604,244183.8808720431,460794.49191509915,8366.316447324267
8586,460795.25285602856,143619.65794991085,317175.5949061177,460795.25285602856,8366.316447324267
8587,460796.013796958,136786.2004907127,324009.8133062453,460796.013796958,8366.316447324267
8588,460796.77473788743,123286.75193079142,337510.022807096,460796.77473788743,8366.316447324267
8589,460797.5356788168,65436.48112309014,395361.05455572665,460797.5356788168,8366.316447324267
8590,460798.2966197462,40641.69180229667,420156.6048174495,460798.2966197462,8366.316447324267
8591,460799.05756067566,55015.44229904626,405783.6152616294,460799.05756067566,8366.316447324267
8592,460799.818501605,39558.69081267313,421241.1276889319,460799.818501605,8366.316447324267
8593,460800.5794425344,11112.512747248402,449688.066695286,460800.5794425344,8366.316447324267
8594,460801.34038346383,75987.19252021075,384814.1478632531,460801.34038346383,8366.316447324267
8595,460802.1013243932,57734.754098654026,403067.34722573915,460802.1013243932,8366.316447324267
8596,461763.60044342774,0.0,461763.60044342774,461763.60044342774,8366.316447324267
8597,480000.0,0.0,480000.0,480000.0,8366.316447324267
8598,480000.0,0.0,480000.0,480000.0,8366.316447324267
8599,480000.0,0.0,480000.0,480000.0,8366.316447324267
8600,460805.9060290402,17553.53389706975,443252.3721319705,460805.9060290402,8366.316447324267
8601,460806.6669699696,98786.24874088034,362020.41822908923,460806.6669699696,8366.316447324267
8602,460807.42791089904,299462.99863022874,161344.4292806703,460807.42791089904,8366.316447324267
8603,460808.1888518284,407529.2997398739,53278.889111954464,460808.1888518284,8366.316447324267
8604,460808.94979275775,416335.4645737749,44473.48521898283,460808.94979275775,8366.316447324267
8605,460809.7107336873,413786.23794879124,47023.47278489604,460809.7107336873,8366.316447324267
8606,460810.4716746166,407600.27375251503,53210.19792210159,460810.4716746166,8366.316447324267
8607,460811.23261554603,360270.24988090177,100540.98273464426,460811.23261554603,8366.316447324267
8608,460811.9935564754,291377.8857291184,169434.10782735696,460811.9935564754,8366.316447324267
8609,460812.7544974048,222044.8735340791,238767.8809633257,460812.7544974048,8366.316447324267
8610,460813.51543833426,60456.64697916608,400356.8684591682,460813.51543833426,8366.316447324267
8611,480000.0,0.0,480000.0,480000.0,8366.316447324267
8612,480000.0,0.0,480000.0,480000.0,8366.316447324267
8613,480000.0,0.0,480000.0,480000.0,8366.316447324267
8614,480000.0,0.0,480000.0,480000.0,8366.316447324267
8615,480000.0,0.0,480000.0,480000.0,8366.316447324267
8616,480000.0,0.0,480000.0,480000.0,8366.316447324267
8617,480000.0,0.0,480000.0,480000.0,8366.316447324267
8618,480000.0,0.0,480000.0,480000.0,8366.316447324267
8619,461071.4993223552,0.0,461071.4993223552,461071.4993223552,8366.316447324267
8620,460821.1248476283,139693.80891311716,321127.31593451113,460821.1248476283,8366.316447324267
8621,460821.88578855764,252271.8546948365,208550.03109372113,460821.88578855764,8366.316447324267
8622,460822.646729487,175211.89209588722,285610.7546335998,460822.646729487,8366.316447324267
8623,460823.40767041646,130402.85460984753,330420.5530605689,460823.40767041646,8366.316447324267
8624,460824.16861134587,232444.00789934868,228380.1607119972,460824.16861134587,8366.316447324267
8625,460824.9295522753,248459.26341171452,212365.66614056076,460824.9295522753,8366.316447324267
8626,460825.69049320463,247399.5089445152,213426.18154868943,460825.69049320463,8366.316447324267
8627,460826.45143413404,311699.7425816426,149126.70885249146,460826.45143413404,8366.316447324267
8628,460827.2123750635,388648.54489816714,72178.66747689637,460827.2123750635,8366.316447324267
8629,460827.97331599286,396143.52608128637,64684.44723470649,460827.97331599286,8366.316447324267
8630,460828.73425692227,405995.42241787346,54833.311839048794,460828.73425692227,8366.316447324267
8631,460829.4951978517,382400.40122818097,78429.09396967074,460829.4951978517,8366.316447324267
8632,460830.2561387811,367562.73348575074,93267.52265303038,460830.2561387811,8366.316447324267
8633,460831.0170797105,341158.36751345557,119672.64956625496,460831.0170797105,8366.316447324267
8634,460831.7780206398,353798.12122801226,107033.65679262756,460831.7780206398,8366.316447324267
8635,460832.53896156925,376643.6922480224,84188.84671354685,460832.53896156925,8366.316447324267
8636,460833.2999024987,416061.15674237016,44772.143160128544,460833.2999024987,8366.316447324267
8637,460834.0608434281,432469.0940520366,28364.966791391493,460834.0608434281,8366.316447324267
8638,460834.8217843575,438747.92075222335,22086.90103213413,460834.8217843575,8366.316447324267
8639,460835.5827252869,450769.4682554669,10066.114469820019,460835.5827252869,8366.316447324267
8640,460836.34366621624,460836.34366621624,0.0,460836.34366621624,8366.316447324267
8641,460837.10460714577,445926.64595952595,14910.458647619844,460837.10460714577,8366.316447324267
8642,460837.8655480752,439184.9124588574,21652.95308921776,460837.8655480752,8366.316447324267
8643,460838.6264890044,409937.16498972196,50901.461499282435,460838.6264890044,8366.316447324267
8644,460839.38742993394,405695.46643540065,55143.920994533306,460839.38742993394,8366.316447324267
8645,460840.14837086335,396910.02122477524,63930.127146088096,460840.14837086335,8366.316447324267
8646,460840.9093117927,377275.3892145567,83565.52009723596,460840.9093117927,8366.316447324267
8647,460841.6702527221,288547.2792085755,172294.3910441466,460841.6702527221,8366.316447324267
8648,460842.43119365146,241336.72515492822,219505.70603872323,460842.43119365146,8366.316447324267
8649,460843.1921345809,204828.3883456433,256014.80378893763,460843.1921345809,8366.316447324267
8650,460843.95307551033,143370.76851063612,317473.1845648742,460843.95307551033,8366.316447324267
8651,460844.71401643974,42871.37728957122,417973.3367268685,460844.71401643974,8366.316447324267
8652,477764.1935364302,0.0,477764.1935364302,477764.1935364302,8366.316447324267
8653,479428.96901360655,0.0,479428.96901360655,479428.96901360655,8366.316447324267
8654,480000.0,0.0,480000.0,480000.0,8366.316447324267
8655,480000.0,0.0,480000.0,480000.0,8366.316447324267
8656,480000.0,0.0,480000.0,480000.0,8366.316447324267
8657,480000.0,0.0,480000.0,480000.0,8366.316447324267
8658,480000.0,0.0,480000.0,480000.0,8366.316447324267
8659,480000.0,0.0,480000.0,480000.0,8366.316447324267
8660,480000.0,0.0,480000.0,480000.0,8366.316447324267
8661,480000.0,0.0,480000.0,480000.0,8366.316447324267
8662,480000.0,0.0,480000.0,480000.0,8366.316447324267
8663,480000.0,0.0,480000.0,480000.0,8366.316447324267
8664,480000.0,0.0,480000.0,480000.0,8366.316447324267
8665,480000.0,0.0,480000.0,480000.0,8366.316447324267
8666,463385.4679396817,0.0,463385.4679396817,463385.4679396817,8366.316447324267
8667,460856.8890713102,14941.638509435114,445915.25056187506,460856.8890713102,8366.316447324267
8668,460857.6500122396,5569.408516930824,455288.24149530876,460857.6500122396,8366.316447324267
8669,474284.195580689,0.0,474284.195580689,474284.195580689,8366.316447324267
8670,480000.0,0.0,480000.0,480000.0,8366.316447324267
8671,480000.0,0.0,480000.0,480000.0,8366.316447324267
8672,480000.0,0.0,480000.0,480000.0,8366.316447324267
8673,480000.0,0.0,480000.0,480000.0,8366.316447324267
8674,480000.0,0.0,480000.0,480000.0,8366.316447324267
8675,480000.0,0.0,480000.0,480000.0,8366.316447324267
8676,475744.0237758931,0.0,475744.0237758931,475744.0237758931,8366.316447324267
8677,480000.0,0.0,480000.0,480000.0,8366.316447324267
8678,480000.0,0.0,480000.0,480000.0,8366.316447324267
8679,480000.0,0.0,480000.0,480000.0,8366.316447324267
8680,480000.0,0.0,480000.0,480000.0,8366.316447324267
8681,480000.0,0.0,480000.0,480000.0,8366.316447324267
8682,480000.0,0.0,480000.0,480000.0,8366.316447324267
8683,480000.0,0.0,480000.0,480000.0,8366.316447324267
8684,480000.0,0.0,480000.0,480000.0,8366.316447324267
8685,480000.0,0.0,480000.0,480000.0,8366.316447324267
8686,480000.0,0.0,480000.0,480000.0,8366.316447324267
8687,480000.0,0.0,480000.0,480000.0,8366.316447324267
8688,480000.0,0.0,480000.0,480000.0,8366.316447324267
8689,480000.0,0.0,480000.0,480000.0,8366.316447324267
8690,480000.0,0.0,480000.0,480000.0,8366.316447324267
8691,480000.0,0.0,480000.0,480000.0,8366.316447324267
8692,480000.0,0.0,480000.0,480000.0,8366.316447324267
8693,480000.0,0.0,480000.0,480000.0,8366.316447324267
8694,480000.0,0.0,480000.0,480000.0,8366.316447324267
8695,480000.0,0.0,480000.0,480000.0,8366.316447324267
8696,480000.0,0.0,480000.0,480000.0,8366.316447324267
8697,480000.0,0.0,480000.0,480000.0,8366.316447324267
8698,480000.0,0.0,480000.0,480000.0,8366.316447324267
8699,480000.0,0.0,480000.0,480000.0,8366.316447324267
8700,480000.0,0.0,480000.0,480000.0,8366.316447324267
8701,476435.9274731706,0.0,476435.9274731706,476435.9274731706,8366.316447324267
8702,480000.0,0.0,480000.0,480000.0,8366.316447324267
8703,460884.28294476855,44232.711913719366,416651.5710310492,460884.28294476855,8366.316447324267
8704,480000.0,0.0,480000.0,480000.0,8366.316447324267
8705,480000.0,0.0,480000.0,480000.0,8366.316447324267
8706,480000.0,0.0,480000.0,480000.0,8366.316447324267
8707,480000.0,0.0,480000.0,480000.0,8366.316447324267
8708,480000.0,0.0,480000.0,480000.0,8366.316447324267
8709,480000.0,0.0,480000.0,480000.0,8366.316447324267
8710,480000.0,0.0,480000.0,480000.0,8366.316447324267
8711,480000.0,0.0,480000.0,480000.0,8366.316447324267
8712,480000.0,0.0,480000.0,480000.0,8366.316447324267
8713,466648.14513811184,0.0,466648.14513811184,466648.14513811184,8366.316447324267
8714,460892.6532949921,139639.51515807613,321253.138136916,460892.6532949921,8366.316447324267
8715,460893.41423592146,298711.26779682294,162182.1464390985,460893.41423592146,8366.316447324267
8716,460894.1751768508,384034.06819199544,76860.10698485536,460894.1751768508,8366.316447324267
8717,460894.93611778034,430545.1158560118,30349.820261768524,460894.93611778034,8366.316447324267
8718,460895.6970587096,460895.6970587096,0.0,460895.6970587096,8366.316447324267
8719,460896.4579996391,460896.4579996391,0.0,460896.4579996391,8366.316447324267
8720,460897.21894056845,460897.21894056845,0.0,460897.21894056845,8366.316447324267
8721,460897.97988149786,460897.97988149786,0.0,460897.97988149786,8366.316447324267
8722,460898.7408224273,460898.7408224273,0.0,460898.7408224273,8366.316447324267
8723,460899.5017633567,460899.5017633567,0.0,460899.5017633567,8366.316447324267
8724,460900.262704286,460900.262704286,0.0,460900.262704286,8366.316447324267
8725,460901.0236452155,460901.0236452155,0.0,460901.0236452155,8366.316447324267
8726,460901.7845861449,460901.7845861449,0.0,460901.7845861449,8366.316447324267
8727,460902.5455270743,460902.5455270743,0.0,460902.5455270743,8366.316447324267
8728,460903.30646800366,460903.30646800366,0.0,460903.30646800366,8366.316447324267
8729,460904.0674089331,460904.0674089331,0.0,460904.0674089331,8366.316447324267
8730,460904.8283498625,460904.8283498625,0.0,460904.8283498625,8366.316447324267
8731,460905.5892907919,460905.5892907919,0.0,460905.5892907919,8366.316447324267
8732,460906.35023172136,460906.35023172136,0.0,460906.35023172136,8366.316447324267
8733,460907.11117265065,460907.11117265065,0.0,460907.11117265065,8366.316447324267
8734,460907.8721135801,460907.8721135801,0.0,460907.8721135801,8366.316447324267
8735,460908.6330545095,460908.6330545095,0.0,460908.6330545095,8366.316447324267
8736,460909.3939954389,437973.9090160152,22935.484979423716,460909.3939954389,8366.316447324267
8737,460910.1549363682,417093.3510975617,43816.8038388065,460910.1549363682,8366.316447324267
8738,460910.91587729775,382712.0396638551,78198.87621344262,460910.91587729775,8366.316447324267
8739,460911.6768182271,374469.2858690302,86442.3909491969,460911.6768182271,8366.316447324267
8740,460912.4377591565,340867.74404518027,120044.69371397624,460912.4377591565,8366.316447324267
8741,460913.19870008586,281594.1437483983,179319.0549516876,460913.19870008586,8366.316447324267
8742,460913.9596410152,329988.28682719235,130925.67281382285,460913.9596410152,8366.316447324267
8743,460914.72058194474,352214.6683272607,108700.05225468402,460914.72058194474,8366.316447324267
8744,460915.4815228741,374673.3657898872,86242.1157329869,460915.4815228741,8366.316447324267
8745,460916.2424638035,399031.86565328547,61884.376810518035,460916.2424638035,8366.316447324267
8746,460917.0034047329,428387.71677300613,32529.286631726776,460917.0034047329,8366.316447324267
8747,460917.76434566226,454375.4957152119,6542.268630450341,460917.76434566226,8366.316447324267
8748,460918.5252865917,460918.5252865917,0.0,460918.5252865917,8366.316447324267
8749,460919.28622752114,460919.28622752114,0.0,460919.28622752114,8366.316447324267
8750,460920.04716845043,460920.04716845043,0.0,460920.04716845043,8366.316447324267
8751,460920.80810937996,460920.80810937996,0.0,460920.80810937996,8366.316447324267
8752,460921.5690503093,460921.5690503093,0.0,460921.5690503093,8366.316447324267
8753,460922.3299912387,429275.84209814057,31646.487893098172,460922.3299912387,8366.316447324267
8754,460923.0909321681,284724.41260586213,176198.678326306,460923.0909321681,8366.316447324267
8755,460923.8518730975,240002.34115192018,220921.5107211773,460923.8518730975,8366.316447324267
8756,460924.61281402694,264666.95512591023,196257.6576881167,460924.61281402694,8366.316447324267
8757,460925.3737549563,196291.39615405892,264633.9776008974,460925.3737549563,8366.316447324267
8758,460926.13469588576,223677.86171556622,237248.27298031954,460926.13469588576,8366.316447324267
8759,460926.8956368151,211288.07133829553,249638.82429851958,460926.8956368151,8366.316447324267
