,Energy to electrolyzer (kWh),Energy from grid (kWh),Energy from renewables (kWh),Total energy (kWh),Hydrogen Hourly production (kg)
0,454261.8140361828,33061.09571209195,421200.7183240909,454261.8140361828,8366.316447324267
1,454262.5749771121,33437.27260718268,420825.30236992944,454262.5749771121,8366.316447324267
2,454263.33591804164,32182.82434087526,422080.5115771664,454263.33591804164,8366.316447324267
3,454264.09685897105,32941.75436310173,421322.3424958693,454264.09685897105,8366.316447324267
4,454264.85779990046,36369.34072308778,417895.5170768127,454264.85779990046,8366.316447324267
5,454265.6187408299,46665.066834755766,407600.5519060741,454265.6187408299,8366.316447324267
6,454266.37968175916,42117.42373840138,412148.9559433578,454266.37968175916,8366.316447324267
7,454267.1406226887,44960.79631179059,409306.3443108981,454267.1406226887,8366.316447324267
8,454267.9015636181,26875.20759438246,427392.69396923564,454267.9015636181,8366.316447324267
9,454268.6625045474,49740.84321760776,404527.81928693963,454268.6625045474,8366.316447324267
10,454269.42344547686,187172.80070727383,267096.62273820303,454269.42344547686,8366.316447324267
11,454270.1843864062,231998.24127833926,222271.94310806695,454270.1843864062,8366.316447324267
12,454270.94532733574,318526.14706174866,135744.79826558704,454270.94532733574,8366.316447324267
13,454271.7062682651,232029.36376636484,222242.34250190025,454271.7062682651,8366.316447324267
14,454272.46720919444,213246.48006458802,241025.98714460642,454272.46720919444,8366.316447324267
15,454273.22815012385,409539.413513908,44733.81463621588,454273.22815012385,8366.316447324267
16,454273.98909105326,44288.698004948674,409985.2910861046,454273.98909105326,8366.316447324267
17,454274.7500319828,273979.28817061277,180295.46186137,454274.7500319828,8366.316447324267
18,454275.51097291213,308876.8207557842,145398.6902171279,454275.51097291213,8366.316447324267
19,454276.2719138414,218025.8650256296,236250.40688821182,454276.2719138414,8366.316447324267
20,454277.03285477095,100796.97105694353,353480.0617978274,454277.03285477095,8366.316447324267
21,454277.79379570024,55983.282251644356,398294.5115440559,454277.79379570024,8366.316447324267
22,454278.55473662965,172978.00084218185,281300.5538944478,454278.55473662965,8366.316447324267
23,454279.3156775591,226640.04095241916,227639.27472513996,454279.3156775591,8366.316447324267
24,454280.0766184884,168285.00255188963,285995.0740665988,454280.0766184884,8366.316447324267
25,454280.83755941794,175172.92402015167,279107.9135392663,454280.83755941794,8366.316447324267
26,454281.5985003473,118585.57998133742,335696.0185190099,454281.5985003473,8366.316447324267
27,454282.35944127664,123813.50493553106,330468.8545057456,454282.35944127664,8366.316447324267
28,454283.1203822061,105392.55414565292,348890.5662365532,454283.1203822061,8366.316447324267
29,454283.88132313546,84182.586774275,370101.29454886046,454283.88132313546,8366.316447324267
30,454284.6422640649,140526.3668607152,313758.2754033497,454284.6422640649,8366.316447324267
31,454285.40320499433,152562.58017299027,301722.82303200406,454285.40320499433,8366.316447324267
32,454286.1641459237,43308.15573718847,410978.0084087352,454286.1641459237,8366.316447324267
33,454286.92508685315,160071.55201223795,294215.3730746152,454286.92508685315,8366.316447324267
34,454287.6860277825,269533.46248954424,184754.22353823826,454287.6860277825,8366.316447324267
35,454288.44696871185,286005.02494509047,168283.4220236214,454288.44696871185,8366.316447324267
36,454289.2079096413,293992.3584054101,160296.8495042312,454289.2079096413,8366.316447324267
37,454289.9688505707,246334.21851726263,207955.75033330804,454289.9688505707,8366.316447324267
38,454290.7297915002,291428.28453691717,162862.44525458303,454290.7297915002,8366.316447324267
39,454291.4907324295,338420.89689908404,115870.59383334544,454291.4907324295,8366.316447324267
40,454292.2516733589,301807.85532391653,152484.39634944237,454292.2516733589,8366.316447324267
41,454293.01261428825,258068.02919065318,196224.98342363507,454293.01261428825,8366.316447324267
42,454293.77355521766,237350.73993594764,216943.03361927002,454293.77355521766,8366.316447324267
43,454294.53449614707,196306.61639854312,257987.91809760395,454294.53449614707,8366.316447324267
44,454295.2954370766,239058.4505494654,215236.8448876112,454295.2954370766,8366.316447324267
45,454296.05637800595,222655.22847782017,231640.82790018577,454296.05637800595,8366.316447324267
46,454296.81731893535,118344.44412257336,335952.373196362,454296.81731893535,8366.316447324267
47,454297.5782598647,324402.3232474115,129895.25501245317,454297.5782598647,8366.316447324267
48,454298.3392007941,259158.96048006593,195139.3787207282,454298.3392007941,8366.316447324267
49,454299.1001417236,237385.70719293636,216913.39294878722,454299.1001417236,8366.316447324267
50,454299.8610826528,273131.18274540873,181168.6783372441,454299.8610826528,8366.316447324267
51,454300.62202358234,351228.6755220322,103071.94650155013,454300.62202358234,8366.316447324267
52,454301.38296451175,138525.24981086852,315776.1331536432,454301.38296451175,8366.316447324267
53,454302.14390544116,291584.4485860057,162717.6953194354,454302.14390544116,8366.316447324267
54,454302.9048463705,329695.9209409431,124606.98390542738,454302.9048463705,8366.316447324267
55,454303.6657872999,106797.9355669241,347505.7302203758,454303.6657872999,8366.316447324267
56,454304.4267282293,231808.19699944076,222496.22972878852,454304.4267282293,8366.316447324267
57,454305.1876691588,250156.74653078138,204148.4411383774,454305.1876691588,8366.316447324267
58,454305.9486100882,257166.45769593,197139.4909141582,454305.9486100882,8366.316447324267
59,454306.70955101756,277276.8590109455,177029.85054007208,454306.70955101756,8366.316447324267
60,454307.470491947,274768.1020880323,179539.3684039147,454307.470491947,8366.316447324267
61,454308.2314328763,239850.51561237714,214457.71582049917,454308.2314328763,8366.316447324267
62,454308.9923738058,135369.39520001254,318939.59717379324,454308.9923738058,8366.316447324267
63,454309.7533147351,115435.45538786001,338874.29792687506,454309.7533147351,8366.316447324267
64,454310.5142556646,68399.27719988493,385911.23705577967,454310.5142556646,8366.316447324267
65,454311.27519659395,88094.16055878805,366217.1146378059,454311.27519659395,8366.316447324267
66,454312.0361375233,50451.69160331361,403860.3445342097,454312.0361375233,8366.316447324267
67,454312.7970784528,31986.102540677937,422326.69453777483,454312.7970784528,8366.316447324267
68,454313.55801938206,31840.280121639138,422473.2778977429,454313.55801938206,8366.316447324267
69,454314.3189603115,31895.307329244853,422419.0116310666,454314.3189603115,8366.316447324267
70,454315.079901241,31822.84812594566,422492.23177529534,454315.079901241,8366.316447324267
71,454315.84084217035,31965.399917647825,422350.4409245225,454315.84084217035,8366.316447324267
72,454316.6017830998,31977.72899327887,422338.87278982095,454316.6017830998,8366.316447324267
73,454317.36272402917,31927.810016318865,422389.5527077103,454317.36272402917,8366.316447324267
74,454318.1236649585,31955.409486577963,422362.71417838056,454318.1236649585,8366.316447324267
75,454318.88460588804,31612.63801830262,422706.2465875854,454318.88460588804,8366.316447324267
76,454319.6455468174,31577.142816915177,422742.5027299022,454319.6455468174,8366.316447324267
77,454320.4064877468,31702.268674252264,422618.13781349454,454320.4064877468,8366.316447324267
78,454321.16742867616,31598.263028188725,422722.90440048743,454321.16742867616,8366.316447324267
79,469245.84626244276,0.0,469245.84626244276,469245.84626244276,8366.316447324267
80,460200.6583585952,0.0,460200.6583585952,460200.6583585952,8366.316447324267
81,454323.4502514643,235776.17598153537,218547.27426992895,454323.4502514643,8366.316447324267
82,454324.21119239373,290747.81091922586,163576.40027316788,454324.21119239373,8366.316447324267
83,454324.9721333232,283526.51408917573,170798.45804414747,454324.9721333232,8366.316447324267
84,454325.7330742526,263245.36285458517,191080.37021966744,454325.7330742526,8366.316447324267
85,454326.4940151821,269012.4247689022,185314.0692462799,454326.4940151821,8366.316447324267
86,454327.25495611137,282017.7015925171,172309.55336359428,454327.25495611137,8366.316447324267
87,454328.0158970408,278371.51114725805,175956.50474978273,454328.0158970408,8366.316447324267
88,454328.77683797025,302557.7356767028,151771.04116126744,454328.77683797025,8366.316447324267
89,454329.5377788996,209433.4063137295,244896.1314651701,454329.5377788996,8366.316447324267
90,454330.29871982906,186241.39379899926,268088.9049208298,454330.29871982906,8366.316447324267
91,454331.0596607584,126828.21180701384,327502.8478537446,454331.0596607584,8366.316447324267
92,454331.82060168777,47789.422908863926,406542.39769282384,454331.82060168777,8366.316447324267
93,454332.58154261723,39147.8603711013,415184.72117151594,454332.58154261723,8366.316447324267
94,454333.3424835466,44285.92686034524,410047.41562320135,454333.3424835466,8366.316447324267
95,454334.10342447594,34663.05147973454,419671.0519447414,454334.10342447594,8366.316447324267
96,454334.8643654054,32017.253785370558,422317.61058003485,454334.8643654054,8366.316447324267
97,454335.6253063348,34263.34253454808,420072.28277178673,454335.6253063348,8366.316447324267
98,454336.3862472642,32429.879491933913,421906.5067553303,454336.3862472642,8366.316447324267
99,454337.14718819363,32780.01046278601,421557.1367254076,454337.14718819363,8366.316447324267
100,454337.90812912304,33453.42890609079,420884.47922303225,454337.90812912304,8366.316447324267
101,454338.66907005245,36127.27458967571,418211.39448037674,454338.66907005245,8366.316447324267
102,454339.43001098186,43981.25701415114,410358.1729968307,454339.43001098186,8366.316447324267
103,454340.1909519112,37096.83016731881,417243.3607845924,454340.1909519112,8366.316447324267
104,454340.9518928406,117673.9635964653,336666.9882963753,454340.9518928406,8366.316447324267
105,454341.71283377,378517.05719599174,75824.65563777828,454341.71283377,8366.316447324267
106,454342.4737746995,387282.93830545526,67059.53546924425,454342.4737746995,8366.316447324267
107,454343.2347156289,395460.51478879177,58882.719926837104,454343.2347156289,8366.316447324267
108,454343.99565655814,409649.9963711932,44693.999285364946,454343.99565655814,8366.316447324267
109,454344.75659748766,433295.85981123033,21048.896786257308,454344.75659748766,8366.316447324267
110,454345.517538417,410066.4980054802,44279.01953293682,454345.517538417,8366.316447324267
111,454346.27847934654,423211.4935829961,31134.78489635045,454346.27847934654,8366.316447324267
112,454347.0394202759,330399.10665301705,123947.93276725884,454347.0394202759,8366.316447324267
113,454347.8003612051,309074.2871882003,145273.51317300487,454347.8003612051,8366.316447324267
114,454348.5613021347,154583.5700599203,299764.9912422144,454348.5613021347,8366.316447324267
115,454349.3222430641,146148.08544242213,308201.236800642,454349.3222430641,8366.316447324267
116,454350.0831839934,213147.47266004144,241202.61052395197,454350.0831839934,8366.316447324267
117,454350.8441249229,125345.73823924689,329005.105885676,454350.8441249229,8366.316447324267
118,454351.6050658522,120108.56664025167,334243.03842560056,454351.6050658522,8366.316447324267
119,454352.3660067817,244466.3797161657,209885.98629061598,454352.3660067817,8366.316447324267
120,454353.1269477111,225148.53859623912,229204.588351472,454353.1269477111,8366.316447324267
121,454353.8878886404,283334.3949946036,171019.4928940368,454353.8878886404,8366.316447324267
122,454354.6488295699,293995.13059499755,160359.51823457234,454354.6488295699,8366.316447324267
123,454355.4097704992,217581.11789573732,236774.2918747619,454355.4097704992,8366.316447324267
124,454356.17071142874,206391.4809396884,247964.68977174035,454356.17071142874,8366.316447324267
125,454356.9316523581,219506.3795283443,234850.5521240138,454356.9316523581,8366.316447324267
126,454357.69259328744,186943.99452058028,267413.69807270716,454357.69259328744,8366.316447324267
127,454358.45353421697,191867.26345394494,262491.19008027203,454358.45353421697,8366.316447324267
128,454359.21447514626,212100.98463595385,242258.2298391924,454359.21447514626,8366.316447324267
129,454359.9754160757,213426.6980345796,240933.27738149607,454359.9754160757,8366.316447324267
130,454360.73635700514,249825.67505408303,204535.0613029221,454360.73635700514,8366.316447324267
131,454361.49729793443,136001.01068656362,318360.4866113708,454361.49729793443,8366.316447324267
132,454362.2582388639,273338.0658997735,181024.19233909043,454362.2582388639,8366.316447324267
133,454363.0191797933,325549.06602048664,128813.95315930663,454363.0191797933,8366.316447324267
134,454363.78012072266,382227.51757411234,72136.2625466103,454363.78012072266,8366.316447324267
135,454364.541061652,299582.3841519803,154782.15690967176,454364.541061652,8366.316447324267
136,454365.3020025814,340766.6197101108,113598.68229247062,454365.3020025814,8366.316447324267
137,454366.06294351094,371817.50510681944,82548.55783669153,454366.06294351094,8366.316447324267
138,454366.82388444035,351039.3864662206,103327.43741821976,454366.82388444035,8366.316447324267
139,454367.58482536976,270047.3513693146,184320.23345605514,454367.58482536976,8366.316447324267
140,454368.3457662991,70225.39873315743,384142.9470331417,454368.3457662991,8366.316447324267
141,454369.1067072285,44804.622023512435,409564.4846837161,454369.1067072285,8366.316447324267
142,454369.86764815793,32010.933875331073,422358.93377282686,454369.86764815793,8366.316447324267
143,454370.6285890873,32005.100849796378,422365.5277392909,454370.6285890873,8366.316447324267
144,454371.3895300167,31857.63634637464,422513.75318364205,454371.3895300167,8366.316447324267
145,454372.15047094616,31858.397287304106,422513.75318364205,454372.15047094616,8366.316447324267
146,454372.9114118755,31859.158228233457,422513.75318364205,454372.9114118755,8366.316447324267
147,454373.6723528049,31859.919169162866,422513.75318364205,454373.6723528049,8366.316447324267
148,454374.4332937343,31860.680110092275,422513.75318364205,454374.4332937343,8366.316447324267
149,454375.1942346637,31974.879966689856,422400.3142679738,454375.1942346637,8366.316447324267
150,454375.95517559315,31862.201991951093,422513.75318364205,454375.95517559315,8366.316447324267
151,466130.8423816277,0.0,466130.8423816277,466130.8423816277,8366.316447324267
152,499644.1463891528,0.0,499644.1463891528,499644.1463891528,8366.316447324267
153,454378.2379983814,267254.8703673458,187123.36763103557,454378.2379983814,8366.316447324267
154,454378.9989393108,279679.1690537681,174699.82988554268,454378.9989393108,8366.316447324267
155,454379.7598802401,262044.6981300277,192335.06175021236,454379.7598802401,8366.316447324267
156,454380.5208211696,305181.1640989387,149199.35672223088,454380.5208211696,8366.316447324267
157,454381.28176209895,322620.5049444634,131760.77681763557,454381.28176209895,8366.316447324267
158,454382.04270302836,336897.5990301896,117484.44367283874,454382.04270302836,8366.316447324267
159,454382.80364395777,350920.01945736853,103462.78418658924,454382.80364395777,8366.316447324267
160,454383.5645848871,387048.1156857525,67335.44889913466,454383.5645848871,8366.316447324267
161,454384.32552581653,387599.02000874095,66785.30551707555,454384.32552581653,8366.316447324267
162,454385.08646674594,227427.78011621052,226957.30635053542,454385.08646674594,8366.316447324267
163,454385.84740767535,169418.14841568418,284967.6989919912,454385.84740767535,8366.316447324267
164,454386.60834860476,54424.14563785866,399962.4627107461,454386.60834860476,8366.316447324267
165,454387.36928953417,51997.2827341673,402390.08655536687,454387.36928953417,8366.316447324267
166,454388.13023046363,44422.20358441002,409965.9266460536,454388.13023046363,8366.316447324267
167,454388.891171393,41297.907405964914,413090.9837654281,454388.891171393,8366.316447324267
168,454389.65211232234,42498.5724330286,411891.07967929373,454389.65211232234,8366.316447324267
169,454390.41305325186,91238.59959209705,363151.8134611548,454390.41305325186,8366.316447324267
170,454391.1739941811,64283.401272899995,390107.7727212811,454391.1739941811,8366.316447324267
171,454391.9349351106,44988.06426977052,409403.8706653401,454391.9349351106,8366.316447324267
172,454392.69587604003,46332.858343200176,408059.83753283985,454392.69587604003,8366.316447324267
173,454393.4568169693,46827.12827110372,407566.3285458656,454393.4568169693,8366.316447324267
174,454394.2177578988,43795.65611175448,410598.5616461443,454394.2177578988,8366.316447324267
175,454394.97869882814,40355.21250447724,414039.7661943509,454394.97869882814,8366.316447324267
176,454395.73963975755,87191.63531414286,367204.1043256147,454395.73963975755,8366.316447324267
177,454396.500580687,194927.3921451201,259469.10843556692,454396.500580687,8366.316447324267
178,454397.2615216164,356810.998149576,97586.26337204041,454397.2615216164,8366.316447324267
179,454398.02246254584,367114.98033534037,87283.04212720547,454398.02246254584,8366.316447324267
180,454398.7834034752,306850.6255794065,147548.15782406868,454398.7834034752,8366.316447324267
181,454399.5443444046,282064.2556115944,172335.28873281018,454399.5443444046,8366.316447324267
182,454400.30528533406,214023.08887586603,240377.21640946803,454400.30528533406,8366.316447324267
183,454401.06622626336,134656.1574491731,319744.90877709026,454401.06622626336,8366.316447324267
184,454401.8271671929,77342.55621527543,377059.27095191745,454401.8271671929,8366.316447324267
185,454402.5881081222,37619.72734247736,416782.8607656448,454402.5881081222,8366.316447324267
186,454403.3490490516,31832.965455542027,422570.38359350956,454403.3490490516,8366.316447324267
187,454404.10998998105,31885.815756452852,422518.2942335282,454404.10998998105,8366.316447324267
188,454404.87093091034,31782.397977419314,422622.47295349103,454404.87093091034,8366.316447324267
189,454405.63187183975,45794.75630414602,408610.8755676937,454405.63187183975,8366.316447324267
190,454406.3928127692,49751.19205643982,404655.2007563294,454406.3928127692,8366.316447324267
191,454407.1537536986,49103.4488802682,405303.7048734304,454407.1537536986,8366.316447324267
192,454407.9146946281,244091.5660270518,210316.3486675763,454407.9146946281,8366.316447324267
193,454408.67563555745,120326.89420760254,334081.7814279549,454408.67563555745,8366.316447324267
194,454409.4365764868,96898.44670324272,357510.9898732441,454409.4365764868,8366.316447324267
195,454410.19751741627,52198.59025128372,402211.60726613255,454410.19751741627,8366.316447324267
196,454410.9584583457,60916.02455981885,393494.9338985268,454410.9584583457,8366.316447324267
197,454411.7193992751,53466.11671848298,400945.6026807921,454411.7193992751,8366.316447324267
198,454412.48034020443,74853.4585918031,379559.02174840134,454412.48034020443,8366.316447324267
199,454413.24128113384,65463.93680389866,388949.3044772352,454413.24128113384,8366.316447324267
200,454414.00222206325,53671.88458466192,400742.11763740133,454414.00222206325,8366.316447324267
201,454414.7631629926,48344.95178457169,406069.8113784209,454414.7631629926,8366.316447324267
202,454415.52410392195,76906.87141535612,377508.65268856584,454415.52410392195,8366.316447324267
203,454416.2850448514,131390.7269334189,323025.55811143253,454416.2850448514,8366.316447324267
204,454417.0459857809,186698.07849984744,267718.96748593345,454417.0459857809,8366.316447324267
205,454417.8069267103,130765.90784535784,323651.89908135246,454417.8069267103,8366.316447324267
206,454418.56786763965,76617.91401881666,377800.653848823,454418.56786763965,8366.316447324267
207,454419.328808569,91604.29574868426,362815.03305988474,454419.328808569,8366.316447324267
208,454420.0897494985,48662.440530596534,405757.649218902,454420.0897494985,8366.316447324267
209,454420.8506904279,46903.01996727195,407517.83072315593,454420.8506904279,8366.316447324267
210,454421.6116313573,35577.26560756983,418844.34602378745,454421.6116313573,8366.316447324267
211,454422.3725722867,31981.977883984277,422440.3946883024,454422.3725722867,8366.316447324267
212,454423.133513216,31902.382797975617,422520.75071524037,454423.133513216,8366.316447324267
213,454423.8944541455,32092.167025393923,422331.7274287516,454423.8944541455,8366.316447324267
214,454424.6553950748,31752.79561999609,422671.8597750787,454424.6553950748,8366.316447324267
215,454425.41633600416,31903.856280078646,422521.5600559255,454425.41633600416,8366.316447324267
216,454426.1772769337,178627.70726620773,275798.47001072596,454426.1772769337,8366.316447324267
217,454426.93821786303,174991.69641661888,279435.24180124415,454426.93821786303,8366.316447324267
218,454427.6991587925,91484.3545169349,362943.3446418576,454427.6991587925,8366.316447324267
219,454428.4600997219,57915.12203053228,396513.33806918963,454428.4600997219,8366.316447324267
220,454429.2210406512,60445.899692845705,393983.3213478055,454429.2210406512,8366.316447324267
221,454429.9819815807,43718.33719016198,410711.64479141874,454429.9819815807,8366.316447324267
222,454430.7429225101,32854.6673978662,421576.0755246439,454430.7429225101,8366.316447324267
223,454431.50386343943,31974.056786466565,422457.44707697287,454431.50386343943,8366.316447324267
224,454432.2648043689,32215.750071436632,422216.51473293226,454432.2648043689,8366.316447324267
225,454433.02574529825,44728.928081688355,409704.0976636099,454433.02574529825,8366.316447324267
226,454433.7866862277,37171.48327622592,417262.3034100018,454433.7866862277,8366.316447324267
227,454434.54762715707,32869.47047944792,421565.07714770915,454434.54762715707,8366.316447324267
228,454435.3085680864,50611.93152512406,403823.37704296235,454435.3085680864,8366.316447324267
229,454436.0695090159,25453.115001683822,428982.95450733206,454436.0695090159,8366.316447324267
230,454436.8304499453,358879.48615893367,95557.34429101163,454436.8304499453,8366.316447324267
231,454437.59139087476,219842.0616768014,234595.52971407337,454437.59139087476,8366.316447324267
232,454438.35233180405,255978.36016828203,198459.99216352202,454438.35233180405,8366.316447324267
233,454439.11327273346,71698.83316393726,382740.2801087962,454439.11327273346,8366.316447324267
234,454439.874213663,45055.63585814473,409384.23835551826,454439.874213663,8366.316447324267
235,454440.6351545923,75039.5693920728,379401.0657625195,454440.6351545923,8366.316447324267
236,454441.3960955217,32023.131689224683,422418.264406297,454441.3960955217,8366.316447324267
237,454442.1570364511,43310.61297487974,411131.54406157136,454442.1570364511,8366.316447324267
238,454442.91797738045,112758.15608907549,341684.76188830496,454442.91797738045,8366.316447324267
239,454443.67891831,88461.75791286404,365981.92100544594,454443.67891831,8366.316447324267
240,454444.4398592393,55266.473528151575,399177.96633108775,454444.4398592393,8366.316447324267
241,454445.2008001686,44735.066520164546,409710.1342800041,454445.2008001686,8366.316447324267
242,454445.9617410981,41153.85726939532,413292.10447170277,454445.9617410981,8366.316447324267
243,454446.7226820275,46552.67392023251,407894.048761795,454446.7226820275,8366.316447324267
244,454447.48362295696,72016.77441003849,382430.7092129185,454447.48362295696,8366.316447324267
245,454448.2445638863,117537.17736762867,336911.06719625765,454448.2445638863,8366.316447324267
246,454449.0055048157,144901.3619280897,309547.643576726,454449.0055048157,8366.316447324267
247,454449.76644574513,190006.21536259778,264443.55108314735,454449.76644574513,8366.316447324267
248,454450.52738667454,91865.15600421932,362585.3713824552,454450.52738667454,8366.316447324267
249,454451.28832760395,169633.2497284325,284818.03859917144,454451.28832760395,8366.316447324267
250,454452.0492685333,244470.6237158436,209981.4255526897,454452.0492685333,8366.316447324267
251,454452.81020946277,290390.24761618115,164062.5625932816,454452.81020946277,8366.316447324267
252,454453.5711503922,297749.11533244845,156704.45581794373,454453.5711503922,8366.316447324267
253,454454.3320913215,326958.54012391885,127495.79196740268,454454.3320913215,8366.316447324267
254,454455.0930322509,306736.57415686245,147718.51887538846,454455.0930322509,8366.316447324267
255,454455.85397318035,229723.1797998601,224732.67417332024,454455.85397318035,8366.316447324267
256,454456.6149141097,195069.1545663175,259387.4603477922,454456.6149141097,8366.316447324267
257,454457.37585503916,135223.94269732543,319233.43315771373,454457.37585503916,8366.316447324267
258,454458.13679596863,135435.93531228282,319022.2014836858,454458.13679596863,8366.316447324267
259,454458.89773689787,201339.3996485676,253119.49808833026,454458.89773689787,8366.316447324267
260,454459.6586778274,225959.2953886593,228500.3632891681,454459.6586778274,8366.316447324267
261,454460.4196187568,135361.10480749095,319099.31481126585,454460.4196187568,8366.316447324267
262,454461.1805596861,144472.32153611985,309988.85902356624,454461.1805596861,8366.316447324267
263,454461.94150061556,162016.74996910855,292445.191531507,454461.94150061556,8366.316447324267
264,454462.7024415449,53711.56077665603,400751.1416648889,454462.7024415449,8366.316447324267
265,454463.4633824744,67194.1593071291,387269.3040753453,454463.4633824744,8366.316447324267
266,454464.2243234038,252202.17699054952,202262.04733285427,454464.2243234038,8366.316447324267
267,454464.98526433314,139592.23929092364,314872.7459734095,454464.98526433314,8366.316447324267
268,454465.74620526255,99934.73746624554,354531.008739017,454465.74620526255,8366.316447324267
269,454466.5071461919,185804.6536429078,268661.8535032841,454466.5071461919,8366.316447324267
270,454467.2680871214,190184.3842529719,264282.8838341495,454467.2680871214,8366.316447324267
271,454468.02902805083,110956.81420515326,343511.2148228976,454468.02902805083,8366.316447324267
272,454468.7899689801,284790.0225152791,169678.76745370097,454468.7899689801,8366.316447324267
273,454469.55090990965,232369.82746083196,222099.7234490777,454469.55090990965,8366.316447324267
274,454470.31185083895,355003.7420388989,99466.56981194002,454470.31185083895,8366.316447324267
275,454471.07279176835,314958.7864534033,139512.28633836505,454471.07279176835,8366.316447324267
276,454471.8337326979,318702.3063371028,135769.52739559507,454471.8337326979,8366.316447324267
277,454472.5946736271,314726.3619131807,139746.23276044644,454472.5946736271,8366.316447324267
278,454473.35561455664,193460.13544681572,261013.22016774092,454473.35561455664,8366.316447324267
279,454474.116555486,22888.081853339274,431586.0347021467,454474.116555486,8366.316447324267
280,454474.87749641534,21369.90629508288,433104.97120133246,454474.87749641534,8366.316447324267
281,454475.6384373448,48012.39935566811,406463.2390816767,454475.6384373448,8366.316447324267
282,454476.39937827416,45209.56334028777,409266.8360379864,454476.39937827416,8366.316447324267
283,454477.1603192035,78535.01592983713,375942.1443893664,454477.1603192035,8366.316447324267
284,454477.92126013304,118524.90785808722,335953.0134020458,454477.92126013304,8366.316447324267
285,454478.68220106245,159945.19999452273,294533.4822065397,454478.68220106245,8366.316447324267
286,454479.44314199185,143885.0781411169,310594.36500087497,454479.44314199185,8366.316447324267
287,454480.2040829212,60682.51273455768,393797.6913483635,454480.2040829212,8366.316447324267
288,454480.9650238506,117974.588863771,336506.3761600796,454480.9650238506,8366.316447324267
289,454481.72596478,75299.71140474739,379182.01456003264,454481.72596478,8366.316447324267
290,454482.4869057094,47660.63240984222,406821.85449586716,454482.4869057094,8366.316447324267
291,454483.2478466389,47931.42425185075,406551.82359478815,454483.2478466389,8366.316447324267
292,454484.0087875682,74696.6517424502,379787.357045118,454484.0087875682,8366.316447324267
293,454484.7697284976,56267.052275327325,398217.7174531703,454484.7697284976,8366.316447324267
294,454485.530669427,82752.65974193712,371732.8709274899,454485.530669427,8366.316447324267
295,454486.29161035636,156148.12587178807,298338.1657385683,454486.29161035636,8366.316447324267
296,454487.0525512858,162349.41196661035,292137.6405846754,454487.0525512858,8366.316447324267
297,454487.81349221524,157247.81022939587,297240.0032628194,454487.81349221524,8366.316447324267
298,454488.57443314465,182609.19100196916,271879.3834311755,454488.57443314465,8366.316447324267
299,454489.33537407406,310745.60992856557,143743.72544550852,454489.33537407406,8366.316447324267
300,454490.09631500347,277538.1780069963,176951.91830800715,454490.09631500347,8366.316447324267
301,454490.8572559328,255380.58125596895,199110.27599996387,454490.8572559328,8366.316447324267
302,454491.6181968623,317770.98336936603,136720.63482749622,454491.6181968623,8366.316447324267
303,454492.37913779164,197013.54256362942,257478.8365741622,454492.37913779164,8366.316447324267
304,454493.14007872104,187505.73396230413,266987.4061164169,454493.14007872104,8366.316447324267
305,454493.90101965045,195808.9977369345,258684.90328271594,454493.90101965045,8366.316447324267
306,454494.66196057986,167653.3891769456,286841.27278363425,454494.66196057986,8366.316447324267
307,454495.4229015092,260673.8987230268,193821.52417848242,454495.4229015092,8366.316447324267
308,454496.1838424386,437353.2610004822,17142.922841956413,454496.1838424386,8366.316447324267
309,454496.944783368,286518.4175473251,167978.5272360429,454496.944783368,8366.316447324267
310,454497.70572429744,153715.519237365,300782.18648693245,454497.70572429744,8366.316447324267
311,454498.46666522685,238892.27852067625,215606.1881445506,454498.46666522685,8366.316447324267
312,454499.2276061563,216599.26138739422,237899.9662187621,454499.2276061563,8366.316447324267
313,454499.98854708567,145327.2890328854,309172.69951420027,454499.98854708567,8366.316447324267
314,454500.749488015,206549.94233757898,247950.80715043604,454500.749488015,8366.316447324267
315,454501.51042894454,262820.5518618204,191680.95856712415,454501.51042894454,8366.316447324267
316,454502.2713698739,249513.64196691258,204988.62940296132,454502.2713698739,8366.316447324267
317,454503.0323108033,298198.0213618819,156305.01094892138,454503.0323108033,8366.316447324267
318,454503.7932517327,317268.4369557757,137235.356295957,454503.7932517327,8366.316447324267
319,454504.554192662,360504.8590982105,93999.69509445147,454504.554192662,8366.316447324267
320,454505.31513359153,331252.9345317502,123252.38060184133,454505.31513359153,8366.316447324267
321,454506.07607452094,328818.41898764344,125687.65708687747,454506.07607452094,8366.316447324267
322,454506.8370154502,404882.1994582736,49624.63755717659,454506.8370154502,8366.316447324267
323,454507.5979563797,413264.68010817026,41242.91784820944,454507.5979563797,8366.316447324267
324,454508.35889730905,405331.8058669093,49176.55303039978,454508.35889730905,8366.316447324267
325,454509.1198382386,379581.1329045006,74927.98693373796,454509.1198382386,8366.316447324267
326,454509.8807791679,326607.795323483,127902.08545568492,454509.8807791679,8366.316447324267
327,454510.6417200973,302798.54518661246,151712.09653348482,454510.6417200973,8366.316447324267
328,454511.40266102675,207643.06057114046,246868.34208988628,454511.40266102675,8366.316447324267
329,454512.1636019561,351642.69205955724,102869.47154239884,454512.1636019561,8366.316447324267
330,454512.92454288556,117341.15563927882,337171.76890360675,454512.92454288556,8366.316447324267
331,454513.68548381486,225101.39604661873,229412.28943719613,454513.68548381486,8366.316447324267
332,454514.44642474427,221966.3831977359,232548.06322700836,454514.44642474427,8366.316447324267
333,454515.2073656738,277536.6613253528,176978.546040321,454515.2073656738,8366.316447324267
334,454515.968306603,320507.2027823598,134008.7655242432,454515.968306603,8366.316447324267
335,454516.72924753244,328635.2092336924,125881.52001384008,454516.72924753244,8366.316447324267
336,454517.49018846184,366937.4941486048,87579.99603985707,454517.49018846184,8366.316447324267
337,454518.25112939125,343849.5157693505,110668.73536004072,454518.25112939125,8366.316447324267
338,454519.0120703208,360769.83746896224,93749.17460135855,454519.0120703208,8366.316447324267
339,454519.77301125013,387631.3182582208,66888.45475302932,454519.77301125013,8366.316447324267
340,454520.5339521795,386086.4928474848,68434.04110469464,454520.5339521795,8366.316447324267
341,454521.29489310895,353061.11970394576,101460.1751891632,454521.29489310895,8366.316447324267
342,454522.05583403836,405362.31258829735,49159.743245741025,454522.05583403836,8366.316447324267
343,454522.8167749677,360265.4570494833,94257.35972548436,454522.8167749677,8366.316447324267
344,454523.5777158971,377289.2537955565,77234.32392034064,454523.5777158971,8366.316447324267
345,454524.3386568265,400570.7345732202,53953.60408360632,454524.3386568265,8366.316447324267
346,454525.09959775594,419064.2862343126,35460.81336344334,454525.09959775594,8366.316447324267
347,454525.86053868535,412389.27670991013,42136.58382877519,454525.86053868535,8366.316447324267
348,454526.62147961475,416236.7837391159,38289.8377404988,454526.62147961475,8366.316447324267
349,454527.3824205441,430064.83929123695,24462.543129307138,454527.3824205441,8366.316447324267
350,454528.1433614735,440594.6775934373,13933.465768036198,454528.1433614735,8366.316447324267
351,454528.904302403,382507.63890979264,72021.26539261034,454528.904302403,8366.316447324267
352,454529.66524333233,409271.4797268945,45258.185516437814,454529.66524333233,8366.316447324267
353,454530.42618426174,454530.42618426174,0.0,454530.42618426174,8366.316447324267
354,454531.1871251912,412205.9140649198,42325.27306027139,454531.1871251912,8366.316447324267
355,454531.9480661205,352545.4538938353,101986.49417228522,454531.9480661205,8366.316447324267
356,454532.7090070499,361639.2007838607,92893.5082231892,454532.7090070499,8366.316447324267
357,454533.4699479794,286814.33754371235,167719.13240426703,454533.4699479794,8366.316447324267
358,454534.2308889087,85481.29262219789,369052.93826671084,454534.2308889087,8366.316447324267
359,454534.9918298382,261442.82179370587,193092.17003613233,454534.9918298382,8366.316447324267
360,454535.75277076766,321960.79022581293,132574.9625449547,454535.75277076766,8366.316447324267
361,454536.51371169684,345293.0654815411,109243.44823015573,454536.51371169684,8366.316447324267
362,454537.27465262637,424535.5894822545,30001.685170371864,454537.27465262637,8366.316447324267
363,454538.0355935558,391640.59557603655,62897.44001751923,454538.0355935558,8366.316447324267
364,454538.7965344852,350826.4977499777,103712.29878450751,454538.7965344852,8366.316447324267
365,454539.5574754146,315884.0812522513,138655.4762231633,454539.5574754146,8366.316447324267
366,454540.3184163439,277521.339263409,177018.9791529349,454540.3184163439,8366.316447324267
367,454541.0793572734,319496.41914876545,135044.66020850796,454541.0793572734,8366.316447324267
368,454541.8402982028,361467.2239105172,93074.61638768567,454541.8402982028,8366.316447324267
369,454542.6012391322,339521.89194521337,115020.70929391879,454542.6012391322,8366.316447324267
370,454543.3621800616,340508.55710017565,114034.80507988593,454543.3621800616,8366.316447324267
371,454544.12312099093,321938.18199786823,132605.94112312267,454544.12312099093,8366.316447324267
372,454544.88406192046,259433.24357288057,195111.64048903988,454544.88406192046,8366.316447324267
373,454545.64500284975,330993.54079204286,123552.10421080692,454545.64500284975,8366.316447324267
374,454546.40594377916,336924.9535366631,117621.45240711607,454546.40594377916,8366.316447324267
375,454547.16688470857,322689.5364776546,131857.630407054,454547.16688470857,8366.316447324267
376,454547.9278256379,337564.7023454269,116983.22548021103,454547.9278256379,8366.316447324267
377,454548.6887665674,312722.00424267875,141826.68452388866,454548.6887665674,8366.316447324267
378,454549.4497074969,267773.9444845428,186775.50522295406,454549.4497074969,8366.316447324267
379,454550.21064842615,164941.88172842027,289608.3289200059,454550.21064842615,8366.316447324267
380,454550.9715893557,226867.70552955443,227683.26605980124,454550.9715893557,8366.316447324267
381,454551.73253028496,195935.2899525616,258616.44257772336,454551.73253028496,8366.316447324267
382,454552.4934712144,225926.87731832085,228625.61615289352,454552.4934712144,8366.316447324267
383,454553.25441214384,274127.58489652525,180425.66951561856,454553.25441214384,8366.316447324267
384,454554.01535307313,315669.7338519555,138884.28150111766,454554.01535307313,8366.316447324267
385,454554.77629400266,125522.30168250826,329032.4746114944,454554.77629400266,8366.316447324267
386,454555.537234932,49073.917407010566,405481.61982792144,454555.537234932,8366.316447324267
387,454556.29817586136,31942.936230038817,422613.36194582254,454556.29817586136,8366.316447324267
388,454557.0591167908,31789.5619278549,422767.49718893593,454557.0591167908,8366.316447324267
389,454557.8200577202,31941.508774202957,422616.3112835172,454557.8200577202,8366.316447324267
390,454558.5809986497,36530.74124689482,418027.8397517549,454558.5809986497,8366.316447324267
391,454559.341939579,32771.97946251085,421787.36247706815,454559.341939579,8366.316447324267
392,494459.0024401194,0.0,494459.0024401194,494459.0024401194,8366.316447324267
393,454560.8638214379,43189.86352951755,411371.0002919203,454560.8638214379,8366.316447324267
394,457547.85898812854,0.0,457547.85898812854,457547.85898812854,8366.316447324267
395,502920.3684437788,0.0,502920.3684437788,502920.3684437788,8366.316447324267
396,511513.79611452506,0.0,511513.79611452506,511513.79611452506,8366.316447324267
397,511604.5717756054,0.0,511604.5717756054,511604.5717756054,8366.316447324267
398,513744.60091345024,0.0,513744.60091345024,513744.60091345024,8366.316447324267
399,507810.84815533424,0.0,507810.84815533424,507810.84815533424,8366.316447324267
400,474436.3874259864,0.0,474436.3874259864,474436.3874259864,8366.316447324267
401,454566.95134887303,42092.021660937404,412474.9296879356,454566.95134887303,8366.316447324267
402,454567.7122898024,31958.860724200727,422608.85156560165,454567.7122898024,8366.316447324267
403,454568.4732307318,32225.474930887518,422342.9982998443,454568.4732307318,8366.316447324267
404,454569.23417166126,32162.443585157045,422406.7905865042,454569.23417166126,8366.316447324267
405,454569.99511259067,32056.241928948613,422513.75318364205,454569.99511259067,8366.316447324267
406,454570.7560535201,32057.002869878022,422513.75318364205,454570.7560535201,8366.316447324267
407,454571.5169944495,32057.76381080743,422513.75318364205,454571.5169944495,8366.316447324267
408,454572.2779353788,32058.524751736724,422513.75318364205,454572.2779353788,8366.316447324267
409,454573.0388763083,32084.983548193588,422488.0553281147,454573.0388763083,8366.316447324267
410,454573.79981723765,32060.0466335956,422513.75318364205,454573.79981723765,8366.316447324267
411,454574.56075816706,32060.80757452501,422513.75318364205,454574.56075816706,8366.316447324267
412,454575.3216990965,32061.56851545442,422513.75318364205,454575.3216990965,8366.316447324267
413,454576.0826400258,32062.32945638377,422513.75318364205,454576.0826400258,8366.316447324267
414,454576.84358095523,32063.09039731318,422513.75318364205,454576.84358095523,8366.316447324267
415,470434.52911322954,0.0,470434.52911322954,470434.52911322954,8366.316447324267
416,484895.5927868773,0.0,484895.5927868773,484895.5927868773,8366.316447324267
417,454579.12640374346,243534.4425827911,211044.68382095237,454579.12640374346,8366.316447324267
418,454579.88734467287,233498.98766269023,221080.89968198264,454579.88734467287,8366.316447324267
419,454580.64828560234,170661.594597916,283919.05368768633,454580.64828560234,8366.316447324267
420,454581.4092265317,193231.24282554322,261350.16640098847,454581.4092265317,8366.316447324267
421,454582.17016746104,264596.2396064632,189985.93056099786,454582.17016746104,8366.316447324267
422,454582.93110839056,283336.7332987134,171246.19780967716,454582.93110839056,8366.316447324267
423,454583.6920493198,314551.97330571635,140031.71874360344,454583.6920493198,8366.316447324267
424,454584.4529902493,325654.92356314766,128929.52942710168,454584.4529902493,8366.316447324267
425,454585.2139311787,342766.9516935437,111818.262237635,454585.2139311787,8366.316447324267
426,454585.974872108,324479.83696276933,130106.13790933868,454585.974872108,8366.316447324267
427,454586.7358130375,271474.53602642985,183112.19978660764,454586.7358130375,8366.316447324267
428,454587.49675396684,228834.07300713996,225753.42374682688,454587.49675396684,8366.316447324267
429,454588.2576948962,198123.34279515894,256464.91489973725,454588.2576948962,8366.316447324267
430,454589.0186358257,269545.7320023264,185043.28663349935,454589.0186358257,8366.316447324267
431,454589.7795767551,265775.9113071989,188813.8682695562,454589.7795767551,8366.316447324267
432,454590.54051768454,261155.00672002952,193435.53379765502,454590.54051768454,8366.316447324267
433,454591.30145861383,317819.26680630865,136772.0346523052,454591.30145861383,8366.316447324267
434,454592.0623995433,322411.1218374988,132180.9405620445,454592.0623995433,8366.316447324267
435,454592.82334047277,346172.050145017,108420.77319545578,454592.82334047277,8366.316447324267
436,454593.5842814021,345603.4144839728,108990.1697974293,454593.5842814021,8366.316447324267
437,454594.3452223316,299821.2966188792,154773.0486034524,454594.3452223316,8366.316447324267
438,454595.1061632609,333576.6317120094,121018.47445125149,454595.1061632609,8366.316447324267
439,454595.8671041903,301425.14700410934,153170.72010008094,454595.8671041903,8366.316447324267
440,454596.62804511975,284689.09972929704,169907.5283158227,454596.62804511975,8366.316447324267
441,454597.38898604905,378845.35084506293,75752.03814098613,454597.38898604905,8366.316447324267
442,454598.14992697845,408426.7357154062,46171.41421157227,454598.14992697845,8366.316447324267
443,454598.9108679079,389816.488824709,64782.42204319888,454598.9108679079,8366.316447324267
444,454599.67180883733,368079.2745913059,86520.39721753144,454599.67180883733,8366.316447324267
445,454600.43274976674,380684.8264456188,73915.60630414794,454600.43274976674,8366.316447324267
446,454601.19369069615,401886.88479305606,52714.308897640105,454601.19369069615,8366.316447324267
447,454601.9546316255,393324.4608320453,61277.493799580225,454601.9546316255,8366.316447324267
448,454602.71557255497,444657.1864088299,9945.529163725096,454602.71557255497,8366.316447324267
449,454603.4765134844,427869.0557805993,26734.42073288507,454603.4765134844,8366.316447324267
450,454604.2374544138,454604.2374544138,0.0,454604.2374544138,8366.316447324267
451,454604.99839534314,454604.99839534314,0.0,454604.99839534314,8366.316447324267
452,454605.75933627255,454605.75933627255,0.0,454605.75933627255,8366.316447324267
453,454606.52027720195,454606.52027720195,0.0,454606.52027720195,8366.316447324267
454,454607.2812181313,454607.2812181313,0.0,454607.2812181313,8366.316447324267
455,454608.04215906066,454608.04215906066,0.0,454608.04215906066,8366.316447324267
456,454608.8030999901,454608.8030999901,0.0,454608.8030999901,8366.316447324267
457,454609.56404091953,454609.56404091953,0.0,454609.56404091953,8366.316447324267
458,454610.32498184894,454610.32498184894,0.0,454610.32498184894,8366.316447324267
459,454611.08592277835,443249.9572307247,11361.128692053666,454611.08592277835,8366.316447324267
460,454611.8468637077,421015.20879991545,33596.638063792256,454611.8468637077,8366.316447324267
461,454612.6078046372,401228.2964302456,53384.3113743916,454612.6078046372,8366.316447324267
462,454613.3687455666,392736.37678792985,61876.99195763675,454613.3687455666,8366.316447324267
463,454614.12968649593,375396.1552731784,79217.9744133175,454614.12968649593,8366.316447324267
464,454614.8906274254,310091.9214683176,144522.96915910774,454614.8906274254,8366.316447324267
465,454615.6515683547,334356.04743979697,120259.60412855772,454615.6515683547,8366.316447324267
466,454616.4125092842,360018.00900684623,94598.40350243797,454616.4125092842,8366.316447324267
467,454617.1734502136,358710.4415465168,95906.73190369685,454617.1734502136,8366.316447324267
468,454617.9343911429,359236.35445951833,95381.57993162455,454617.9343911429,8366.316447324267
469,454618.69533207244,360288.38834337634,94330.30698869607,454618.69533207244,8366.316447324267
470,454619.45627300174,363178.7660013248,91440.69027167691,454619.45627300174,8366.316447324267
471,454620.21721393114,368714.2922865026,85905.92492742852,454620.21721393114,8366.316447324267
472,454620.97815486055,392908.34521516145,61712.632939699135,454620.97815486055,8366.316447324267
473,454621.73909578996,454621.73909578996,0.0,454621.73909578996,8366.316447324267
474,454622.50003671943,454622.50003671943,0.0,454622.50003671943,8366.316447324267
475,454623.2609776488,454623.2609776488,0.0,454623.2609776488,8366.316447324267
476,454624.0219185782,454624.0219185782,0.0,454624.0219185782,8366.316447324267
477,454624.7828595076,454624.7828595076,0.0,454624.7828595076,8366.316447324267
478,454625.54380043695,454625.54380043695,0.0,454625.54380043695,8366.316447324267
479,454626.3047413665,454626.3047413665,0.0,454626.3047413665,8366.316447324267
480,454627.06568229577,454627.06568229577,0.0,454627.06568229577,8366.316447324267
481,454627.8266232251,454627.8266232251,0.0,454627.8266232251,8366.316447324267
482,454628.58756415464,428506.3215558905,26122.26600826418,454628.58756415464,8366.316447324267
483,454629.34850508394,421277.9955385416,33351.35296654238,454629.34850508394,8366.316447324267
484,454630.10944601346,432531.6300610134,22098.47938500008,454630.10944601346,8366.316447324267
485,454630.8703869428,423432.61407648254,31198.256310460274,454630.8703869428,8366.316447324267
486,454631.63132787216,414510.80971818423,40120.82160968794,454631.63132787216,8366.316447324267
487,454632.3922688017,360237.7171503775,94394.67511842417,454632.3922688017,8366.316447324267
488,454633.15320973104,307484.2066954287,147148.94651430234,454633.15320973104,8366.316447324267
489,454633.9141506604,319093.81336429936,135540.10078636103,454633.9141506604,8366.316447324267
490,454634.6750915898,360528.5272705205,94106.14782106927,454634.6750915898,8366.316447324267
491,454635.4360325192,334577.6249028316,120057.8111296876,454635.4360325192,8366.316447324267
492,454636.1969734486,332102.87238584494,122533.32458760371,454636.1969734486,8366.316447324267
493,454636.957914378,323687.157117339,130949.80079703902,454636.957914378,8366.316447324267
494,454637.71885530744,306190.15297716856,148447.56587813888,454637.71885530744,8366.316447324267
495,454638.47979623685,345510.60293973493,109127.87685650188,454638.47979623685,8366.316447324267
496,454639.2407371662,352819.1602904874,101820.08044667878,454639.2407371662,8366.316447324267
497,454640.0016780957,126816.95987106982,327823.0418070259,454640.0016780957,8366.316447324267
498,454640.762619025,70170.94357106078,384469.81904796424,454640.762619025,8366.316447324267
499,454641.5235599544,35161.66179427813,419479.8617656763,454641.5235599544,8366.316447324267
500,454642.2845008839,36187.72899108485,418454.55550979904,454642.2845008839,8366.316447324267
501,454643.04544181324,31925.780244961265,422717.265196852,454643.04544181324,8366.316447324267
502,454643.80638274265,32037.23954209924,422606.5668406434,454643.80638274265,8366.316447324267
503,454644.56732367206,32311.88246489805,422332.684858774,454644.56732367206,8366.316447324267
504,454645.3282646014,31895.64395097486,422749.68431362655,454645.3282646014,8366.316447324267
505,454646.0892055309,32105.67542474554,422540.41378078534,454646.0892055309,8366.316447324267
506,454646.8501464603,32290.20924141025,422356.64090505004,454646.8501464603,8366.316447324267
507,454647.61108738964,32114.982672017126,422532.6284153725,454647.61108738964,8366.316447324267
508,454648.37202831905,32280.700264498184,422367.67176382086,454648.37202831905,8366.316447324267
509,454649.13296924846,31877.531479989062,422771.6014892594,454649.13296924846,8366.316447324267
510,454649.89391017787,31970.741065202223,422679.15284497564,454649.89391017787,8366.316447324267
511,463465.73074530973,0.0,463465.73074530973,463465.73074530973,8366.316447324267
512,454651.4157920367,154630.11098518904,300021.30480684765,454651.4157920367,8366.316447324267
513,454652.1767329661,301794.81978194736,152857.35695101874,454652.1767329661,8366.316447324267
514,454652.9376738955,310047.7526238578,144605.1850500377,454652.9376738955,8366.316447324267
515,454653.69861482485,328435.22789595305,126218.4707188718,454653.69861482485,8366.316447324267
516,454654.45955575426,349933.80516159453,104720.65439415972,454654.45955575426,8366.316447324267
517,454655.2204966837,360707.04102426145,93948.17947242221,454655.2204966837,8366.316447324267
518,454655.98143761314,363892.7204376168,90763.2609999963,454655.98143761314,8366.316447324267
519,454656.7423785425,371724.8921123015,82931.85026624102,454656.7423785425,8366.316447324267
520,454657.50331947184,396309.0699323745,58348.433387097306,454657.50331947184,8366.316447324267
521,454658.2642604013,454658.2642604013,0.0,454658.2642604013,8366.316447324267
522,454659.0252013306,436014.33972773235,18644.68547359826,454659.0252013306,8366.316447324267
523,454659.7861422601,425380.5442358404,29279.241906419735,454659.7861422601,8366.316447324267
524,454660.54708318954,430151.0033699451,24509.543713244446,454660.54708318954,8366.316447324267
525,454661.3080241189,438068.60994151904,16592.69808259986,454661.3080241189,8366.316447324267
526,454662.06896504835,436177.50748196815,18484.561483080186,454662.06896504835,8366.316447324267
527,454662.82990597776,431479.24882229185,23183.58108368589,454662.82990597776,8366.316447324267
528,454663.59084690706,440788.6413975234,13874.94944938366,454663.59084690706,8366.316447324267
529,454664.3517878365,436619.92883513134,18044.422952705198,454664.3517878365,8366.316447324267
530,454665.1127287659,453005.8697348261,1659.2429939397625,454665.1127287659,8366.316447324267
531,454665.87366969534,454665.87366969534,0.0,454665.87366969534,8366.316447324267
532,454666.6346106247,454666.6346106247,0.0,454666.6346106247,8366.316447324267
533,454667.3955515541,454667.3955515541,0.0,454667.3955515541,8366.316447324267
534,454668.1564924835,454668.1564924835,0.0,454668.1564924835,8366.316447324267
535,454668.91743341286,451496.8011692889,3172.1162641239544,454668.91743341286,8366.316447324267
536,454669.6783743423,378872.8782187039,75796.80015563838,454669.6783743423,8366.316447324267
537,454670.4393152717,361397.2192571095,93273.22005816217,454670.4393152717,8366.316447324267
538,454671.2002562011,363037.01971030276,91634.18054589831,454671.2002562011,8366.316447324267
539,454671.9611971306,361721.238934588,92950.72226254264,454671.9611971306,8366.316447324267
540,454672.7221380599,362579.99470687384,92092.72743118608,454672.7221380599,8366.316447324267
541,454673.4830789893,341202.7638751229,113470.71920386644,454673.4830789893,8366.316447324267
542,454674.2440199188,343405.79688673647,111268.44713318233,454674.2440199188,8366.316447324267
543,454675.004960848,328793.27728421707,125881.72767663098,454675.004960848,8366.316447324267
544,454675.7659017776,347095.7944071586,107579.97149461899,454675.7659017776,8366.316447324267
545,454676.52684270695,339367.8139924128,115308.71285029415,454676.52684270695,8366.316447324267
546,454677.28778363625,308073.1689956867,146604.11878794958,454677.28778363625,8366.316447324267
547,454678.0487245657,164401.60373552964,290276.44498903607,454678.0487245657,8366.316447324267
548,454678.80966549506,101076.35365480819,353602.4560106869,454678.80966549506,8366.316447324267
549,454679.5706064245,40123.172262397304,414556.39834402717,454679.5706064245,8366.316447324267
550,454680.33154735394,48900.90776631463,405779.4237810393,454680.33154735394,8366.316447324267
551,454681.09248828335,42373.29516913899,412307.79731914436,454681.09248828335,8366.316447324267
552,454681.85342921276,52608.5961375059,402073.25729170686,454681.85342921276,8366.316447324267
553,454682.61437014217,86198.46959974233,368484.14477039984,454682.61437014217,8366.316447324267
554,454683.3753110715,119117.95923473092,335565.4160763406,454683.3753110715,8366.316447324267
555,454684.136252001,154417.45372409525,300266.68252790574,454684.136252001,8366.316447324267
556,454684.8971929304,232005.1323911997,222679.7648017307,454684.8971929304,8366.316447324267
557,454685.6581338598,277314.5461494855,177371.1119843743,454685.6581338598,8366.316447324267
558,454686.41907478916,312397.25749772316,142289.161577066,454686.41907478916,8366.316447324267
559,454687.18001571856,302369.77653179516,152317.4034839234,454687.18001571856,8366.316447324267
560,454687.940956648,295988.49323749286,158699.44771915508,454687.940956648,8366.316447324267
561,454688.7018975773,313639.2002926692,141049.50160490815,454688.7018975773,8366.316447324267
562,454689.4628385067,364451.13235997,90238.33047853669,454689.4628385067,8366.316447324267
563,454690.22377943614,372304.6571113814,82385.56666805474,454690.22377943614,8366.316447324267
564,454690.98472036555,324677.54035935825,130013.4443610073,454690.98472036555,8366.316447324267
565,454691.745661295,394194.94195360795,60496.80370768706,454691.745661295,8366.316447324267
566,454692.50660222437,354765.09860398975,99927.40799823462,454692.50660222437,8366.316447324267
567,454693.2675431537,395977.03822940344,58716.22931375029,454693.2675431537,8366.316447324267
568,454694.02848408325,406042.42126839183,48651.60721569143,454694.02848408325,8366.316447324267
569,454694.7894250126,454694.7894250126,0.0,454694.7894250126,8366.316447324267
570,454695.550365942,350602.7795536866,104092.77081225539,454695.550365942,8366.316447324267
571,454696.3113068714,204671.2610480815,250025.0502587899,454696.3113068714,8366.316447324267
572,454697.0722478007,42118.580724505824,412578.4915232949,454697.0722478007,8366.316447324267
573,454697.83318873023,37867.89152858901,416829.9416601412,454697.83318873023,8366.316447324267
574,454698.5941296596,45278.87205048889,409419.7220791707,454698.5941296596,8366.316447324267
575,454699.3550705889,35467.64454954496,419231.7105210439,454699.3550705889,8366.316447324267
576,454700.1160115184,42539.47340124892,412160.6426102695,454700.1160115184,8366.316447324267
577,454700.87695244775,46977.84245982219,407723.03449262556,454700.87695244775,8366.316447324267
578,454701.6378933772,48610.8177055993,406090.8201877779,454701.6378933772,8366.316447324267
579,454702.39883430663,53105.60515773436,401596.79367657227,454702.39883430663,8366.316447324267
580,454703.159775236,86496.48016505555,368206.67961018044,454703.159775236,8366.316447324267
581,454703.92071616545,152039.60295328125,302664.3177628842,454703.92071616545,8366.316447324267
582,454704.6816570948,186880.22183257114,267824.45982452366,454704.6816570948,8366.316447324267
583,454705.44259802427,163732.98035937583,290972.46223864844,454705.44259802427,8366.316447324267
584,454706.2035389536,139766.1938949859,314940.0096439677,454706.2035389536,8366.316447324267
585,454706.96447988297,319529.2573616946,135177.70711818838,454706.96447988297,8366.316447324267
586,454707.7254208125,233895.22050411988,220812.50491669262,454707.7254208125,8366.316447324267
587,454708.4863617417,186278.87990086444,268429.6064608773,454708.4863617417,8366.316447324267
588,454709.24730267114,198235.01606174174,256474.2312409294,454709.24730267114,8366.316447324267
589,454710.00824360066,247722.10424936924,206987.90399423143,454710.00824360066,8366.316447324267
590,454710.76918452996,248634.94470151642,206075.82448301354,454710.76918452996,8366.316447324267
591,454711.5301254594,170679.04378006962,284032.4863453898,454711.5301254594,8366.316447324267
592,454712.29106638883,294790.7416996517,159921.54936673713,454712.29106638883,8366.316447324267
593,454713.0520073181,288741.2477076757,165971.80429964248,454713.0520073181,8366.316447324267
594,454713.8129482477,44486.97838700871,410226.834561239,454713.8129482477,8366.316447324267
595,454714.57388917706,31943.16801694123,422771.40587223583,454714.57388917706,8366.316447324267
596,454715.3348301064,33270.17847738165,421445.15635272476,454715.3348301064,8366.316447324267
597,454716.0957710358,32163.644324727997,422552.4514463078,454716.0957710358,8366.316447324267
598,454716.8567119652,32869.755482651584,421847.10122931364,454716.8567119652,8366.316447324267
599,454717.61765289464,34995.15057132684,419722.4670815678,454717.61765289464,8366.316447324267
600,454718.37859382405,38979.43221122463,415738.9463825994,454718.37859382405,8366.316447324267
601,454719.1395347534,43798.28551172267,410920.8540230307,454719.1395347534,8366.316447324267
602,454719.9004756828,54771.89845792961,399948.0020177532,454719.9004756828,8366.316447324267
603,454720.6614166122,63223.80629602034,391496.8551205919,454720.6614166122,8366.316447324267
604,454721.4223575417,98949.92530603398,355771.4970515077,454721.4223575417,8366.316447324267
605,454722.18329847103,213674.5003757265,241047.68292274454,454722.18329847103,8366.316447324267
606,454722.94423940044,279453.34383170493,175269.60040769549,454722.94423940044,8366.316447324267
607,454723.70518032997,353293.5033921973,101430.20178813263,454723.70518032997,8366.316447324267
608,454724.46612125926,345416.73653460364,109307.7295866556,454724.46612125926,8366.316447324267
609,454725.2270621886,353117.87866405555,101607.34839813305,454725.2270621886,8366.316447324267
610,454725.9880031181,367802.0644856334,86923.92351748468,454725.9880031181,8366.316447324267
611,454726.74894404743,366420.4904484755,88306.2584955719,454726.74894404743,8366.316447324267
612,454727.5098849769,405017.5394359757,49709.970449001186,454727.5098849769,8366.316447324267
613,454728.2708259063,402605.261293702,52123.0095322043,454728.2708259063,8366.316447324267
614,454729.0317668356,395537.348793464,59191.682973371586,454729.0317668356,8366.316447324267
615,454729.79270776507,433348.30967163725,21381.48303612781,454729.79270776507,8366.316447324267
616,454730.5536486945,440364.75701462274,14365.796634071712,454730.5536486945,8366.316447324267
617,454731.3145896239,453519.4584085112,1211.8561811126792,454731.3145896239,8366.316447324267
618,454732.07553055324,339300.18755639327,115431.88797415997,454732.07553055324,8366.316447324267
619,454732.83647148265,312286.7784347408,142446.05803674186,454732.83647148265,8366.316447324267
620,454733.5974124121,287193.94319177733,167539.65422063478,454733.5974124121,8366.316447324267
621,454734.3583533416,372833.03716067167,81901.32119266989,454734.3583533416,8366.316447324267
622,454735.1192942709,333186.1139017019,121549.00539256897,454735.1192942709,8366.316447324267
623,454735.8802352003,331511.0808328981,123224.79940230219,454735.8802352003,8366.316447324267
624,454736.64117612963,334229.31605829345,120507.3251178362,454736.64117612963,8366.316447324267
625,454737.40211705916,372062.24527564604,82675.15684141312,454737.40211705916,8366.316447324267
626,454738.1630579885,402104.10716087057,52634.05589711792,454738.1630579885,8366.316447324267
627,454738.92399891786,405943.6104529698,48795.313545948076,454738.92399891786,8366.316447324267
628,454739.6849398473,377818.21133332443,76921.47360652291,454739.6849398473,8366.316447324267
629,454740.4458807766,389890.8731419673,64849.57273880935,454740.4458807766,8366.316447324267
630,454741.20682170615,407855.18180097535,46886.0250207308,454741.20682170615,8366.316447324267
631,454741.96776263556,361041.66525337787,93700.30250925772,454741.96776263556,8366.316447324267
632,454742.72870356485,325573.21991517965,129169.5087883852,454742.72870356485,8366.316447324267
633,454743.4896444944,351733.44874271995,103010.04090177444,454743.4896444944,8366.316447324267
634,454744.2505854237,407736.69804371876,47007.552541704965,454744.2505854237,8366.316447324267
635,454745.0115263531,362215.7587001493,92529.25282620375,454745.0115263531,8366.316447324267
636,454745.77246728254,335299.07066742843,119446.70179985411,454745.77246728254,8366.316447324267
637,454746.5334082119,268353.5683585312,186392.96504968067,454746.5334082119,8366.316447324267
638,454747.29434914136,252852.04424372915,201895.2501054122,454747.29434914136,8366.316447324267
639,454748.0552900707,230894.50991197512,223853.5453780956,454748.0552900707,8366.316447324267
640,454748.8162310001,213548.89805437703,241199.9181766231,454748.8162310001,8366.316447324267
641,454749.57717192953,99768.51541267376,354981.06175925577,454749.57717192953,8366.316447324267
642,454750.3381128589,53852.24721367436,400898.0908991845,454750.3381128589,8366.316447324267
643,454751.0990537884,48070.65620202647,406680.44285176194,454751.0990537884,8366.316447324267
644,454751.8599947177,44692.06875481736,410059.79123990034,454751.8599947177,8366.316447324267
645,454752.62093564717,42560.31296853715,412192.30796711,454752.62093564717,8366.316447324267
646,454753.3818765766,43167.882664953126,411585.49921162345,454753.3818765766,8366.316447324267
647,454754.1428175059,45829.76034287264,408924.3824746333,454754.1428175059,8366.316447324267
648,454754.90375843534,63908.739685000095,390846.16407343524,454754.90375843534,8366.316447324267
649,454755.66469936474,158708.25788991246,296047.4068094523,454755.66469936474,8366.316447324267
650,454756.4256402941,221391.1709094071,233365.25473088698,454756.4256402941,8366.316447324267
651,454757.1865812236,280728.9110757883,174028.27550543533,454757.1865812236,8366.316447324267
652,454757.947522153,344234.5704342852,110523.37708786776,454757.947522153,8366.316447324267
653,454758.7084630823,358318.26804769086,96440.44041539148,454758.7084630823,8366.316447324267
654,454759.46940401173,357541.3258224121,97218.14358159964,454759.46940401173,8366.316447324267
655,454760.23034494114,308940.41859766317,145819.81174727794,454760.23034494114,8366.316447324267
656,454760.99128587043,289782.66085414164,164978.3304317288,454760.99128587043,8366.316447324267
657,454761.75222679996,369550.3789820046,85211.37324479538,454761.75222679996,8366.316447324267
658,454762.51316772937,295892.36407125404,158870.14909647533,454762.51316772937,8366.316447324267
659,454763.2741086588,278538.28217082535,176224.99193783343,454763.2741086588,8366.316447324267
660,454764.0350495882,254615.36195363395,200148.67309595423,454764.0350495882,8366.316447324267
661,454764.79599051754,239311.10652217627,215453.68946834127,454764.79599051754,8366.316447324267
662,454765.556931447,260213.3979210503,194552.15901039672,454765.556931447,8366.316447324267
663,454766.31787237636,239575.30529766355,215191.0125747128,454766.31787237636,8366.316447324267
664,454767.0788133058,283897.9624808944,170869.11633241142,454767.0788133058,8366.316447324267
665,454767.83975423523,268080.632779178,186687.20697505723,454767.83975423523,8366.316447324267
666,454768.6006951645,296037.0046119115,158731.59608325307,454768.6006951645,8366.316447324267
667,454769.36163609405,282819.45920097514,171949.9024351189,454769.36163609405,8366.316447324267
668,454770.12257702334,263241.74303247046,191528.3795445529,454770.12257702334,8366.316447324267
669,454770.8835179527,163140.60759649344,291630.27592145925,454770.8835179527,8366.316447324267
670,454771.6444588822,199260.00176666223,255511.64269222,454771.6444588822,8366.316447324267
671,454772.40539981157,175441.47026828106,279330.9351315305,454772.40539981157,8366.316447324267
672,454773.166340741,281574.37786527036,173198.78847547065,454773.166340741,8366.316447324267
673,454773.92728167045,285299.20527638117,169474.72200528928,454773.92728167045,8366.316447324267
674,454774.68822259974,305424.8656730483,149349.82254955143,454774.68822259974,8366.316447324267
675,454775.44916352927,259497.07241270563,195278.37675082363,454775.44916352927,8366.316447324267
676,454776.21010445856,141590.6719917457,313185.53811271285,454776.21010445856,8366.316447324267
677,454776.971045388,228826.38403742836,225950.58700795966,454776.971045388,8366.316447324267
678,454777.73198631743,161180.0263211995,293597.70566511794,454777.73198631743,8366.316447324267
679,454778.4929272468,51727.86272416951,403050.6302030773,454778.4929272468,8366.316447324267
680,454779.2538681762,45781.55794814689,408997.6959200293,454779.2538681762,8366.316447324267
681,454780.01480910555,28171.561416833138,426608.4533922724,454780.01480910555,8366.316447324267
682,454780.77575003495,29217.707520603202,425563.06822943175,454780.77575003495,8366.316447324267
683,454781.5366909644,143422.86798435968,311358.66870660475,454781.5366909644,8366.316447324267
684,454782.2976318938,140683.7628651976,314098.53476669616,454782.2976318938,8366.316447324267
685,454783.05857282324,136562.92796541145,318220.1306074118,454783.05857282324,8366.316447324267
686,454783.8195137526,20048.83505588735,434734.98445786524,454783.8195137526,8366.316447324267
687,454784.580454682,38817.063460284146,415967.51699439785,454784.580454682,8366.316447324267
688,477216.4030579013,0.0,477216.4030579013,477216.4030579013,8366.316447324267
689,454786.1023365408,41093.23828555108,413692.86405098974,454786.1023365408,8366.316447324267
690,454786.8632774703,43710.581965689315,411076.281311781,454786.8632774703,8366.316447324267
691,454787.62421839964,32819.16718542919,421968.45703297044,454787.62421839964,8366.316447324267
692,454788.385159329,35171.05414608156,419617.3310132474,454788.385159329,8366.316447324267
693,454789.1461002585,32266.829518496466,422522.31658176205,454789.1461002585,8366.316447324267
694,454789.9070411878,32378.62639375683,422411.280647431,454789.9070411878,8366.316447324267
695,454790.66798211716,32276.914798475103,422513.75318364205,454790.66798211716,8366.316447324267
696,454791.4289230466,32277.67573940457,422513.75318364205,454791.4289230466,8366.316447324267
697,454792.18986397603,32278.43668033398,422513.75318364205,454792.18986397603,8366.316447324267
698,454792.95080490544,32279.19762126339,422513.75318364205,454792.95080490544,8366.316447324267
699,454793.71174583485,32279.958562192798,422513.75318364205,454793.71174583485,8366.316447324267
700,454794.47268676426,32280.719503122207,422513.75318364205,454794.47268676426,8366.316447324267
701,454795.23362769367,32281.480444051616,422513.75318364205,454795.23362769367,8366.316447324267
702,454795.9945686231,32036.04144872952,422759.95311989356,454795.9945686231,8366.316447324267
703,454796.75550955255,44106.50189784926,410690.2536117033,454796.75550955255,8366.316447324267
704,454797.51645048184,35903.073786308756,418894.4426641731,454797.51645048184,8366.316447324267
705,454798.27739141125,29203.333913447044,425594.9434779642,454798.27739141125,8366.316447324267
706,454799.0383323407,24007.207644517242,430791.8306878235,454799.0383323407,8366.316447324267
707,454799.79927327,38174.38833781105,416625.41093545896,454799.79927327,8366.316447324267
708,454800.5602141994,44582.03589956468,410218.52431463473,454800.5602141994,8366.316447324267
709,454801.3211551289,19347.961606850673,435453.3595482782,454801.3211551289,8366.316447324267
710,454802.08209605824,35560.05836146115,419242.0237345971,454802.08209605824,8366.316447324267
711,454802.84303698764,21140.92873696884,433661.9143000188,454802.84303698764,8366.316447324267
712,478131.6569121229,0.0,478131.6569121229,478131.6569121229,8366.316447324267
713,454804.36491884646,32290.61173520441,422513.75318364205,454804.36491884646,8366.316447324267
714,454805.12585977593,32291.372676133877,422513.75318364205,454805.12585977593,8366.316447324267
715,454805.88680070534,32292.133617063286,422513.75318364205,454805.88680070534,8366.316447324267
716,454806.64774163463,32292.89455799258,422513.75318364205,454806.64774163463,8366.316447324267
717,454807.4086825641,32396.90089110931,422410.5077914548,454807.4086825641,8366.316447324267
718,454808.1696234935,72216.6132876813,382591.5563358122,454808.1696234935,8366.316447324267
719,454808.9305644229,32295.177380780864,422513.75318364205,454808.9305644229,8366.316447324267
720,454809.6915053523,33682.16972710722,421127.5217782451,454809.6915053523,8366.316447324267
721,454810.45244628156,32589.642274960643,422220.8101713209,454810.45244628156,8366.316447324267
722,454811.2133872111,39068.59340376413,415742.61998344696,454811.2133872111,8366.316447324267
723,454811.97432814044,34817.79506710399,419994.17926103645,454811.97432814044,8366.316447324267
724,454812.73526906996,44585.884967020655,410226.8503020493,454812.73526906996,8366.316447324267
725,454813.4962099993,69232.10086555802,385581.3953444413,454813.4962099993,8366.316447324267
726,454814.25715092866,127793.30778996873,327020.94936095993,454814.25715092866,8366.316447324267
727,454815.01809185813,77852.73205219815,376962.28603966,454815.01809185813,8366.316447324267
728,454815.7790327875,212933.08867430745,241882.69035848003,454815.7790327875,8366.316447324267
729,454816.5399737169,354816.5399737169,100000.0,454816.5399737169,8366.316447324267
730,454817.3009146463,322034.7575864146,132782.54332823172,454817.3009146463,8366.316447324267
731,454818.06185557565,289533.664982131,165284.3968734447,454818.06185557565,8366.316447324267
732,454818.8227965052,291325.2522282069,163493.57056829828,454818.8227965052,8366.316447324267
733,454819.58373743447,312150.3153654891,142669.26837194533,454819.58373743447,8366.316447324267
734,454820.3446783639,340340.02193472086,114480.32274364303,454820.3446783639,8366.316447324267
735,454821.10561929335,339050.00809918955,115771.0975201038,454821.10561929335,8366.316447324267
736,454821.86656022264,361799.60418581014,93022.2623744125,454821.86656022264,8366.316447324267
737,454822.62750115216,426833.6722720287,27988.955229123483,454822.62750115216,8366.316447324267
738,454823.3884420815,375744.3128531441,79079.07558893743,454823.3884420815,8366.316447324267
739,454824.14938301087,151655.98335360875,303168.1660294021,454824.14938301087,8366.316447324267
740,454824.9103239404,148116.2272826649,306708.6830412755,454824.9103239404,8366.316447324267
741,454825.67126486974,206104.9349435179,248720.73632135184,454825.67126486974,8366.316447324267
742,454826.4322057991,292187.8933078112,162638.53889798792,454826.4322057991,8366.316447324267
743,454827.1931467285,183943.1446952367,270884.0484514918,454827.1931467285,8366.316447324267
744,454827.9540876579,160730.11499703623,294097.8390906217,454827.9540876579,8366.316447324267
745,454828.7150285874,107585.78929981595,347242.9257287714,454828.7150285874,8366.316447324267
746,454829.47596951673,62832.757956343004,391996.7180131737,454829.47596951673,8366.316447324267
747,454830.23691044614,119304.1929936423,335526.04391680384,454830.23691044614,8366.316447324267
748,454830.9978513755,120212.56928605342,334618.4285653221,454830.9978513755,8366.316447324267
749,454831.7587923049,118398.099524019,336433.6592682859,454831.7587923049,8366.316447324267
750,454832.5197332344,40747.08574298234,414085.4339902521,454832.5197332344,8366.316447324267
751,454833.2806741637,28571.92294440692,426261.3577297568,454833.2806741637,8366.316447324267
752,454834.0416150931,121036.6815768489,333797.3600382442,454834.0416150931,8366.316447324267
753,454834.80255602265,354167.4106173869,100667.3919386357,454834.80255602265,8366.316447324267
754,454835.56349695195,315209.86019989103,139625.7032970609,454835.56349695195,8366.316447324267
755,454836.32443788135,282564.25143437163,172272.07300350972,454836.32443788135,8366.316447324267
756,454837.08537881076,282859.3869434385,171977.69843537227,454837.08537881076,8366.316447324267
757,454837.8463197401,289296.2818612608,165541.5644584793,454837.8463197401,8366.316447324267
758,454838.6072606696,300528.0636274623,154310.54363320727,454838.6072606696,8366.316447324267
759,454839.368201599,319414.6153132168,135424.7528883822,454839.368201599,8366.316447324267
760,454840.1291425284,343545.6092058256,111294.51993670277,454840.1291425284,8366.316447324267
761,454840.89008345775,337155.1409969108,117685.74908654693,454840.89008345775,8366.316447324267
762,454841.65102438716,260792.15859870156,194049.4924256856,454841.65102438716,8366.316447324267
763,454842.41196531657,148914.38929551147,305928.0226698051,454842.41196531657,8366.316447324267
764,454843.172906246,38467.774277138,416375.398629108,454843.172906246,8366.316447324267
765,454843.9338471753,48499.59125138103,406344.3425957943,454843.9338471753,8366.316447324267
766,454844.6947881048,42819.4565792309,412025.2382088739,454844.6947881048,8366.316447324267
767,454845.4557290342,38549.094424505485,416296.3613045287,454845.4557290342,8366.316447324267
768,454846.21666996356,55980.741262901225,398865.47540706233,454846.21666996356,8366.316447324267
769,454846.97761089297,47294.7632283569,407552.21438253607,454846.97761089297,8366.316447324267
770,454847.7385518224,65344.84720389015,389502.8913479322,454847.7385518224,8366.316447324267
771,454848.49949275184,130419.50932711834,324428.9901656335,454848.49949275184,8366.316447324267
772,454849.2604336812,229243.60103031408,225605.6594033671,454849.2604336812,8366.316447324267
773,454850.0213746105,313029.0723353687,141820.9490392418,454850.0213746105,8366.316447324267
774,454850.78231554,312956.5366241592,141894.24569138084,454850.78231554,8366.316447324267
775,454851.5432564693,262837.9090892684,192013.63416720091,454851.5432564693,8366.316447324267
776,454852.3041973987,242547.27808447916,212305.02611291956,454852.3041973987,8366.316447324267
777,454853.06513832824,283656.37200358364,171196.6931347446,454853.06513832824,8366.316447324267
778,454853.82607925753,323395.6490569992,131458.17702225834,454853.82607925753,8366.316447324267
779,454854.58702018706,304282.7129652082,150571.87405497883,454854.58702018706,8366.316447324267
780,454855.34796111647,278506.4029014596,176348.94505965686,454855.34796111647,8366.316447324267
781,454856.10890204576,283479.14878614387,171376.9601159019,454856.10890204576,8366.316447324267
782,454856.8698429753,334884.3307301586,119972.53911281671,454856.8698429753,8366.316447324267
783,454857.6307839046,304864.6649091253,149992.96587477927,454857.6307839046,8366.316447324267
784,454858.39172483404,305969.1867151908,148889.20500964322,454858.39172483404,8366.316447324267
785,454859.15266576345,371783.92964090884,83075.22302485463,454859.15266576345,8366.316447324267
786,454859.9136066928,339135.27783932677,115724.63576736604,454859.9136066928,8366.316447324267
787,454860.6745476222,323795.61138943204,131065.06315819018,454860.6745476222,8366.316447324267
788,454861.43548855156,295653.6911721793,159207.74431637226,454861.43548855156,8366.316447324267
789,454862.19642948103,339872.59505189396,114989.60137758704,454862.19642948103,8366.316447324267
790,454862.9573704104,346745.9525122119,108117.00485819847,454862.9573704104,8366.316447324267
791,454863.7183113398,365319.239213987,89544.47909735279,454863.7183113398,8366.316447324267
792,454864.47925226926,336977.1679252901,117887.31132697912,454864.47925226926,8366.316447324267
793,454865.2401931986,245170.21472853917,209695.02546465944,454865.2401931986,8366.316447324267
794,454866.001134128,188769.2297658762,266096.7713682518,454866.001134128,8366.316447324267
795,454866.76207505754,86216.63263532455,368650.129439733,454866.76207505754,8366.316447324267
796,454867.5230159868,164149.60881885653,290717.91419713025,454867.5230159868,8366.316447324267
797,454868.2839569163,205430.5044453321,249437.7795115842,454868.2839569163,8366.316447324267
798,454869.04489784566,242362.62844112315,212506.4164567225,454869.04489784566,8366.316447324267
799,454869.805838775,232859.66634618686,222010.13949258815,454869.805838775,8366.316447324267
800,454870.5667797044,286096.3892061103,168774.1775735941,454870.5667797044,8366.316447324267
801,454871.3277206338,358541.5878106764,96329.73990995738,454871.3277206338,8366.316447324267
802,454872.0886615632,355684.8174107226,99187.27125084057,454872.0886615632,8366.316447324267
803,454872.84960249264,337338.2690906839,117534.58051180873,454872.84960249264,8366.316447324267
804,454873.61054342205,309749.3859996381,145124.2245437839,454873.61054342205,8366.316447324267
805,454874.37148435146,279920.3860410087,174953.98544334277,454874.37148435146,8366.316447324267
806,454875.13242528087,259635.63585009542,195239.49657518545,454875.13242528087,8366.316447324267
807,454875.8933662103,315778.363068574,139097.5302976363,454875.8933662103,8366.316447324267
808,454876.6543071397,288526.908351148,166349.74595599168,454876.6543071397,8366.316447324267
809,454877.4152480691,420759.94990848406,34117.46533958505,454877.4152480691,8366.316447324267
810,454878.1761889985,379037.73767230485,75840.43851669367,454878.1761889985,8366.316447324267
811,454878.93712992786,384592.11413781927,70286.82299210859,454878.93712992786,8366.316447324267
812,454879.6980708573,355194.64238079917,99685.05569005813,454879.6980708573,8366.316447324267
813,454880.45901178673,417805.016507399,37075.44250438776,454880.45901178673,8366.316447324267
814,454881.219952716,406483.95247573487,48397.26747698116,454881.219952716,8366.316447324267
815,454881.9808936454,359604.4246457889,95277.55624785648,454881.9808936454,8366.316447324267
816,454882.7418345749,314837.9500353995,140044.79179917538,454882.7418345749,8366.316447324267
817,454883.50277550425,180097.36674209492,274786.13603340933,454883.50277550425,8366.316447324267
818,454884.26371643366,156924.91694644414,297959.3467699895,454884.26371643366,8366.316447324267
819,454885.0246573631,181044.0379059139,273840.9867514492,454885.0246573631,8366.316447324267
820,454885.7855982924,218565.82232471387,236319.96327357856,454885.7855982924,8366.316447324267
821,454886.54653922195,197558.25305045355,257328.2934887684,454886.54653922195,8366.316447324267
822,454887.30748015136,268125.8033689011,186761.50411125028,454887.30748015136,8366.316447324267
823,454888.0684210807,263298.76945733215,191589.29896374856,454888.0684210807,8366.316447324267
824,454888.8293620101,299052.27896481124,155836.55039719888,454888.8293620101,8366.316447324267
825,454889.5903029395,414616.8785945908,40272.71170834868,454889.5903029395,8366.316447324267
826,454890.35124386894,404047.93596892833,50842.41527494061,454890.35124386894,8366.316447324267
827,454891.11218479834,385389.81519790937,69501.29698688895,454891.11218479834,8366.316447324267
828,454891.87312572764,373444.26435696566,81447.60876876197,454891.87312572764,8366.316447324267
829,454892.6340666571,386564.23729181447,68328.39677484262,454892.6340666571,8366.316447324267
830,454893.39500758646,370357.28020709835,84536.11480048811,454893.39500758646,8366.316447324267
831,454894.1559485159,367798.35383979784,87095.80210871807,454894.1559485159,8366.316447324267
832,454894.9168894453,391942.212610717,62952.704278728284,454894.9168894453,8366.316447324267
833,454895.6778303747,349961.1959448802,104934.4818854945,454895.6778303747,8366.316447324267
834,454896.4387713042,305555.72466363106,149340.71410767315,454896.4387713042,8366.316447324267
835,454897.1997122335,277411.24776423385,177485.95194799962,454897.1997122335,8366.316447324267
836,454897.9606531629,325879.0097102567,129018.95094290617,454897.9606531629,8366.316447324267
837,454898.7215940924,260831.11886182177,194067.6027322706,454898.7215940924,8366.316447324267
838,454899.48253502167,323585.7708478547,131313.71168716694,454899.48253502167,8366.316447324267
839,454900.2434759512,349654.8051551135,105245.43832083768,454900.2434759512,8366.316447324267
840,454901.00441688055,367266.05879484303,87634.94562203749,454901.00441688055,8366.316447324267
841,454901.76535780984,368724.62292563426,86177.14243217559,454901.76535780984,8366.316447324267
842,454902.52629873937,365809.77748684,89092.74881189938,454902.52629873937,8366.316447324267
843,454903.2872396687,366539.4400227003,88363.84721696844,454903.2872396687,8366.316447324267
844,454904.0481805982,293205.53954362904,161698.50863696917,454904.0481805982,8366.316447324267
845,454904.8091215275,326175.03596812376,128729.7731534037,454904.8091215275,8366.316447324267
846,454905.57006245694,250176.60645360942,204728.96360884752,454905.57006245694,8366.316447324267
847,454906.3310033864,242917.26646093166,211989.06454245475,454906.3310033864,8366.316447324267
848,454907.09194431576,293353.995377206,161553.09656710975,454907.09194431576,8366.316447324267
849,454907.8528852452,409445.0583546258,45462.79453061934,454907.8528852452,8366.316447324267
850,454908.6138261745,415736.3551772271,39172.25864894741,454908.6138261745,8366.316447324267
851,454909.37476710393,411799.3275061816,43110.04726092232,454909.37476710393,8366.316447324267
852,454910.13570803346,386868.874946426,68041.26076160742,454910.13570803346,8366.316447324267
853,454910.89664896275,417749.30182009237,37161.59482887041,454910.89664896275,8366.316447324267
854,454911.6575898921,418406.6058517631,36505.051738128976,454911.6575898921,8366.316447324267
855,454912.41853082157,434051.332243092,20861.086287729537,454912.41853082157,8366.316447324267
856,454913.1794717509,448918.7729763118,5994.406495439145,454913.1794717509,8366.316447324267
857,454913.94041268044,454913.94041268044,0.0,454913.94041268044,8366.316447324267
858,454914.70135360974,454914.70135360974,0.0,454914.70135360974,8366.316447324267
859,454915.46229453915,454915.46229453915,0.0,454915.46229453915,8366.316447324267
860,454916.2232354686,454916.2232354686,0.0,454916.2232354686,8366.316447324267
861,454916.984176398,454916.984176398,0.0,454916.984176398,8366.316447324267
862,454917.7451173273,454917.7451173273,0.0,454917.7451173273,8366.316447324267
863,454918.5060582568,454918.5060582568,0.0,454918.5060582568,8366.316447324267
864,454919.2669991862,454919.2669991862,0.0,454919.2669991862,8366.316447324267
865,454920.0279401156,454920.0279401156,0.0,454920.0279401156,8366.316447324267
866,454920.788881045,454920.788881045,0.0,454920.788881045,8366.316447324267
867,454921.54982197436,433927.8754542613,20993.674367713073,454921.54982197436,8366.316447324267
868,454922.31076290377,388635.7984668771,66286.51229602669,454922.31076290377,8366.316447324267
869,454923.0717038332,393607.68103490875,61315.39066892441,454923.0717038332,8366.316447324267
870,454923.83264476265,421544.19267638447,33379.639968378186,454923.83264476265,8366.316447324267
871,454924.593585692,357370.0049627037,97554.58862298835,454924.593585692,8366.316447324267
872,454925.35452662135,403815.2589916115,51110.09553500987,454925.35452662135,8366.316447324267
873,454926.1154675508,379567.9578528948,75358.157614656,454926.1154675508,8366.316447324267
874,454926.8764084802,380580.7669437681,74346.10946471216,454926.8764084802,8366.316447324267
875,454927.6373494096,393725.8842246739,61201.753124735646,454927.6373494096,8366.316447324267
876,454928.39829033904,355837.1395119187,99091.25877842035,454928.39829033904,8366.316447324267
877,454929.15923126834,395448.9136770578,59480.24555421056,454929.15923126834,8366.316447324267
878,454929.92017219786,363529.08120823384,91400.838963964,454929.92017219786,8366.316447324267
879,454930.68111312727,297296.15468896297,157634.5264241643,454930.68111312727,8366.316447324267
880,454931.44205405656,385296.7507944019,69634.69125965466,454931.44205405656,8366.316447324267
881,454932.20299498603,320246.01265895116,134686.19033603487,454932.20299498603,8366.316447324267
882,454932.9639359154,340181.86670699605,114751.09722891932,454932.9639359154,8366.316447324267
883,454933.72487684485,342438.8757101341,112494.84916671076,454933.72487684485,8366.316447324267
884,454934.4858177743,283608.213912664,171326.2719051103,454934.4858177743,8366.316447324267
885,454935.2467587036,168032.99241546675,286902.25434323685,454935.2467587036,8366.316447324267
886,454936.007699633,136835.23686435702,318100.770835276,454936.007699633,8366.316447324267
887,454936.7686405624,398823.45935098303,56113.30928957941,454936.7686405624,8366.316447324267
888,454937.5295814917,367912.25701921235,87025.2725622794,454937.5295814917,8366.316447324267
889,454938.29052242124,226261.58385681533,228676.70666560592,454938.29052242124,8366.316447324267
890,454939.05146335054,295823.5220472233,159115.52941612728,454939.05146335054,8366.316447324267
891,454939.8124042801,62407.664942194126,392532.147462086,454939.8124042801,8366.316447324267
892,454940.5733452094,91151.6978016423,363788.8755435671,454940.5733452094,8366.316447324267
893,454941.3342861388,151673.37196693628,303267.96231920255,454941.3342861388,8366.316447324267
894,454942.09522706823,206795.48847126268,248146.60675580555,454942.09522706823,8366.316447324267
895,454942.8561679976,170058.71416957525,284884.14199842233,454942.8561679976,8366.316447324267
896,454943.617108927,231624.8526735296,223318.7644353974,454943.617108927,8366.316447324267
897,454944.37804985646,276536.7702492321,178407.60780062433,454944.37804985646,8366.316447324267
898,454945.1389907858,340616.9707682936,114328.16822249221,454945.1389907858,8366.316447324267
899,454945.8999317153,386860.59826717625,68085.30166453905,454945.8999317153,8366.316447324267
900,454946.6608726446,359440.6700012923,95505.9908713523,454946.6608726446,8366.316447324267
901,454947.42181357404,360459.8098615961,94487.61195197793,454947.42181357404,8366.316447324267
902,454948.18275450345,362767.89790445566,92180.28485004781,454948.18275450345,8366.316447324267
903,454948.9436954328,369580.8225457066,85368.1211497262,454948.9436954328,8366.316447324267
904,454949.7046363623,360729.2553237102,94220.44931265213,454949.7046363623,8366.316447324267
905,454950.4655772917,451450.0887036328,3500.3768736588295,454950.4655772917,8366.316447324267
906,454951.226518221,435510.9696547409,19440.256863480165,454951.226518221,8366.316447324267
907,454951.98745915043,427768.2107498919,27183.776709258567,454951.98745915043,8366.316447324267
908,454952.74840007984,454952.74840007984,0.0,454952.74840007984,8366.316447324267
909,454953.50934100914,454953.50934100914,0.0,454953.50934100914,8366.316447324267
910,454954.27028193866,454954.27028193866,0.0,454954.27028193866,8366.316447324267
911,454955.03122286807,454955.03122286807,0.0,454955.03122286807,8366.316447324267
912,454955.7921637974,454955.7921637974,0.0,454955.7921637974,8366.316447324267
913,454956.5531047269,454956.5531047269,0.0,454956.5531047269,8366.316447324267
914,454957.3140456563,454957.3140456563,0.0,454957.3140456563,8366.316447324267
915,454958.0749865857,454958.0749865857,0.0,454958.0749865857,8366.316447324267
916,454958.83592751506,454958.83592751506,0.0,454958.83592751506,8366.316447324267
917,454959.5968684445,454959.5968684445,0.0,454959.5968684445,8366.316447324267
918,454960.3578093739,454960.3578093739,0.0,454960.3578093739,8366.316447324267
919,454961.1187503032,399068.09036307986,55893.02838722338,454961.1187503032,8366.316447324267
920,454961.8796912327,416312.2545935099,38649.62509772279,454961.8796912327,8366.316447324267
921,454962.64063216205,435475.0777970119,19487.56283515015,454962.64063216205,8366.316447324267
922,454963.4015730914,446054.51759275707,8908.883980334303,454963.4015730914,8366.316447324267
923,454964.1625140209,336862.8850138654,118101.2775001555,454964.1625140209,8366.316447324267
924,454964.9234549502,331784.26562603563,123180.65782891457,454964.9234549502,8366.316447324267
925,454965.6843958796,313489.58865066664,141476.095745213,454965.6843958796,8366.316447324267
926,454966.44533680915,296342.58875228383,158623.85658452535,454966.44533680915,8366.316447324267
927,454967.20627773844,256961.7718507325,198005.43442700594,454967.20627773844,8366.316447324267
928,454967.96721866797,292373.771550652,162594.19566801598,454967.96721866797,8366.316447324267
929,454968.7281595973,203535.87876737566,251432.84939222166,454968.7281595973,8366.316447324267
930,454969.4891005267,41721.88109407778,413247.60800644895,454969.4891005267,8366.316447324267
931,454970.25004145614,32284.47080074891,422685.7792407072,454970.25004145614,8366.316447324267
932,454971.0109823855,32308.694986226503,422662.315996159,454971.0109823855,8366.316447324267
933,454971.77192331495,32567.96472134872,422403.80720196624,454971.77192331495,8366.316447324267
934,454972.53286424425,32298.746839927277,422673.78602431697,454972.53286424425,8366.316447324267
935,454973.29380517366,32263.933332323388,422709.36047285027,454973.29380517366,8366.316447324267
936,454974.0547461031,32613.6098923338,422360.4448537693,454974.0547461031,8366.316447324267
937,454974.8156870325,32207.994440788752,422766.8212462437,454974.8156870325,8366.316447324267
938,454975.57662796194,32456.116032899998,422519.46059506194,454975.57662796194,8366.316447324267
939,454976.3375688913,32637.513839012187,422338.8237298791,454976.3375688913,8366.316447324267
940,454977.0985098207,32526.60435826704,422450.49415155366,454977.0985098207,8366.316447324267
941,454977.8594507502,32572.27656929457,422405.58288145566,454977.8594507502,8366.316447324267
942,454978.6203916795,32636.344039968448,422342.2763517111,454978.6203916795,8366.316447324267
943,454979.381332609,14935.304790529422,440044.07654207957,454979.381332609,8366.316447324267
944,454980.14227353834,195897.48159349622,259082.6606800421,454980.14227353834,8366.316447324267
945,454980.9032144677,295845.6225101418,159135.28070432588,454980.9032144677,8366.316447324267
946,454981.6641553972,329576.15509798215,125405.50905741504,454981.6641553972,8366.316447324267
947,454982.4250963265,296545.3928621885,158437.03223413797,454982.4250963265,8366.316447324267
948,454983.18603725586,266777.73602781486,188205.450009441,454983.18603725586,8366.316447324267
949,454983.9469781853,166004.8821786485,288979.06479953683,454983.9469781853,8366.316447324267
950,454984.70791911473,90243.0023167464,364741.70560236834,454984.70791911473,8366.316447324267
951,454985.46886004414,126244.28704551666,328741.1818145275,454985.46886004414,8366.316447324267
952,454986.22980097355,163387.06097066938,291599.1688303042,454986.22980097355,8366.316447324267
953,454986.99074190296,200769.8071367178,254217.18360518516,454986.99074190296,8366.316447324267
954,454987.7516828324,180104.62619847577,274883.1254843566,454987.7516828324,8366.316447324267
955,454988.5126237618,223951.39992346094,231037.11270030084,454988.5126237618,8366.316447324267
956,454989.2735646912,164790.1758889007,290199.0976757905,454989.2735646912,8366.316447324267
957,454990.03450562054,124965.07189206115,330024.9626135594,454990.03450562054,8366.316447324267
958,454990.79544654995,70682.30373590591,384308.49171064404,454990.79544654995,8366.316447324267
959,454991.5563874794,36420.20330104756,418571.35308643186,454991.5563874794,8366.316447324267
960,454992.31732840877,33869.42197078117,421122.8953576276,454992.31732840877,8366.316447324267
961,454993.0782693381,35139.45492585632,419853.6233434818,454993.0782693381,8366.316447324267
962,454993.8392102676,34341.546011646045,420652.29319862154,454993.8392102676,8366.316447324267
963,454994.60015119694,36896.54988290649,418098.05026829045,454994.60015119694,8366.316447324267
964,454995.3610921264,33382.358509871876,421613.0025822545,454995.3610921264,8366.316447324267
965,454996.12203305576,33204.48057596141,421791.64145709435,454996.12203305576,8366.316447324267
966,454996.88297398516,32783.960234570084,422212.9227394151,454996.88297398516,8366.316447324267
967,454997.64391491463,32072.079183316266,422925.56473159837,454997.64391491463,8366.316447324267
968,454998.40485584404,29606.069841762772,425392.33501408127,454998.40485584404,8366.316447324267
969,454999.16579677333,25254.62165272032,429744.544144053,454999.16579677333,8366.316447324267
970,454999.9267377028,28897.986133805243,426101.94060389756,454999.9267377028,8366.316447324267
971,455000.6876786322,28977.155126364727,426023.5325522675,455000.6876786322,8366.316447324267
972,455001.4486195616,26958.39304032689,428043.05557923473,455001.4486195616,8366.316447324267
973,455002.209560491,17244.487456571078,437757.72210391995,455002.209560491,8366.316447324267
974,455002.9705014203,17700.901301080943,437302.0692003394,455002.9705014203,8366.316447324267
975,455003.7314423498,26911.147651602514,428092.5837907473,455003.7314423498,8366.316447324267
976,455004.4923832792,16824.610095694487,438179.8822875847,455004.4923832792,8366.316447324267
977,455005.25332420866,32217.359900312964,422787.8934238957,455005.25332420866,8366.316447324267
978,455006.01426513796,36549.74209063215,418456.2721745058,455006.01426513796,8366.316447324267
979,455006.77520606737,43188.85892258055,411817.9162834868,455006.77520606737,8366.316447324267
980,455007.5361469969,36501.54065964365,418505.99548735324,455007.5361469969,8366.316447324267
981,455008.29708792624,42572.53055839043,412435.7665295358,455008.29708792624,8366.316447324267
982,455009.0580288556,52887.181510152295,402121.8765187033,455009.0580288556,8366.316447324267
983,455009.81896978506,40947.72664867208,414062.092321113,455009.81896978506,8366.316447324267
984,455010.57991071435,47724.18098131864,407286.3989293957,455010.57991071435,8366.316447324267
985,455011.3408516439,49810.093733436835,405201.24711820704,455011.3408516439,8366.316447324267
986,455012.1017925733,62756.17368579435,392255.92810677894,455012.1017925733,8366.316447324267
987,455012.8627335026,175886.95570424566,279125.9070292569,455012.8627335026,8366.316447324267
988,455013.62367443205,287322.7209509347,167690.90272349733,455013.62367443205,8366.316447324267
989,455014.3846153614,240975.33073731826,214039.05387804314,455014.3846153614,8366.316447324267
990,455015.14555629087,323057.27583113575,131957.86972515512,455015.14555629087,8366.316447324267
991,455015.90649722016,284705.17733208544,170310.72916513475,455015.90649722016,8366.316447324267
992,455016.66743814957,404676.88525089005,50339.78218725955,455016.66743814957,8366.316447324267
993,455017.4283790791,369315.8650116094,85701.56336746973,455017.4283790791,8366.316447324267
994,455018.18932000845,21657.247998665494,433360.94132134295,455018.18932000845,8366.316447324267
995,455018.95026093785,27776.025949912088,427242.92431102577,455018.95026093785,8366.316447324267
996,455019.7112018672,31683.84600196354,423335.86519990367,455019.7112018672,8366.316447324267
997,455020.4721427966,32483.964810489444,422536.50733230717,455020.4721427966,8366.316447324267
998,455021.23308372614,29880.98740500887,425140.24567871727,455021.23308372614,8366.316447324267
999,455021.99402465543,60203.56939604343,394818.424628612,455021.99402465543,8366.316447324267
1000,455022.75496558484,41754.89489370561,413267.86007187923,455022.75496558484,8366.316447324267
1001,455023.51590651425,99556.20223869575,355467.3136678185,455023.51590651425,8366.316447324267
1002,455024.2768474436,49410.84416548279,405613.4326819608,455024.2768474436,8366.316447324267
1003,455025.0377883731,77348.7270107569,377676.3107776162,455025.0377883731,8366.316447324267
1004,455025.7987293025,71848.67383835482,383177.12489094766,455025.7987293025,8366.316447324267
1005,455026.55967023177,75516.64418817178,379509.91548206,455026.55967023177,8366.316447324267
1006,455027.3206111613,63308.44566490286,391718.87494625844,455027.3206111613,8366.316447324267
1007,455028.0815520907,114238.85626575258,340789.2252863381,455028.0815520907,8366.316447324267
1008,455028.84249302006,102500.08810878993,352528.7543842301,455028.84249302006,8366.316447324267
1009,455029.60343394947,102500.84904971934,352528.7543842301,455029.60343394947,8366.316447324267
1010,455030.3643748789,107016.81348983804,348013.55088504084,455030.3643748789,8366.316447324267
1011,455031.1253158083,155912.5086733295,299118.6166424788,455031.1253158083,8366.316447324267
1012,455031.8862567377,63610.052246040315,391421.8340106974,455031.8862567377,8366.316447324267
1013,455032.6471976671,97467.6263014059,357565.0208962612,455032.6471976671,8366.316447324267
1014,455033.40813859645,72002.98163579643,383030.4265028,455033.40813859645,8366.316447324267
1015,455034.16907952586,17005.57726265851,438028.59181686735,455034.16907952586,8366.316447324267
1016,455034.93002045533,172967.51598531322,282067.4140351421,455034.93002045533,8366.316447324267
1017,455035.6909613847,331904.14206340746,123131.54889797725,455035.6909613847,8366.316447324267
1018,455036.4519023141,292850.08934327273,162186.3625590414,455036.4519023141,8366.316447324267
1019,455037.2128432435,219967.94060418013,235069.27223906337,455037.2128432435,8366.316447324267
1020,455037.9737841729,147463.30808072374,307574.66570344917,455037.9737841729,8366.316447324267
1021,455038.73472510226,262565.36008572404,192473.37463937822,455038.73472510226,8366.316447324267
1022,455039.4956660318,121595.19738308847,333444.2982829433,455039.4956660318,8366.316447324267
1023,455040.2566069611,136654.3872269825,318385.86937997857,455040.2566069611,8366.316447324267
1024,455041.01754789054,244425.3391254156,210615.67842247494,455041.01754789054,8366.316447324267
1025,455041.77848881995,407603.0872649276,47438.6912238923,455041.77848881995,8366.316447324267
1026,455042.53942974925,419747.6697477916,35294.86968195762,455042.53942974925,8366.316447324267
1027,455043.3003706788,288143.6164845793,166899.68388609946,455043.3003706788,8366.316447324267
1028,455044.0613116081,33434.68438812456,421609.37692348356,455044.0613116081,8366.316447324267
1029,455044.8222525374,61418.9165781411,393625.9056743963,455044.8222525374,8366.316447324267
1030,455045.58319346694,361057.30981024075,93988.27338322619,455045.58319346694,8366.316447324267
1031,455046.3441343963,301541.4332654182,153504.91086897807,455046.3441343963,8366.316447324267
1032,455047.1050753257,240805.91171644186,214241.19335888384,455047.1050753257,8366.316447324267
1033,455047.8660162551,166026.7613642423,289021.1046520128,455047.8660162551,8366.316447324267
1034,455048.6269571845,75186.61939501239,379862.00756217213,455048.6269571845,8366.316447324267
1035,455049.387898114,189057.88384739112,265991.50405072287,455049.387898114,8366.316447324267
1036,455050.1488390433,64925.08653196,390125.0623070833,455050.1488390433,8366.316447324267
1037,455050.9097799728,207266.5408018884,247784.3689780844,455050.9097799728,8366.316447324267
1038,455051.67072090216,48566.21745704167,406485.4532638605,455051.67072090216,8366.316447324267
1039,455052.4316618315,132991.85251793393,322060.5791438976,455052.4316618315,8366.316447324267
1040,455053.192602761,137072.1514299895,317981.0411727715,455053.192602761,8366.316447324267
1041,455053.95354369027,162135.15490088845,292918.7986428018,455053.95354369027,8366.316447324267
1042,455054.7144846197,97095.9626889106,357958.7517957091,455054.7144846197,8366.316447324267
1043,455055.4754255492,147119.46901460364,307936.00641094556,455055.4754255492,8366.316447324267
1044,455056.2363664785,264040.86205907876,191015.37430739973,455056.2363664785,8366.316447324267
1045,455056.99730740796,384250.88541868306,70806.1118887249,455056.99730740796,8366.316447324267
1046,455057.7582483373,446315.03912324295,8742.71912509438,455057.7582483373,8366.316447324267
1047,455058.5191892667,250678.41401058828,204380.10517867844,455058.5191892667,8366.316447324267
1048,455059.28013019625,355399.07587868924,99660.204251507,455059.28013019625,8366.316447324267
1049,455060.0410711256,353455.71373816545,101604.32733296015,455060.0410711256,8366.316447324267
1050,455060.802012055,273363.56802557886,181697.23398647615,455060.802012055,8366.316447324267
1051,455061.56295298436,48527.87140878319,406533.69154420117,455061.56295298436,8366.316447324267
1052,455062.32389391377,156050.1987344036,299012.1251595102,455062.32389391377,8366.316447324267
1053,455063.08483484323,50513.04058988555,404550.0442449577,455063.08483484323,8366.316447324267
1054,455063.8457757725,51835.78671478655,403228.059060986,455063.8457757725,8366.316447324267
1055,455064.6067167019,189388.65055200295,265675.95616469893,455064.6067167019,8366.316447324267
1056,455065.3676576314,266222.5628133643,188842.80484426706,455065.3676576314,8366.316447324267
1057,455066.1285985608,321840.04471352743,133226.08388503335,455066.1285985608,8366.316447324267
1058,455066.8895394901,386265.01781603426,68801.87172345587,455066.8895394901,8366.316447324267
1059,455067.6504804195,324642.439631241,130425.21084917849,455067.6504804195,8366.316447324267
1060,455068.411421349,400729.7676661744,54338.64375517457,455068.411421349,8366.316447324267
1061,455069.17236227845,370354.50159417884,84714.67076809963,455069.17236227845,8366.316447324267
1062,455069.9333032078,315630.5228067432,139439.41049646458,455069.9333032078,8366.316447324267
1063,455070.69424413715,282257.14215407346,172813.55209006372,455070.69424413715,8366.316447324267
1064,455071.4551850666,337793.4369246989,117278.01826036772,455071.4551850666,8366.316447324267
1065,455072.21612599597,357315.35230890533,97756.86381709065,455072.21612599597,8366.316447324267
1066,455072.97706692544,355072.97706692544,100000.0,455072.97706692544,8366.316447324267
1067,455073.7380078547,355073.7380078547,100000.0,455073.7380078547,8366.316447324267
1068,455074.4989487841,355074.4989487841,100000.0,455074.4989487841,8366.316447324267
1069,455075.2598897136,355075.2598897136,100000.0,455075.2598897136,8366.316447324267
1070,455076.02083064296,356620.70800328226,98455.3128273607,455076.02083064296,8366.316447324267
1071,455076.78177157236,361480.1641524786,93596.61761909375,455076.78177157236,8366.316447324267
1072,455077.5427125018,378478.63537274377,76598.907339758,455077.5427125018,8366.316447324267
1073,455078.3036534311,444269.4436678015,10808.859985629619,455078.3036534311,8366.316447324267
1074,455079.06459436065,436925.08149289736,18153.983101463306,455079.06459436065,8366.316447324267
1075,455079.82553529006,442288.2520296617,12791.573505628377,455079.82553529006,8366.316447324267
1076,455080.5864762194,455080.5864762194,0.0,455080.5864762194,8366.316447324267
1077,455081.3474171488,455081.3474171488,0.0,455081.3474171488,8366.316447324267
1078,455082.10835807817,455082.10835807817,0.0,455082.10835807817,8366.316447324267
1079,455082.86929900764,455082.86929900764,0.0,455082.86929900764,8366.316447324267
1080,455083.63023993705,455083.63023993705,0.0,455083.63023993705,8366.316447324267
1081,455084.39118086634,455084.39118086634,0.0,455084.39118086634,8366.316447324267
1082,455085.1521217958,455085.1521217958,0.0,455085.1521217958,8366.316447324267
1083,455085.91306272516,455085.91306272516,0.0,455085.91306272516,8366.316447324267
1084,455086.6740036547,455086.6740036547,0.0,455086.6740036547,8366.316447324267
1085,455087.434944584,455087.434944584,0.0,455087.434944584,8366.316447324267
1086,455088.1958855134,455088.1958855134,0.0,455088.1958855134,8366.316447324267
1087,455088.95682644285,392328.9964206397,62759.96040580316,455088.95682644285,8366.316447324267
1088,455089.7177673722,365532.17740804085,89557.54035933137,455089.7177673722,8366.316447324267
1089,455090.47870830155,357529.03696109576,97561.44174720583,455090.47870830155,8366.316447324267
1090,455091.2396492311,355295.506553607,99795.73309562408,455091.2396492311,8366.316447324267
1091,455092.0005901604,355267.2592692146,99824.74132094576,455092.0005901604,8366.316447324267
1092,455092.7615310899,355810.38892112335,99282.37260996654,455092.7615310899,8366.316447324267
1093,455093.52247201925,356995.3434756974,98098.17899632188,455093.52247201925,8366.316447324267
1094,455094.28341294854,336800.76740431,118293.51600863854,455094.28341294854,8366.316447324267
1095,455095.0443538781,381102.61213582056,73992.43221805754,455095.0443538781,8366.316447324267
1096,455095.8052948074,358317.1428678715,96778.66242693592,455095.8052948074,8366.316447324267
1097,455096.5662357369,419400.3947070308,35696.17152870608,455096.5662357369,8366.316447324267
1098,455097.3271766662,433946.26638326567,21151.060793400506,455097.3271766662,8366.316447324267
1099,455098.08811759565,263345.2670207985,191752.82109679715,455098.08811759565,8366.316447324267
1100,455098.84905852505,33702.106023907254,421396.7430346178,455098.84905852505,8366.316447324267
1101,455099.60999945446,32697.432636785903,422402.17736266856,455099.60999945446,8366.316447324267
1102,455100.3709403839,32586.61775674182,422513.75318364205,455100.3709403839,8366.316447324267
1103,455101.1318813132,32587.37869767117,422513.75318364205,455101.1318813132,8366.316447324267
1104,455101.89282224263,32588.13963860058,422513.75318364205,455101.89282224263,8366.316447324267
1105,455102.65376317216,32706.684367872076,422395.9693953001,455102.65376317216,8366.316447324267
1106,455103.41470410145,40730.82329454535,414372.5914095561,455103.41470410145,8366.316447324267
1107,455104.17564503086,43665.92855520325,411438.2470898276,455104.17564503086,8366.316447324267
1108,455104.93658596027,55471.28744745342,399633.64913850685,455104.93658596027,8366.316447324267
1109,455105.6975268896,45924.61174668616,409181.08578020346,455105.6975268896,8366.316447324267
1110,455106.45846781915,32501.339657014236,422605.1188108049,455106.45846781915,8366.316447324267
1111,488614.8962314696,0.0,488614.8962314696,488614.8962314696,8366.316447324267
1112,455107.98034967785,108936.87206889625,346171.1082807816,455107.98034967785,8366.316447324267
1113,455108.74129060726,51792.44453245483,403316.2967581524,455108.74129060726,8366.316447324267
1114,508942.81832984136,0.0,508942.81832984136,508942.81832984136,8366.316447324267
1115,510344.6849313464,0.0,510344.6849313464,510344.6849313464,8366.316447324267
1116,509982.68951539707,0.0,509982.68951539707,509982.68951539707,8366.316447324267
1117,514944.95593779313,0.0,514944.95593779313,514944.95593779313,8366.316447324267
1118,515609.4179011276,0.0,515609.4179011276,515609.4179011276,8366.316447324267
1119,517205.617991478,0.0,517205.617991478,517205.617991478,8366.316447324267
1120,501297.01332176605,0.0,501297.01332176605,501297.01332176605,8366.316447324267
1121,455114.8288180425,56665.60789336695,398449.2209246755,455114.8288180425,8366.316447324267
1122,455115.5897589719,62543.053707072046,392572.53605189984,455115.5897589719,8366.316447324267
1123,455116.35069990135,36549.972821892006,418566.37787800934,455116.35069990135,8366.316447324267
1124,455117.1116408307,45460.697372113296,409656.4142687174,455117.1116408307,8366.316447324267
1125,455117.87258176005,167595.97665974422,287521.8959220158,455117.87258176005,8366.316447324267
1126,455118.6335226895,234395.87855320398,220722.75496948554,455118.6335226895,8366.316447324267
1127,455119.39446361887,297705.9965658608,157413.39789775808,455119.39446361887,8366.316447324267
1128,455120.1554045483,349774.4318400374,105345.72356451087,455120.1554045483,8366.316447324267
1129,455120.9163454778,378985.3444007321,76135.5719447457,455120.9163454778,8366.316447324267
1130,455121.6772864071,391950.60882983205,63171.06845657501,455121.6772864071,8366.316447324267
1131,455122.43822733656,422399.79329227854,32722.644935058,455122.43822733656,8366.316447324267
1132,455123.199168266,388805.6222420591,66317.5769262069,455123.199168266,8366.316447324267
1133,455123.96010919526,399986.56929883716,55137.390810358105,455123.96010919526,8366.316447324267
1134,455124.72105012473,405923.28547671274,49201.43557341196,455124.72105012473,8366.316447324267
1135,455125.4819910541,299220.1054641294,155905.37652692467,455125.4819910541,8366.316447324267
1136,455126.24293198355,335123.3757337415,120002.86719824203,455126.24293198355,8366.316447324267
1137,455127.00387291296,355127.00387291296,100000.0,455127.00387291296,8366.316447324267
1138,455127.7648138423,355127.7648138423,100000.0,455127.7648138423,8366.316447324267
1139,455128.5257547717,355128.5257547717,100000.0,455128.5257547717,8366.316447324267
1140,455129.2866957011,355129.2866957011,100000.0,455129.2866957011,8366.316447324267
1141,455130.04763663054,329918.7816210248,125211.26601560571,455130.04763663054,8366.316447324267
1142,455130.80857756,300179.8924553269,154950.9161222331,455130.80857756,8366.316447324267
1143,455131.5695184893,293388.24820661795,161743.32131187135,455131.5695184893,8366.316447324267
1144,455132.3304594188,289176.686303662,165955.64415575677,455132.3304594188,8366.316447324267
1145,455133.0914003481,310150.09084864904,144983.0005516991,455133.0914003481,8366.316447324267
1146,455133.8523412775,291671.0274608804,163462.82488039712,455133.8523412775,8366.316447324267
1147,455134.613282207,220799.30373882467,234335.30954338232,455134.613282207,8366.316447324267
1148,455135.3742231363,166886.4803719406,288248.8938511957,455135.3742231363,8366.316447324267
1149,455136.1351640657,203011.69202219797,252124.44314186773,455136.1351640657,8366.316447324267
1150,455136.89610499516,171874.16752600932,283262.72857898584,455136.89610499516,8366.316447324267
1151,455137.6570459245,136963.89555682841,318173.7614890961,455137.6570459245,8366.316447324267
1152,455138.417986854,195819.35833690746,259319.05964994652,455138.417986854,8366.316447324267
1153,455139.1789277834,151934.69624810742,303204.482679676,455139.1789277834,8366.316447324267
1154,455139.93986871274,47187.213928678655,407952.7259400341,455139.93986871274,8366.316447324267
1155,455140.7008096422,49524.66053137864,405616.04027826356,455140.7008096422,8366.316447324267
1156,455141.46175057156,38711.649136844266,416429.8126137273,455141.46175057156,8366.316447324267
1157,455142.222691501,39742.46615471516,415399.75653678586,455142.222691501,8366.316447324267
1158,455142.9836324304,38368.17322328745,416774.8104091429,455142.9836324304,8366.316447324267
1159,476358.2241668364,0.0,476358.2241668364,476358.2241668364,8366.316447324267
1160,478514.5244238697,0.0,478514.5244238697,478514.5244238697,8366.316447324267
1161,516095.3100108303,0.0,516095.3100108303,516095.3100108303,8366.316447324267
1162,455146.02739614795,24280.45327571861,430865.57412042934,455146.02739614795,8366.316447324267
1163,455146.78833707736,4803.758480995428,450343.02985608194,455146.78833707736,8366.316447324267
1164,467667.5735162117,0.0,467667.5735162117,467667.5735162117,8366.316447324267
1165,460480.9601336608,0.0,460480.9601336608,460480.9601336608,8366.316447324267
1166,455149.0711598656,11716.079481791763,443432.9916780738,455149.0711598656,8366.316447324267
1167,455149.832100795,25834.547642443504,429315.2844583515,455149.832100795,8366.316447324267
1168,455150.59304172447,31665.952009710774,423484.6410320137,455150.59304172447,8366.316447324267
1169,455151.3539826538,32765.194069155434,422386.1599134984,455151.3539826538,8366.316447324267
1170,455152.1149235832,32811.72327031166,422340.39165327157,455152.1149235832,8366.316447324267
1171,455152.87586451264,32661.875959024183,422490.99990548845,455152.87586451264,8366.316447324267
1172,455153.636805442,32639.883621799934,422513.75318364205,455153.636805442,8366.316447324267
1173,455154.39774637145,32640.6445627294,422513.75318364205,455154.39774637145,8366.316447324267
1174,455155.1586873008,32641.405503658752,422513.75318364205,455155.1586873008,8366.316447324267
1175,455155.9196282301,32400.954744272458,422754.96488395764,455155.9196282301,8366.316447324267
1176,455156.6805691596,48166.24097980338,406990.43958935625,455156.6805691596,8366.316447324267
1177,455157.44151008903,32821.88508881588,422335.55642127316,455157.44151008903,8366.316447324267
1178,455158.2024510184,32673.131883972615,422485.07056704577,455158.2024510184,8366.316447324267
1179,455158.9633919478,32665.504925732967,422493.4584662148,455158.9633919478,8366.316447324267
1180,455159.7243328772,291823.7743337961,163335.9499990811,455159.7243328772,8366.316447324267
1181,455160.4852738066,306031.21195510647,149129.27331870017,455160.4852738066,8366.316447324267
1182,455161.2462147361,109129.9817021485,346031.2645125876,455161.2462147361,8366.316447324267
1183,473215.6517220407,0.0,473215.6517220407,473215.6517220407,8366.316447324267
1184,455162.76809659484,70568.65651833551,384594.1115782593,455162.76809659484,8366.316447324267
1185,455163.5290375242,156757.65488806536,298405.87414945883,455163.5290375242,8366.316447324267
1186,455164.2899784537,168453.68128173577,286710.60869671794,455164.2899784537,8366.316447324267
1187,455165.05091938295,87913.59036909329,367251.46055028966,455165.05091938295,8366.316447324267
1188,455165.81186031236,75960.84549674887,379204.9663635635,455165.81186031236,8366.316447324267
1189,455166.5728012419,129636.53020629287,325530.042594949,455166.5728012419,8366.316447324267
1190,455167.3337421712,69413.74907705159,385753.5846651196,455167.3337421712,8366.316447324267
1191,463491.0682481642,0.0,463491.0682481642,463491.0682481642,8366.316447324267
1192,461244.4298320459,0.0,461244.4298320459,461244.4298320459,8366.316447324267
1193,455169.6165649594,31494.89912939741,423674.717435562,455169.6165649594,8366.316447324267
1194,455170.37750588893,67935.8357919344,387234.54171395453,455170.37750588893,8366.316447324267
1195,455171.1384468183,32771.568488245946,422399.56995857233,455171.1384468183,8366.316447324267
1196,455171.8993877477,32485.054888282437,422686.84449946525,455171.8993877477,8366.316447324267
1197,455172.66032867704,32706.743312940176,422465.91701573686,455172.66032867704,8366.316447324267
1198,455173.42126960645,32659.668085964397,422513.75318364205,455173.42126960645,8366.316447324267
1199,455174.1822105359,32660.429026893864,422513.75318364205,455174.1822105359,8366.316447324267
1200,455174.94315146527,32661.189967823215,422513.75318364205,455174.94315146527,8366.316447324267
1201,455175.7040923946,32661.950908752566,422513.75318364205,455175.7040923946,8366.316447324267
1202,455176.465033324,32662.711849681975,422513.75318364205,455176.465033324,8366.316447324267
1203,455177.22597425344,32706.848604902567,422470.37736935087,455177.22597425344,8366.316447324267
1204,455177.98691518296,32664.23373154091,422513.75318364205,455177.98691518296,8366.316447324267
1205,455178.7478561122,32827.60766079876,422351.14019531343,455178.7478561122,8366.316447324267
1206,455179.5087970416,34664.85982637317,420514.64897066844,455179.5087970416,8366.316447324267
1207,455180.26973797113,3836.4397684629075,451343.8299695082,455180.26973797113,8366.316447324267
1208,455181.0306789005,169940.88142591686,285240.1492529836,455181.0306789005,8366.316447324267
1209,455181.7916198299,219633.9174320313,235547.8741877986,455181.7916198299,8366.316447324267
1210,455182.55256075936,274617.07494489127,180565.47761586806,455182.55256075936,8366.316447324267
1211,455183.31350168865,272429.8612126012,182753.45228908747,455183.31350168865,8366.316447324267
1212,455184.0744426181,306260.6699585533,148923.40448406484,455184.0744426181,8366.316447324267
1213,455184.8353835475,298006.29716386565,157178.53821968188,455184.8353835475,8366.316447324267
1214,455185.59632447676,300483.9681373652,154701.6281871116,455185.59632447676,8366.316447324267
1215,455186.3572654063,311933.6366096854,143252.72065572094,455186.3572654063,8366.316447324267
1216,455187.1182063357,331899.73235964926,123287.38584668642,455187.1182063357,8366.316447324267
1217,455187.8791472651,330288.76426357834,124899.11488368677,455187.8791472651,8366.316447324267
1218,455188.64008819446,394660.3093176854,60528.33077050908,455188.64008819446,8366.316447324267
1219,455189.40102912387,360332.53559291014,94856.86543621372,455189.40102912387,8366.316447324267
1220,455190.16197005333,193080.16480791027,262109.99716214306,455190.16197005333,8366.316447324267
1221,455190.92291098274,50680.94929955504,404509.9736114277,455190.92291098274,8366.316447324267
1222,455191.6838519121,33685.84498148481,421505.8388704273,455191.6838519121,8366.316447324267
1223,455192.4447928415,32507.99669896782,422684.4480938737,455192.4447928415,8366.316447324267
1224,455193.2057337709,44681.78471192566,410511.42102184525,455193.2057337709,8366.316447324267
1225,455193.9666747004,32410.004764438898,422783.9619102615,455193.9666747004,8366.316447324267
1226,455194.72761562973,34740.02367020218,420454.70394542755,455194.72761562973,8366.316447324267
1227,455195.4885565591,33674.01320293604,421521.47535362304,455195.4885565591,8366.316447324267
1228,455196.24949748855,32499.029541731346,422697.2199557572,455196.24949748855,8366.316447324267
1229,455197.0104384179,32842.176024006854,422354.83441441105,455197.0104384179,8366.316447324267
1230,455197.77137934737,32779.44340748823,422418.32797185914,455197.77137934737,8366.316447324267
1231,455198.5323202768,29066.041224037297,426132.4910962395,455198.5323202768,8366.316447324267
1232,455199.293261206,34547.35214190034,420651.9411193057,455199.293261206,8366.316447324267
1233,455200.05420213554,206404.98173138787,248795.07247074766,455200.05420213554,8366.316447324267
1234,455200.81514306495,99482.55898109212,355718.2561619728,455200.81514306495,8366.316447324267
1235,455201.5760839943,58733.88391478098,396467.6921692133,455201.5760839943,8366.316447324267
1236,455202.33702492376,21180.70828365168,434021.6287412721,455202.33702492376,8366.316447324267
1237,455203.09796585306,12035.691380119824,443167.40658573323,455203.09796585306,8366.316447324267
1238,455203.8589067826,6828.422874797776,448375.4360319848,455203.8589067826,8366.316447324267
1239,455204.619847712,10933.208783980459,444271.41106373153,455204.619847712,8366.316447324267
1240,455205.3807886413,17069.894869511016,438135.48591913027,455205.3807886413,8366.316447324267
1241,455206.14172957075,32098.706734498206,423107.43499507254,455206.14172957075,8366.316447324267
1242,455206.9026705001,32702.861973977007,422504.0406965231,455206.9026705001,8366.316447324267
1243,455207.6636114296,32843.188368698524,422364.4752427311,455207.6636114296,8366.316447324267
1244,455208.424552359,32694.671368716925,422513.75318364205,455208.424552359,8366.316447324267
1245,455209.18549328827,32474.84396017919,422734.3415331091,455209.18549328827,8366.316447324267
1246,455209.94643421774,42867.090400153014,412342.8560340647,455209.94643421774,8366.316447324267
1247,455210.70737514715,49710.33787785674,405500.3694972904,455210.70737514715,8366.316447324267
1248,455211.46831607656,114102.98508962605,341108.4832264505,455211.46831607656,8366.316447324267
1249,455212.2292570059,232642.0197584227,222570.2094985832,455212.2292570059,8366.316447324267
1250,455212.9901979353,262184.9092552154,193028.08094271994,455212.9901979353,8366.316447324267
1251,455213.75113886484,343893.5128927365,111320.23824612836,455213.75113886484,8366.316447324267
1252,455214.5120797941,407753.8695871285,47460.64249266559,455214.5120797941,8366.316447324267
1253,455215.27302072354,421992.0968490302,33223.17617169337,455215.27302072354,8366.316447324267
1254,455216.03396165295,425457.08814439626,29758.945817256677,455216.03396165295,8366.316447324267
1255,455216.7949025823,452091.47257400275,3125.3223285795298,455216.7949025823,8366.316447324267
1256,455217.55584351183,452210.15105782484,3007.404785687011,455217.55584351183,8366.316447324267
1257,455218.3167844412,447375.5941177606,7842.722666680602,455218.3167844412,8366.316447324267
1258,455219.07772537053,447110.2991824122,8108.778542958291,455219.07772537053,8366.316447324267
1259,455219.83866629994,363068.42447031057,92151.4141959894,455219.83866629994,8366.316447324267
1260,455220.59960722935,401749.1974831221,53471.40212410726,455220.59960722935,8366.316447324267
1261,455221.36054815876,432517.4984887974,22703.86205936138,455221.36054815876,8366.316447324267
1262,455222.1214890882,409687.1820043691,45534.93948471915,455222.1214890882,8366.316447324267
1263,455222.8824300176,397199.08395443973,58023.798475577816,455222.8824300176,8366.316447324267
1264,455223.643370947,375054.58748314483,80169.05588780215,455223.643370947,8366.316447324267
1265,455224.4043118764,369446.2988113385,85778.10550053793,455224.4043118764,8366.316447324267
1266,455225.1652528058,188424.3508805341,266800.8143722717,455225.1652528058,8366.316447324267
1267,455225.92619373515,90419.08258270257,364806.8436110326,455225.92619373515,8366.316447324267
1268,455226.68713466456,118721.33986998297,336505.3472646816,455226.68713466456,8366.316447324267
1269,455227.4480755939,113458.61768836202,341768.8303872319,455227.4480755939,8366.316447324267
1270,455228.2090165234,156618.06706008012,298610.14195644326,455228.2090165234,8366.316447324267
1271,455228.9699574528,251700.353177535,203528.6167799178,455228.9699574528,8366.316447324267
1272,455229.7308983822,272748.49326019495,182481.23763818725,455229.7308983822,8366.316447324267
1273,455230.49183931155,120340.34902283718,334890.14281647437,455230.49183931155,8366.316447324267
1274,455231.25278024096,201496.0427737032,253735.21000653776,455231.25278024096,8366.316447324267
1275,455232.0137211705,188529.54004832153,266702.47367284895,455232.0137211705,8366.316447324267
1276,455232.7746620998,87825.50540607359,367407.2692560262,455232.7746620998,8366.316447324267
1277,455233.53560302925,182147.5075128661,273086.02809016313,455233.53560302925,8366.316447324267
1278,455234.29654395866,168881.02397481794,286353.2725691407,455234.29654395866,8366.316447324267
1279,455235.05748488795,197577.7768839865,257657.28060090146,455235.05748488795,8366.316447324267
1280,455235.8184258174,347654.9750342599,107580.84339155753,455235.8184258174,8366.316447324267
1281,455236.5793667468,322570.2419033496,132666.33746339724,455236.5793667468,8366.316447324267
1282,455237.3403076761,380333.2976070925,74904.04270058365,455237.3403076761,8366.316447324267
1283,455238.10124860564,422264.1588139861,32973.94243461954,455238.10124860564,8366.316447324267
1284,455238.862189535,441569.6705762655,13669.19161326949,455238.862189535,8366.316447324267
1285,455239.6231304644,409988.8735277744,45250.749602689975,455239.6231304644,8366.316447324267
1286,455240.3840713938,402490.708460246,52749.67561114783,455240.3840713938,8366.316447324267
1287,455241.1450123232,454695.1290197242,546.0159925990064,455241.1450123232,8366.316447324267
1288,455241.9059532527,454976.32080334076,265.58514991190805,455241.9059532527,8366.316447324267
1289,455242.66689418204,455242.66689418204,0.0,455242.66689418204,8366.316447324267
1290,455243.4278351115,455243.4278351115,0.0,455243.4278351115,8366.316447324267
1291,455244.18877604086,455244.18877604086,0.0,455244.18877604086,8366.316447324267
1292,455244.9497169702,455244.9497169702,0.0,455244.9497169702,8366.316447324267
1293,455245.71065789973,175761.1572520109,279484.55340588884,455245.71065789973,8366.316447324267
1294,455246.4715988289,307578.3307481336,147668.14085069534,455246.4715988289,8366.316447324267
1295,455247.2325397584,122966.20311357162,332281.02942618675,455247.2325397584,8366.316447324267
1296,455247.9934806879,39039.97563000122,416208.0178506867,455247.9934806879,8366.316447324267
1297,455248.7544216172,33896.46730843093,421352.28711318626,455248.7544216172,8366.316447324267
1298,455249.51536254666,32509.021294955397,422740.49406759127,455249.51536254666,8366.316447324267
1299,455250.276303476,32717.65075880295,422532.62554467306,455250.276303476,8366.316447324267
1300,455251.0372444054,32823.92764568236,422427.10959872307,455251.0372444054,8366.316447324267
1301,455251.7981853349,32830.15716268931,422421.6410226456,455251.7981853349,8366.316447324267
1302,455252.5591262643,32567.226333893603,422685.3327923707,455252.5591262643,8366.316447324267
1303,477742.03527453827,0.0,477742.03527453827,477742.03527453827,8366.316447324267
1304,455254.08100812306,244389.7904957654,210864.29051235766,455254.08100812306,8366.316447324267
1305,455254.8419490525,297888.432136738,157366.40981231452,455254.8419490525,8366.316447324267
1306,455255.60288998194,309751.33331016055,145504.2695798214,455255.60288998194,8366.316447324267
1307,455256.3638309112,346142.9114470241,109113.45238388714,455256.3638309112,8366.316447324267
1308,455257.12477184064,326256.82416720426,129000.30060463636,455257.12477184064,8366.316447324267
1309,455257.88571277005,347700.34920821094,107557.53650455913,455257.88571277005,8366.316447324267
1310,455258.64665369946,392139.34680620936,63119.29984749011,455258.64665369946,8366.316447324267
1311,455259.4075946289,400589.43570621574,54669.97188841321,455259.4075946289,8366.316447324267
1312,455260.1685355582,404260.78237952554,50999.38615603266,455260.1685355582,8366.316447324267
1313,455260.9294764877,371851.316433789,83409.61304269874,455260.9294764877,8366.316447324267
1314,455261.6904174171,378464.76407029794,76796.92634711918,455261.6904174171,8366.316447324267
1315,455262.4513583465,326383.6233030063,128878.82805534021,455262.4513583465,8366.316447324267
1316,455263.2122992759,321103.6596739432,134159.55262533276,455263.2122992759,8366.316447324267
1317,455263.9732402053,382068.5480027633,73195.42523744203,455263.9732402053,8366.316447324267
1318,455264.73418113467,87878.74743004784,367385.98675108684,455264.73418113467,8366.316447324267
1319,455265.49512206414,415045.8555778517,40219.639544212456,455265.49512206414,8366.316447324267
1320,455266.25606299355,245376.5009474361,209889.75511555743,455266.25606299355,8366.316447324267
1321,455267.0170039228,255947.9951029854,199319.02190093737,455267.0170039228,8366.316447324267
1322,455267.7779448523,230665.13712096447,224602.64082388784,455267.7779448523,8366.316447324267
1323,455268.5388857817,216482.09563526773,238786.44325051398,455268.5388857817,8366.316447324267
1324,455269.29982671107,106290.27211670013,348979.02771001094,455269.29982671107,8366.316447324267
1325,455270.0607676405,119699.87401458435,335570.1867530561,455270.0607676405,8366.316447324267
1326,455270.8217085699,123557.56985957926,331713.2518489906,455270.8217085699,8366.316447324267
1327,455271.5826494993,167156.09320828988,288115.4894412094,455271.5826494993,8366.316447324267
1328,455272.34359042876,211527.91244322967,243744.4311471991,455272.34359042876,8366.316447324267
1329,455273.1045313581,179168.06266728038,276105.04186407774,455273.1045313581,8366.316447324267
1330,455273.8654722875,281971.82074016077,173302.04473212673,455273.8654722875,8366.316447324267
1331,455274.6264132169,301928.5250518185,153346.10136139835,455274.6264132169,8366.316447324267
1332,455275.38735414634,286705.7358166415,168569.6515375049,455275.38735414634,8366.316447324267
1333,455276.14829507575,296541.93779720634,158734.2104978694,455276.14829507575,8366.316447324267
1334,455276.90923600504,190800.1187734474,264476.79046255763,455276.90923600504,8366.316447324267
1335,455277.67017693457,125430.86159600294,329846.8085809316,455277.67017693457,8366.316447324267
1336,455278.43111786386,74202.19405418308,381076.2370636808,455278.43111786386,8366.316447324267
1337,455279.1920587934,359016.99216901104,96262.19988978234,455279.1920587934,8366.316447324267
1338,455279.95299972274,248225.17364172832,207054.7793579944,455279.95299972274,8366.316447324267
1339,455280.7139406521,117174.19050972798,338106.5234309241,455280.7139406521,8366.316447324267
1340,455281.47488158155,32810.70066873293,422470.7742128486,455281.47488158155,8366.316447324267
1341,455282.23582251096,32796.48206056055,422485.7537619504,455282.23582251096,8366.316447324267
1342,455282.9967634403,39284.83373977826,415998.16302366205,455282.9967634403,8366.316447324267
1343,455283.7577043698,32897.734868088795,422386.022836281,455283.7577043698,8366.316447324267
1344,455284.51864529913,32770.76546165708,422513.75318364205,455284.51864529913,8366.316447324267
1345,455285.2795862286,32771.52640258655,422513.75318364205,455285.2795862286,8366.316447324267
1346,455286.04052715795,32772.2873435159,422513.75318364205,455286.04052715795,8366.316447324267
1347,455286.80146808736,32785.91337852675,422500.8880895606,455286.80146808736,8366.316447324267
1348,455287.56240901677,32773.809225374716,422513.75318364205,455287.56240901677,8366.316447324267
1349,455288.3233499461,32774.57016630407,422513.75318364205,455288.3233499461,8366.316447324267
1350,455289.08429087565,32775.33110723359,422513.75318364205,455289.08429087565,8366.316447324267
1351,485409.08829555556,0.0,485409.08829555556,485409.08829555556,8366.316447324267
1352,514455.7458026469,0.0,514455.7458026469,514455.7458026469,8366.316447324267
1353,520521.72666728444,0.0,520521.72666728444,520521.72666728444,8366.316447324267
1354,515359.88919456856,0.0,515359.88919456856,515359.88919456856,8366.316447324267
1355,508673.14565384865,0.0,508673.14565384865,508673.14565384865,8366.316447324267
1356,509665.9218658423,0.0,509665.9218658423,509665.9218658423,8366.316447324267
1357,501597.37091435684,0.0,501597.37091435684,501597.37091435684,8366.316447324267
1358,504012.6570976677,0.0,504012.6570976677,504012.6570976677,8366.316447324267
1359,457162.16372707597,0.0,457162.16372707597,457162.16372707597,8366.316447324267
1360,455296.69370016956,11212.993077152933,444083.70062301663,455296.69370016956,8366.316447324267
1361,455297.454641099,30771.71776269056,424525.7368784084,455297.454641099,8366.316447324267
1362,455298.2155820284,42888.966746321996,412409.2488357064,455298.2155820284,8366.316447324267
1363,455298.97652295785,40879.37995301769,414419.59656994016,455298.97652295785,8366.316447324267
1364,455299.7374638872,32566.84660616354,422732.89085772366,455299.7374638872,8366.316447324267
1365,455300.49840481655,33634.81412413757,421665.684280679,455300.49840481655,8366.316447324267
1366,455301.25934574596,40358.620593531174,414942.6387522148,455301.25934574596,8366.316447324267
1367,455302.0202866754,33689.707079033484,421612.31320764194,455302.0202866754,8366.316447324267
1368,455302.78122760484,39991.50480730209,415311.27642030275,455302.78122760484,8366.316447324267
1369,455303.5421685342,41606.65976270952,413696.88240582467,455303.5421685342,8366.316447324267
1370,455304.3031094636,61447.775999875856,393856.52710958774,455304.3031094636,8366.316447324267
1371,455305.06405039306,130062.11729600042,325242.94675439264,455305.06405039306,8366.316447324267
1372,455305.8249913224,250507.42855302535,204798.39643829706,455305.8249913224,8366.316447324267
1373,455306.5859322519,355511.95983289054,99794.62609936131,455306.5859322519,8366.316447324267
1374,455307.34687318123,421464.30790559587,33843.03896758539,455307.34687318123,8366.316447324267
1375,455308.1078141106,451820.7193630323,3487.3884510782614,455308.1078141106,8366.316447324267
1376,455308.86875504005,440254.6391674833,15054.229587556734,455308.86875504005,8366.316447324267
1377,455309.62969596946,416978.0234510707,38331.60624489874,455309.62969596946,8366.316447324267
1378,455310.3906368987,382874.28851625347,72436.10212064526,455310.3906368987,8366.316447324267
1379,455311.1515778282,330789.9893446217,124521.1622332065,455311.1515778282,8366.316447324267
1380,455311.9125187576,302168.4847273811,153143.42779137654,455311.9125187576,8366.316447324267
1381,455312.673459687,292439.9218801328,162872.75157955417,455312.673459687,8366.316447324267
1382,455313.4344006165,260988.39170043386,194325.04270018265,455313.4344006165,8366.316447324267
1383,455314.1953415458,220061.9890119566,235252.2063295892,455314.1953415458,8366.316447324267
1384,455314.95628247526,212283.4974289624,243031.45885351286,455314.95628247526,8366.316447324267
1385,455315.7172234047,262355.51728142274,192960.19994198193,455315.7172234047,8366.316447324267
1386,455316.478164334,259495.9161994872,195820.56196484683,455316.478164334,8366.316447324267
1387,455317.23910526343,232012.89277716435,223304.34632809908,455317.23910526343,8366.316447324267
1388,455318.0000461928,87198.44317122764,368119.55687496514,455318.0000461928,8366.316447324267
1389,455318.7609871222,58018.545312047994,397300.2156750742,455318.7609871222,8366.316447324267
1390,455319.52192805166,44415.906863727316,410903.61506432435,455319.52192805166,8366.316447324267
1391,455320.282868981,32937.14664049167,422383.13622848934,455320.282868981,8366.316447324267
1392,455321.0438099105,32982.03558333841,422339.00822657207,455321.0438099105,8366.316447324267
1393,455321.80475083983,32560.971287980385,422760.83346285945,455321.80475083983,8366.316447324267
1394,455322.56569176924,32890.367315666284,422432.19837610296,455322.56569176924,8366.316447324267
1395,455323.32663269877,32823.22777699673,422500.09885570203,455323.32663269877,8366.316447324267
1396,455324.087573628,32947.62290690158,422376.4646667264,455324.087573628,8366.316447324267
1397,455324.8485145575,32811.09533091547,422513.75318364205,455324.8485145575,8366.316447324267
1398,455325.6094554869,32576.236169902782,422749.3732855841,455325.6094554869,8366.316447324267
1399,463206.5652499332,0.0,463206.5652499332,463206.5652499332,8366.316447324267
1400,455327.1313373457,252708.79159211318,202618.33974523252,455327.1313373457,8366.316447324267
1401,455327.892278275,241275.62539710122,214052.26688117377,455327.892278275,8366.316447324267
1402,455328.6532192044,238570.4631163794,216758.190102825,455328.6532192044,8366.316447324267
1403,455329.41416013386,205833.93695681982,249495.47720331405,455329.41416013386,8366.316447324267
1404,455330.1751010633,206530.42409061783,248799.75101044544,455330.1751010633,8366.316447324267
1405,455330.9360419927,270379.42797877645,184951.50806321623,455330.9360419927,8366.316447324267
1406,455331.69698292203,299338.2486701706,155993.44831275142,455331.69698292203,8366.316447324267
1407,455332.45792385144,171717.27677044418,283615.18115340726,455332.45792385144,8366.316447324267
1408,455333.2188647809,233177.03633934783,222156.18252543308,455333.2188647809,8366.316447324267
1409,455333.9798057103,160361.25104391575,294972.72876179457,455333.9798057103,8366.316447324267
1410,455334.7407466398,47719.35324857116,407615.3874980686,455334.7407466398,8366.316447324267
1411,455335.5016875691,39245.382251054456,416090.1194365146,455335.5016875691,8366.316447324267
1412,455336.2626284985,38690.721322150435,416645.54130634805,455336.2626284985,8366.316447324267
1413,455337.02356942784,33706.828380826686,421630.19518860115,455337.02356942784,8366.316447324267
1414,455337.78451035725,34615.838691936515,420721.94581842073,455337.78451035725,8366.316447324267
1415,455338.54545128666,49468.86984949029,405869.67560179636,455338.54545128666,8366.316447324267
1416,455339.30639221607,146927.35177758895,308411.9546146271,455339.30639221607,8366.316447324267
1417,455340.0673331455,238008.65567414902,217331.41165899645,455340.0673331455,8366.316447324267
1418,455340.82827407494,358678.2368401623,96662.5914339126,455340.82827407494,8366.316447324267
1419,455341.58921500423,379541.6766303539,75799.91258465032,455341.58921500423,8366.316447324267
1420,455342.35015593364,353343.23739067535,101999.11276525832,455342.35015593364,8366.316447324267
1421,455343.11109686317,392641.9645912587,62701.14650560452,455343.11109686317,8366.316447324267
1422,455343.8720377925,346119.955060584,109223.91697720853,455343.8720377925,8366.316447324267
1423,455344.6329787219,312552.4842050383,142792.1487736836,455344.6329787219,8366.316447324267
1424,455345.39391965134,337812.2729332931,117533.12098635825,455345.39391965134,8366.316447324267
1425,455346.1548605807,334548.96832030365,120797.18654027702,455346.1548605807,8366.316447324267
1426,455346.91580151016,268121.8958778912,187225.01992361894,455346.91580151016,8366.316447324267
1427,455347.6767424395,201184.5882042635,254163.088538176,455347.6767424395,8366.316447324267
1428,455348.4376833688,184567.00628045457,270781.4314029142,455348.4376833688,8366.316447324267
1429,455349.1986242983,52369.06331792631,402980.135306372,455349.1986242983,8366.316447324267
1430,455349.95956522773,46039.75278054306,409310.2067846847,455349.95956522773,8366.316447324267
1431,463787.12920215994,0.0,463787.12920215994,463787.12920215994,8366.316447324267
1432,479482.7979693923,0.0,479482.7979693923,479482.7979693923,8366.316447324267
1433,455352.24238801585,23136.25774567481,432215.98464234103,455352.24238801585,8366.316447324267
1434,455353.0033289454,82780.89724828384,372572.1060806615,455353.0033289454,8366.316447324267
1435,455353.7642698748,32623.798594733176,422729.9656751416,455353.7642698748,8366.316447324267
1436,455354.5252108042,32867.05213387316,422487.473076931,455354.5252108042,8366.316447324267
1437,455355.28615173354,32958.14903878822,422397.1371129453,455355.28615173354,8366.316447324267
1438,455356.0470926629,32724.48721462593,422631.55987803696,455356.0470926629,8366.316447324267
1439,455356.8080335924,42602.67959126824,412754.1284423242,455356.8080335924,8366.316447324267
1440,455357.56897452177,100174.50526116934,355183.0637133524,455357.56897452177,8366.316447324267
1441,455358.32991545106,153433.42960657453,301924.90030887653,455358.32991545106,8366.316447324267
1442,455359.0908563806,295042.12208793743,160316.96876844316,455359.0908563806,8366.316447324267
1443,455359.8517973098,366005.07269048924,89354.77910682061,455359.8517973098,8366.316447324267
1444,455360.61273823935,409926.9944424881,45433.61829575122,455360.61273823935,8366.316447324267
1445,455361.3736791687,424192.2352652489,31169.138413919783,455361.3736791687,8366.316447324267
1446,455362.13462009805,426010.22330311185,29351.911316986214,455362.13462009805,8366.316447324267
1447,455362.8955610276,334412.44884069735,120950.44672033022,455362.8955610276,8366.316447324267
1448,455363.656501957,340565.24696677877,114798.40953517819,455363.656501957,8366.316447324267
1449,455364.41744288633,289740.50858696573,165623.9088559206,455364.41744288633,8366.316447324267
1450,455365.17838381574,198736.57281707396,256628.60556674178,455365.17838381574,8366.316447324267
1451,455365.93932474515,206659.27870933188,248706.66061541328,455365.93932474515,8366.316447324267
1452,455366.7002656746,197300.7641362692,258065.93612940543,455366.7002656746,8366.316447324267
1453,455367.46120660397,70870.29539077682,384497.16581582715,455367.46120660397,8366.316447324267
1454,455368.2221475333,51918.19927043625,403450.0228770971,455368.2221475333,8366.316447324267
1455,455368.98308846273,39028.43827256514,416340.5448158976,455368.98308846273,8366.316447324267
1456,455369.74402939214,47574.862258354144,407794.881771038,455369.74402939214,8366.316447324267
1457,455370.50497032166,64962.93475731491,390407.57021300675,455370.50497032166,8366.316447324267
1458,455371.2659112509,35358.231616826204,420013.0342944247,455371.2659112509,8366.316447324267
1459,455372.0268521803,39203.626839537756,416168.40001264255,455372.0268521803,8366.316447324267
1460,455372.7877931098,42275.342473133,413097.4453199768,455372.7877931098,8366.316447324267
1461,455373.5487340392,33699.40625372564,421674.14248031355,455373.5487340392,8366.316447324267
1462,455374.3096749686,32640.317746828776,422733.9919281398,455374.3096749686,8366.316447324267
1463,455375.070615898,34283.57400167576,421091.49661422224,455375.070615898,8366.316447324267
1464,455375.83155682735,34709.58998793957,420666.2415688878,455375.83155682735,8366.316447324267
1465,455376.5924977568,40583.85893345758,414792.73356429924,455376.5924977568,8366.316447324267
1466,455377.35343868623,42455.64785601088,412921.70558267535,455377.35343868623,8366.316447324267
1467,455378.1143796156,58527.38872484787,396850.7256547677,455378.1143796156,8366.316447324267
1468,455378.875320545,86904.18676129932,368474.68855924567,455378.875320545,8366.316447324267
1469,455379.6362614744,146827.03358820855,308552.60267326585,455379.6362614744,8366.316447324267
1470,455380.3972024038,179165.08900666126,276215.30819574255,455380.3972024038,8366.316447324267
1471,455381.1581433332,188338.47478792345,267042.68335540977,455381.1581433332,8366.316447324267
1472,455381.91908426257,260964.36003663545,194417.55904762712,455381.91908426257,8366.316447324267
1473,455382.680025192,263478.6326784394,191904.04734675257,455382.680025192,8366.316447324267
1474,455383.4409661214,275684.62137377064,179698.81959235072,455383.4409661214,8366.316447324267
1475,455384.2019070508,268741.3333513131,186642.86855573772,455384.2019070508,8366.316447324267
1476,455384.9628479802,255986.23119123513,199398.73165674508,455384.9628479802,8366.316447324267
1477,455385.7237889096,261660.85533835995,193724.86845054966,455385.7237889096,8366.316447324267
1478,455386.4847298391,277296.8942453571,178089.590484482,455386.4847298391,8366.316447324267
1479,455387.24567076843,314499.75685257977,140887.4888181887,455387.24567076843,8366.316447324267
1480,455388.00661169784,319945.5233180184,135442.4832936794,455388.00661169784,8366.316447324267
1481,455388.76755262725,417957.4318095035,37431.335743123724,455388.76755262725,8366.316447324267
1482,455389.5284935566,455389.5284935566,0.0,455389.5284935566,8366.316447324267
1483,455390.28943448607,455390.28943448607,0.0,455390.28943448607,8366.316447324267
1484,455391.0503754155,346144.97452385083,109246.07585156462,455391.0503754155,8366.316447324267
1485,455391.8113163447,327991.59097315284,127400.22034319186,455391.8113163447,8366.316447324267
1486,455392.57225727424,348946.3459967773,106446.22626049694,455392.57225727424,8366.316447324267
1487,455393.33319820365,400428.8331011192,54964.50009708446,455393.33319820365,8366.316447324267
1488,455394.094139133,355926.69443980616,99467.39969932684,455394.094139133,8366.316447324267
1489,455394.8550800625,315595.812492791,139799.0425872715,455394.8550800625,8366.316447324267
1490,455395.6160209918,275068.8665350487,180326.74948594315,455395.6160209918,8366.316447324267
1491,455396.3769619213,209345.10733606346,246051.26962585782,455396.3769619213,8366.316447324267
1492,455397.1379028507,249600.50338276496,205796.63452008573,455397.1379028507,8366.316447324267
1493,455397.89884378004,290982.4636411527,164415.4352026273,455397.89884378004,8366.316447324267
1494,455398.65978470945,240773.98081688076,214624.6789678287,455398.65978470945,8366.316447324267
1495,455399.4207256388,45723.36816044821,409676.0525651906,455399.4207256388,8366.316447324267
1496,455400.1816665683,47546.51200240076,407853.66966416757,455400.1816665683,8366.316447324267
1497,496024.8488228756,0.0,496024.8488228756,496024.8488228756,8366.316447324267
1498,512866.6985171036,0.0,512866.6985171036,512866.6985171036,8366.316447324267
1499,517875.3126168174,0.0,517875.3126168174,517875.3126168174,8366.316447324267
1500,521691.76406639745,0.0,521691.76406639745,521691.76406639745,8366.316447324267
1501,481543.7848567626,0.0,481543.7848567626,481543.7848567626,8366.316447324267
1502,490371.90433560574,0.0,490371.90433560574,490371.90433560574,8366.316447324267
1503,468357.71696198353,0.0,468357.71696198353,468357.71696198353,8366.316447324267
1504,455406.26919400354,12092.123575834441,443314.1456181691,455406.26919400354,8366.316447324267
1505,455407.0301349329,12735.341938947793,442671.6881959851,455407.0301349329,8366.316447324267
1506,455407.79107586225,32894.03789222019,422513.75318364205,455407.79107586225,8366.316447324267
1507,455408.5520167917,33070.03923669836,422338.51278009336,455408.5520167917,8366.316447324267
1508,455409.31295772106,36019.636054577946,419389.6769031431,455409.31295772106,8366.316447324267
1509,455410.0738986504,33000.91405199579,422409.1598466546,455410.0738986504,8366.316447324267
1510,455410.8348395799,32804.20343702339,422606.6314025565,455410.8348395799,8366.316447324267
1511,455411.5957805093,32886.28957727458,422525.3062032347,455411.5957805093,8366.316447324267
1512,455412.35672143864,32725.021814586304,422687.33490685234,455412.35672143864,8366.316447324267
1513,455413.11766236805,32960.50161629461,422452.61604607344,455413.11766236805,8366.316447324267
1514,455413.8786032975,32941.402361047745,422472.4762422498,455413.8786032975,8366.316447324267
1515,455414.6395442269,43143.3980920281,412271.2414521988,455414.6395442269,8366.316447324267
1516,455415.4004851563,32638.61101202329,422776.789473133,455415.4004851563,8366.316447324267
1517,455416.1614260858,37410.8575367211,418005.3038893647,455416.1614260858,8366.316447324267
1518,455416.9223670151,33885.84160707332,421531.0807599418,455416.9223670151,8366.316447324267
1519,455417.6833079445,37591.72516893991,417825.9581390046,455417.6833079445,8366.316447324267
1520,455418.4442488739,142115.8806508666,313302.5635980073,455418.4442488739,8366.316447324267
1521,455419.20518980327,67339.83219707746,388079.3729927258,455419.20518980327,8366.316447324267
1522,490200.7479985476,0.0,490200.7479985476,490200.7479985476,8366.316447324267
1523,455420.72707166214,25108.818407677638,430311.9086639845,455420.72707166214,8366.316447324267
1524,455421.4880125915,15247.745349854522,440173.742662737,455421.4880125915,8366.316447324267
1525,511896.2822941603,0.0,511896.2822941603,511896.2822941603,8366.316447324267
1526,508235.7801401319,0.0,508235.7801401319,508235.7801401319,8366.316447324267
1527,455423.77083537966,24515.90805444715,430907.8627809325,455423.77083537966,8366.316447324267
1528,455424.53177630913,14703.049504445109,440721.482271864,455424.53177630913,8366.316447324267
1529,455425.2927172386,30258.252452331828,425167.04026490677,455425.2927172386,8366.316447324267
1530,455426.05365816795,32966.021321992215,422460.03233617573,455426.05365816795,8366.316447324267
1531,455426.81459909736,32913.061415455304,422513.75318364205,455426.81459909736,8366.316447324267
1532,455427.5755400267,33088.90846203256,422338.66707799415,455427.5755400267,8366.316447324267
1533,455428.3364809561,33088.57008230686,422339.76639864926,455428.3364809561,8366.316447324267
1534,455429.0974218855,33009.557369746384,422419.54005213914,455429.0974218855,8366.316447324267
1535,455429.8583628149,32916.105179172824,422513.75318364205,455429.8583628149,8366.316447324267
1536,455430.61930374434,32916.86612010229,422513.75318364205,455430.61930374434,8366.316447324267
1537,455431.3802446737,32917.62706103164,422513.75318364205,455431.3802446737,8366.316447324267
1538,455432.14118560316,32918.38800196111,422513.75318364205,455432.14118560316,8366.316447324267
1539,455432.9021265325,32919.14894289046,422513.75318364205,455432.9021265325,8366.316447324267
1540,455433.6630674619,32943.32687372691,422490.336193735,455433.6630674619,8366.316447324267
1541,455434.4240083914,33089.211149498704,422345.2128588927,455434.4240083914,8366.316447324267
1542,455435.18494932074,28753.442915054446,426681.7420342663,455435.18494932074,8366.316447324267
1543,502618.79957016686,0.0,502618.79957016686,502618.79957016686,8366.316447324267
1544,455436.7068311796,67576.46834582661,387860.238485353,455436.7068311796,8366.316447324267
1545,455437.4677721089,119484.17850875563,335953.2892633533,455437.4677721089,8366.316447324267
1546,455438.22871303844,140917.11671618378,314521.11199685466,455438.22871303844,8366.316447324267
1547,455438.9896539677,107326.11797936127,348112.87167460646,455438.9896539677,8366.316447324267
1548,455439.7505948971,92750.88328036672,362688.86731453036,455439.7505948971,8366.316447324267
1549,455440.5115358266,98030.64881625178,357409.8627195748,455440.5115358266,8366.316447324267
1550,455441.27247675596,57209.45003609429,398231.82244066166,455441.27247675596,8366.316447324267
1551,455442.03341768536,51147.520511703624,404294.51290598174,455442.03341768536,8366.316447324267
1552,455442.7943586147,81790.60760019341,373652.1867584213,455442.7943586147,8366.316447324267
1553,455443.5552995441,171342.44927156728,284101.10602797684,455443.5552995441,8366.316447324267
1554,455444.3162404736,48971.16764558962,406473.14859488397,455444.3162404736,8366.316447324267
1555,455445.077181403,39227.423869787075,416217.6533116159,455445.077181403,8366.316447324267
1556,455445.83812233247,45737.01982979447,409708.818292538,455445.83812233247,8366.316447324267
1557,455446.59906326176,32701.72250245791,422744.87656080385,455446.59906326176,8366.316447324267
1558,455447.36000419117,33060.42304996762,422386.93695422355,455447.36000419117,8366.316447324267
1559,455448.1209451207,32869.34702910925,422578.77391601144,455448.1209451207,8366.316447324267
1560,455448.88188605,32664.420062265883,422784.4618237841,455448.88188605,8366.316447324267
1561,455449.64282697934,33569.29476805177,421880.3480589276,455449.64282697934,8366.316447324267
1562,455450.4037679088,33160.538698411605,422289.8650694972,455450.4037679088,8366.316447324267
1563,455451.16470883816,34601.182040680025,420849.98266815813,455451.16470883816,8366.316447324267
1564,455451.9256497676,40023.037948009674,415428.88770175795,455451.9256497676,8366.316447324267
1565,455452.686590697,48005.85325195774,407446.83333873923,455452.686590697,8366.316447324267
1566,455453.4475316263,47188.31475904246,408265.13277258386,455453.4475316263,8366.316447324267
1567,455454.2084725558,12308.853614350257,443145.35485820554,455454.2084725558,8366.316447324267
1568,455454.96941348526,322991.4743403497,132463.49507313553,455454.96941348526,8366.316447324267
1569,455455.73035441467,330908.9418016391,124546.78855277556,455455.73035441467,8366.316447324267
1570,455456.491295344,355456.491295344,100000.0,455456.491295344,8366.316447324267
1571,455457.25223627343,355457.25223627343,100000.0,455457.25223627343,8366.316447324267
1572,455458.01317720284,363518.0449871402,91939.96819006263,455458.01317720284,8366.316447324267
1573,455458.7741181322,359939.3199353999,95519.4541827323,455458.7741181322,8366.316447324267
1574,455459.5350590615,373857.69938479055,81601.83567427093,455459.5350590615,8366.316447324267
1575,455460.295999991,414255.2755661502,41205.020433840786,455460.295999991,8366.316447324267
1576,455461.0569409204,391047.98464623163,64413.07229468878,455461.0569409204,8366.316447324267
1577,455461.8178818499,437302.3358322804,18159.482049569477,455461.8178818499,8366.316447324267
1578,455462.5788227792,455462.5788227792,0.0,455462.5788227792,8366.316447324267
1579,455463.3397637085,455463.3397637085,0.0,455463.3397637085,8366.316447324267
1580,455464.100704638,455464.100704638,0.0,455464.100704638,8366.316447324267
1581,455464.86164556746,455464.86164556746,0.0,455464.86164556746,8366.316447324267
1582,455465.6225864968,455465.6225864968,0.0,455465.6225864968,8366.316447324267
1583,455466.3835274262,455466.3835274262,0.0,455466.3835274262,8366.316447324267
1584,455467.1444683556,455467.1444683556,0.0,455467.1444683556,8366.316447324267
1585,455467.9054092851,455467.9054092851,0.0,455467.9054092851,8366.316447324267
1586,455468.66635021445,455468.66635021445,0.0,455468.66635021445,8366.316447324267
1587,455469.4272911438,455469.4272911438,0.0,455469.4272911438,8366.316447324267
1588,455470.18823207327,435126.2146748905,20343.973557182777,455470.18823207327,8366.316447324267
1589,455470.94917300256,388243.86425884574,67227.0849141568,455470.94917300256,8366.316447324267
1590,455471.7101139321,350339.9091703854,105131.8009435467,455471.7101139321,8366.316447324267
1591,455472.47105486144,275776.03273439297,179696.43832046847,455472.47105486144,8366.316447324267
1592,455473.23199579073,287307.72106542246,168165.51093036827,455473.23199579073,8366.316447324267
1593,455473.99293672026,357305.5029925415,98168.48994417877,455473.99293672026,8366.316447324267
1594,455474.75387764967,355474.75387764967,100000.0,455474.75387764967,8366.316447324267
1595,455475.514818579,355729.05847046734,99746.45634811168,455475.514818579,8366.316447324267
1596,455476.2757595085,356464.6838949224,99011.59186458608,455476.2757595085,8366.316447324267
1597,455477.03670043783,358106.48088301794,97370.55581741991,455477.03670043783,8366.316447324267
1598,455477.7976413673,368513.2375359933,86964.56010537402,455477.7976413673,8366.316447324267
1599,455478.55858229665,387643.26469208585,67835.2938902108,455478.55858229665,8366.316447324267
1600,455479.31952322606,402970.68851425225,52508.63100897382,455479.31952322606,8366.316447324267
1601,455480.0804641555,395612.65732559515,59867.42313856033,455480.0804641555,8366.316447324267
1602,455480.8414050848,414837.77990624565,40643.06149883917,455480.8414050848,8366.316447324267
1603,455481.60234601435,419520.2789868512,35961.32335916316,455481.60234601435,8366.316447324267
1604,455482.36328694364,429775.3171468356,25707.046140108014,455482.36328694364,8366.316447324267
1605,455483.124227873,424854.00207746966,30629.122150403335,455483.124227873,8366.316447324267
1606,455483.8851688025,416101.29163064534,39382.59353815718,455483.8851688025,8366.316447324267
1607,455484.64610973187,414926.60457293474,40558.041536797136,455484.64610973187,8366.316447324267
1608,455485.4070506613,387961.90214512206,67523.50490553919,455485.4070506613,8366.316447324267
1609,455486.1679915907,393337.6029491397,62148.56504245097,455486.1679915907,8366.316447324267
1610,455486.92893252004,384253.09199793206,71233.83693458796,455486.92893252004,8366.316447324267
1611,455487.68987344956,378453.4370949107,77034.25277853885,455487.68987344956,8366.316447324267
1612,455488.4508143789,342093.62958510127,113394.82122927763,455488.4508143789,8366.316447324267
1613,455489.2117553083,355716.1902939931,99773.02146131519,455489.2117553083,8366.316447324267
1614,455489.9726962377,333021.5912368108,122468.38145942688,455489.9726962377,8366.316447324267
1615,455490.73363716714,286273.6110311019,169217.1226060652,455490.73363716714,8366.316447324267
1616,455491.49457809655,285588.508359205,169902.9862188916,455491.49457809655,8366.316447324267
1617,455492.2555190259,307032.4784980078,148459.7770210181,455492.2555190259,8366.316447324267
1618,455493.0164599553,195720.9476257374,259772.0688342179,455493.0164599553,8366.316447324267
1619,455493.77740088466,146065.42310565384,309428.3542952308,455493.77740088466,8366.316447324267
1620,455494.53834181407,142743.55148284923,312750.98685896484,455494.53834181407,8366.316447324267
1621,455495.2992827435,96632.19151021657,358863.1077725269,455495.2992827435,8366.316447324267
1622,455496.0602236729,85628.02573066647,369868.0344930064,455496.0602236729,8366.316447324267
1623,455496.8211646023,57023.44189743494,398473.37926716736,455496.8211646023,8366.316447324267
1624,455497.58210553176,29816.06468903122,425681.51741650054,455497.58210553176,8366.316447324267
1625,455498.3430464611,24091.05544428277,431407.28760217834,455498.3430464611,8366.316447324267
1626,455499.1039873905,33640.7925052488,421858.3114821417,455499.1039873905,8366.316447324267
1627,455499.86492831993,32730.50484281208,422769.36008550785,455499.86492831993,8366.316447324267
1628,455500.6258692493,33056.38643522415,422444.23943402513,455500.6258692493,8366.316447324267
1629,455501.38681017875,33148.07259094081,422353.31421923795,455501.38681017875,8366.316447324267
1630,455502.14775110816,33081.07912850438,422421.0686226038,455502.14775110816,8366.316447324267
1631,455502.9086920375,33170.80362004519,422332.1050719923,455502.9086920375,8366.316447324267
1632,455503.6696329669,33105.527746379084,422398.14188658784,455503.6696329669,8366.316447324267
1633,455504.43057389633,33112.67123228777,422391.75934160856,455504.43057389633,8366.316447324267
1634,455505.1915148257,33171.408491892624,422333.78302293306,455505.1915148257,8366.316447324267
1635,455505.9524557552,32798.053657556244,422707.89879819896,455505.9524557552,8366.316447324267
1636,455506.71339668456,32863.553723624325,422643.15967306023,455506.71339668456,8366.316447324267
1637,455507.47433761397,33171.669840564486,422335.8044970495,455507.47433761397,8366.316447324267
1638,455508.2352785434,32577.931759730738,422930.30351881264,455508.2352785434,8366.316447324267
1639,455508.9962194727,19105.141005822574,436403.85521365015,455508.9962194727,8366.316447324267
1640,461275.7678748857,0.0,461275.7678748857,461275.7678748857,8366.316447324267
1641,500088.496279446,0.0,500088.496279446,500088.496279446,8366.316447324267
1642,490255.188593786,0.0,490255.188593786,490255.188593786,8366.316447324267
1643,498720.5848516785,0.0,498720.5848516785,498720.5848516785,8366.316447324267
1644,483935.82408897916,0.0,483935.82408897916,483935.82408897916,8366.316447324267
1645,475546.69355746376,0.0,475546.69355746376,475546.69355746376,8366.316447324267
1646,464856.1398852466,0.0,464856.1398852466,464856.1398852466,8366.316447324267
1647,498357.70711209666,0.0,498357.70711209666,498357.70711209666,8366.316447324267
1648,455515.8446878374,12973.277615502884,442542.5670723345,455515.8446878374,8366.316447324267
1649,455516.6056287667,30823.760328980745,424692.84529978596,455516.6056287667,8366.316447324267
1650,455517.3665696962,33003.613386054174,422513.75318364205,455517.3665696962,8366.316447324267
1651,455518.1275106256,33004.374326983525,422513.75318364205,455518.1275106256,8366.316447324267
1652,455518.8884515549,33127.36851867754,422391.5199328774,455518.8884515549,8366.316447324267
1653,455519.6493924844,32830.40304155357,422689.2463509308,455519.6493924844,8366.316447324267
1654,455520.41033341375,32850.27646852174,422670.133864892,455520.41033341375,8366.316447324267
1655,455521.1712743431,33017.70661629463,422503.46465804847,455521.1712743431,8366.316447324267
1656,455521.93221527257,75299.28051307524,380222.6517021973,455521.93221527257,8366.316447324267
1657,455522.693156202,45301.22500760213,410221.46814859984,455522.693156202,8366.316447324267
1658,455523.4540971314,202419.23735314584,253104.21674398554,455523.4540971314,8366.316447324267
1659,455524.21503806073,213819.1869526888,241705.02808537195,455524.21503806073,8366.316447324267
1660,455524.97597899014,33261.0410799387,422263.93489905144,455524.97597899014,8366.316447324267
1661,455525.7369199196,113470.26105888019,342055.4758610394,455525.7369199196,8366.316447324267
1662,455526.497860849,96157.41478593164,359369.0830749174,455526.497860849,8366.316447324267
1663,455527.2588017785,117801.17971696297,337726.0790848155,455527.2588017785,8366.316447324267
1664,455528.0197427078,84424.49511972727,371103.5246229805,455528.0197427078,8366.316447324267
1665,455528.7806836372,182428.0884189359,273100.6922647013,455528.7806836372,8366.316447324267
1666,455529.54162456666,349675.17597758037,105854.36564698629,455529.54162456666,8366.316447324267
1667,455530.30256549595,301767.42311371746,153762.87945177848,455530.30256549595,8366.316447324267
1668,455531.06350642536,269934.2443561787,185596.81915024665,455531.06350642536,8366.316447324267
1669,455531.8244473548,290155.0257257577,165376.79872159712,455531.8244473548,8366.316447324267
1670,455532.5853882842,253685.5489038453,201847.03648443887,455532.5853882842,8366.316447324267
1671,455533.3463292136,208530.39805621322,247002.94827300037,455533.3463292136,8366.316447324267
1672,455534.107270143,227443.0480752341,228091.05919490888,455534.107270143,8366.316447324267
1673,455534.86821107235,147886.15022647358,307648.71798459877,455534.86821107235,8366.316447324267
1674,455535.6291520018,48718.40753569314,406817.22161630867,455535.6291520018,8366.316447324267
1675,455536.3900929312,41782.23860550742,413754.1514874238,455536.3900929312,8366.316447324267
1676,455537.15103386063,33530.92203768168,422006.22899617895,455537.15103386063,8366.316447324267
1677,455537.91197479004,32837.81973622175,422700.0922385683,455537.91197479004,8366.316447324267
1678,455538.67291571945,32823.62383437122,422715.04908134823,455538.67291571945,8366.316447324267
1679,455539.43385664886,32816.452604915015,422722.98125173384,455539.43385664886,8366.316447324267
1680,455540.1947975782,34419.401185846364,421120.79361173185,455540.1947975782,8366.316447324267
1681,455540.95573850756,36091.726986973954,419449.2287515336,455540.95573850756,8366.316447324267
1682,455541.716679437,39235.43250400177,416306.28417543526,455541.716679437,8366.316447324267
1683,455542.47762036644,53714.67080468894,401827.8068156775,455542.47762036644,8366.316447324267
1684,455543.23856129585,93240.13691672805,362303.1016445678,455543.23856129585,8366.316447324267
1685,455543.9995022252,210464.61441505162,245079.38508717358,455543.9995022252,8366.316447324267
1686,455544.7604431546,264897.7542644957,190647.0061786589,455544.7604431546,8366.316447324267
1687,455545.521384084,282346.16234165744,173199.3590424266,455545.521384084,8366.316447324267
1688,455546.2823250134,358809.95493188634,96736.32739312708,455546.2823250134,8366.316447324267
1689,455547.0432659429,332894.2987737388,122652.7444922041,455547.0432659429,8366.316447324267
1690,455547.80420687224,293905.4544285344,161642.3497783379,455547.80420687224,8366.316447324267
1691,455548.5651478016,293364.1194732619,162184.44567453972,455548.5651478016,8366.316447324267
1692,455549.3260887311,275432.0148234198,180117.31126531132,455549.3260887311,8366.316447324267
1693,455550.0870296605,268224.8846666155,187325.202363045,455550.0870296605,8366.316447324267
1694,455550.84797058976,266284.72296672955,189266.12500386022,455550.84797058976,8366.316447324267
1695,455551.6089115193,266629.1797031914,188922.4292083279,455551.6089115193,8366.316447324267
1696,455552.36985244864,247868.663899554,207683.70595289464,455552.36985244864,8366.316447324267
1697,455553.1307933781,275163.0945778674,180390.0362155107,455553.1307933781,8366.316447324267
1698,455553.89173430746,347835.2543049754,107718.63742933206,455553.89173430746,8366.316447324267
1699,455554.6526752368,165356.60475805675,290198.04791718005,455554.6526752368,8366.316447324267
1700,455555.4136161663,125619.91700630222,329935.49660986406,455555.4136161663,8366.316447324267
1701,455556.1745570956,182710.26951002562,272845.90504707,455556.1745570956,8366.316447324267
1702,455556.9354980251,90326.89804687508,365230.03745115,455556.9354980251,8366.316447324267
1703,455557.6964389545,64710.37385600555,390847.32258294895,455557.6964389545,8366.316447324267
1704,455558.45737988385,41442.59482577373,414115.8625541101,455558.45737988385,8366.316447324267
1705,455559.2183208134,38597.880256871984,416961.3380639414,455559.2183208134,8366.316447324267
1706,455559.9792617427,40573.900903069356,414986.0783586733,455559.9792617427,8366.316447324267
1707,455560.7402026721,49042.30939244933,406518.43081022275,455560.7402026721,8366.316447324267
1708,455561.50114360155,59063.278454986226,396498.2226886153,455561.50114360155,8366.316447324267
1709,455562.26208453084,143333.87971146696,312228.3823730639,455562.26208453084,8366.316447324267
1710,455563.02302546037,227901.7876770384,227661.23534842196,455563.02302546037,8366.316447324267
1711,455563.78396638966,73980.78130676848,381583.0026596212,455563.78396638966,8366.316447324267
1712,455564.544907319,262646.99523382494,192917.54967349407,455564.544907319,8366.316447324267
1713,455565.3058482485,162992.82129647542,292572.48455177306,455565.3058482485,8366.316447324267
1714,455566.0667891779,116205.96063903364,339360.10615014425,455566.0667891779,8366.316447324267
1715,455566.8277301073,99318.86169600015,356247.96603410714,455566.8277301073,8366.316447324267
1716,455567.5886710367,96039.63013027766,359527.95854075905,455567.5886710367,8366.316447324267
1717,455568.3496119661,19403.412235487776,436164.93737647834,455568.3496119661,8366.316447324267
1718,455569.1105528955,53608.227704893274,401960.88284800225,455569.1105528955,8366.316447324267
1719,455569.87149382493,2878.009882015118,452691.8616118098,455569.87149382493,8366.316447324267
1720,465344.87911942066,0.0,465344.87911942066,465344.87911942066,8366.316447324267
1721,455571.3933756837,149464.6129929939,306106.7803826898,455571.3933756837,8366.316447324267
1722,455572.1543166131,50899.81872346153,404672.33559315157,455572.1543166131,8366.316447324267
1723,455572.91525754257,35880.53221938538,419692.3830381572,455572.91525754257,8366.316447324267
1724,455573.6761984719,33087.42863295216,422486.24756551976,455573.6761984719,8366.316447324267
1725,455574.43713940127,33060.68395575922,422513.75318364205,455574.43713940127,8366.316447324267
1726,455575.19808033074,33061.444896688685,422513.75318364205,455575.19808033074,8366.316447324267
1727,455575.9590212601,33062.205837618036,422513.75318364205,455575.9590212601,8366.316447324267
1728,455576.7199621895,33062.966778547445,422513.75318364205,455576.7199621895,8366.316447324267
1729,455577.48090311897,33063.72771947691,422513.75318364205,455577.48090311897,8366.316447324267
1730,455578.2418440483,33064.48866040626,422513.75318364205,455578.2418440483,8366.316447324267
1731,455579.0027849778,33128.89380341128,422450.1089815665,455579.0027849778,8366.316447324267
1732,455579.7637259072,33203.61491196457,422376.1488139426,455579.7637259072,8366.316447324267
1733,455580.5246668365,33184.65432558954,422395.87034124695,455580.5246668365,8366.316447324267
1734,455581.28560776595,23402.04627256072,432179.23933520523,455581.28560776595,8366.316447324267
1735,455582.04654869536,18622.74044126348,436959.3061074319,455582.04654869536,8366.316447324267
1736,455582.80748962477,312194.3968739822,143388.41061564256,455582.80748962477,8366.316447324267
1737,455583.5684305542,308899.31430572894,146684.25412482524,455583.5684305542,8366.316447324267
1738,455584.3293714834,318760.0493127963,136824.28005868712,455584.3293714834,8366.316447324267
1739,455585.09031241294,338216.5207854662,117368.56952694673,455585.09031241294,8366.316447324267
1740,455585.85125334235,354580.17516913236,101005.67608420999,455585.85125334235,8366.316447324267
1741,455586.6121942717,355586.6121942717,100000.0,455586.6121942717,8366.316447324267
1742,455587.37313520117,356048.2426285815,99539.13050661968,455587.37313520117,8366.316447324267
1743,455588.1340761305,361303.96653345024,94284.16754268028,455588.1340761305,8366.316447324267
1744,455588.89501706004,375793.0562972518,79795.83871980826,455588.89501706004,8366.316447324267
1745,455589.6559579894,426886.5500470679,28703.105910921466,455589.6559579894,8366.316447324267
1746,455590.41689891875,455590.41689891875,0.0,455590.41689891875,8366.316447324267
1747,455591.17783984815,448161.0504082301,7430.127431618044,455591.17783984815,8366.316447324267
1748,455591.9387807775,420305.67778571544,35286.26099506206,455591.9387807775,8366.316447324267
1749,455592.69972170703,405016.00009931135,50576.69962239568,455592.69972170703,8366.316447324267
1750,455593.46066263644,405016.76104024076,50576.69962239568,455593.46066263644,8366.316447324267
1751,455594.22160356573,393420.74634979095,62173.4752537748,455594.22160356573,8366.316447324267
1752,455594.9825444952,378064.03039975214,77530.95214474306,455594.9825444952,8366.316447324267
1753,455595.74348542455,370189.98223809374,85405.76124733078,455595.74348542455,8366.316447324267
1754,455596.50442635396,364891.7678318775,90704.73659447646,455596.50442635396,8366.316447324267
1755,455597.2653672834,348488.7276743246,107108.53769295885,455597.2653672834,8366.316447324267
1756,455598.0263082127,318512.670091426,137085.35621678672,455598.0263082127,8366.316447324267
1757,455598.7872491422,307116.8547741397,148481.9324750025,455598.7872491422,8366.316447324267
1758,455599.5481900716,305715.35653660365,149884.19165346792,455599.5481900716,8366.316447324267
1759,455600.30913100095,236561.1675123514,219039.14161864953,455600.30913100095,8366.316447324267
1760,455601.0700719304,313677.35868389136,141923.71138803905,455601.0700719304,8366.316447324267
1761,455601.83101285977,357088.37017990625,98513.46083295351,455601.83101285977,8366.316447324267
1762,455602.5919537891,338109.5916042109,117493.00034957824,455602.5919537891,8366.316447324267
1763,455603.3528947186,329967.899140628,125635.45375409057,455603.3528947186,8366.316447324267
1764,455604.113835648,337414.7504452995,118189.3633903485,455604.113835648,8366.316447324267
1765,455604.8747765774,355604.8747765774,100000.0,455604.8747765774,8366.316447324267
1766,455605.63571750675,182435.01885140914,273170.6168660976,455605.63571750675,8366.316447324267
1767,455606.39665843616,87870.45870494016,367735.937953496,455606.39665843616,8366.316447324267
1768,455607.1575993656,118605.01556393609,337002.1420354295,455607.1575993656,8366.316447324267
1769,455607.918540295,137273.6432124403,318334.2753278547,455607.918540295,8366.316447324267
1770,455608.6794812245,33800.21448972996,421808.46499149455,455608.6794812245,8366.316447324267
1771,455609.4404221538,36275.168020433804,419334.27240172,455609.4404221538,8366.316447324267
1772,455610.2013630832,32994.699243882555,422615.50211920065,455610.2013630832,8366.316447324267
1773,455610.9623040126,32965.474268698774,422645.48803531384,455610.9623040126,8366.316447324267
1774,455611.72324494197,33005.85271470982,422605.87053023215,455611.72324494197,8366.316447324267
1775,455612.4841858713,32933.95867774065,422678.52550813067,455612.4841858713,8366.316447324267
1776,455613.24512680084,33111.559327304654,422501.6857994962,455613.24512680084,8366.316447324267
1777,455614.0060677302,34171.072491456755,421442.93357627344,455614.0060677302,8366.316447324267
1778,455614.7670086596,36850.77049305721,418763.9965156024,455614.7670086596,8366.316447324267
1779,455615.527949589,39868.811767978244,415746.71618161077,455615.527949589,8366.316447324267
1780,455616.28889051836,39267.65604007145,416348.6328504469,455616.28889051836,8366.316447324267
1781,455617.04983144783,52114.8854054563,403502.16442599153,455617.04983144783,8366.316447324267
1782,455617.8107723773,61602.048768483684,394015.7620038936,455617.8107723773,8366.316447324267
1783,455618.57171330665,31116.740197560983,424501.83151574567,455618.57171330665,8366.316447324267
1784,455619.33265423606,157946.19306808052,297673.13958615554,455619.33265423606,8366.316447324267
1785,455620.0935951654,182651.4396677363,272968.6539274291,455620.0935951654,8366.316447324267
1786,455620.8545360949,277414.0174020766,178206.83713401825,455620.8545360949,8366.316447324267
1787,455621.6154770242,209035.0404027925,246586.57507423172,455621.6154770242,8366.316447324267
1788,455622.3764179536,233359.8531555728,222262.52326238077,455622.3764179536,8366.316447324267
1789,455623.13735888305,92976.33157869492,362646.8057801881,455623.13735888305,8366.316447324267
1790,455623.8982998124,41927.721633520676,413696.1766662917,455623.8982998124,8366.316447324267
1791,499160.5538958097,0.0,499160.5538958097,499160.5538958097,8366.316447324267
1792,491725.5107882014,0.0,491725.5107882014,491725.5107882014,8366.316447324267
1793,455626.18112260057,10469.083404876816,445157.09771772375,455626.18112260057,8366.316447324267
1794,455626.9420635301,33203.29817808425,422423.64388544584,455626.9420635301,8366.316447324267
1795,455627.70300445944,33290.123759369424,422337.57924509,455627.70300445944,8366.316447324267
1796,455628.4639453889,32895.10256568412,422733.3613797048,455628.4639453889,8366.316447324267
1797,455629.2248863183,34089.08317597746,421540.14171034086,455629.2248863183,8366.316447324267
1798,455629.9858272476,47126.61775740917,408503.36806983844,455629.9858272476,8366.316447324267
1799,455630.74676817714,49632.73665819026,405998.0101099869,455630.74676817714,8366.316447324267
1800,455631.50770910643,108214.16056631238,347417.34714279405,455631.50770910643,8366.316447324267
1801,455632.2686500358,135172.64586889552,320459.62278114026,455632.2686500358,8366.316447324267
1802,455633.0295909653,176529.55839160166,279103.47119936364,455633.0295909653,8366.316447324267
1803,455633.79053189466,274382.5661990028,181251.22433289184,455633.79053189466,8366.316447324267
1804,455634.55147282407,279764.3853328835,175870.16613994056,455634.55147282407,8366.316447324267
1805,455635.3124137534,332088.95924465207,123546.35316910136,455635.3124137534,8366.316447324267
1806,455636.0733546828,333278.21280115814,122357.86055352469,455636.0733546828,8366.316447324267
1807,455636.8342956123,326243.6448800534,129393.18941555888,455636.8342956123,8366.316447324267
1808,455637.5952365417,347650.29150898266,107987.30372755905,455637.5952365417,8366.316447324267
1809,455638.3561774711,357670.1513873764,97968.20479009468,455638.3561774711,8366.316447324267
1810,455639.11711840046,297773.0224792846,157866.09463911585,455639.11711840046,8366.316447324267
1811,455639.8780593298,282050.2399040257,173589.63815530416,455639.8780593298,8366.316447324267
1812,455640.6390002594,244560.65216988654,211079.98683037286,455640.6390002594,8366.316447324267
1813,455641.3999411887,163537.76995615335,292103.62998503534,455641.3999411887,8366.316447324267
1814,455642.16088211804,63090.93302189751,392551.22786022053,455642.16088211804,8366.316447324267
1815,455642.9218230475,22579.978987339593,433062.9428357079,455642.9218230475,8366.316447324267
1816,462952.3103267014,0.0,462952.3103267014,462952.3103267014,8366.316447324267
1817,455644.4437049064,76051.59753012529,379592.8461747811,455644.4437049064,8366.316447324267
1818,455645.2046458357,42262.774999651476,413382.4296461842,455645.2046458357,8366.316447324267
1819,455645.965586765,37710.36615690758,417935.59942985745,455645.965586765,8366.316447324267
1820,455646.7265276945,33889.31696477055,421757.40956292395,455646.7265276945,8366.316447324267
1821,455647.4874686239,42654.428752078325,412993.0587165456,455647.4874686239,8366.316447324267
1822,455648.2484095533,60748.20987473306,394900.03853482025,455648.2484095533,8366.316447324267
1823,455649.0093504827,71787.29039540055,383861.7189550822,455649.0093504827,8366.316447324267
1824,455649.77029141213,93242.26472247677,362407.50556893536,455649.77029141213,8366.316447324267
1825,455650.53123234154,79655.90569487389,375994.62553746765,455650.53123234154,8366.316447324267
1826,455651.29217327095,79000.95177195786,376650.3404013131,455651.29217327095,8366.316447324267
1827,455652.0531142003,75799.21930423367,379852.8338099666,455652.0531142003,8366.316447324267
1828,455652.8140551297,65505.06943722186,390147.74461790785,455652.8140551297,8366.316447324267
1829,455653.5749960591,53099.148897215724,402554.4260988434,455653.5749960591,8366.316447324267
1830,455654.3359369886,170185.3089753721,285469.0269616165,455654.3359369886,8366.316447324267
1831,455655.0968779179,144506.24649701966,311148.8503808982,455655.0968779179,8366.316447324267
1832,455655.85781884723,176161.65693920624,279494.200879641,455655.85781884723,8366.316447324267
1833,455656.6187597767,420311.60393545637,35345.01482432036,455656.6187597767,8366.316447324267
1834,455657.3797007061,280453.9468207603,175203.4328799458,455657.3797007061,8366.316447324267
1835,455658.1406416355,136789.96076844377,318868.17987319175,455658.1406416355,8366.316447324267
1836,455658.901582565,213658.9643685454,241999.9372140196,455658.901582565,8366.316447324267
1837,455659.6625234943,55153.54340551887,400506.1191179754,455659.6625234943,8366.316447324267
1838,455660.4234644238,197096.3509322669,258564.0725321569,455660.4234644238,8366.316447324267
1839,455661.1844053532,103353.71707777993,352307.4673275733,455661.1844053532,8366.316447324267
1840,455661.9453462825,88897.66037180478,366764.2849744777,455661.9453462825,8366.316447324267
1841,455662.706287212,108820.42096414015,346842.2853230718,455662.706287212,8366.316447324267
1842,455663.4672281413,40669.15891692077,414994.30831122055,455663.4672281413,8366.316447324267
1843,455664.2281690708,33722.31545299722,421941.91271607357,455664.2281690708,8366.316447324267
1844,455664.9891100002,33058.630794822006,422606.3583151782,455664.9891100002,8366.316447324267
1845,455665.7500509295,43157.147456619365,412508.6025943101,455665.7500509295,8366.316447324267
1846,455666.51099185896,127063.8925599117,328602.61843194725,455666.51099185896,8366.316447324267
1847,455667.2719327883,47562.8270379249,408104.4448948634,455667.2719327883,8366.316447324267
1848,455668.0328737177,396848.08829337655,58819.94458034117,455668.0328737177,8366.316447324267
1849,455668.7938146472,455668.7938146472,0.0,455668.7938146472,8366.316447324267
1850,455669.55475557654,258618.62781850903,197050.9269370675,455669.55475557654,8366.316447324267
1851,455670.31569650606,33233.85918474005,422436.456511766,455670.31569650606,8366.316447324267
1852,455671.07663743536,33147.22146370035,422523.855173735,455671.07663743536,8366.316447324267
1853,455671.83757836476,32968.459314726875,422703.3782636379,455671.83757836476,8366.316447324267
1854,455672.59851929423,23268.300377982145,432404.2981413121,455672.59851929423,8366.316447324267
1855,488254.8831654461,0.0,488254.8831654461,488254.8831654461,8366.316447324267
1856,455674.12040115305,66562.12633385352,389111.9940672995,455674.12040115305,8366.316447324267
1857,455674.8813420824,151642.31185819022,304032.5694838922,455674.8813420824,8366.316447324267
1858,455675.6422830117,196657.9507006814,259017.6915823303,455675.6422830117,8366.316447324267
1859,455676.4032239412,254932.07579956355,200744.32742437767,455676.4032239412,8366.316447324267
1860,455677.1641648706,287230.96389211586,168446.20027275474,455677.1641648706,8366.316447324267
1861,455677.9251057999,296750.90228230495,158927.02282349498,455677.9251057999,8366.316447324267
1862,455678.68604672933,310183.19073257665,145495.4953141527,455678.68604672933,8366.316447324267
1863,455679.4469876588,352968.4054362926,102711.04155136622,455679.4469876588,8366.316447324267
1864,455680.20792858826,310912.1523310563,144768.05559753196,455680.20792858826,8366.316447324267
1865,455680.9688695176,286198.9598053079,169482.0090642097,455680.9688695176,8366.316447324267
1866,455681.729810447,205835.0147859925,249846.71502445452,455681.729810447,8366.316447324267
1867,455682.4907513764,35036.15359439049,420646.3371569859,455682.4907513764,8366.316447324267
1868,455683.2516923058,33198.33935936366,422484.9123329421,455683.2516923058,8366.316447324267
1869,455684.0126332353,33096.77233074361,422587.2403024917,455684.0126332353,8366.316447324267
1870,455684.7735741646,33340.38636360818,422344.3872105564,455684.7735741646,8366.316447324267
1871,455685.534515094,34211.20624484599,421474.328270248,455685.534515094,8366.316447324267
1872,455686.2954560234,32971.27060905192,422715.0248469715,455686.2954560234,8366.316447324267
1873,455687.0563969528,32924.24148380128,422762.8149131515,455687.0563969528,8366.316447324267
1874,455687.8173378822,36580.7347846505,419107.0825532317,455687.8173378822,8366.316447324267
1875,455688.57827881165,38887.74512501451,416800.83315379714,455688.57827881165,8366.316447324267
1876,455689.339219741,32917.864791450906,422771.4744282901,455689.339219741,8366.316447324267
1877,455690.10016067047,32915.785145915404,422774.31501475506,455690.10016067047,8366.316447324267
1878,455690.8611015999,34855.66959202959,420835.1915095703,455690.8611015999,8366.316447324267
1879,455691.6220425292,29830.59577524406,425861.02626728517,455691.6220425292,8366.316447324267
1880,455692.38298345864,47964.61705895944,407727.7659244992,455692.38298345864,8366.316447324267
1881,455693.14392438804,348913.0635240069,106780.08040038112,455693.14392438804,8366.316447324267
1882,455693.90486531734,237913.06088230046,217780.84398301688,455693.90486531734,8366.316447324267
1883,455694.66580624686,157086.76191758027,298607.9038886666,455694.66580624686,8366.316447324267
1884,455695.4267471763,169160.54221315618,286534.8845340201,455695.4267471763,8366.316447324267
1885,455696.1876881056,113126.98435160471,342569.2033365009,455696.1876881056,8366.316447324267
1886,503695.39683371986,0.0,503695.39683371986,503695.39683371986,8366.316447324267
1887,455697.7095699644,86400.88223463972,369296.82733532466,455697.7095699644,8366.316447324267
1888,455698.47051089385,119457.88157594408,336240.5889349498,455698.47051089385,8366.316447324267
1889,455699.23145182326,123156.48456491949,332542.74688690377,455699.23145182326,8366.316447324267
1890,455699.9923927527,60968.53632567648,394731.45606707624,455699.9923927527,8366.316447324267
1891,455700.7533336821,46396.18517028325,409304.5681633988,455700.7533336821,8366.316447324267
1892,455701.5142746114,33247.73070956755,422453.7835650439,455701.5142746114,8366.316447324267
1893,455702.2752155409,33188.52203189884,422513.75318364205,455702.2752155409,8366.316447324267
1894,455703.03615647025,33360.74888675491,422342.28726971534,455703.03615647025,8366.316447324267
1895,455703.7970973996,33360.817143728316,422342.9799536713,455703.7970973996,8366.316447324267
1896,455704.5580383291,40351.10513448814,415353.452903841,455704.5580383291,8366.316447324267
1897,455705.3189792584,40735.27835175535,414970.04062750307,455705.3189792584,8366.316447324267
1898,455706.0799201879,49190.52571866283,406515.55420152505,455706.0799201879,8366.316447324267
1899,455706.8408611173,49713.93867064995,405992.90219046734,455706.8408611173,8366.316447324267
1900,455707.6018020466,34388.64393437869,421318.9578676679,455707.6018020466,8366.316447324267
1901,455708.3627429761,33106.398952480115,422601.963790496,455708.3627429761,8366.316447324267
1902,455709.12368390546,37129.10460852395,418580.0190753815,455709.12368390546,8366.316447324267
1903,455709.88462483493,21207.308495475678,434502.57612935925,455709.88462483493,8366.316447324267
1904,455710.6455657643,348399.7817503562,107310.86381540811,455710.6455657643,8366.316447324267
1905,455711.4065066937,343482.9399061612,112228.46660053245,455711.4065066937,8366.316447324267
1906,455712.16744762316,360829.4785099624,94882.68893766077,455712.16744762316,8366.316447324267
1907,455712.92838855245,355712.92838855245,100000.0,455712.92838855245,8366.316447324267
1908,455713.6893294818,369564.77513878676,86148.91419069507,455713.6893294818,8366.316447324267
1909,455714.4502704112,330597.3630749382,125117.08719547305,455714.4502704112,8366.316447324267
1910,455715.2112113407,326098.5855433566,129616.62566798407,455715.2112113407,8366.316447324267
1911,455715.97215227014,195478.4908659985,260237.48128627165,455715.97215227014,8366.316447324267
1912,455716.73309319944,243683.31093062315,212033.4221625763,455716.73309319944,8366.316447324267
1913,455717.49403412885,316057.81148762745,139659.68254650137,455717.49403412885,8366.316447324267
1914,455718.2549750583,261313.1936264757,194405.06134858262,455718.2549750583,8366.316447324267
1915,455719.01591598766,181573.48736259795,274145.5285533897,455719.01591598766,8366.316447324267
1916,455719.7768569172,175960.32278279704,279759.45407412015,455719.7768569172,8366.316447324267
1917,455720.53779784654,157795.6728200242,297924.86497782235,455720.53779784654,8366.316447324267
1918,455721.2987387759,212365.98372613976,243355.31501263613,455721.2987387759,8366.316447324267
1919,455722.05967970536,161730.22471964918,293991.8349600562,455722.05967970536,8366.316447324267
1920,455722.82062063465,166417.32976311864,289305.490857516,455722.82062063465,8366.316447324267
1921,455723.58156156406,247726.8392125266,207996.74234903746,455723.58156156406,8366.316447324267
1922,455724.3425024935,138555.1109870175,317169.231515476,455724.3425024935,8366.316447324267
1923,455725.1034434229,39560.04907925479,416165.0543641681,455725.1034434229,8366.316447324267
1924,455725.8643843523,45786.72007566207,409939.1443086902,455725.8643843523,8366.316447324267
1925,455726.6253252817,75495.78478680609,380230.8405384756,455726.6253252817,8366.316447324267
1926,455727.38626621105,44332.87485769647,411394.5114085146,455727.38626621105,8366.316447324267
1927,455728.1472071405,67685.97078657424,388042.1764205663,455728.1472071405,8366.316447324267
1928,455728.9081480699,45823.00180431508,409905.90634375485,455728.9081480699,8366.316447324267
1929,455729.66908899933,56840.05629609019,398889.61279290915,455729.66908899933,8366.316447324267
1930,455730.43002992874,38169.066039252386,417561.36399067636,455730.43002992874,8366.316447324267
1931,455731.19097085815,145979.59702167806,309751.5939491801,455731.19097085815,8366.316447324267
1932,455731.95191178756,255312.48779650143,200419.46411528613,455731.95191178756,8366.316447324267
1933,455732.7128527169,339571.9330163187,116160.77983639823,455732.7128527169,8366.316447324267
1934,455733.47379364626,161857.5494634334,293875.9243302129,455733.47379364626,8366.316447324267
1935,455734.23473457573,81412.00598914962,374322.2287454261,455734.23473457573,8366.316447324267
1936,455734.99567550514,48950.493378771236,406784.5022967339,455734.99567550514,8366.316447324267
1937,455735.7566164346,77510.8559051241,378224.9007113105,455735.7566164346,8366.316447324267
1938,455736.5175573639,81249.89994351781,374486.6176138461,455736.5175573639,8366.316447324267
1939,455737.27849829325,63555.31777451321,392181.96072378004,455737.27849829325,8366.316447324267
1940,455738.0394392228,93526.83150669944,362211.20793252334,455738.0394392228,8366.316447324267
1941,455738.8003801521,159794.1398758751,295944.66050427704,455738.8003801521,8366.316447324267
1942,455739.56132108154,179286.50157137046,276453.0597497111,455739.56132108154,8366.316447324267
1943,455740.322262011,283916.97970688844,171823.3425551226,455740.322262011,8366.316447324267
1944,455741.0832029403,80776.93219241936,374964.15101052093,455741.0832029403,8366.316447324267
1945,455741.8441438698,244189.8153106214,211552.02883324842,455741.8441438698,8366.316447324267
1946,455742.60508479923,297094.63519357715,158647.9698912221,455742.60508479923,8366.316447324267
1947,455743.36602572846,139764.88789976842,315978.47812596004,455743.36602572846,8366.316447324267
1948,455744.126966658,148811.81195897132,306932.3150076867,455744.126966658,8366.316447324267
1949,455744.88790758734,210570.1135328371,245174.77437475024,455744.88790758734,8366.316447324267
1950,455745.6488485168,233261.80642109414,222483.84242742267,455745.6488485168,8366.316447324267
1951,455746.40978944616,205337.26849814996,250409.1412912962,455746.40978944616,8366.316447324267
1952,455747.1707303755,251048.48153430672,204698.6891960688,455747.1707303755,8366.316447324267
1953,455747.931671305,390189.23689551826,65558.69477578673,455747.931671305,8366.316447324267
1954,455748.6926122343,445301.0726022084,10447.62001002594,455748.6926122343,8366.316447324267
1955,455749.4535531638,417431.13412941346,38318.31942375031,455749.4535531638,8366.316447324267
1956,455750.2144940932,401730.4717824963,54019.742711596875,455750.2144940932,8366.316447324267
1957,455750.97543502256,380270.22297266615,75480.75246235641,455750.97543502256,8366.316447324267
1958,455751.7363759521,293112.9146960059,162638.8216799462,455751.7363759521,8366.316447324267
1959,455752.4973168814,143064.38348319108,312688.1138336903,455752.4973168814,8366.316447324267
1960,455753.2582578108,111037.54455247411,344715.7137053367,455753.2582578108,8366.316447324267
1961,455754.01919874025,24193.060121328162,431560.9590774121,455754.01919874025,8366.316447324267
1962,455754.78013966954,33870.37097753794,421884.4091621316,455754.78013966954,8366.316447324267
1963,455755.54108059907,49619.89316407603,406135.64791652304,455755.54108059907,8366.316447324267
1964,455756.3020215284,49418.883939165215,406337.4180823632,455756.3020215284,8366.316447324267
1965,455757.0629624577,159414.44657162845,296342.61639082927,455757.0629624577,8366.316447324267
1966,455757.82390338724,231534.56667437943,224223.2572290078,455757.82390338724,8366.316447324267
1967,455758.5848443166,117179.84911211306,338578.7357322035,455758.5848443166,8366.316447324267
1968,455759.345785246,126762.0181837246,328997.3276015214,455759.345785246,8366.316447324267
1969,455760.1067261754,74397.12504224462,381362.9816839308,455760.1067261754,8366.316447324267
1970,455760.8676671048,47569.820274842554,408191.04739226226,455760.8676671048,8366.316447324267
1971,455761.6286080343,172488.24766904337,283273.3809389909,455761.6286080343,8366.316447324267
1972,455762.38954896363,313129.43804731115,142632.95150165248,455762.38954896363,8366.316447324267
1973,455763.15048989304,407234.94379845913,48528.20669143393,455763.15048989304,8366.316447324267
1974,455763.9114308224,354281.9942842576,101481.91714656481,455763.9114308224,8366.316447324267
1975,455764.6723717518,163327.99795454607,292436.67441720574,455764.6723717518,8366.316447324267
1976,455765.4333126813,380447.70524377923,75317.72806890211,455765.4333126813,8366.316447324267
1977,455766.1942536106,281147.61207072553,174618.5821828851,455766.1942536106,8366.316447324267
1978,455766.95519454,151365.46416870237,304401.4910258376,455766.95519454,8366.316447324267
1979,479919.6188010257,0.0,479919.6188010257,479919.6188010257,8366.316447324267
1980,459095.8781747415,0.0,459095.8781747415,459095.8781747415,8366.316447324267
1981,518407.6547344167,0.0,518407.6547344167,518407.6547344167,8366.316447324267
1982,519202.1248419059,0.0,519202.1248419059,519202.1248419059,8366.316447324267
1983,518256.14529401646,0.0,518256.14529401646,518256.14529401646,8366.316447324267
1984,503638.2932665986,0.0,503638.2932665986,503638.2932665986,8366.316447324267
1985,455772.2817810459,3221.2459793902235,452551.0358016557,455772.2817810459,8366.316447324267
1986,455773.0427219752,33484.86567093327,422288.1770510419,455773.0427219752,8366.316447324267
1987,455773.80366290465,33816.033609264996,421957.77005363966,455773.80366290465,8366.316447324267
1988,455774.56460383406,33260.81142019201,422513.75318364205,455774.56460383406,8366.316447324267
1989,455775.3255447635,33413.357653115934,422361.96789164754,455775.3255447635,8366.316447324267
1990,455776.0864856929,45968.64908450417,409807.4374011887,455776.0864856929,8366.316447324267
1991,455776.84742662223,33220.669599738496,422556.17782688374,455776.84742662223,8366.316447324267
1992,455777.60836755164,45374.28670062835,410403.3216669233,455777.60836755164,8366.316447324267
1993,455778.36930848105,33435.56414749555,422342.8051609855,455778.36930848105,8366.316447324267
1994,455779.1302494104,33265.37706576835,422513.75318364205,455779.1302494104,8366.316447324267
1995,455779.89119033987,33472.1695068219,422307.721683518,455779.89119033987,8366.316447324267
1996,455780.6521312692,33023.81424354791,422756.8378877213,455780.6521312692,8366.316447324267
1997,455781.41307219875,211253.25726352556,244528.15580867318,455781.41307219875,8366.316447324267
1998,455782.1740131281,8173.0956357695395,447609.07837735856,455782.1740131281,8366.316447324267
1999,455782.93495405745,86466.45544271811,369316.47951133933,455782.93495405745,8366.316447324267
2000,455783.6958949869,124412.230214876,331371.4656801109,455783.6958949869,8366.316447324267
2001,455784.4568359162,119514.02366567851,336270.4331702377,455784.4568359162,8366.316447324267
2002,455785.21777684573,77578.51177589636,378206.7060009494,455785.21777684573,8366.316447324267
2003,479551.8882848266,0.0,479551.8882848266,479551.8882848266,8366.316447324267
2004,473188.2278214557,0.0,473188.2278214557,473188.2278214557,8366.316447324267
2005,493589.2272889244,0.0,493589.2272889244,493589.2272889244,8366.316447324267
2006,508086.6344693988,0.0,508086.6344693988,508086.6344693988,8366.316447324267
2007,507478.9133254784,0.0,507478.9133254784,507478.9133254784,8366.316447324267
2008,508099.6347803923,0.0,508099.6347803923,508099.6347803923,8366.316447324267
2009,455790.5443633515,4353.228677419189,451437.3156859323,455790.5443633515,8366.316447324267
2010,455791.30530428095,59325.28137684293,396466.023927438,455791.30530428095,8366.316447324267
2011,455792.0662452103,51382.2194392184,404409.8468059919,455792.0662452103,8366.316447324267
2012,455792.8271861397,47419.40004419215,408373.42714194756,455792.8271861397,8366.316447324267
2013,455793.5881270691,33437.74393294781,422355.8441941213,455793.5881270691,8366.316447324267
2014,455794.34906799847,33280.595884356415,422513.75318364205,455794.34906799847,8366.316447324267
2015,455795.1100089279,33281.356825285824,422513.75318364205,455795.1100089279,8366.316447324267
2016,455795.8709498573,33453.63001210528,422342.240937752,455795.8709498573,8366.316447324267
2017,455796.6318907867,33282.87870714464,422513.75318364205,455796.6318907867,8366.316447324267
2018,455797.39283171616,33407.26394491887,422390.1288867973,455797.39283171616,8366.316447324267
2019,455798.15377264546,33139.19246996264,422658.9613026828,455798.15377264546,8366.316447324267
2020,455798.91471357486,33079.09935770644,422719.8153558684,455798.91471357486,8366.316447324267
2021,455799.67565450433,34861.55565657659,420938.11999792774,455799.67565450433,8366.316447324267
2022,455800.43659543374,5380.70587353193,450419.7307219018,455800.43659543374,8366.316447324267
2023,455801.19753636315,73831.70172287949,381969.49581348366,455801.19753636315,8366.316447324267
2024,455801.95847729256,206157.52578462812,249644.43269266444,455801.95847729256,8366.316447324267
2025,455802.7194182219,117780.26795233728,338022.45146588463,455802.7194182219,8366.316447324267
2026,455803.4803591514,115782.02217045578,340021.4581886956,455803.4803591514,8366.316447324267
2027,455804.2413000807,95666.66609323648,360137.57520684425,455804.2413000807,8366.316447324267
2028,455805.00224101,95059.68788009806,360745.31436091196,455805.00224101,8366.316447324267
2029,455805.76318193955,94859.26415102242,360946.4990309171,455805.76318193955,8366.316447324267
2030,455806.52412286896,88056.4655262357,367750.05859663326,455806.52412286896,8366.316447324267
2031,455807.2850637983,69128.72381293005,386678.56125086825,455807.2850637983,8366.316447324267
2032,455808.0460047277,129279.92419850582,326528.1218062219,455808.0460047277,8366.316447324267
2033,455808.80694565707,106411.29161413322,349397.51533152384,455808.80694565707,8366.316447324267
2034,455809.56788658653,257230.7286713706,198578.83921521594,455809.56788658653,8366.316447324267
2035,455810.32882751594,46679.96602056292,409130.362806953,455810.32882751594,8366.316447324267
2036,455811.08976844535,37403.67180709698,418407.4179613484,455811.08976844535,8366.316447324267
2037,455811.85070937476,33103.72191721725,422708.1287921575,455811.85070937476,8366.316447324267
2038,455812.6116503041,33405.66386352264,422406.9477867815,455812.6116503041,8366.316447324267
2039,455813.37259123364,35953.87319719739,419859.49939403625,455813.37259123364,8366.316447324267
2040,455814.13353216293,38603.955899426306,417210.1776327366,455814.13353216293,8366.316447324267
2041,455814.8944730923,49022.18297647184,406792.71149662044,455814.8944730923,8366.316447324267
2042,455815.6554140218,72363.82057874132,383451.8348352805,455815.6554140218,8366.316447324267
2043,455816.4163549511,112732.52396919072,343083.8923857604,455816.4163549511,8366.316447324267
2044,455817.17729588057,112873.0572357616,342944.12006011896,455817.17729588057,8366.316447324267
2045,455817.93823681,179723.35967806156,276094.5785587484,455817.93823681,8366.316447324267
2046,455818.69917773927,187552.8157612735,268265.8834164658,455818.69917773927,8366.316447324267
2047,455819.4601186688,188995.83090039092,266823.62921827787,455819.4601186688,8366.316447324267
2048,455820.22105959815,325396.84656916244,130423.37449043567,455820.22105959815,8366.316447324267
2049,455820.98200052755,355820.98200052755,100000.0,455820.98200052755,8366.316447324267
2050,455821.742941457,355821.742941457,100000.0,455821.742941457,8366.316447324267
2051,455822.5038823864,355822.5038823864,100000.0,455822.5038823864,8366.316447324267
2052,455823.26482331584,355823.26482331584,100000.0,455823.26482331584,8366.316447324267
2053,455824.0257642452,355824.0257642452,100000.0,455824.0257642452,8366.316447324267
2054,455824.78670517454,355824.78670517454,100000.0,455824.78670517454,8366.316447324267
2055,455825.547646104,358781.47184675763,97044.07579934639,455825.547646104,8366.316447324267
2056,455826.30858703336,371629.4314024338,84196.87718459957,455826.30858703336,8366.316447324267
2057,455827.0695279629,421981.1947819449,33845.87474601797,455827.0695279629,8366.316447324267
2058,455827.8304688921,437510.3664459317,18317.464022960427,455827.8304688921,8366.316447324267
2059,455828.5914098215,444039.56486091664,11789.026548904916,455828.5914098215,8366.316447324267
2060,455829.35235075105,435932.4517375452,19896.900613205886,455829.35235075105,8366.316447324267
2061,455830.11329168035,438594.29062360385,17235.822668076504,455830.11329168035,8366.316447324267
2062,455830.8742326098,455830.8742326098,0.0,455830.8742326098,8366.316447324267
2063,455831.6351735392,455831.6351735392,0.0,455831.6351735392,8366.316447324267
2064,455832.3961144686,455832.3961144686,0.0,455832.3961144686,8366.316447324267
2065,455833.1570553981,455833.1570553981,0.0,455833.1570553981,8366.316447324267
2066,455833.91799632745,455833.91799632745,0.0,455833.91799632745,8366.316447324267
2067,455834.67893725674,455834.67893725674,0.0,455834.67893725674,8366.316447324267
2068,455835.4398781862,455835.4398781862,0.0,455835.4398781862,8366.316447324267
2069,455836.2008191156,455836.2008191156,0.0,455836.2008191156,8366.316447324267
2070,455836.9617600451,428000.83864376193,27836.12311628315,455836.9617600451,8366.316447324267
2071,455837.7227009744,375168.1370590327,80669.5856419417,455837.7227009744,8366.316447324267
2072,455838.48364190373,360551.72898979613,95286.75465210763,455838.48364190373,8366.316447324267
2073,455839.2445828332,355839.2445828332,100000.0,455839.2445828332,8366.316447324267
2074,455840.0055237626,355840.0055237626,100000.0,455840.0055237626,8366.316447324267
2075,455840.766464692,355840.766464692,100000.0,455840.766464692,8366.316447324267
2076,455841.52740562137,355870.8640004791,99970.66340514229,455841.52740562137,8366.316447324267
2077,455842.28834655083,339473.9349992203,116368.35334733054,455842.28834655083,8366.316447324267
2078,455843.0492874803,319317.66819439636,136525.38109308394,455843.0492874803,8366.316447324267
2079,455843.81022840965,287709.7104737253,168134.09975468437,455843.81022840965,8366.316447324267
2080,455844.57116933906,273036.43743169383,182808.13373764523,455844.57116933906,8366.316447324267
2081,455845.3321102685,330756.52935756306,125088.80275270541,455845.3321102685,8366.316447324267
2082,455846.0930511978,370007.46393715765,85838.62911404019,455846.0930511978,8366.316447324267
2083,455846.8539921273,377308.54550722666,78538.30848490064,455846.8539921273,8366.316447324267
2084,455847.6149330567,377439.2244033199,78408.39052973682,455847.6149330567,8366.316447324267
2085,455848.37587398593,389838.78219466796,66009.593679318,455848.37587398593,8366.316447324267
2086,455849.13681491546,392732.4419634268,63116.694851488624,455849.13681491546,8366.316447324267
2087,455849.8977558448,398882.69959549245,56967.19816035235,455849.8977558448,8366.316447324267
2088,455850.65869677416,422745.71666003147,33104.94203674271,455850.65869677416,8366.316447324267
2089,455851.4196377037,430856.2911836822,24995.128454021455,455851.4196377037,8366.316447324267
2090,455852.18057863304,437688.88611022534,18163.294468407697,455852.18057863304,8366.316447324267
2091,455852.9415195625,430080.07505406835,25772.866465494142,455852.9415195625,8366.316447324267
2092,455853.7024604919,433045.43082805985,22808.271632432043,455853.7024604919,8366.316447324267
2093,455854.4634014212,440142.28097219305,15712.182429228165,455854.4634014212,8366.316447324267
2094,455855.2243423507,432612.9421383281,23242.28220402255,455855.2243423507,8366.316447324267
2095,455855.98528328014,383659.0448627523,72196.9404205278,455855.98528328014,8366.316447324267
2096,455856.74622420955,365850.72755534336,90006.0186688662,455856.74622420955,8366.316447324267
2097,455857.5071651389,358969.7964451675,96887.71071997138,455857.5071651389,8366.316447324267
2098,455858.2681060682,289526.6220663299,166331.64603973832,455858.2681060682,8366.316447324267
2099,455859.02904699766,250443.5117049342,205415.51734206345,455859.02904699766,8366.316447324267
2100,455859.789987927,239995.68682674627,215864.10316118074,455859.789987927,8366.316447324267
2101,455860.5509288564,210740.69798414074,245119.85294471568,455860.5509288564,8366.316447324267
2102,455861.3118697859,212857.88523312798,243003.4266366579,455861.3118697859,8366.316447324267
2103,455862.07281071524,223049.5123981327,232812.56041258253,455862.07281071524,8366.316447324267
2104,455862.83375164476,254941.1081340447,200921.72561760005,455862.83375164476,8366.316447324267
2105,455863.59469257406,255577.5443323311,200286.05036024295,455863.59469257406,8366.316447324267
2106,455864.35563350347,182961.18362220202,272903.17201130145,455864.35563350347,8366.316447324267
2107,455865.11657443293,90395.21462580614,365469.9019486268,455865.11657443293,8366.316447324267
2108,455865.8775153622,105925.84770896594,349940.0298063963,455865.8775153622,8366.316447324267
2109,455866.63845629175,82967.66817798046,372898.9702783113,455866.63845629175,8366.316447324267
2110,455867.3993972211,214622.74535261342,241244.65404460768,455867.3993972211,8366.316447324267
2111,455868.16033815045,227387.13958438137,228481.0207537691,455868.16033815045,8366.316447324267
2112,455868.9212790799,256970.47149602647,198898.44978305345,455868.9212790799,8366.316447324267
2113,455869.6822200093,307017.14745731954,148852.53476268976,455869.6822200093,8366.316447324267
2114,455870.4431609386,303751.29147778725,152119.15168315137,455870.4431609386,8366.316447324267
2115,455871.2041018681,316257.0069383994,139614.1971634687,455871.2041018681,8366.316447324267
2116,455871.9650427975,328580.3419673719,127291.62307542562,455871.9650427975,8366.316447324267
2117,455872.7259837269,330763.91496879957,125108.81101492737,455872.7259837269,8366.316447324267
2118,455873.4869246563,321880.98529112583,133992.50163353048,455873.4869246563,8366.316447324267
2119,455874.2478655857,282017.7830328464,173856.46483273932,455874.2478655857,8366.316447324267
2120,455875.0088065151,355635.41403225716,100239.59477425792,455875.0088065151,8366.316447324267
2121,455875.7697474444,353063.364230164,102812.40551728048,455875.7697474444,8366.316447324267
2122,455876.530688374,287140.1186596497,168736.41202872433,455876.530688374,8366.316447324267
2123,455877.2916293033,215430.29954199906,240446.99208730424,455877.2916293033,8366.316447324267
2124,455878.0525702327,170758.4125216381,285119.6400485946,455878.0525702327,8366.316447324267
2125,455878.8135111621,234683.15709091045,221195.65642025167,455878.8135111621,8366.316447324267
2126,455879.5744520915,73039.90493137669,382839.6695207148,455879.5744520915,8366.316447324267
2127,455880.3353930209,51187.14537635667,404693.1900166642,455880.3353930209,8366.316447324267
2128,478368.56204010383,0.0,478368.56204010383,478368.56204010383,8366.316447324267
2129,455881.8572748797,35236.61418754514,420645.24308733456,455881.8572748797,8366.316447324267
2130,455882.61821580917,44151.4634892905,411731.15472651867,455882.61821580917,8366.316447324267
2131,455883.3791567386,212238.63242310839,243644.7467336302,455883.3791567386,8366.316447324267
2132,455884.1400976679,271800.38022404956,184083.75987361837,455884.1400976679,8366.316447324267
2133,455884.90103859734,278413.3769703113,177471.52406828606,455884.90103859734,8366.316447324267
2134,455885.66197952675,107732.86266132037,348152.7993182064,455885.66197952675,8366.316447324267
2135,455886.42292045604,64277.1875725424,391609.23534791364,455886.42292045604,8366.316447324267
2136,455887.18386138557,73708.50374506769,382178.6801163179,455887.18386138557,8366.316447324267
2137,455887.944802315,162432.78104883508,293455.1637534799,455887.944802315,8366.316447324267
2138,455888.7057432443,158028.7159220819,297859.9898211624,455888.7057432443,8366.316447324267
2139,455889.46668417373,156958.74663629,298930.72004788375,455889.46668417373,8366.316447324267
2140,455890.2276251031,350581.5959746613,105308.63165044182,455890.2276251031,8366.316447324267
2141,455890.98856603255,363808.3776594337,92082.61090659887,455890.98856603255,8366.316447324267
2142,455891.74950696196,296026.8829079876,159864.8665989744,455891.74950696196,8366.316447324267
2143,455892.5104478914,394127.77341377165,61764.73703411977,455892.5104478914,8366.316447324267
2144,455893.2713888208,350188.8222544692,105704.44913435155,455893.2713888208,8366.316447324267
2145,455894.03232975013,407662.94312429323,48231.089205456905,455894.03232975013,8366.316447324267
2146,455894.79327067966,429710.8397856143,26183.953485065344,455894.79327067966,8366.316447324267
2147,455895.55421160895,414286.63019696623,41608.92401464273,455895.55421160895,8366.316447324267
2148,455896.3151525383,382296.8175204277,73599.49763211061,455896.3151525383,8366.316447324267
2149,455897.0760934678,336512.76177629345,119384.31431717439,455897.0760934678,8366.316447324267
2150,455897.8370343971,397451.8859394692,58445.95109492793,455897.8370343971,8366.316447324267
2151,455898.5979753266,279476.5091383018,176422.0888370248,455898.5979753266,8366.316447324267
2152,455899.358916256,390899.22468041803,65000.134235837984,455899.358916256,8366.316447324267
2153,455900.1198571853,330834.27601363853,125065.84384354677,455900.1198571853,8366.316447324267
2154,455900.8807981148,259855.0283881176,196045.85240999723,455900.8807981148,8366.316447324267
2155,455901.64173904416,214681.7458534916,241219.89588555257,455901.64173904416,8366.316447324267
2156,455902.40267997363,455902.40267997363,0.0,455902.40267997363,8366.316447324267
2157,455903.16362090304,429708.3033778216,26194.86024308145,455903.16362090304,8366.316447324267
2158,455903.9245618324,415021.90644131484,40882.01812051754,455903.9245618324,8366.316447324267
2159,455904.68550276186,455904.68550276186,0.0,455904.68550276186,8366.316447324267
2160,455905.44644369115,455905.44644369115,0.0,455905.44644369115,8366.316447324267
2161,455906.20738462056,355433.3187163379,100472.88866828269,455906.20738462056,8366.316447324267
2162,455906.96832555,455906.96832555,0.0,455906.96832555,8366.316447324267
2163,455907.7292664794,434563.98314611963,21343.74612035972,455907.7292664794,8366.316447324267
2164,455908.49020740885,414520.3527737753,41388.13743363358,455908.49020740885,8366.316447324267
2165,455909.25114833814,406770.60994388006,49138.6412044581,455909.25114833814,8366.316447324267
2166,455910.01208926755,387055.4876027913,68854.52448647626,455910.01208926755,8366.316447324267
2167,455910.7730301971,404550.06094826735,51360.71208192973,455910.7730301971,8366.316447324267
2168,455911.53397112637,414640.80995289533,41270.72401823104,455911.53397112637,8366.316447324267
2169,455912.29491205583,426028.9365752815,29883.358336774316,455912.29491205583,8366.316447324267
2170,455913.05585298524,358670.1149573007,97242.94089568454,455913.05585298524,8366.316447324267
2171,455913.8167939146,339171.67903645855,116742.13775745605,455913.8167939146,8366.316447324267
2172,455914.5777348441,332791.9704442838,123122.60729056034,455914.5777348441,8366.316447324267
2173,455915.33867577347,298117.8402762943,157797.4983994792,455915.33867577347,8366.316447324267
2174,455916.09961670276,331229.81342967204,124686.28618703075,455916.09961670276,8366.316447324267
2175,455916.86055763223,356664.38705835637,99252.47349927586,455916.86055763223,8366.316447324267
2176,455917.62149856164,357884.455624386,98033.16587417561,455917.62149856164,8366.316447324267
2177,455918.38243949105,405544.6537717714,50373.72866771964,455918.38243949105,8366.316447324267
2178,455919.1433804204,455919.1433804204,0.0,455919.1433804204,8366.316447324267
2179,455919.9043213498,455919.9043213498,0.0,455919.9043213498,8366.316447324267
2180,455920.6652622792,455920.6652622792,0.0,455920.6652622792,8366.316447324267
2181,455921.4262032086,455921.4262032086,0.0,455921.4262032086,8366.316447324267
2182,455922.18714413804,455922.18714413804,0.0,455922.18714413804,8366.316447324267
2183,455922.94808506744,448169.16007289995,7753.788012167493,455922.94808506744,8366.316447324267
2184,455923.70902599685,439981.11613364826,15942.592892348592,455923.70902599685,8366.316447324267
2185,455924.4699669263,435875.4918832618,20048.978083664508,455924.4699669263,8366.316447324267
2186,455925.2309078557,400702.69185946544,55222.53904839021,455925.2309078557,8366.316447324267
2187,455925.99184878496,315962.7537667002,139963.23808208475,455925.99184878496,8366.316447324267
2188,455926.7527897145,228130.24722409496,227796.50556561953,455926.7527897145,8366.316447324267
2189,455927.51373064384,66358.54201395158,389568.97171669226,455927.51373064384,8366.316447324267
2190,455928.2746715733,49929.60156373994,405998.67310783337,455928.2746715733,8366.316447324267
2191,455929.03561250266,90630.46864866477,365298.5669638379,455929.03561250266,8366.316447324267
2192,455929.79655343195,300723.64882856834,155206.1477248636,455929.79655343195,8366.316447324267
2193,455930.55749436154,319900.14818044985,136030.40931391166,455930.55749436154,8366.316447324267
2194,455931.3184352909,297716.2195182439,158215.09891704697,455931.3184352909,8366.316447324267
2195,455932.07937622024,209551.4617017949,246380.61767442533,455932.07937622024,8366.316447324267
2196,455932.84031714965,168381.58775392716,287551.2525632225,455932.84031714965,8366.316447324267
2197,455933.60125807906,185054.75357826712,270878.84767981194,455933.60125807906,8366.316447324267
2198,455934.3621990085,207176.23764115805,248758.12455785047,455934.3621990085,8366.316447324267
2199,455935.12313993793,257873.95919397072,198061.16394596722,455935.12313993793,8366.316447324267
2200,455935.8840808673,261626.2144412535,194309.66963961377,455935.8840808673,8366.316447324267
2201,455936.6450217967,342574.908831285,113361.73619051166,455936.6450217967,8366.316447324267
2202,455937.40596272604,332939.79073336703,122997.61522935901,455937.40596272604,8366.316447324267
2203,455938.16690365557,208971.79538202332,246966.37152163225,455938.16690365557,8366.316447324267
2204,455938.9278445849,186297.46331711533,269641.4645274696,455938.9278445849,8366.316447324267
2205,455939.6887855142,141962.28316120617,313977.40562430804,455939.6887855142,8366.316447324267
2206,455940.44972644374,176067.96121587505,279872.4885105687,455940.44972644374,8366.316447324267
2207,455941.21066737303,208974.83914574079,246966.37152163225,455941.21066737303,8366.316447324267
2208,455941.97160830244,197014.36918310626,258927.60242519618,455941.97160830244,8366.316447324267
2209,455942.73254923197,308262.08954452083,147680.6430047111,455942.73254923197,8366.316447324267
2210,455943.49349016126,260768.86278566055,195174.6307045007,455943.49349016126,8366.316447324267
2211,455944.2544310908,179475.61136209697,276468.6430689938,455944.2544310908,8366.316447324267
2212,455945.0153720202,320235.11434031534,135709.90103170482,455945.0153720202,8366.316447324267
2213,455945.7763129495,328316.66688391264,127629.10942903688,455945.7763129495,8366.316447324267
2214,455946.53725387895,74055.83007430419,381890.70717957476,455946.53725387895,8366.316447324267
2215,455947.2981948083,32477.654956523096,423469.6432382852,455947.2981948083,8366.316447324267
2216,455948.05913573777,227085.947480676,228862.11165506177,455948.05913573777,8366.316447324267
2217,455948.8200766671,451865.65167881973,4083.16839784737,455948.8200766671,8366.316447324267
2218,455949.5810175965,402651.8441876783,53297.73682991816,455949.5810175965,8366.316447324267
2219,455950.34195852594,253879.65732406868,202070.68463445726,455950.34195852594,8366.316447324267
2220,455951.1028994553,253358.0317507179,202593.0711487374,455951.1028994553,8366.316447324267
2221,458980.7740901578,0.0,458980.7740901578,458980.7740901578,8366.316447324267
2222,455952.62478131405,26670.42018318153,429282.2045981325,455952.62478131405,8366.316447324267
2223,455953.3857222435,34155.80699255434,421797.5787296892,455953.3857222435,8366.316447324267
2224,455954.146663173,95703.11691024015,360251.02975293284,455954.146663173,8366.316447324267
2225,455954.9076041023,263902.3819629991,192052.5256411032,455954.9076041023,8366.316447324267
2226,455955.6685450317,394274.31387069484,61681.35467433688,455955.6685450317,8366.316447324267
2227,455956.42948596115,51864.265543479705,404092.16394248145,455956.42948596115,8366.316447324267
2228,455957.1904268905,126797.70062149916,329159.48980539135,455957.1904268905,8366.316447324267
2229,455957.95136782003,156984.34162946662,298973.6097383534,455957.95136782003,8366.316447324267
2230,455958.7123087494,190889.60188177513,265069.11042697425,455958.7123087494,8366.316447324267
2231,455959.47324967873,265539.1361838692,190420.33706580955,455959.47324967873,8366.316447324267
2232,455960.23419060814,298440.4292509465,157519.80493966167,455960.23419060814,8366.316447324267
2233,455960.99513153755,369267.2156503496,86693.77948118794,455960.99513153755,8366.316447324267
2234,455961.75607246684,393277.920609888,62683.83546257885,455961.75607246684,8366.316447324267
2235,455962.51701339637,437923.07925732597,18039.437756070372,455962.51701339637,8366.316447324267
2236,455963.2779543258,436685.6491928275,19277.628761498236,455963.2779543258,8366.316447324267
2237,455964.0388952552,437305.50563647086,18658.5332587843,455964.0388952552,8366.316447324267
2238,455964.7998361846,390864.1600503911,65100.63978579349,455964.7998361846,8366.316447324267
2239,455965.56077711395,434216.2266304439,21749.334146670073,455965.56077711395,8366.316447324267
2240,455966.32171804336,424675.27169039234,31291.050027650996,455966.32171804336,8366.316447324267
2241,455967.08265897277,404008.05958059774,51959.02307837504,455967.08265897277,8366.316447324267
2242,455967.84359990223,365038.36323315045,90929.48036675177,455967.84359990223,8366.316447324267
2243,455968.6045408316,390828.54538984154,65140.059150990055,455968.6045408316,8366.316447324267
2244,455969.36548176093,344688.5496163055,111280.81586545543,455969.36548176093,8366.316447324267
2245,455970.1264226904,343106.211022904,112863.91539978639,455970.1264226904,8366.316447324267
2246,455970.88736361975,352426.83298148273,103544.05438213704,455970.88736361975,8366.316447324267
2247,455971.64830454905,334716.6069777764,121255.04132677268,455971.64830454905,8366.316447324267
2248,455972.40924547863,262890.5462262703,193081.8630192083,455972.40924547863,8366.316447324267
2249,455973.1701864079,259559.35143656656,196413.81874984136,455973.1701864079,8366.316447324267
2250,455973.9311273374,305502.5867405727,150471.34438676471,455973.9311273374,8366.316447324267
2251,455974.6920682668,331610.10715314536,124364.58491512146,455974.6920682668,8366.316447324267
2252,455975.45300919615,196714.1431883441,259261.30982085204,455975.45300919615,8366.316447324267
2253,455976.2139501256,116485.13620770595,339491.0777424197,455976.2139501256,8366.316447324267
2254,455976.9748910549,243979.13683553113,211997.83805552378,455976.9748910549,8366.316447324267
2255,455977.7358319843,120128.4253133653,335849.310518619,455977.7358319843,8366.316447324267
2256,455978.49677291384,220342.7230868016,235635.77368611225,455978.49677291384,8366.316447324267
2257,455979.2577138432,234162.61773163482,221816.63998220838,455979.2577138432,8366.316447324267
2258,455980.0186547726,279471.1389085997,176508.87974617293,455980.0186547726,8366.316447324267
2259,455980.77959570196,147431.04527145118,308549.7343242508,455980.77959570196,8366.316447324267
2260,455981.5405366313,226199.67890355614,229781.86163307517,455981.5405366313,8366.316447324267
2261,455982.30147756083,202647.31305993669,253334.98841762415,455982.30147756083,8366.316447324267
2262,455983.0624184902,303834.69669394003,152148.36572455015,455983.0624184902,8366.316447324267
2263,455983.82335941965,260180.77212124225,195803.0512381774,455983.82335941965,8366.316447324267
2264,455984.584300349,273928.9728518012,182055.61144854777,455984.584300349,8366.316447324267
2265,455985.3452412784,331702.49565913685,124282.84958214156,455985.3452412784,8366.316447324267
2266,455986.1061822079,181597.6892119475,274388.4169702604,455986.1061822079,8366.316447324267
2267,455986.86712313717,174176.48325589095,281810.3838672462,455986.86712313717,8366.316447324267
2268,455987.6280640666,201364.63830543487,254622.9897586317,455987.6280640666,8366.316447324267
2269,455988.389004996,137222.1831686166,318766.2058363794,455988.389004996,8366.316447324267
2270,455989.1499459254,205958.31257164924,250030.83737427616,455989.1499459254,8366.316447324267
2271,455989.91088685486,140937.64395345934,315052.2669333955,455989.91088685486,8366.316447324267
2272,455990.67182778416,218272.6930572431,237717.97877054106,455990.67182778416,8366.316447324267
2273,455991.43276871357,250849.4279354874,205142.00483322618,455991.43276871357,8366.316447324267
2274,455992.19370964303,206184.3445077743,249807.84920186872,455992.19370964303,8366.316447324267
2275,455992.9546505724,135278.1387400829,320714.8159104895,455992.9546505724,8366.316447324267
2276,455993.71559150185,219390.16034818252,236603.55524331934,455993.71559150185,8366.316447324267
2277,455994.47653243126,190544.88136078167,265449.5951716496,455994.47653243126,8366.316447324267
2278,455995.2374733606,42102.97503306426,413892.26244029636,455995.2374733606,8366.316447324267
2279,455995.9984142901,89046.60674872849,366949.3916655616,455995.9984142901,8366.316447324267
2280,455996.75935521943,129572.78896902321,326423.9703861962,455996.75935521943,8366.316447324267
2281,455997.5202961488,316970.28205602407,139027.23824012472,455997.5202961488,8366.316447324267
2282,455998.28123707825,338052.7613961794,117945.51984089887,455998.28123707825,8366.316447324267
2283,455999.04217800766,368938.1349298194,87060.90724818825,455999.04217800766,8366.316447324267
2284,455999.803118937,404953.9595918065,51045.843527130506,455999.803118937,8366.316447324267
2285,456000.5640598664,384084.221567192,71916.34249267442,456000.5640598664,8366.316447324267
2286,456001.3250007958,379835.0810088325,76166.24399196332,456001.3250007958,8366.316447324267
2287,456002.08594172524,321071.4234982866,134930.66244343866,456002.08594172524,8366.316447324267
2288,456002.8468826547,358442.20874896133,97560.63813369334,456002.8468826547,8366.316447324267
2289,456003.60782358405,356003.60782358405,100000.0,456003.60782358405,8366.316447324267
2290,456004.36876451346,317499.6609231667,138504.70784134674,456004.36876451346,8366.316447324267
2291,456005.1297054429,239767.0320305513,216238.0976748916,456005.1297054429,8366.316447324267
2292,456005.89064637234,208821.02823792145,247184.8624084509,456005.89064637234,8366.316447324267
2293,456006.6515873017,205086.95060421078,250919.7009830909,456006.6515873017,8366.316447324267
2294,456007.412528231,223239.54726492704,232767.86526330395,456007.412528231,8366.316447324267
2295,456008.1734691605,215594.4250702858,240413.7483988747,456008.1734691605,8366.316447324267
2296,456008.93441008986,263175.2924915791,192833.64191851075,456008.93441008986,8366.316447324267
2297,456009.6953510193,269679.8717943639,186329.82355665544,456009.6953510193,8366.316447324267
2298,456010.4562919487,216851.16397352834,239159.29231842034,456010.4562919487,8366.316447324267
2299,456011.21723287797,127198.70878712775,328812.5084457502,456011.21723287797,8366.316447324267
2300,456011.9781738075,167940.49072527303,288071.48744853446,456011.9781738075,8366.316447324267
2301,456012.73911473685,283328.83151238464,172683.9076023522,456012.73911473685,8366.316447324267
2302,456013.50005566626,166963.162369869,289050.33768579725,456013.50005566626,8366.316447324267
2303,456014.2609965957,157664.8460568018,298349.41493979393,456014.2609965957,8366.316447324267
2304,456015.0219375251,171369.51031941047,284645.5116181146,456015.0219375251,8366.316447324267
2305,456015.78287845454,160869.954470984,295145.82840747054,456015.78287845454,8366.316447324267
2306,456016.5438193839,221430.04819927603,234586.49562010786,456016.5438193839,8366.316447324267
2307,456017.30476031324,164298.43620670534,291718.8685536079,456017.30476031324,8366.316447324267
2308,456018.0657012427,367576.41835700476,88441.64734423795,456018.0657012427,8366.316447324267
2309,456018.82664217206,388200.25065398024,67818.57598819183,456018.82664217206,8366.316447324267
2310,456019.5875831016,399712.5113754674,56307.07620763421,456019.5875831016,8366.316447324267
2311,456020.3485240309,346608.8620922909,109411.48643173996,456020.3485240309,8366.316447324267
2312,456021.10946496023,364521.1414672625,91499.96799769769,456021.10946496023,8366.316447324267
2313,456021.8704058898,315070.79689742986,140951.07350845993,456021.8704058898,8366.316447324267
2314,456022.631346819,322103.7843172512,133918.84702956784,456022.631346819,8366.316447324267
2315,456023.39228774846,289084.5442432775,166938.84804447094,456023.39228774846,8366.316447324267
2316,456024.1532286779,180126.894349863,275897.25887881493,456024.1532286779,8366.316447324267
2317,456024.9141696073,298163.19167526014,157861.72249434714,456024.9141696073,8366.316447324267
2318,456025.6751105368,239645.40835876222,216380.2667517746,456025.6751105368,8366.316447324267
2319,456026.43605146615,197013.48758926496,259012.9484622012,456026.43605146615,8366.316447324267
2320,456027.1969923955,168715.1670726245,287312.029919771,456027.1969923955,8366.316447324267
2321,456027.9579333249,235597.53839692986,220430.41953639506,456027.9579333249,8366.316447324267
2322,456028.7188742543,227765.87115515443,228262.8477190999,456028.7188742543,8366.316447324267
2323,456029.4798151838,89545.02738212014,366484.45243306365,456029.4798151838,8366.316447324267
2324,456030.24075611314,109307.7976635053,346722.44309260783,456030.24075611314,8366.316447324267
2325,456031.0016970425,67740.30587111204,388290.69582593045,456031.0016970425,8366.316447324267
2326,456031.7626379719,79868.63681722805,376163.12582074385,456031.7626379719,8366.316447324267
2327,456032.5235789013,127967.2833033767,328065.2402755246,456032.5235789013,8366.316447324267
2328,456033.2845198307,128221.33666325419,327811.94785657653,456033.2845198307,8366.316447324267
2329,456034.0454607601,90133.92131919705,365900.1241415631,456034.0454607601,8366.316447324267
2330,456034.80640168954,87022.65263350331,369012.1537681862,456034.80640168954,8366.316447324267
2331,456035.567342619,107160.93323429168,348874.63410832733,456035.567342619,8366.316447324267
2332,456036.32828354836,127101.87841755076,328934.4498659976,456036.32828354836,8366.316447324267
2333,456037.08922447776,257247.18813973744,198789.90108474033,456037.08922447776,8366.316447324267
2334,456037.8501654072,205062.7064116069,250975.14375380028,456037.8501654072,8366.316447324267
2335,456038.6111063365,161146.2784018622,294892.33270447433,456038.6111063365,8366.316447324267
2336,456039.372047266,246697.30115024073,209342.07089702526,456039.372047266,8366.316447324267
2337,456040.1329881954,37379.754444462305,418660.3785437331,456040.1329881954,8366.316447324267
2338,456040.8939291247,20899.51505919418,435141.3788699305,456040.8939291247,8366.316447324267
2339,474400.9739700947,0.0,474400.9739700947,474400.9739700947,8366.316447324267
2340,481937.24365266424,0.0,481937.24365266424,481937.24365266424,8366.316447324267
2341,492044.91817326087,0.0,492044.91817326087,492044.91817326087,8366.316447324267
2342,472354.9632957219,0.0,472354.9632957219,472354.9632957219,8366.316447324267
2343,478691.63693262875,0.0,478691.63693262875,478691.63693262875,8366.316447324267
2344,456045.4595747012,31983.412886488135,424062.0466882131,456045.4595747012,8366.316447324267
2345,456046.2205156306,68136.85758171714,387909.3629339135,456046.2205156306,8366.316447324267
2346,456046.98145655997,88506.31189945084,367540.6695571091,456046.98145655997,8366.316447324267
2347,456047.7423974894,44855.20915102761,411192.53324646177,456047.7423974894,8366.316447324267
2348,456048.5033384188,41660.72961798194,414387.77372043685,456048.5033384188,8366.316447324267
2349,456049.26427934825,39977.28303084156,416071.9812485067,456049.26427934825,8366.316447324267
2350,456050.0252202776,38695.32284991274,417354.70237036486,456050.0252202776,8366.316447324267
2351,456050.78616120695,33557.48751695326,422493.2986442537,456050.78616120695,8366.316447324267
2352,456051.5471021364,33756.06690461788,422295.48019751854,456051.5471021364,8366.316447324267
2353,456052.3080430658,33463.41501238139,422588.8930306844,456052.3080430658,8366.316447324267
2354,456053.0689839951,33398.381811022235,422654.6871729729,456053.0689839951,8366.316447324267
2355,456053.82992492465,33271.91533007898,422781.9145948457,456053.82992492465,8366.316447324267
2356,456054.59086585394,34444.46469751198,421610.12616834196,456054.59086585394,8366.316447324267
2357,456055.35180678347,33441.63116322743,422613.72064355604,456055.35180678347,8366.316447324267
2358,456056.1127477129,19159.298771564558,436896.8139761483,456056.1127477129,8366.316447324267
2359,456056.87368864217,27937.70894947194,428119.1647391702,456056.87368864217,8366.316447324267
2360,456057.63462957164,40256.1767835918,415801.45784597984,456057.63462957164,8366.316447324267
2361,456058.395570501,6600.7230028230115,449457.672567678,456058.395570501,8366.316447324267
2362,456059.15651143045,15669.275384932,440389.88112649845,456059.15651143045,8366.316447324267
2363,484411.25572194875,0.0,484411.25572194875,484411.25572194875,8366.316447324267
2364,488429.5408209072,0.0,488429.5408209072,488429.5408209072,8366.316447324267
2365,492847.2358731747,0.0,492847.2358731747,492847.2358731747,8366.316447324267
2366,456062.200275148,14431.874823867809,441630.32545128016,456062.200275148,8366.316447324267
2367,456062.9612160774,31372.118116635596,424690.8430994418,456062.9612160774,8366.316447324267
2368,456063.7221570068,79186.25875428767,376877.4634027191,456063.7221570068,8366.316447324267
2369,456064.48309793614,109624.39731678879,346440.08578114735,456064.48309793614,8366.316447324267
2370,456065.24403886567,122366.10955859913,333699.13448026654,456065.24403886567,8366.316447324267
2371,456066.004979795,53018.42226665729,403047.58271313773,456066.004979795,8366.316447324267
2372,456066.7659207244,44078.4245422809,411988.3413784435,456066.7659207244,8366.316447324267
2373,456067.52686165384,42638.02660441847,413429.50025723537,456067.52686165384,8366.316447324267
2374,456068.2878025832,35856.926061802194,420211.361740781,456068.2878025832,8366.316447324267
2375,456069.0487435126,33558.99393569329,422510.0548078193,456069.0487435126,8366.316447324267
2376,456069.80968444207,36345.28530829464,419724.5243761474,456069.80968444207,8366.316447324267
2377,456070.5706253714,41717.64974782162,414352.9208775498,456070.5706253714,8366.316447324267
2378,456071.3315663008,35172.43165483273,420898.8999114681,456071.3315663008,8366.316447324267
2379,456072.09250723023,34316.068474584084,421756.02403264615,456072.09250723023,8366.316447324267
2380,456072.8534481596,33300.72250123229,422772.1309469273,456072.8534481596,8366.316447324267
2381,456073.61438908905,33843.096159012464,422230.5182300766,456073.61438908905,8366.316447324267
2382,456074.37533001846,9127.381009052857,446946.9943209656,456074.37533001846,8366.316447324267
2383,456075.13627094787,18683.678893990058,437391.4573769578,456075.13627094787,8366.316447324267
2384,456075.8972118773,82209.84802023781,373866.04919163947,456075.8972118773,8366.316447324267
2385,456076.6581528067,24728.342190998956,431348.31596180773,456076.6581528067,8366.316447324267
2386,456077.4190937361,1462.5814969369094,454614.8375967992,456077.4190937361,8366.316447324267
2387,458396.39721985953,0.0,458396.39721985953,458396.39721985953,8366.316447324267
2388,480187.4345898068,0.0,480187.4345898068,480187.4345898068,8366.316447324267
2389,473962.2359449446,0.0,473962.2359449446,473962.2359449446,8366.316447324267
2390,468529.836098102,0.0,468529.836098102,468529.836098102,8366.316447324267
2391,484723.3970452073,0.0,484723.3970452073,484723.3970452073,8366.316447324267
2392,456081.98473931244,25960.478044791613,430121.5066945208,456081.98473931244,8366.316447324267
2393,456082.7456802418,62751.42879592831,393331.3168843135,456082.7456802418,8366.316447324267
2394,456083.5066211713,137017.66946744162,319065.8371537297,456083.5066211713,8366.316447324267
2395,456084.26756210066,72337.53338937717,383746.7341727235,456084.26756210066,8366.316447324267
2396,456085.0285030301,63053.707188051776,393031.3213149783,456085.0285030301,8366.316447324267
2397,456085.7894439595,91104.4755966817,364981.3138472778,456085.7894439595,8366.316447324267
2398,456086.55038488883,59457.75960422942,396628.7907806594,456086.55038488883,8366.316447324267
2399,456087.31132581836,33509.92052798957,422577.3907978288,456087.31132581836,8366.316447324267
2400,456088.0722667477,35956.73996896151,420131.3322977862,456088.0722667477,8366.316447324267
2401,456088.833207677,33553.286972714006,422535.546234963,456088.833207677,8366.316447324267
2402,456089.5941486065,33733.24333878141,422356.3508098251,456089.5941486065,8366.316447324267
2403,456090.3550895359,39827.09916222026,416263.2559273156,456090.3550895359,8366.316447324267
2404,456091.1160304653,35368.51996543282,420722.59606503247,456091.1160304653,8366.316447324267
2405,456091.8769713947,33698.76368872839,422393.1132826663,456091.8769713947,8366.316447324267
2406,456092.63791232405,38688.99415012542,417403.6437621986,456092.63791232405,8366.316447324267
2407,456093.3988532535,46672.03995164047,409421.35890161304,456093.3988532535,8366.316447324267
2408,456094.15979418287,27720.457164622727,428373.70262956014,456094.15979418287,8366.316447324267
2409,465471.9425632279,0.0,465471.9425632279,465471.9425632279,8366.316447324267
2410,456095.6816760417,16271.016070900077,439824.6656051416,456095.6816760417,8366.316447324267
2411,456096.4426169711,10262.729676406132,445833.71294056496,456096.4426169711,8366.316447324267
2412,456097.2035579006,25995.208895444346,430101.9946624563,456097.2035579006,8366.316447324267
2413,456097.9644988299,29996.488881618774,426101.47561721114,456097.9644988299,8366.316447324267
2414,456098.72543975926,46808.9899414393,409289.73549831996,456098.72543975926,8366.316447324267
2415,456099.4863806888,62855.639794164104,393243.8465865247,456099.4863806888,8366.316447324267
2416,456100.2473216181,40676.23575363861,415424.01156797947,456100.2473216181,8366.316447324267
2417,456101.00826254755,337266.403304313,118834.60495823453,456101.00826254755,8366.316447324267
2418,456101.7692034769,311221.1291839933,144880.64001948357,456101.7692034769,8366.316447324267
2419,456102.53014440625,241543.52543599898,214559.00470840727,456102.53014440625,8366.316447324267
2420,456103.2910853358,145422.44545688044,310680.84562845534,456103.2910853358,8366.316447324267
2421,456104.0520262651,69790.28315625718,386313.76887000795,456104.0520262651,8366.316447324267
2422,456104.81296719454,106742.32824100053,349362.484726194,456104.81296719454,8366.316447324267
2423,456105.5739081239,49015.368860688,407090.2050474359,456105.5739081239,8366.316447324267
2424,456106.33484905335,77483.10839467414,378623.2264543792,456106.33484905335,8366.316447324267
2425,456107.0957899828,50517.26963611733,405589.8261538655,456107.0957899828,8366.316447324267
2426,456107.8567309122,55435.99917085987,400671.8575600523,456107.8567309122,8366.316447324267
2427,456108.61767184146,44941.02798221714,411167.5896896243,456108.61767184146,8366.316447324267
2428,456109.37861277093,52718.59236931463,403390.7862434563,456109.37861277093,8366.316447324267
2429,456110.13955370034,121519.48122021614,334590.6583334842,456110.13955370034,8366.316447324267
2430,456110.90049462987,166156.67449466244,289954.2259999674,456110.90049462987,8366.316447324267
2431,456111.6614355591,150413.36472650932,305698.2967090498,456111.6614355591,8366.316447324267
2432,456112.4223764885,201538.28951913488,254574.13285735363,456112.4223764885,8366.316447324267
2433,456113.183317418,356298.98777255707,99814.19554486088,456113.183317418,8366.316447324267
2434,456113.94425834727,290227.1457668006,165886.79849154668,456113.94425834727,8366.316447324267
2435,456114.7051992767,278950.68355272326,177164.02164655342,456114.7051992767,8366.316447324267
2436,456115.4661402061,274692.7908034239,181422.67533678218,456115.4661402061,8366.316447324267
2437,456116.22708113556,264659.07468887285,191457.1523922627,456116.22708113556,8366.316447324267
2438,456116.988022065,220385.92050480258,235731.06751726245,456116.988022065,8366.316447324267
2439,456117.7489629944,241747.00203148354,214370.74693151083,456117.7489629944,8366.316447324267
2440,456118.5099039237,294763.9653682577,161354.544535666,456118.5099039237,8366.316447324267
2441,456119.2708448532,384010.4951064504,72108.7757384028,456119.2708448532,8366.316447324267
2442,456120.03178578254,420493.21056505066,35626.82122073187,456120.03178578254,8366.316447324267
2443,456120.792726712,408249.604362712,47871.18836399998,456120.792726712,8366.316447324267
2444,456121.5536676414,259817.12372984682,196304.4299377946,456121.5536676414,8366.316447324267
2445,456122.31460857065,404656.0959656577,51466.218642912994,456122.31460857065,8366.316447324267
2446,456123.0755495002,318828.6658849346,137294.40966456555,456123.0755495002,8366.316447324267
2447,456123.8364904296,352192.47123233817,103931.3652580914,456123.8364904296,8366.316447324267
2448,456124.5974313589,239285.98722413252,216838.61020722636,456124.5974313589,8366.316447324267
2449,456125.35837228835,219646.70358273413,236478.65478955422,456125.35837228835,8366.316447324267
2450,456126.11931321776,239112.3730719394,217013.74624127836,456126.11931321776,8366.316447324267
2451,456126.8802541472,208641.37652736026,247485.50372678696,456126.8802541472,8366.316447324267
2452,456127.64119507663,189598.71846016753,266528.9227349091,456127.64119507663,8366.316447324267
2453,456128.402136006,202037.7630032319,254090.6391327741,456128.402136006,8366.316447324267
2454,456129.1630769354,118087.6256614349,338041.5374155005,456129.1630769354,8366.316447324267
2455,456129.92401786475,122890.34025842196,333239.5837594428,456129.92401786475,8366.316447324267
2456,456130.68495879427,315993.6634802129,140137.02147858136,456130.68495879427,8366.316447324267
2457,456131.4458997236,310352.59295901394,145778.85294070968,456131.4458997236,8366.316447324267
2458,456132.20684065286,268865.05764758494,187267.14919306795,456132.20684065286,8366.316447324267
2459,456132.96778158244,276902.43954419845,179230.528237384,456132.96778158244,8366.316447324267
2460,456133.72872251173,286583.2752263631,169550.45349614864,456133.72872251173,8366.316447324267
2461,456134.4896634412,308957.6374801032,147176.852183338,456134.4896634412,8366.316447324267
2462,456135.2506043706,321452.9987294406,134682.25187493,456135.2506043706,8366.316447324267
2463,456136.0115452999,266118.70437508426,190017.30717021567,456136.0115452999,8366.316447324267
2464,456136.7724862294,280197.2555286233,175939.51695760613,456136.7724862294,8366.316447324267
2465,456137.53342715884,351936.48643684504,104201.04699031377,456137.53342715884,8366.316447324267
2466,456138.2943680882,351765.42185924447,104372.87250884373,456138.2943680882,8366.316447324267
2467,456139.05530901765,203526.0210087667,252613.03430025096,456139.05530901765,8366.316447324267
2468,456139.816249947,109272.94775872049,346866.8684912265,456139.816249947,8366.316447324267
2469,456140.5771908765,87205.74438712985,368934.8328037466,456140.5771908765,8366.316447324267
2470,456141.3381318058,95758.72108218138,360382.61704962444,456141.3381318058,8366.316447324267
2471,456142.09907273523,45258.24969720811,410883.8493755271,456142.09907273523,8366.316447324267
2472,456142.86001366464,33693.21407083183,422449.6459428328,456142.86001366464,8366.316447324267
2473,456143.620954594,175246.24412877084,280897.37682582316,456143.620954594,8366.316447324267
2474,456144.3818955234,242686.0953001427,213458.2865953807,456144.3818955234,8366.316447324267
2475,456145.1428364528,352717.48601029324,103427.65682615957,456145.1428364528,8366.316447324267
2476,456145.9037773822,262434.7134325768,193711.19034480542,456145.9037773822,8366.316447324267
2477,456146.6647183117,33430.93909528683,422715.72562302486,456146.6647183117,8366.316447324267
2478,456147.42565924104,33443.766875610745,422703.6587836303,456147.42565924104,8366.316447324267
2479,456148.18660017045,31601.982599267387,424546.20400090306,456148.18660017045,8366.316447324267
2480,456148.94754109986,96765.69579865038,359383.2517424495,456148.94754109986,8366.316447324267
2481,456149.7084820292,81874.35286632279,374275.3556157064,456149.7084820292,8366.316447324267
2482,456150.46942295873,214845.81172643977,241304.65769651896,456150.46942295873,8366.316447324267
2483,456151.2303638881,236145.4279442316,220005.80241965648,456151.2303638881,8366.316447324267
2484,456151.99130481743,114827.36020184786,341324.6311029696,456151.99130481743,8366.316447324267
2485,456152.75224574684,115001.97522929736,341150.7770164495,456152.75224574684,8366.316447324267
2486,456153.51318667625,250432.27468080947,205721.2385058668,456153.51318667625,8366.316447324267
2487,456154.27412760555,336033.4034143858,120120.87071321973,456154.27412760555,8366.316447324267
2488,456155.0350685351,417641.92248663626,38513.112581898815,456155.0350685351,8366.316447324267
2489,456155.7960094644,377106.1084083919,79049.68760107255,456155.7960094644,8366.316447324267
2490,456156.55695039383,414041.00944233517,42115.547508058684,456156.55695039383,8366.316447324267
2491,456157.3178913233,393459.2641085825,62698.05378274078,456157.3178913233,8366.316447324267
2492,456158.0788322527,420167.2251944239,35990.853637828804,456158.0788322527,8366.316447324267
2493,456158.83977318206,429607.5731364317,26551.266636750384,456158.83977318206,8366.316447324267
2494,456159.60071411147,435106.1644964678,21053.436217643688,456159.60071411147,8366.316447324267
2495,456160.3616550408,406655.2500096775,49505.111645363315,456160.3616550408,8366.316447324267
2496,456161.1225959703,396447.54072795395,59713.581868016336,456161.1225959703,8366.316447324267
2497,456161.88353689964,410970.2518087478,45191.63172815183,456161.88353689964,8366.316447324267
2498,456162.6444778291,395000.46213317814,61162.18234465098,456162.6444778291,8366.316447324267
2499,456163.40541875846,357664.74659130606,98498.65882745241,456163.40541875846,8366.316447324267
2500,456164.1663596878,432518.9360807477,23645.230278940136,456164.1663596878,8366.316447324267
2501,456164.92730061733,422317.2205246909,33847.706775926425,456164.92730061733,8366.316447324267
2502,456165.6882415466,415187.39190513757,40978.296336409025,456165.6882415466,8366.316447324267
2503,456166.4491824761,386470.87453976204,69695.57464271407,456166.4491824761,8366.316447324267
2504,456167.21012340556,427917.22263862,28249.98748478556,456167.21012340556,8366.316447324267
2505,456167.97106433485,443201.642598154,12966.328466180841,456167.97106433485,8366.316447324267
2506,456168.7320052643,382460.4799337098,73708.25207155454,456168.7320052643,8366.316447324267
2507,456169.49294619367,320652.77657418954,135516.71637200413,456169.49294619367,8366.316447324267
2508,456170.25388712296,272473.21113249625,183697.04275462675,456170.25388712296,8366.316447324267
2509,456171.01482805255,260545.9242872248,195625.09054082775,456171.01482805255,8366.316447324267
2510,456171.7757689819,241473.971090893,214697.8046780889,456171.7757689819,8366.316447324267
2511,456172.5367099113,180915.34294003306,275257.19376987824,456172.5367099113,8366.316447324267
2512,456173.29765084066,245358.62030802903,210814.67734281163,456173.29765084066,8366.316447324267
2513,456174.05859177007,273479.2598188926,182694.7987728775,456174.05859177007,8366.316447324267
2514,456174.81953269953,207621.7027845183,248553.11674818123,456174.81953269953,8366.316447324267
2515,456175.5804736289,104449.44477971859,351726.1356939103,456175.5804736289,8366.316447324267
2516,456176.34141455835,109058.86865671218,347117.4727578462,456176.34141455835,8366.316447324267
2517,456177.1023554877,72861.71674498683,383315.3856105009,456177.1023554877,8366.316447324267
2518,456177.8632964171,85529.34642987303,370648.5168665441,456177.8632964171,8366.316447324267
2519,456178.62423734664,45546.185237217345,410632.4390001293,456178.62423734664,8366.316447324267
2520,456179.3851782759,34224.257284541614,421955.12789373426,456179.3851782759,8366.316447324267
2521,456180.1461192053,108616.19531972014,347563.95079948514,456180.1461192053,8366.316447324267
2522,456180.90706013475,60718.80923816335,395462.0978219714,456180.90706013475,8366.316447324267
2523,456181.6680010641,108806.11543047457,347375.5525705895,456181.6680010641,8366.316447324267
2524,456182.42894199357,73287.10588715499,382895.3230548386,456182.42894199357,8366.316447324267
2525,456183.1898829229,55024.621811805875,401158.56807111704,456183.1898829229,8366.316447324267
2526,456183.95082385227,149330.45336844755,306853.4974554047,456183.95082385227,8366.316447324267
2527,456184.71176478174,225900.72576749147,230283.98599729026,456184.71176478174,8366.316447324267
2528,456185.47270571114,255379.74603668513,200805.72666902601,456185.47270571114,8366.316447324267
2529,456186.23364664055,121748.30534278881,334437.92830385175,456186.23364664055,8366.316447324267
2530,456186.99458756996,8929.43600833643,447257.55857923353,456186.99458756996,8366.316447324267
2531,456187.7555284994,45843.91493410128,410343.8405943981,456187.7555284994,8366.316447324267
2532,456188.5164694288,132366.21695137274,323822.29951805604,456188.5164694288,8366.316447324267
2533,456189.2774103582,229144.3616366032,227044.915773755,456189.2774103582,8366.316447324267
2534,456190.03835128754,182279.40280439286,273910.6355468947,456190.03835128754,8366.316447324267
2535,456190.79929221695,200883.53200401855,255307.2672881984,456190.79929221695,8366.316447324267
2536,456191.5602331464,264208.47451700387,191983.08571614252,456191.5602331464,8366.316447324267
2537,456192.3211740757,345797.2183834916,110395.10279058412,456192.3211740757,8366.316447324267
2538,456193.0821150051,236920.8654258429,219272.21668916222,456193.0821150051,8366.316447324267
2539,456193.8430559345,261426.59990667342,194767.2431492611,456193.8430559345,8366.316447324267
2540,456194.603996864,155139.45786255994,301055.14613430406,456194.603996864,8366.316447324267
2541,456195.36493779335,144484.5681210413,311710.79681675206,456195.36493779335,8366.316447324267
2542,456196.12587872276,70246.0658692338,385950.06000948895,456196.12587872276,8366.316447324267
2543,456196.88681965217,149382.41133277887,306814.4754868733,456196.88681965217,8366.316447324267
2544,456197.6477605816,130895.60091278545,325302.0468477961,456197.6477605816,8366.316447324267
2545,456198.40870151104,178020.5621903739,278177.84651113715,456198.40870151104,8366.316447324267
2546,456199.16964244045,192380.23998290964,263818.9296595308,456199.16964244045,8366.316447324267
2547,456199.9305833697,188977.2680479621,267222.6625354076,456199.9305833697,8366.316447324267
2548,456200.6915242992,227809.41855803932,228391.2729662599,456200.6915242992,8366.316447324267
2549,456201.4524652286,277956.08754895604,178245.36491627255,456201.4524652286,8366.316447324267
2550,456202.213406158,209374.71167959232,246827.5017265657,456202.213406158,8366.316447324267
2551,456202.9743470874,165962.24401952035,290240.730327567,456202.9743470874,8366.316447324267
2552,456203.73528801673,271341.95407974196,184861.78120827474,456203.73528801673,8366.316447324267
2553,456204.4962289462,76050.9022569547,380153.5939719915,456204.4962289462,8366.316447324267
2554,456205.2571698756,233949.88084504957,222255.37632482604,456205.2571698756,8366.316447324267
2555,456206.018110805,199163.36394866323,257042.6541621418,456206.018110805,8366.316447324267
2556,456206.77905173437,138792.61190519214,317414.1671465422,456206.77905173437,8366.316447324267
2557,456207.5399926638,113721.69183596235,342485.8481567014,456207.5399926638,8366.316447324267
2558,456208.3009335933,107458.09866485809,348750.2022687352,456208.3009335933,8366.316447324267
2559,456209.06187452265,132422.07697167847,323786.9849028442,456209.06187452265,8366.316447324267
2560,456209.822815452,55747.41789889528,400462.4049165567,456209.822815452,8366.316447324267
2561,456210.5837563815,56763.61272814794,399446.9710282335,456210.5837563815,8366.316447324267
2562,456211.34469731076,139245.53202222736,316965.8126750834,456211.34469731076,8366.316447324267
2563,456212.1056382403,56439.67589644954,399772.42974179075,456212.1056382403,8366.316447324267
2564,456212.8665791696,39150.889981522865,417061.9765976467,456212.8665791696,8366.316447324267
2565,456213.62752009893,43510.900143235864,412702.72737686307,456213.62752009893,8366.316447324267
2566,456214.38846102846,33498.45695297985,422715.9315080486,456214.38846102846,8366.316447324267
2567,456215.1494019578,35844.43830284919,420370.7110991086,456215.1494019578,8366.316447324267
2568,456215.91034288716,38029.75833508343,418186.1520078037,456215.91034288716,8366.316447324267
2569,456216.67128381657,38987.96743380738,417228.7038500092,456216.67128381657,8366.316447324267
2570,456217.432224746,44070.595869962475,412146.8363547835,456217.432224746,8366.316447324267
2571,456218.1931656755,42373.61956817936,413844.57359749614,456218.1931656755,8366.316447324267
2572,456218.95410660486,46468.37148823275,409750.5826183721,456218.95410660486,8366.316447324267
2573,456219.71504753426,34259.56315525097,421960.1518922833,456219.71504753426,8366.316447324267
2574,456220.4759884636,869.5280698686838,455350.94791859493,456220.4759884636,8366.316447324267
2575,456221.236929393,18924.183139749628,437297.0537896434,456221.236929393,8366.316447324267
2576,457186.22573859006,0.0,457186.22573859006,457186.22573859006,8366.316447324267
2577,456222.75881125184,32216.030758698587,424006.72805255326,456222.75881125184,8366.316447324267
2578,471904.9608510454,0.0,471904.9608510454,471904.9608510454,8366.316447324267
2579,468785.10769097204,0.0,468785.10769097204,468785.10769097204,8366.316447324267
2580,456225.04163404,13462.573967589182,442762.46766645083,456225.04163404,8366.316447324267
2581,457240.31068551145,0.0,457240.31068551145,457240.31068551145,8366.316447324267
2582,456226.56351589883,23877.722217203,432348.8412986958,456226.56351589883,8366.316447324267
2583,456227.3244568282,8083.860842484515,448143.46361434367,456227.3244568282,8366.316447324267
2584,456228.0853977577,42959.18524693028,413268.9001508274,456228.0853977577,8366.316447324267
2585,456228.8463386871,43009.54499016784,413219.3013485193,456228.8463386871,8366.316447324267
2586,456229.60727961647,42621.13474471256,413608.4725349039,456229.60727961647,8366.316447324267
2587,456230.3682205459,38504.281773757946,417726.08644678793,456230.3682205459,8366.316447324267
2588,456231.1291614753,34119.45118135249,422111.6779801228,456231.1291614753,8366.316447324267
2589,456231.8901024047,35806.97879860003,420424.91130380466,456231.8901024047,8366.316447324267
2590,456232.6510433341,49152.76194411272,407079.8890992214,456232.6510433341,8366.316447324267
2591,456233.4119842635,46361.41042970633,409872.0015545572,456233.4119842635,8366.316447324267
2592,456234.17292519286,60632.49599468196,395601.6769305109,456234.17292519286,8366.316447324267
2593,456234.9338661223,48379.25343611685,407855.6804300054,456234.9338661223,8366.316447324267
2594,456235.69480705156,33810.85684775177,422424.8379592998,456235.69480705156,8366.316447324267
2595,456236.45574798103,33470.16318580293,422766.2925621781,456236.45574798103,8366.316447324267
2596,456237.21668891044,39397.39756075485,416839.8191281556,456237.21668891044,8366.316447324267
2597,456237.9776298399,161774.32163229375,294463.65599754616,456237.9776298399,8366.316447324267
2598,456238.7385707693,30096.317058565328,426142.421512204,456238.7385707693,8366.316447324267
2599,456239.49951169867,195997.94281743807,260241.5566942606,456239.49951169867,8366.316447324267
2600,456240.2604526281,31618.272835098905,424621.9876175292,456240.2604526281,8366.316447324267
2601,456241.0213935575,39323.53753218189,416917.4838613756,456241.0213935575,8366.316447324267
2602,456241.78233448695,30346.18240487692,425895.59992961003,456241.78233448695,8366.316447324267
2603,456242.54327541636,198889.09061947302,257353.45265594334,456242.54327541636,8366.316447324267
2604,456243.30421634566,67270.78721273685,388972.5170036088,456243.30421634566,8366.316447324267
2605,456244.0651572751,115220.9567813077,341023.1083759674,456244.0651572751,8366.316447324267
2606,456244.8260982045,160510.65281357028,295734.1732846342,456244.8260982045,8366.316447324267
2607,456245.5870391338,98974.4033518401,357271.1836872937,456245.5870391338,8366.316447324267
2608,456246.34798006335,218602.11284857302,237644.23513149034,456246.34798006335,8366.316447324267
2609,456247.1089209926,213958.40786539883,242288.70105559376,456247.1089209926,8366.316447324267
2610,456247.8698619221,348751.78951870673,107496.08034321536,456247.8698619221,8366.316447324267
2611,456248.6308028515,148805.8048873843,307442.8259154672,456248.6308028515,8366.316447324267
2612,456249.39174378087,33644.78990603861,422604.60183774226,456249.39174378087,8366.316447324267
2613,456250.15268471034,33728.54100070603,422521.6116840043,456250.15268471034,8366.316447324267
2614,456250.9136256397,33566.36554140702,422684.54808423267,456250.9136256397,8366.316447324267
2615,456251.67456656916,35861.90046015073,420389.7741064184,456251.67456656916,8366.316447324267
2616,456252.43550749857,35327.593846650154,420924.8416608484,456252.43550749857,8366.316447324267
2617,456253.1964484279,40860.607102339156,415392.58934608876,456253.1964484279,8366.316447324267
2618,456253.9573893573,59193.245128029026,397060.7122613283,456253.9573893573,8366.316447324267
2619,456254.7183302867,85724.56273164088,370530.1555986458,456254.7183302867,8366.316447324267
2620,456255.4792712161,127938.06525530893,328317.41401590715,456255.4792712161,8366.316447324267
2621,456256.24021214555,154346.05651028588,301910.18370185967,456256.24021214555,8366.316447324267
2622,456257.0011530749,75821.11758384458,380435.8835692303,456257.0011530749,8366.316447324267
2623,456257.76209400437,166571.93524253764,289685.8268514667,456257.76209400437,8366.316447324267
2624,456258.5230349337,299860.952248242,156397.57078669177,456258.5230349337,8366.316447324267
2625,456259.28397586313,231688.93354930123,224570.3504265619,456259.28397586313,8366.316447324267
2626,456260.0449167926,206881.61906488737,249378.42585190522,456260.0449167926,8366.316447324267
2627,456260.8058577219,213820.82446488817,242439.98139283372,456260.8058577219,8366.316447324267
2628,456261.5667986513,246236.3737572008,210025.1930414505,456261.5667986513,8366.316447324267
2629,456262.32773958077,272045.98812278226,184216.3396167985,456262.32773958077,8366.316447324267
2630,456263.0886805101,270292.9454130515,185970.1432674586,456263.0886805101,8366.316447324267
2631,456263.8496214395,289887.71872749523,166376.1308939443,456263.8496214395,8366.316447324267
2632,456264.61056236894,304545.2370472328,151719.37351513613,456264.61056236894,8366.316447324267
2633,456265.3715032983,292586.2975472972,163679.07395600108,456265.3715032983,8366.316447324267
2634,456266.13244422775,200944.69944075454,255321.4330034732,456266.13244422775,8366.316447324267
2635,456266.89338515716,181250.13794699422,275016.75543816295,456266.89338515716,8366.316447324267
2636,456267.6543260865,46664.23835888191,409603.4159672046,456267.6543260865,8366.316447324267
2637,456268.4152670159,43072.42683692055,413195.98843009537,456268.4152670159,8366.316447324267
2638,456269.1762079454,34613.50632373302,421655.6698842124,456269.1762079454,8366.316447324267
2639,456269.9371488748,33826.280056810065,422443.65709206474,456269.9371488748,8366.316447324267
2640,456270.69808980415,33764.7341152904,422505.96397451375,456270.69808980415,8366.316447324267
2641,456271.4590307335,33871.66490549303,422399.79412524047,456271.4590307335,8366.316447324267
2642,456272.21997166297,33771.463992371224,422500.75597929175,456272.21997166297,8366.316447324267
2643,456272.9809125924,33931.989499996474,422340.9914125959,456272.9809125924,8366.316447324267
2644,456273.7418535218,33812.7886491454,422460.9532043764,456273.7418535218,8366.316447324267
2645,456274.50279445114,33891.313385823974,422383.18940862716,456274.50279445114,8366.316447324267
2646,464166.05443974055,0.0,464166.05443974055,464166.05443974055,8366.316447324267
2647,475964.24697920395,0.0,475964.24697920395,475964.24697920395,8366.316447324267
2648,456276.78561723937,241467.21686488,214809.56875235937,456276.78561723937,8366.316447324267
2649,456277.5465581688,204692.2691206339,251585.27743753488,456277.5465581688,8366.316447324267
2650,456278.3074990982,213822.95213813736,242455.35536096082,456278.3074990982,8366.316447324267
2651,456279.06844002753,279070.65538448165,177208.4130555459,456279.06844002753,8366.316447324267
2652,456279.82938095706,307106.88007308927,149172.94930786782,456279.82938095706,8366.316447324267
2653,456280.5903218864,316838.521049248,139442.06927263841,456280.5903218864,8366.316447324267
2654,456281.35126281576,323693.51075924607,132587.84050356966,456281.35126281576,8366.316447324267
2655,456282.1122037453,295550.055151026,160732.05705271926,456282.1122037453,8366.316447324267
2656,456282.8731446746,316134.68555845437,140148.18758622019,456282.8731446746,8366.316447324267
2657,456283.634085604,369149.650658904,87133.98342669998,456283.634085604,8366.316447324267
2658,456284.3950265334,433007.71225353755,23276.68277299585,456284.3950265334,8366.316447324267
2659,456285.15596746275,420198.8218622314,36086.334105231326,456285.15596746275,8366.316447324267
2660,456285.9169083922,450314.7825669778,5971.134341414417,456285.9169083922,8366.316447324267
2661,456286.67784932157,440105.1980024794,16181.479846842178,456286.67784932157,8366.316447324267
2662,456287.43879025104,431418.7794787703,24868.659311480747,456287.43879025104,8366.316447324267
2663,456288.1997311804,437820.19661386154,18468.003117318847,456288.1997311804,8366.316447324267
2664,456288.9606721098,399198.98893978423,57089.971732325575,456288.9606721098,8366.316447324267
2665,456289.72161303926,353615.48221062747,102674.23940241178,456289.72161303926,8366.316447324267
2666,456290.4825539686,196565.7692596449,259724.7132943237,456290.4825539686,8366.316447324267
2667,456291.24349489796,46262.137671146775,410029.1058237512,456291.24349489796,8366.316447324267
2668,456292.0044358275,34953.672380918695,421338.3320549088,456292.0044358275,8366.316447324267
2669,456292.7653767568,49234.63725249801,407058.1281242588,456292.7653767568,8366.316447324267
2670,456293.5263176863,13265.730309022823,443027.7960086635,456293.5263176863,8366.316447324267
2671,456294.2872586156,142520.15520581196,313774.13205280364,456294.2872586156,8366.316447324267
2672,456295.04819954495,365855.3225087856,90439.72569075938,456295.04819954495,8366.316447324267
2673,456295.8091404745,342120.5226067075,114175.28653376695,456295.8091404745,8366.316447324267
2674,456296.5700814038,399469.4258741711,56827.14420723272,456296.5700814038,8366.316447324267
2675,456297.33102233324,386052.18605083536,70245.1449714979,456297.33102233324,8366.316447324267
2676,456298.09196326265,317601.1565975831,138696.93536567953,456298.09196326265,8366.316447324267
2677,456298.85290419206,285489.3318745628,170809.52102962928,456298.85290419206,8366.316447324267
2678,456299.61384512146,207609.31923899654,248690.29460612492,456299.61384512146,8366.316447324267
2679,456300.3747860509,220548.64623880183,235751.72854724905,456300.3747860509,8366.316447324267
2680,456301.1357269803,227232.8080631987,229068.3276637816,456301.1357269803,8366.316447324267
2681,456301.89666790963,310672.7332498043,145629.16341810534,456301.89666790963,8366.316447324267
2682,456302.6576088391,265844.52599252295,190458.13161631612,456302.6576088391,8366.316447324267
2683,456303.41854976857,125105.78110796801,331197.63744180056,456303.41854976857,8366.316447324267
2684,456304.1794906978,98955.15866264579,357349.020828052,456304.1794906978,8366.316447324267
2685,456304.9404316272,102188.26188797317,354116.67854365404,456304.9404316272,8366.316447324267
2686,456305.7013725567,80748.95405207213,375556.74732048454,456305.7013725567,8366.316447324267
2687,456306.46231348603,118540.54390943923,337765.9184040468,456306.46231348603,8366.316447324267
2688,456307.2232544154,79721.59593006776,376585.6273243476,456307.2232544154,8366.316447324267
2689,456307.98419534485,45402.543783850735,410905.4404114941,456307.98419534485,8366.316447324267
2690,456308.74513627426,49548.58638328698,406760.1587529873,456308.74513627426,8366.316447324267
2691,456309.50607720367,54047.716437277326,402261.78963992634,456309.50607720367,8366.316447324267
2692,456310.26701813313,61968.40009502479,394341.86692310835,456310.26701813313,8366.316447324267
2693,456311.0279590624,115625.29991053691,340685.7280485255,456311.0279590624,8366.316447324267
2694,456311.7888999919,200248.5562419454,256063.2326580465,456311.7888999919,8366.316447324267
2695,456312.5498409213,195388.55495947803,260923.99488144327,456312.5498409213,8366.316447324267
2696,456313.3107818507,178266.6382651318,278046.6725167189,456313.3107818507,8366.316447324267
2697,456314.0717227801,214813.41051228598,241500.66121049415,456314.0717227801,8366.316447324267
2698,456314.8326637094,169224.84912275168,287089.98354095774,456314.8326637094,8366.316447324267
2699,456315.5936046389,115447.29379715153,340868.29980748735,456315.5936046389,8366.316447324267
2700,456316.3545455683,135888.31157151837,320428.0429740499,456316.3545455683,8366.316447324267
2701,456317.11548649764,212474.88296756643,243842.2325189312,456317.11548649764,8366.316447324267
2702,456317.87642742705,142872.74273688695,313445.1336905401,456317.87642742705,8366.316447324267
2703,456318.63736835646,225784.9857308211,230533.65163753537,456318.63736835646,8366.316447324267
2704,456319.3983092859,188309.19819628308,268010.20011300285,456319.3983092859,8366.316447324267
2705,456320.15925021534,216670.67642314185,239649.4828270735,456320.15925021534,8366.316447324267
2706,456320.9201911447,248043.56325266664,208277.35693847804,456320.9201911447,8366.316447324267
2707,456321.68113207415,82100.92891434242,374220.75221773173,456321.68113207415,8366.316447324267
2708,456322.44207300345,138828.7978673146,317493.64420568885,456322.44207300345,8366.316447324267
2709,456323.203013933,60105.42052994482,396217.78248398815,456323.203013933,8366.316447324267
2710,456323.9639548624,140971.6656616922,315352.29829317017,456323.9639548624,8366.316447324267
2711,456324.7248957917,115663.65918642643,340661.06570936524,456324.7248957917,8366.316447324267
2712,456325.48583672114,201213.02844011204,255112.4573966091,456325.48583672114,8366.316447324267
2713,456326.24677765055,294731.82400464115,161594.42277300937,456326.24677765055,8366.316447324267
2714,456327.00771857984,304155.4987537976,152171.5089647822,456327.00771857984,8366.316447324267
2715,456327.7686595093,328098.8670847352,128228.90157477414,456327.7686595093,8366.316447324267
2716,456328.52960043866,237916.59078824642,218411.93881219224,456328.52960043866,8366.316447324267
2717,456329.29054136813,251868.6797822913,204460.61075907684,456329.29054136813,8366.316447324267
2718,456330.05148229754,171698.01522755699,284632.03625474055,456330.05148229754,8366.316447324267
2719,456330.81242322695,174206.77600310504,282124.0364201219,456330.81242322695,8366.316447324267
2720,456331.57336415636,121046.38920964813,335285.1841545082,456331.57336415636,8366.316447324267
2721,456332.3343050857,71126.38265348657,385205.95165159914,456332.3343050857,8366.316447324267
2722,456333.09524601523,42469.04563988326,413864.049606132,456333.09524601523,8366.316447324267
2723,456333.8561869445,24668.782978823117,431665.0732081214,456333.8561869445,8366.316447324267
2724,456334.61712787393,218788.17901174887,237546.43811612506,456334.61712787393,8366.316447324267
2725,456335.37806880346,434412.86414797243,21922.513920831,456335.37806880346,8366.316447324267
2726,456336.1390097327,390489.46538305667,65846.67362667604,456336.1390097327,8366.316447324267
2727,456336.8999506621,422799.7474945375,33537.15245612459,456336.8999506621,8366.316447324267
2728,456337.6608915916,359925.1826253795,96412.47826621209,456337.6608915916,8366.316447324267
2729,456338.42183252086,338173.07735562965,118165.34447689124,456338.42183252086,8366.316447324267
2730,456339.1827734504,200472.48834570346,255866.69442774693,456339.1827734504,8366.316447324267
2731,456339.9437143798,244660.46912393204,211679.47459044776,456339.9437143798,8366.316447324267
2732,456340.7046553092,288746.3612935967,167594.3433617125,456340.7046553092,8366.316447324267
2733,456341.46559623856,155368.9712639007,300972.49433233787,456341.46559623856,8366.316447324267
2734,456342.22653716797,157858.81839804677,298483.4081391212,456342.22653716797,8366.316447324267
2735,456342.98747809744,175123.7537002685,281219.2337778289,456342.98747809744,8366.316447324267
2736,456343.7484190268,170461.21602640836,285882.5323926184,456343.7484190268,8366.316447324267
2737,456344.5093599562,226082.6442030231,230261.86515693308,456344.5093599562,8366.316447324267
2738,456345.27030088555,178475.39048725477,277869.8798136308,456345.27030088555,8366.316447324267
2739,456346.03124181496,258378.54623294238,197967.48500887258,456346.03124181496,8366.316447324267
2740,456346.79218274436,103381.07524672849,352965.7169360159,456346.79218274436,8366.316447324267
2741,456347.5531236738,247336.05058257002,209011.50254110375,456347.5531236738,8366.316447324267
2742,456348.3140646031,99478.71602463437,356869.59803996875,456348.3140646031,8366.316447324267
2743,456349.0750055326,89586.46492605464,366762.61007947795,456349.0750055326,8366.316447324267
2744,456349.835946462,94063.25114910834,362286.58479735366,456349.835946462,8366.316447324267
2745,456350.5968873914,342527.11420988746,113823.48267750395,456350.5968873914,8366.316447324267
2746,456351.3578283208,247546.22666280912,208805.1311655117,456351.3578283208,8366.316447324267
2747,456352.11876925017,302492.5515845479,153859.56718470226,456352.11876925017,8366.316447324267
2748,456352.8797101795,280540.90486945864,175811.97484072085,456352.8797101795,8366.316447324267
2749,456353.64065110905,327040.67083675467,129312.9698143544,456353.64065110905,8366.316447324267
2750,456354.40159203846,325678.34299613896,130676.05859589946,456354.40159203846,8366.316447324267
2751,456355.1625329678,317050.475745701,139304.6867872668,456355.1625329678,8366.316447324267
2752,456355.92347389716,301420.9225662316,154935.0009076656,456355.92347389716,8366.316447324267
2753,456356.6844148265,331568.533347808,124788.15106701851,456356.6844148265,8366.316447324267
2754,456357.4453557561,282235.15113562124,174122.29422013482,456357.4453557561,8366.316447324267
2755,456358.20629668544,80287.96121719136,376070.2450794941,456358.20629668544,8366.316447324267
2756,456358.9672376148,39682.82283111074,416676.14440650406,456358.9672376148,8366.316447324267
2757,456359.7281785442,35385.827758881205,420973.900419663,456359.7281785442,8366.316447324267
2758,456360.4891194736,34068.22242913686,422292.26669033675,456360.4891194736,8366.316447324267
2759,456361.2500604031,33608.462240167195,422752.7878202359,456361.2500604031,8366.316447324267
2760,456362.0110013324,33783.082000204595,422578.9290011278,456362.0110013324,8366.316447324267
2761,456362.7719422617,33599.520164263085,422763.25177799864,456362.7719422617,8366.316447324267
2762,456363.53288319125,33578.86577504838,422784.66710814286,456363.53288319125,8366.316447324267
2763,456364.2938241206,33699.17224093474,422665.12158318586,456364.2938241206,8366.316447324267
2764,456365.05476505007,34606.08173593844,421758.9730291116,456365.05476505007,8366.316447324267
2765,456365.81570597936,34929.40300567617,421436.4127003032,456365.81570597936,8366.316447324267
2766,459287.23684940115,0.0,459287.23684940115,459287.23684940115,8366.316447324267
2767,456367.3375878383,177547.7483255869,278819.5892622514,456367.3375878383,8366.316447324267
2768,456368.0985287676,328592.63818946894,127775.46033929865,456368.0985287676,8366.316447324267
2769,456368.85946969705,328632.21973169374,127736.63973800333,456368.85946969705,8366.316447324267
2770,456369.6204106264,329302.88008318236,127066.74032744404,456369.6204106264,8366.316447324267
2771,456370.3813515558,276727.61804117536,179642.76331038045,456370.3813515558,8366.316447324267
2772,456371.14229248534,269445.53973724425,186925.60255524106,456371.14229248534,8366.316447324267
2773,456371.9032334146,340320.19419761456,116051.70903580001,456371.9032334146,8366.316447324267
2774,456372.664174344,330416.13589968544,125956.52827465856,456372.664174344,8366.316447324267
2775,456373.42511527345,341138.2090074562,115235.21610781722,456373.42511527345,8366.316447324267
2776,456374.18605620274,331772.3137511526,124601.87230505017,456374.18605620274,8366.316447324267
2777,456374.94699713227,381594.25727175735,74780.68972537495,456374.94699713227,8366.316447324267
2778,456375.7079380616,401917.48487123084,54458.22306683076,456375.7079380616,8366.316447324267
2779,456376.46887899097,341029.57952805515,115346.88935093579,456376.46887899097,8366.316447324267
2780,456377.22981992044,219308.30883981255,237068.92098010788,456377.22981992044,8366.316447324267
2781,456377.99076084985,185067.491018568,271310.49974228186,456377.99076084985,8366.316447324267
2782,456378.75170177926,252345.0181997161,204033.73350206314,456378.75170177926,8366.316447324267
2783,456379.5126427086,299569.53201183444,156809.9806308742,456379.5126427086,8366.316447324267
2784,456380.273583638,338891.25730387936,117489.01627975864,456380.273583638,8366.316447324267
2785,456381.0345245675,340978.9462526143,115402.08827195315,456381.0345245675,8366.316447324267
2786,456381.7954654969,377661.79437019705,78720.00109529986,456381.7954654969,8366.316447324267
2787,456382.55640642624,365496.3396068615,90886.21679956472,456382.55640642624,8366.316447324267
2788,456383.31734735565,398651.36314289673,57731.95420445891,456383.31734735565,8366.316447324267
2789,456384.07828828506,408482.39953643316,47901.67875185191,456384.07828828506,8366.316447324267
2790,456384.8392292146,388784.59875434136,67600.2404748732,456384.8392292146,8366.316447324267
2791,456385.6001701438,384276.7780043272,72108.82216581661,456385.6001701438,8366.316447324267
2792,456386.3611110733,352599.0626222539,103787.29848881936,456386.3611110733,8366.316447324267
2793,456387.1220520027,327951.2462698108,128435.8757821919,456387.1220520027,8366.316447324267
2794,456387.88299293205,259153.24978153908,197234.63321139297,456387.88299293205,8366.316447324267
2795,456388.64393386146,215717.23950703844,240671.40442682302,456388.64393386146,8366.316447324267
2796,456389.40487479087,205348.73852337193,251040.66635141894,456389.40487479087,8366.316447324267
2797,456390.1658157202,161938.20737324376,294451.95844247646,456390.1658157202,8366.316447324267
2798,456390.92675664974,205120.46214104036,251270.46461560938,456390.92675664974,8366.316447324267
2799,456391.68769757915,217984.38992483844,238407.2977727407,456391.68769757915,8366.316447324267
2800,456392.44863850845,219864.69437151478,236527.75426699367,456392.44863850845,8366.316447324267
2801,456393.2095794379,227623.80407122563,228769.40550821228,456393.2095794379,8366.316447324267
2802,456393.9705203673,224806.1075653272,231587.86295504012,456393.9705203673,8366.316447324267
2803,456394.73146129673,62522.28026060655,393872.4512006902,456394.73146129673,8366.316447324267
2804,456395.4924022261,215026.81548592707,241368.676916299,456395.4924022261,8366.316447324267
2805,456396.25334315543,119314.98649405676,337081.26684909867,456396.25334315543,8366.316447324267
2806,456397.0142840849,197847.30882452967,258549.70545955523,456397.0142840849,8366.316447324267
2807,456397.7752250143,301665.6005174491,154732.1747075652,456397.7752250143,8366.316447324267
2808,456398.53616594366,369084.51220965304,87314.02395629064,456398.53616594366,8366.316447324267
2809,456399.29710687307,370531.54577739915,85867.75132947392,456399.29710687307,8366.316447324267
2810,456400.0580478024,400694.4348138127,55705.623233989725,456400.0580478024,8366.316447324267
2811,456400.81898873195,427843.7390062413,28557.079982490653,456400.81898873195,8366.316447324267
2812,456401.57992966135,435528.65102182695,20872.92890783439,456401.57992966135,8366.316447324267
2813,456402.3408705907,424946.84425066295,31455.496619927766,456402.3408705907,8366.316447324267
2814,456403.1018115202,412793.14462107565,43609.957190444526,456403.1018115202,8366.316447324267
2815,456403.86275244947,373907.9453025674,82495.91744988206,456403.86275244947,8366.316447324267
2816,456404.623693379,418540.36467396666,37864.259019412326,456404.623693379,8366.316447324267
2817,456405.3846343084,388885.4535708509,67519.9310634575,456405.3846343084,8366.316447324267
2818,456406.14557523764,366045.33139831136,90360.81417692626,456406.14557523764,8366.316447324267
2819,456406.90651616716,212874.37170633167,243532.5348098355,456406.90651616716,8366.316447324267
2820,456407.6674570965,265384.31250201125,191023.35495508526,456407.6674570965,8366.316447324267
2821,456408.4283980259,362642.9699018507,93765.45849617521,456408.4283980259,8366.316447324267
2822,456409.1893389553,399953.12399817765,56456.06534077765,456409.1893389553,8366.316447324267
2823,456409.95027988474,422065.8047750776,34344.14550480709,456409.95027988474,8366.316447324267
2824,456410.71122081415,371454.128781144,84956.58243967015,456410.71122081415,8366.316447324267
2825,456411.47216174356,451012.80302815884,5398.669133584718,456411.47216174356,8366.316447324267
2826,456412.23310267297,433990.12560004706,22422.107502625913,456412.23310267297,8366.316447324267
2827,456412.9940436023,456412.9940436023,0.0,456412.9940436023,8366.316447324267
2828,456413.7549845317,451141.3548994281,5272.400085103655,456413.7549845317,8366.316447324267
2829,456414.51592546125,433355.866682885,23058.64924257627,456414.51592546125,8366.316447324267
2830,456415.27686639054,456415.27686639054,0.0,456415.27686639054,8366.316447324267
2831,456416.0378073199,456416.0378073199,0.0,456416.0378073199,8366.316447324267
2832,456416.79874824936,415322.7529512567,41094.04579699264,456416.79874824936,8366.316447324267
2833,456417.5596891787,426173.4631014256,30244.096587753113,456417.5596891787,8366.316447324267
2834,456418.3206301081,398537.373030214,57880.94759989415,456418.3206301081,8366.316447324267
2835,456419.08157103753,391787.58952880086,64631.49204223669,456419.08157103753,8366.316447324267
2836,456419.8425119669,397667.85691951244,58751.985592454446,456419.8425119669,8366.316447324267
2837,456420.60345289635,303792.5905390704,152628.01291382592,456420.60345289635,8366.316447324267
2838,456421.36439382576,297505.9632165026,158915.40117732313,456421.36439382576,8366.316447324267
2839,456422.12533475517,340085.14359948784,116336.98173526736,456422.12533475517,8366.316447324267
2840,456422.8862756846,369189.1080300006,87233.77824568396,456422.8862756846,8366.316447324267
2841,456423.647216614,366373.975258096,90049.67195851801,456423.647216614,8366.316447324267
2842,456424.4081575434,408451.2857747369,47973.122382806476,456424.4081575434,8366.316447324267
2843,456425.1690984728,415876.17352796294,40548.99557050989,456425.1690984728,8366.316447324267
2844,456425.9300394022,385237.15760552284,71188.77243387939,456425.9300394022,8366.316447324267
2845,456426.69098033156,388315.99750616803,68110.69347416352,456426.69098033156,8366.316447324267
2846,456427.451921261,336906.4829097977,119520.96901146328,456427.451921261,8366.316447324267
2847,456428.2128621903,371474.04323958117,84954.16962260917,456428.2128621903,8366.316447324267
2848,456428.9738031198,409829.8663454346,46599.107457685146,456428.9738031198,8366.316447324267
2849,456429.73474404914,427804.3034630919,28625.43128095726,456429.73474404914,8366.316447324267
2850,456430.4956849786,436186.360368024,20244.135316954653,456430.4956849786,8366.316447324267
2851,456431.25662590796,446322.23928969045,10109.017336217506,456431.25662590796,8366.316447324267
2852,456432.01756683737,370297.2773210353,86134.74024580207,456432.01756683737,8366.316447324267
2853,456432.77850776684,357396.4999360485,99036.27857171833,456432.77850776684,8366.316447324267
2854,456433.5394486962,340430.0630551226,116003.47639357354,456433.5394486962,8366.316447324267
2855,456434.30038962566,329563.7654704033,126870.53491922235,456434.30038962566,8366.316447324267
2856,456435.061330555,346158.68988499616,110276.37144555888,456435.061330555,8366.316447324267
2857,456435.82227148436,370568.07094201044,85867.75132947392,456435.82227148436,8366.316447324267
2858,456436.5832124138,387552.0487392897,68884.53447312413,456436.5832124138,8366.316447324267
2859,456437.34415334323,411976.2490712269,44461.09508211633,456437.34415334323,8366.316447324267
2860,456438.1050942725,380561.4995137797,75876.6055804928,456438.1050942725,8366.316447324267
2861,456438.86603520205,397082.95464217936,59355.91139302268,456438.86603520205,8366.316447324267
2862,456439.62697613135,381848.6234946186,74591.00348151277,456439.62697613135,8366.316447324267
2863,456440.3879170608,362492.1450205777,93948.2428964831,456440.3879170608,8366.316447324267
2864,456441.1488579902,403083.658368549,53357.49048944121,456441.1488579902,8366.316447324267
2865,456441.90979891963,294847.4057913834,161594.50400753622,456441.90979891963,8366.316447324267
2866,456442.67073984904,153721.68282688648,302720.98791296256,456442.67073984904,8366.316447324267
2867,456443.4316807784,261137.1172811569,195306.31439962148,456443.4316807784,8366.316447324267
2868,456444.1926217078,125479.05639664765,330965.13622506015,456444.1926217078,8366.316447324267
2869,456444.95356263727,173780.6796053709,282664.27395726636,456444.95356263727,8366.316447324267
2870,456445.7145035666,123112.35363309202,333333.3608704746,456445.7145035666,8366.316447324267
2871,456446.4754444961,129950.85959585849,326495.6158486376,456446.4754444961,8366.316447324267
2872,456447.2363854254,49344.05458649492,407103.18179893045,456447.2363854254,8366.316447324267
2873,456447.9973263548,172071.9359157238,284376.061410631,456447.9973263548,8366.316447324267
2874,456448.7582672843,213295.26107382498,243153.49719345933,456448.7582672843,8366.316447324267
2875,456449.5192082136,39561.36892310949,416888.1502851041,456449.5192082136,8366.316447324267
2876,456450.2801491431,245976.28494036273,210473.99520878034,456450.2801491431,8366.316447324267
2877,456451.0410900724,134846.16011101415,321604.8809790583,456451.0410900724,8366.316447324267
2878,456451.80203100183,82468.03308276128,373983.76894824055,456451.80203100183,8366.316447324267
2879,456452.5629719313,63833.771081201616,392618.7918907297,456452.5629719313,8366.316447324267
2880,456453.32391286065,175000.07638803037,281453.2475248303,456453.32391286065,8366.316447324267
2881,456454.08485379,53822.290652392956,402631.79420139705,456454.08485379,8366.316447324267
2882,456454.84579471947,45238.10160038795,411216.7441943315,456454.84579471947,8366.316447324267
2883,456455.6067356489,40643.43816705351,415812.16856859537,456455.6067356489,8366.316447324267
2884,456456.3676765783,33910.307046780246,422546.06062979804,456456.3676765783,8366.316447324267
2885,456457.12861750764,40772.731815346924,415684.3968021607,456457.12861750764,8366.316447324267
2886,456457.88955843705,26596.515454052365,429861.3741043847,456457.88955843705,8366.316447324267
2887,456458.65049936646,23847.2581354251,432611.39236394136,456458.65049936646,8366.316447324267
2888,456459.41144029587,140267.04847382143,316192.36296647444,456459.41144029587,8366.316447324267
2889,456460.17238122533,12429.939678905124,444030.2327023202,456460.17238122533,8366.316447324267
2890,456460.9333221546,135497.51864481514,320963.4146773395,456460.9333221546,8366.316447324267
2891,456461.6942630841,188859.54192343762,267602.1523396465,456461.6942630841,8366.316447324267
2892,456462.4552040135,296326.2834308584,160136.1717731551,456462.4552040135,8366.316447324267
2893,456463.2161449428,355499.3993732688,100963.816771674,456463.2161449428,8366.316447324267
2894,456463.9770858722,213211.5253901674,243252.4516957048,456463.9770858722,8366.316447324267
2895,456464.73802680173,285341.2822903857,171123.45573641604,456464.73802680173,8366.316447324267
2896,456465.4989677311,374258.03605443385,82207.46291329725,456465.4989677311,8366.316447324267
2897,456466.2599086605,403679.679790174,52786.58011848648,456466.2599086605,8366.316447324267
2898,456467.02084958996,351191.57089225063,105275.4499573393,456467.02084958996,8366.316447324267
2899,456467.7817905192,456467.7817905192,0.0,456467.7817905192,8366.316447324267
2900,456468.54273144866,275048.22436967073,181420.31836177796,456468.54273144866,8366.316447324267
2901,456469.3036723781,184401.5848708782,272067.7188014999,456469.3036723781,8366.316447324267
2902,456470.0646133075,74435.00155525148,382035.063058056,456470.0646133075,8366.316447324267
2903,456470.8255542369,188295.5242364123,268175.3013178246,456470.8255542369,8366.316447324267
2904,456471.5864951663,456471.5864951663,0.0,456471.5864951663,8366.316447324267
2905,456472.3474360957,416917.6357051705,39554.711730925206,456472.3474360957,8366.316447324267
2906,456473.1083770252,456473.1083770252,0.0,456473.1083770252,8366.316447324267
2907,456473.86931795446,456473.86931795446,0.0,456473.86931795446,8366.316447324267
2908,456474.63025888393,383977.83106331836,72496.79919556556,456474.63025888393,8366.316447324267
2909,456475.3911998133,447123.478605732,9351.912594081323,456475.3911998133,8366.316447324267
2910,456476.1521407428,449118.60667970777,7357.545461035035,456476.1521407428,8366.316447324267
2911,456476.9130816721,434461.92767560127,22014.98540607084,456476.9130816721,8366.316447324267
2912,456477.67402260145,360108.74829630705,96368.92572629439,456477.67402260145,8366.316447324267
2913,456478.434963531,313417.6822381026,143060.75272542838,456478.434963531,8366.316447324267
2914,456479.19590446027,294194.0941543089,162285.10175015137,456479.19590446027,8366.316447324267
2915,456479.95684538974,146477.67085713043,310002.2859882593,456479.95684538974,8366.316447324267
2916,456480.71778631915,22475.182962994615,434005.53482332453,456480.71778631915,8366.316447324267
2917,456481.4787272485,13340.811406186374,443140.6673210621,456481.4787272485,8366.316447324267
2918,456482.23966817796,23474.214491699415,433008.02517647855,456482.23966817796,8366.316447324267
2919,478456.2149978426,0.0,478456.2149978426,478456.2149978426,8366.316447324267
2920,456483.76155003667,260407.86397787463,196075.89757216204,456483.76155003667,8366.316447324267
2921,456484.5224909662,348098.0402652787,108386.48222568748,456484.5224909662,8366.316447324267
2922,456485.28343189554,344590.2365763464,111895.04685554917,456485.28343189554,8366.316447324267
2923,456486.044372825,382379.8110274999,74106.23334532509,456486.044372825,8366.316447324267
2924,456486.8053137543,414466.8616029669,42019.94371078739,456486.8053137543,8366.316447324267
2925,456487.5662546837,443140.50416563073,13347.062089052988,456487.5662546837,8366.316447324267
2926,456488.3271956132,366693.0121459208,89795.31504969242,456488.3271956132,8366.316447324267
2927,456489.0881365425,345981.73086099233,110507.35727555017,456489.0881365425,8366.316447324267
2928,456489.84907747194,327586.6257810956,128903.22329637637,456489.84907747194,8366.316447324267
2929,456490.6100184013,233276.80828619428,223213.801732207,456490.6100184013,8366.316447324267
2930,456491.3709593307,177062.80779364938,279428.5631656813,456491.3709593307,8366.316447324267
2931,456492.1319002602,237337.1314472059,219155.00045305432,456492.1319002602,8366.316447324267
2932,456492.8928411896,339859.9538702127,116632.93897097684,456492.8928411896,8366.316447324267
2933,456493.653782119,334870.8210573388,121622.83272478018,456493.653782119,8366.316447324267
2934,456494.4147230484,276585.84505629307,179908.56966675533,456494.4147230484,8366.316447324267
2935,456495.17566397774,405560.73899053485,50934.43667344289,456495.17566397774,8366.316447324267
2936,456495.93660490727,421334.7174391323,35161.21916577501,456495.93660490727,8366.316447324267
2937,456496.6975458366,430855.1645971052,25641.53294873146,456496.6975458366,8366.316447324267
2938,456497.4584867659,398153.2501308256,58344.20835594028,456497.4584867659,8366.316447324267
2939,456498.2194276954,197338.82485923864,259159.39456845674,456498.2194276954,8366.316447324267
2940,456498.98036862473,219127.01290222225,237371.96746640248,456498.98036862473,8366.316447324267
2941,456499.74130955414,130855.83881452458,325643.90249502956,456499.74130955414,8366.316447324267
2942,456500.50225048355,156671.79081604263,299828.7114344409,456500.50225048355,8366.316447324267
2943,456501.2631914129,56223.09736867313,400278.1658227398,456501.2631914129,8366.316447324267
2944,456502.02413234237,44408.5112902518,412093.51284209057,456502.02413234237,8366.316447324267
2945,456502.78507327184,11372.542682457017,445130.2423908148,456502.78507327184,8366.316447324267
2946,456503.5460142012,58396.45783843612,398107.08817576506,456503.5460142012,8366.316447324267
2947,456504.3069551306,93350.89955524163,363153.40739988897,456504.3069551306,8366.316447324267
2948,456505.06789606,54809.276432032,401695.791464028,456505.06789606,8366.316447324267
2949,456505.8288369895,110742.23816479853,345763.59067219094,456505.8288369895,8366.316447324267
2950,456506.5897779188,50071.27132128732,406435.3184566315,456506.5897779188,8366.316447324267
2951,456507.3507188481,44701.54009989853,411805.8106189496,456507.3507188481,8366.316447324267
2952,456508.1116597776,41877.979298078455,414630.1323616991,456508.1116597776,8366.316447324267
2953,456508.872600707,34026.667493200104,422482.2051075069,456508.872600707,8366.316447324267
2954,456509.63354163634,39070.76696269709,417438.86657893925,456509.63354163634,8366.316447324267
2955,456510.39448256575,42879.972754981136,413630.4217275846,456510.39448256575,8366.316447324267
2956,456511.1554234951,42880.73369591049,413630.4217275846,456511.1554234951,8366.316447324267
2957,456511.91636442463,42704.62989567465,413807.28646875,456511.91636442463,8366.316447324267
2958,456512.67730535404,27707.48427583638,428805.19302951766,456512.67730535404,8366.316447324267
2959,456513.4382462834,302902.30018533894,153611.13806094445,456513.4382462834,8366.316447324267
2960,456514.19918721286,324272.3678840605,132241.83130315237,456514.19918721286,8366.316447324267
2961,456514.96012814215,295076.9792104979,161437.98091764422,456514.96012814215,8366.316447324267
2962,456515.7210690717,283041.1593522929,173474.5617167788,456515.7210690717,8366.316447324267
2963,456516.4820100011,242932.8664382837,213583.61557171738,456516.4820100011,8366.316447324267
2964,456517.2429509304,212721.59319361922,243795.64975731116,456517.2429509304,8366.316447324267
2965,456518.00389185984,172040.6745452864,284477.32934657345,456518.00389185984,8366.316447324267
2966,456518.7648327892,181680.7224387027,274838.0423940865,456518.7648327892,8366.316447324267
2967,456519.52577371855,244106.40530008698,212413.12047363157,456519.52577371855,8366.316447324267
2968,456520.286714648,326328.6961651085,130191.59054953957,456520.286714648,8366.316447324267
2969,456521.0476555774,397977.4956559312,58543.55199964621,456521.0476555774,8366.316447324267
2970,456521.80859650683,419303.60091537534,37218.20768113148,456521.80859650683,8366.316447324267
2971,456522.56953743624,391279.9269428886,65242.64259454767,456522.56953743624,8366.316447324267
2972,456523.33047836565,333833.96407532657,122689.36640303905,456523.33047836565,8366.316447324267
2973,456524.09141929506,401980.4497394026,54543.641679892426,456524.09141929506,8366.316447324267
2974,456524.8523602244,74018.84295699926,382506.00940322515,456524.8523602244,8366.316447324267
2975,456525.61330115394,49534.706020331534,406990.9072808224,456525.61330115394,8366.316447324267
2976,456526.3742420832,34142.255517624144,422384.1187244591,456526.3742420832,8366.316447324267
2977,456527.13518301264,33874.94328507985,422652.1918979328,456527.13518301264,8366.316447324267
2978,456527.8961239421,34178.334405069356,422349.56171887275,456527.8961239421,8366.316447324267
2979,456528.6570648714,33839.7358094434,422688.921255428,456528.6570648714,8366.316447324267
2980,456529.4180058008,35395.0543948253,421134.3636109755,456529.4180058008,8366.316447324267
2981,456530.1789467303,130447.10092098819,326083.0780257421,456530.1789467303,8366.316447324267
2982,456530.93988765957,61148.78352239402,395382.15636526555,456530.93988765957,8366.316447324267
2983,456531.7008285891,246844.07448784373,209687.62634074537,456531.7008285891,8366.316447324267
2984,456532.46176951844,234044.14638233243,222488.315387186,456532.46176951844,8366.316447324267
2985,456533.22271044785,174855.16290413437,281678.0598063135,456533.22271044785,8366.316447324267
2986,456533.98365137726,63474.93298628216,393059.0506650951,456533.98365137726,8366.316447324267
2987,470514.55666033167,0.0,470514.55666033167,470514.55666033167,8366.316447324267
2988,490635.8829560148,0.0,490635.8829560148,490635.8829560148,8366.316447324267
2989,474258.71271566127,0.0,474258.71271566127,474258.71271566127,8366.316447324267
2990,482779.9279354638,0.0,482779.9279354638,482779.9279354638,8366.316447324267
2991,456537.78835602425,27376.723446121963,429161.0649099023,456537.78835602425,8366.316447324267
2992,483725.3761675302,0.0,483725.3761675302,483725.3761675302,8366.316447324267
2993,456539.31023788307,96650.30406245397,359889.0061754291,456539.31023788307,8366.316447324267
2994,456540.0711788125,86069.55165133101,370470.51952748146,456540.0711788125,8366.316447324267
2995,456540.8321197419,178337.9881761885,278202.8439435534,456540.8321197419,8366.316447324267
2996,456541.5930606713,336333.95047670155,120207.64258396976,456541.5930606713,8366.316447324267
2997,456542.35400160064,321949.18894386466,134593.165057736,456542.35400160064,8366.316447324267
2998,456543.11494253005,400763.22328383295,55779.891658697095,456543.11494253005,8366.316447324267
2999,456543.8758834596,405916.3454381686,50627.530445290955,456543.8758834596,8366.316447324267
3000,456544.6368243889,345545.5739243804,110999.06290000844,456544.6368243889,8366.316447324267
3001,456545.3977653182,366566.0640227845,89979.3337425337,456545.3977653182,8366.316447324267
3002,456546.1587062478,324699.5508943184,131846.6078119294,456546.1587062478,8366.316447324267
3003,456546.9196471771,313847.9633132403,142698.95633393677,456546.9196471771,8366.316447324267
3004,456547.6805881065,275319.4401933035,181228.240394803,456547.6805881065,8366.316447324267
3005,456548.4415290359,224336.69151344098,232211.75001559494,456548.4415290359,8366.316447324267
3006,456549.2024699652,75554.37269400281,380994.8297759624,456549.2024699652,8366.316447324267
3007,456549.96341089474,158783.60964061943,297766.3537702753,456549.96341089474,8366.316447324267
3008,456550.72435182414,250105.38406626557,206445.34028555857,456550.72435182414,8366.316447324267
3009,456551.4852927535,147291.26016090228,309260.2251318512,456551.4852927535,8366.316447324267
3010,456552.2462336829,89709.7227882694,366842.5234454135,456552.2462336829,8366.316447324267
3011,456553.00717461226,177869.31204427197,278683.6951303403,456553.00717461226,8366.316447324267
3012,456553.7681155418,49168.00510915066,407385.7630063911,456553.7681155418,8366.316447324267
3013,456554.52905647113,173091.60127414664,283462.9277823245,456554.52905647113,8366.316447324267
3014,456555.2899974005,134010.12116160558,322545.1688357949,456555.2899974005,8366.316447324267
3015,456556.05093832995,60676.90079798119,395879.15014034876,456556.05093832995,8366.316447324267
3016,456556.8118792593,61590.5463129736,394966.2655662857,456556.8118792593,8366.316447324267
3017,456557.57282018877,45903.04354545055,410654.5292747382,456557.57282018877,8366.316447324267
3018,456558.33376111806,317274.4426125497,139283.89114856836,456558.33376111806,8366.316447324267
3019,456559.0947020474,304911.72766704205,151647.3670350054,456559.0947020474,8366.316447324267
3020,456559.855642977,344653.4256027807,111906.43004019627,456559.855642977,8366.316447324267
3021,456560.6165839063,330576.5325767084,125984.08400719787,456560.6165839063,8366.316447324267
3022,456561.37752483576,268123.83616080845,188437.54136402727,456561.37752483576,8366.316447324267
3023,456562.13846576517,305617.3072631875,150944.83120257765,456562.13846576517,8366.316447324267
3024,456562.89940669446,372848.1382901857,83714.76111650876,456562.89940669446,8366.316447324267
3025,456563.660347624,410086.4354297653,46477.22491785866,456563.660347624,8366.316447324267
3026,456564.4212885534,429981.3257048581,26583.095583695253,456564.4212885534,8366.316447324267
3027,456565.1822294827,432610.02054599347,23955.161683489237,456565.1822294827,8366.316447324267
3028,456565.94317041215,435682.6331852491,20883.309985163032,456565.94317041215,8366.316447324267
3029,456566.70411134156,433436.3798462419,23130.32426509966,456566.70411134156,8366.316447324267
3030,456567.465052271,410393.47286132467,46173.99219094636,456567.465052271,8366.316447324267
3031,456568.2259932003,358670.2164148147,97898.00957838561,456568.2259932003,8366.316447324267
3032,456568.98693412973,366294.39001691574,90274.59691721402,456568.98693412973,8366.316447324267
3033,456569.74787505914,363607.9271097367,92961.82076532242,456569.74787505914,8366.316447324267
3034,456570.50881598855,331009.43786544696,125561.07095054159,456570.50881598855,8366.316447324267
3035,456571.2697569181,307599.1657158084,148972.10404110965,456571.2697569181,8366.316447324267
3036,456572.0306978473,330958.87965615187,125613.15104169544,456572.0306978473,8366.316447324267
3037,456572.7916387767,382340.32566041325,74232.46597836346,456572.7916387767,8366.316447324267
3038,456573.5525797062,301898.4835000489,154675.06907965726,456573.5525797062,8366.316447324267
3039,456574.3135206356,422327.58958509145,34246.72393554415,456574.3135206356,8366.316447324267
3040,456575.07446156495,420415.1227541079,36159.95170745701,456575.07446156495,8366.316447324267
3041,456575.8354024944,392477.35309282085,64098.482309673534,456575.8354024944,8366.316447324267
3042,456576.5963434238,384115.4821195981,72461.11422382572,456576.5963434238,8366.316447324267
3043,456577.35728435323,434358.4272329868,22218.93005136645,456577.35728435323,8366.316447324267
3044,456578.1182252826,456578.1182252826,0.0,456578.1182252826,8366.316447324267
3045,456578.87916621193,456578.87916621193,0.0,456578.87916621193,8366.316447324267
3046,456579.6401071414,456579.6401071414,0.0,456579.6401071414,8366.316447324267
3047,456580.4010480708,456580.4010480708,0.0,456580.4010480708,8366.316447324267
3048,456581.1619890001,450173.4909745306,6407.671014469545,456581.1619890001,8366.316447324267
3049,456581.92292992957,438988.40917496936,17593.51375496022,456581.92292992957,8366.316447324267
3050,456582.683870859,438551.65593868896,18031.02793217002,456582.683870859,8366.316447324267
3051,456583.4448117884,443335.15207454236,13248.292737246022,456583.4448117884,8366.316447324267
3052,456584.2057527178,453270.7325167671,3313.4732359506866,456584.2057527178,8366.316447324267
3053,456584.9666936472,432461.07607135776,24123.890622289437,456584.9666936472,8366.316447324267
3054,456585.7276345766,411209.5621472652,45376.16548731142,456585.7276345766,8366.316447324267
3055,456586.488575506,378277.6854516178,78308.80312388824,456586.488575506,8366.316447324267
3056,456587.2495164355,368290.2553444101,88296.99417202543,456587.2495164355,8366.316447324267
3057,456588.01045736484,367156.5645435027,89431.44591386215,456588.01045736484,8366.316447324267
3058,456588.77139829413,365859.1065919325,90729.66480636163,456588.77139829413,8366.316447324267
3059,456589.53233922366,402081.04425427946,54508.48808494419,456589.53233922366,8366.316447324267
3060,456590.293280153,406616.92350785976,49973.369772293234,456590.293280153,8366.316447324267
3061,456591.05422108236,294816.4944017653,161774.55981931707,456591.05422108236,8366.316447324267
3062,456591.8151620119,341347.1354791197,115244.67968289214,456591.8151620119,8366.316447324267
3063,456592.5761029411,361134.41238030326,95458.16372263787,456592.5761029411,8366.316447324267
3064,456593.33704387065,227656.55046581858,228936.78657805207,456593.33704387065,8366.316447324267
3065,456594.09798480006,230974.43690634076,225619.6610784593,456594.09798480006,8366.316447324267
3066,456594.8589257294,271041.0783869178,185553.78053881155,456594.8589257294,8366.316447324267
3067,456595.6198666589,50815.23389747087,405780.385969188,456595.6198666589,8366.316447324267
3068,456596.3808075882,51879.0937786366,404717.2870289516,456596.3808075882,8366.316447324267
3069,456597.1417485177,42546.22825414606,414050.91349437163,456597.1417485177,8366.316447324267
3070,456597.9026894471,63429.12273835228,393168.7799510948,456597.9026894471,8366.316447324267
3071,456598.6636303764,97909.603113755,358689.0605166214,456598.6636303764,8366.316447324267
3072,456599.42457130586,156166.23759900575,300433.1869723001,456599.42457130586,8366.316447324267
3073,456600.1855122352,273786.5635009593,182813.6220112759,456600.1855122352,8366.316447324267
3074,456600.9464531646,290657.57711281156,165943.36934035306,456600.9464531646,8366.316447324267
3075,456601.7073940941,296014.06153312966,160587.6458609644,456601.7073940941,8366.316447324267
3076,456602.4683350234,318247.27550486434,138355.19283015904,456602.4683350234,8366.316447324267
3077,456603.2292759529,393418.2892636191,63184.94001233383,456603.2292759529,8366.316447324267
3078,456603.9902168822,366920.780521419,89683.20969546317,456603.9902168822,8366.316447324267
3079,456604.75115781167,352927.6760828129,103677.07507499878,456604.75115781167,8366.316447324267
3080,456605.51209874114,347766.8211660886,108838.69093265256,456605.51209874114,8366.316447324267
3081,456606.2730396704,258905.29277719065,197700.98026247977,456606.2730396704,8366.316447324267
3082,456607.03398059995,244706.89465605182,211900.13932454813,456607.03398059995,8366.316447324267
3083,456607.7949215293,231060.49218944146,225547.30273208785,456607.7949215293,8366.316447324267
3084,456608.55586245866,204553.09159005948,252055.46427239917,456608.55586245866,8366.316447324267
3085,456609.3168033881,199395.37896715995,257213.93783622817,456609.3168033881,8366.316447324267
3086,456610.0777443175,175830.43335787894,280779.64438643854,456610.0777443175,8366.316447324267
3087,456610.8386852468,131768.7380313435,324842.1006539033,456610.8386852468,8366.316447324267
3088,456611.5996261763,123826.02225612558,332785.5773700507,456611.5996261763,8366.316447324267
3089,456612.36056710564,126933.00948029495,329679.3510868107,456612.36056710564,8366.316447324267
3090,456613.12150803505,166771.0990974122,289842.02241062286,456613.12150803505,8366.316447324267
3091,456613.88244896446,84648.03507531912,371965.84737364535,456613.88244896446,8366.316447324267
3092,456614.6433898939,83096.67745483358,373517.96593506035,456614.6433898939,8366.316447324267
3093,456615.4043308233,73171.186687082,383444.2176437413,456615.4043308233,8366.316447324267
3094,456616.1652717527,96679.2367490739,359936.9285226788,456616.1652717527,8366.316447324267
3095,456616.9262126822,108896.72050778783,347720.2057048944,456616.9262126822,8366.316447324267
3096,456617.6871536115,158755.04784983385,297862.63930377766,456617.6871536115,8366.316447324267
3097,456618.4480945409,290322.8054253903,166295.6426691506,456618.4480945409,8366.316447324267
3098,456619.2090354704,380492.39028268005,76126.8187527903,456619.2090354704,8366.316447324267
3099,456619.9699763997,238906.7067924621,217713.26318393758,456619.9699763997,8366.316447324267
3100,456620.730917329,309064.83370286116,147555.89721446787,456620.730917329,8366.316447324267
3101,456621.49185825855,212790.76400078734,243830.7278574712,456621.49185825855,8366.316447324267
3102,456622.25279918785,349822.6717899256,106799.58100926226,456622.25279918785,8366.316447324267
3103,456623.0137401173,258474.76266842923,198148.25107168808,456623.0137401173,8366.316447324267
3104,456623.7746810467,316958.1783430779,139665.5963379688,456623.7746810467,8366.316447324267
3105,456624.5356219761,357010.91836979106,99613.61725218502,456624.5356219761,8366.316447324267
3106,456625.29656290554,93897.2014810036,362728.09508190193,456625.29656290554,8366.316447324267
3107,456626.0575038349,40934.40718514443,415691.65031869046,456626.0575038349,8366.316447324267
3108,456626.81844476436,16450.84494026593,440175.9735044984,456626.81844476436,8366.316447324267
3109,456627.57938569377,212333.05297865075,244294.526407043,456627.57938569377,8366.316447324267
3110,456628.3403266231,198173.80015953787,258454.54016708524,456628.3403266231,8366.316447324267
3111,456629.1012675526,322120.6408474783,134508.46042007426,456629.1012675526,8366.316447324267
3112,456629.8622084819,285457.30053929624,171172.56166918567,456629.8622084819,8366.316447324267
3113,456630.6231494112,311223.8856036295,145406.7375457817,456630.6231494112,8366.316447324267
3114,456631.38409034075,252085.54567844066,204545.8384119001,456631.38409034075,8366.316447324267
3115,456632.1450312701,212685.21107801396,243946.93395325614,456632.1450312701,8366.316447324267
3116,456632.9059721996,166338.46301036788,290294.4429618317,456632.9059721996,8366.316447324267
3117,456633.6669131289,274161.5218534384,182472.14505969052,456633.6669131289,8366.316447324267
3118,456634.42785405833,222928.28323293664,233706.1446211217,456634.42785405833,8366.316447324267
3119,456635.18879498774,239057.01294333412,217578.17585165362,456635.18879498774,8366.316447324267
3120,456635.9497359171,204543.97865028938,252091.9710856277,456635.9497359171,8366.316447324267
3121,456636.7106768465,434515.1459679551,22121.564708891394,456636.7106768465,8366.316447324267
3122,456637.47161777597,363844.55084960186,92792.92076817412,456637.47161777597,8366.316447324267
3123,456638.2325587053,355257.75143047574,101380.48112822959,456638.2325587053,8366.316447324267
3124,456638.9934996348,456638.9934996348,0.0,456638.9934996348,8366.316447324267
3125,456639.7544405641,456639.7544405641,0.0,456639.7544405641,8366.316447324267
3126,456640.5153814935,264905.2193798674,191735.29600162606,456640.5153814935,8366.316447324267
3127,456641.276322423,417239.5391836826,39401.73713874041,456641.276322423,8366.316447324267
3128,456642.0372633523,364815.6746551667,91826.3626081856,456642.0372633523,8366.316447324267
3129,456642.7982042818,367999.7932577694,88643.00494651239,456642.7982042818,8366.316447324267
3130,456643.5591452111,398023.5821132545,58619.977031956616,456643.5591452111,8366.316447324267
3131,456644.32008614053,409875.39345718373,46768.92662895678,456644.32008614053,8366.316447324267
3132,456645.08102707,369561.3592211351,87083.72180593491,456645.08102707,8366.316447324267
3133,456645.84196799935,419754.3646987377,36891.47726926166,456645.84196799935,8366.316447324267
3134,456646.6029089287,414344.33395456296,42302.26895436573,456646.6029089287,8366.316447324267
3135,456647.3638498582,383360.821722098,73286.54212776017,456647.3638498582,8366.316447324267
3136,456648.1247907876,380870.5652397153,75777.5595510723,456648.1247907876,8366.316447324267
3137,456648.885731717,421295.1055395708,35353.780192146165,456648.885731717,8366.316447324267
3138,456649.64667264634,456524.24827531556,125.39839733077115,456649.64667264634,8366.316447324267
3139,456650.40761357575,435790.1416724236,20860.265941152193,456650.40761357575,8366.316447324267
3140,456651.16855450516,273452.18885656097,183198.9796979442,456651.16855450516,8366.316447324267
3141,456651.92949543457,403685.1490182037,52966.78047723086,456651.92949543457,8366.316447324267
3142,456652.69043636404,393173.88580446393,63478.804631900115,456652.69043636404,8366.316447324267
3143,456653.4513772933,262456.226670738,194197.2247065553,456653.4513772933,8366.316447324267
3144,456654.21231822274,42470.41666221141,414183.7956560113,456654.21231822274,8366.316447324267
3145,456654.9732591522,34110.35578002414,422544.61747912806,456654.9732591522,8366.316447324267
3146,456655.7342000816,34182.84810795821,422472.8860921234,456655.7342000816,8366.316447324267
3147,456656.4951410109,34230.71233799518,422425.7828030157,456656.4951410109,8366.316447324267
3148,456657.25608194043,34311.06933406892,422346.1867478715,456657.25608194043,8366.316447324267
3149,456658.0170228698,29453.064970162988,427204.9520527068,456658.0170228698,8366.316447324267
3150,456658.77796379925,8384.512760629528,448274.2652031697,456658.77796379925,8366.316447324267
3151,456659.5389047286,155576.95637244848,301082.5825322801,456659.5389047286,8366.316447324267
3152,456660.2998456579,338229.381219829,118430.91862582885,456660.2998456579,8366.316447324267
3153,456661.0607865874,266837.4327396205,189823.62804696691,456661.0607865874,8366.316447324267
3154,456661.8217275168,259682.68663195914,196979.1350955577,456661.8217275168,8366.316447324267
3155,456662.5826684461,285144.8680612722,171517.71460717396,456662.5826684461,8366.316447324267
3156,456663.34360937553,318394.0717567849,138269.27185259064,456663.34360937553,8366.316447324267
3157,456664.10455030494,307900.0878156601,148764.01673464483,456664.10455030494,8366.316447324267
3158,456664.8654912344,252332.69838664588,204332.16710458853,456664.8654912344,8366.316447324267
3159,456665.6264321639,250502.5693005515,206163.05713161238,456665.6264321639,8366.316447324267
3160,456666.38737309317,251736.56796723366,204929.8194058595,456666.38737309317,8366.316447324267
3161,456667.14831402263,286679.4645111226,169987.68380290002,456667.14831402263,8366.316447324267
3162,456667.909254952,323253.0931457487,133414.81610920327,456667.909254952,8366.316447324267
3163,456668.6701958815,85358.9173499496,371309.7528459319,456668.6701958815,8366.316447324267
3164,456669.4311368108,39759.550263216195,416909.8808735946,456669.4311368108,8366.316447324267
3165,456670.19207774015,34180.74008648825,422489.4519912519,456670.19207774015,8366.316447324267
3166,456670.9530186697,33951.28010559705,422719.67291307263,456670.9530186697,8366.316447324267
3167,456671.713959599,34340.42802893423,422331.28593066474,456671.713959599,8366.316447324267
3168,456672.47490052844,34229.98902186984,422442.4858786586,456672.47490052844,8366.316447324267
3169,456673.23584145785,34294.11042093771,422379.12542052014,456673.23584145785,8366.316447324267
3170,456673.99678238714,34320.13417191029,422353.86261047685,456673.99678238714,8366.316447324267
3171,456674.75772331667,34003.29409082647,422671.4636324902,456674.75772331667,8366.316447324267
3172,456675.5186642461,33966.31584250677,422709.2028217393,456675.5186642461,8366.316447324267
3173,456676.2796051754,32730.904993084434,423945.374612091,456676.2796051754,8366.316447324267
3174,457777.1648411687,0.0,457777.1648411687,457777.1648411687,8366.316447324267
3175,456677.80148703424,161168.06534414663,295509.7361428876,456677.80148703424,8366.316447324267
3176,456678.5624279637,288380.1285900933,168298.43383787043,456678.5624279637,8366.316447324267
3177,456679.32336889306,282135.9492214784,174543.37414741464,456679.32336889306,8366.316447324267
3178,456680.0843098224,287636.6569698397,169043.42733998274,456680.0843098224,8366.316447324267
3179,456680.8452507519,308344.33284147014,148336.51240928174,456680.8452507519,8366.316447324267
3180,456681.60619168123,321003.20538632723,135678.40080535397,456681.60619168123,8366.316447324267
3181,456682.36713261064,335216.6540459719,121465.71308663873,456682.36713261064,8366.316447324267
3182,456683.12807354,357638.9870424938,99044.14103104618,456683.12807354,8366.316447324267
3183,456683.8890144694,359482.3838228574,97201.50519161198,456683.8890144694,8366.316447324267
3184,456684.64995539887,361900.0430619441,94784.60689345482,456684.64995539887,8366.316447324267
3185,456685.4108963283,422159.9435756777,34525.46732065061,456685.4108963283,8366.316447324267
3186,456686.1718372577,456053.92913197854,632.2427052791611,456686.1718372577,8366.316447324267
3187,456686.9327781871,456686.9327781871,0.0,456686.9327781871,8366.316447324267
3188,456687.69371911645,456687.69371911645,0.0,456687.69371911645,8366.316447324267
3189,456688.454660046,456688.454660046,0.0,456688.454660046,8366.316447324267
3190,456689.2156009753,456689.2156009753,0.0,456689.2156009753,8366.316447324267
3191,456689.9765419046,456689.9765419046,0.0,456689.9765419046,8366.316447324267
3192,456690.7374828341,434315.46653244394,22375.270950390146,456690.7374828341,8366.316447324267
3193,456691.4984237635,413960.4381107435,42731.06031302001,456691.4984237635,8366.316447324267
3194,456692.25936469284,391296.6522276071,65395.607137085746,456692.25936469284,8366.316447324267
3195,456693.02030562225,355046.7780959223,101646.24220969994,456693.02030562225,8366.316447324267
3196,456693.78124655166,385950.9326886184,70742.8485579332,456693.78124655166,8366.316447324267
3197,456694.54218748107,414058.4047918383,42636.137395642756,456694.54218748107,8366.316447324267
3198,456695.3031284105,387741.185514651,68954.1176137595,456695.3031284105,8366.316447324267
3199,456696.0640693399,376822.7586454115,79873.30542392837,456696.0640693399,8366.316447324267
3200,456696.8250102693,367170.2802384259,89526.54477184342,456696.8250102693,8366.316447324267
3201,456697.5859511987,365328.85954532115,91368.72640587756,456697.5859511987,8366.316447324267
3202,456698.3468921282,364178.03091187024,92520.31598025793,456698.3468921282,8366.316447324267
3203,456699.1078330575,364226.4328831527,92472.67494990485,456699.1078330575,8366.316447324267
3204,456699.86877398693,364891.0776593931,91808.79111459384,456699.86877398693,8366.316447324267
3205,456700.62971491634,300794.5675628894,155906.0621520269,456700.62971491634,8366.316447324267
3206,456701.3906558457,244181.22883702925,212520.16181881644,456701.3906558457,8366.316447324267
3207,456702.15159677505,205127.5239383881,251574.62765838695,456702.15159677505,8366.316447324267
3208,456702.9125377046,265873.5069677854,190829.40556991918,456702.9125377046,8366.316447324267
3209,456703.6734786338,284734.47995124845,171969.19352738536,456703.6734786338,8366.316447324267
3210,456704.43441956333,328813.8352102295,127890.59920933384,456704.43441956333,8366.316447324267
3211,456705.19536049274,198210.85724761846,258494.33811287428,456705.19536049274,8366.316447324267
3212,456705.9563014221,124401.48701211292,332304.46928930917,456705.9563014221,8366.316447324267
3213,456706.71724235156,131105.30129393574,325601.4159484158,456706.71724235156,8366.316447324267
3214,456707.47818328097,159065.31141427282,297642.16676900815,456707.47818328097,8366.316447324267
3215,456708.2391242104,176301.0847737908,280407.1543504196,456708.2391242104,8366.316447324267
3216,456709.0000651398,194072.79364518455,262636.20641995524,456709.0000651398,8366.316447324267
3217,456709.76100606914,277195.20307204087,179514.55793402827,456709.76100606914,8366.316447324267
3218,456710.52194699855,398488.49929185596,58222.02265514261,456710.52194699855,8366.316447324267
3219,456711.2828879279,396742.33535783045,59968.94753009744,456711.2828879279,8366.316447324267
3220,456712.0438288573,415866.18510877196,40845.858720085365,456712.0438288573,8366.316447324267
3221,456712.8047697868,432234.88179323723,24477.922976549547,456712.8047697868,8366.316447324267
3222,456713.56571071607,392354.526837199,64359.03887351704,456713.56571071607,8366.316447324267
3223,456714.3266516456,379679.62927043793,77034.69738120768,456714.3266516456,8366.316447324267
3224,456715.0875925749,369473.6404096321,87241.44718294276,456715.0875925749,8366.316447324267
3225,456715.8485335043,366121.94209335773,90593.90644014657,456715.8485335043,8366.316447324267
3226,456716.6094744338,353236.4344659047,103480.1750085291,456716.6094744338,8366.316447324267
3227,456717.3704153631,295168.39178802335,161548.97862733976,456717.3704153631,8366.316447324267
3228,456718.13135629264,281430.022918116,175288.10843817663,456718.13135629264,8366.316447324267
3229,456718.892297222,264562.41445094836,192156.47784627363,456718.892297222,8366.316447324267
3230,456719.65323815134,228748.43278575377,227971.22045239757,456719.65323815134,8366.316447324267
3231,456720.4141790808,291476.6216635042,165243.79251557658,456720.4141790808,8366.316447324267
3232,456721.17512001016,228310.12431756215,228411.050802448,456721.17512001016,8366.316447324267
3233,456721.9360609395,262552.49074053165,194169.44532040786,456721.9360609395,8366.316447324267
3234,456722.697001869,275480.71972189966,181241.97727996932,456722.697001869,8366.316447324267
3235,456723.4579427984,128069.12370804069,328654.3342347577,456723.4579427984,8366.316447324267
3236,456724.2188837278,82469.08913545549,374255.1297482723,456724.2188837278,8366.316447324267
3237,456724.97982465714,214999.17757282942,241725.80225182773,456724.97982465714,8366.316447324267
3238,456725.74076558655,159882.3296945442,296843.41107104236,456725.74076558655,8366.316447324267
3239,456726.501706516,172559.56880792987,284166.93289858615,456726.501706516,8366.316447324267
3240,456727.2626474454,144834.3653474953,311892.89729995007,456727.2626474454,8366.316447324267
3241,456728.0235883747,315827.6104796092,140900.41310876553,456728.0235883747,8366.316447324267
3242,456728.7845293042,246342.36759793665,210386.41693136754,456728.7845293042,8366.316447324267
3243,456729.5454702336,269883.0230894557,186846.52238077793,456729.5454702336,8366.316447324267
3244,456730.30641116295,320001.66997757077,136728.6364335922,456730.30641116295,8366.316447324267
3245,456731.06735209236,372876.0545715323,83855.0127805601,456731.06735209236,8366.316447324267
3246,456731.82829302177,345800.3339627399,110931.49433028186,456731.82829302177,8366.316447324267
3247,456732.5892339512,363113.9062586365,93618.6829753147,456732.5892339512,8366.316447324267
3248,456733.3501748806,365460.04486453254,91273.30531034808,456733.3501748806,8366.316447324267
3249,456734.11111581,306588.34230428276,150145.76881152723,456734.11111581,8366.316447324267
3250,456734.8720567394,285085.17434437526,171649.69771236414,456734.8720567394,8366.316447324267
3251,456735.63299766876,232851.40719395602,223884.22580371273,456735.63299766876,8366.316447324267
3252,456736.3939385982,207701.0635890119,249035.33034958632,456736.3939385982,8366.316447324267
3253,456737.15487952763,214226.57823710795,242510.57664241968,456737.15487952763,8366.316447324267
3254,456737.9158204569,105116.23512999236,351621.68069046456,456737.9158204569,8366.316447324267
3255,456738.67676138645,89164.74094929418,367573.93581209227,456738.67676138645,8366.316447324267
3256,456739.43770231586,72298.87944272306,384440.5582595928,456739.43770231586,8366.316447324267
3257,456740.1986432452,90081.4238450228,366658.7747982224,456740.1986432452,8366.316447324267
3258,456740.9595841746,152815.40533186978,303925.55425230484,456740.9595841746,8366.316447324267
3259,456741.72052510397,45984.38651383069,410757.3340112733,456741.72052510397,8366.316447324267
3260,456742.48146603344,45654.46275649598,411088.01870953746,456742.48146603344,8366.316447324267
3261,456743.24240696285,42837.107778514386,413906.13462844846,456743.24240696285,8366.316447324267
3262,456744.00334789226,47120.44544495281,409623.55790293944,456744.00334789226,8366.316447324267
3263,456744.7642888216,46149.71923874231,410595.0450500793,456744.7642888216,8366.316447324267
3264,456745.52522975096,70623.73368179408,386121.7915479569,456745.52522975096,8366.316447324267
3265,456746.2861706805,80293.51084774121,376452.77532293927,456746.2861706805,8366.316447324267
3266,456747.04711160983,178782.2188239424,277964.8282876674,456747.04711160983,8366.316447324267
3267,456747.8080525392,175870.9504803387,280876.8575722005,456747.8080525392,8366.316447324267
3268,456748.5689934687,251798.91283044618,204949.65616302253,456748.5689934687,8366.316447324267
3269,456749.329934398,206127.15084360333,250622.17909079467,456749.329934398,8366.316447324267
3270,456750.0908753275,170818.5181503308,285931.5727249967,456750.0908753275,8366.316447324267
3271,456750.8518162569,313360.9498775263,143389.90193873056,456750.8518162569,8366.316447324267
3272,456751.6127571862,61843.472085185,394908.1406720012,456751.6127571862,8366.316447324267
3273,456752.3736981157,43024.04997667589,413728.3237214398,456752.3736981157,8366.316447324267
3274,456753.13463904505,55098.768413533515,401654.36622551153,456753.13463904505,8366.316447324267
3275,456753.89557997446,11485.903465183219,445267.99211479124,456753.89557997446,8366.316447324267
3276,456754.65652090387,39634.70578205999,417119.9507388439,456754.65652090387,8366.316447324267
3277,479861.2977747555,0.0,479861.2977747555,479861.2977747555,8366.316447324267
3278,464813.78074351844,0.0,464813.78074351844,464813.78074351844,8366.316447324267
3279,456756.93934369204,7446.795438289875,449310.14390540216,456756.93934369204,8366.316447324267
3280,463327.99261051865,0.0,463327.99261051865,463327.99261051865,8366.316447324267
3281,456758.4612255509,75391.63852129452,381366.8227042564,456758.4612255509,8366.316447324267
3282,456759.22216648026,129237.46172879363,327521.76043768664,456759.22216648026,8366.316447324267
3283,456759.9831074098,60934.426274797646,395825.55683261214,456759.9831074098,8366.316447324267
3284,456760.744048339,53570.49596083141,403190.2480875076,456760.744048339,8366.316447324267
3285,456761.50498926843,111099.8877071822,345661.6172820862,456761.50498926843,8366.316447324267
3286,456762.26593019784,280196.8378659141,176565.42806428374,456762.26593019784,8366.316447324267
3287,456763.0268711272,291057.38356031827,165705.64331080895,456763.0268711272,8366.316447324267
3288,456763.7878120567,237314.98068042,219448.8071316367,456763.7878120567,8366.316447324267
3289,456764.548752986,124485.54398453096,332279.00476845505,456764.548752986,8366.316447324267
3290,456765.3096939154,326740.9390593927,130024.37063452271,456765.3096939154,8366.316447324267
3291,456766.0706348449,195567.97269630813,261198.09793853675,456766.0706348449,8366.316447324267
3292,456766.83157577424,188528.7536908398,268238.07788493444,456766.83157577424,8366.316447324267
3293,456767.5925167037,315806.05791324057,140961.53460346314,456767.5925167037,8366.316447324267
3294,456768.3534576331,412314.2501384029,44454.103319230184,456768.3534576331,8366.316447324267
3295,456769.11439856247,335174.3949415379,121594.71945702459,456769.11439856247,8366.316447324267
3296,456769.87533949193,380571.56604221545,76198.30929727647,456769.87533949193,8366.316447324267
3297,456770.63628042134,346711.62220411596,110059.01407630538,456770.63628042134,8366.316447324267
3298,456771.39722135063,345208.35253720504,111563.04468414561,456771.39722135063,8366.316447324267
3299,456772.1581622801,318740.3639566711,138031.79420560904,456772.1581622801,8366.316447324267
3300,456772.9191032095,277654.3576231472,179118.56148006232,456772.9191032095,8366.316447324267
3301,456773.6800441388,269517.3043892983,187256.37565484046,456773.6800441388,8366.316447324267
3302,456774.4409850683,241694.7265460138,215079.71443905449,456774.4409850683,8366.316447324267
3303,456775.2019259977,230852.6738762479,225922.5280497498,456775.2019259977,8366.316447324267
3304,456775.9628669271,229799.6139201803,226976.3489467468,456775.9628669271,8366.316447324267
3305,456776.7238078565,225366.73354461594,231409.99026324056,456776.7238078565,8366.316447324267
3306,456777.48474878597,294909.1779147829,161868.30683400304,456777.48474878597,8366.316447324267
3307,456778.2456897153,205743.43755530252,251034.8081344128,456778.2456897153,8366.316447324267
3308,456779.0066306447,162256.51756734605,294522.4890632987,456779.0066306447,8366.316447324267
3309,456779.7675715742,92393.30310997309,364386.4644616011,456779.7675715742,8366.316447324267
3310,456780.52851250354,111924.92525910522,344855.6032533983,456780.52851250354,8366.316447324267
3311,456781.28945343284,149752.3015377166,307028.98791571625,456781.28945343284,8366.316447324267
3312,456782.05039436236,234696.45434866333,222085.59604569903,456782.05039436236,8366.316447324267
3313,456782.8113352917,261485.09288640966,195297.71844888205,456782.8113352917,8366.316447324267
3314,456783.57227622106,217286.65070244359,239496.92157377748,456783.57227622106,8366.316447324267
3315,456784.33321715053,306287.6009154215,150496.73230172903,456784.33321715053,8366.316447324267
3316,456785.0941580798,221098.6206370063,235686.47352107352,456785.0941580798,8366.316447324267
3317,456785.85509900935,268702.80007935135,188083.055019658,456785.85509900935,8366.316447324267
3318,456786.61603993876,330433.32247166696,126353.29356827181,456786.61603993876,8366.316447324267
3319,456787.3769808681,306686.3853058103,150100.9916750578,456787.3769808681,8366.316447324267
3320,456788.1379217976,270537.64251426514,186250.4954075324,456788.1379217976,8366.316447324267
3321,456788.8988627269,228102.2169820972,228686.68188062974,456788.8988627269,8366.316447324267
3322,456789.6598036564,196638.74037692766,260150.91942672874,456789.6598036564,8366.316447324267
3323,456790.4207445858,199294.51640052703,257495.90434405877,456790.4207445858,8366.316447324267
3324,456791.18168551516,247860.01666046202,208931.16502505314,456791.18168551516,8366.316447324267
3325,456791.94262644456,248888.95974009953,207902.98288634504,456791.94262644456,8366.316447324267
3326,456792.7035673739,246418.50915383245,210374.19441354147,456792.7035673739,8366.316447324267
3327,456793.4645083033,229319.80843554804,227473.6560727553,456793.4645083033,8366.316447324267
3328,456794.2254492328,230401.08464574767,226393.14080348512,456794.2254492328,8366.316447324267
3329,456794.986390162,272990.4249545591,183804.56143560298,456794.986390162,8366.316447324267
3330,456795.7473310916,286557.2129247332,170238.53440635843,456795.7473310916,8366.316447324267
3331,456796.5082720209,182615.12175464403,274181.3865173769,456796.5082720209,8366.316447324267
3332,456797.26921295037,157856.10863474372,298941.16057820665,456797.26921295037,8366.316447324267
3333,456798.0301538798,105257.34915064106,351540.6810032387,456798.0301538798,8366.316447324267
3334,456798.79109480913,121302.29669118708,335496.49440362205,456798.79109480913,8366.316447324267
3335,456799.55203573866,221149.4842529083,235650.06778283036,456799.55203573866,8366.316447324267
3336,456800.312976668,247287.02157641324,209513.29140025476,456800.312976668,8366.316447324267
3337,456801.07391759736,204250.42866037853,252550.64525721883,456801.07391759736,8366.316447324267
3338,456801.8348585268,224164.78610518528,232637.04875334154,456801.8348585268,8366.316447324267
3339,456802.5957994562,244882.78366808424,211919.81213137193,456802.5957994562,8366.316447324267
3340,456803.3567403855,305354.09820742626,151449.25853295924,456803.3567403855,8366.316447324267
3341,456804.117681315,260382.6176171442,196421.5000641708,456804.117681315,8366.316447324267
3342,456804.87862224435,295693.03809290915,161111.84052933523,456804.87862224435,8366.316447324267
3343,456805.63956317375,368756.4438904951,88049.19567267867,456805.63956317375,8366.316447324267
3344,456806.40050410316,271370.966936497,185435.43356760615,456806.40050410316,8366.316447324267
3345,456807.1614450326,234387.1453520712,222420.01609296136,456807.1614450326,8366.316447324267
3346,456807.922385962,256284.24757035065,200523.67481561133,456807.922385962,8366.316447324267
3347,456808.6833268914,241516.25884718716,215292.42447970423,456808.6833268914,8366.316447324267
3348,456809.4442678209,218837.25770785648,237972.18655996444,456809.4442678209,8366.316447324267
3349,456810.2052087502,186430.72466207622,270379.480546674,456810.2052087502,8366.316447324267
3350,456810.9661496796,172268.52346074145,284542.4426889382,456810.9661496796,8366.316447324267
3351,456811.727090609,128524.42080402822,328287.3062865808,456811.727090609,8366.316447324267
3352,456812.4880315384,188485.3455693829,268327.1424621555,456812.4880315384,8366.316447324267
3353,456813.2489724677,141529.91635848873,315283.332613979,456813.2489724677,8366.316447324267
3354,456814.00991339725,342970.24243824976,113843.76747514751,456814.00991339725,8366.316447324267
3355,456814.7708543266,169485.59630337113,287329.1745509555,456814.7708543266,8366.316447324267
3356,456815.531795256,280302.1293850641,176513.4024101919,456815.531795256,8366.316447324267
3357,456816.2927361855,339082.57394936774,117733.71878681771,456816.2927361855,8366.316447324267
3358,456817.0536771148,250681.38228164203,206135.67139547275,456817.0536771148,8366.316447324267
3359,456817.8146180443,315963.1387860512,140854.67583199308,456817.8146180443,8366.316447324267
3360,456818.57555897365,300828.0899294977,155990.48562947597,456818.57555897365,8366.316447324267
3361,456819.33649990294,260314.7210789172,196504.61542098573,456819.33649990294,8366.316447324267
3362,456820.09744083247,254186.62821790052,202633.46922293195,456820.09744083247,8366.316447324267
3363,456820.8583817618,258127.36660293816,198693.49177882366,456820.8583817618,8366.316447324267
3364,456821.61932269123,251999.27374192132,204822.3455807699,456821.61932269123,8366.316447324267
3365,456822.38026362064,242051.64317585214,214770.7370877685,456822.38026362064,8366.316447324267
3366,456823.14120455,300095.60303982615,156727.53816472384,456823.14120455,8366.316447324267
3367,456823.90214547946,347167.5328145257,109656.36933095375,456823.90214547946,8366.316447324267
3368,456824.6630864088,312192.01606672537,144632.64701968344,456824.6630864088,8366.316447324267
3369,456825.4240273383,306542.46781302255,150282.95621431572,456825.4240273383,8366.316447324267
3370,456826.1849682676,257149.25900743162,199676.925960836,456826.1849682676,8366.316447324267
3371,456826.945909197,198048.36549760564,258778.58041159133,456826.945909197,8366.316447324267
3372,456827.7068501265,201172.41596803226,255655.29088209424,456827.7068501265,8366.316447324267
3373,456828.4677910558,152286.76270637783,304541.70508467796,456828.4677910558,8366.316447324267
3374,456829.2287319852,106760.11536460859,350069.1133673766,456829.2287319852,8366.316447324267
3375,456829.98967291473,13253.187686965393,443576.80198594934,456829.98967291473,8366.316447324267
3376,456830.750613844,19972.19861571549,436858.55199812853,456830.750613844,8366.316447324267
3377,456831.5115547735,75500.48175446334,381331.02980031015,456831.5115547735,8366.316447324267
3378,456832.27249570284,115624.54908152221,341207.7234141806,456832.27249570284,8366.316447324267
3379,456833.0334366322,135548.75433211407,321284.2791045181,456833.0334366322,8366.316447324267
3380,456833.7943775617,70373.02243869938,386460.77193886234,456833.7943775617,8366.316447324267
3381,456834.55531849107,121439.17698398937,335395.3783345017,456834.55531849107,8366.316447324267
3382,456835.3162594205,181454.33460130525,275380.9816581152,456835.3162594205,8366.316447324267
3383,456836.0772003498,260905.27740074374,195930.7997996061,456836.0772003498,8366.316447324267
3384,456836.8381412792,262656.74567874,194180.09246253924,456836.8381412792,8366.316447324267
3385,456837.5990822087,401540.367786634,55297.23129557472,456837.5990822087,8366.316447324267
3386,456838.3600231381,384236.824144205,72601.53587893311,456838.3600231381,8366.316447324267
3387,456839.1209640674,292964.37033791654,163874.7506261509,456839.1209640674,8366.316447324267
3388,456839.8819049969,335137.4175078039,121702.464397193,456839.8819049969,8366.316447324267
3389,456840.6428459262,400846.0462230545,55994.59662287173,456840.6428459262,8366.316447324267
3390,456841.40378685575,377986.48572863196,78854.91805822379,456841.40378685575,8366.316447324267
3391,456842.16472778504,365916.13289161515,90926.03183616992,456842.16472778504,8366.316447324267
3392,456842.92566871445,290042.1021936719,166800.82347504253,456842.92566871445,8366.316447324267
3393,456843.6866096439,284807.3602330152,172036.3263766287,456843.6866096439,8366.316447324267
3394,456844.44755057327,267423.26165699796,189421.1858935753,456844.44755057327,8366.316447324267
3395,456845.20849150274,248163.8652125236,208681.34327897913,456845.20849150274,8366.316447324267
3396,456845.9694324321,180654.45893508947,276191.5104973426,456845.9694324321,8366.316447324267
3397,456846.73037336144,163816.6993805889,293030.03099277255,456846.73037336144,8366.316447324267
3398,456847.4913142909,74444.96559309412,382402.5257211968,456847.4913142909,8366.316447324267
3399,464093.11181687174,0.0,464093.11181687174,464093.11181687174,8366.316447324267
3400,456849.01319614967,343576.92110611475,113272.09209003492,456849.01319614967,8366.316447324267
3401,456849.77413707913,426719.3169001624,30130.45723691674,456849.77413707913,8366.316447324267
3402,456850.53507800854,455650.0512693553,1200.483808653266,456850.53507800854,8366.316447324267
3403,456851.29601893795,456851.29601893795,0.0,456851.29601893795,8366.316447324267
3404,456852.0569598673,456852.0569598673,0.0,456852.0569598673,8366.316447324267
3405,456852.8179007967,456852.8179007967,0.0,456852.8179007967,8366.316447324267
3406,456853.5788417261,456853.5788417261,0.0,456853.5788417261,8366.316447324267
3407,456854.33978265553,456854.33978265553,0.0,456854.33978265553,8366.316447324267
3408,456855.10072358494,456855.10072358494,0.0,456855.10072358494,8366.316447324267
3409,456855.8616645143,456855.8616645143,0.0,456855.8616645143,8366.316447324267
3410,456856.62260544364,456856.62260544364,0.0,456856.62260544364,8366.316447324267
3411,456857.38354637317,456857.38354637317,0.0,456857.38354637317,8366.316447324267
3412,456858.1444873025,456858.1444873025,0.0,456858.1444873025,8366.316447324267
3413,456858.9054282319,450259.97743518266,6598.927993049278,456858.9054282319,8366.316447324267
3414,456859.66636916145,413110.4541721223,43749.21219703913,456859.66636916145,8366.316447324267
3415,456860.4273100907,382365.7368836425,74494.69042644817,456860.4273100907,8366.316447324267
3416,456861.18825102027,372728.74087654345,84132.44737447679,456861.18825102027,8366.316447324267
3417,456861.9491919496,370712.58589116513,86149.36330078448,456861.9491919496,8366.316447324267
3418,456862.71013287886,369287.68172625755,87575.02840662129,456862.71013287886,8366.316447324267
3419,456863.4710738084,368575.2577190007,88288.2133548077,456863.4710738084,8366.316447324267
3420,456864.23201473773,369236.9111363103,87627.32087842742,456864.23201473773,8366.316447324267
3421,456864.9929556671,350478.68914224254,106386.30381342451,456864.9929556671,8366.316447324267
3422,456865.75389659655,370734.375896385,86131.37800021154,456865.75389659655,8366.316447324267
3423,456866.5148375259,325942.12670952524,130924.38812800069,456866.5148375259,8366.316447324267
3424,456867.2757784553,345561.60082493396,111305.67495352137,456867.2757784553,8366.316447324267
3425,456868.0367193847,393040.0035929102,63828.03312647453,456868.0367193847,8366.316447324267
3426,456868.7976603141,353875.3009918658,102993.49666844834,456868.7976603141,8366.316447324267
3427,456869.55860124365,331057.5066468461,125812.05195439755,456869.55860124365,8366.316447324267
3428,456870.31954217295,257629.49641824604,199240.8231239269,456870.31954217295,8366.316447324267
3429,456871.0804831025,217758.19318195383,239112.88730114864,456871.0804831025,8366.316447324267
3430,456871.84142403177,151381.92473786196,305489.9166861698,456871.84142403177,8366.316447324267
3431,456872.6023649611,161311.93178131187,295560.67058364925,456872.6023649611,8366.316447324267
3432,456873.36330589064,207120.14617882896,249753.21712706168,456873.36330589064,8366.316447324267
3433,456874.12424681993,278379.82915108994,178494.29509573,456874.12424681993,8366.316447324267
3434,456874.88518774934,325875.991210646,130998.89397710333,456874.88518774934,8366.316447324267
3435,456875.64612867875,96519.16962106404,360356.4765076147,456875.64612867875,8366.316447324267
3436,456876.4070696081,166772.08755809552,290104.3195115126,456876.4070696081,8366.316447324267
3437,456877.1680105376,190989.91526121163,265887.252749326,456877.1680105376,8366.316447324267
3438,456877.928951467,194545.99666735687,262331.9322841101,456877.928951467,8366.316447324267
3439,456878.68989239633,346499.5265899629,110379.16330243342,456878.68989239633,8366.316447324267
3440,456879.4508333258,320685.0201782715,136194.43065505428,456879.4508333258,8366.316447324267
3441,456880.21177425527,318140.9794306394,138739.23234361582,456880.21177425527,8366.316447324267
3442,456880.9727151847,307099.2564686363,149781.7162465484,456880.9727151847,8366.316447324267
3443,456881.73365611397,323700.05573537096,133181.67792074304,456881.73365611397,8366.316447324267
3444,456882.49459704343,310472.6559191953,146409.8386778481,456882.49459704343,8366.316447324267
3445,456883.2555379728,274270.6120453228,182612.64349265004,456883.2555379728,8366.316447324267
3446,456884.0164789022,262028.72097637196,194855.29550253024,456884.0164789022,8366.316447324267
3447,456884.77741983155,243663.49430873536,213221.28311109619,456884.77741983155,8366.316447324267
3448,456885.538360761,229627.98919914867,227257.54916161235,456885.538360761,8366.316447324267
3449,456886.29930169036,229859.53874341975,227026.76055827062,456886.29930169036,8366.316447324267
3450,456887.06024261983,321764.4568758479,135122.60336677195,456887.06024261983,8366.316447324267
3451,456887.8211835492,205523.01133283004,251364.80985071915,456887.8211835492,8366.316447324267
3452,456888.5821244786,42096.01667848183,414792.56544599676,456888.5821244786,8366.316447324267
3453,456889.343065408,34377.39857398538,422511.9444914226,456889.343065408,8366.316447324267
3454,456890.1040063374,34427.969249921094,422462.1347564163,456890.1040063374,8366.316447324267
3455,456890.8649472669,34377.111763624824,422513.75318364205,456890.8649472669,8366.316447324267
3456,456891.6258881963,34377.87270455423,422513.75318364205,456891.6258881963,8366.316447324267
3457,456892.38682912564,34378.633645483584,422513.75318364205,456892.38682912564,8366.316447324267
3458,456893.14777005505,34478.81070318271,422414.33706687234,456893.14777005505,8366.316447324267
3459,456893.9087109844,34380.155527342344,422513.75318364205,456893.9087109844,8366.316447324267
3460,456894.66965191375,34380.916468271695,422513.75318364205,456894.66965191375,8366.316447324267
3461,456895.4305928433,27659.275234928646,429236.1553579146,456895.4305928433,8366.316447324267
3462,473483.5740024926,0.0,473483.5740024926,473483.5740024926,8366.316447324267
3463,456896.95247470203,121264.34017716342,335632.6122975386,456896.95247470203,8366.316447324267
3464,456897.71341563144,301872.2511167918,155025.46229883964,456897.71341563144,8366.316447324267
3465,456898.47435656074,316225.45582169516,140673.01853486558,456898.47435656074,8366.316447324267
3466,456899.23529749026,336913.91343891015,119985.3218585801,456899.23529749026,8366.316447324267
3467,456899.99623841967,364328.69576276024,92571.30047565945,456899.99623841967,8366.316447324267
3468,456900.7571793491,364987.2202938744,91913.53688547466,456900.7571793491,8366.316447324267
3469,456901.5181202785,330881.86196454184,126019.65615573662,456901.5181202785,8366.316447324267
3470,456902.27906120784,336540.4477082027,120361.83135300514,456902.27906120784,8366.316447324267
3471,456903.0400021373,313707.6404632324,143195.39953890487,456903.0400021373,8366.316447324267
3472,456903.8009430666,268062.2432830279,188841.55766003873,456903.8009430666,8366.316447324267
3473,456904.561883996,391717.0422401617,65187.51964383432,456904.561883996,8366.316447324267
3474,456905.3228249255,342342.88559395494,114562.43723097052,456905.3228249255,8366.316447324267
3475,456906.0837658548,375224.87860812864,81681.20515772619,456906.0837658548,8366.316447324267
3476,456906.8447067843,365225.0677971193,91681.77690966496,456906.8447067843,8366.316447324267
3477,456907.6056477136,346900.0202216044,110007.58542610922,456907.6056477136,8366.316447324267
3478,456908.366588643,370666.66515441204,86241.70143423094,456908.366588643,8366.316447324267
3479,456909.12752957246,342881.5249756554,114027.60255391705,456909.12752957246,8366.316447324267
3480,456909.8884705018,434634.09972402884,22275.78874647297,456909.8884705018,8366.316447324267
3481,456910.6494114312,456910.6494114312,0.0,456910.6494114312,8366.316447324267
3482,456911.41035236075,450402.0389611695,6509.371391191273,456911.41035236075,8366.316447324267
3483,456912.17129329004,456912.17129329004,0.0,456912.17129329004,8366.316447324267
3484,456912.9322342195,456912.9322342195,0.0,456912.9322342195,8366.316447324267
3485,456913.69317514886,450936.5693208381,5977.123854310747,456913.69317514886,8366.316447324267
3486,456914.4541160782,422422.16379304306,34492.290323035166,456914.4541160782,8366.316447324267
3487,456915.2150570077,401449.8037649187,55465.411292089,456915.2150570077,8366.316447324267
3488,456915.9759979371,377625.38081498805,79290.59518294904,456915.9759979371,8366.316447324267
3489,456916.73693886644,367806.90740922885,89109.82952963762,456916.73693886644,8366.316447324267
3490,456917.49787979585,297321.22120483895,159596.2766749569,456917.49787979585,8366.316447324267
3491,456918.25882072526,294967.6993857911,161950.55943493417,456918.25882072526,8366.316447324267
3492,456919.01976165466,247484.43435432197,209434.5854073327,456919.01976165466,8366.316447324267
3493,456919.7807025841,238027.01524891835,218892.76545366572,456919.7807025841,8366.316447324267
3494,456920.5416435135,211242.79639075726,245677.74525275623,456920.5416435135,8366.316447324267
3495,456921.3025844429,226685.3658905878,230235.9366938551,456921.3025844429,8366.316447324267
3496,456922.0635253723,282066.6814151339,174855.3821102384,456922.0635253723,8366.316447324267
3497,456922.8244663017,314436.27732202463,142486.54714427708,456922.8244663017,8366.316447324267
3498,456923.5854072311,377940.6112167126,78982.97419051846,456923.5854072311,8366.316447324267
3499,456924.3463481605,366809.3276320718,90115.0187160887,456924.3463481605,8366.316447324267
3500,456925.10728908994,348350.01954069594,108575.08774839397,456925.10728908994,8366.316447324267
3501,456925.8682300193,242318.6784057643,214607.18982425498,456925.8682300193,8366.316447324267
3502,456926.6291709487,244617.86088973552,212308.76828121318,456926.6291709487,8366.316447324267
3503,456927.3901118781,341369.05063997424,115558.33947190386,456927.3901118781,8366.316447324267
3504,456928.15105280746,153255.83985034178,303672.3112024657,456928.15105280746,8366.316447324267
3505,456928.9119937369,198809.5351279568,258119.37686578013,456928.9119937369,8366.316447324267
3506,456929.67293466633,214617.01066484672,242312.66226981962,456929.67293466633,8366.316447324267
3507,456930.4338755956,81172.98985987477,375757.44401572086,456930.4338755956,8366.316447324267
3508,456931.19481652515,124192.60556032561,332738.58925619954,456931.19481652515,8366.316447324267
3509,456931.95575745456,97787.04813382815,359144.9076236264,456931.95575745456,8366.316447324267
3510,456932.7166983839,220127.49942576332,236805.2172726206,456932.7166983839,8366.316447324267
3511,456933.4776393133,179376.1619564453,277557.315682868,456933.4776393133,8366.316447324267
3512,456934.2385802427,166423.228831437,290511.00974880566,456934.2385802427,8366.316447324267
3513,456934.99952117214,138041.2329168429,318893.7666043292,456934.99952117214,8366.316447324267
3514,456935.76046210155,149388.12296945677,307547.6374926448,456935.76046210155,8366.316447324267
3515,456936.52140303096,64506.485514108324,392430.03588892263,456936.52140303096,8366.316447324267
3516,456937.2823439603,81029.86338859523,375907.4189553651,456937.2823439603,8366.316447324267
3517,456938.04328488966,55005.02204481437,401933.0212400753,456938.04328488966,8366.316447324267
3518,456938.8042258192,87104.37684388366,369834.42738193553,456938.8042258192,8366.316447324267
3519,456939.56516674854,2093.757333281741,454845.8078334668,456939.56516674854,8366.316447324267
3520,456940.3261076779,26900.404664564237,430039.92144311365,456940.3261076779,8366.316447324267
3521,456941.0870486074,122964.06447897805,333977.02256962936,456941.0870486074,8366.316447324267
3522,456941.8479895367,195747.7851095002,261194.0628800365,456941.8479895367,8366.316447324267
3523,456942.60893046623,75366.85236498289,381575.75656548335,456942.60893046623,8366.316447324267
3524,456943.3698713956,78502.32491573505,378441.04495566053,456943.3698713956,8366.316447324267
3525,456944.1308123249,219584.7603033754,237359.37050894948,456944.1308123249,8366.316447324267
3526,456944.8917532544,141564.0735078741,315380.8182453803,456944.8917532544,8366.316447324267
3527,456945.65269418375,90111.40939420741,366834.24329997634,456945.65269418375,8366.316447324267
3528,456946.41363511316,232996.3447927648,223950.06884234835,456946.41363511316,8366.316447324267
3529,456947.17457604257,124863.48996251856,332083.684613524,456947.17457604257,8366.316447324267
3530,456947.9355169719,183672.7220206206,273275.2134963513,456947.9355169719,8366.316447324267
3531,456948.6964579014,255465.29442073937,201483.402037162,456948.6964579014,8366.316447324267
3532,456949.45739883074,214002.2753555206,242947.18204331014,456949.45739883074,8366.316447324267
3533,456950.2183397602,119641.51178414514,337308.70655561506,456950.2183397602,8366.316447324267
3534,456950.9792806896,102486.630111743,354464.3491689466,456950.9792806896,8366.316447324267
3535,456951.74022161897,266271.14720150444,190680.59302011452,456951.74022161897,8366.316447324267
3536,456952.5011625485,199910.47134030936,257042.02982223913,456952.5011625485,8366.316447324267
3537,456953.2621034778,109036.3374919247,347916.9246115531,456953.2621034778,8366.316447324267
3538,456954.02304440713,70494.95755788067,386459.06548652647,456954.02304440713,8366.316447324267
3539,456954.78398533666,99865.42032487737,357089.3636604593,456954.78398533666,8366.316447324267
3540,456955.54492626595,128041.27418713132,328914.27073913463,456955.54492626595,8366.316447324267
3541,456956.3058671954,135566.2679783012,321390.0378888942,456956.3058671954,8366.316447324267
3542,456957.0668081248,115604.60355797887,341352.4632501459,456957.0668081248,8366.316447324267
3543,456957.8277490541,221875.1805051868,235082.6472438673,456957.8277490541,8366.316447324267
3544,456958.58868998365,213612.65922321903,243345.92946676462,456958.58868998365,8366.316447324267
3545,456959.349630913,211537.12448928968,245422.22514162332,456959.349630913,8366.316447324267
3546,456960.1105718424,291787.2481272844,165172.862444558,456960.1105718424,8366.316447324267
3547,456960.8715127718,68758.9158587649,388201.9556540069,456960.8715127718,8366.316447324267
3548,456961.6324537012,139546.24239723582,317415.3900564654,456961.6324537012,8366.316447324267
3549,456962.3933946307,70869.58670622995,386092.80668840074,456962.3933946307,8366.316447324267
3550,456963.15433556004,49669.15155934909,407294.00277621095,456963.15433556004,8366.316447324267
3551,456963.9152764894,44566.215312715154,412397.69996377424,456963.9152764894,8366.316447324267
3552,456964.6762174188,55155.01228681882,401809.6639306,456964.6762174188,8366.316447324267
3553,456965.4371583482,69753.82844250329,387211.6087158449,456965.4371583482,8366.316447324267
3554,456966.19809927756,70658.86554396886,386307.3325553087,456966.19809927756,8366.316447324267
3555,456966.959040207,49471.266714303056,407495.6923259039,456966.959040207,8366.316447324267
3556,456967.7199811364,121782.21936827298,335185.5006128634,456967.7199811364,8366.316447324267
3557,456968.48092206585,64795.961283628945,392172.5196384369,456968.48092206585,8366.316447324267
3558,456969.2418629952,166257.3258728594,290711.9159901358,456969.2418629952,8366.316447324267
3559,465743.3048967278,0.0,465743.3048967278,465743.3048967278,8366.316447324267
3560,459734.7995465154,0.0,459734.7995465154,459734.7995465154,8366.316447324267
3561,461246.1726426829,0.0,461246.1726426829,461246.1726426829,8366.316447324267
3562,490250.4514383526,0.0,490250.4514383526,490250.4514383526,8366.316447324267
3563,495560.2991617919,0.0,495560.2991617919,495560.2991617919,8366.316447324267
3564,498883.28127551416,0.0,498883.28127551416,498883.28127551416,8366.316447324267
3565,488963.8961269122,0.0,488963.8961269122,488963.8961269122,8366.316447324267
3566,490461.087778065,0.0,490461.087778065,490461.087778065,8366.316447324267
3567,468224.5714344824,0.0,468224.5714344824,468224.5714344824,8366.316447324267
3568,456976.85127228923,16371.076449677581,440605.77482261165,456976.85127228923,8366.316447324267
3569,456977.6122132186,34702.33123745344,422275.28097576514,456977.6122132186,8366.316447324267
3570,456978.37315414805,51713.90100127383,405264.4721528742,456978.37315414805,8366.316447324267
3571,456979.13409507746,41970.83430494432,415008.29979013314,456979.13409507746,8366.316447324267
3572,456979.8950360068,39614.47432157886,417365.42071442795,456979.8950360068,8366.316447324267
3573,456980.6559769362,46001.93095697806,410978.72501995816,456980.6559769362,8366.316447324267
3574,456981.41691786563,38887.684558887675,418093.73235897796,456981.41691786563,8366.316447324267
3575,456982.17785879516,46992.88568561047,409989.2921731847,456982.17785879516,8366.316447324267
3576,456982.9387997245,34307.534965496394,422675.4038342281,456982.9387997245,8366.316447324267
3577,456983.69974065386,40475.30491844803,416508.3948222058,456983.69974065386,8366.316447324267
3578,456984.4606815833,44280.85074813955,412703.6099334438,456984.4606815833,8366.316447324267
3579,456985.2216225126,38842.004065975314,418143.2175565373,456985.2216225126,8366.316447324267
3580,456985.982563442,53521.268646466895,403464.71391697513,456985.982563442,8366.316447324267
3581,456986.74350437155,65092.05198715441,391894.69151721714,456986.74350437155,8366.316447324267
3582,456987.5044453008,92008.13072407787,364979.3737212229,456987.5044453008,8366.316447324267
3583,456988.2653862303,33095.57362810813,423892.6917581222,456988.2653862303,8366.316447324267
3584,456989.02632715966,40619.845484751975,416369.1808424077,456989.02632715966,8366.316447324267
3585,456989.787268089,2026.1517072682618,454963.63556082075,456989.787268089,8366.316447324267
3586,456990.5482090185,6954.657657908101,450035.8905511104,456990.5482090185,8366.316447324267
3587,459263.03563695226,0.0,459263.03563695226,459263.03563695226,8366.316447324267
3588,476914.70284253947,0.0,476914.70284253947,476914.70284253947,8366.316447324267
3589,460330.9626201212,0.0,460330.9626201212,460330.9626201212,8366.316447324267
3590,467386.87311029114,0.0,467386.87311029114,467386.87311029114,8366.316447324267
3591,459182.4284537491,0.0,459182.4284537491,459182.4284537491,8366.316447324267
3592,456995.1138545949,7444.191671824199,449550.9221827707,456995.1138545949,8366.316447324267
3593,456995.8747955243,10595.811120587285,446400.063674937,456995.8747955243,8366.316447324267
3594,456996.6357364537,37752.20315752592,419244.4325789278,456996.6357364537,8366.316447324267
3595,456997.3966773831,49433.43359290791,407563.9630844752,456997.3966773831,8366.316447324267
3596,456998.1576183126,157474.0009135828,299524.1567047298,456998.1576183126,8366.316447324267
3597,456998.91855924187,51530.982035948546,405467.9365232933,456998.91855924187,8366.316447324267
3598,456999.6795001713,83976.2964252081,373023.3830749632,456999.6795001713,8366.316447324267
3599,457000.4404411007,179790.71966287808,277209.7207782226,457000.4404411007,8366.316447324267
3600,457001.2013820301,51179.75498703355,405821.44639499654,457001.2013820301,8366.316447324267
3601,457001.96232295956,84365.01410829276,372636.9482146668,457001.96232295956,8366.316447324267
3602,457002.72326388897,163791.11413927958,293211.6091246094,457002.72326388897,8366.316447324267
3603,457003.4842048183,97118.88637991948,359884.59782489884,457003.4842048183,8366.316447324267
3604,457004.24514574773,107511.05867529189,349493.18647045584,457004.24514574773,8366.316447324267
3605,457005.00608667714,106492.37474727695,350512.6313394002,457005.00608667714,8366.316447324267
3606,457005.76702760643,192965.47979374364,264040.2872338628,457005.76702760643,8366.316447324267
3607,457006.52796853596,149812.85544357292,307193.67252496304,457006.52796853596,8366.316447324267
3608,457007.28890946537,175976.35530556587,281030.9336038995,457007.28890946537,8366.316447324267
3609,457008.0498503947,122628.18370541069,334379.86614498403,457008.0498503947,8366.316447324267
3610,457008.8107913241,51949.220105532964,405059.59068579116,457008.8107913241,8366.316447324267
3611,457009.5717322535,159905.07020642218,297104.5015258313,457009.5717322535,8366.316447324267
3612,457010.33267318294,145933.641595983,311076.69107719994,457010.33267318294,8366.316447324267
3613,457011.09361411235,99045.74768574745,357965.3459283649,457011.09361411235,8366.316447324267
3614,457011.85455504165,48867.71984307584,408144.1347119658,457011.85455504165,8366.316447324267
3615,457012.6154959712,82762.68999525433,374249.92550071684,457012.6154959712,8366.316447324267
3616,457013.3764369005,60898.15864661476,396115.21779028577,457013.3764369005,8366.316447324267
3617,457014.13737783,43297.585234804836,413716.55214302515,457014.13737783,8366.316447324267
3618,457014.89831875934,143576.69761046593,313438.2007082934,457014.89831875934,8366.316447324267
3619,457015.6592596887,98826.84407509037,358188.8151845983,457015.6592596887,8366.316447324267
3620,457016.4202006182,88009.8545683641,369006.5656322541,457016.4202006182,8366.316447324267
3621,457017.1811415475,188685.0675404219,268332.1136011256,457017.1811415475,8366.316447324267
3622,457017.942082477,251872.12528223175,205145.81680024523,457017.942082477,8366.316447324267
3623,457018.7030234064,50851.31515655329,406167.3878668531,457018.7030234064,8366.316447324267
3624,457019.4639643357,100924.40272125788,356095.0612430778,457019.4639643357,8366.316447324267
3625,457020.2249052652,70626.1112217778,386394.1136834874,457020.2249052652,8366.316447324267
3626,457020.98584619456,143727.2736438798,313293.71220231475,457020.98584619456,8366.316447324267
3627,457021.7467871239,185344.89210700075,271676.85468012316,457021.7467871239,8366.316447324267
3628,457022.5077280534,280560.2646089401,176462.2431191133,457022.5077280534,8366.316447324267
3629,457023.2686689827,243183.79215520338,213839.47651377934,457023.2686689827,8366.316447324267
3630,457024.0296099122,385088.34925934806,71935.68035056411,457024.0296099122,8366.316447324267
3631,457024.7905508415,367161.5965876725,89863.19396316903,457024.7905508415,8366.316447324267
3632,457025.5514917709,269411.57999737514,187613.97149439578,457025.5514917709,8366.316447324267
3633,457026.3124327004,263250.66584272776,193775.64658997266,457026.3124327004,8366.316447324267
3634,457027.07337362977,173961.09885183087,283065.9745217989,457027.07337362977,8366.316447324267
3635,457027.8343145592,222049.70243673117,234978.131877828,457027.8343145592,8366.316447324267
3636,457028.59525548853,133263.37116428494,323765.2240912036,457028.59525548853,8366.316447324267
3637,457029.35619641794,152171.52154316264,304857.8346532553,457029.35619641794,8366.316447324267
3638,457030.1171373474,146157.51966636552,310872.5974709819,457030.1171373474,8366.316447324267
3639,457030.87807827676,96891.93034336064,360138.9477349161,457030.87807827676,8366.316447324267
3640,457031.63901920617,5567.920504615351,451463.7185145908,457031.63901920617,8366.316447324267
3641,457032.3999601356,154425.29819690558,302607.10176323,457032.3999601356,8366.316447324267
3642,457033.160901065,120699.29586329462,336333.86503777036,457033.160901065,8366.316447324267
3643,457033.9218419945,221605.58919944902,235428.3326425455,457033.9218419945,8366.316447324267
3644,457034.68278292374,237688.0272196118,219346.65556331194,457034.68278292374,8366.316447324267
3645,457035.4437238531,307637.9024619665,149397.54126188662,457035.4437238531,8366.316447324267
3646,457036.2046647826,298908.57608628384,158127.62857849878,457036.2046647826,8366.316447324267
3647,457036.965605712,395142.02681332914,61894.93879238284,457036.965605712,8366.316447324267
3648,457037.72654664144,429708.09898681764,27329.62755982378,457037.72654664144,8366.316447324267
3649,457038.4874875708,457038.4874875708,0.0,457038.4874875708,8366.316447324267
3650,457039.24842850014,457039.24842850014,0.0,457039.24842850014,8366.316447324267
3651,457040.0093694296,436705.1830364669,20334.82633296271,457040.0093694296,8366.316447324267
3652,457040.770310359,457040.770310359,0.0,457040.770310359,8366.316447324267
3653,457041.53125128837,451892.29189227364,5149.2393590146985,457041.53125128837,8366.316447324267
3654,457042.29219221784,444671.34272613324,12370.949466084585,457042.29219221784,8366.316447324267
3655,457043.05313314724,448394.6700385831,8648.383094564124,457043.05313314724,8366.316447324267
3656,457043.81407407665,389478.56782860635,67565.24624547029,457043.81407407665,8366.316447324267
3657,457044.575015006,385672.30349753384,71372.27151747217,457044.575015006,8366.316447324267
3658,457045.3359559354,377363.9245021636,79681.4114537718,457045.3359559354,8366.316447324267
3659,457046.0968968648,371352.03047852835,85694.0664183365,457046.0968968648,8366.316447324267
3660,457046.85783779423,183119.545534293,273927.31230350124,457046.85783779423,8366.316447324267
3661,457047.61877872364,352107.53808439226,104940.08069433138,457047.61877872364,8366.316447324267
3662,457048.379719653,216209.54433828365,240838.83538136934,457048.379719653,8366.316447324267
3663,457049.1406605824,374407.16446110833,82641.97619947408,457049.1406605824,8366.316447324267
3664,457049.90160151187,166733.7732116992,290316.12838981266,457049.90160151187,8366.316447324267
3665,457050.66254244116,305148.83557785256,151901.82696458863,457050.66254244116,8366.316447324267
3666,457051.42348337057,378550.0885977068,78501.33488566377,457051.42348337057,8366.316447324267
3667,457052.1844243001,293963.88755546964,163088.29686883045,457052.1844243001,8366.316447324267
3668,457052.94536522945,387735.4482078664,69317.49715736306,457052.94536522945,8366.316447324267
3669,457053.7063061589,431338.94771380443,25714.75859235448,457053.7063061589,8366.316447324267
3670,457054.4672470883,457054.4672470883,0.0,457054.4672470883,8366.316447324267
3671,457055.22818801756,457055.22818801756,0.0,457055.22818801756,8366.316447324267
3672,457055.9891289471,457055.9891289471,0.0,457055.9891289471,8366.316447324267
3673,457056.7500698765,457056.7500698765,0.0,457056.7500698765,8366.316447324267
3674,457057.5110108058,457057.5110108058,0.0,457057.5110108058,8366.316447324267
3675,457058.27195173525,457058.27195173525,0.0,457058.27195173525,8366.316447324267
3676,457059.0328926646,457059.0328926646,0.0,457059.0328926646,8366.316447324267
3677,457059.79383359407,455524.17562473647,1535.6182088576022,457059.79383359407,8366.316447324267
3678,457060.5547745234,412436.7133104942,44623.84146402924,457060.5547745234,8366.316447324267
3679,457061.31571545283,383325.51820952905,73735.79750592378,457061.31571545283,8366.316447324267
3680,457062.0766563823,374500.1987510239,82561.8779053584,457062.0766563823,8366.316447324267
3681,457062.83759731165,372276.09208349476,84786.7455138169,457062.83759731165,8366.316447324267
3682,457063.5985382412,371144.89859976224,85918.69993847894,457063.5985382412,8366.316447324267
3683,457064.35947917047,371037.1590400496,86027.20043912086,457064.35947917047,8366.316447324267
3684,457065.1204200999,299739.6579194257,157325.46250067418,457065.1204200999,8366.316447324267
3685,457065.88136102934,410235.2561624112,46830.62519861813,457065.88136102934,8366.316447324267
3686,457066.64230195864,381617.4839811713,75449.15832078733,457066.64230195864,8366.316447324267
3687,457067.40324288805,160633.44018849113,296433.9630543969,457067.40324288805,8366.316447324267
3688,457068.16418381745,152163.94595913548,304904.218224682,457068.16418381745,8366.316447324267
3689,457068.9251247468,431997.04838432826,25071.876740418575,457068.9251247468,8366.316447324267
3690,457069.68606567633,393158.34046086634,63911.34560480998,457069.68606567633,8366.316447324267
3691,457070.4470066057,387727.8448860982,69342.60212050752,457070.4470066057,8366.316447324267
3692,457071.20794753503,361057.3583366845,96013.84961085052,457071.20794753503,8366.316447324267
3693,457071.9688884645,397145.9982038415,59925.97068462301,457071.9688884645,8366.316447324267
3694,457072.7298293939,398660.34730140155,58412.38252799237,457072.7298293939,8366.316447324267
3695,457073.4907703234,388534.3392092526,68539.15156107076,457073.4907703234,8366.316447324267
3696,457074.2517112527,381431.7462064553,75642.50550479746,457074.2517112527,8366.316447324267
3697,457075.01265218214,363477.221289028,93597.79136315412,457075.01265218214,8366.316447324267
3698,457075.7735931115,452342.0795911747,4733.694001936765,457075.7735931115,8366.316447324267
3699,457076.5345340409,457076.5345340409,0.0,457076.5345340409,8366.316447324267
3700,457077.2954749703,448994.80867578473,8082.486799185571,457077.2954749703,8366.316447324267
3701,457078.0564158997,450415.32950762514,6662.726908274566,457078.0564158997,8366.316447324267
3702,457078.81735682907,434929.5101498205,22149.30720700861,457078.81735682907,8366.316447324267
3703,457079.57829775853,382037.3248482848,75042.25344947372,457079.57829775853,8366.316447324267
3704,457080.3392386879,373995.20944347116,83085.12979521672,457080.3392386879,8366.316447324267
3705,457081.1001796173,371272.5592304536,85808.54094916368,457081.1001796173,8366.316447324267
3706,457081.8611205467,318373.28640504746,138708.57471549924,457081.8611205467,8366.316447324267
3707,457082.6220614761,369253.8366616651,87828.78539981096,457082.6220614761,8366.316447324267
3708,457083.3830024056,333324.12972498086,123759.25327742471,457083.3830024056,8366.316447324267
3709,457084.14394333505,369962.10247793957,87122.04146539545,457084.14394333505,8366.316447324267
3710,457084.90488426434,253655.44450229255,203429.4603819718,457084.90488426434,8366.316447324267
3711,457085.66582519375,257911.07469661988,199174.59112857387,457085.66582519375,8366.316447324267
3712,457086.42676612316,152271.98732211615,304814.439444007,457086.42676612316,8366.316447324267
3713,457087.18770705245,306468.6647168634,150618.52299018903,457087.18770705245,8366.316447324267
3714,457087.948647982,284903.08190483483,172184.8667431471,457087.948647982,8366.316447324267
3715,457088.7095889114,285023.25051290076,172065.4590760106,457088.7095889114,8366.316447324267
3716,457089.4705298408,267798.657052716,189290.81347712476,457089.4705298408,8366.316447324267
3717,457090.23147077014,304255.92969412013,152834.30177665,457090.23147077014,8366.316447324267
3718,457090.9924116995,324254.9833697574,132836.00904194207,457090.9924116995,8366.316447324267
3719,457091.7533526289,209834.09332175774,247257.66003087116,457091.7533526289,8366.316447324267
3720,457092.5142935583,232260.33954229244,224832.17475126588,457092.5142935583,8366.316447324267
3721,457093.27523448784,181546.6678964157,275546.60733807215,457093.27523448784,8366.316447324267
3722,457094.0361754172,223544.46323850675,233549.57293691044,457094.0361754172,8366.316447324267
3723,457094.79711634654,356513.2114720129,100581.58564433362,457094.79711634654,8366.316447324267
3724,457095.55805727607,266079.0245178009,191016.53353947515,457095.55805727607,8366.316447324267
3725,457096.31899820536,334588.9104477164,122507.40855048892,457096.31899820536,8366.316447324267
3726,457097.07993913465,325554.4047806121,131542.6751585226,457097.07993913465,8366.316447324267
3727,457097.8408800643,289867.75749173074,167230.08338833353,457097.8408800643,8366.316447324267
3728,457098.6018209935,255567.8110572528,201530.79076374072,457098.6018209935,8366.316447324267
3729,457099.362761923,335520.2414967792,121579.1212651438,457099.362761923,8366.316447324267
3730,457100.1237028524,208235.10245070024,248865.02125215216,457100.1237028524,8366.316447324267
3731,457100.8846437817,254776.19848679384,202324.68615698785,457100.8846437817,8366.316447324267
3732,457101.6455847112,207623.46549905374,249478.18008565748,457101.6455847112,8366.316447324267
3733,457102.4065256405,139100.1881666755,318002.218358965,457102.4065256405,8366.316447324267
3734,457103.1674665699,196718.48487679104,260384.68258977888,457103.1674665699,8366.316447324267
3735,457103.92840749945,86768.43617567926,370335.4922318202,457103.92840749945,8366.316447324267
3736,457104.6893484288,71976.66971178976,385128.01963663904,457104.6893484288,8366.316447324267
3737,457105.4502893582,139255.51614577265,317849.93414358556,457105.4502893582,8366.316447324267
3738,457106.21123028756,324785.21516788396,132320.9960624036,457106.21123028756,8366.316447324267
3739,457106.97217121697,359807.36317887006,97299.6089923469,457106.97217121697,8366.316447324267
3740,457107.73311214644,356243.6749035347,100864.05820861174,457107.73311214644,8366.316447324267
3741,457108.4940530758,441805.71378701454,15302.780266061249,457108.4940530758,8366.316447324267
3742,457109.25499400526,457109.25499400526,0.0,457109.25499400526,8366.316447324267
3743,457110.01593493455,34348.51429502631,422761.50163990824,457110.01593493455,8366.316447324267
3744,457110.77687586396,135263.99378722132,321846.78308864264,457110.77687586396,8366.316447324267
3745,457111.5378167935,252972.5047040688,204139.0331127247,457111.5378167935,8366.316447324267
3746,457112.2987577227,413909.32541653805,43202.973341184676,457112.2987577227,8366.316447324267
3747,457113.0596986522,384963.96379665646,72149.09590199571,457113.0596986522,8366.316447324267
3748,457113.82063958165,422125.97711555206,34987.84352402961,457113.82063958165,8366.316447324267
3749,457114.581580511,403165.33569715783,53949.24588335316,457114.581580511,8366.316447324267
3750,457115.3425214404,413476.0443802129,43639.29814122753,457115.3425214404,8366.316447324267
3751,457116.1034623699,384445.9306705302,72670.17279183966,457116.1034623699,8366.316447324267
3752,457116.8644032992,375335.4712610172,81781.39314228199,457116.8644032992,8366.316447324267
3753,457117.62534422864,371882.49308851117,85235.13225571747,457117.62534422864,8366.316447324267
3754,457118.38628515805,370685.6837770891,86432.70250806892,457118.38628515805,8366.316447324267
3755,457119.1472260874,349205.97664458747,107913.17058149994,457119.1472260874,8366.316447324267
3756,457119.9081670168,339380.5127852933,117739.39538172356,457119.9081670168,8366.316447324267
3757,457120.6691079462,319717.5145219121,137403.1545860341,457120.6691079462,8366.316447324267
3758,457121.4300488756,449366.11313644756,7755.316912428077,457121.4300488756,8366.316447324267
3759,457122.19098980504,364643.09687279596,92479.09411700911,457122.19098980504,8366.316447324267
3760,457122.95193073445,421222.63805489184,35900.31387584258,457122.95193073445,8366.316447324267
3761,457123.71287166385,451060.8318028296,6062.881068834281,457123.71287166385,8366.316447324267
3762,457124.47381259326,456373.7510042034,750.722808389865,457124.47381259326,8366.316447324267
3763,457125.23475352273,457125.23475352273,0.0,457125.23475352273,8366.316447324267
3764,457125.995694452,457125.995694452,0.0,457125.995694452,8366.316447324267
3765,457126.7566353814,457126.7566353814,0.0,457126.7566353814,8366.316447324267
3766,457127.5175763109,42692.67997520155,414434.83760110935,457127.5175763109,8366.316447324267
3767,457128.27851724025,34614.5253335982,422513.75318364205,457128.27851724025,8366.316447324267
3768,457129.03945816966,68949.71148045053,388179.32797771913,457129.03945816966,8366.316447324267
3769,457129.80039909907,350140.81949972286,106988.98089937623,457129.80039909907,8366.316447324267
3770,457130.56134002836,457130.56134002836,0.0,457130.56134002836,8366.316447324267
3771,457131.3222809579,335034.122586879,122097.1996940789,457131.3222809579,8366.316447324267
3772,457132.0832218873,415918.98823929066,41213.09498259666,457132.0832218873,8366.316447324267
3773,457132.84416281665,355148.0232869956,101984.82087582104,457132.84416281665,8366.316447324267
3774,457133.60510374606,329250.63826199307,127882.96684175299,457133.60510374606,8366.316447324267
3775,457134.36604467547,377106.38676763815,80027.97927703729,457134.36604467547,8366.316447324267
3776,457135.126985605,356484.6294741719,100650.49751143306,457135.126985605,8366.316447324267
3777,457135.8879265343,324380.8869750305,132755.0009515038,457135.8879265343,8366.316447324267
3778,457136.64886746363,366078.1861947379,91058.46267272571,457136.64886746363,8366.316447324267
3779,457137.4098083931,296043.1652427082,161094.24456568496,457137.4098083931,8366.316447324267
3780,457138.17074932245,305957.9288684128,151180.24188090966,457138.17074932245,8366.316447324267
3781,457138.9316902519,179489.4929597847,277649.4387304672,457138.9316902519,8366.316447324267
3782,457139.6926311813,208272.6513661475,248867.04126503377,457139.6926311813,8366.316447324267
3783,457140.4535721106,279427.9436719856,177712.50990012503,457140.4535721106,8366.316447324267
3784,457141.21451304015,316370.96866233763,140770.24585070251,457141.21451304015,8366.316447324267
3785,457141.97545396944,391229.5607479885,65912.41470598089,457141.97545396944,8366.316447324267
3786,457142.73639489885,411587.51888933196,45555.21750556689,457142.73639489885,8366.316447324267
3787,457143.4973358283,353234.84939090663,103908.64794492169,457143.4973358283,8366.316447324267
3788,457144.25827675767,307721.1738996064,149423.08437715127,457144.25827675767,8366.316447324267
3789,457145.0192176872,457145.0192176872,0.0,457145.0192176872,8366.316447324267
3790,457145.78015861654,369071.85864767537,88073.92151094117,457145.78015861654,8366.316447324267
3791,457146.5410995458,433219.1147070739,23927.426392471913,457146.5410995458,8366.316447324267
3792,457147.30204047536,427299.68800289393,29847.614037581454,457147.30204047536,8366.316447324267
3793,457148.06298140466,457148.06298140466,0.0,457148.06298140466,8366.316447324267
3794,457148.82392233406,457148.82392233406,0.0,457148.82392233406,8366.316447324267
3795,457149.5848632635,457149.5848632635,0.0,457149.5848632635,8366.316447324267
3796,457150.3458041928,457150.3458041928,0.0,457150.3458041928,8366.316447324267
3797,457151.10674512235,452925.4402626175,4225.666482504837,457151.10674512235,8366.316447324267
3798,457151.8676860517,400522.11765148846,56629.75003456326,457151.8676860517,8366.316447324267
3799,457152.62862698105,388003.4044050932,69149.22422188782,457152.62862698105,8366.316447324267
3800,457153.38956791046,377267.02454406634,79886.3650238441,457153.38956791046,8366.316447324267
3801,457154.1505088399,373641.25028225436,83512.90022658557,457154.1505088399,8366.316447324267
3802,457154.9114497694,369021.98450484354,88132.92694492587,457154.9114497694,8366.316447324267
3803,457155.67239069875,384264.7804735087,72890.89191719006,457155.67239069875,8366.316447324267
3804,457156.4333316281,347702.92037076777,109453.51296086033,457156.4333316281,8366.316447324267
3805,457157.1942725575,252287.13289672352,204870.061375834,457157.1942725575,8366.316447324267
3806,457157.9552134869,330445.18715205474,126712.76806143216,457157.9552134869,8366.316447324267
3807,457158.71615441627,277357.39095823676,179801.3251961795,457158.71615441627,8366.316447324267
3808,457159.4770953457,101970.61363351071,355188.86346183496,457159.4770953457,8366.316447324267
3809,457160.238036275,356582.47660257446,100577.7614337006,457160.238036275,8366.316447324267
3810,457160.99897720455,389029.1395119861,68131.85946521845,457160.99897720455,8366.316447324267
3811,457161.7599181339,437136.9197195022,20024.840198631675,457161.7599181339,8366.316447324267
3812,457162.52085906325,351638.7169185685,105523.8039404948,457162.52085906325,8366.316447324267
3813,457163.2817999927,299511.8910133527,157651.39078664,457163.2817999927,8366.316447324267
3814,457164.0427409221,313069.0913864358,144094.95135448631,457164.0427409221,8366.316447324267
3815,457164.8036818516,201906.19254337522,255258.61113847638,457164.8036818516,8366.316447324267
3816,457165.564622781,96996.93377838272,360168.6308443983,457165.564622781,8366.316447324267
3817,457166.3255637103,55631.25981674751,401535.0657469628,457166.3255637103,8366.316447324267
3818,457167.08650463977,55043.26647100627,402123.8200336335,457167.08650463977,8366.316447324267
3819,457167.8474455692,54815.67210927809,402352.1753362911,457167.8474455692,8366.316447324267
3820,457168.60838649847,239034.7738592565,218133.83452724197,457168.60838649847,8366.316447324267
3821,457169.369327428,231494.72289986224,225674.64642756575,457169.369327428,8366.316447324267
3822,457170.1302683573,389754.71512798313,67415.41514037416,457170.1302683573,8366.316447324267
3823,457170.89120928675,376891.9851981778,80278.90601110893,457170.89120928675,8366.316447324267
3824,457171.65215021616,194699.2338006678,262472.41834954836,457171.65215021616,8366.316447324267
3825,462185.83731511293,0.0,462185.83731511293,462185.83731511293,8366.316447324267
3826,457173.1740320749,230213.55804858368,226959.61598349124,457173.1740320749,8366.316447324267
3827,457173.93497300433,339775.9548851267,117397.98008787766,457173.93497300433,8366.316447324267
3828,467133.70023107243,0.0,467133.70023107243,467133.70023107243,8366.316447324267
3829,457175.4568548632,356332.8795256252,100842.577329238,457175.4568548632,8366.316447324267
3830,457176.21779579256,408465.9348288244,48710.28296696814,457176.21779579256,8366.316447324267
3831,457176.978736722,431996.78270486183,25180.196031860167,457176.978736722,8366.316447324267
3832,457177.7396776513,386037.4727365865,71140.26694106481,457177.7396776513,8366.316447324267
3833,457178.5006185807,346341.5565405163,110836.94407806438,457178.5006185807,8366.316447324267
3834,457179.26155951025,386871.8719551245,70307.38960438577,457179.26155951025,8366.316447324267
3835,457180.0225004395,377879.452020683,79300.57047975651,457180.0225004395,8366.316447324267
3836,457180.783441369,244924.79727852225,212255.98616284676,457180.783441369,8366.316447324267
3837,457181.54438229837,200627.1351908306,256554.40919146777,457181.54438229837,8366.316447324267
3838,457182.3053232277,177958.1374816249,279224.1678416028,457182.3053232277,8366.316447324267
3839,457183.0662641572,148094.22228428198,309088.8439798752,457183.0662641572,8366.316447324267
3840,457183.8272050866,142375.98466085288,314807.8425442337,457183.8272050866,8366.316447324267
3841,457184.588146016,175730.3699106149,281454.2182354011,457184.588146016,8366.316447324267
3842,457185.3490869454,213645.25128455504,243540.09780239037,457185.3490869454,8366.316447324267
3843,457186.1100278748,246472.53092554174,210713.57910233308,457186.1100278748,8366.316447324267
3844,457186.8709688042,321945.4425384066,135241.42843039765,457186.8709688042,8366.316447324267
3845,457187.6319097336,231663.85892023952,225523.77298949406,457187.6319097336,8366.316447324267
3846,457188.392850663,373880.1760532084,83308.21679745456,457188.392850663,8366.316447324267
3847,457189.1537915924,374641.19457472913,82547.95921686325,457189.1537915924,8366.316447324267
3848,457189.91473252187,333486.8520315852,123703.06270093666,457189.91473252187,8366.316447324267
3849,457190.6756734513,304911.3720271737,152279.30364627758,457190.6756734513,8366.316447324267
3850,457191.43661438057,316732.2666193704,140459.1699950102,457191.43661438057,8366.316447324267
3851,457192.19755531,417227.1414377201,39965.05611758988,457192.19755531,8366.316447324267
3852,457192.95849623944,248034.68648194254,209158.2720142969,457192.95849623944,8366.316447324267
3853,457193.7194371688,176578.13621711498,280615.5832200538,457193.7194371688,8366.316447324267
3854,457194.4803780982,311925.5411188069,145268.93925929128,457194.4803780982,8366.316447324267
3855,457195.24131902773,303018.4416178862,154176.7997011415,457195.24131902773,8366.316447324267
3856,457196.002259957,164444.92536899162,292751.0768909654,457196.002259957,8366.316447324267
3857,457196.76320088643,263454.1384123397,193742.62478854676,457196.76320088643,8366.316447324267
3858,457197.52414181584,295817.341921675,161380.1822201408,457197.52414181584,8366.316447324267
3859,457198.2850827452,271796.9828979362,185401.302184809,457198.2850827452,8366.316447324267
3860,457199.04602367466,265675.72697727033,191523.31904640433,457199.04602367466,8366.316447324267
3861,457199.80696460407,258026.67967920174,199173.12728540233,457199.80696460407,8366.316447324267
3862,457200.5679055334,291546.2287786567,165654.33912687673,457200.5679055334,8366.316447324267
3863,457201.32884646277,321813.64516478765,135387.68368167515,457201.32884646277,8366.316447324267
3864,457202.08978739224,310069.9397510802,147132.15003631206,457202.08978739224,8366.316447324267
3865,457202.8507283217,292085.70690460084,165117.14382372083,457202.8507283217,8366.316447324267
3866,457203.611669251,339251.81744963524,117951.79421961572,457203.611669251,8366.316447324267
3867,457204.3726101804,396504.6136006626,60699.75900951779,457204.3726101804,8366.316447324267
3868,457205.1335511099,414807.97453527135,42397.1590158385,457205.1335511099,8366.316447324267
3869,457205.8944920393,405134.22204746876,52071.672444570526,457205.8944920393,8366.316447324267
3870,457206.65543296875,420450.8385732736,36755.8168596951,457206.65543296875,8366.316447324267
3871,457207.41637389804,389002.88316328084,68204.53321061721,457207.41637389804,8366.316447324267
3872,457208.17731482745,378114.9265237559,79093.25079107154,457208.17731482745,8366.316447324267
3873,457208.938255757,374100.6624722326,83108.27578352435,457208.938255757,8366.316447324267
3874,457209.69919668627,372548.2394552926,84661.45974139366,457209.69919668627,8366.316447324267
3875,457210.4601376157,372001.2839538012,85209.17618381449,457210.4601376157,8366.316447324267
3876,457211.2210785451,332300.7429111173,124910.47816742776,457211.2210785451,8366.316447324267
3877,457211.9820194744,399397.7409831718,57814.24103630259,457211.9820194744,8366.316447324267
3878,457212.7429604039,375603.46785873355,81609.27510167036,457212.7429604039,8366.316447324267
3879,457213.50390133326,179087.05272227217,278126.4511790611,457213.50390133326,8366.316447324267
3880,457214.2648422626,231148.47633630445,226065.78850595816,457214.2648422626,8366.316447324267
3881,457215.02578319213,317972.8665023996,139242.15928079252,457215.02578319213,8366.316447324267
3882,457215.78672412154,300107.288872598,157108.49785152354,457215.78672412154,8366.316447324267
3883,457216.54766505095,281146.5817066728,176069.96595837816,457216.54766505095,8366.316447324267
3884,457217.30860598024,267635.7190190769,189581.58958690334,457217.30860598024,8366.316447324267
3885,457218.06954690965,198356.54689124256,258861.5226556671,457218.06954690965,8366.316447324267
3886,457218.8304878391,131301.35317151202,325917.4773163271,457218.8304878391,8366.316447324267
3887,457219.5914287685,165561.12847552326,291658.4629532452,457219.5914287685,8366.316447324267
3888,457220.35236969794,77998.94728464296,379221.405085055,457220.35236969794,8366.316447324267
3889,457221.11331062723,166716.00820011046,290505.1051105168,457221.11331062723,8366.316447324267
3890,457221.87425155664,205259.22539167144,251962.6488598852,457221.87425155664,8366.316447324267
3891,457222.63519248617,209530.17236515367,247692.4628273325,457222.63519248617,8366.316447324267
3892,457223.39613341546,229153.00883411663,228070.38729929883,457223.39613341546,8366.316447324267
3893,457224.1570743448,327012.1970889,130211.95998544477,457224.1570743448,8366.316447324267
3894,457224.91801527434,376289.3148632096,80935.60315206472,457224.91801527434,8366.316447324267
3895,457225.6789562037,391703.54895926354,65522.12999694014,457225.6789562037,8366.316447324267
3896,457226.4398971332,379788.3648671884,77438.07502994481,457226.4398971332,8366.316447324267
3897,457227.2008380625,375434.28405606735,81792.91678199517,457227.2008380625,8366.316447324267
3898,457227.96177899186,373959.5316093955,83268.43016959635,457227.96177899186,8366.316447324267
3899,457228.7227199213,373535.59401290474,83693.12870701657,457228.7227199213,8366.316447324267
3900,457229.48366085073,370975.03633438866,86254.44732646208,457229.48366085073,8366.316447324267
3901,457230.2446017802,323999.9673149764,133230.2772868038,457230.2446017802,8366.316447324267
3902,457231.0055427095,275500.89903017733,181730.10651253216,457231.0055427095,8366.316447324267
3903,457231.7664836389,281223.1779032911,176008.58858034777,457231.7664836389,8366.316447324267
3904,457232.5274245683,306710.96682092943,150521.56060363885,457232.5274245683,8366.316447324267
3905,457233.2883654977,324777.0629191778,132456.22544631988,457233.2883654977,8366.316447324267
3906,457234.0493064271,367775.20528730674,89458.84401912037,457234.0493064271,8366.316447324267
3907,457234.81024735654,258337.0956612277,198897.71458612883,457234.81024735654,8366.316447324267
3908,457235.57118828595,148567.9667969194,308667.60439136653,457235.57118828595,8366.316447324267
3909,457236.3321292154,106317.88750647003,350918.4446227454,457236.3321292154,8366.316447324267
3910,457237.09307014477,83450.97171894688,373786.1213511979,457237.09307014477,8366.316447324267
3911,457237.8540110741,51094.74514885951,406143.1088622146,457237.8540110741,8366.316447324267
3912,457238.6149520036,51659.22634078027,405579.3886112233,457238.6149520036,8366.316447324267
3913,457239.37589293293,55068.29114765761,402171.0847452753,457239.37589293293,8366.316447324267
3914,457240.1368338623,90718.64954321994,366521.48729064234,457240.1368338623,8366.316447324267
3915,457240.89777479175,48242.24987540464,408998.6478993871,457240.89777479175,8366.316447324267
3916,457241.6587157211,115651.23567972786,341590.42303599324,457241.6587157211,8366.316447324267
3917,457242.41965665057,87562.9419597917,369679.47769685887,457242.41965665057,8366.316447324267
3918,457243.1805975799,267527.1470412031,189716.03355637685,457243.1805975799,8366.316447324267
3919,457243.9415385093,356031.8784289288,101212.06310958049,457243.9415385093,8366.316447324267
3920,457244.70247943874,316764.54569002736,140480.15678941138,457244.70247943874,8366.316447324267
3921,457245.46342036815,313119.5754909878,144125.88792938035,457245.46342036815,8366.316447324267
3922,457246.2243612976,333333.0179503048,123913.20641099285,457246.2243612976,8366.316447324267
3923,457246.985302227,325475.1794639976,131771.80583822943,457246.985302227,8366.316447324267
3924,457247.7462431563,329391.3899708852,127856.35627227114,457247.7462431563,8366.316447324267
3925,457248.5071840858,328182.94463027053,129065.56255381525,457248.5071840858,8366.316447324267
3926,457249.2681250152,339338.57694804954,117910.69117696564,457249.2681250152,8366.316447324267
3927,457250.02906594455,360465.83696340816,96784.1921025364,457250.02906594455,8366.316447324267
3928,457250.79000687395,332030.6864982922,125220.10350858177,457250.79000687395,8366.316447324267
3929,457251.5509478033,381402.4320590965,75849.11888870681,457251.5509478033,8366.316447324267
3930,457252.31188873283,376148.04512940743,81104.26675932543,457252.31188873283,8366.316447324267
3931,457253.0728296622,427614.44005560305,29638.63277405916,457253.0728296622,8366.316447324267
3932,457253.83377059153,260863.78867150983,196390.0450990817,457253.83377059153,8366.316447324267
3933,457254.59471152094,312999.89024002536,144254.7044714956,457254.59471152094,8366.316447324267
3934,457255.35565245035,296112.20528530306,161143.15036714726,457255.35565245035,8366.316447324267
3935,457256.1165933799,112243.22097903799,345012.8956143419,457256.1165933799,8366.316447324267
3936,457256.8775343093,118998.41723550082,338258.46029880847,457256.8775343093,8366.316447324267
3937,457257.6384752386,57929.38643979182,399328.25203544676,457257.6384752386,8366.316447324267
3938,457258.39941616805,42241.45380545041,415016.94561071764,457258.39941616805,8366.316447324267
3939,457259.1603570974,75573.09859765664,381686.06175944075,457259.1603570974,8366.316447324267
3940,457259.92129802675,68564.91554164368,388695.00575638306,457259.92129802675,8366.316447324267
3941,457260.6822389563,75954.44069792778,381306.2415410285,457260.6822389563,8366.316447324267
3942,457261.44317988557,262756.93144248665,194504.51173739892,457261.44317988557,8366.316447324267
3943,457262.20412081503,323636.8675847828,133625.3365360322,457262.20412081503,8366.316447324267
3944,457262.9650617444,330100.5483640386,127162.4166977058,457262.9650617444,8366.316447324267
3945,457263.7260026738,295214.8602311901,162048.8657714837,457263.7260026738,8366.316447324267
3946,457264.48694360314,285717.779358143,171546.70758546016,457264.48694360314,8366.316447324267
3947,457265.24788453255,270671.38966661337,186593.8582179192,457265.24788453255,8366.316447324267
3948,457266.0088254621,301960.7107045626,155305.29812089948,457266.0088254621,8366.316447324267
3949,457266.76976639143,258324.65693083993,198942.1128355515,457266.76976639143,8366.316447324267
3950,457267.5307073208,282440.28070705093,174827.25000026988,457267.5307073208,8366.316447324267
3951,457268.29164825025,315063.1305628432,142205.16108540708,457268.29164825025,8366.316447324267
3952,457269.0525891796,274472.8056714846,182796.24691769498,457269.0525891796,8366.316447324267
3953,457269.813530109,304420.5380386472,152849.2754914618,457269.813530109,8366.316447324267
3954,457270.57447103853,340199.23233249946,117071.34213853904,457270.57447103853,8366.316447324267
3955,457271.33541196777,82164.28274278692,375107.05266918085,457271.33541196777,8366.316447324267
3956,457272.09635289724,41867.993030053796,415404.10332284344,457272.09635289724,8366.316447324267
3957,457272.85729382664,41911.283935924585,415361.57335790206,457272.85729382664,8366.316447324267
3958,457273.618234756,42686.93771512987,414586.6805196261,457273.618234756,8366.316447324267
3959,457274.3791756854,35214.702376000176,422059.6767996852,457274.3791756854,8366.316447324267
3960,457275.14011661476,40261.6366305711,417013.50348604366,457275.14011661476,8366.316447324267
3961,457275.9010575443,81873.66248205473,375402.23857548955,457275.9010575443,8366.316447324267
3962,457276.6619984737,132178.78102611855,325097.88097235514,457276.6619984737,8366.316447324267
3963,457277.4229394031,60409.94399482582,396867.4789445773,457277.4229394031,8366.316447324267
3964,457278.18388033245,116589.04597026826,340689.1379100642,457278.18388033245,8366.316447324267
3965,457278.94482126186,42665.78690554388,414613.157915718,457278.94482126186,8366.316447324267
3966,457279.70576219115,115617.2162662308,341662.48949596036,457279.70576219115,8366.316447324267
3967,457280.4667031207,275692.39673278184,181588.06997033884,457280.4667031207,8366.316447324267
3968,457281.2276440501,343487.97162789205,113793.25601615805,457281.2276440501,8366.316447324267
3969,457281.9885849795,329780.95279329404,127501.03579168546,457281.9885849795,8366.316447324267
3970,457282.74952590885,300089.5993794876,157193.15014642122,457282.74952590885,8366.316447324267
3971,457283.5104668382,322397.4649844944,134886.04548234382,457283.5104668382,8366.316447324267
3972,457284.27140776766,283625.9974616956,173658.27394607212,457284.27140776766,8366.316447324267
3973,457285.032348697,270616.776868619,186668.255480078,457285.032348697,8366.316447324267
3974,457285.7932896265,287353.17084158445,169932.62244804204,457285.7932896265,8366.316447324267
3975,457286.5542305559,224036.6813470667,233249.87288348918,457286.5542305559,8366.316447324267
3976,457287.31517148524,275795.2118428824,181492.10332860285,457287.31517148524,8366.316447324267
3977,457288.0761124147,321909.43406535423,135378.64204706048,457288.0761124147,8366.316447324267
3978,457288.8370533441,342009.98703632294,115278.85001702115,457288.8370533441,8366.316447324267
3979,457289.5979942734,315783.8462834032,141505.75171087016,457289.5979942734,8366.316447324267
3980,457290.35893520294,349225.3067882487,108065.05214695423,457290.35893520294,8366.316447324267
3981,457291.11987613223,338394.56050533586,118896.55937079639,457291.11987613223,8366.316447324267
3982,457291.8808170617,330368.2673443527,126923.61347270901,457291.8808170617,8366.316447324267
3983,457292.6417579911,364403.27922192076,92889.36253607034,457292.6417579911,8366.316447324267
3984,457293.4026989204,398318.2889155329,58975.113783387525,457293.4026989204,8366.316447324267
3985,457294.1636398499,420191.9281167621,37102.235523087824,457294.1636398499,8366.316447324267
3986,457294.9245807792,436555.30221547914,20739.62236530006,457294.9245807792,8366.316447324267
3987,457295.6855217086,457295.6855217086,0.0,457295.6855217086,8366.316447324267
3988,457296.4464626381,457296.4464626381,0.0,457296.4464626381,8366.316447324267
3989,457297.2074035675,451379.3791922148,5917.828211352702,457297.2074035675,8366.316447324267
3990,457297.9683444969,437947.8509303315,19350.117414165426,457297.9683444969,8366.316447324267
3991,457298.72928542626,389323.6380275292,67975.09125789707,457298.72928542626,8366.316447324267
3992,457299.4902263557,408151.31572385237,49148.17450250331,457299.4902263557,8366.316447324267
3993,457300.25116728514,354654.1639802327,102646.0871870524,457300.25116728514,8366.316447324267
3994,457301.0121082145,345686.57080250495,111614.44130570955,457301.0121082145,8366.316447324267
3995,457301.77304914396,373656.6104359555,83645.16261318843,457301.77304914396,8366.316447324267
3996,457302.53399007325,306119.76980343263,151182.76418664062,457302.53399007325,8366.316447324267
3997,457303.29493100266,374282.00245727214,83021.29247373049,457303.29493100266,8366.316447324267
3998,457304.0558719322,307133.9129940686,150170.14287786363,457304.0558719322,8366.316447324267
3999,457304.8168128615,332647.0139054435,124657.80290741802,457304.8168128615,8366.316447324267
4000,457305.5777537909,364734.5083002187,92571.06945357223,457305.5777537909,8366.316447324267
4001,457306.3386947203,276741.2093500097,180565.1293447106,457306.3386947203,8366.316447324267
4002,457307.0996356497,289994.92280248104,167312.17683316866,457307.0996356497,8366.316447324267
4003,457307.86057657923,201497.636034732,255810.22454184724,457307.86057657923,8366.316447324267
4004,457308.6215175085,82309.21640699467,374999.40511051385,457308.6215175085,8366.316447324267
4005,457309.3824584379,56034.65397744073,401274.72848099715,457309.3824584379,8366.316447324267
4006,457310.14339936734,55572.204009877634,401737.9393894897,457310.14339936734,8366.316447324267
4007,457310.90434029675,78118.33783123252,379192.5665090642,457310.90434029675,8366.316447324267
4008,457311.6652812261,115500.34891556815,341811.31636565796,457311.6652812261,8366.316447324267
4009,457312.4262221555,103619.27489600488,353693.15132615063,457312.4262221555,8366.316447324267
4010,457313.1871630849,166212.52240664756,291100.66475643736,457313.1871630849,8366.316447324267
4011,457313.94810401433,239584.2386715107,217729.70943250362,457313.94810401433,8366.316447324267
4012,457314.7090449437,310455.0870038356,146859.62204110812,457314.7090449437,8366.316447324267
4013,457315.4699858731,303055.86055487674,154259.60943099632,457315.4699858731,8366.316447324267
4014,457316.2309268025,373931.777071653,83384.45385514952,457316.2309268025,8366.316447324267
4015,457316.99186773197,387610.5988807118,69706.39298702014,457316.99186773197,8366.316447324267
4016,457317.75280866143,376732.7714520423,80584.98135661914,457317.75280866143,8366.316447324267
4017,457318.5137495907,373069.8182617157,84248.695487875,457318.5137495907,8366.316447324267
4018,457319.2746905201,348360.1142341896,108959.16045633046,457319.2746905201,8366.316447324267
4019,457320.03563144954,346404.79004139523,110915.24559005434,457320.03563144954,8366.316447324267
4020,457320.79657237895,228484.69207725086,228836.1044951281,457320.79657237895,8366.316447324267
4021,457321.55751330836,263071.8822313375,194249.67528197088,457321.55751330836,8366.316447324267
4022,457322.3184542378,184537.47699775902,272784.84145647875,457322.3184542378,8366.316447324267
4023,457323.07939516706,56245.51154417399,401077.5678509931,457323.07939516706,8366.316447324267
4024,457323.8403360966,164794.40151925996,292529.4388168366,457323.8403360966,8366.316447324267
4025,457324.601277026,84885.68276670674,372438.91851031926,457324.601277026,8366.316447324267
4026,457325.3622179553,73484.61343487946,383840.74878307583,457325.3622179553,8366.316447324267
4027,457326.12315888476,412055.48062553396,45270.64253335078,457326.12315888476,8366.316447324267
4028,457326.88409981417,457326.88409981417,0.0,457326.88409981417,8366.316447324267
4029,457327.64504074364,356341.4174074244,100986.2276333192,457327.64504074364,8366.316447324267
4030,457328.40598167304,50943.066746994155,406385.3392346789,457328.40598167304,8366.316447324267
4031,457329.16692260234,78287.91118211998,379041.25574048236,457329.16692260234,8366.316447324267
4032,457329.9278635318,52510.40050453349,404819.5273589983,457329.9278635318,8366.316447324267
4033,457330.68880446116,109178.15937945672,348152.52942500444,457330.68880446116,8366.316447324267
4034,457331.44974539056,154788.4567541898,302542.99299120076,457331.44974539056,8366.316447324267
4035,457332.21068632,223933.02376943582,233399.18691688415,457332.21068632,8366.316447324267
4036,457332.9716272493,208810.75061706398,248522.22101018534,457332.9716272493,8366.316447324267
4037,457333.73256817885,106360.69895876298,350973.03360941587,457333.73256817885,8366.316447324267
4038,457334.49350910814,297217.00341544766,160117.49009366048,457334.49350910814,8366.316447324267
4039,457335.2544500376,329529.5284723209,127805.7259777167,457335.2544500376,8366.316447324267
4040,457336.015390967,318612.6706006613,138723.34479030574,457336.015390967,8366.316447324267
4041,457336.77633189637,317930.8799538587,139405.8963780377,457336.77633189637,8366.316447324267
4042,457337.53727282584,273464.93974473,183872.59752809582,457337.53727282584,8366.316447324267
4043,457338.29821375525,242148.52046898066,215189.7777447746,457338.29821375525,8366.316447324267
4044,457339.05915468454,333509.07345394045,123829.98570074409,457339.05915468454,8366.316447324267
4045,457339.82009561406,222469.00601827615,234870.8140773379,457339.82009561406,8366.316447324267
4046,457340.5810365434,141452.17383872793,315888.4071978155,457340.5810365434,8366.316447324267
4047,492062.90300330915,0.0,492062.90300330915,492062.90300330915,8366.316447324267
4048,457342.1029184022,141564.7603957347,315777.3425226675,457342.1029184022,8366.316447324267
4049,457342.8638593316,359285.8799440574,98056.98391527422,457342.8638593316,8366.316447324267
4050,457343.6248002611,329777.45369935816,127566.17110090292,457343.6248002611,8366.316447324267
4051,457344.3857411904,196094.11819824218,261250.26754294822,457344.3857411904,8366.316447324267
4052,457345.1466821198,152185.42913281178,305159.717549308,457345.1466821198,8366.316447324267
4053,457345.90762304916,56931.01778072183,400414.88984232733,457345.90762304916,8366.316447324267
4054,457346.66856397863,144881.81947304076,312464.8490909379,457346.66856397863,8366.316447324267
4055,457347.4295049081,52124.82565904927,405222.60384585883,457347.4295049081,8366.316447324267
4056,457348.19044583745,63617.31985884742,393730.87058699003,457348.19044583745,8366.316447324267
4057,457348.95138676686,67665.43216466263,389683.5192221042,457348.95138676686,8366.316447324267
4058,457349.71232769627,63688.65692781977,393661.0553998765,457349.71232769627,8366.316447324267
4059,457350.4732686256,51357.12211801368,405993.35115061194,457350.4732686256,8366.316447324267
4060,457351.234209555,56163.49797210819,401187.73623744684,457351.234209555,8366.316447324267
4061,457351.9951504845,48005.0065756776,409346.9885748069,457351.9951504845,8366.316447324267
4062,457352.7560914138,173859.817372003,283492.9387194108,457352.7560914138,8366.316447324267
4063,457353.51703234325,401560.44254372624,55793.07448861702,457353.51703234325,8366.316447324267
4064,457354.27797327266,392374.9768620738,64979.30111119886,457354.27797327266,8366.316447324267
4065,457355.03891420196,344723.9917280269,112631.04718617507,457355.03891420196,8366.316447324267
4066,457355.7998551314,353288.1436522215,104067.65620290994,457355.7998551314,8366.316447324267
4067,457356.56079606083,332059.86508726433,125296.69570879653,457356.56079606083,8366.316447324267
4068,457357.32173699024,394073.6929295605,63283.62880742975,457357.32173699024,8366.316447324267
4069,457358.0826779197,435872.5458241414,21485.536853778278,457358.0826779197,8366.316447324267
4070,457358.8436188491,232858.72903149255,224500.11458735657,457358.8436188491,8366.316447324267
4071,476344.72504876804,0.0,476344.72504876804,476344.72504876804,8366.316447324267
4072,457360.3655007079,16592.814060443256,440767.5514402646,457360.3655007079,8366.316447324267
4073,457361.1264416372,367655.79240795434,89705.3340336829,457361.1264416372,8366.316447324267
4074,457361.8873825667,395481.41885832936,61880.46852423735,457361.8873825667,8366.316447324267
4075,457362.648323496,457362.648323496,0.0,457362.648323496,8366.316447324267
4076,457363.4092644255,411373.67329807783,45989.73596634769,457363.4092644255,8366.316447324267
4077,457364.17020535487,441653.10423128377,15711.065974071085,457364.17020535487,8366.316447324267
4078,457364.9311462842,457364.9311462842,0.0,457364.9311462842,8366.316447324267
4079,457365.6920872137,457365.6920872137,0.0,457365.6920872137,8366.316447324267
4080,457366.45302814303,457366.45302814303,0.0,457366.45302814303,8366.316447324267
4081,457367.2139690725,457367.2139690725,0.0,457367.2139690725,8366.316447324267
4082,457367.97491000197,457367.97491000197,0.0,457367.97491000197,8366.316447324267
4083,457368.73585093126,457368.73585093126,0.0,457368.73585093126,8366.316447324267
4084,457369.4967918607,457369.4967918607,0.0,457369.4967918607,8366.316447324267
4085,457370.2577327901,451551.4199014568,5818.837831333275,457370.2577327901,8366.316447324267
4086,457371.01867371943,421573.3606854613,35797.657988258106,457371.01867371943,8366.316447324267
4087,457371.77961464896,390157.67760392587,67214.10201072307,457371.77961464896,8366.316447324267
4088,457372.5405555783,378990.97930318065,78381.56125239767,457372.5405555783,8366.316447324267
4089,457373.3014965077,375316.0166427022,82057.28485380548,457373.3014965077,8366.316447324267
4090,457374.06243743707,373115.13723242376,84258.92520501332,457374.06243743707,8366.316447324267
4091,482896.08313841553,0.0,482896.08313841553,482896.08313841553,8366.316447324267
4092,477151.74499879096,0.0,477151.74499879096,477151.74499879096,8366.316447324267
4093,457376.34526022524,300813.2414623721,156563.1037978531,457376.34526022524,8366.316447324267
4094,457377.10620115476,388070.67964226304,69306.42655889173,457377.10620115476,8366.316447324267
4095,457377.86714208405,356459.22282307467,100918.64431900941,457377.86714208405,8366.316447324267
4096,457378.6280830135,410445.8740311976,46932.7540518159,457378.6280830135,8366.316447324267
4097,457379.389023943,429832.7444878005,27546.644536142478,457379.389023943,8366.316447324267
4098,457380.1499648723,432058.53325157205,25321.6167133002,457380.1499648723,8366.316447324267
4099,457380.9109058017,426307.89130359906,31073.019602202618,457380.9109058017,8366.316447324267
4100,457381.67184673116,457381.67184673116,0.0,457381.67184673116,8366.316447324267
4101,457382.4327876605,457382.4327876605,0.0,457382.4327876605,8366.316447324267
4102,457383.19372859,457383.19372859,0.0,457383.19372859,8366.316447324267
4103,457383.9546695193,457383.9546695193,0.0,457383.9546695193,8366.316447324267
4104,457384.7156104487,457384.7156104487,0.0,457384.7156104487,8366.316447324267
4105,457385.47655137815,457385.47655137815,0.0,457385.47655137815,8366.316447324267
4106,457386.2374923075,457386.2374923075,0.0,457386.2374923075,8366.316447324267
4107,457386.99843323685,457386.99843323685,0.0,457386.99843323685,8366.316447324267
4108,457387.7593741664,457387.7593741664,0.0,457387.7593741664,8366.316447324267
4109,457388.5203150958,450732.1762566252,6656.3440584705795,457388.5203150958,8366.316447324267
4110,457389.28125602513,386594.6735677361,70794.60768828902,457389.28125602513,8366.316447324267
4111,457390.0421969545,385333.0535637933,72056.9886331612,457390.0421969545,8366.316447324267
4112,457390.803137884,376083.4331437426,81307.36999414137,457390.803137884,8366.316447324267
4113,457391.56407881336,374126.1721488257,83265.39192998766,457391.56407881336,8366.316447324267
4114,457392.32501974277,372932.06193023606,84460.26308950673,457392.32501974277,8366.316447324267
4115,457393.0859606722,373978.37628553936,83414.7096751328,457393.0859606722,8366.316447324267
4116,457393.84690160153,394108.0368857762,63285.81001582534,457393.84690160153,8366.316447324267
4117,457394.60784253094,369634.5035541131,87760.10428841785,457394.60784253094,8366.316447324267
4118,457395.3687834604,395963.24931634497,61432.11946711542,457395.3687834604,8366.316447324267
4119,457396.12972438976,312723.9684484373,144672.1612759525,457396.12972438976,8366.316447324267
4120,457396.89066531905,371628.8699379157,85768.02072740335,457396.89066531905,8366.316447324267
4121,457397.6516062486,378636.13948066183,78761.51212558671,457397.6516062486,8366.316447324267
4122,457398.412547178,391321.3575111773,66077.05503600067,457398.412547178,8366.316447324267
4123,457399.17348810745,241666.74412443506,215732.4293636724,457399.17348810745,8366.316447324267
4124,457399.9344290368,341912.51961811306,115487.41481092374,457399.9344290368,8366.316447324267
4125,457400.6953699661,403166.2576107926,54234.4377591735,457400.6953699661,8366.316447324267
4126,457401.4563108956,382335.7108716102,75065.7454392854,457401.4563108956,8366.316447324267
4127,457402.21725182503,434059.4086562098,23342.80859561519,457402.21725182503,8366.316447324267
4128,457402.9781927544,408585.07913124,48817.89906151438,457402.9781927544,8366.316447324267
4129,457403.7391336838,342759.8492549512,114643.88987873262,457403.7391336838,8366.316447324267
4130,457404.50007461314,327277.16498728667,130127.3350873265,457404.50007461314,8366.316447324267
4131,457405.2610155426,317119.8711150228,140285.3899005198,457405.2610155426,8366.316447324267
4132,457406.0219564721,283455.9419466201,173950.08000985192,457406.0219564721,8366.316447324267
4133,457406.78289740125,194898.69406196318,262508.0888354381,457406.78289740125,8366.316447324267
4134,457407.5438383308,234115.44051387615,223292.10332445463,457407.5438383308,8366.316447324267
4135,457408.3047792602,361563.97452654666,95844.33025271351,457408.3047792602,8366.316447324267
4136,457409.0657201897,341542.90167323063,115866.1640469591,457409.0657201897,8366.316447324267
4137,457409.82666111895,393873.8912242267,63535.93543689225,457409.82666111895,8366.316447324267
4138,457410.58760204836,295604.7239868662,161805.86361518217,457410.58760204836,8366.316447324267
4139,457411.3485429778,314026.49769894895,143384.85084402887,457411.3485429778,8366.316447324267
4140,457412.1094839072,93144.74758506345,364267.3618988437,457412.1094839072,8366.316447324267
4141,457412.87042483664,256566.35290309272,200846.51752174392,457412.87042483664,8366.316447324267
4142,457413.63136576593,359402.94647376303,98010.68489200289,457413.63136576593,8366.316447324267
4143,457414.39230669534,304532.4611565088,152881.93115018652,457414.39230669534,8366.316447324267
4144,457415.15324762487,297786.16321394255,159628.99003368235,457415.15324762487,8366.316447324267
4145,457415.91418855416,340483.75958493736,116932.15460361683,457415.91418855416,8366.316447324267
4146,457416.67512948357,371975.058822856,85441.61630662759,457416.67512948357,8366.316447324267
4147,457417.436070413,337108.0334937609,120309.40257665205,457417.436070413,8366.316447324267
4148,457418.1970113424,385123.3595455046,72294.83746583777,457418.1970113424,8366.316447324267
4149,457418.9579522719,394367.0851191223,63051.872833149595,457418.9579522719,8366.316447324267
4150,457419.71889320127,412883.5874299443,44536.13146325694,457419.71889320127,8366.316447324267
4151,457420.47983413056,383676.4464697435,73744.03336438705,457420.47983413056,8366.316447324267
4152,457421.24077506,400778.98398513364,56642.2567899264,457421.24077506,8366.316447324267
4153,457422.00171598943,416282.27825692034,41139.72345906911,457422.00171598943,8366.316447324267
4154,457422.7626569189,428193.5709446708,29229.191712248088,457422.7626569189,8366.316447324267
4155,457423.5235978482,438385.03233848803,19038.491259360155,457423.5235978482,8366.316447324267
4156,457424.2845387776,457424.2845387776,0.0,457424.2845387776,8366.316447324267
4157,457425.045479707,439123.10099332186,18301.94448638516,457425.045479707,8366.316447324267
4158,457425.80642063636,373132.7631497317,84293.04327090472,457425.80642063636,8366.316447324267
4159,457426.56736156583,376916.133674488,80510.43368707782,457426.56736156583,8366.316447324267
4160,457427.3283024952,353444.7720823453,103982.55622014988,457427.3283024952,8366.316447324267
4161,457428.0892434246,348704.3885179098,108723.70072551479,457428.0892434246,8366.316447324267
4162,457428.8501843541,342316.49907679413,115112.35110755995,457428.8501843541,8366.316447324267
4163,457429.61112528347,245259.83886967137,212169.7722556121,457429.61112528347,8366.316447324267
4164,457430.3720662128,353257.2295059604,104173.1425602524,457430.3720662128,8366.316447324267
4165,457431.13300714234,275677.53446293867,181753.59854420365,457431.13300714234,8366.316447324267
4166,457431.89394807164,315668.40195654164,141763.49199153,457431.89394807164,8366.316447324267
4167,457432.654889001,431819.9198065026,25612.735082498377,457432.654889001,8366.316447324267
4168,457433.41582993045,446227.14892770315,11206.266902227302,457433.41582993045,8366.316447324267
4169,457434.17677085975,328192.86041865277,129241.31635220701,457434.17677085975,8366.316447324267
4170,457434.9377117893,297467.8987777677,159967.03893402155,457434.9377117893,8366.316447324267
4171,457435.6986527187,292994.6387012793,164441.05995143935,457435.6986527187,8366.316447324267
4172,457436.459593648,277803.7395698741,179632.7200237739,457436.459593648,8366.316447324267
4173,457437.2205345774,284779.00389430777,172658.21664026965,457437.2205345774,8366.316447324267
4174,457437.98147550685,387280.039715888,70157.94175961889,457437.98147550685,8366.316447324267
4175,457438.7424164363,357207.5488311658,100231.19358527049,457438.7424164363,8366.316447324267
4176,457439.5033573657,337011.65617893985,120427.84717842584,457439.5033573657,8366.316447324267
4177,457440.26429829514,365499.427777646,91940.83652064911,457440.26429829514,8366.316447324267
4178,457441.02523922443,309325.4474989632,148115.57774026124,457441.02523922443,8366.316447324267
4179,457441.7861801539,383161.2723412846,74280.51383886929,457441.7861801539,8366.316447324267
4180,457442.54712108325,401076.5302906413,56366.01683044194,457442.54712108325,8366.316447324267
4181,457443.3080620127,452811.693678299,4631.614383713717,457443.3080620127,8366.316447324267
4182,457444.069002942,426330.9810146121,31113.087988329924,457444.069002942,8366.316447324267
4183,457444.82994387153,411173.49470012746,46271.33524374408,457444.82994387153,8366.316447324267
4184,457445.5908848009,354953.86723980866,102491.7236449922,457445.5908848009,8366.316447324267
4185,457446.3518257302,301874.43471234106,155571.91711338915,457446.3518257302,8366.316447324267
4186,457447.1127666597,303093.7993983567,154353.313368303,457447.1127666597,8366.316447324267
4187,457447.873707589,202481.883910204,254965.989797385,457447.873707589,8366.316447324267
4188,457448.6346485185,379073.0214527138,78375.6131958047,457448.6346485185,8366.316447324267
4189,457449.39558944793,379514.5233992403,77934.87219020766,457449.39558944793,8366.316447324267
4190,457450.1565303773,361761.58432890184,95688.57220147544,457450.1565303773,8366.316447324267
4191,457450.91747130675,351554.1941654001,105896.7233059066,457450.91747130675,8366.316447324267
4192,457451.67841223604,317087.54205761594,140364.13635462013,457451.67841223604,8366.316447324267
4193,457452.43935316545,361773.3075972903,95679.13175587512,457452.43935316545,8366.316447324267
4194,457453.200294095,375976.25254003133,81476.94775406367,457453.200294095,8366.316447324267
4195,457453.96123502427,288633.69318361086,168820.2680514134,457453.96123502427,8366.316447324267
4196,457454.72217595374,398378.5989540706,59076.12322188316,457454.72217595374,8366.316447324267
4197,457455.4831168831,360090.9524957703,97364.53062111278,457455.4831168831,8366.316447324267
4198,457456.2440578125,341762.61660855537,115693.62744925712,457456.2440578125,8366.316447324267
4199,457457.0049987418,359233.21866208804,98223.78633665378,457457.0049987418,8366.316447324267
4200,457457.76593967126,403661.0670579679,53796.698881703385,457457.76593967126,8366.316447324267
4201,457458.5268806008,409960.6207405048,47497.90614009594,457458.5268806008,8366.316447324267
4202,457459.28782153013,437879.16609222314,19580.12172930698,457459.28782153013,8366.316447324267
4203,457460.04876245954,457460.04876245954,0.0,457460.04876245954,8366.316447324267
4204,457460.809703389,457460.809703389,0.0,457460.809703389,8366.316447324267
4205,457461.5706443183,453727.8455467037,3733.725097614593,457461.5706443183,8366.316447324267
4206,457462.3315852477,432926.2361339573,24536.095451290414,457462.3315852477,8366.316447324267
4207,457463.0925261772,385771.4946158267,71691.5979103505,457463.0925261772,8366.316447324267
4208,457463.8534671065,404197.1182326939,53266.735234412634,457463.8534671065,8366.316447324267
4209,457464.6144080359,373662.42037898605,83802.19402904986,457464.6144080359,8366.316447324267
4210,457465.37534896535,32516.600553999888,424948.77479496546,457465.37534896535,8366.316447324267
4211,457466.1362898947,282774.47363613313,174691.66265376157,457466.1362898947,8366.316447324267
4212,457466.89723082416,306648.46014865907,150818.4370821651,457466.89723082416,8366.316447324267
4213,457467.6581717535,268920.2031592004,188547.45501255314,457467.6581717535,8366.316447324267
4214,457468.4191126829,260041.96047651488,197426.45863616804,457468.4191126829,8366.316447324267
4215,457469.18005361233,229861.8115210139,227607.36853259843,457469.18005361233,8366.316447324267
4216,457469.9409945418,407327.8711791181,50142.06981542369,457469.9409945418,8366.316447324267
4217,457470.70193547115,416336.9954427744,41133.706492696765,457470.70193547115,8366.316447324267
4218,457471.46287640056,326015.75097921747,131455.71189718312,457471.46287640056,8366.316447324267
4219,457472.2238173299,363393.49858100654,94078.72523632336,457472.2238173299,8366.316447324267
4220,457472.9847582594,223953.19823654267,233519.7865217167,457472.9847582594,8366.316447324267
4221,457473.7456991888,228080.26164562118,229393.4840535676,457473.7456991888,8366.316447324267
4222,457474.5066401182,306700.8652764312,150773.641363687,457474.5066401182,8366.316447324267
4223,457475.26758104755,274522.32014096953,182952.94744007802,457475.26758104755,8366.316447324267
4224,457476.0285219769,301387.2799297195,156088.74859225738,457476.0285219769,8366.316447324267
4225,457476.7894629064,296832.2346747317,160644.55478817475,457476.7894629064,8366.316447324267
4226,457477.5504038357,255312.70782016878,202164.84258366693,457477.5504038357,8366.316447324267
4227,457478.3113447651,126879.54428856127,330598.76705620385,457478.3113447651,8366.316447324267
4228,457479.0722856946,294556.6143995611,162922.45788613352,457479.0722856946,8366.316447324267
4229,457479.83322662394,401794.0192366905,55685.813989933435,457479.83322662394,8366.316447324267
4230,457480.5941675534,397781.20171105897,59699.39245649445,457480.5941675534,8366.316447324267
4231,457481.3551084828,387560.58987922163,69920.7652292612,457481.3551084828,8366.316447324267
4232,457482.1160494121,377828.8962110137,79653.2198383984,457482.1160494121,8366.316447324267
4233,457482.87699034164,374150.4279651026,83332.44902523905,457482.87699034164,8366.316447324267
4234,457483.637931271,342713.53187025804,114770.10606101298,457483.637931271,8366.316447324267
4235,457484.3988722004,398256.6574679947,59227.74140420567,457484.3988722004,8366.316447324267
4236,457485.1598131298,10503.451795489469,446981.70801764034,457485.1598131298,8366.316447324267
4237,457485.92075405916,312673.28278785106,144812.6379662081,457485.92075405916,8366.316447324267
4238,457486.6816949886,385087.51143000554,72399.17026498307,457486.6816949886,8366.316447324267
4239,457487.442635918,264643.05631069763,192844.38632522034,457487.442635918,8366.316447324267
4240,457488.2035768473,296343.4469467399,161144.75663010738,457488.2035768473,8366.316447324267
4241,457488.9645177768,407530.13594991487,49958.82856786194,457488.9645177768,8366.316447324267
4242,457489.7254587062,455601.99017169914,1887.735287007086,457489.7254587062,8366.316447324267
4243,457490.4863996357,457490.4863996357,0.0,457490.4863996357,8366.316447324267
4244,457491.24734056497,284560.48177880637,172930.7655617586,457491.24734056497,8366.316447324267
4245,457492.0082814944,422280.384551964,35211.62372953035,457492.0082814944,8366.316447324267
4246,457492.7692224239,381144.5673198246,76348.20190259934,457492.7692224239,8366.316447324267
4247,457493.5301633532,281436.67863341374,176056.85152993942,457493.5301633532,8366.316447324267
4248,457494.29110428266,271795.88262447936,185698.4084798033,457494.29110428266,8366.316447324267
4249,457495.052045212,286720.61470814224,170774.4373370698,457495.052045212,8366.316447324267
4250,457495.8129861414,267419.42718216206,190076.38580397933,457495.8129861414,8366.316447324267
4251,457496.5739270709,192179.17526271468,265317.3986643562,457496.5739270709,8366.316447324267
4252,457497.33486800024,165106.9995368648,292390.33533113543,457497.33486800024,8366.316447324267
4253,457498.09580892953,109484.62645113893,348013.4693577906,457498.09580892953,8366.316447324267
4254,457498.856749859,256967.25956164085,200531.59718821815,457498.856749859,8366.316447324267
4255,457499.61769078847,329573.8344710296,127925.78321975886,457499.61769078847,8366.316447324267
4256,457500.3786317179,305302.8241826579,152197.55444906,457500.3786317179,8366.316447324267
4257,457501.13957264717,338414.5458658348,119086.59370681239,457501.13957264717,8366.316447324267
4258,457501.90051357663,366760.86564576445,90741.03486781218,457501.90051357663,8366.316447324267
4259,457502.661454506,360686.7201856293,96815.94126887669,457502.661454506,8366.316447324267
4260,457503.42239543545,357938.6774866565,99564.74490877893,457503.42239543545,8366.316447324267
4261,457504.1833363649,381157.9698234142,76346.21351295071,457504.1833363649,8366.316447324267
4262,457504.9442772942,331471.86588981125,126033.07838748296,457504.9442772942,8366.316447324267
4263,457505.7052182236,353781.1382340636,103724.56698416005,457505.7052182236,8366.316447324267
4264,457506.4661591531,409683.85776715644,47822.60839199664,457506.4661591531,8366.316447324267
4265,457507.22710008244,426717.047333195,30790.179766887435,457507.22710008244,8366.316447324267
4266,457507.9880410118,361728.5090097734,95779.4790312384,457507.9880410118,8366.316447324267
4267,457508.74898194126,436091.3379663585,21417.411015582744,457508.74898194126,8366.316447324267
4268,457509.50992287067,327260.79756005085,130248.71236281985,457509.50992287067,8366.316447324267
4269,457510.2708638001,78279.22641411953,379231.04444968054,457510.2708638001,8366.316447324267
4270,457511.03180472954,40979.72955753369,416531.30224719585,457511.03180472954,8366.316447324267
4271,457511.7927456588,40152.12971293554,417359.66303272324,457511.7927456588,8366.316447324267
4272,457512.5536865883,47632.47209208988,409880.0815944984,457512.5536865883,8366.316447324267
4273,457513.3146275177,51845.84895568015,405667.46567183756,457513.3146275177,8366.316447324267
4274,457514.0755684471,160333.96958713932,297180.1059813078,457514.0755684471,8366.316447324267
4275,457514.8365093765,47531.18016466813,409983.65634470835,457514.8365093765,8366.316447324267
4276,457515.5974503058,56941.07369722024,400574.5237530856,457515.5974503058,8366.316447324267
4277,457516.3583912353,44398.34733864333,413118.01105259196,457516.3583912353,8366.316447324267
4278,457517.1193321647,90711.07621210162,366806.0431200631,457517.1193321647,8366.316447324267
4279,457517.88027309405,266840.7113802014,190677.16889289266,457517.88027309405,8366.316447324267
4280,457518.64121402346,230315.5746926047,227203.06652141875,457518.64121402346,8366.316447324267
4281,457519.40215495287,284093.88817732874,173425.51397762413,457519.40215495287,8366.316447324267
4282,457520.16309588234,275148.93773776706,182371.22535811528,457520.16309588234,8366.316447324267
4283,457520.92403681175,288451.5780710223,169069.34596578946,457520.92403681175,8366.316447324267
4284,457521.68497774104,292672.6577431556,164849.02723458543,457521.68497774104,8366.316447324267
4285,457522.44591867056,320620.24975339434,136902.19616527623,457522.44591867056,8366.316447324267
4286,457523.20685959986,299333.7065590497,158189.50030055013,457523.20685959986,8366.316447324267
4287,457523.96780052927,326501.7602725627,131022.20752796659,457523.96780052927,8366.316447324267
4288,457524.72874145873,381020.25138512556,76504.47735633318,457524.72874145873,8366.316447324267
4289,457525.489682388,366530.99561491335,90994.49406747466,457525.489682388,8366.316447324267
4290,457526.25062331755,283840.836058854,173685.4145644635,457526.25062331755,8366.316447324267
4291,457527.0115642469,93659.52415780199,363867.4874064449,457527.0115642469,8366.316447324267
4292,457527.77250517625,50865.018291166925,406662.7542140093,457527.77250517625,8366.316447324267
4293,457528.5334461057,41864.370253719855,415664.16319238587,457528.5334461057,8366.316447324267
4294,457529.2943870351,62524.985946687055,395004.308440348,457529.2943870351,8366.316447324267
4295,457530.05532796454,118771.4387890746,338758.61653888994,457530.05532796454,8366.316447324267
4296,457530.8162688939,274799.2541857441,182731.56208314982,457530.8162688939,8366.316447324267
4297,457531.57720982336,283362.1469075031,174169.43030232028,457531.57720982336,8366.316447324267
4298,457532.33815075277,55277.536593876604,402254.80155687616,457532.33815075277,8366.316447324267
4299,457533.0990916821,51874.097733227885,405659.00135845423,457533.0990916821,8366.316447324267
4300,457533.86003261147,189593.32527224062,267940.53476037085,457533.86003261147,8366.316447324267
4301,457534.62097354094,262144.12223166204,195390.4987418789,457534.62097354094,8366.316447324267
4302,457535.3819144703,296098.71732734353,161436.66458712675,457535.3819144703,8366.316447324267
4303,457536.1428553998,293882.8243460636,163653.3185093362,457536.1428553998,8366.316447324267
4304,457536.9037963291,206929.13004743864,250607.77374889047,457536.9037963291,8366.316447324267
4305,457537.6647372585,233722.71354538525,223814.95119187326,457537.6647372585,8366.316447324267
4306,457538.42567818786,111331.33406633214,346207.0916118557,457538.42567818786,8366.316447324267
4307,457539.1866191173,257124.88329793751,200414.30332117976,457539.1866191173,8366.316447324267
4308,457539.9475600468,273107.61790273926,184432.32965730753,457539.9475600468,8366.316447324267
4309,457540.7085009762,301287.0097014518,156253.6987995244,457540.7085009762,8366.316447324267
4310,457541.46944190556,306396.1910661622,151145.27837574336,457541.46944190556,8366.316447324267
4311,457542.23038283497,263092.3978441038,194449.83253873116,457542.23038283497,8366.316447324267
4312,483827.80726319965,0.0,483827.80726319965,483827.80726319965,8366.316447324267
4313,457543.7522646937,320749.8272292512,136793.92503544252,457543.7522646937,8366.316447324267
4314,457544.5132056232,376939.40595179336,80605.10725382983,457544.5132056232,8366.316447324267
4315,457545.2741465525,420989.6341223136,36555.64002423892,457545.2741465525,8366.316447324267
4316,457546.03508748196,374559.96757822356,82986.06750925837,457546.03508748196,8366.316447324267
4317,457546.79602841137,281568.38051857933,175978.41550983203,457546.79602841137,8366.316447324267
4318,457547.55696934066,355617.3438747921,101930.21309454858,457547.55696934066,8366.316447324267
4319,457548.3179102701,304812.6837457544,152735.6341645157,457548.3179102701,8366.316447324267
4320,457549.0788511996,277019.5389586381,180529.53989256147,457549.0788511996,8366.316447324267
4321,457549.8397921289,342581.12394285435,114968.71584927457,457549.8397921289,8366.316447324267
4322,457550.6007330584,344528.62478591537,113021.97594714307,457550.6007330584,8366.316447324267
4323,457551.3616739878,309906.7614501013,147644.60022388658,457551.3616739878,8366.316447324267
4324,457552.12261491717,231197.7790851158,226354.34352980138,457552.12261491717,8366.316447324267
4325,457552.8835558466,252219.42920404047,205333.4543518061,457552.8835558466,8366.316447324267
4326,457553.64449677593,213441.9144175311,244111.73007924482,457553.64449677593,8366.316447324267
4327,457554.4054377054,345083.7348792553,112470.6705584501,457554.4054377054,8366.316447324267
4328,457555.1663786348,398128.0936828461,59427.07269578868,457555.1663786348,8366.316447324267
4329,457555.9273195643,342094.5766665159,115461.35065304834,457555.9273195643,8366.316447324267
4330,457556.68826049357,342232.96432397095,115323.72393652258,457556.68826049357,8366.316447324267
4331,457557.44920142286,342174.6787196222,115382.77048180069,457557.44920142286,8366.316447324267
4332,457558.21014235244,316743.2546213759,140814.95552097657,457558.21014235244,8366.316447324267
4333,457558.9710832817,340159.06430058175,117399.90678269992,457558.9710832817,8366.316447324267
4334,457559.7320242112,352575.6361081866,104984.09591602458,457559.7320242112,8366.316447324267
4335,457560.4929651406,319496.34239260404,138064.15057253657,457560.4929651406,8366.316447324267
4336,457561.25390606996,371961.16773050383,85600.08617556615,457561.25390606996,8366.316447324267
4337,457562.01484699943,376756.33111571777,80805.68373128164,457562.01484699943,8366.316447324267
4338,457562.7757879288,373125.8220803408,84436.95370758795,457562.7757879288,8366.316447324267
4339,457563.53672885813,324456.5493710579,133106.98735780024,457563.53672885813,8366.316447324267
4340,457564.29766978766,390875.5694939869,66688.72817580077,457564.29766978766,8366.316447324267
4341,457565.058610717,44783.78190950712,412781.2767012099,457565.058610717,8366.316447324267
4342,457565.8195516464,47061.71521394694,410504.1043376995,457565.8195516464,8366.316447324267
4343,457566.58049257577,56679.7322721387,400886.84822043707,457566.58049257577,8366.316447324267
4344,457567.3414335052,89214.76706105733,368352.57437244785,457567.3414335052,8366.316447324267
4345,457568.10237443465,152709.65883082867,304858.443543606,457568.10237443465,8366.316447324267
4346,457568.86331536394,331958.1468677388,125610.71644762512,457568.86331536394,8366.316447324267
4347,457569.62425629335,395482.24127352686,62087.382982766474,457569.62425629335,8366.316447324267
4348,457570.3851972228,394890.5987425817,62679.78645464114,457570.3851972228,8366.316447324267
4349,457571.1461381522,377014.1922245867,80556.95391356554,457571.1461381522,8366.316447324267
4350,457571.90707908175,324710.53681691014,132861.37026217158,457571.90707908175,8366.316447324267
4351,457572.668020011,349879.71843657293,107692.94958343807,457572.668020011,8366.316447324267
4352,457573.4289609404,371045.47954989277,86527.94941104762,457573.4289609404,8366.316447324267
4353,457574.18990186986,370686.8611438986,86887.32875797122,457574.18990186986,8366.316447324267
4354,457574.95084279927,341897.230858222,115677.71998457724,457574.95084279927,8366.316447324267
4355,457575.7117837287,333613.73821254726,123961.97357118138,457575.7117837287,8366.316447324267
4356,457576.47272465803,317333.60402869026,140242.86869596777,457576.47272465803,8366.316447324267
4357,457577.2336655874,348222.34704123344,109354.88662435391,457577.2336655874,8366.316447324267
4358,457577.9946065169,352741.22187890834,104836.77272760854,457577.9946065169,8366.316447324267
4359,457578.7555474463,356642.09354620613,100936.66200124015,457578.7555474463,8366.316447324267
4360,457579.51648837555,354564.3038011255,103015.21268725005,457579.51648837555,8366.316447324267
4361,457580.277429305,343403.13366462477,114177.14376468028,457580.277429305,8366.316447324267
4362,457581.0383702344,344536.75079774566,113044.28757248874,457581.0383702344,8366.316447324267
4363,457581.7993111639,335236.118657112,122345.68065405189,457581.7993111639,8366.316447324267
4364,457582.56025209324,325802.74476371205,131779.81548838122,457582.56025209324,8366.316447324267
4365,457583.32119302265,354594.15407634055,102989.16711668212,457583.32119302265,8366.316447324267
4366,457584.08213395206,250772.8442491676,206811.23788478447,457584.08213395206,8366.316447324267
4367,457584.8430748815,457215.9994522717,368.84362260981436,457584.8430748815,8366.316447324267
4368,457585.6040158109,457585.6040158109,0.0,457585.6040158109,8366.316447324267
4369,457586.36495674023,433517.5246514167,24068.84030532352,457586.36495674023,8366.316447324267
4370,457587.12589766964,457587.12589766964,0.0,457587.12589766964,8366.316447324267
4371,457587.8868385991,379445.3075553927,78142.57928320645,457587.8868385991,8366.316447324267
4372,457588.64777952846,344743.0466165359,112845.60116299253,457588.64777952846,8366.316447324267
4373,457589.40872045775,298757.3768496432,158832.03187081456,457589.40872045775,8366.316447324267
4374,457590.1696613873,306390.2508810245,151199.91878036276,457590.1696613873,8366.316447324267
4375,457590.9306023166,330262.88398855063,127328.04661376603,457590.9306023166,8366.316447324267
4376,457591.69154324615,354041.77546694275,103549.91607630339,457591.69154324615,8366.316447324267
4377,457592.4524841755,383707.146363755,73885.30612042053,457592.4524841755,8366.316447324267
4378,457593.2134251048,382067.0095918464,75526.2038332584,457593.2134251048,8366.316447324267
4379,457593.9743660343,408057.1644801661,49536.80988586821,457593.9743660343,8366.316447324267
4380,457594.73530696373,6106.373520039371,451488.36178692436,457594.73530696373,8366.316447324267
4381,457595.4962478931,354538.82096406724,103056.67528382587,457595.4962478931,8366.316447324267
4382,457596.2571888225,427853.1618010654,29743.095387757097,457596.2571888225,8366.316447324267
4383,457597.01812975184,240077.9490631772,217519.06906657465,457597.01812975184,8366.316447324267
4384,457597.7790706813,403553.1516334501,54044.62743723119,457597.7790706813,8366.316447324267
4385,457598.5400116107,437786.5400113778,19812.000000232933,457598.5400116107,8366.316447324267
4386,457599.30095254007,453528.63953210064,4070.6614204394527,457599.30095254007,8366.316447324267
4387,457600.0618934695,457600.0618934695,0.0,457600.0618934695,8366.316447324267
4388,457600.82283439883,439380.59559231246,18220.227242086363,457600.82283439883,8366.316447324267
4389,457601.58377532836,446243.83161946357,11357.75215586479,457601.58377532836,8366.316447324267
4390,457602.34471625776,418944.0988956938,38658.24582056401,457602.34471625776,8366.316447324267
4391,457603.10565718706,423527.6972532145,34075.408403972586,457603.10565718706,8366.316447324267
4392,457603.8665981166,419300.1175830533,38303.74901506328,457603.8665981166,8366.316447324267
4393,457604.6275390459,419655.3753294833,37949.25220956256,457604.6275390459,8366.316447324267
4394,457605.38847997534,397133.12610862,60472.26237135531,457605.38847997534,8366.316447324267
4395,457606.14942090475,400286.10669735563,57320.04272354913,457606.14942090475,8366.316447324267
4396,457606.91036183405,409019.6796782815,48587.23068355256,457606.91036183405,8366.316447324267
4397,457607.67130276357,379158.5672351689,78449.10406759467,457607.67130276357,8366.316447324267
4398,457608.4322436929,384823.31183860154,72785.12040509138,457608.4322436929,8366.316447324267
4399,457609.1931846223,424837.96309951687,32771.23008510542,457609.1931846223,8366.316447324267
4400,457609.9541255517,419825.03935759893,37784.91476795276,457609.9541255517,8366.316447324267
4401,457610.71506648115,345354.7424346823,112255.9726317988,457610.71506648115,8366.316447324267
4402,457611.47600741056,349909.3474961085,107702.12851130209,457611.47600741056,8366.316447324267
4403,457612.23694833997,351426.94167321606,106185.29527512388,457612.23694833997,8366.316447324267
4404,457612.99788926926,380520.55522701447,77092.44266225482,457612.99788926926,8366.316447324267
4405,457613.7588301987,366416.12068434566,91197.63814585307,457613.7588301987,8366.316447324267
4406,457614.5197711281,280075.53187354177,177538.98789758634,457614.5197711281,8366.316447324267
4407,457615.28071205755,207369.09286063616,250246.1878514214,457615.28071205755,8366.316447324267
4408,457616.0416529869,352799.1278869258,104816.91376606104,457616.0416529869,8366.316447324267
4409,457616.8025939163,398597.2217238689,59019.58087004741,457616.8025939163,8366.316447324267
4410,457617.5635348458,442021.5246730552,15596.03886179053,457617.5635348458,8366.316447324267
4411,457618.3244757751,457618.3244757751,0.0,457618.3244757751,8366.316447324267
4412,457619.08541670453,261386.62520486853,196232.460211836,457619.08541670453,8366.316447324267
4413,457619.84635763394,316030.744426929,141589.10193070496,457619.84635763394,8366.316447324267
4414,457620.6072985633,304238.5542132018,153382.0530853615,457620.6072985633,8366.316447324267
4415,457621.36823949276,340324.6018580494,117296.76638144339,457621.36823949276,8366.316447324267
4416,457622.12918042217,274828.3667121497,182793.7624682725,457622.12918042217,8366.316447324267
4417,457622.8901213516,154043.59556903783,303579.29455231375,457622.8901213516,8366.316447324267
4418,457623.651062281,343918.78999715275,113704.86106512827,457623.651062281,8366.316447324267
4419,457624.4120032104,354826.29403684,102798.11796637041,457624.4120032104,8366.316447324267
4420,457625.1729441397,268529.1193286588,189096.0536154809,457625.1729441397,8366.316447324267
4421,457625.9338850692,328045.88891265367,129580.04497241555,457625.9338850692,8366.316447324267
4422,457626.69482599857,407938.2652681329,49688.42955786568,457626.69482599857,8366.316447324267
4423,457627.455766928,444236.86233542755,13390.593431500409,457627.455766928,8366.316447324267
4424,457628.2167078574,427005.3330645519,30622.883643305526,457628.2167078574,8366.316447324267
4425,457628.97764878673,420503.05322806677,37125.92442071995,457628.97764878673,8366.316447324267
4426,457629.73858971614,393734.1941457954,63895.54444392073,457629.73858971614,8366.316447324267
4427,457630.49953064555,391282.5021540109,66347.9973766347,457630.49953064555,8366.316447324267
4428,457631.26047157496,372463.3527338208,85167.9077377542,457631.26047157496,8366.316447324267
4429,457632.0214125044,325736.33943972253,131895.68197278184,457632.0214125044,8366.316447324267
4430,457632.7823534338,237082.20685424207,220550.5754991917,457632.7823534338,8366.316447324267
4431,457633.54329436325,377721.9831715416,79911.56012282167,457633.54329436325,8366.316447324267
4432,457634.3042352926,329931.2764192764,127703.02781601626,457634.3042352926,8366.316447324267
4433,457635.065176222,306580.0579921985,151055.00718402347,457635.065176222,8366.316447324267
4434,457635.8261171515,399479.0375393294,58156.78857782208,457635.8261171515,8366.316447324267
4435,457636.5870580807,276601.2431870357,181035.34387104498,457636.5870580807,8366.316447324267
4436,457637.34799901024,332793.9743597858,124843.37363922443,457637.34799901024,8366.316447324267
4437,457638.10893993964,308900.7961712271,148737.31276871252,457638.10893993964,8366.316447324267
4438,457638.86988086894,147855.86886175856,309783.0010191104,457638.86988086894,8366.316447324267
4439,457639.6308217984,306865.9894581114,150773.641363687,457639.6308217984,8366.316447324267
4440,457640.39176272776,388398.1422956064,69242.2494671214,457640.39176272776,8366.316447324267
4441,457641.1527036572,436384.75061075145,21256.402092905755,457641.1527036572,8366.316447324267
4442,457641.91364458663,457641.91364458663,0.0,457641.91364458663,8366.316447324267
4443,457642.67458551604,457642.67458551604,0.0,457642.67458551604,8366.316447324267
4444,457643.43552644545,457643.43552644545,0.0,457643.43552644545,8366.316447324267
4445,457644.1964673748,442346.8785021715,15297.317965203314,457644.1964673748,8366.316447324267
4446,457644.9574083042,221525.6337135785,236119.3236947257,457644.9574083042,8366.316447324267
4447,457645.7183492337,421572.67240153626,36073.04594769744,457645.7183492337,8366.316447324267
4448,457646.479290163,454308.0682490538,3338.4110411092556,457646.479290163,8366.316447324267
4449,457647.2402310925,446572.87572818657,11074.364502905906,457647.2402310925,8366.316447324267
4450,457648.0011720218,446139.0851355349,11508.916036486899,457648.0011720218,8366.316447324267
4451,457648.76211295126,387126.89103738696,70521.87107556427,457648.76211295126,8366.316447324267
4452,457649.5230538807,170671.5215665102,286978.0014873705,457649.5230538807,8366.316447324267
4453,457650.28399480996,275088.49384568655,182561.79014912344,457650.28399480996,8366.316447324267
4454,457651.0449357395,268897.61699768563,188753.42793805382,457651.0449357395,8366.316447324267
4455,457651.80587666883,248641.6918216355,209010.11405503334,457651.80587666883,8366.316447324267
4456,457652.56681759824,303012.2942612508,154640.27255634742,457652.56681759824,8366.316447324267
4457,457653.3277585277,335422.2825978949,122231.0451606328,457653.3277585277,8366.316447324267
4458,457654.08869945706,438446.42388164776,19207.664817809313,457654.08869945706,8366.316447324267
4459,457654.8496403864,457654.8496403864,0.0,457654.8496403864,8366.316447324267
4460,457655.6105813159,406649.6959534884,51005.91462782746,457655.6105813159,8366.316447324267
4461,457656.3715222453,395043.62152239523,62612.74999985006,457656.3715222453,8366.316447324267
4462,457657.1324631747,375013.1462986397,82643.98616453497,457657.1324631747,8366.316447324267
4463,457657.89340410405,437792.7385201651,19865.15488393898,457657.89340410405,8366.316447324267
4464,457658.65434503346,345578.49198647385,112080.16235855962,457658.65434503346,8366.316447324267
4465,457659.41528596287,404851.56167217065,52807.85361379223,457659.41528596287,8366.316447324267
4466,457660.1762268922,373522.46154175943,84137.71468513279,457660.1762268922,8366.316447324267
4467,457660.93716782157,430887.5485339352,26773.388633886323,457660.93716782157,8366.316447324267
4468,457661.69810875104,396995.1935440655,60666.5045646855,457661.69810875104,8366.316447324267
4469,457662.4590496805,357320.32623976504,100342.13280991548,457662.4590496805,8366.316447324267
4470,457663.2199906099,440566.4446459533,17096.77534465659,457663.2199906099,8366.316447324267
4471,457663.9809315392,405257.438696989,52406.54223455026,457663.9809315392,8366.316447324267
4472,457664.7418724686,400464.29277296574,57200.449099502854,457664.7418724686,8366.316447324267
4473,457665.50281339814,335163.08955004066,122502.41326335745,457665.50281339814,8366.316447324267
4474,457666.26375432743,383788.79712822055,73877.4666261069,457666.26375432743,8366.316447324267
4475,457667.02469525684,399467.93265495554,58199.09204030133,457667.02469525684,8366.316447324267
4476,457667.7856361863,357053.7437931651,100614.04184302123,457667.7856361863,8366.316447324267
4477,457668.5465771156,295686.6092502075,161981.9373269081,457668.5465771156,8366.316447324267
4478,457669.3075180451,170927.3378904031,286741.969627642,457669.3075180451,8366.316447324267
4479,457670.0684589745,190898.13988840173,266771.92857057275,457670.0684589745,8366.316447324267
4480,457670.82939990377,256117.0911879398,201553.73821196397,457670.82939990377,8366.316447324267
4481,457671.5903408333,189670.7104040988,268000.8799367345,457671.5903408333,8366.316447324267
4482,457672.35128176265,345405.0874197404,112267.26386202227,457672.35128176265,8366.316447324267
4483,457673.1122226921,410730.9888417604,46942.123380931735,457673.1122226921,8366.316447324267
4484,457673.8731636215,401539.67822283716,56134.19494078437,457673.8731636215,8366.316447324267
4485,457674.6341045508,399057.3026307948,58617.331473755985,457674.6341045508,8366.316447324267
4486,457675.39504548034,457675.39504548034,0.0,457675.39504548034,8366.316447324267
4487,457676.1559864097,457676.1559864097,0.0,457676.1559864097,8366.316447324267
4488,457676.9169273391,432550.071888536,25126.845038803098,457676.9169273391,8366.316447324267
4489,457677.6778682685,221072.64422179028,236605.03364647823,457677.6778682685,8366.316447324267
4490,457678.43880919786,405964.8793615717,51713.55944762619,457678.43880919786,8366.316447324267
4491,457679.1997501273,428530.9493742158,29148.250375911517,457679.1997501273,8366.316447324267
4492,457679.9606910567,457679.9606910567,0.0,457679.9606910567,8366.316447324267
4493,457680.72163198603,456536.978480159,1143.743151827025,457680.72163198603,8366.316447324267
4494,457681.4825729155,373359.10119142995,84322.38138148557,457681.4825729155,8366.316447324267
4495,457682.2435138449,424944.2134633894,32738.03005045551,457682.2435138449,8366.316447324267
4496,457683.0044547744,415763.7663075373,41919.238147237025,457683.0044547744,8366.316447324267
4497,457683.76539570367,403860.16773255524,53823.59766314841,457683.76539570367,8366.316447324267
4498,457684.5263366331,439824.97973463644,17859.54660199662,457684.5263366331,8366.316447324267
4499,457685.28727756254,300189.76404142845,157495.52323613412,457685.28727756254,8366.316447324267
4500,457686.0482184919,225657.55400493473,232028.49421355716,457686.0482184919,8366.316447324267
4501,457686.80915942136,183469.91398348665,274216.8951759347,457686.80915942136,8366.316447324267
4502,457687.5701003508,432609.10944619135,25078.460654159397,457687.5701003508,8366.316447324267
4503,457688.33104128006,154367.0767019923,303321.25433928776,457688.33104128006,8366.316447324267
4504,457689.0919822096,112618.38081468985,345070.71116751974,457689.0919822096,8366.316447324267
4505,457689.85292313894,365373.2307447953,92316.62217834363,457689.85292313894,8366.316447324267
4506,457690.6138640683,456181.2921137502,1509.321750318121,457690.6138640683,8366.316447324267
4507,457691.3748049977,435654.5492960785,22036.825508919206,457691.3748049977,8366.316447324267
4508,457692.1357459271,457692.1357459271,0.0,457692.1357459271,8366.316447324267
4509,457692.8966868566,457692.8966868566,0.0,457692.8966868566,8366.316447324267
4510,457693.657627786,457693.657627786,0.0,457693.657627786,8366.316447324267
4511,457694.41856871534,457694.41856871534,0.0,457694.41856871534,8366.316447324267
4512,457695.17950964475,457695.17950964475,0.0,457695.17950964475,8366.316447324267
4513,457695.94045057415,457695.94045057415,0.0,457695.94045057415,8366.316447324267
4514,457696.7013915036,457696.7013915036,0.0,457696.7013915036,8366.316447324267
4515,457697.4623324329,457697.4623324329,0.0,457697.4623324329,8366.316447324267
4516,457698.2232733623,457698.2232733623,0.0,457698.2232733623,8366.316447324267
4517,457698.9842142918,457386.16059392045,312.8236203713748,457698.9842142918,8366.316447324267
4518,457699.74515522114,445590.3646165101,12109.38053871106,457699.74515522114,8366.316447324267
4519,457700.5060961506,403144.2431725956,54556.262923554954,457700.5060961506,8366.316447324267
4520,457701.26703707996,404344.1918789594,53357.07515812052,457701.26703707996,8366.316447324267
4521,457702.0279780093,394150.8750585114,63551.15291949791,457702.0279780093,8366.316447324267
4522,457702.7889189388,387127.6494197505,70575.1394991883,457702.7889189388,8366.316447324267
4523,457703.54985986825,407769.34287651186,49934.20698335639,457703.54985986825,8366.316447324267
4524,457704.3108007975,345284.57526246295,112419.73553833453,457704.3108007975,8366.316447324267
4525,457705.071741727,433859.1889636772,23845.882778049774,457705.071741727,8366.316447324267
4526,457705.8326826564,376204.8040371655,81501.02864549094,457705.8326826564,8366.316447324267
4527,457706.5936235858,376650.48095325293,81056.11267033288,457706.5936235858,8366.316447324267
4528,457707.3545645152,372095.43200335995,85611.92256115524,457707.3545645152,8366.316447324267
4529,457708.1155054445,398948.51942243683,58759.59608300769,457708.1155054445,8366.316447324267
4530,457708.876446374,381371.4209731902,76337.45547318379,457708.876446374,8366.316447324267
4531,457709.6373873034,385338.68331456545,72370.95407273792,457709.6373873034,8366.316447324267
4532,457710.39832823275,341745.1710883945,115965.22723983829,457710.39832823275,8366.316447324267
4533,457711.15926916216,420768.5507332831,36942.60853587904,457711.15926916216,8366.316447324267
4534,457711.9202100915,433388.19164416665,24323.72856592485,457711.9202100915,8366.316447324267
4535,457712.68115102104,439955.43279345817,17757.248357562865,457712.68115102104,8366.316447324267
4536,457713.44209195045,432621.2437660009,25092.198325949572,457713.44209195045,8366.316447324267
4537,457714.2030328798,432622.00470693025,25092.198325949572,457714.2030328798,8366.316447324267
4538,457714.96397380927,457714.96397380927,0.0,457714.96397380927,8366.316447324267
4539,457715.72491473856,457715.72491473856,0.0,457715.72491473856,8366.316447324267
4540,457716.48585566797,457716.48585566797,0.0,457716.48585566797,8366.316447324267
4541,457717.2467965975,454962.6539865512,2754.592810046292,457717.2467965975,8366.316447324267
4542,457718.0077375267,434075.7479067721,23642.25983075462,457718.0077375267,8366.316447324267
4543,457718.76867845625,423590.553723592,34128.21495486421,457718.76867845625,8366.316447324267
4544,457719.5296193856,378570.80847263034,79148.7211467553,457719.5296193856,8366.316447324267
4545,457720.29056031496,375300.9146655324,82419.37589478254,457720.29056031496,8366.316447324267
4546,457721.0515012444,373461.2370450295,84259.81445621487,457721.0515012444,8366.316447324267
4547,457721.8124421738,387659.17263160297,70062.63981057082,457721.8124421738,8366.316447324267
4548,457722.57338310324,416341.9331375651,41380.64024553817,457722.57338310324,8366.316447324267
4549,457723.33432403265,339172.6773361827,118550.65698784994,457723.33432403265,8366.316447324267
4550,457724.09526496206,292219.4198256469,165504.67543931518,457724.09526496206,8366.316447324267
4551,457724.85620589147,276815.92728574027,180908.9289201512,457724.85620589147,8366.316447324267
4552,457725.6171468208,248297.74880453135,209427.86834228947,457725.6171468208,8366.316447324267
4553,457726.3780877502,269820.2298301355,187906.14825761475,457726.3780877502,8366.316447324267
4554,457727.13902867964,330923.5232184371,126803.61581024255,457727.13902867964,8366.316447324267
4555,457727.899969609,296197.4383694008,161530.4616002082,457727.899969609,8366.316447324267
4556,457728.6609105385,222892.75607443013,234835.90483610838,457728.6609105385,8366.316447324267
4557,457729.4218514678,152493.63146122446,305235.79039024335,457729.4218514678,8366.316447324267
4558,457730.1827923972,264697.84353295295,193032.33925944424,457730.1827923972,8366.316447324267
4559,457730.9437333266,208972.60063969702,248758.3430936296,457730.9437333266,8366.316447324267
4560,457731.704674256,159556.6599575727,298175.0447166833,457731.704674256,8366.316447324267
4561,457732.4656151855,246733.87095382743,210998.59466135807,457732.4656151855,8366.316447324267
4562,457733.22655611485,265507.37748080556,192225.8490753093,457733.22655611485,8366.316447324267
4563,457733.98749704426,236772.63014805914,220961.35734898513,457733.98749704426,8366.316447324267
4564,457734.74843797367,346743.43013361585,110991.31830435779,457734.74843797367,8366.316447324267
4565,457735.5093789031,283322.26828147954,174413.24109742354,457735.5093789031,8366.316447324267
4566,457736.27031983243,331322.9176161772,126413.35270365524,457736.27031983243,8366.316447324267
4567,457737.0312607619,357764.5602426991,99972.47101806279,457737.0312607619,8366.316447324267
4568,457737.7922016913,333848.7618674737,123889.03033421756,457737.7922016913,8366.316447324267
4569,457738.5531426206,353581.34027523745,104157.21286738318,457738.5531426206,8366.316447324267
4570,457739.31408355007,379514.6294182736,78224.6846652765,457739.31408355007,8366.316447324267
4571,457740.0750244794,387624.2928814859,70115.78214299356,457740.0750244794,8366.316447324267
4572,457740.8359654088,238438.9926896434,219301.84327576542,457740.8359654088,8366.316447324267
4573,457741.59690633824,211563.45927432305,246178.1376320152,457741.59690633824,8366.316447324267
4574,457742.3578472677,333613.21727066016,124129.14057660755,457742.3578472677,8366.316447324267
4575,457743.11878819705,341975.9985439632,115767.1202442339,457743.11878819705,8366.316447324267
4576,457743.87972912646,353105.6016620365,104638.27806708997,457743.87972912646,8366.316447324267
4577,457744.64067005593,450444.362035753,7300.278634302955,457744.64067005593,8366.316447324267
4578,457745.4016109853,369286.8625304117,88458.53908057361,457745.4016109853,8366.316447324267
4579,457746.16255191463,457746.16255191463,0.0,457746.16255191463,8366.316447324267
4580,457746.92349284416,457746.92349284416,0.0,457746.92349284416,8366.316447324267
4581,457747.6844337735,457747.6844337735,0.0,457747.6844337735,8366.316447324267
4582,457748.4453747029,438261.9750629799,19486.47031172299,457748.4453747029,8366.316447324267
4583,457749.2063156323,457749.2063156323,0.0,457749.2063156323,8366.316447324267
4584,457749.9672565616,457749.9672565616,0.0,457749.9672565616,8366.316447324267
4585,457750.72819749115,457750.72819749115,0.0,457750.72819749115,8366.316447324267
4586,457751.4891384205,457751.4891384205,0.0,457751.4891384205,8366.316447324267
4587,457752.2500793498,406189.1159636387,51563.13411571109,457752.2500793498,8366.316447324267
4588,457753.0110202793,352027.4813375809,105725.52968269841,457753.0110202793,8366.316447324267
4589,457753.77196120867,454106.6363326513,3647.1356285573765,457753.77196120867,8366.316447324267
4590,457754.5329021381,378163.26438976044,79591.26851237766,457754.5329021381,8366.316447324267
4591,457755.29384306754,76921.44181985455,380833.852023213,457755.29384306754,8366.316447324267
4592,457756.0547839969,62903.23589784448,394852.8188861524,457756.0547839969,8366.316447324267
4593,457756.8157249264,349219.99282296014,108536.82290196625,457756.8157249264,8366.316447324267
4594,457757.5766658557,361373.55094893265,96384.02571692309,457757.5766658557,8366.316447324267
4595,457758.3376067852,440142.95643861283,17615.38116817236,457758.3376067852,8366.316447324267
4596,457759.0985477145,442219.05407705496,15540.044470659519,457759.0985477145,8366.316447324267
4597,457759.8594886439,416403.9332812644,41355.92620737951,457759.8594886439,8366.316447324267
4598,457760.6204295734,430631.7595975352,27128.860832038197,457760.6204295734,8366.316447324267
4599,457761.3813705027,381002.5581125915,76758.82325791118,457761.3813705027,8366.316447324267
4600,457762.14231143205,383903.3977947829,73858.7445166492,457762.14231143205,8366.316447324267
4601,457762.9032523615,431263.8877161286,26499.01553623291,457762.9032523615,8366.316447324267
4602,457763.66419329087,302193.12777280493,155570.53642048594,457763.66419329087,8366.316447324267
4603,457764.4251342204,417444.4668835193,40319.95825070105,457764.4251342204,8366.316447324267
4604,457765.18607514974,438041.3113030572,19723.87477209255,457765.18607514974,8366.316447324267
4605,457765.9470160791,457765.9470160791,0.0,457765.9470160791,8366.316447324267
4606,457766.70795700856,398737.74743546534,59028.96052154322,457766.70795700856,8366.316447324267
4607,457767.468897938,283891.58587990317,173875.8830180348,457767.468897938,8366.316447324267
4608,457768.2298388674,410597.49686026,47170.73297860736,457768.2298388674,8366.316447324267
4609,457768.99077979673,457768.99077979673,0.0,457768.99077979673,8366.316447324267
4610,457769.75172072614,405168.422167772,52601.329552954136,457769.75172072614,8366.316447324267
4611,457770.51266165555,457770.51266165555,0.0,457770.51266165555,8366.316447324267
4612,457771.27360258496,457771.27360258496,0.0,457771.27360258496,8366.316447324267
4613,457772.0345435143,453332.4144615798,4439.620081934513,457772.0345435143,8366.316447324267
4614,457772.79548444366,423686.50114187505,34086.29434256864,457772.79548444366,8366.316447324267
4615,457773.5564253731,381818.28137685405,75955.27504851908,457773.5564253731,8366.316447324267
4616,457774.3173663026,340195.61553912883,117578.70182717376,457774.3173663026,8366.316447324267
4617,457775.07830723195,356493.8702233608,101281.20808387117,457775.07830723195,8366.316447324267
4618,457775.83924816136,353585.9147085374,104189.92453962394,457775.83924816136,8366.316447324267
4619,457776.6001890908,351134.45237011614,106642.1478189747,457776.6001890908,8366.316447324267
4620,457777.3611300202,379310.02756308566,78467.3335669345,457777.3611300202,8366.316447324267
4621,457778.1220709495,375307.9473421114,82470.17472883817,457778.1220709495,8366.316447324267
4622,457778.883011879,240756.87330131864,217022.00971056035,457778.883011879,8366.316447324267
4623,457779.64395280834,425750.18795494764,32029.45599786068,457779.64395280834,8366.316447324267
4624,457780.4048937378,425865.7105965551,31914.694297182738,457780.4048937378,8366.316447324267
4625,457781.1658346672,401310.663897272,56470.5019373952,457781.1658346672,8366.316447324267
4626,457781.9267755965,449592.534062717,8189.3927128794985,457781.9267755965,8366.316447324267
4627,457782.687716526,457782.687716526,0.0,457782.687716526,8366.316447324267
4628,457783.4486574554,457783.4486574554,0.0,457783.4486574554,8366.316447324267
4629,457784.2095983848,457784.2095983848,0.0,457784.2095983848,8366.316447324267
4630,457784.9705393142,457784.9705393142,0.0,457784.9705393142,8366.316447324267
4631,457785.73148024356,457785.73148024356,0.0,457785.73148024356,8366.316447324267
4632,457786.492421173,457786.492421173,0.0,457786.492421173,8366.316447324267
4633,457787.25336210243,422085.6114799101,35701.64188219236,457787.25336210243,8366.316447324267
4634,457788.01430303184,410537.4372524483,47250.577050583575,457788.01430303184,8366.316447324267
4635,457788.7752439612,411828.1286225273,45960.64662143389,457788.7752439612,8366.316447324267
4636,457789.53618489054,426333.72578138416,31455.810403506373,457789.53618489054,8366.316447324267
4637,457790.29712582007,432252.22261595045,25538.07450986964,457790.29712582007,8366.316447324267
4638,457791.0580667494,390589.49737314635,67201.56069360307,457791.0580667494,8366.316447324267
4639,457791.8190076788,372703.5488902767,85088.27011740209,457791.8190076788,8366.316447324267
4640,457792.57994860824,376970.4835290253,80822.09641958296,457792.57994860824,8366.316447324267
4641,457793.34088953753,360852.49148378195,96940.84940575557,457793.34088953753,8366.316447324267
4642,457794.10183046706,364030.2473976297,93763.85443283734,457794.10183046706,8366.316447324267
4643,457794.8627713965,343081.9554001364,114712.90737126008,457794.8627713965,8366.316447324267
4644,457795.62371232576,407505.62921243487,50289.994499890905,457795.62371232576,8366.316447324267
4645,457796.3846532553,346126.898852234,111669.48580102128,457796.3846532553,8366.316447324267
4646,457797.1455941846,427638.05195852224,30159.09363566236,457797.1455941846,8366.316447324267
4647,457797.9065351141,425701.9192146197,32095.987320494452,457797.9065351141,8366.316447324267
4648,457798.66747604345,331356.30369233445,126442.363783709,457798.66747604345,8366.316447324267
4649,457799.42841697275,403042.8866682539,54756.541748718795,457799.42841697275,8366.316447324267
4650,457800.1893579023,354036.03775571554,103764.15160218671,457800.1893579023,8366.316447324267
4651,457800.95029883157,271941.43437256187,185859.51592626973,457800.95029883157,8366.316447324267
4652,457801.711239761,218366.8601722679,239434.8510674931,457801.711239761,8366.316447324267
4653,457802.47218069044,104936.73650139017,352865.73567930027,457802.47218069044,8366.316447324267
4654,457803.2331216198,296834.0465647149,160969.18655690487,457803.2331216198,8366.316447324267
4655,457803.9940625493,340074.90589457785,117729.08816797145,457803.9940625493,8366.316447324267
4656,457804.7550034786,174383.6229151326,283421.132088346,457804.7550034786,8366.316447324267
4657,457805.5159444081,254923.53540278427,202881.9805416238,457805.5159444081,8366.316447324267
4658,457806.2768853375,192418.60665311886,265387.67023221863,457806.2768853375,8366.316447324267
4659,457807.03782626684,227431.69967041264,230375.3381558542,457807.03782626684,8366.316447324267
4660,457807.79876719625,390556.25446512614,67251.54430207009,457807.79876719625,8366.316447324267
4661,457808.5597081256,321163.22083380935,136645.33887431625,457808.5597081256,8366.316447324267
4662,457809.32064905507,283839.8202162455,173969.50043280955,457809.32064905507,8366.316447324267
4663,457810.08158998453,355048.50908299553,102761.572506989,457810.08158998453,8366.316447324267
4664,457810.8425309138,390601.45469268947,67209.38783822436,457810.8425309138,8366.316447324267
4665,457811.6034718432,389287.62582631514,68523.97764552807,457811.6034718432,8366.316447324267
4666,457812.3644127727,340012.37775109103,117799.98666168164,457812.3644127727,8366.316447324267
4667,457813.125353702,359872.4612515719,97940.66410213013,457813.125353702,8366.316447324267
4668,457813.8862946314,316353.1262198223,141460.7600748091,457813.8862946314,8366.316447324267
4669,457814.6472355609,237385.9503887852,220428.69684677568,457814.6472355609,8366.316447324267
4670,457815.4081764903,199344.5330530912,258470.87512339908,457815.4081764903,8366.316447324267
4671,457816.16911741963,268129.1871797227,189686.98193769695,457816.16911741963,8366.316447324267
4672,457816.93005834916,324528.8547433129,133288.0753150362,457816.93005834916,8366.316447324267
4673,457817.6909992784,383609.34237727534,74208.34862200305,457817.6909992784,8366.316447324267
4674,457818.4519402079,419946.6434159459,37871.80852426202,457818.4519402079,8366.316447324267
4675,457819.21288113727,397551.1124366928,60268.10044444443,457819.21288113727,8366.316447324267
4676,457819.9738220667,375901.1448598951,81918.82896217155,457819.9738220667,8366.316447324267
4677,457820.7347629961,289862.03534667974,167958.69941631638,457820.7347629961,8366.316447324267
4678,457821.49570392544,388529.0923040098,69292.40339991562,457821.49570392544,8366.316447324267
4679,457822.25664485485,331781.8406899517,126040.4159549031,457822.25664485485,8366.316447324267
4680,457823.01758578426,364829.17546106176,92993.8421247225,457823.01758578426,8366.316447324267
4681,457823.7785267137,320959.4192043366,136864.3593223771,457823.7785267137,8366.316447324267
4682,457824.5394676431,295709.89588708297,162114.6435805601,457824.5394676431,8366.316447324267
4683,457825.3004085725,288449.2030075989,169376.0974009736,457825.3004085725,8366.316447324267
4684,457826.06134950195,324848.66303863376,132977.3983108682,457826.06134950195,8366.316447324267
4685,457826.8222904313,156102.61906171287,301724.2032287184,457826.8222904313,8366.316447324267
4686,457827.58323136065,276729.8827468563,181097.70048450434,457827.58323136065,8366.316447324267
4687,457828.3441722902,305366.58686727437,152461.7573050158,457828.3441722902,8366.316447324267
4688,457829.10511321947,368651.968806813,89177.13630640644,457829.10511321947,8366.316447324267
4689,457829.866054149,311656.548279347,146173.31777480195,457829.866054149,8366.316447324267
4690,457830.62699507835,221868.14296118103,235962.48403389732,457830.62699507835,8366.316447324267
4691,457831.38793600764,26990.51545490086,430840.8724811068,457831.38793600764,8366.316447324267
4692,457832.1488769371,94832.12712846883,363000.0217484683,457832.1488769371,8366.316447324267
4693,457832.90981786646,368381.5653610103,89451.34445685614,457832.90981786646,8366.316447324267
4694,457833.6707587959,256358.84493888082,201474.8258199151,457833.6707587959,8366.316447324267
4695,457834.43169972533,221120.1512579136,236714.28044181174,457834.43169972533,8366.316447324267
4696,457835.19264065474,286657.03361709963,171178.15902355514,457835.19264065474,8366.316447324267
4697,457835.95358158415,240422.22613030128,217413.72745128287,457835.95358158415,8366.316447324267
4698,457836.7145225135,394937.8013295903,62898.91319292319,457836.7145225135,8366.316447324267
4699,457837.47546344285,381581.0551561768,76256.42030726609,457837.47546344285,8366.316447324267
4700,457838.2364043724,315060.15235684905,142778.08404752336,457838.2364043724,8366.316447324267
4701,457838.99734530173,145069.80262936023,312769.1947159415,457838.99734530173,8366.316447324267
4702,457839.7582862312,227202.11823700016,230637.64004923103,457839.7582862312,8366.316447324267
4703,457840.5192271605,156457.1227638682,301383.3964632923,457840.5192271605,8366.316447324267
4704,457841.2801680899,75001.96359223867,382839.31657585123,457841.2801680899,8366.316447324267
4705,457842.0411090194,72630.81119878439,385211.22991023504,457842.0411090194,8366.316447324267
4706,457842.80204994866,66664.22131039842,391178.58073955023,457842.80204994866,8366.316447324267
4707,457843.5629908782,48283.546204768645,409560.01678610954,457843.5629908782,8366.316447324267
4708,457844.32393180754,49952.62853835232,407891.6953934552,457844.32393180754,8366.316447324267
4709,457845.08487273694,46280.05480165506,411565.0300710819,457845.08487273694,8366.316447324267
4710,457845.84581366635,123176.50084019522,334669.34497347113,457845.84581366635,8366.316447324267
4711,457846.60675459576,326129.85019755457,131716.7565570412,457846.60675459576,8366.316447324267
4712,457847.36769552506,350509.113127979,107338.2545675461,457847.36769552506,8366.316447324267
4713,457848.1286364546,297070.5412333025,160777.58740315208,457848.1286364546,8366.316447324267
4714,457848.889577384,239935.8396802002,217913.04989718378,457848.889577384,8366.316447324267
4715,457849.6505183134,134402.06973279943,323447.580785514,457849.6505183134,8366.316447324267
4716,457850.4114592427,352936.18831106427,104914.22314817845,457850.4114592427,8366.316447324267
4717,457851.17240017216,149588.94488992007,308262.2275102521,457851.17240017216,8366.316447324267
4718,457851.93334110157,313617.7450624305,144234.18827867106,457851.93334110157,8366.316447324267
4719,457852.6942820309,37075.394885205664,420777.29939682526,457852.6942820309,8366.316447324267
4720,457853.4552229602,280665.95643424673,177187.4987887135,457853.4552229602,8366.316447324267
4721,457854.21616388974,174597.33222765801,283256.8839362317,457854.21616388974,8366.316447324267
4722,457854.97710481915,143389.02590835578,314465.9511964634,457854.97710481915,8366.316447324267
4723,457855.73804574856,57014.47729064571,400841.26075510285,457855.73804574856,8366.316447324267
4724,457856.49898667797,217791.00754239786,240065.4914442801,457856.49898667797,8366.316447324267
4725,457857.2599276073,346790.98809030507,111066.27183730224,457857.2599276073,8366.316447324267
4726,457858.0208685369,303504.92627806007,154353.0945904768,457858.0208685369,8366.316447324267
4727,457858.7818094662,226668.7836740903,231189.9981353759,457858.7818094662,8366.316447324267
4728,457859.5427503956,211630.47242287666,246229.07032751894,457859.5427503956,8366.316447324267
4729,457860.303691325,239763.2488349104,218097.05485641462,457860.303691325,8366.316447324267
4730,457861.0646322543,151845.0294608844,306016.0351713699,457861.0646322543,8366.316447324267
4731,457861.8255731838,190113.2621361164,267748.56343706744,457861.8255731838,8366.316447324267
4732,457862.58651411324,242620.631020841,215241.95549327222,457862.58651411324,8366.316447324267
4733,457863.3474550425,260533.97229158808,197329.3751634544,457863.3474550425,8366.316447324267
4734,457864.108395972,200440.66337884188,257423.4450171301,457864.108395972,8366.316447324267
4735,457864.86933690135,335755.72037523595,122109.14896166539,457864.86933690135,8366.316447324267
4736,457865.6302778308,318638.0006544929,139227.62962333794,457865.6302778308,8366.316447324267
4737,457866.3912187602,305496.01064334303,152370.3805754172,457866.3912187602,8366.316447324267
4738,457867.1521596896,303256.87826382765,154610.27389586196,457867.1521596896,8366.316447324267
4739,457867.91310061904,293621.81301282474,164246.1000877943,457867.91310061904,8366.316447324267
4740,457868.6740415484,369852.1000696684,88016.57397187999,457868.6740415484,8366.316447324267
4741,457869.4349824778,274991.69598563144,182877.7389968464,457869.4349824778,8366.316447324267
4742,457870.1959234072,407346.6526280452,50523.54329536206,457870.1959234072,8366.316447324267
4743,457870.95686433656,431761.23691811285,26109.719946223704,457870.95686433656,8366.316447324267
4744,457871.7178052661,403644.6430189232,54227.0747863429,457871.7178052661,8366.316447324267
4745,457872.4787461954,329631.54927360354,128240.92947259183,457872.4787461954,8366.316447324267
4746,457873.2396871248,451933.8294843946,5939.410202730221,457873.2396871248,8366.316447324267
4747,457874.00062805426,395675.17281380045,62198.827814253826,457874.00062805426,8366.316447324267
4748,457874.76156898355,430011.5716285896,27863.189940393964,457874.76156898355,8366.316447324267
4749,457875.5225099131,457875.5225099131,0.0,457875.5225099131,8366.316447324267
4750,457876.2834508424,35362.530267200375,422513.75318364205,457876.2834508424,8366.316447324267
4751,457877.0443917718,42715.84934318933,415161.19504858245,457877.0443917718,8366.316447324267
4752,457877.8053327013,278076.39547102444,179801.4098616769,457877.8053327013,8366.316447324267
4753,457878.56627363065,457878.56627363065,0.0,457878.56627363065,8366.316447324267
4754,457879.32721456006,421807.3841352155,36071.94307934457,457879.32721456006,8366.316447324267
4755,457880.0881554894,457880.0881554894,0.0,457880.0881554894,8366.316447324267
4756,457880.8490964188,457880.8490964188,0.0,457880.8490964188,8366.316447324267
4757,457881.6100373483,454818.209553566,3063.400483782282,457881.6100373483,8366.316447324267
4758,457882.37097827764,436301.8306957816,21580.540282495997,457882.37097827764,8366.316447324267
4759,457883.13191920705,414627.074885226,43256.05703398108,457883.13191920705,8366.316447324267
4760,457883.8928601364,390911.7820454739,66972.11081466249,457883.8928601364,8366.316447324267
4761,457884.6538010658,404060.3462703431,53824.30753072271,457884.6538010658,8366.316447324267
4762,457885.41474199534,379674.70141448727,78210.71332750806,457885.41474199534,8366.316447324267
4763,457886.1756829247,370928.85927472636,86957.31640819831,457886.1756829247,8366.316447324267
4764,457886.9366238541,371478.861322011,86408.07530184308,457886.9366238541,8366.316447324267
4765,457887.6975647835,327719.33515016746,130168.36241461606,457887.6975647835,8366.316447324267
4766,457888.4585057128,319412.7438136843,138475.7146920285,457888.4585057128,8366.316447324267
4767,457889.2194466424,243539.20730732952,214350.01213931286,457889.2194466424,8366.316447324267
4768,457889.9803875716,395134.73700175376,62755.243385817885,457889.9803875716,8366.316447324267
4769,457890.741328501,450809.2506350945,7081.490693406562,457890.741328501,8366.316447324267
4770,457891.5022694305,97800.28029138164,360091.22197804885,457891.5022694305,8366.316447324267
4771,457892.2632103599,391083.63727067853,66808.62593968138,457892.2632103599,8366.316447324267
4772,457893.02415128925,344605.5326527519,113287.49149853739,457893.02415128925,8366.316447324267
4773,457893.78509221866,457893.78509221866,0.0,457893.78509221866,8366.316447324267
4774,457894.5460331481,457894.5460331481,0.0,457894.5460331481,8366.316447324267
4775,457895.3069740775,457895.3069740775,0.0,457895.3069740775,8366.316447324267
4776,457896.0679150069,457896.0679150069,0.0,457896.0679150069,8366.316447324267
4777,457896.8288559363,457896.8288559363,0.0,457896.8288559363,8366.316447324267
4778,457897.5897968657,457897.5897968657,0.0,457897.5897968657,8366.316447324267
4779,457898.3507377951,431037.49285795295,26860.857879842148,457898.3507377951,8366.316447324267
4780,457899.11167872447,383257.5976268721,74641.51405185234,457899.11167872447,8366.316447324267
4781,457899.8726196538,375133.07667000615,82766.7959496477,457899.8726196538,8366.316447324267
4782,457900.6335605833,328790.88685564004,129109.74670494325,457900.6335605833,8366.316447324267
4783,457901.39450151275,353884.31366335927,104017.08083815349,457901.39450151275,8366.316447324267
4784,457902.1554424421,356141.54127682844,101760.61416561366,457902.1554424421,8366.316447324267
4785,457902.91638337146,382762.61285814893,75140.30352522252,457902.91638337146,8366.316447324267
4786,457903.6773243009,394737.6811143989,63165.99620990205,457903.6773243009,8366.316447324267
4787,457904.4382652302,391027.65378928266,66876.78447594754,457904.4382652302,8366.316447324267
4788,457905.19920615974,14109.164767937851,443796.0344382219,457905.19920615974,8366.316447324267
4789,457905.96014708915,259559.85219138255,198346.1079557066,457905.96014708915,8366.316447324267
4790,457906.7210880185,11610.974806238664,446295.74628177984,457906.7210880185,8366.316447324267
4791,457907.48202894797,278516.0227422458,179391.45928670216,457907.48202894797,8366.316447324267
4792,457908.2429698774,146925.97610567085,310982.2668642065,457908.2429698774,8366.316447324267
4793,457909.0039108066,311461.21589739446,146447.78801341218,457909.0039108066,8366.316447324267
4794,457909.7648517362,342473.75284604495,115436.01200569126,457909.7648517362,8366.316447324267
4795,457910.5257926655,333644.61010948906,124265.91568317643,457910.5257926655,8366.316447324267
4796,457911.28673359496,364320.7428096015,93590.54392399351,457911.28673359496,8366.316447324267
4797,457912.0476745243,329315.21456112387,128596.83311340045,457912.0476745243,8366.316447324267
4798,457912.8086154537,395302.3307827735,62610.477832680226,457912.8086154537,8366.316447324267
4799,457913.5695563831,425878.21200432605,32035.357552057074,457913.5695563831,8366.316447324267
4800,457914.3304973125,401354.48640039936,56559.84409691312,457914.3304973125,8366.316447324267
4801,457915.091438242,457915.091438242,0.0,457915.091438242,8366.316447324267
4802,457915.8523791713,457915.8523791713,0.0,457915.8523791713,8366.316447324267
4803,457916.6133201007,457916.6133201007,0.0,457916.6133201007,8366.316447324267
4804,457917.3742610302,457917.3742610302,0.0,457917.3742610302,8366.316447324267
4805,457918.1352019595,456489.58899355127,1428.5462084082606,457918.1352019595,8366.316447324267
4806,457918.89614288893,430262.3875426624,27656.50860022653,457918.89614288893,8366.316447324267
4807,457919.6570838184,395127.62456149317,62792.03252232524,457919.6570838184,8366.316447324267
4808,457920.41802474763,381923.03856609017,75997.3794586575,457920.41802474763,8366.316447324267
4809,457921.1789656772,375224.98236585804,82696.19659981917,457921.1789656772,8366.316447324267
4810,457921.93990660657,373387.3283082154,84534.61159839113,457921.93990660657,8366.316447324267
4811,457922.7008475359,347630.6828895339,110292.01795800199,457922.7008475359,8366.316447324267
4812,457923.4617884653,338082.4509680605,119841.01082040479,457923.4617884653,8366.316447324267
4813,457924.2227293947,420346.3980952164,37577.824634178265,457924.2227293947,8366.316447324267
4814,457924.9836703242,292338.56295132206,165586.42071900214,457924.9836703242,8366.316447324267
4815,457925.74461125355,208040.12835451082,249885.61625674274,457925.74461125355,8366.316447324267
4816,457926.505552183,351549.222170749,106377.28338143401,457926.505552183,8366.316447324267
4817,457927.2664931124,423046.40172933287,34880.86476377951,457927.2664931124,8366.316447324267
4818,457928.0274340418,453108.9879246866,4819.039509355179,457928.0274340418,8366.316447324267
4819,457928.78837497113,457928.78837497113,0.0,457928.78837497113,8366.316447324267
4820,457929.5493159006,457929.5493159006,0.0,457929.5493159006,8366.316447324267
4821,457930.31025683,457930.31025683,0.0,457930.31025683,8366.316447324267
4822,457931.0711977594,457931.0711977594,0.0,457931.0711977594,8366.316447324267
4823,457931.83213868877,457931.83213868877,0.0,457931.83213868877,8366.316447324267
4824,457932.5930796182,431070.0088455846,26862.584234033584,457932.5930796182,8366.316447324267
4825,457933.3540205476,328487.9849755451,129445.36904500252,457933.3540205476,8366.316447324267
4826,457934.11496147694,292428.14742022095,165505.967541256,457934.11496147694,8366.316447324267
4827,457934.8759024064,290529.490232008,167405.38567039842,457934.8759024064,8366.316447324267
4828,457935.6368433357,271769.8899145414,186165.74692879434,457935.6368433357,8366.316447324267
4829,457936.39778426517,131778.6156916538,326157.78209261136,457936.39778426517,8366.316447324267
4830,457937.15872519463,207877.32719378028,250059.83153141435,457937.15872519463,8366.316447324267
4831,457937.9196661239,359692.4410991381,98245.47856698584,457937.9196661239,8366.316447324267
4832,457938.68060705333,349545.6054647998,108393.07514225354,457938.68060705333,8366.316447324267
4833,457939.44154798286,187145.07540190523,270794.36614607763,457939.44154798286,8366.316447324267
4834,457940.2024889122,126903.91115125339,331036.2913376588,457940.2024889122,8366.316447324267
4835,457940.9634298416,305853.0955296084,152087.8679002332,457940.9634298416,8366.316447324267
4836,457941.72437077103,341078.3357667089,116863.38860406214,457941.72437077103,8366.316447324267
4837,457942.48531170026,271779.5471609159,186162.93815078438,457942.48531170026,8366.316447324267
4838,457943.24625262985,216645.53449161668,241297.71176101317,457943.24625262985,8366.316447324267
4839,457944.0071935592,106033.50442072132,351910.5027728379,457944.0071935592,8366.316447324267
4840,468505.6945124214,0.0,468505.6945124214,468505.6945124214,8366.316447324267
4841,457945.529075418,279051.95597739436,178893.57309802363,457945.529075418,8366.316447324267
4842,457946.29001634737,243029.23079563072,214917.05922071665,457946.29001634737,8366.316447324267
4843,457947.05095727684,188031.67372317583,269915.377234101,457947.05095727684,8366.316447324267
4844,457947.81189820624,223690.69458509557,234257.11731311068,457947.81189820624,8366.316447324267
4845,457948.5728391356,51934.460977099254,406014.11186203634,457948.5728391356,8366.316447324267
4846,457949.33378006506,86339.07768540701,371610.25609465805,457949.33378006506,8366.316447324267
4847,457950.0947209944,110854.31541947485,347095.77930151956,457950.0947209944,8366.316447324267
4848,457950.8556619239,99389.88218092895,358560.97348099493,457950.8556619239,8366.316447324267
4849,457951.61660285323,181312.5347106586,276639.08189219463,457951.61660285323,8366.316447324267
4850,457952.3775437826,91673.5101938544,366278.8673499282,457952.3775437826,8366.316447324267
4851,457953.1384847121,265089.2400342458,192863.89845046628,457953.1384847121,8366.316447324267
4852,457953.8994256414,96991.66471732332,360962.2347083181,457953.8994256414,8366.316447324267
4853,457954.66036657075,54008.82263777108,403945.83772879967,457954.66036657075,8366.316447324267
4854,457955.4213075003,51019.76560922869,406935.6556982716,457955.4213075003,8366.316447324267
4855,457956.1822484296,281694.541187564,176261.64106086557,457956.1822484296,8366.316447324267
4856,457956.9431893591,332165.2405227146,125791.70266664447,457956.9431893591,8366.316447324267
4857,457957.70413028845,341228.23504072765,116729.46908956078,457957.70413028845,8366.316447324267
4858,457958.4650712178,246018.95455869826,211939.51051251954,457958.4650712178,8366.316447324267
4859,457959.2260121473,251110.73787247553,206848.4881396718,457959.2260121473,8366.316447324267
4860,457959.9869530767,184123.01699076634,273836.96996231034,457959.9869530767,8366.316447324267
4861,457960.7478940061,195151.2552860338,262809.4926079723,457960.7478940061,8366.316447324267
4862,457961.50883493543,179142.65343935846,278818.855395577,457961.50883493543,8366.316447324267
4863,457962.26977586484,152505.30381369923,305456.9659621656,457962.26977586484,8366.316447324267
4864,457963.03071679425,157393.2798034734,300569.75091332087,457963.03071679425,8366.316447324267
4865,457963.79165772366,204580.171251269,253383.62040645466,457963.79165772366,8366.316447324267
4866,457964.552598653,297693.07057007717,160271.48202857588,457964.552598653,8366.316447324267
4867,457965.3135395824,51874.67920022947,406090.63433935295,457965.3135395824,8366.316447324267
4868,457966.07448051183,49259.94243492925,408706.1320455826,457966.07448051183,8366.316447324267
4869,457966.8354214413,43912.55196178425,414054.28345965705,457966.8354214413,8366.316447324267
4870,457967.59636237065,45988.198421047186,411979.39794132346,457967.59636237065,8366.316447324267
4871,457968.35730330006,65968.82583923632,391999.53146406374,457968.35730330006,8366.316447324267
4872,457969.1182442295,98612.27788651455,359356.840357715,457969.1182442295,8366.316447324267
4873,457969.8791851589,130791.82979048014,327178.04939467873,457969.8791851589,8366.316447324267
4874,457970.6401260883,68827.20669452602,389143.43343156227,457970.6401260883,8366.316447324267
4875,457971.4010670177,94930.18976937374,363041.21129764395,457971.4010670177,8366.316447324267
4876,457972.16200794704,90301.24815085303,367670.913857094,457972.16200794704,8366.316447324267
4877,457972.9229488765,69329.78739522799,388643.1355536485,457972.9229488765,8366.316447324267
4878,457973.6838898059,169921.16826412402,288052.5156256819,457973.6838898059,8366.316447324267
4879,457974.4448307352,279374.7338865963,178599.7109441389,457974.4448307352,8366.316447324267
4880,457975.2057716647,234985.3399479484,222989.86582371627,457975.2057716647,8366.316447324267
4881,457975.9667125941,276868.283681281,181107.68303131306,457975.9667125941,8366.316447324267
4882,457976.7276535235,257398.74464065814,200577.98301286536,457976.7276535235,8366.316447324267
4883,457977.4885944529,259341.33727829205,198636.15131616086,457977.4885944529,8366.316447324267
4884,457978.24953538226,287717.366799312,170260.88273607026,457978.24953538226,8366.316447324267
4885,457979.0104763117,267075.4890989346,190903.52137737715,457979.0104763117,8366.316447324267
4886,457979.77141724114,246567.96173227634,211411.8096849648,457979.77141724114,8366.316447324267
4887,457980.5323581706,210677.16966669925,247303.36269147135,457980.5323581706,8366.316447324267
4888,457981.2932990999,287709.0970812001,170272.1962178998,457981.2932990999,8366.316447324267
4889,457982.0542400293,297857.0956385543,160124.95860147497,457982.0542400293,8366.316447324267
4890,457982.8151809588,260324.60518748354,197658.20999347523,457982.8151809588,8366.316447324267
4891,457983.5761218881,144684.06527489529,313299.51084699284,457983.5761218881,8366.316447324267
4892,457984.3370628175,47203.00806115958,410781.3290016579,457984.3370628175,8366.316447324267
4893,457985.09800374694,148624.89336952777,309360.2046342192,457985.09800374694,8366.316447324267
4894,457985.85894467623,47548.233601571585,410437.62534310465,457985.85894467623,8366.316447324267
4895,457986.61988560576,40764.86932672997,417221.7505588758,457986.61988560576,8366.316447324267
4896,457987.38082653517,44508.859103001654,413478.5217235335,457987.38082653517,8366.316447324267
4897,457988.14176746446,59155.452163029695,398832.68960443477,457988.14176746446,8366.316447324267
4898,457988.902708394,112881.89593470871,345107.0067736853,457988.902708394,8366.316447324267
4899,457989.66364932334,196166.11565978962,261823.54798953372,457989.66364932334,8366.316447324267
4900,457990.4245902527,144917.01892396994,313073.40566628275,457990.4245902527,8366.316447324267
4901,457991.18553118216,160348.3962939076,297642.78923727456,457991.18553118216,8366.316447324267
4902,457991.9464721115,54448.30977572373,403543.6366963878,457991.9464721115,8366.316447324267
4903,457992.707413041,215936.35185795225,242056.35555508872,457992.707413041,8366.316447324267
4904,457993.4683539703,272737.3303168474,185256.1380371229,457993.4683539703,8366.316447324267
4905,457994.22929489973,293772.81434902805,164221.41494587166,457994.22929489973,8366.316447324267
4906,457994.99023582914,314349.9423182918,143645.04791753733,457994.99023582914,8366.316447324267
4907,457995.7511767585,287098.07331266644,170897.67786409205,457995.7511767585,8366.316447324267
4908,457996.512117688,225696.94671784493,232299.5653998431,457996.512117688,8366.316447324267
4909,457997.2730586173,254879.08230480546,203118.19075381185,457997.2730586173,8366.316447324267
4910,457998.0339995468,159417.83107075247,298580.2029287943,457998.0339995468,8366.316447324267
4911,457998.7949404762,256533.6058060337,201465.18913444248,457998.7949404762,8366.316447324267
4912,457999.55588140554,184967.41399317072,273032.1418882348,457999.55588140554,8366.316447324267
4913,458000.31682233495,285397.5532218638,172602.76360047114,458000.31682233495,8366.316447324267
4914,458001.0777632644,231194.32535325567,226806.75241000875,458001.0777632644,8366.316447324267
4915,458001.8387041937,362047.87034842046,95953.96835577328,458001.8387041937,8366.316447324267
4916,458002.59964512323,347402.7416294842,110599.85801563901,458002.59964512323,8366.316447324267
4917,458003.3605860526,439333.48330341175,18669.87728264085,458003.3605860526,8366.316447324267
4918,458004.12152698194,222384.51722677832,235619.60430020362,458004.12152698194,8366.316447324267
4919,458004.88246791135,357591.4394468985,100413.44302101282,458004.88246791135,8366.316447324267
4920,458005.64340884076,458005.64340884076,0.0,458005.64340884076,8366.316447324267
4921,458006.4043497702,458006.4043497702,0.0,458006.4043497702,8366.316447324267
4922,458007.1652906996,458007.1652906996,0.0,458007.1652906996,8366.316447324267
4923,458007.926231629,318427.35246990435,139580.57376172466,458007.926231629,8366.316447324267
4924,458008.6871725584,337005.4040298759,121003.2831426825,458008.6871725584,8366.316447324267
4925,458009.4481134878,348458.0499203161,109551.39819317173,458009.4481134878,8366.316447324267
4926,458010.2090544172,372195.8200769484,85814.3889774688,458010.2090544172,8366.316447324267
4927,458010.9699953466,357016.33007200505,100994.63992334154,458010.9699953466,8366.316447324267
4928,458011.73093627597,331501.4915756692,126510.23936060676,458011.73093627597,8366.316447324267
4929,458012.49187720544,334738.7523032441,123273.73957396136,458012.49187720544,8366.316447324267
4930,458013.25281813485,307727.8939682533,150285.35884988154,458013.25281813485,8366.316447324267
4931,458014.01375906414,292706.2165477337,165307.79721133044,458014.01375906414,8366.316447324267
4932,458014.7746999936,311748.0526222165,146266.72207777709,458014.7746999936,8366.316447324267
4933,458015.53564092296,284675.56268135307,173339.9729595699,458015.53564092296,8366.316447324267
4934,458016.2965818524,299055.40869632765,158960.88788552477,458016.2965818524,8366.316447324267
4935,458017.05752278183,344588.0833986729,113428.9741241089,458017.05752278183,8366.316447324267
4936,458017.8184637112,371436.5439509803,86581.27451273086,458017.8184637112,8366.316447324267
4937,458018.5794046406,419671.22689958394,38347.35250505664,458018.5794046406,8366.316447324267
4938,458019.34034557006,429807.82019613835,28211.520149431693,458019.34034557006,8366.316447324267
4939,458020.10128649935,458020.10128649935,0.0,458020.10128649935,8366.316447324267
4940,458020.8622274289,297501.4610480349,160519.401179394,458020.8622274289,8366.316447324267
4941,458021.62316835823,364169.9963298713,93851.62683848695,458021.62316835823,8366.316447324267
4942,458022.38410928764,433133.4176766125,24888.966432675137,458022.38410928764,8366.316447324267
4943,458023.14505021705,450371.79224257916,7651.352807637881,458023.14505021705,8366.316447324267
4944,458023.9059911464,437736.2299620175,20287.67602912887,458023.9059911464,8366.316447324267
4945,458024.66693207587,458024.66693207587,0.0,458024.66693207587,8366.316447324267
4946,458025.42787300516,433835.61586706445,24189.812005940737,458025.42787300516,8366.316447324267
4947,458026.1888139347,453202.3869567409,4823.8018571937555,458026.1888139347,8366.316447324267
4948,458026.94975486404,421189.843229092,36837.106525772026,458026.94975486404,8366.316447324267
4949,458027.7106957934,377633.1499123104,80394.56078348297,458027.7106957934,8366.316447324267
4950,458028.4716367228,390767.6214534715,67260.85018325134,458028.4716367228,8366.316447324267
4951,458029.2325776522,385543.8442446359,72485.38833301628,458029.2325776522,8366.316447324267
4952,458029.9935185816,385681.5436614971,72348.4498570845,458029.9935185816,8366.316447324267
4953,458030.75445951114,384815.75645756576,73214.99800194537,458030.75445951114,8366.316447324267
4954,458031.51540044043,364039.44379331276,93992.07160712768,458031.51540044043,8366.316447324267
4955,458032.27634136996,353843.92652991787,104188.34981145206,458032.27634136996,8366.316447324267
4956,458033.03728229925,347662.4613884474,110370.57589385187,458033.03728229925,8366.316447324267
4957,458033.7982232286,343593.4731658541,114440.3250573745,458033.7982232286,8366.316447324267
4958,458034.55916415807,379475.77078806213,78558.78837609597,458034.55916415807,8366.316447324267
4959,458035.3201050874,393065.8193874306,64969.500717656825,458035.3201050874,8366.316447324267
4960,458036.0810460169,389518.56371110055,68517.51733491632,458036.0810460169,8366.316447324267
4961,458036.84198694624,342817.45824350143,115219.3837434448,458036.84198694624,8366.316447324267
4962,458037.60292787565,368389.4000783558,89648.20284951985,458037.60292787565,8366.316447324267
4963,458038.363868805,297140.5736893349,160897.79017947012,458038.363868805,8366.316447324267
4964,458039.12480973447,177687.73477040243,280351.39003933204,458039.12480973447,8366.316447324267
4965,458039.8857506639,101485.49960733118,356554.3861433327,458039.8857506639,8366.316447324267
4966,458040.6466915933,79926.34270318062,378114.30398841266,458040.6466915933,8366.316447324267
4967,458041.4076325227,123162.29793819156,334879.1096943311,458041.4076325227,8366.316447324267
4968,458042.16857345216,182976.14206494507,275066.0265085071,458042.16857345216,8366.316447324267
4969,458042.92951438145,127245.91198412451,330797.01753025694,458042.92951438145,8366.316447324267
4970,458043.69045531086,240020.1459404293,218023.54451488156,458043.69045531086,8366.316447324267
4971,458044.4513962403,57716.86447039759,400327.58692584274,458044.4513962403,8366.316447324267
4972,458045.2123371697,141121.0704292468,316924.14190792287,458045.2123371697,8366.316447324267
4973,458045.97327809903,183697.2733397034,274348.69993839564,458045.97327809903,8366.316447324267
4974,458046.7342190285,200711.93057658136,257334.80364244714,458046.7342190285,8366.316447324267
4975,458047.49515995785,372042.5179991533,86004.97716080457,458047.49515995785,8366.316447324267
4976,458048.2561008873,393735.01475898235,64313.24134190494,458048.2561008873,8366.316447324267
4977,458049.0170418167,348241.5254699795,109807.49157183725,458049.0170418167,8366.316447324267
4978,458049.7779827461,316877.01555151644,141172.76243122964,458049.7779827461,8366.316447324267
4979,458050.53892367554,349655.12946773693,108395.40945593864,458050.53892367554,8366.316447324267
4980,458051.29986460495,380113.4606568296,77937.83920777535,458051.29986460495,8366.316447324267
4981,458052.06080553436,277014.50034257723,181037.5604629571,458052.06080553436,8366.316447324267
4982,458052.8217464637,43845.38722087612,414207.4345255876,458052.8217464637,8366.316447324267
4983,458053.5826873932,351670.8195437053,106382.76314368783,458053.5826873932,8366.316447324267
4984,458054.34362832253,420686.37190945307,37367.97171886948,458054.34362832253,8366.316447324267
4985,458055.10456925194,447282.0243049311,10773.080264320814,458055.10456925194,8366.316447324267
4986,458055.8655101812,457541.9964012577,513.8691089234808,458055.8655101812,8366.316447324267
4987,458056.6264511107,390063.21320375,67993.41324736066,458056.6264511107,8366.316447324267
4988,458057.38739204005,414832.32745265897,43225.059939381084,458057.38739204005,8366.316447324267
4989,458058.1483329696,398722.96931968216,59335.17901328742,458058.1483329696,8366.316447324267
4990,458058.9092738989,405482.5210939984,52576.38817990052,458058.9092738989,8366.316447324267
4991,458059.6702148283,458059.6702148283,0.0,458059.6702148283,8366.316447324267
4992,458060.43115575775,458060.43115575775,0.0,458060.43115575775,8366.316447324267
4993,458061.1920966871,353313.2599429991,104747.932153688,458061.1920966871,8366.316447324267
4994,458061.95303761656,419428.991905367,38632.96113224956,458061.95303761656,8366.316447324267
4995,458062.7139785459,355545.3568956809,102517.35708286501,458062.7139785459,8366.316447324267
4996,458063.47491947527,427825.9905575546,30237.48436192069,458063.47491947527,8366.316447324267
4997,458064.2358604048,424191.1462694823,33873.08959092246,458064.2358604048,8366.316447324267
4998,458064.9968013341,432137.9922383047,25927.004563029415,458064.9968013341,8366.316447324267
4999,458065.7577422635,447737.9853322851,10327.7724099784,458065.7577422635,8366.316447324267
5000,458066.51868319296,426700.99930367776,31365.51937951519,458066.51868319296,8366.316447324267
5001,458067.27962412225,370989.941848085,87077.33777603724,458067.27962412225,8366.316447324267
5002,458068.0405650518,370267.1803958749,87800.8601691769,458068.0405650518,8366.316447324267
5003,458068.80150598113,353694.60695021006,104374.19455577104,458068.80150598113,8366.316447324267
5004,458069.5624469105,370851.9966449164,87217.56580199406,458069.5624469105,8366.316447324267
5005,458070.32338784,414151.68688708957,43918.636500750436,458070.32338784,8366.316447324267
5006,458071.08432876936,407860.66526933364,50210.419059435735,458071.08432876936,8366.316447324267
5007,458071.8452696988,401034.57542807824,57037.26984162058,458071.8452696988,8366.316447324267
5008,458072.6062106281,419346.9785649905,38725.627645637585,458072.6062106281,8366.316447324267
5009,458073.3671515575,389026.01388170116,69047.35326985636,458073.3671515575,8366.316447324267
5010,458074.128092487,355129.7749539703,102944.35313851672,458074.128092487,8366.316447324267
5011,458074.88903341634,348583.75665189035,109491.13238152601,458074.88903341634,8366.316447324267
5012,458075.64997434575,317033.8548875875,141041.79508675827,458075.64997434575,8366.316447324267
5013,458076.4109152751,403396.4266789025,54679.98423637256,458076.4109152751,8366.316447324267
5014,458077.1718562045,380011.0822876893,78066.08956851519,458077.1718562045,8366.316447324267
5015,458077.93279713404,437579.7196709702,20498.213126163784,458077.93279713404,8366.316447324267
5016,458078.69373806333,451230.0224369295,6848.6713011338425,458078.69373806333,8366.316447324267
5017,458079.45467899274,458079.45467899274,0.0,458079.45467899274,8366.316447324267
5018,458080.2156199222,458080.2156199222,0.0,458080.2156199222,8366.316447324267
5019,458080.97656085156,458080.97656085156,0.0,458080.97656085156,8366.316447324267
5020,458081.73750178097,458081.73750178097,0.0,458081.73750178097,8366.316447324267
5021,458082.4984427104,455902.3138502404,2180.1845924700187,458082.4984427104,8366.316447324267
5022,458083.2593836397,424896.0564454873,33187.20293815243,458083.2593836397,8366.316447324267
5023,458084.0203245692,386807.97657083377,71276.04375373544,458084.0203245692,8366.316447324267
5024,458084.7812654986,376335.37500634097,81749.40625915764,458084.7812654986,8366.316447324267
5025,458085.542206428,372218.2287564422,85867.31344998578,458085.542206428,8366.316447324267
5026,458086.30314735736,399880.7572664291,58205.5458809283,458086.30314735736,8366.316447324267
5027,458087.0640882868,409536.83743196586,48550.2266563209,458087.0640882868,8366.316447324267
5028,458087.8250292162,382763.00468356436,75324.82034565182,458087.8250292162,8366.316447324267
5029,458088.58597014553,421607.65693900804,36480.92903113752,458088.58597014553,8366.316447324267
5030,458089.346911075,419490.39431692957,38598.95259414543,458089.346911075,8366.316447324267
5031,458090.1078520044,372206.2947777014,85883.81307430305,458090.1078520044,8366.316447324267
5032,458090.8687929338,424261.6984186377,33829.17037429614,458090.8687929338,8366.316447324267
5033,458091.62973386317,423578.0266207664,34513.6031130968,458091.62973386317,8366.316447324267
5034,458092.39067479264,455402.8815717883,2689.509103004328,458092.39067479264,8366.316447324267
5035,458093.151615722,453076.49870137917,5016.6529143427915,458093.151615722,8366.316447324267
5036,458093.91255665146,428927.9260506744,29165.98650597706,458093.91255665146,8366.316447324267
5037,458094.6734975808,427680.03895998205,30414.634537598777,458094.6734975808,8366.316447324267
5038,458095.43443851016,398733.89744506346,59361.53699344669,458095.43443851016,8366.316447324267
5039,458096.1953794396,434396.1125466891,23700.08283275053,458096.1953794396,8366.316447324267
5040,458096.956320369,438433.2263293082,19663.729991060805,458096.956320369,8366.316447324267
5041,458097.71726129844,458097.71726129844,0.0,458097.71726129844,8366.316447324267
5042,458098.47820222785,458098.47820222785,0.0,458098.47820222785,8366.316447324267
5043,458099.23914315715,458099.23914315715,0.0,458099.23914315715,8366.316447324267
5044,458100.00008408667,458100.00008408667,0.0,458100.00008408667,8366.316447324267
5045,458100.7610250161,457214.4256959669,886.3353290492047,458100.7610250161,8366.316447324267
5046,458101.5219659454,429243.80506520305,28857.71690074232,458101.5219659454,8366.316447324267
5047,458102.2829068749,394744.5299383764,63357.7529684985,458102.2829068749,8366.316447324267
5048,458103.0438478042,403703.1968717811,54399.84697602311,458103.0438478042,8366.316447324267
5049,458103.80478873366,425393.5734133787,32710.231375354964,458103.80478873366,8366.316447324267
5050,458104.56572966307,418009.34821341553,40095.21751624751,458104.56572966307,8366.316447324267
5051,458105.3266705924,404471.26441551227,53634.062255080134,458105.3266705924,8366.316447324267
5052,458106.0876115218,390999.88586964796,67106.2017418739,458106.0876115218,8366.316447324267
5053,458106.8485524512,328051.6899498589,130055.1586025923,458106.8485524512,8366.316447324267
5054,458107.6094933807,298570.82374603755,159536.78574734315,458107.6094933807,8366.316447324267
5055,458108.37043430994,404896.810634171,53211.55980013896,458108.37043430994,8366.316447324267
5056,458109.1313752394,248297.0753854664,209812.055989773,458109.1313752394,8366.316447324267
5057,458109.8923161689,318670.46421733504,139439.42809883383,458109.8923161689,8366.316447324267
5058,458110.6532570983,294306.9116824621,163803.74157463617,458110.6532570983,8366.316447324267
5059,458111.41419802763,271482.8719600531,186628.54223797453,458111.41419802763,8366.316447324267
5060,458112.17513895716,256868.5299280448,201243.64521091236,458112.17513895716,8366.316447324267
5061,458112.93607988645,342609.8540905324,115503.08198935406,458112.93607988645,8366.316447324267
5062,458113.6970208159,220250.72042519646,237862.97659561946,458113.6970208159,8366.316447324267
5063,458114.45796174527,198653.4821618874,259460.97579985787,458114.45796174527,8366.316447324267
5064,458115.2189026746,139858.0389409503,318257.1799617243,458115.2189026746,8366.316447324267
5065,458115.9798436041,133677.36252926855,324438.61731433554,458115.9798436041,8366.316447324267
5066,458116.74078453344,159752.2693343003,298364.47145023313,458116.74078453344,8366.316447324267
5067,458117.5017254629,132675.8370102141,325441.6647152488,458117.5017254629,8366.316447324267
5068,458118.26266639226,129821.72234467341,328296.54032171884,458118.26266639226,8366.316447324267
5069,458119.02360732167,246995.23379186436,211123.7898154573,458119.02360732167,8366.316447324267
5070,458119.7845482511,333966.8542139809,124152.93033427016,458119.7845482511,8366.316447324267
5071,458120.5454891805,429669.88671957306,28450.658769607417,458120.5454891805,8366.316447324267
5072,458121.3064301099,368511.8571727062,89609.44925740367,458121.3064301099,8366.316447324267
5073,458122.0673710393,366195.7450215077,91926.32234953159,458122.0673710393,8366.316447324267
5074,458122.8283119687,368721.9262859812,89400.90202598751,458122.8283119687,8366.316447324267
5075,458123.5892528981,352359.89844464196,105763.69080825616,458123.5892528981,8366.316447324267
5076,458124.3501938274,278927.3836764002,179196.96651742727,458124.3501938274,8366.316447324267
5077,458125.1111347569,344374.95715268946,113750.15398206744,458125.1111347569,8366.316447324267
5078,458125.87207568635,273057.63218646403,185068.2398892223,458125.87207568635,8366.316447324267
5079,458126.63301661564,203471.8129433497,254654.82007326593,458126.63301661564,8366.316447324267
5080,458127.3939575451,235960.14652628798,222167.24743125713,458127.3939575451,8366.316447324267
5081,458128.1548984745,42157.633332016354,415970.52156645816,458128.1548984745,8366.316447324267
5082,458128.91583940387,216884.27649516804,241244.63934423582,458128.91583940387,8366.316447324267
5083,458129.6767803333,261873.3605448191,196256.31623551418,458129.6767803333,8366.316447324267
5084,458130.4377212627,267882.00787330756,190248.42984795515,458130.4377212627,8366.316447324267
5085,458131.19866219204,313064.64470980124,145066.5539523908,458131.19866219204,8366.316447324267
5086,458131.95960312156,225239.2994384012,232892.66016472035,458131.95960312156,8366.316447324267
5087,458132.720544051,146791.28696773684,311341.4335763141,458132.720544051,8366.316447324267
5088,458133.4814849803,70353.37147950544,387780.1100054749,458133.4814849803,8366.316447324267
5089,458134.24242590973,161739.86589564383,296394.3765302659,458134.24242590973,8366.316447324267
5090,458135.0033668391,221777.81625310733,236357.18711373175,458135.0033668391,8366.316447324267
5091,458135.76430776855,163871.3620679808,294264.40223978774,458135.76430776855,8366.316447324267
5092,458136.52524869796,178096.01615079795,280040.5090979,458136.52524869796,8366.316447324267
5093,458137.28618962725,35015.66639746819,423121.61979215906,458137.28618962725,8366.316447324267
5094,458138.0471305567,118370.7821554218,339767.2649751349,458138.0471305567,8366.316447324267
5095,458138.80807148607,230081.81089223374,228056.99717925233,458138.80807148607,8366.316447324267
5096,458139.5690124156,117576.61155259813,340562.95745981747,458139.5690124156,8366.316447324267
5097,458140.3299533449,209873.3559431848,248266.97401016008,458140.3299533449,8366.316447324267
5098,458141.0908942743,373688.1224601937,84452.96843408063,458141.0908942743,8366.316447324267
5099,458141.8518352038,394142.43426373694,63999.41757146689,458141.8518352038,8366.316447324267
5100,458142.6127761331,356309.9568216063,101832.6559545268,458142.6127761331,8366.316447324267
5101,458143.3737170626,374536.62419599004,83606.74952107255,458143.3737170626,8366.316447324267
5102,458144.134657992,373945.8057204659,84198.3289375261,458144.134657992,8366.316447324267
5103,458144.8955989213,332039.6021986983,126105.29340022296,458144.8955989213,8366.316447324267
5104,458145.6565398508,22668.325337524933,435477.3312023259,458145.6565398508,8366.316447324267
5105,458146.41748078016,445982.5297029771,12163.887777803082,458146.41748078016,8366.316447324267
5106,458147.17842170945,457836.93701397825,310.2414077311994,458147.17842170945,8366.316447324267
5107,458147.939362639,458147.939362639,0.0,458147.939362639,8366.316447324267
5108,458148.70030356833,458148.70030356833,0.0,458148.70030356833,8366.316447324267
5109,458149.4612444978,458149.4612444978,0.0,458149.4612444978,8366.316447324267
5110,458150.2221854271,458150.2221854271,0.0,458150.2221854271,8366.316447324267
5111,458150.98312635656,458150.98312635656,0.0,458150.98312635656,8366.316447324267
5112,458151.744067286,458151.744067286,0.0,458151.744067286,8366.316447324267
5113,458152.5050082154,458152.5050082154,0.0,458152.5050082154,8366.316447324267
5114,458153.26594914484,458153.26594914484,0.0,458153.26594914484,8366.316447324267
5115,458154.02689007414,458154.02689007414,0.0,458154.02689007414,8366.316447324267
5116,458154.78783100354,458154.78783100354,0.0,458154.78783100354,8366.316447324267
5117,458155.54877193307,457675.5142713196,480.03450061345205,458155.54877193307,8366.316447324267
5118,458156.30971286236,429555.0654604051,28601.244252457298,458156.30971286236,8366.316447324267
5119,458157.0706537918,393125.215910133,65031.8547436588,458157.0706537918,8366.316447324267
5120,458157.8315947212,378756.82902936504,79401.00256535616,458157.8315947212,8366.316447324267
5121,458158.5925356505,373849.642075095,84308.95046055553,458158.5925356505,8366.316447324267
5122,458159.3534765801,372493.37708371866,85665.97639286143,458159.3534765801,8366.316447324267
5123,458160.1144175094,382415.87419256975,75744.24022493964,458160.1144175094,8366.316447324267
5124,458160.87535843876,382473.18795284827,75687.6874055905,458160.87535843876,8366.316447324267
5125,458161.6362993682,371053.572878525,87108.06342084325,458161.6362993682,8366.316447324267
5126,458162.39724029764,354423.9449038539,103738.45233644375,458162.39724029764,8366.316447324267
5127,458163.1581812271,334199.9637410236,123963.19444020349,458163.1581812271,8366.316447324267
5128,458163.9191221564,263912.5608324165,194251.35828973987,458163.9191221564,8366.316447324267
5129,458164.6800630858,144635.25802648533,313529.4220366005,458164.6800630858,8366.316447324267
5130,458165.44100401516,282829.8674776838,175335.57352633137,458165.44100401516,8366.316447324267
5131,458166.2019449447,289479.21323400154,168686.98871094311,458166.2019449447,8366.316447324267
5132,458166.962885874,288899.76846289006,169267.19442298388,458166.962885874,8366.316447324267
5133,458167.7238268034,347498.40608148626,110669.3177453171,458167.7238268034,8366.316447324267
5134,458168.4847677328,292344.6298423507,165823.85492538204,458168.4847677328,8366.316447324267
5135,458169.24570866226,208782.74460637223,249386.50110229003,458169.24570866226,8366.316447324267
5136,458170.0066495916,266374.9908073679,191795.01584222371,458170.0066495916,8366.316447324267
5137,458170.767590521,295667.7094004152,162503.0581901058,458170.767590521,8366.316447324267
5138,458171.5285314504,319067.84148840373,139103.6870430467,458171.5285314504,8366.316447324267
5139,458172.28947237984,278734.80549353716,179437.48397884268,458172.28947237984,8366.316447324267
5140,458173.0504133093,298104.5285446467,160068.52186866262,458173.0504133093,8366.316447324267
5141,458173.81135423866,316052.8061167637,142121.00523747498,458173.81135423866,8366.316447324267
5142,458174.57229516795,337287.493478763,120887.07881640497,458174.57229516795,8366.316447324267
5143,458175.3332360975,394449.9035122726,63725.429723824906,458175.3332360975,8366.316447324267
5144,458176.0941770269,387189.42075172666,70986.67342530024,458176.0941770269,8366.316447324267
5145,458176.8551179562,387009.4090538002,71167.44606415594,458176.8551179562,8366.316447324267
5146,458177.61605888564,382776.65605493996,75400.96000394567,458177.61605888564,8366.316447324267
5147,458178.376999815,389874.06831888953,68304.30868092547,458178.376999815,8366.316447324267
5148,458179.13794074446,374406.6725165981,83772.4654241464,458179.13794074446,8366.316447324267
5149,458179.89888167393,375744.00881556736,82435.89006610654,458179.89888167393,8366.316447324267
5150,458180.6598226032,361563.36186587205,96617.29795673114,458180.6598226032,8366.316447324267
5151,458181.42076353263,183193.56292812875,274987.8578354039,458181.42076353263,8366.316447324267
5152,458182.18170446204,288226.3609614347,169955.82074302732,458182.18170446204,8366.316447324267
5153,458182.9426453914,364514.66671465704,93668.27593073434,458182.9426453914,8366.316447324267
5154,458183.7035863209,361647.10638343525,96536.59720288565,458183.7035863209,8366.316447324267
5155,458184.46452725027,284251.72137398703,173932.7431532632,458184.46452725027,8366.316447324267
5156,458185.22546817973,315873.37660830875,142311.84885987098,458185.22546817973,8366.316447324267
5157,458185.986409109,370509.99502082577,87675.99138828325,458185.986409109,8366.316447324267
5158,458186.7473500385,349255.80706937204,108930.94028066643,458186.7473500385,8366.316447324267
5159,458187.50829096785,272277.17005049175,185910.3382404761,458187.50829096785,8366.316447324267
5160,458188.2692318972,278001.88305818225,180186.38617371494,458188.2692318972,8366.316447324267
5161,458189.0301728267,285666.89009211725,172522.14008070948,458189.0301728267,8366.316447324267
5162,458189.7911137561,323164.569536183,135025.2215775731,458189.7911137561,8366.316447324267
5163,458190.5520546854,242582.9264732941,215607.62558139133,458190.5520546854,8366.316447324267
5164,458191.3129956149,326123.5904854825,132067.72251013241,458191.3129956149,8366.316447324267
5165,458192.07393654424,335684.7030102722,122507.37092627205,458192.07393654424,8366.316447324267
5166,458192.83487747365,326882.99576236453,131309.83911510912,458192.83487747365,8366.316447324267
5167,458193.5958184031,395825.55827776616,62368.03754063694,458193.5958184031,8366.316447324267
5168,458194.3567593324,347199.0923209501,110995.26443838228,458194.3567593324,8366.316447324267
5169,458195.11770026194,332262.84147715324,125932.2762231087,458195.11770026194,8366.316447324267
5170,458195.8786411913,340143.48152017815,118052.39712101313,458195.8786411913,8366.316447324267
5171,458196.63958212064,352404.0830942719,105792.55648784875,458196.63958212064,8366.316447324267
5172,458197.40052305005,345452.79668020137,112744.60384284866,458197.40052305005,8366.316447324267
5173,458198.16146397946,330923.8907141704,127274.27074980906,458198.16146397946,8366.316447324267
5174,458198.9224049089,355477.4070704612,102721.51533444774,458198.9224049089,8366.316447324267
5175,458199.68334583833,363465.4463653113,94734.23698052703,458199.68334583833,8366.316447324267
5176,458200.44428676774,374312.76295096625,83887.68133580146,458200.44428676774,8366.316447324267
5177,458201.20522769704,347192.8442293315,111008.36099836558,458201.20522769704,8366.316447324267
5178,458201.9661686265,408249.9116079903,49952.054560636214,458201.9661686265,8366.316447324267
5179,458202.7271095559,418496.3701264471,39706.35698310881,458202.7271095559,8366.316447324267
5180,458203.4880504853,161915.9537697361,296287.5342807492,458203.4880504853,8366.316447324267
5181,458204.2489914147,320869.0252560626,137335.22373535208,458204.2489914147,8366.316447324267
5182,458205.00993234414,364755.4817778826,93449.52815446154,458205.00993234414,8366.316447324267
5183,458205.7708732735,410926.2942585725,47279.476614701,458205.7708732735,8366.316447324267
5184,458206.53181420284,376277.8308789047,81928.70093529817,458206.53181420284,8366.316447324267
5185,458207.29275513237,320186.30192621937,138020.990828913,458207.29275513237,8366.316447324267
5186,458208.05369606166,194487.41929267487,263720.6344033868,458208.05369606166,8366.316447324267
5187,458208.8146369911,274931.2794849449,183277.5351520462,458208.8146369911,8366.316447324267
5188,458209.57557792054,245357.67841395809,212851.89716396245,458209.57557792054,8366.316447324267
5189,458210.3365188498,306504.5950366005,151705.74148224932,458210.3365188498,8366.316447324267
5190,458211.0974597793,275410.29906381055,182800.79839596874,458211.0974597793,8366.316447324267
5191,458211.85840070876,376622.86728981865,81588.99111089011,458211.85840070876,8366.316447324267
5192,458212.61934163806,348165.52976979234,110047.0895718457,458212.61934163806,8366.316447324267
5193,458213.3802825676,361607.829067636,96605.5512149316,458213.3802825676,8366.316447324267
5194,458214.1412234969,361998.7732827702,96215.36794072672,458214.1412234969,8366.316447324267
5195,458214.90216442634,369078.5720145626,89136.33014986373,458214.90216442634,8366.316447324267
5196,458215.66310535575,363861.64334376185,94354.0197615939,458215.66310535575,8366.316447324267
5197,458216.4240462851,346317.5012963867,111898.92274989837,458216.4240462851,8366.316447324267
5198,458217.1849872146,374606.1525471851,83611.03244002952,458217.1849872146,8366.316447324267
5199,458217.94592814386,426902.2052386139,31315.740689529972,458217.94592814386,8366.316447324267
5200,458218.7068690734,49528.09686511423,408690.61000395915,458218.7068690734,8366.316447324267
5201,458219.46781000274,74007.95687224454,384211.5109377582,458219.46781000274,8366.316447324267
5202,458220.2287509321,397518.1661714638,60702.062579468286,458220.2287509321,8366.316447324267
5203,458220.98969186156,372778.7479860381,85442.24170582344,458220.98969186156,8366.316447324267
5204,458221.7506327909,431119.1700098014,27102.580622989528,458221.7506327909,8366.316447324267
5205,458222.5115737204,439219.295588415,19003.215985305345,458222.5115737204,8366.316447324267
5206,458223.27251464984,458223.27251464984,0.0,458223.27251464984,8366.316447324267
5207,458224.03345557913,458224.03345557913,0.0,458224.03345557913,8366.316447324267
5208,458224.7943965086,432434.16830531514,25790.626091193473,458224.7943965086,8366.316447324267
5209,458225.55533743795,381242.1489421611,76983.40639527683,458225.55533743795,8366.316447324267
5210,458226.3162783673,368275.6045321607,89950.71174620665,458226.3162783673,8366.316447324267
5211,458227.0772192968,273465.94543810526,184761.13178119154,458227.0772192968,8366.316447324267
5212,458227.8381602262,289694.410974421,168533.42718580517,458227.8381602262,8366.316447324267
5213,458228.5991011555,212926.60049555355,245301.99860560193,458228.5991011555,8366.316447324267
5214,458229.36004208494,245498.7029829646,212730.65705912033,458229.36004208494,8366.316447324267
5215,458230.12098301435,371924.3271699876,86305.79381302671,458230.12098301435,8366.316447324267
5216,458230.8819239439,349844.02158688137,108386.86033706248,458230.8819239439,8366.316447324267
5217,458231.64286487317,376003.01824200945,82228.62462286373,458231.64286487317,8366.316447324267
5218,458232.4038058026,383019.60044396477,75212.8033618378,458232.4038058026,8366.316447324267
5219,458233.164746732,382846.98696133983,75386.17778539217,458233.164746732,8366.316447324267
5220,458233.9256876614,384974.1739967613,73259.7516909001,458233.9256876614,8366.316447324267
5221,458234.68662859086,384707.9056121501,73526.78101644079,458234.68662859086,8366.316447324267
5222,458235.44756952015,326738.56502012047,131496.88254939968,458235.44756952015,8366.316447324267
5223,458236.20851044956,255299.84475230076,202936.3637581488,458236.20851044956,8366.316447324267
5224,458236.96945137903,142116.0492361106,316120.92021526844,458236.96945137903,8366.316447324267
5225,458237.7303923084,431977.7976054841,26259.932786824313,458237.7303923084,8366.316447324267
5226,458238.49133323773,410187.9903949775,48050.50093826026,458238.49133323773,8366.316447324267
5227,458239.25227416726,358581.45850083686,99657.79377333037,458239.25227416726,8366.316447324267
5228,458240.01321509655,88096.38799073407,370143.6252243625,458240.01321509655,8366.316447324267
5229,458240.774156026,204944.2182569712,253296.55589905483,458240.774156026,8366.316447324267
5230,458241.53509695537,226162.5924104253,232078.94268653006,458241.53509695537,8366.316447324267
5231,458242.2960378848,294064.40795703774,164177.88808084704,458242.2960378848,8366.316447324267
5232,458243.05697881425,386111.49885896326,72131.55811985098,458243.05697881425,8366.316447324267
5233,458243.81791974365,425174.2726753721,33069.545244371555,458243.81791974365,8366.316447324267
5234,458244.578860673,458244.578860673,0.0,458244.578860673,8366.316447324267
5235,458245.3398016024,75208.95613169268,383036.38366990973,458245.3398016024,8366.316447324267
5236,458246.1007425318,92862.8779007179,365383.2228418139,458246.1007425318,8366.316447324267
5237,458246.86168346123,111423.6630298305,346823.19865363074,458246.86168346123,8366.316447324267
5238,458247.62262439064,273664.55232531973,184583.07029907094,458247.62262439064,8366.316447324267
5239,458248.38356532,360379.08646167896,97869.29710364105,458248.38356532,8366.316447324267
5240,458249.1445062494,379182.3038178252,79066.84068842418,458249.1445062494,8366.316447324267
5241,458249.9054471788,375330.07286805246,82919.83257912633,458249.9054471788,8366.316447324267
5242,458250.6663881083,390581.4258647055,67669.24052340275,458250.6663881083,8366.316447324267
5243,458251.4273290377,373098.93768578256,85152.4896432551,458251.4273290377,8366.316447324267
5244,458252.188269967,258449.17187903664,199803.01639093034,458252.188269967,8366.316447324267
5245,467593.11087821843,0.0,467593.11087821843,467593.11087821843,8366.316447324267
5246,458253.71015182586,225363.09262646685,232890.617525359,458253.71015182586,8366.316447324267
5247,458254.4710927553,388371.60604344704,69882.86504930831,458254.4710927553,8366.316447324267
5248,458255.2320336847,380991.97826435266,77263.25376933203,458255.2320336847,8366.316447324267
5249,458255.99297461397,391893.6573959614,66362.33557865258,458255.99297461397,8366.316447324267
5250,458256.7539155435,430172.54829333845,28084.205622205034,458256.7539155435,8366.316447324267
5251,458257.5148564729,378758.3938147568,79499.12104171606,458257.5148564729,8366.316447324267
5252,458258.2757974022,352332.30625804566,105925.96953935653,458258.2757974022,8366.316447324267
5253,458259.03673833166,353722.96358453576,104536.07315379594,458259.03673833166,8366.316447324267
5254,458259.797679261,291706.1888626969,166553.60881656414,458259.797679261,8366.316447324267
5255,458260.5586201905,373029.31168567063,85231.24693451986,458260.5586201905,8366.316447324267
5256,458261.31956111983,375657.296994135,82604.0225669848,458261.31956111983,8366.316447324267
5257,458262.0805020492,400134.7576439812,58127.32285806801,458262.0805020492,8366.316447324267
5258,458262.8414429787,433289.41278557066,24973.428657408072,458262.8414429787,8366.316447324267
5259,458263.60238390806,458263.60238390806,0.0,458263.60238390806,8366.316447324267
5260,458264.3633248376,458264.3633248376,0.0,458264.3633248376,8366.316447324267
5261,458265.1242657668,457925.9105190238,339.2137467430636,458265.1242657668,8366.316447324267
5262,458265.8852066962,429649.0908702885,28616.79433640771,458265.8852066962,8366.316447324267
5263,458266.64614762575,392099.1057654645,66167.54038216126,458266.64614762575,8366.316447324267
5264,458267.40708855505,418410.74758377025,39856.65950478477,458267.40708855505,8366.316447324267
5265,458268.16802948446,384493.5649189878,73774.60311049667,458268.16802948446,8366.316447324267
5266,458268.92897041386,427967.55015114136,30301.37881927248,458268.92897041386,8366.316447324267
5267,458269.6899113432,355453.87994518643,102815.80996615678,458269.6899113432,8366.316447324267
5268,458270.45085227274,409086.29562072933,49184.15523154339,458270.45085227274,8366.316447324267
5269,458271.2117932021,225617.09566444717,232654.11612875492,458271.2117932021,8366.316447324267
5270,458271.97273413144,190084.34698060487,268187.6257535266,458271.97273413144,8366.316447324267
5271,458272.7336750609,248059.5729780767,210213.1606969842,458272.7336750609,8366.316447324267
5272,458273.4946159903,372550.829895357,85722.66472063333,458273.4946159903,8366.316447324267
5273,458274.25555691967,268454.01281370316,189820.2427432165,458274.25555691967,8366.316447324267
5274,458275.01649784914,340154.0422593145,118120.97423853465,458275.01649784914,8366.316447324267
5275,458275.7774387785,316592.29306215147,141683.48437662702,458275.7774387785,8366.316447324267
5276,458276.5383797079,344217.60590596165,114058.93247374624,458276.5383797079,8366.316447324267
5277,458277.2993206373,334770.17314342316,123507.12617721413,458277.2993206373,8366.316447324267
5278,458278.0602615667,253883.7651661974,204394.2950953693,458278.0602615667,8366.316447324267
5279,458278.82120249607,197061.04305845013,261217.77814404594,458278.82120249607,8366.316447324267
5280,458279.5821434255,269921.50914574455,188358.07299768092,458279.5821434255,8366.316447324267
5281,458280.34308435494,353014.20869238785,105266.1343919671,458280.34308435494,8366.316447324267
5282,458281.1040252843,440440.7505065017,17840.353518782573,458281.1040252843,8366.316447324267
5283,458281.8649662137,446375.5261842886,11906.338781925086,458281.8649662137,8366.316447324267
5284,458282.6259071431,366122.6005178138,92160.02538932928,458282.6259071431,8366.316447324267
5285,458283.3868480725,458283.3868480725,0.0,458283.3868480725,8366.316447324267
5286,458284.1477890019,444388.641349757,13895.506439244906,458284.1477890019,8366.316447324267
5287,458284.9087299314,361132.89238402166,97152.01634590974,458284.9087299314,8366.316447324267
5288,458285.6696708607,381585.18298045377,76700.4866904069,458285.6696708607,8366.316447324267
5289,474441.87211932515,0.0,474441.87211932515,474441.87211932515,8366.316447324267
5290,458287.19155271957,337353.76113249524,120933.43042022432,458287.19155271957,8366.316447324267
5291,458287.95249364886,322872.8465139887,135415.10597966018,458287.95249364886,8366.316447324267
5292,458288.7134345783,346816.53090748726,111472.18252709108,458288.7134345783,8366.316447324267
5293,458289.4743755078,277203.03649796534,181086.43787754243,458289.4743755078,8366.316447324267
5294,458290.2353164371,282580.3630490012,175709.87226743592,458290.2353164371,8366.316447324267
5295,458290.9962573665,300575.43141650304,157715.5648408635,458290.9962573665,8366.316447324267
5296,458291.7571982959,181531.7425954321,276760.0146028638,458291.7571982959,8366.316447324267
5297,458292.5181392253,356040.2084486386,102252.30969058668,458292.5181392253,8366.316447324267
5298,458293.2790801547,317963.4842611688,140329.79481898592,458293.2790801547,8366.316447324267
5299,458294.04002108413,458065.892103779,228.14791730510908,458294.04002108413,8366.316447324267
5300,458294.8009620136,458294.8009620136,0.0,458294.8009620136,8366.316447324267
5301,458295.56190294295,458295.56190294295,0.0,458295.56190294295,8366.316447324267
5302,458296.3228438724,436963.26768047357,21333.055163398833,458296.3228438724,8366.316447324267
5303,458297.08378480177,320849.22363910417,137447.86014569763,458297.08378480177,8366.316447324267
5304,458297.8447257311,415419.1265280879,42878.71819764323,458297.8447257311,8366.316447324267
5305,458298.60566666065,408157.91239797906,50140.693268681585,458298.60566666065,8366.316447324267
5306,458299.3666075899,394916.6612643491,63382.705343240785,458299.3666075899,8366.316447324267
5307,458300.1275485194,331600.8533515769,126699.27419694251,458300.1275485194,8366.316447324267
5308,458300.8884894488,309417.2018020087,148883.6866874401,458300.8884894488,8366.316447324267
5309,458301.6494303781,311290.98313350737,147010.66629687074,458301.6494303781,8366.316447324267
5310,458302.4103713076,428486.7310409048,29815.679330402774,458302.4103713076,8366.316447324267
5311,458303.1713122369,369080.8950959684,89222.27621626854,458303.1713122369,8366.316447324267
5312,458303.93225316633,360644.1171726173,97659.81508054904,458303.93225316633,8366.316447324267
5313,458304.69319409586,262375.2247024771,195929.46849161873,458304.69319409586,8366.316447324267
5314,458305.4541350252,274706.1258466026,183599.3282884226,458305.4541350252,8366.316447324267
5315,458306.2150759547,267960.8668752224,190345.34820073223,458306.2150759547,8366.316447324267
5316,458306.976016884,255152.5831323032,203154.39288458077,458306.976016884,8366.316447324267
5317,458307.7369578134,98805.22683895566,359502.5101188577,458307.7369578134,8366.316447324267
5318,458308.49789874285,196969.51050677296,261338.9873919699,458308.49789874285,8366.316447324267
5319,458309.25883967214,208345.35845288172,249963.90038679042,458309.25883967214,8366.316447324267
5320,458310.01978060167,245378.0135490368,212932.00623156485,458310.01978060167,8366.316447324267
5321,458310.7807215309,308482.4559278056,149828.3247937253,458310.7807215309,8366.316447324267
5322,458311.54166246037,346330.81034557783,111980.73131688253,458311.54166246037,8366.316447324267
5323,458312.3026033898,356926.62907884485,101385.67352454494,458312.3026033898,8366.316447324267
5324,458313.0635443191,361421.43156448484,96891.6319798343,458313.0635443191,8366.316447324267
5325,458313.82448524854,330731.43490242725,127582.38958282131,458313.82448524854,8366.316447324267
5326,458314.58542617806,221631.8531171043,236682.73230907376,458314.58542617806,8366.316447324267
5327,458315.3463671074,400474.3309279602,57841.0154391472,458315.3463671074,8366.316447324267
5328,458316.1073080368,436894.7926511394,21421.314656897433,458316.1073080368,8366.316447324267
5329,458316.86824896623,439093.8952512376,19222.97299772864,458316.86824896623,8366.316447324267
5330,458317.6291898956,394031.1908071699,64286.43838272569,458317.6291898956,8366.316447324267
5331,458318.39013082505,365281.29897497286,93037.09115585219,458318.39013082505,8366.316447324267
5332,458319.1510717544,440459.38361629273,17859.767455461642,458319.1510717544,8366.316447324267
5333,458319.9120126837,458319.9120126837,0.0,458319.9120126837,8366.316447324267
5334,458320.6729536132,426609.49447549175,31711.178478121466,458320.6729536132,8366.316447324267
5335,458321.43389454257,387343.87548524124,70977.55840930135,458321.43389454257,8366.316447324267
5336,458322.19483547204,444278.5705664551,14043.624269016944,458322.19483547204,8366.316447324267
5337,458322.9557764014,432317.2462219991,26005.70955440228,458322.9557764014,8366.316447324267
5338,458323.71671733074,355054.7802720991,103268.93644523167,458323.71671733074,8366.316447324267
5339,458324.47765826026,369434.0414307825,88890.43622747771,458324.47765826026,8366.316447324267
5340,458325.2385991897,273193.86832926876,185131.37026992094,458325.2385991897,8366.316447324267
5341,458325.999540119,214962.60222202685,243363.39731809217,458325.999540119,8366.316447324267
5342,458326.76048104843,231885.633854681,226441.12662636745,458326.76048104843,8366.316447324267
5343,458327.5214219778,153087.627025739,305239.8943962388,458327.5214219778,8366.316447324267
5344,458328.28236290725,339387.1713053917,118941.11105751553,458328.28236290725,8366.316447324267
5345,458329.0433038367,324337.363113923,133991.6801899137,458329.0433038367,8366.316447324267
5346,458329.80424476595,335543.7059224125,122786.09832235346,458329.80424476595,8366.316447324267
5347,458330.5651856954,318061.15686187503,140269.4083238204,458330.5651856954,8366.316447324267
5348,458331.3261266248,381230.3592412578,77100.96688536699,458331.3261266248,8366.316447324267
5349,458332.08706755436,401740.4623225642,56591.62474499011,458332.08706755436,8366.316447324267
5350,458332.8480084836,427385.4775042054,30947.370504278162,458332.8480084836,8366.316447324267
5351,458333.608949413,430845.6709298115,27487.938019601508,458333.608949413,8366.316447324267
5352,458334.36989034247,408450.1709879508,49884.198902391654,458334.36989034247,8366.316447324267
5353,458335.1308312718,423501.1802148507,34833.95061642113,458335.1308312718,8366.316447324267
5354,458335.8917722013,458335.8917722013,0.0,458335.8917722013,8366.316447324267
5355,458336.6527131307,458336.6527131307,0.0,458336.6527131307,8366.316447324267
5356,458337.41365406,431505.49683866964,26831.91681539032,458337.41365406,8366.316447324267
5357,458338.1745949895,443850.74379504146,14487.430799948068,458338.1745949895,8366.316447324267
5358,458338.93553591886,456071.022061349,2267.9134745698498,458338.93553591886,8366.316447324267
5359,458339.6964768482,431461.02257582656,26878.67390102165,458339.6964768482,8366.316447324267
5360,458340.4574177777,396547.6860013151,61792.771416462616,458340.4574177777,8366.316447324267
5361,458341.21835870703,425235.4229466129,33105.79541209417,458341.21835870703,8366.316447324267
5362,458341.9792996365,397095.4091079829,61246.5701916536,458341.9792996365,8366.316447324267
5363,458342.74024056585,386469.6935441131,71873.04669645279,458342.74024056585,8366.316447324267
5364,466748.87028693466,0.0,466748.87028693466,466748.87028693466,8366.316447324267
5365,458344.26212242467,28358.972759280878,429985.2893631438,458344.26212242467,8366.316447324267
5366,458345.0230633541,406250.3643067766,52094.65875657749,458345.0230633541,8366.316447324267
5367,458345.7840042836,418155.4921516626,40190.291852621,458345.7840042836,8366.316447324267
5368,458346.54494521284,368107.00751233177,90239.53743288106,458346.54494521284,8366.316447324267
5369,458347.30588614225,341336.55001262086,117010.75587352138,458347.30588614225,8366.316447324267
5370,458348.0668270718,226745.84838001485,231602.21844705692,458348.0668270718,8366.316447324267
5371,458348.82776800107,207622.50669486076,250726.3210731403,458348.82776800107,8366.316447324267
5372,458349.5887089305,348147.8528913764,110201.73581755407,458349.5887089305,8366.316447324267
5373,458350.3496498598,268695.6559125914,189654.69373726848,458350.3496498598,8366.316447324267
5374,458351.11059078923,278512.48635059,179838.62424019925,458351.11059078923,8366.316447324267
5375,458351.87153171876,277583.5892922919,180768.28223942683,458351.87153171876,8366.316447324267
5376,458352.6324726481,377952.1256323385,80400.5068403096,458352.6324726481,8366.316447324267
5377,458353.39341357746,364360.19272673904,93993.20068683843,458353.39341357746,8366.316447324267
5378,458354.15435450687,323061.05192051386,135293.10243399304,458354.15435450687,8366.316447324267
5379,458354.91529543634,376873.37119872164,81481.54409671472,458354.91529543634,8366.316447324267
5380,458355.6762363658,386340.97214830987,72014.70408805592,458355.6762363658,8366.316447324267
5381,458356.4371772951,339308.8852408435,119047.55193645161,458356.4371772951,8366.316447324267
5382,458357.1981182245,246941.9939130262,211415.2042051983,458357.1981182245,8366.316447324267
5383,458357.9590591539,366315.4291649975,92042.52989415644,458357.9590591539,8366.316447324267
5384,458358.7200000833,310705.4572268038,147653.2627732795,458358.7200000833,8366.316447324267
5385,458359.48094101273,289505.1443789732,168854.33656203953,458359.48094101273,8366.316447324267
5386,458360.24188194214,342425.0072178383,115935.2346641038,458360.24188194214,8366.316447324267
5387,458361.0028228715,380517.4905635517,77843.51225931977,458361.0028228715,8366.316447324267
5388,458361.76376380096,330190.64132324385,128171.12244055714,458361.76376380096,8366.316447324267
5389,458362.5247047304,297347.78956788615,161014.7351368442,458362.5247047304,8366.316447324267
5390,458363.28564565966,140089.8374697857,318273.44817587396,458363.28564565966,8366.316447324267
5391,458364.04658658913,286559.5021137983,171804.54447279085,458364.04658658913,8366.316447324267
5392,458364.80752751854,311151.5478539389,147213.25967357965,458364.80752751854,8366.316447324267
5393,458365.5684684479,415945.85327534325,42419.715193104654,458365.5684684479,8366.316447324267
5394,458366.3294093774,458244.69285758614,121.63655179126039,458366.3294093774,8366.316447324267
5395,458367.09035030665,458367.09035030665,0.0,458367.09035030665,8366.316447324267
5396,458367.8512912362,458367.8512912362,0.0,458367.8512912362,8366.316447324267
5397,458368.6122321656,458368.6122321656,0.0,458368.6122321656,8366.316447324267
5398,458369.3731730949,458369.3731730949,0.0,458369.3731730949,8366.316447324267
5399,458370.13411402435,458370.13411402435,0.0,458370.13411402435,8366.316447324267
5400,458370.8950549537,458370.8950549537,0.0,458370.8950549537,8366.316447324267
5401,458371.65599588316,458371.65599588316,0.0,458371.65599588316,8366.316447324267
5402,458372.4169368126,458372.4169368126,0.0,458372.4169368126,8366.316447324267
5403,458373.1778777419,458373.1778777419,0.0,458373.1778777419,8366.316447324267
5404,458373.93881867133,458373.93881867133,0.0,458373.93881867133,8366.316447324267
5405,458374.69975960074,441358.4513803839,17016.248379216846,458374.69975960074,8366.316447324267
5406,458375.46070053015,388650.91894743463,69724.54175309552,458375.46070053015,8366.316447324267
5407,458376.2216414596,456010.44277502305,2365.7788664365935,458376.2216414596,8366.316447324267
5408,458376.9825823889,392982.0339544753,65394.9486279136,458376.9825823889,8366.316447324267
5409,458377.74352331844,340672.0330867773,117705.7104365411,458377.74352331844,8366.316447324267
5410,458378.50446424773,418245.220936914,40133.283527333755,458378.50446424773,8366.316447324267
5411,458379.26540517714,397253.0767535888,61126.18865158835,458379.26540517714,8366.316447324267
5412,458380.0263461066,27139.356320471736,431240.67002563487,458380.0263461066,8366.316447324267
5413,458380.7872870359,380153.1886732961,78227.59861373977,458380.7872870359,8366.316447324267
5414,458381.5482279654,365804.7486908887,92576.79953707675,458381.5482279654,8366.316447324267
5415,458382.3091688948,370691.6926238876,87690.61654500716,458382.3091688948,8366.316447324267
5416,458383.0701098241,366767.89669500134,91615.17341482277,458383.0701098241,8366.316447324267
5417,458383.8310507536,387213.2414595138,71170.58959123983,458383.8310507536,8366.316447324267
5418,458384.591991683,153348.43265533756,305036.15933634544,458384.591991683,8366.316447324267
5419,458385.35293261235,434946.7352456004,23438.61768701193,458385.35293261235,8366.316447324267
5420,458386.1138735418,383324.437946839,75061.6759267028,458386.1138735418,8366.316447324267
5421,458386.87481447123,429292.02818049904,29094.846633972167,458386.87481447123,8366.316447324267
5422,458387.63575540064,406702.3886763447,51685.24707905591,458387.63575540064,8366.316447324267
5423,458388.39669633,402718.0327707401,55670.363925589896,458388.39669633,8366.316447324267
5424,458389.1576372594,458389.1576372594,0.0,458389.1576372594,8366.316447324267
5425,458389.9185781888,458389.9185781888,0.0,458389.9185781888,8366.316447324267
5426,458390.67951911816,458390.67951911816,0.0,458390.67951911816,8366.316447324267
5427,458391.4404600477,448381.8134385634,10009.6270214843,458391.4404600477,8366.316447324267
5428,458392.201400977,458392.201400977,0.0,458392.201400977,8366.316447324267
5429,458392.9623419064,458392.9623419064,0.0,458392.9623419064,8366.316447324267
5430,458393.7232828358,423655.07791654696,34738.64536628885,458393.7232828358,8366.316447324267
5431,458394.4842237652,392563.4241178008,65831.06010596444,458394.4842237652,8366.316447324267
5432,458395.2451646946,428702.0092166113,29693.23594808335,458395.2451646946,8366.316447324267
5433,458396.00610562414,404142.49427867716,54253.51182694695,458396.00610562414,8366.316447324267
5434,458396.76704655343,422668.955222929,35727.81182362445,458396.76704655343,8366.316447324267
5435,458397.52798748284,393016.7781284634,65380.74985901944,458397.52798748284,8366.316447324267
5436,458398.28892841225,398425.79836137424,59972.490567037996,458398.28892841225,8366.316447324267
5437,458399.0498693416,289411.00636878004,168988.04350056156,458399.0498693416,8366.316447324267
5438,458399.81081027107,348183.7565692746,110216.05424099645,458399.81081027107,8366.316447324267
5439,458400.5717512004,380444.5424856101,77956.0292655903,458400.5717512004,8366.316447324267
5440,458401.3326921298,351645.4027103885,106755.92998174137,458401.3326921298,8366.316447324267
5441,458402.09363305924,368003.8163410789,90398.27729198034,458402.09363305924,8366.316447324267
5442,458402.85457398865,439605.3544256256,18797.50014836307,458402.85457398865,8366.316447324267
5443,458403.615514918,458403.615514918,0.0,458403.615514918,8366.316447324267
5444,458404.3764558474,438215.5490524729,20188.82740337447,458404.3764558474,8366.316447324267
5445,458405.1373967768,458405.1373967768,0.0,458405.1373967768,8366.316447324267
5446,458405.8983377063,458405.8983377063,0.0,458405.8983377063,8366.316447324267
5447,458406.6592786357,458406.6592786357,0.0,458406.6592786357,8366.316447324267
5448,458407.4202195651,458407.4202195651,0.0,458407.4202195651,8366.316447324267
5449,458408.18116049445,458408.18116049445,0.0,458408.18116049445,8366.316447324267
5450,458408.9421014238,436440.2025568236,21968.7395446002,458408.9421014238,8366.316447324267
5451,458409.7030423533,415488.59880711086,42921.10423524245,458409.7030423533,8366.316447324267
5452,458410.4639832826,449670.1063898009,8740.357593481704,458410.4639832826,8366.316447324267
5453,458411.224924212,458411.224924212,0.0,458411.224924212,8366.316447324267
5454,458411.9858651415,427369.5646752971,31042.421189844397,458411.9858651415,8366.316447324267
5455,458412.7468060708,423383.41183908656,35029.33496698424,458412.7468060708,8366.316447324267
5456,458413.5077470003,360384.94660653564,98028.56114046469,458413.5077470003,8366.316447324267
5457,458414.2686879296,373116.5498786804,85297.7188092492,458414.2686879296,8366.316447324267
5458,458415.029628859,371311.5030420249,87103.52658683411,458415.029628859,8366.316447324267
5459,458415.79056978854,406140.2404611561,52275.5501086324,458415.79056978854,8366.316447324267
5460,458416.5515107179,384303.9407704669,74112.61074025095,458416.5515107179,8366.316447324267
5461,458417.3124516473,402052.63847008155,56364.67398156575,458417.3124516473,8366.316447324267
5462,458418.07339257665,453795.0315755163,4623.041817060397,458418.07339257665,8366.316447324267
5463,458418.83433350606,451949.1452807002,6469.6890528058675,458418.83433350606,8366.316447324267
5464,458419.5952744356,392716.1020342624,65703.49324017318,458419.5952744356,8366.316447324267
5465,458420.3562153649,397561.9709676315,60858.38524773338,458420.3562153649,8366.316447324267
5466,458421.11715629423,421858.19759871846,36562.919557575784,458421.11715629423,8366.316447324267
5467,458421.87809722364,398313.1097246924,60108.76837253121,458421.87809722364,8366.316447324267
5468,458422.639038153,380743.8338405981,77678.8051975549,458422.639038153,8366.316447324267
5469,458423.3999790826,440685.602680977,17737.797298105557,458423.3999790826,8366.316447324267
5470,458424.1609200118,443133.5248121534,15290.636107858394,458424.1609200118,8366.316447324267
5471,458424.9218609412,418393.18133081123,40031.74053012998,458424.9218609412,8366.316447324267
5472,458425.68280187075,399443.6813711191,58982.001430751625,458425.68280187075,8366.316447324267
5473,458426.44374280004,274852.6802422872,183573.76350051284,458426.44374280004,8366.316447324267
5474,458427.20468372956,281184.42619080155,177242.778492928,458427.20468372956,8366.316447324267
5475,458427.9656246589,348158.9601289409,110269.00549571804,458427.9656246589,8366.316447324267
5476,458428.72656558827,391056.4590173287,67372.26754825958,458428.72656558827,8366.316447324267
5477,458429.48750651773,430106.98440034175,28322.50310617598,458429.48750651773,8366.316447324267
5478,458430.24844744714,382705.66241777834,75724.5860296688,458430.24844744714,8366.316447324267
5479,458431.0093883765,285902.94204610685,172528.06734226964,458431.0093883765,8366.316447324267
5480,458431.7703293059,402862.1994178034,55569.57091150254,458431.7703293059,8366.316447324267
5481,458432.5312702353,391180.2363074712,67252.29496276414,458432.5312702353,8366.316447324267
5482,458433.2922111647,331507.2961295248,126925.99608163987,458433.2922111647,8366.316447324267
5483,458434.05315209413,256307.28704664597,202126.76610544816,458434.05315209413,8366.316447324267
5484,458434.8140930235,243699.63681200016,214735.17728102332,458434.8140930235,8366.316447324267
5485,458435.57503395295,237188.81022990026,221246.76480405268,458435.57503395295,8366.316447324267
5486,458436.33597488236,255966.44535566657,202469.8906192158,458436.33597488236,8366.316447324267
5487,458437.09691581177,301616.8916407493,156820.20527506247,458437.09691581177,8366.316447324267
5488,458437.8578567411,247227.8179023538,211210.03995438732,458437.8578567411,8366.316447324267
5489,458438.61879767047,336048.5378411008,122390.08095656967,458438.61879767047,8366.316447324267
5490,458439.3797386,370915.84248344705,87523.53725515291,458439.3797386,8366.316447324267
5491,458440.1406795294,371522.3163858397,86917.82429368966,458440.1406795294,8366.316447324267
5492,458440.9016204587,409455.54879403464,48985.35282642404,458440.9016204587,8366.316447324267
5493,458441.66256138816,396296.0278814878,62145.63467990037,458441.66256138816,8366.316447324267
5494,458442.4235023175,347812.1605419195,110630.26296039796,458442.4235023175,8366.316447324267
5495,458443.184443247,369126.7063319402,89316.47811130677,458443.184443247,8366.316447324267
5496,458443.9453841764,406909.53058972256,51534.41479445385,458443.9453841764,8366.316447324267
5497,458444.7063251056,287104.2661719681,171340.44015313758,458444.7063251056,8366.316447324267
5498,458445.46726603515,366695.0517591022,91750.41550693293,458445.46726603515,8366.316447324267
5499,458446.22820696456,325992.8435661606,132453.38464080397,458446.22820696456,8366.316447324267
5500,458446.989147894,245495.87227427977,212951.11687361426,458446.989147894,8366.316447324267
5501,458447.7500888234,275779.3338087398,182668.41628008362,458447.7500888234,8366.316447324267
5502,458448.51102975267,298880.9083306942,159567.6026990585,458448.51102975267,8366.316447324267
5503,458449.2719706822,405228.4244011632,53220.84756951903,458449.2719706822,8366.316447324267
5504,458450.0329116116,425580.8502418014,32869.18266981019,458450.0329116116,8366.316447324267
5505,458450.7938525409,403246.76587182295,55204.02798071795,458450.7938525409,8366.316447324267
5506,458451.55479347036,380544.5935496073,77906.96124386306,458451.55479347036,8366.316447324267
5507,458452.3157343997,299517.639328438,158934.67640596174,458452.3157343997,8366.316447324267
5508,458453.07667532924,218460.7233140755,239992.35336125374,458453.07667532924,8366.316447324267
5509,458453.8376162586,138512.76901945262,319941.06859680597,458453.8376162586,8366.316447324267
5510,458454.59855718794,101035.69362131902,357418.9049358689,458454.59855718794,8366.316447324267
5511,458455.35949811735,235685.33131477033,222770.02818334702,458455.35949811735,8366.316447324267
5512,458456.12043904676,253191.29860721703,205264.82183182973,458456.12043904676,8366.316447324267
5513,458456.8813799763,205860.39482772836,252596.48655224792,458456.8813799763,8366.316447324267
5514,458457.64232090564,212386.01553655328,246071.62678435235,458457.64232090564,8366.316447324267
5515,458458.4032618349,321151.17750036705,137307.22576146785,458458.4032618349,8366.316447324267
5516,458459.1642027645,379842.28328770807,78616.88091505642,458459.1642027645,8366.316447324267
5517,458459.92514369375,439716.37997917883,18743.54516451492,458459.92514369375,8366.316447324267
5518,458460.68608462316,400901.9910710926,57558.69501353055,458460.68608462316,8366.316447324267
5519,458461.44702555257,363547.3198610387,94914.12716451386,458461.44702555257,8366.316447324267
5520,458462.2079664819,442689.77863746777,15772.42932901415,458462.2079664819,8366.316447324267
5521,458462.96890741144,415102.9801205717,43359.98878683976,458462.96890741144,8366.316447324267
5522,458463.7298483408,440189.73250452115,18273.99734381967,458463.7298483408,8366.316447324267
5523,458464.49078927014,458464.49078927014,0.0,458464.49078927014,8366.316447324267
5524,458465.25173019955,458465.25173019955,0.0,458465.25173019955,8366.316447324267
5525,458466.01267112896,458466.01267112896,0.0,458466.01267112896,8366.316447324267
5526,458466.7736120584,430343.15480387816,28123.618808180203,458466.7736120584,8366.316447324267
5527,458467.53455298784,393087.93006618024,65379.60448680762,458467.53455298784,8366.316447324267
5528,458468.2954939172,408879.9343887727,49588.36110514449,458468.2954939172,8366.316447324267
5529,458469.0564348466,405257.83199521346,53211.22443963315,458469.0564348466,8366.316447324267
5530,458469.817375776,300187.5929053294,158282.22447044658,458469.817375776,8366.316447324267
5531,458470.5783167054,397695.0661309535,60775.5121857519,458470.5783167054,8366.316447324267
5532,458471.33925763477,370322.2868154288,88149.05244220597,458471.33925763477,8366.316447324267
5533,458472.1001985642,335177.50856502476,123294.5916335394,458472.1001985642,8366.316447324267
5534,458472.86113949365,384135.7715995695,74337.08953992416,458472.86113949365,8366.316447324267
5535,458473.622080423,377692.9769699478,80780.64511047518,458473.622080423,8366.316447324267
5536,458474.3830213524,390995.06178663287,67479.32123471952,458474.3830213524,8366.316447324267
5537,458475.1439622818,431375.97639645485,27099.167565826956,458475.1439622818,8366.316447324267
5538,458475.90490321117,458475.90490321117,0.0,458475.90490321117,8366.316447324267
5539,458476.6658441406,435473.4675012688,23003.198342871805,458476.6658441406,8366.316447324267
5540,458477.4267850701,458477.4267850701,0.0,458477.4267850701,8366.316447324267
5541,458478.18772599945,438740.9147042066,19737.27302179286,458478.18772599945,8366.316447324267
5542,458478.94866692886,415304.7969802091,43174.15168671972,458478.94866692886,8366.316447324267
5543,458479.7096078583,407971.1651899895,50508.544417868805,458479.7096078583,8366.316447324267
5544,458480.47054878756,414496.2621948973,43984.20835389026,458480.47054878756,8366.316447324267
5545,458481.231489717,440308.76555602724,18172.465933689764,458481.231489717,8366.316447324267
5546,458481.99243064644,432807.87485460576,25674.117576040666,458481.99243064644,8366.316447324267
5547,458482.75337157585,458482.75337157585,0.0,458482.75337157585,8366.316447324267
5548,458483.51431250526,428082.15688477125,30401.35742773403,458483.51431250526,8366.316447324267
5549,458484.2752534346,427476.5660940342,31007.709159400452,458484.2752534346,8366.316447324267
5550,458485.036194364,428300.27011395595,30184.766080408044,458485.036194364,8366.316447324267
5551,458485.7971352934,360176.9960475862,98308.80108770724,458485.7971352934,8366.316447324267
5552,458486.55807622283,320059.67916813894,138426.8789080839,458486.55807622283,8366.316447324267
5553,458487.3190171523,270164.31758785027,188323.00142930204,458487.3190171523,8366.316447324267
5554,458488.07995808165,368970.7838073421,89517.29615073952,458488.07995808165,8366.316447324267
5555,458488.8408990111,339885.75994549075,118603.0809535204,458488.8408990111,8366.316447324267
5556,458489.6018399405,382141.5177637766,76348.0840761639,458489.6018399405,8366.316447324267
5557,458490.3627808698,391271.453982685,67218.90879818481,458490.3627808698,8366.316447324267
5558,458491.12372179935,269231.44761502126,189259.67610677812,458491.12372179935,8366.316447324267
5559,458491.8846627286,257864.07703631825,200627.80762641033,458491.8846627286,8366.316447324267
5560,458492.6456036581,329234.4953769589,129258.15022669919,458492.6456036581,8366.316447324267
5561,458493.4065445876,379629.2260800345,78864.18046455304,458493.4065445876,8366.316447324267
5562,458494.1674855168,402737.85814972274,55756.30933579406,458494.1674855168,8366.316447324267
5563,458494.9284264463,403386.3955679135,55108.53285853281,458494.9284264463,8366.316447324267
5564,458495.6893673756,303004.1507538816,155491.53861349402,458495.6893673756,8366.316447324267
5565,458496.45030830504,289073.18113473605,169423.269173569,458496.45030830504,8366.316447324267
5566,458497.2112492345,358776.83686867764,99720.37438055688,458497.2112492345,8366.316447324267
5567,458497.9721901639,372257.319069304,86240.65312085993,458497.9721901639,8366.316447324267
5568,458498.7331310933,330973.0379597703,127525.69517132304,458498.7331310933,8366.316447324267
5569,458499.4940720227,293771.8649879734,164727.62908404926,458499.4940720227,8366.316447324267
5570,458500.2550129521,315207.0529708849,143293.2020420672,458500.2550129521,8366.316447324267
5571,458501.01595388155,337206.0112475753,121295.00470630624,458501.01595388155,8366.316447324267
5572,458501.77689481096,346880.6442986921,111621.13259611881,458501.77689481096,8366.316447324267
5573,458502.53783574025,385533.02989850193,72969.50793723829,458502.53783574025,8366.316447324267
5574,458503.29877666966,236837.32606315758,221665.97271351208,458503.29877666966,8366.316447324267
5575,458504.05971759907,410723.147579549,47780.91213805007,458504.05971759907,8366.316447324267
5576,458504.8206585286,360485.89811896766,98018.92253956091,458504.8206585286,8366.316447324267
5577,458505.58159945783,353675.4364750677,104830.14512439012,458505.58159945783,8366.316447324267
5578,458506.3425403873,283135.1250446322,175371.21749575512,458506.3425403873,8366.316447324267
5579,458507.1034813167,303573.154877537,154933.94860377972,458507.1034813167,8366.316447324267
5580,458507.8644222461,278959.50649717014,179548.35792507598,458507.8644222461,8366.316447324267
5581,458508.6253631756,290816.64082591474,167691.98453726084,458508.6253631756,8366.316447324267
5582,458509.38630410493,327976.34574317187,130533.04056093306,458509.38630410493,8366.316447324267
5583,458510.1472450343,410468.58074554073,48041.566499493565,458510.1472450343,8366.316447324267
5584,458510.90818596375,403554.26930214517,54956.63888381858,458510.90818596375,8366.316447324267
5585,458511.66912689316,359459.7925311908,99051.87659570239,458511.66912689316,8366.316447324267
5586,458512.4300678224,368127.4908868226,90384.9391809998,458512.4300678224,8366.316447324267
5587,458513.1910087519,373285.7357219046,85227.45528684733,458513.1910087519,8366.316447324267
5588,458513.95194968133,404108.1651960771,54405.786753604225,458513.95194968133,8366.316447324267
5589,458514.71289061074,357723.0202108645,100791.69267974624,458514.71289061074,8366.316447324267
5590,458515.4738315401,152718.82610488776,305796.6477266523,458515.4738315401,8366.316447324267
5591,458516.2347724695,145529.79506422736,312986.43970824213,458516.2347724695,8366.316447324267
5592,458516.9957133989,189043.21430656,269473.7814068389,458516.9957133989,8366.316447324267
5593,458517.7566543284,196110.3898857992,262407.3667685292,458517.7566543284,8366.316447324267
5594,458518.5175952578,353581.0402413883,104937.47735386946,458518.5175952578,8366.316447324267
5595,458519.27853618714,364541.5158597212,93977.76267646588,458519.27853618714,8366.316447324267
5596,458520.0394771165,420845.87279536563,37674.16668175086,458520.0394771165,8366.316447324267
5597,458520.800418046,425394.46638714103,33126.33403090496,458520.800418046,8366.316447324267
5598,458521.56135897536,330197.0299193157,128324.53143965968,458521.56135897536,8366.316447324267
5599,458522.3222999047,294365.86162977177,164156.46067013295,458522.3222999047,8366.316447324267
5600,458523.0832408342,360073.1828438617,98449.90039697249,458523.0832408342,8366.316447324267
5601,458523.8441817635,351172.3291150317,107351.51506673178,458523.8441817635,8366.316447324267
5602,458524.605122693,343715.71763717855,114808.88748551444,458524.605122693,8366.316447324267
5603,458525.3660636224,352713.97859373846,105811.38746988396,458525.3660636224,8366.316447324267
5604,458526.1270045517,323830.1839677221,134695.94303682962,458526.1270045517,8366.316447324267
5605,458526.88794548117,357388.17925986514,101138.70868561602,458526.88794548117,8366.316447324267
5606,458527.6488864106,379376.1300328955,79151.5188535151,458527.6488864106,8366.316447324267
5607,458528.40982734,406193.866115622,52334.54371171798,458528.40982734,8366.316447324267
5608,458529.1707682694,301061.8615692989,157467.3091989705,458529.1707682694,8366.316447324267
5609,458529.93170919875,380451.9594596397,78077.97224955908,458529.93170919875,8366.316447324267
5610,458530.69265012816,340909.26204256085,117621.43060756734,458530.69265012816,8366.316447324267
5611,458531.45359105757,377495.67320429825,81035.78038675929,458531.45359105757,8366.316447324267
5612,458532.214531987,331112.48700679064,127419.72752519633,458532.214531987,8366.316447324267
5613,458532.9754729164,336059.560955403,122473.41451751335,458532.9754729164,8366.316447324267
5614,458533.73641384573,369942.05012101715,88591.6862928286,458533.73641384573,8366.316447324267
5615,458534.49735477526,391414.61108755664,67119.88626721861,458534.49735477526,8366.316447324267
5616,458535.25829570455,378223.0964740988,80312.16182160577,458535.25829570455,8366.316447324267
5617,458536.0192366339,421770.7282601266,36765.29097650728,458536.0192366339,8366.316447324267
5618,458536.7801775634,359377.7906408181,99158.98953674534,458536.7801775634,8366.316447324267
5619,458537.5411184928,331836.50546823145,126701.03565026134,458537.5411184928,8366.316447324267
5620,458538.30205942225,287916.5123310919,170621.7897283303,458538.30205942225,8366.316447324267
5621,458539.06300035166,329089.17382078967,129449.88917956196,458539.06300035166,8366.316447324267
5622,458539.82394128095,275012.33241900883,183527.49152227215,458539.82394128095,8366.316447324267
5623,458540.5848822105,350581.72501916793,107958.85986304255,458540.5848822105,8366.316447324267
5624,458541.3458231398,379429.96909295424,79111.3767301856,458541.3458231398,8366.316447324267
5625,458542.1067640692,317222.1971166213,141319.90964744787,458542.1067640692,8366.316447324267
5626,458542.8677049986,289108.7911590864,169434.07654591222,458542.8677049986,8366.316447324267
5627,458543.628645928,241334.34582570812,217209.28282021987,458543.628645928,8366.316447324267
5628,458544.38958685746,260078.78462150414,198465.60496535333,458544.38958685746,8366.316447324267
5629,458545.1505277868,209102.1328003563,249443.0177274305,458545.1505277868,8366.316447324267
5630,458545.9114687162,354119.60062356107,104426.31084515515,458545.9114687162,8366.316447324267
5631,458546.6724096456,53180.8580226099,405365.8143870357,458546.6724096456,8366.316447324267
5632,458547.43335057504,39884.31019109476,418663.1231594803,458547.43335057504,8366.316447324267
5633,458548.1942915045,162419.34769197105,296128.84659953346,458548.1942915045,8366.316447324267
5634,458548.9552324338,252087.69843828143,206461.25679415237,458548.9552324338,8366.316447324267
5635,458549.71617336327,338036.77716881456,120512.93900454868,458549.71617336327,8366.316447324267
5636,458550.4771142927,332902.4139523377,125648.063161955,458550.4771142927,8366.316447324267
5637,458551.238055222,330281.46141320874,128269.77664201328,458551.238055222,8366.316447324267
5638,458551.99899615144,366789.8962320273,91762.10276412412,458551.99899615144,8366.316447324267
5639,458552.75993708085,252852.29363534445,205700.4663017364,458552.75993708085,8366.316447324267
5640,458553.5208780102,342552.0116793717,116001.5091986385,458553.5208780102,8366.316447324267
5641,458554.28181893966,355096.63020016294,103457.65161877674,458554.28181893966,8366.316447324267
5642,458555.04275986913,268512.0710782864,190042.9716815827,458555.04275986913,8366.316447324267
5643,458555.80370079837,339908.2081063214,118647.59559447697,458555.80370079837,8366.316447324267
5644,458556.56464172783,431366.8337203633,27189.730921364524,458556.56464172783,8366.316447324267
5645,458557.32558265724,210692.6184241585,247864.70715849873,458557.32558265724,8366.316447324267
5646,458558.0865235866,329347.7261181624,129210.36040542419,458558.0865235866,8366.316447324267
5647,458558.8474645161,319023.0930002986,139535.75446421752,458558.8474645161,8366.316447324267
5648,458559.6084054454,36010.0118041134,422549.596601332,458559.6084054454,8366.316447324267
5649,458560.3693463749,170271.16847975657,288289.2008666183,458560.3693463749,8366.316447324267
5650,458561.1302873043,218206.13892618872,240354.99136111556,458561.1302873043,8366.316447324267
5651,458561.89122823364,184214.68844275287,274347.20278548077,458561.89122823364,8366.316447324267
5652,458562.65216916305,123011.8096600963,335550.84250906674,458562.65216916305,8366.316447324267
5653,458563.4131100924,37634.942819830845,420928.47029026155,458563.4131100924,8366.316447324267
5654,458564.1740510219,111308.98805031471,347255.1860007072,458564.1740510219,8366.316447324267
5655,458564.9349919513,115076.0192613253,343488.915730626,458564.9349919513,8366.316447324267
5656,458565.6959328806,282693.3302364391,175872.36569644147,458565.6959328806,8366.316447324267
5657,458566.45687381004,366642.30147756496,91924.1553962451,458566.45687381004,8366.316447324267
5658,458567.21781473944,336898.7564520203,121668.46136271913,458567.21781473944,8366.316447324267
5659,458567.97875566885,333064.6580924284,125503.32066324046,458567.97875566885,8366.316447324267
5660,458568.7396965984,259895.9167000209,198672.82299657748,458568.7396965984,8366.316447324267
5661,458569.5006375277,226621.42713489884,231948.07350262883,458569.5006375277,8366.316447324267
5662,458570.26157845714,136064.3653181052,322505.89626035193,458570.26157845714,8366.316447324267
5663,458571.0225193865,315447.127169591,143123.89534979544,458571.0225193865,8366.316447324267
5664,458571.78346031584,194745.02024523524,263826.7632150806,458571.78346031584,8366.316447324267
5665,458572.5444012453,303676.09289480845,154896.45150643686,458572.5444012453,8366.316447324267
5666,458573.3053421746,185191.2525010234,273382.0528411512,458573.3053421746,8366.316447324267
5667,458574.0662831041,208425.80743093134,250148.2588521728,458574.0662831041,8366.316447324267
5668,458574.8272240335,212700.09533594607,245874.7318880874,458574.8272240335,8366.316447324267
5669,458575.5881649629,145241.05121980293,313334.53694515995,458575.5881649629,8366.316447324267
5670,458576.3491058923,205273.3511458517,253302.9979600406,458576.3491058923,8366.316447324267
5671,458577.11004682165,303371.1117094073,155205.99833741435,458577.11004682165,8366.316447324267
5672,458577.87098775106,278765.86505084333,179812.00593690772,458577.87098775106,8366.316447324267
5673,458578.6319286805,192699.7433184309,265878.8886102496,458578.6319286805,8366.316447324267
5674,458579.39286960993,128931.22856684611,329648.1643027638,458579.39286960993,8366.316447324267
5675,458580.1538105394,118763.69702072284,339816.45678981656,458580.1538105394,8366.316447324267
5676,458580.9147514687,150687.761955661,307893.1527958077,458580.9147514687,8366.316447324267
5677,458581.6756923981,186980.60073428298,271601.0749581151,458581.6756923981,8366.316447324267
5678,458582.4366333275,26158.698706847732,432423.7379264798,458582.4366333275,8366.316447324267
5679,458583.19757425686,92184.09565641038,366399.1019178465,458583.19757425686,8366.316447324267
5680,458583.9585151863,292619.0105523955,165964.94796279087,458583.9585151863,8366.316447324267
5681,458584.7194561157,372110.71236790693,86474.00708820875,458584.7194561157,8366.316447324267
5682,458585.4803970451,399990.69722735643,58594.783169688664,458585.4803970451,8366.316447324267
5683,458586.2413379745,356052.1496134394,102534.09172453509,458586.2413379745,8366.316447324267
5684,458587.00227890385,337481.23249685834,121105.76978204552,458587.00227890385,8366.316447324267
5685,458587.76321983326,342129.26806530013,116458.49515453314,458587.76321983326,8366.316447324267
5686,458588.5241607628,335623.8445277124,122964.67963305041,458588.5241607628,8366.316447324267
5687,458589.28510169213,241831.18533795906,216758.09976373307,458589.28510169213,8366.316447324267
5688,458590.04604262154,101335.55018617393,357254.4958564476,458590.04604262154,8366.316447324267
5689,458590.80698355095,97594.07833278249,360996.72865076846,458590.80698355095,8366.316447324267
5690,458591.5679244803,83436.97468245024,375154.59324203007,458591.5679244803,8366.316447324267
5691,458592.32886540977,90249.62903069734,368342.69983471243,458592.32886540977,8366.316447324267
5692,458593.0898063392,147245.46843252284,311347.62137381634,458593.0898063392,8366.316447324267
5693,458593.85074726853,93078.17408268043,365515.6766645881,458593.85074726853,8366.316447324267
5694,458594.61168819794,55566.73618904734,403027.8754991506,458594.61168819794,8366.316447324267
5695,458595.37262912735,212903.53220910352,245691.84042002383,458595.37262912735,8366.316447324267
5696,458596.1335700567,259536.3229385068,199059.8106315499,458596.1335700567,8366.316447324267
5697,458596.8945109861,211683.27101835777,246913.62349262834,458596.8945109861,8366.316447324267
5698,458597.65545191546,223945.36184910827,234652.29360280719,458597.65545191546,8366.316447324267
5699,458598.416392845,165826.8383855477,292771.5780072973,458598.416392845,8366.316447324267
5700,458599.1773337744,189374.5713836858,269224.6059500886,458599.1773337744,8366.316447324267
5701,458599.9382747038,205881.87226081546,252718.06601388834,458599.9382747038,8366.316447324267
5702,458600.69921563315,262943.00643248303,195657.69278315012,458600.69921563315,8366.316447324267
5703,458601.4601565625,240895.26337180915,217706.19678475335,458601.4601565625,8366.316447324267
5704,458602.22109749203,277778.09208814125,180824.12900935076,458602.22109749203,8366.316447324267
5705,458602.9820384214,350575.69983288116,108027.28220554024,458602.9820384214,8366.316447324267
5706,458603.7429793507,408760.56080252264,49843.18217682805,458603.7429793507,8366.316447324267
5707,458604.5039202802,391929.95616755594,66674.54775272425,458604.5039202802,8366.316447324267
5708,458605.2648612095,418866.97977864905,39738.285082560455,458605.2648612095,8366.316447324267
5709,458606.025802139,422235.83558432286,36370.19021781617,458606.025802139,8366.316447324267
5710,458606.7867430683,449769.14067195426,8837.646071114073,458606.7867430683,8366.316447324267
5711,458607.54768399766,442745.6742385229,15861.87344547475,458607.54768399766,8366.316447324267
5712,458608.3086249272,440171.762728083,18436.545896844156,458608.3086249272,8366.316447324267
5713,458609.0695658566,458609.0695658566,0.0,458609.0695658566,8366.316447324267
5714,458609.830506786,437624.6847591982,20985.145747587805,458609.830506786,8366.316447324267
5715,458610.59144771536,434596.45181711053,24014.139630604815,458610.59144771536,8366.316447324267
5716,458611.3523886447,421320.1440336425,37291.20835500225,458611.3523886447,8366.316447324267
5717,458612.11332957423,388088.0527811678,70524.06054840646,458612.11332957423,8366.316447324267
5718,458612.8742705036,376509.2188093345,82103.65546116908,458612.8742705036,8366.316447324267
5719,458613.635211433,344657.6852768655,113955.94993456748,458613.635211433,8366.316447324267
5720,458614.39615236234,370606.7086114216,88007.68754094075,458614.39615236234,8366.316447324267
5721,458615.15709329175,365965.4034367657,92649.75365652604,458615.15709329175,8366.316447324267
5722,458615.9180342213,387806.2865173826,70809.63151683866,458615.9180342213,8366.316447324267
5723,458616.6789751505,365741.7673202248,92874.91165492572,458616.6789751505,8366.316447324267
5724,458617.4399160799,366047.0702237457,92570.36969233419,458617.4399160799,8366.316447324267
5725,458618.2008570094,305852.69681476604,152765.50404224332,458618.2008570094,8366.316447324267
5726,458618.9617979388,406886.074899497,51732.88689844184,458618.9617979388,8366.316447324267
5727,458619.72273886827,335608.7130972083,123011.00964165997,458619.72273886827,8366.316447324267
5728,458620.4836797976,313279.0510317413,145341.4326480563,458620.4836797976,8366.316447324267
5729,458621.24462072697,367015.86809509393,91605.37652563304,458621.24462072697,8366.316447324267
5730,458622.00556165644,378323.5776121095,80298.42794954698,458622.00556165644,8366.316447324267
5731,458622.76650258584,378084.9558301634,80537.81067242248,458622.76650258584,8366.316447324267
5732,458623.5274435152,422906.0220449803,35717.50539853488,458623.5274435152,8366.316447324267
5733,458624.28838444466,432348.2296401387,26276.05874430595,458624.28838444466,8366.316447324267
5734,458625.049325374,458625.049325374,0.0,458625.049325374,8366.316447324267
5735,458625.8102663034,458625.8102663034,0.0,458625.8102663034,8366.316447324267
5736,458626.57120723283,458626.57120723283,0.0,458626.57120723283,8366.316447324267
5737,458627.3321481622,458627.3321481622,0.0,458627.3321481622,8366.316447324267
5738,458628.0930890916,458628.0930890916,0.0,458628.0930890916,8366.316447324267
5739,458628.854030021,458628.854030021,0.0,458628.854030021,8366.316447324267
5740,458629.6149709505,458629.6149709505,0.0,458629.6149709505,8366.316447324267
5741,458630.3759118798,458630.3759118798,0.0,458630.3759118798,8366.316447324267
5742,458631.1368528092,424905.33791175584,33725.79894105337,458631.1368528092,8366.316447324267
5743,458631.89779373875,381533.0043340004,77098.89345973832,458631.89779373875,8366.316447324267
5744,458632.65873466805,372049.93325192924,86582.72548273884,458632.65873466805,8366.316447324267
5745,458633.4196755974,368518.3465545956,90115.07312100177,458633.4196755974,8366.316447324267
5746,458634.18061652686,403871.0285010895,54763.152115437384,458634.18061652686,8366.316447324267
5747,458634.94155745616,396662.64678828756,61972.29476916863,458634.94155745616,8366.316447324267
5748,458635.7024983857,401994.800044999,56640.90245338672,458635.7024983857,8366.316447324267
5749,458636.4634393151,348808.22718031995,109828.23625899512,458636.4634393151,8366.316447324267
5750,458637.2243802444,328635.0548277815,130002.16955246287,458637.2243802444,8366.316447324267
5751,458637.98532117385,319507.9621995843,139130.02312158956,458637.98532117385,8366.316447324267
5752,458638.74626210326,314998.08251748263,143640.66374462063,458638.74626210326,8366.316447324267
5753,458639.5072030327,329661.85263803334,128977.65456499938,458639.5072030327,8366.316447324267
5754,458640.26814396214,381268.6981074549,77371.57003650718,458640.26814396214,8366.316447324267
5755,458641.02908489143,391050.99315052456,67590.03593436684,458641.02908489143,8366.316447324267
5756,458641.7900258209,388991.9056827582,69649.88434306269,458641.7900258209,8366.316447324267
5757,458642.5509667503,390012.0529096878,68630.49805706249,458642.5509667503,8366.316447324267
5758,458643.31190767966,370514.5016227864,88128.81028489329,458643.31190767966,8366.316447324267
5759,458644.07284860907,401868.1346897043,56775.9381589048,458644.07284860907,8366.316447324267
5760,458644.8337895384,394440.6788361845,64204.154953353944,458644.8337895384,8366.316447324267
5761,458645.594730468,419298.6551044156,39346.939626052364,458645.594730468,8366.316447324267
5762,458646.3556713973,439892.8952374982,18753.460433899065,458646.3556713973,8366.316447324267
5763,458647.11661232664,450946.8196353578,7700.296976968808,458647.11661232664,8366.316447324267
5764,458647.8775532561,458647.8775532561,0.0,458647.8775532561,8366.316447324267
5765,458648.6384941854,449490.01897905377,9158.619515131642,458648.6384941854,8366.316447324267
5766,458649.3994351149,427344.22553042945,31305.17390468543,458649.3994351149,8366.316447324267
5767,458650.16037604434,387278.530489633,71371.62988641135,458650.16037604434,8366.316447324267
5768,458650.92131697363,374415.0425045305,84235.87881244314,458650.92131697363,8366.316447324267
5769,458651.68225790316,370968.602068419,87683.0801894842,458651.68225790316,8366.316447324267
5770,458652.4431988325,370051.7527984557,88600.69040037681,458652.4431988325,8366.316447324267
5771,458653.20413976186,368926.50520296145,89726.69893680043,458653.20413976186,8366.316447324267
5772,458653.9650806913,374162.2327750893,84491.73230560207,458653.9650806913,8366.316447324267
5773,458654.7260216207,382873.4514660484,75781.27455557226,458654.7260216207,8366.316447324267
5774,458655.4869625502,331227.5396558896,127427.94730666056,458655.4869625502,8366.316447324267
5775,458656.2479034795,332925.8457826888,125730.4021207907,458656.2479034795,8366.316447324267
5776,458657.0088444089,345131.35538517695,113525.65345923192,458657.0088444089,8366.316447324267
5777,458657.76978533826,362118.547226064,96539.22255927423,458657.76978533826,8366.316447324267
5778,458658.53072626767,332105.06766927644,126553.46305699121,458658.53072626767,8366.316447324267
5779,458659.29166719713,317936.34010917705,140722.95155802008,458659.29166719713,8366.316447324267
5780,458660.05260812654,361410.2922313511,97249.76037677545,458660.05260812654,8366.316447324267
5781,458660.81354905595,326224.3812016067,132436.4323474492,458660.81354905595,8366.316447324267
5782,458661.57448998536,335549.38277265546,123112.19171732993,458661.57448998536,8366.316447324267
5783,458662.33543091465,275392.3498871415,183269.9855437732,458662.33543091465,8366.316447324267
5784,458663.0963718441,307970.2600769235,150692.8362949206,458663.0963718441,8366.316447324267
5785,458663.85731277347,270951.01019500324,187712.84711777026,458663.85731277347,8366.316447324267
5786,458664.6182537029,264087.52831136005,194577.0899423428,458664.6182537029,8366.316447324267
5787,458665.37919463235,290963.9133732086,167701.46582142374,458665.37919463235,8366.316447324267
5788,458666.14013556176,351545.44632359635,107120.6938119654,458666.14013556176,8366.316447324267
5789,458666.9010764911,365363.75808087457,93303.14299561651,458666.9010764911,8366.316447324267
5790,458667.6620174205,290932.77933620993,167734.88268121058,458667.6620174205,8366.316447324267
5791,458668.4229583499,336961.14944554114,121707.27351280878,458668.4229583499,8366.316447324267
5792,458669.1838992793,377320.33194838074,81348.85195089853,458669.1838992793,8366.316447324267
5793,458669.94484020874,367245.5052986005,91424.43954160826,458669.94484020874,8366.316447324267
5794,458670.7057811382,370706.19474455033,87964.5110365879,458670.7057811382,8366.316447324267
5795,458671.46672206756,370536.184327685,88135.28239438258,458671.46672206756,8366.316447324267
5796,458672.227662997,371042.6849441187,87629.54271887822,458672.227662997,8366.316447324267
5797,458672.98860392626,372222.4918385912,86450.49676533512,458672.98860392626,8366.316447324267
5798,458673.7495448558,321819.23024229263,136854.5193025632,458673.7495448558,8366.316447324267
5799,458674.51048578514,347021.9682386185,111652.54224716662,458674.51048578514,8366.316447324267
5800,458675.2714267146,316191.54271460173,142483.7287121129,458675.2714267146,8366.316447324267
5801,458676.03236764396,333144.1411540705,125531.89121357344,458676.03236764396,8366.316447324267
5802,458676.7933085733,330684.45033105183,127992.3429775215,458676.7933085733,8366.316447324267
5803,458677.5542495028,283669.75607170275,175007.79817780002,458677.5542495028,8366.316447324267
5804,458678.3151904321,214652.4756451491,244025.83954528303,458678.3151904321,8366.316447324267
5805,458679.07613136154,231810.98915920695,226868.0869721546,458679.07613136154,8366.316447324267
5806,458679.837072291,137569.68602474616,321110.15104754484,458679.837072291,8366.316447324267
5807,458680.59801322035,178474.8816969301,280205.71631629026,458680.59801322035,8366.316447324267
5808,458681.3589541498,138517.35803199455,320164.0009221553,458681.3589541498,8366.316447324267
5809,458682.11989507923,129002.39663253445,329679.7232625448,458682.11989507923,8366.316447324267
5810,458682.8808360085,182358.60186944943,276324.2789665591,458682.8808360085,8366.316447324267
5811,458683.64177693805,110192.27798999014,348491.3637869479,458683.64177693805,8366.316447324267
5812,458684.40271786734,69897.57063332706,388786.8320845403,458684.40271786734,8366.316447324267
5813,458685.1636587968,94834.6801814466,363850.4834773502,458685.1636587968,8366.316447324267
5814,458685.9245997262,121144.44681731774,337541.4777824085,458685.9245997262,8366.316447324267
5815,458686.68554065557,350064.8587837887,108621.82675686688,458686.68554065557,8366.316447324267
5816,458687.4464815849,365422.7547723077,93264.69170927725,458687.4464815849,8366.316447324267
5817,458688.20742251433,354933.1286450614,103755.07877745293,458688.20742251433,8366.316447324267
5818,458688.96836344374,365057.1900796047,93631.77828383906,458688.96836344374,8366.316447324267
5819,458689.7293043732,385749.7787965212,72939.950507852,458689.7293043732,8366.316447324267
5820,458690.4902453026,357284.24924511445,101406.24100018818,458690.4902453026,8366.316447324267
5821,458691.2511862321,258150.11150257598,200541.1396836561,458691.2511862321,8366.316447324267
5822,458692.0121271614,321161.34796809277,137530.6641590686,458692.0121271614,8366.316447324267
5823,458692.7730680908,295373.3771394938,163319.39592859693,458692.7730680908,8366.316447324267
5824,458693.5340090203,18153.062562518055,440540.47144650226,458693.5340090203,8366.316447324267
5825,458694.2949499496,440519.66262253496,18174.63232741465,458694.2949499496,8366.316447324267
5826,458695.05589087895,458695.05589087895,0.0,458695.05589087895,8366.316447324267
5827,458695.8168318084,458695.8168318084,0.0,458695.8168318084,8366.316447324267
5828,458696.5777727378,403044.7506138703,55651.8271588675,458696.5777727378,8366.316447324267
5829,458697.3387136673,391787.9252510744,66909.41346259286,458697.3387136673,8366.316447324267
5830,458698.0996545966,372090.68625222926,86607.41340236733,458698.0996545966,8366.316447324267
5831,458698.86059552594,360532.592141576,98166.26845394993,458698.86059552594,8366.316447324267
5832,458699.6215364554,291537.18148273596,167162.44005371945,458699.6215364554,8366.316447324267
5833,458700.3824773849,270128.9194709617,188571.4630064232,458700.3824773849,8366.316447324267
5834,458701.1434183143,240677.59890343272,218023.54451488156,458701.1434183143,8366.316447324267
5835,458701.90435924364,170250.48772350315,288451.4166357405,458701.90435924364,8366.316447324267
5836,458702.66530017304,171448.36360626633,287254.3016939067,458702.66530017304,8366.316447324267
5837,458703.42624110245,225229.0630936777,233474.36314742477,458703.42624110245,8366.316447324267
5838,458704.18718203186,179873.83234985964,278830.3548321722,458704.18718203186,8366.316447324267
5839,458704.94812296116,345534.88959315873,113170.05852980242,458704.94812296116,8366.316447324267
5840,458705.7090638906,382874.977346122,75830.73171776866,458705.7090638906,8366.316447324267
5841,458706.47000482003,366617.8038637306,92088.66614108946,458706.47000482003,8366.316447324267
5842,458707.23094574944,372742.72354221216,85964.50740353731,458707.23094574944,8366.316447324267
5843,458707.9918866788,371986.26492917637,86721.72695750244,458707.9918866788,8366.316447324267
5844,458708.75282760814,231048.64725931754,227660.1055682906,458708.75282760814,8366.316447324267
5845,458709.51376853755,375313.1251281359,83396.38864040168,458709.51376853755,8366.316447324267
5846,458710.2747094671,404046.10561932856,54664.1690901385,458710.2747094671,8366.316447324267
5847,458711.0356503965,209294.61004658684,249416.42560380965,458711.0356503965,8366.316447324267
5848,458711.79659132584,339279.3517825171,119432.44480880872,458711.79659132584,8366.316447324267
5849,458712.5575322552,400937.2855961735,57775.27193608167,458712.5575322552,8366.316447324267
5850,458713.3184731847,441455.3249180863,17257.993555098452,458713.3184731847,8366.316447324267
5851,458714.07941411407,458714.07941411407,0.0,458714.07941411407,8366.316447324267
5852,458714.8403550434,458714.8403550434,0.0,458714.8403550434,8366.316447324267
5853,458715.6012959729,458715.6012959729,0.0,458715.6012959729,8366.316447324267
5854,458716.3622369022,435514.56322827545,23201.79900862674,458716.3622369022,8366.316447324267
5855,458717.1231778317,430238.6742852129,28478.44889261884,458717.1231778317,8366.316447324267
5856,458717.8841187611,332390.0175113267,126327.86660743441,458717.8841187611,8366.316447324267
5857,458718.64505969035,184051.60740855458,274667.03765113576,458718.64505969035,8366.316447324267
5858,458719.40600061987,260719.8535862866,197999.55241433327,458719.40600061987,8366.316447324267
5859,458720.1669415493,124288.62904244568,334431.5378991036,458720.1669415493,8366.316447324267
5860,458720.9278824787,162441.57530364773,296279.35257883096,458720.9278824787,8366.316447324267
5861,458721.6888234081,184730.47815281787,273991.2106705902,458721.6888234081,8366.316447324267
5862,458722.44976433745,189995.16208403086,268727.2876803066,458722.44976433745,8366.316447324267
5863,458723.2107052669,322799.0259931734,135924.1847120935,458723.2107052669,8366.316447324267
5864,458723.9716461963,334268.74548759067,124455.22615860563,458723.9716461963,8366.316447324267
5865,458724.7325871257,351347.13659849344,107377.59598863225,458724.7325871257,8366.316447324267
5866,458725.4935280551,346743.7885920483,111981.7049360068,458725.4935280551,8366.316447324267
5867,458726.25446898444,385345.7020730935,73380.55239589093,458726.25446898444,8366.316447324267
5868,458727.01540991396,419909.542707785,38817.47270212898,458727.01540991396,8366.316447324267
5869,458727.77635084325,387348.09828718315,71379.67806366009,458727.77635084325,8366.316447324267
5870,458728.5372917726,320707.69547733455,138020.84181443806,458728.5372917726,8366.316447324267
5871,458729.29823270213,208096.65815364188,250632.64007906025,458729.29823270213,8366.316447324267
5872,458730.0591736315,78548.16510315111,380181.89407048037,458730.0591736315,8366.316447324267
5873,458730.8201145609,290818.11157971725,167912.70853484367,458730.8201145609,8366.316447324267
5874,458731.5810554903,146911.87599075068,311819.7050647396,458731.5810554903,8366.316447324267
5875,458732.34199641965,237378.4306962783,221353.91130014136,458732.34199641965,8366.316447324267
5876,458733.1029373492,92158.49911299301,366574.60382435616,458733.1029373492,8366.316447324267
5877,458733.8638782785,323563.6284807417,135170.23539753683,458733.8638782785,8366.316447324267
5878,458734.6248192079,362178.48129560816,96556.14352359972,458734.6248192079,8366.316447324267
5879,458735.3857601373,458735.3857601373,0.0,458735.3857601373,8366.316447324267
5880,458736.1467010667,458736.1467010667,0.0,458736.1467010667,8366.316447324267
5881,458736.90764199616,387027.1748902376,71709.73275175855,458736.90764199616,8366.316447324267
5882,458737.6685829255,426766.87436494813,31970.794217977407,458737.6685829255,8366.316447324267
5883,458738.4295238549,440922.67145756626,17815.758066288676,458738.4295238549,8366.316447324267
5884,458739.1904647843,458739.1904647843,0.0,458739.1904647843,8366.316447324267
5885,458739.9514057137,458739.9514057137,0.0,458739.9514057137,8366.316447324267
5886,458740.7123466431,399552.16402833443,59188.54831830865,458740.7123466431,8366.316447324267
5887,458741.4732875725,343785.5522024315,114955.92108514105,458741.4732875725,8366.316447324267
5888,458742.2342285019,358040.07972834294,100702.15450015895,458742.2342285019,8366.316447324267
5889,458742.9951694314,345455.71686239744,113287.27830703392,458742.9951694314,8366.316447324267
5890,458743.75611036073,343325.306155494,115418.44995486672,458743.75611036073,8366.316447324267
5891,458744.51705129014,384308.86839216633,74435.64865912384,458744.51705129014,8366.316447324267
5892,458745.27799221955,169354.89106125565,289390.3869309639,458745.27799221955,8366.316447324267
5893,458746.0389331489,55487.9958760374,403258.0430571115,458746.0389331489,8366.316447324267
5894,458746.79987407837,359504.83098679024,99241.96888728812,458746.79987407837,8366.316447324267
5895,458747.5608150078,449432.75657571777,9314.804239290015,458747.5608150078,8366.316447324267
5896,458748.3217559371,430726.7607439152,28021.561012021906,458748.3217559371,8366.316447324267
5897,458749.08269686654,440562.0813733956,18187.001323470944,458749.08269686654,8366.316447324267
5898,458749.84363779594,458749.84363779594,0.0,458749.84363779594,8366.316447324267
5899,458750.6045787253,458750.6045787253,0.0,458750.6045787253,8366.316447324267
5900,458751.3655196548,458751.3655196548,0.0,458751.3655196548,8366.316447324267
5901,458752.1264605842,458752.1264605842,0.0,458752.1264605842,8366.316447324267
5902,458752.8874015136,458752.8874015136,0.0,458752.8874015136,8366.316447324267
5903,458753.648342443,458753.648342443,0.0,458753.648342443,8366.316447324267
5904,458754.40928337234,458754.40928337234,0.0,458754.40928337234,8366.316447324267
5905,458755.17022430175,458755.17022430175,0.0,458755.17022430175,8366.316447324267
5906,458755.9311652311,458755.9311652311,0.0,458755.9311652311,8366.316447324267
5907,458756.6921061606,437444.29388402746,21312.398222133146,458756.6921061606,8366.316447324267
5908,458757.45304709,458757.45304709,0.0,458757.45304709,8366.316447324267
5909,458758.2139880193,458758.2139880193,0.0,458758.2139880193,8366.316447324267
5910,458758.9749289488,433048.0926575694,25710.882271379418,458758.9749289488,8366.316447324267
5911,458759.7358698781,398097.5714043415,60662.16446553657,458759.7358698781,8366.316447324267
5912,458760.4968108075,385157.1915320429,73603.30527876459,458760.4968108075,8366.316447324267
5913,458761.257751737,377205.9259251419,81555.33182659511,458761.257751737,8366.316447324267
5914,458762.0186926664,373177.1234809433,85584.89521172307,458762.0186926664,8366.316447324267
5915,458762.77963359584,371961.9394843757,86800.84014922012,458762.77963359584,8366.316447324267
5916,458763.5405745252,339765.6610892811,118997.8794852441,458763.5405745252,8366.316447324267
5917,458764.30151545454,303364.6455961709,155399.65591928366,458764.30151545454,8366.316447324267
5918,458765.06245638407,274365.4707760572,184399.59168032682,458765.06245638407,8366.316447324267
5919,458765.82339731336,334546.4209505208,124219.40244679255,458765.82339731336,8366.316447324267
5920,458766.5843382428,384112.0356370207,74654.54870122213,458766.5843382428,8366.316447324267
5921,458767.3452791722,456407.47675177205,2359.8685274001487,458767.3452791722,8366.316447324267
5922,458768.1062201016,458768.1062201016,0.0,458768.1062201016,8366.316447324267
5923,458768.867161031,350668.6320879138,108100.23507311719,458768.867161031,8366.316447324267
5924,458769.62810196035,406880.458811537,51889.16929042335,458769.62810196035,8366.316447324267
5925,458770.38904288976,439624.31760635413,19146.071436535614,458770.38904288976,8366.316447324267
5926,458771.1499838192,427514.52686126466,31256.623122554574,458771.1499838192,8366.316447324267
5927,458771.91092474863,452797.0764809275,5974.834443821081,458771.91092474863,8366.316447324267
5928,458772.6718656781,458772.6718656781,0.0,458772.6718656781,8366.316447324267
5929,458773.4328066074,458773.4328066074,0.0,458773.4328066074,8366.316447324267
5930,458774.1937475368,458774.1937475368,0.0,458774.1937475368,8366.316447324267
5931,458774.95468846627,458774.95468846627,0.0,458774.95468846627,8366.316447324267
5932,458775.71562939556,458775.71562939556,0.0,458775.71562939556,8366.316447324267
5933,458776.4765703251,458776.4765703251,0.0,458776.4765703251,8366.316447324267
5934,458777.23751125444,426131.97879894107,32645.258712313393,458777.23751125444,8366.316447324267
5935,458777.9984521838,385716.2317665743,73061.7666856095,458777.9984521838,8366.316447324267
5936,458778.7593931132,406037.58951026824,52741.169882844966,458778.7593931132,8366.316447324267
5937,458779.5203340426,418269.6567632338,40509.86357080875,458779.5203340426,8366.316447324267
5938,458780.28127497196,441929.8286833263,16850.452591645637,458780.28127497196,8366.316447324267
5939,458781.0422159014,372153.08502247557,86627.95719342589,458781.0422159014,8366.316447324267
5940,458781.80315683084,308134.43741741544,150647.36573941537,458781.80315683084,8366.316447324267
5941,458782.56409776025,323091.4263809985,135691.13771676173,458782.56409776025,8366.316447324267
5942,458783.32503868965,290842.5210380824,167940.80400060726,458783.32503868965,8366.316447324267
5943,458784.08597961906,346067.815524817,112716.2704548021,458784.08597961906,8366.316447324267
5944,458784.8469205485,332745.96421208687,126038.8827084616,458784.8469205485,8366.316447324267
5945,458785.6078614779,373686.21207619086,85099.39578528702,458785.6078614779,8366.316447324267
5946,458786.3688024073,332849.963054884,125936.4057475233,458786.3688024073,8366.316447324267
5947,458787.1297433366,318874.4333637296,139912.696379607,458787.1297433366,8366.316447324267
5948,458787.89068426605,437167.3449876921,21620.545696573972,458787.89068426605,8366.316447324267
5949,458788.6516251955,458788.6516251955,0.0,458788.6516251955,8366.316447324267
5950,458789.4125661248,458789.4125661248,0.0,458789.4125661248,8366.316447324267
5951,458790.17350705416,458790.17350705416,0.0,458790.17350705416,8366.316447324267
5952,458790.9344479837,458790.9344479837,0.0,458790.9344479837,8366.316447324267
5953,458791.69538891304,458791.69538891304,0.0,458791.69538891304,8366.316447324267
5954,458792.4563298425,458792.4563298425,0.0,458792.4563298425,8366.316447324267
5955,458793.2172707719,458793.2172707719,0.0,458793.2172707719,8366.316447324267
5956,458793.9782117012,458793.9782117012,0.0,458793.9782117012,8366.316447324267
5957,458794.73915263073,458794.73915263073,0.0,458794.73915263073,8366.316447324267
5958,458795.5000935602,428612.9166092784,30182.583484281757,458795.5000935602,8366.316447324267
5959,458796.2610344894,389084.2116381542,69712.0493963352,458796.2610344894,8366.316447324267
5960,458797.0219754189,390752.9289703103,68044.09300510857,458797.0219754189,8366.316447324267
5961,458797.78291634825,372375.06998859544,86422.71292775283,458797.78291634825,8366.316447324267
5962,458798.5438572777,393504.4216539942,65294.12220328355,458798.5438572777,8366.316447324267
5963,458799.304798207,386479.7850399817,72319.51975822533,458799.304798207,8366.316447324267
5964,458800.0657391364,388451.89708824735,70348.16865088904,458800.0657391364,8366.316447324267
5965,458800.8266800659,417824.7711704683,40976.0555095976,458800.8266800659,8366.316447324267
5966,458801.58762099524,424070.32025471044,34731.26736628478,458801.58762099524,8366.316447324267
5967,458802.34856192477,22122.653199059772,436679.695362865,458802.34856192477,8366.316447324267
5968,458803.1095028541,401992.4126834557,56810.69681939843,458803.1095028541,8366.316447324267
5969,458803.87044378347,443179.7938853546,15624.076558428853,458803.87044378347,8366.316447324267
5970,458804.631384713,448915.87090490485,9888.760479808161,458804.631384713,8366.316447324267
5971,458805.3923256423,458805.3923256423,0.0,458805.3923256423,8366.316447324267
5972,458806.1532665717,443544.06614484865,15262.087121723032,458806.1532665717,8366.316447324267
5973,458806.91420750116,419951.01940376323,38855.89480373792,458806.91420750116,8366.316447324267
5974,458807.67514843046,432855.25575862575,25952.41938980471,458807.67514843046,8366.316447324267
5975,458808.43608936,458808.43608936,0.0,458808.43608936,8366.316447324267
5976,458809.19703028933,458809.19703028933,0.0,458809.19703028933,8366.316447324267
5977,458809.9579712186,458809.9579712186,0.0,458809.9579712186,8366.316447324267
5978,458810.7189121481,458810.7189121481,0.0,458810.7189121481,8366.316447324267
5979,458811.4798530775,458811.4798530775,0.0,458811.4798530775,8366.316447324267
5980,458812.24079400697,458812.24079400697,0.0,458812.24079400697,8366.316447324267
5981,458813.0017349363,439403.46014043497,19409.54159450133,458813.0017349363,8366.316447324267
5982,458813.7626758658,391600.45139665087,67213.31127921489,458813.7626758658,8366.316447324267
5983,458814.52361679514,383887.04509068106,74927.4785261141,458814.52361679514,8366.316447324267
5984,458815.28455772455,385694.44998579286,73120.83457193169,458815.28455772455,8366.316447324267
5985,458816.04549865396,394733.5891698149,64082.45632883907,458816.04549865396,8366.316447324267
5986,458816.8064395833,370563.63561661093,88253.17082297239,458816.8064395833,8366.316447324267
5987,458817.5673805127,386995.476572974,71822.09080753871,458817.5673805127,8366.316447324267
5988,458818.3283214422,383152.97322568204,75665.35509576014,458818.3283214422,8366.316447324267
5989,458819.08926237153,372096.82213683147,86722.26712554008,458819.08926237153,8366.316447324267
5990,458819.8502033009,395501.7662666582,63318.08393664267,458819.8502033009,8366.316447324267
5991,458820.61114423035,339350.9290882089,119469.68205602147,458820.61114423035,8366.316447324267
5992,458821.3720851597,250328.7256091272,208492.6464760325,458821.3720851597,8366.316447324267
5993,458822.13302608917,262397.4476625215,196424.68536356764,458822.13302608917,8366.316447324267
5994,458822.8939670186,320717.70989177225,138105.18407524633,458822.8939670186,8366.316447324267
5995,458823.65490794793,292197.6664838772,166625.9884240707,458823.65490794793,8366.316447324267
5996,458824.4158488774,377719.9138565692,81104.50199230821,458824.4158488774,8366.316447324267
5997,458825.1767898068,410024.41330932535,48800.76348048145,458825.1767898068,8366.316447324267
5998,458825.9377307361,428806.695557755,30019.242172981085,458825.9377307361,8366.316447324267
5999,458826.69867166557,426535.15947258804,32291.53919907753,458826.69867166557,8366.316447324267
6000,458827.459612595,428353.7580343946,30473.701578200373,458827.459612595,8366.316447324267
6001,458828.2205535244,441164.41187962936,17663.808673895008,458828.2205535244,8366.316447324267
6002,458828.9814944538,458828.9814944538,0.0,458828.9814944538,8366.316447324267
6003,458829.74243538314,458829.74243538314,0.0,458829.74243538314,8366.316447324267
6004,458830.50337631255,458830.50337631255,0.0,458830.50337631255,8366.316447324267
6005,458831.26431724196,458831.26431724196,0.0,458831.26431724196,8366.316447324267
6006,458832.0252581713,430117.88741450297,28714.137843668337,458832.0252581713,8366.316447324267
6007,458832.7861991008,381267.3437070764,77565.4424920244,458832.7861991008,8366.316447324267
6008,458833.54714003013,376470.93592718546,82362.61121284465,458833.54714003013,8366.316447324267
6009,458834.30808095966,371664.9839892011,87169.3240917586,458834.30808095966,8366.316447324267
6010,458835.069021889,370111.03565699636,88724.03336489266,458835.069021889,8366.316447324267
6011,458835.82996281836,394972.64970356633,63863.180259252025,458835.82996281836,8366.316447324267
6012,458836.59090374777,386626.2188101756,72210.37209357216,458836.59090374777,8366.316447324267
6013,458837.3518446771,335042.835227604,123794.5166170731,458837.3518446771,8366.316447324267
6014,458838.11278560665,329638.50444490847,129199.60834069818,458838.11278560665,8366.316447324267
6015,458838.87372653605,254616.9009229336,204221.97280360246,458838.87372653605,8366.316447324267
6016,458839.63466746535,315892.5914796885,142947.04318777687,458839.63466746535,8366.316447324267
6017,458840.3956083948,367304.00930350996,91536.38630488484,458840.3956083948,8366.316447324267
6018,458841.1565493241,377252.96525499725,81588.19129432685,458841.1565493241,8366.316447324267
6019,458841.9174902536,385454.36234032235,73387.55514993124,458841.9174902536,8366.316447324267
6020,458842.67843118304,353958.630046282,104884.048384901,458842.67843118304,8366.316447324267
6021,458843.43937211233,399551.53472823853,59291.9046438738,458843.43937211233,8366.316447324267
6022,458844.20031304186,428344.20904162945,30499.991271412404,458844.20031304186,8366.316447324267
6023,458844.9612539712,419873.36117606366,38971.60007790754,458844.9612539712,8366.316447324267
6024,458845.72219490056,458845.72219490056,0.0,458845.72219490056,8366.316447324267
6025,458846.48313583,458846.48313583,0.0,458846.48313583,8366.316447324267
6026,458847.2440767594,458847.2440767594,0.0,458847.2440767594,8366.316447324267
6027,458848.00501768885,458848.00501768885,0.0,458848.00501768885,8366.316447324267
6028,458848.7659586182,458848.7659586182,0.0,458848.7659586182,8366.316447324267
6029,458849.5268995476,458849.5268995476,0.0,458849.5268995476,8366.316447324267
6030,458850.287840477,430546.2301085895,28304.057731887482,458850.287840477,8366.316447324267
6031,458851.04878140637,391992.1670993037,66858.8816821027,458851.04878140637,8366.316447324267
6032,458851.8097223358,377256.782931254,81595.02679108178,458851.8097223358,8366.316447324267
6033,458852.5706632652,371072.67239620094,87779.89826706426,458852.5706632652,8366.316447324267
6034,458853.33160419465,363784.8723777968,95068.45922639787,458853.33160419465,8366.316447324267
6035,458854.0925451241,342622.6299547029,116231.46259042119,458854.0925451241,8366.316447324267
6036,458854.8534860534,361530.46107293107,97324.39241312232,458854.8534860534,8366.316447324267
6037,458855.6144269828,349690.0592032983,109165.55522368454,458855.6144269828,8366.316447324267
6038,458856.3753679123,283599.6896105445,175256.6857573678,458856.3753679123,8366.316447324267
6039,458857.1363088416,275409.87530772487,183447.2610011167,458857.1363088416,8366.316447324267
6040,458857.8972497711,288369.7150629027,170488.1821868684,458857.8972497711,8366.316447324267
6041,458858.65819070046,355628.3446382909,103230.31355240957,458858.65819070046,8366.316447324267
6042,458859.4191316298,369002.1514922348,89857.26763939504,458859.4191316298,8366.316447324267
6043,458860.1800725592,359830.6117091656,99029.56836339361,458860.1800725592,8366.316447324267
6044,458860.9410134886,416723.8918990679,42137.049114420704,458860.9410134886,8366.316447324267
6045,458861.701954418,422564.43320882646,36297.268745591486,458861.701954418,8366.316447324267
6046,458862.46289534745,439893.3525127736,18969.110382573857,458862.46289534745,8366.316447324267
6047,458863.2238362769,458863.2238362769,0.0,458863.2238362769,8366.316447324267
6048,458863.98477720626,458863.98477720626,0.0,458863.98477720626,8366.316447324267
6049,458864.7457181357,458864.7457181357,0.0,458864.7457181357,8366.316447324267
6050,458865.506659065,458865.506659065,0.0,458865.506659065,8366.316447324267
6051,458866.2675999945,448212.78181230905,10653.485787685435,458866.2675999945,8366.316447324267
6052,458867.02854092384,454827.9839950565,4039.04454586734,458867.02854092384,8366.316447324267
6053,458867.7894818533,433527.0045685672,25340.784913286094,458867.7894818533,8366.316447324267
6054,458868.55042278266,386582.6304175864,72285.92000519627,458868.55042278266,8366.316447324267
6055,458869.311363712,350800.1081325466,108069.20323116542,458869.311363712,8366.316447324267
6056,458870.0723046415,362689.3684116866,96180.70389295487,458870.0723046415,8366.316447324267
6057,458870.83324557083,339399.6062807977,119471.22696477314,458870.83324557083,8366.316447324267
6058,458871.5941865002,315288.13652458513,143583.45766191505,458871.5941865002,8366.316447324267
6059,458872.3551274297,361552.40462907235,97319.95049835736,458872.3551274297,8366.316447324267
6060,458873.1160683591,383417.8398905847,75455.27617777439,458873.1160683591,8366.316447324267
6061,458873.8770092885,394920.6841849233,63953.19282436519,458873.8770092885,8366.316447324267
6062,458874.63795021793,122841.97411787044,336032.6638323475,458874.63795021793,8366.316447324267
6063,458875.3988911472,343384.2032731977,115491.19561794952,458875.3988911472,8366.316447324267
6064,458876.15983207675,401017.59875752893,57858.56107454783,458876.15983207675,8366.316447324267
6065,458876.9207730061,402160.3750838847,56716.54568912142,458876.9207730061,8366.316447324267
6066,458877.6817139355,440136.20030842564,18741.481405509887,458877.6817139355,8366.316447324267
6067,458878.442654865,424272.2253409644,34606.21731390056,458878.442654865,8366.316447324267
6068,458879.2035957943,262627.2586929003,196251.944902894,458879.2035957943,8366.316447324267
6069,458879.9645367238,326701.27699080633,132178.68754591743,458879.9645367238,8366.316447324267
6070,458880.725477653,358486.20986533817,100394.51561231483,458880.725477653,8366.316447324267
6071,458881.48641858244,371964.9196002473,86916.56681833515,458881.48641858244,8366.316447324267
6072,458882.2473595119,352622.12382497924,106260.12353453267,458882.2473595119,8366.316447324267
6073,458883.0083004413,353458.4434267392,105424.56487370215,458883.0083004413,8366.316447324267
6074,458883.7692413707,283493.8844870521,175389.88475431866,458883.7692413707,8366.316447324267
6075,458884.5301823001,343324.7750503657,115559.75513193436,458884.5301823001,8366.316447324267
6076,458885.2911232295,312862.15083782567,146023.14028540382,458885.2911232295,8366.316447324267
6077,458886.052064159,293982.1322630038,164903.91980115522,458886.052064159,8366.316447324267
6078,458886.8130050883,283306.1590337391,175580.65397134918,458886.8130050883,8366.316447324267
6079,458887.57394601766,153715.3753093487,305172.19863666897,458887.57394601766,8366.316447324267
6080,458888.3348869471,287533.0092341354,171355.32565281173,458888.3348869471,8366.316447324267
6081,458889.0958278765,294182.1040222675,164706.99180560894,458889.0958278765,8366.316447324267
6082,458889.856768806,293539.7006662992,165350.1561025068,458889.856768806,8366.316447324267
6083,458890.6177097353,300710.77936007746,158179.83834965786,458890.6177097353,8366.316447324267
6084,458891.37865066464,314893.73762846,143997.64102220465,458891.37865066464,8366.316447324267
6085,458892.1395915941,249291.08948244865,209601.05010914546,458892.1395915941,8366.316447324267
6086,458892.9005325235,369192.26376668876,89700.63676583473,458892.9005325235,8366.316447324267
6087,458893.6614734529,360841.14789359254,98052.51357986039,458893.6614734529,8366.316447324267
6088,490615.21996610134,0.0,490615.21996610134,490615.21996610134,8366.316447324267
6089,458895.18335531175,333424.8424119832,125470.34094332859,458895.18335531175,8366.316447324267
6090,458895.94429624116,358148.909796332,100747.03449990912,458895.94429624116,8366.316447324267
6091,458896.70523717056,297233.96509421396,161662.74014295664,458896.70523717056,8366.316447324267
6092,458897.4661781,314537.2589888548,144360.20718924515,458897.4661781,8366.316447324267
6093,458898.22711902927,296098.5601216336,162799.66699739572,458898.22711902927,8366.316447324267
6094,458898.98805995873,407069.4865808178,51829.50147914096,458898.98805995873,8366.316447324267
6095,458899.7490008882,430898.16695719055,28001.582043697625,458899.7490008882,8366.316447324267
6096,458900.50994181755,433286.3973625002,25614.112579317367,458900.50994181755,8366.316447324267
6097,458901.2708827469,421935.62459736597,36965.646285380906,458901.2708827469,8366.316447324267
6098,458902.03182367637,425362.02304044,33540.00878323639,458902.03182367637,8366.316447324267
6099,458902.7927646057,434037.1567644658,24865.636000139926,458902.7927646057,8366.316447324267
6100,458903.55370553513,423657.7079100573,35245.845795477886,458903.55370553513,8366.316447324267
6101,458904.31464646454,405603.0476064852,53301.26703997937,458904.31464646454,8366.316447324267
6102,458905.0755873939,340839.44592288265,118065.62966451125,458905.0755873939,8366.316447324267
6103,458905.8365283234,273112.9629035904,185792.873624733,458905.8365283234,8366.316447324267
6104,458906.5974692528,352985.80475983705,105920.7927094158,458906.5974692528,8366.316447324267
6105,458907.3584101821,359715.77741979685,99191.58099038528,458907.3584101821,8366.316447324267
6106,458908.1193511116,344666.7738422444,114241.34550886719,458908.1193511116,8366.316447324267
6107,458908.88029204094,341013.2523098259,117895.62798221501,458908.88029204094,8366.316447324267
6108,458909.6412329704,381201.8885525124,77707.75268045798,458909.6412329704,8366.316447324267
6109,458910.4021738998,340252.12476222246,118658.27741167735,458910.4021738998,8366.316447324267
6110,458911.1631148291,366777.78239726415,92133.38071756499,458911.1631148291,8366.316447324267
6111,458911.9240557586,415197.76635549945,43714.15770025912,458911.9240557586,8366.316447324267
6112,458912.6849966879,350710.929342416,108201.75565427191,458912.6849966879,8366.316447324267
6113,458913.44593761745,399339.7343061373,59573.71163148012,458913.44593761745,8366.316447324267
6114,458914.20687854674,312139.9160952227,146774.29078332408,458914.20687854674,8366.316447324267
6115,458914.96781947615,377175.45309037773,81739.51472909843,458914.96781947615,8366.316447324267
6116,458915.7287604057,358792.05104077363,100123.67771963208,458915.7287604057,8366.316447324267
6117,458916.48970133497,417918.4743998513,40998.0153014837,458916.48970133497,8366.316447324267
6118,458917.2506422644,430403.8939486708,28513.35669359357,458917.2506422644,8366.316447324267
6119,458918.01158319385,432839.4031301828,26078.608453011017,458918.01158319385,8366.316447324267
6120,458918.77252412314,408082.17140871624,50836.60111540688,458918.77252412314,8366.316447324267
6121,458919.53346505266,458919.53346505266,0.0,458919.53346505266,8366.316447324267
6122,458920.294405982,440139.2923824744,18781.002023507634,458920.294405982,8366.316447324267
6123,458921.05534691137,458921.05534691137,0.0,458921.05534691137,8366.316447324267
6124,458921.81628784083,458921.81628784083,0.0,458921.81628784083,8366.316447324267
6125,458922.5772287702,458922.5772287702,0.0,458922.5772287702,8366.316447324267
6126,458923.33816969953,429879.98405327555,29043.354116424005,458923.33816969953,8366.316447324267
6127,458924.09911062906,390093.35795212456,68830.74115850452,458924.09911062906,8366.316447324267
6128,458924.8600515584,376361.46434404526,82563.39570751316,458924.8600515584,8366.316447324267
6129,458925.6209924879,372612.625239717,86312.99575277086,458925.6209924879,8366.316447324267
6130,458926.38193341723,371618.9712004738,87307.41073294343,458926.38193341723,8366.316447324267
6131,458927.14287434664,371192.84285777004,87734.30001657658,458927.14287434664,8366.316447324267
6132,458927.903815276,372493.91350015637,86433.9903151196,458927.903815276,8366.316447324267
6133,458928.6647562054,373265.0247054399,85663.6400507655,458928.6647562054,8366.316447324267
6134,458929.4256971349,297467.8588500425,161461.5668470924,458929.4256971349,8366.316447324267
6135,458930.1866380642,319927.6948229554,139002.4918151088,458930.1866380642,8366.316447324267
6136,458930.9475789936,359741.3394568735,99189.60812212017,458930.9475789936,8366.316447324267
6137,458931.70851992304,366309.8223335495,92621.88618637354,458931.70851992304,8366.316447324267
6138,458932.4694608523,385183.2386914769,73749.23076937548,458932.4694608523,8366.316447324267
6139,458933.23040178185,311960.7459687353,146972.4844330465,458933.23040178185,8366.316447324267
6140,458933.99134271126,406564.60030187975,52369.39104083152,458933.99134271126,8366.316447324267
6141,458934.7522836406,418009.16999236,40925.582291280625,458934.7522836406,8366.316447324267
6142,458935.5132245701,458935.5132245701,0.0,458935.5132245701,8366.316447324267
6143,458936.2741654995,437592.8801568872,21343.394008612337,458936.2741654995,8366.316447324267
6144,458937.03510642884,390410.41146130004,68526.62364512878,458937.03510642884,8366.316447324267
6145,458937.7960473582,385599.4919608091,73338.30408654912,458937.7960473582,8366.316447324267
6146,458938.55698828766,226976.56292457692,231961.99406371074,458938.55698828766,8366.316447324267
6147,458939.31792921707,242621.15407452514,216318.16385469193,458939.31792921707,8366.316447324267
6148,458940.0788701465,68756.81077995786,390183.2680901886,458940.0788701465,8366.316447324267
6149,458940.8398110759,48222.34162054706,410718.49819052883,458940.8398110759,8366.316447324267
6150,458941.60075200524,22053.321458102786,436888.27929390245,458941.60075200524,8366.316447324267
6151,458942.36169293465,130460.05820607644,328482.3034868582,458942.36169293465,8366.316447324267
6152,458943.12263386394,303696.644080902,155246.47855296198,458943.12263386394,8366.316447324267
6153,458943.88357479346,334694.0733533415,124249.81022145197,458943.88357479346,8366.316447324267
6154,458944.6445157229,337937.586483954,121007.05803176886,458944.6445157229,8366.316447324267
6155,458945.4054566524,349068.6059309988,109876.79952565357,458945.4054566524,8366.316447324267
6156,458946.1663975817,363521.3980738474,95424.76832373426,458946.1663975817,8366.316447324267
6157,458946.9273385111,347489.963973474,111456.96336503708,458946.9273385111,8366.316447324267
6158,458947.68827944057,385135.7539248106,73811.93435462995,458947.68827944057,8366.316447324267
6159,458948.4492203699,351259.91528363584,107688.53393673405,458948.4492203699,8366.316447324267
6160,458949.2101612993,365296.74375442555,93652.4664068738,458949.2101612993,8366.316447324267
6161,458949.97110222874,365247.9468686803,93702.02423354842,458949.97110222874,8366.316447324267
6162,458950.73204315803,139659.1957465122,319291.5362966458,458950.73204315803,8366.316447324267
6163,458951.4929840875,121870.60761475598,337080.8853693315,458951.4929840875,8366.316447324267
6164,458952.2539250169,117182.87538018869,341769.3785448282,458952.2539250169,8366.316447324267
6165,458953.0148659462,49267.23154380283,409685.78332214337,458953.0148659462,8366.316447324267
6166,458953.7758068757,56936.58258014725,402017.1932267285,458953.7758068757,8366.316447324267
6167,458954.5367478051,44974.4103137583,413980.1264340468,458954.5367478051,8366.316447324267
6168,458955.29768873454,51456.18432740006,407499.1133613345,458955.29768873454,8366.316447324267
6169,458956.05862966395,51055.178825007984,407900.87980465597,458956.05862966395,8366.316447324267
6170,458956.8195705933,48496.78060657781,410460.0389640155,458956.8195705933,8366.316447324267
6171,458957.58051152277,108069.13568652782,350888.44482499495,458957.58051152277,8366.316447324267
6172,458958.34145245206,122050.98055465397,336907.3608977981,458958.34145245206,8366.316447324267
6173,458959.1023933816,219259.7955280876,239699.306865294,458959.1023933816,8366.316447324267
6174,458959.8633343109,198171.97476186417,260787.8885724467,458959.8633343109,8366.316447324267
6175,458960.6242752403,171195.09024528298,287765.5340299573,458960.6242752403,8366.316447324267
6176,458961.38521616976,350939.66706099047,108021.71815517929,458961.38521616976,8366.316447324267
6177,458962.14615709905,373273.9140663843,85688.23209071474,458962.14615709905,8366.316447324267
6178,458962.90709802846,351733.90465524094,107229.00244278749,458962.90709802846,8366.316447324267
6179,458963.6680389579,382079.7926778008,76883.87536115712,458963.6680389579,8366.316447324267
6180,458964.4289798873,291600.50516148325,167363.92381840403,458964.4289798873,8366.316447324267
6181,458965.1899208168,293915.3398130594,165049.85010775737,458965.1899208168,8366.316447324267
6182,458965.95086174615,316973.4583286085,141992.49253313767,458965.95086174615,8366.316447324267
6183,458966.7118026755,239096.91351694957,219869.79828572593,458966.7118026755,8366.316447324267
6184,458967.472743605,297285.54993251304,161681.92281109194,458967.472743605,8366.316447324267
6185,458968.2336845343,373805.11421878583,85163.11946574847,458968.2336845343,8366.316447324267
6186,458968.9946254638,429014.54230150254,29954.452323961243,458968.9946254638,8366.316447324267
6187,458969.75556639314,373318.38447031926,85651.37109607387,458969.75556639314,8366.316447324267
6188,458970.51650732243,330604.8936358134,128365.62287150908,458970.51650732243,8366.316447324267
6189,458971.27744825196,334003.6000119057,124967.67743634626,458971.27744825196,8366.316447324267
6190,458972.0383891813,311362.64426425303,147609.39412492828,458972.0383891813,8366.316447324267
6191,458972.79933011066,336785.2590679885,122187.5402621222,458972.79933011066,8366.316447324267
6192,458973.5602710402,389054.20811075764,69919.35216028252,458973.5602710402,8366.316447324267
6193,458974.32121196954,431839.86633490113,27134.45487706843,458974.32121196954,8366.316447324267
6194,458975.08215289895,439769.3741630206,19205.70798987837,458975.08215289895,8366.316447324267
6195,458975.84309382836,458975.84309382836,0.0,458975.84309382836,8366.316447324267
6196,458976.60403475777,418487.64431144274,40488.95972331505,458976.60403475777,8366.316447324267
6197,458977.3649756872,375469.54601998226,83507.81895570492,458977.3649756872,8366.316447324267
6198,458978.1259166166,357134.07458640647,101844.05133021012,458978.1259166166,8366.316447324267
6199,458978.8868575459,244989.91123519425,213988.97562235163,458978.8868575459,8366.316447324267
6200,458979.64779847534,349106.40771690145,109873.24008157391,458979.64779847534,8366.316447324267
6201,458980.40873940475,331857.15875129355,127123.2499881112,458980.40873940475,8366.316447324267
6202,458981.1696803343,349559.6216198292,109421.54806050504,458981.1696803343,8366.316447324267
6203,458981.9306212635,333600.2761005518,125381.65452071169,458981.9306212635,8366.316447324267
6204,470988.39935343905,0.0,470988.39935343905,470988.39935343905,8366.316447324267
6205,458983.4525031224,63155.363446595846,395828.08905652654,458983.4525031224,8366.316447324267
6206,458984.21344405174,368004.5488353037,90979.66460874803,458984.21344405174,8366.316447324267
6207,458984.9743849812,344606.2081644724,114378.76622050878,458984.9743849812,8366.316447324267
6208,458985.7353259106,349008.85611498787,109976.87921092275,458985.7353259106,8366.316447324267
6209,458986.4962668399,323870.97089667514,135115.5253701648,458986.4962668399,8366.316447324267
6210,458987.25720776943,162716.40680990025,296270.8503978692,458987.25720776943,8366.316447324267
6211,458988.01814869884,435181.50538093445,23806.51276776438,458988.01814869884,8366.316447324267
6212,458988.77908962814,456229.4507029728,2759.328386655333,458988.77908962814,8366.316447324267
6213,458989.5400305576,458989.5400305576,0.0,458989.5400305576,8366.316447324267
6214,458990.30097148695,436050.7574784721,22939.543493014855,458990.30097148695,8366.316447324267
6215,458991.0619124164,455562.94574047526,3428.1161719411725,458991.0619124164,8366.316447324267
6216,458991.82285334583,458991.82285334583,0.0,458991.82285334583,8366.316447324267
6217,458992.5837942751,458992.5837942751,0.0,458992.5837942751,8366.316447324267
6218,458993.3447352046,458993.3447352046,0.0,458993.3447352046,8366.316447324267
6219,458994.10567613394,458994.10567613394,0.0,458994.10567613394,8366.316447324267
6220,458994.86661706347,441356.9366165947,17637.930000468754,458994.86661706347,8366.316447324267
6221,458995.6275579928,382095.1916847049,76900.43587328789,458995.6275579928,8366.316447324267
6222,458996.38849892217,299308.3489062493,159688.0395926729,458996.38849892217,8366.316447324267
6223,458997.1494398517,251370.34593108937,207626.80350876233,458997.1494398517,8366.316447324267
6224,458997.91038078093,347137.72057721426,111860.1898035667,458997.91038078093,8366.316447324267
6225,458998.6713217104,338433.57092423213,120565.10039747827,458998.6713217104,8366.316447324267
6226,458999.43226263986,319176.03039667726,139823.4018659626,458999.43226263986,8366.316447324267
6227,459000.19320356916,350596.92364907265,108403.26955449651,459000.19320356916,8366.316447324267
6228,459000.9541444987,415352.7442046621,43648.2099398366,459000.9541444987,8366.316447324267
6229,459001.71508542803,341093.3700916028,117908.34499382526,459001.71508542803,8366.316447324267
6230,459002.4760263573,288379.7886089591,170622.6874173982,459002.4760263573,8366.316447324267
6231,459003.23696728685,399689.3340249945,59313.90294229233,459003.23696728685,8366.316447324267
6232,459003.9979082162,370542.93592954136,88461.06197867486,459003.9979082162,8366.316447324267
6233,459004.75884914567,408944.1735162156,50060.58533293009,459004.75884914567,8366.316447324267
6234,459005.519790075,437716.0334167101,21289.486373364933,459005.519790075,8366.316447324267
6235,459006.28073100443,386164.8358895361,72841.44484146839,459006.28073100443,8366.316447324267
6236,459007.0416719339,370571.14492011844,88435.89675181547,459007.0416719339,8366.316447324267
6237,459007.80261286325,375836.78198881,83171.02062405327,459007.80261286325,8366.316447324267
6238,459008.56355379266,324727.9269782107,134280.63657558197,459008.56355379266,8366.316447324267
6239,459009.32449472195,349579.04645406513,109430.27804065685,459009.32449472195,8366.316447324267
6240,459010.0854356514,170886.12298437912,288123.9624512723,459010.0854356514,8366.316447324267
6241,459010.84637658094,61498.179058273556,397512.6673183074,459010.84637658094,8366.316447324267
6242,459011.60731751024,103509.41422837874,355502.1930891315,459011.60731751024,8366.316447324267
6243,459012.36825843964,61143.67192813003,397868.6963303096,459012.36825843964,8366.316447324267
6244,459013.12919936905,55097.87516533333,403915.2540340357,459013.12919936905,8366.316447324267
6245,459013.8901402984,50187.553168675804,408826.3369716226,459013.8901402984,8366.316447324267
6246,459014.6510812279,27629.99091073271,431384.66017049516,459014.6510812279,8366.316447324267
6247,459015.4120221573,208064.81707612693,250950.59494603035,459015.4120221573,8366.316447324267
6248,459016.17296308663,250380.28862059425,208635.88434249238,459016.17296308663,8366.316447324267
6249,459016.9339040161,132486.25958245632,326530.6743215598,459016.9339040161,8366.316447324267
6250,459017.6948449455,19262.61263309518,439755.0822118503,459017.6948449455,8366.316447324267
6251,459018.4557858748,114260.7254637637,344757.7303221111,459018.4557858748,8366.316447324267
6252,459019.21672680427,136667.95808796276,322351.2586388415,459019.21672680427,8366.316447324267
6253,459019.9776677337,101078.00734445779,357941.9703232759,459019.9776677337,8366.316447324267
6254,459020.7386086631,107087.08299604582,351933.65561261727,459020.7386086631,8366.316447324267
6255,459021.4995495925,108169.02115975053,350852.47838984197,459021.4995495925,8366.316447324267
6256,459022.2604905219,304083.0027678434,154939.25772267845,459022.2604905219,8366.316447324267
6257,459023.02143145126,260225.12896255776,198797.8924688935,459023.02143145126,8366.316447324267
6258,459023.78237238067,358184.6664600821,100839.11591229857,459023.78237238067,8366.316447324267
6259,459024.54331331,144094.18967836892,314930.3536349411,459024.54331331,8366.316447324267
6260,459025.3042542395,253162.71974265378,205862.5845115857,459025.3042542395,8366.316447324267
6261,459026.06519516883,202037.23364776614,256988.8315474027,459026.06519516883,8366.316447324267
6262,459026.82613609836,211531.0061262119,247495.82000988646,459026.82613609836,8366.316447324267
6263,459027.58707702777,290834.46596036374,168193.121116664,459027.58707702777,8366.316447324267
6264,459028.34801795706,80046.88294796227,378981.4650699948,459028.34801795706,8366.316447324267
6265,459029.1089588865,52233.50958546583,406795.5993734207,459029.1089588865,8366.316447324267
6266,459029.8698998158,38460.021528379235,420569.8483714366,459029.8698998158,8366.316447324267
6267,459030.63084074535,42353.347964266606,416677.28287647874,459030.63084074535,8366.316447324267
6268,459031.39178167476,152178.51741328725,306852.8743683875,459031.39178167476,8366.316447324267
6269,459032.15272260405,355939.57338261337,103092.57933999068,459032.15272260405,8366.316447324267
6270,459032.9136635335,64233.787178443396,394799.1264850901,459032.9136635335,8366.316447324267
6271,459033.67460446287,255746.37356805196,203287.3010364109,459033.67460446287,8366.316447324267
6272,459034.4355453922,378863.2633462667,80171.17219912555,459034.4355453922,8366.316447324267
6273,459035.19648632174,208097.6326120937,250937.56387422804,459035.19648632174,8366.316447324267
6274,459035.95742725115,270280.24640881387,188755.7110184373,459035.95742725115,8366.316447324267
6275,461213.1029127773,0.0,461213.1029127773,461213.1029127773,8366.316447324267
6276,459037.4793091099,135982.90740418265,323054.57190492726,459037.4793091099,8366.316447324267
6277,459038.2402500393,275244.65132859326,183793.58892144606,459038.2402500393,8366.316447324267
6278,459039.0011909688,852.6348360092379,458186.36635495955,459039.0011909688,8366.316447324267
6279,459039.7621318981,42413.84422076697,416625.9179111311,459039.7621318981,8366.316447324267
6280,459040.5230728276,27237.19635958306,431803.32671324455,459040.5230728276,8366.316447324267
6281,459041.2840137569,77814.08120141126,381227.20281234564,459041.2840137569,8366.316447324267
6282,459042.0449546863,293804.7300230746,165237.3149316117,459042.0449546863,8366.316447324267
6283,459042.8058956158,328485.12039358227,130557.6855020335,459042.8058956158,8366.316447324267
6284,459043.56683654507,139049.25665969268,319994.3101768524,459043.56683654507,8366.316447324267
6285,459044.3277774745,129530.58501330268,329513.7427641718,459044.3277774745,8366.316447324267
6286,459045.08871840395,259600.9970605317,199444.09165787225,459045.08871840395,8366.316447324267
6287,459045.84965933335,50879.78245149937,408166.067207834,459045.84965933335,8366.316447324267
6288,459046.61060026276,326288.3832458672,132758.22735439552,459046.61060026276,8366.316447324267
6289,459047.3715411922,213766.78187078904,245280.58967040313,459047.3715411922,8366.316447324267
6290,459048.1324821215,202275.0219887328,256773.11049338873,459048.1324821215,8366.316447324267
6291,459048.893423051,295181.1267086745,163867.76671437648,459048.893423051,8366.316447324267
6292,459049.65436398034,116650.22655684937,342399.42780713097,459049.65436398034,8366.316447324267
6293,459050.4153049098,124173.75540278736,334876.65990212245,459050.4153049098,8366.316447324267
6294,459051.1762458392,341781.42842561146,117269.74782022773,459051.1762458392,8366.316447324267
6295,459051.93718676857,385982.44497421174,73069.49221255681,459051.93718676857,8366.316447324267
6296,459052.6981276979,327525.71332395746,131526.98480374046,459052.6981276979,8366.316447324267
6297,459053.45906862733,189413.736514911,269639.72255371633,459053.45906862733,8366.316447324267
6298,459054.2200095566,284880.0679849923,174174.15202456436,459054.2200095566,8366.316447324267
6299,459054.98095048615,294691.5368545003,164363.44409598588,459054.98095048615,8366.316447324267
6300,459055.74189141556,217947.90512897613,241107.83676243943,459055.74189141556,8366.316447324267
6301,459056.50283234497,205595.5236098605,253460.97922248446,459056.50283234497,8366.316447324267
6302,459057.2637732744,197150.69530206016,261906.5684712142,459057.2637732744,8366.316447324267
6303,459058.0247142037,149995.4725547345,309062.5521594692,459058.0247142037,8366.316447324267
6304,459058.78565513325,174396.71226182766,284662.0733933056,459058.78565513325,8366.316447324267
6305,459059.5465960626,205118.62535673723,253940.92123932537,459059.5465960626,8366.316447324267
6306,459060.307536992,252548.25219498045,206512.05534201156,459060.307536992,8366.316447324267
6307,459061.0684779214,201227.0482059324,257834.02027198902,459061.0684779214,8366.316447324267
6308,459061.8294188507,227291.5939967139,231770.23542213682,459061.8294188507,8366.316447324267
6309,459062.59035978024,275406.35630221147,183656.23405756877,459062.59035978024,8366.316447324267
6310,459063.3513007096,294694.9833222761,164368.3679784335,459063.3513007096,8366.316447324267
6311,459064.1122416388,267162.1572409081,191901.95500073073,459064.1122416388,8366.316447324267
6312,459064.87318256835,300469.4551408093,158595.41804175908,459064.87318256835,8366.316447324267
6313,459065.63412349776,280462.4115844263,178603.22253907146,459065.63412349776,8366.316447324267
6314,459066.39506442717,307870.95669779583,151195.43836663134,459066.39506442717,8366.316447324267
6315,459067.15600535664,356857.15082982613,102210.0051755305,459067.15600535664,8366.316447324267
6316,459067.916946286,342975.8914551892,116092.02549109675,459067.916946286,8366.316447324267
6317,459068.67788721545,304469.44582349365,154599.2320637218,459068.67788721545,8366.316447324267
6318,459069.4388281448,286997.63394943357,172071.80487871126,459069.4388281448,8366.316447324267
6319,459070.1997690741,315185.06081592944,143885.1389531447,459070.1997690741,8366.316447324267
6320,459070.9607100036,377769.4335498086,81301.52716019507,459070.9607100036,8366.316447324267
6321,459071.721650933,324795.5512464338,134276.17040449916,459071.721650933,8366.316447324267
6322,459072.4825918625,378780.95831457933,80291.52427728318,459072.4825918625,8366.316447324267
6323,459073.24353279173,403963.3127062191,55109.93082657266,459073.24353279173,8366.316447324267
6324,459074.00447372114,368238.90841590223,90835.09605781891,459074.00447372114,8366.316447324267
6325,459074.76541465067,367534.1109430801,91540.65447157057,459074.76541465067,8366.316447324267
6326,459075.52635557996,330112.9481923637,128962.57816321624,459075.52635557996,8366.316447324267
6327,459076.2872965094,159132.2507011594,299944.03659535,459076.2872965094,8366.316447324267
6328,459077.04823743884,413097.8810920184,45979.16714542043,459077.04823743884,8366.316447324267
6329,459077.8091783682,458496.6752096161,581.1339687521038,459077.8091783682,8366.316447324267
6330,459078.5701192977,363816.09961218905,95262.47050710868,459078.5701192977,8366.316447324267
6331,459079.33106022706,230243.60996777198,228835.7210924551,459079.33106022706,8366.316447324267
6332,459080.0920011564,168727.45355144184,290352.6384497146,459080.0920011564,8366.316447324267
6333,459080.8529420858,297046.54337846127,162034.30956362456,459080.8529420858,8366.316447324267
6334,459081.61388301523,365795.3919561762,93286.22192683905,459081.61388301523,8366.316447324267
6335,459082.37482394464,292005.81628877565,167076.55853516902,459082.37482394464,8366.316447324267
6336,459083.13576487405,202809.37368927462,256273.76207559943,459083.13576487405,8366.316447324267
6337,459083.8967058034,289690.0628081512,169393.83389765222,459083.8967058034,8366.316447324267
6338,459084.6576467328,257482.3323524617,201602.3252942711,459084.6576467328,8366.316447324267
6339,459085.4185876622,198695.6605216883,260389.75806597393,459085.4185876622,8366.316447324267
6340,459086.17952859175,218231.75652665267,240854.42300193908,459086.17952859175,8366.316447324267
6341,459086.94046952104,85169.39075699187,373917.5497125292,459086.94046952104,8366.316447324267
6342,459087.70141045045,67030.99691352248,392056.70449692797,459087.70141045045,8366.316447324267
6343,459088.4623513799,83738.3877060244,375350.0746453555,459088.4623513799,8366.316447324267
6344,459089.22329230927,183517.79533888405,275571.4279534252,459089.22329230927,8366.316447324267
6345,459089.9842332387,273404.56307275395,185685.42116048472,459089.9842332387,8366.316447324267
6346,459090.7451741681,281157.09045257734,177933.65472159075,459090.7451741681,8366.316447324267
6347,459091.50611509744,274134.466445606,184957.0396694914,459091.50611509744,8366.316447324267
6348,459092.2670560269,297099.42696941074,161992.84008661617,459092.2670560269,8366.316447324267
6349,459093.0279969563,320265.3646420731,138827.6633548832,459093.0279969563,8366.316447324267
6350,459093.78893788566,343136.4689570521,115957.31998083353,459093.78893788566,8366.316447324267
6351,459094.5498788151,343179.15369522764,115915.39618358744,459094.5498788151,8366.316447324267
6352,459095.3108197444,414823.4474528363,44271.86336690811,459095.3108197444,8366.316447324267
6353,459096.0717606739,389649.8220930866,69446.24966758727,459096.0717606739,8366.316447324267
6354,459096.8327016033,325180.95220627886,133915.88049532444,459096.8327016033,8366.316447324267
6355,459097.59364253265,276708.77979621384,182388.8138463188,459097.59364253265,8366.316447324267
6356,459098.3545834621,242912.52620224675,216185.82838121537,459098.3545834621,8366.316447324267
6357,459099.1155243915,223751.47497661327,235347.64054777825,459099.1155243915,8366.316447324267
6358,459099.8764653208,46617.20024770463,412482.6762176162,459099.8764653208,8366.316447324267
6359,459100.6374062503,46258.18677887006,412842.4506273802,459100.6374062503,8366.316447324267
6360,459101.3983471797,48555.77224726841,410545.6260999113,459101.3983471797,8366.316447324267
6361,459102.15928810916,43535.91285231913,415566.24643579003,459102.15928810916,8366.316447324267
6362,459102.9202290385,52716.21570942685,406386.70451961167,459102.9202290385,8366.316447324267
6363,459103.68116996787,82809.42317542271,376294.25799454516,459103.68116996787,8366.316447324267
6364,459104.4421108973,238238.41944196654,220866.02266893073,459104.4421108973,8366.316447324267
6365,459105.2030518266,253975.04078703103,205130.1622647956,459105.2030518266,8366.316447324267
6366,459105.96399275615,178877.98890204466,280227.9750907115,459105.96399275615,8366.316447324267
6367,459106.7249336855,202071.26122505267,257035.46370863283,459106.7249336855,8366.316447324267
6368,459107.48587461485,341516.036326442,117591.44954817288,459107.48587461485,8366.316447324267
6369,459108.2468155444,367410.07687363244,91698.16994191195,459108.2468155444,8366.316447324267
6370,459109.0077564737,339362.39310963254,119746.61464684112,459109.0077564737,8366.316447324267
6371,459109.768697403,372354.19551252015,86755.5731848829,459109.768697403,8366.316447324267
6372,459110.52963833255,284809.0463057392,174301.48333259334,459110.52963833255,8366.316447324267
6373,459111.29057926184,247872.48259561567,211238.80798364617,459111.29057926184,8366.316447324267
6374,459112.05152019137,246427.65524928048,212684.3962709109,459112.05152019137,8366.316447324267
6375,459112.8124611207,229557.80902385467,229555.00343726604,459112.8124611207,8366.316447324267
6376,459113.57340205007,262799.5127782158,196314.0606238343,459113.57340205007,8366.316447324267
6377,459114.3343429795,320137.9353928488,138976.3989501307,459114.3343429795,8366.316447324267
6378,459115.0952839089,369457.5898042646,89657.50547964429,459115.0952839089,8366.316447324267
6379,459115.85622483824,348388.0640051005,110727.79221973772,459115.85622483824,8366.316447324267
6380,459116.6171657677,255544.6801150816,203571.9370506861,459116.6171657677,8366.316447324267
6381,459117.3781066971,201542.94196199474,257574.43614470237,459117.3781066971,8366.316447324267
6382,459118.13904762664,279074.81095107866,180043.32809654795,459118.13904762664,8366.316447324267
6383,459118.89998855593,280300.90929796,178817.99069059594,459118.89998855593,8366.316447324267
6384,459119.66092948534,338259.75371348613,120859.90721599922,459119.66092948534,8366.316447324267
6385,459120.42187041463,296523.8658057499,162596.55606466476,459120.42187041463,8366.316447324267
6386,459121.1828113441,336534.390249569,122586.79256177509,459121.1828113441,8366.316447324267
6387,459121.9437522737,360980.00428637874,98141.93946589492,459121.9437522737,8366.316447324267
6388,459122.7046932029,353700.8720856503,105421.83260755266,459122.7046932029,8366.316447324267
6389,459123.46563413227,341932.2281724592,117191.23746167312,459123.46563413227,8366.316447324267
6390,459124.2265750618,300976.0076728917,158148.21890217005,459124.2265750618,8366.316447324267
6391,459124.9875159911,339003.7008389108,120121.28667708026,459124.9875159911,8366.316447324267
6392,459125.7484569205,196319.29594458244,262806.45251233806,459125.7484569205,8366.316447324267
6393,459126.50939784996,346892.46248976124,112234.04690808873,459126.50939784996,8366.316447324267
6394,459127.2703387793,383801.68074167037,75325.58959710896,459127.2703387793,8366.316447324267
6395,459128.0312797088,387577.41094988683,71550.62032982196,459128.0312797088,8366.316447324267
6396,459128.7922206382,375648.19854477036,83480.59367586784,459128.7922206382,8366.316447324267
6397,459129.55316156754,373138.5968445157,85990.95631705182,459129.55316156754,8366.316447324267
6398,459130.314102497,260402.2491717344,198728.0649307626,459130.314102497,8366.316447324267
6399,459131.07504342636,249749.0328378302,209382.04220559617,459131.07504342636,8366.316447324267
6400,459131.83598435577,215093.90639971523,244037.92958464054,459131.83598435577,8366.316447324267
6401,459132.5969252852,359183.3782295316,99949.21869575359,459132.5969252852,8366.316447324267
6402,459133.3578662146,248984.61856568322,210148.73930053136,459133.3578662146,8366.316447324267
6403,459134.11880714394,224417.4266371986,234716.69216994534,459134.11880714394,8366.316447324267
6404,459134.87974807335,432446.0084276089,26688.871320464452,459134.87974807335,8366.316447324267
6405,459135.6406890027,204875.65734838025,254259.98334062245,459135.6406890027,8366.316447324267
6406,459136.40162993217,432038.38865037076,27098.012979561387,459136.40162993217,8366.316447324267
6407,459137.1625708616,432039.14959130017,27098.012979561387,459137.1625708616,8366.316447324267
6408,459137.92351179104,448256.3514437806,10881.57206801044,459137.92351179104,8366.316447324267
6409,459138.68445272045,418245.48564869387,40893.19880402656,459138.68445272045,8366.316447324267
6410,459139.44539364974,459139.44539364974,0.0,459139.44539364974,8366.316447324267
6411,459140.20633457927,459140.20633457927,0.0,459140.20633457927,8366.316447324267
6412,459140.96727550856,429947.6800040831,29193.287271425488,459140.96727550856,8366.316447324267
6413,459141.72821643803,383049.97121201106,76091.75700442695,459141.72821643803,8366.316447324267
6414,459142.4891573674,364964.65674058127,94177.83241678614,459142.4891573674,8366.316447324267
6415,459143.25009829673,358313.4505364933,100829.79956180339,459143.25009829673,8366.316447324267
6416,459144.0110392262,287812.6716350246,171331.3394042016,459144.0110392262,8366.316447324267
6417,459144.7719801556,301053.4776994793,158091.2942806763,459144.7719801556,8366.316447324267
6418,459145.5329210849,339999.4440248486,119146.08889623634,459145.5329210849,8366.316447324267
6419,459146.2938620144,336154.99398869526,122991.29987331918,459146.2938620144,8366.316447324267
6420,459147.0548029438,345489.7716932973,113657.28310964645,459147.0548029438,8366.316447324267
6421,459147.81574387325,319874.4090098122,139273.40673406102,459147.81574387325,8366.316447324267
6422,459148.57668480265,303547.0357460923,155601.54093871036,459148.57668480265,8366.316447324267
6423,459149.337625732,327808.9757894441,131340.3618362879,459149.337625732,8366.316447324267
6424,459150.0985666615,392974.3236000943,66175.77496656717,459150.0985666615,8366.316447324267
6425,459150.8595075908,451953.4021734759,7197.457334114962,459150.8595075908,8366.316447324267
6426,459151.6204485203,443527.27511137316,15624.345337147126,459151.6204485203,8366.316447324267
6427,459152.38138944964,459152.38138944964,0.0,459152.38138944964,8366.316447324267
6428,459153.142330379,459153.142330379,0.0,459153.142330379,8366.316447324267
6429,459153.9032713085,459153.9032713085,0.0,459153.9032713085,8366.316447324267
6430,459154.66421223775,459154.66421223775,0.0,459154.66421223775,8366.316447324267
6431,459155.42515316716,459155.42515316716,0.0,459155.42515316716,8366.316447324267
6432,459156.1860940967,428176.338541008,30979.8475530887,459156.1860940967,8366.316447324267
6433,459156.947035026,397321.5101671988,61835.43686782718,459156.947035026,8366.316447324267
6434,459157.70797595545,380912.3764670824,78245.33150887305,459157.70797595545,8366.316447324267
6435,459158.46891688486,402039.81322713674,57118.65568974809,459158.46891688486,8366.316447324267
6436,459159.22985781427,400316.31388928764,58842.91596852659,459159.22985781427,8366.316447324267
6437,459159.99079874373,403472.1897564544,55687.80104228936,459159.99079874373,8366.316447324267
6438,459160.7517396731,359542.3685311945,99618.38320847854,459160.7517396731,8366.316447324267
6439,459161.5126806024,300013.6066856788,159147.90599492358,459161.5126806024,8366.316447324267
6440,459162.2736215318,345497.47770726786,113664.79591426396,459162.2736215318,8366.316447324267
6441,459163.03456246125,366193.018774588,92970.01578787324,459163.03456246125,8366.316447324267
6442,459163.79550339066,365355.30519839923,93808.49030499143,459163.79550339066,8366.316447324267
6443,459164.55644432,365166.1520391464,93998.40440517363,459164.55644432,8366.316447324267
6444,459165.3173852494,365791.05354945356,93374.26383579588,459165.3173852494,8366.316447324267
6445,459166.07832617883,367315.48931554705,91850.58901063177,459166.07832617883,8366.316447324267
6446,459166.83926710824,369316.5967469004,89850.24252020782,459166.83926710824,8366.316447324267
6447,459167.60020803765,375238.23658354516,83929.36362449247,459167.60020803765,8366.316447324267
6448,459168.36114896706,392565.56343580794,66602.79771315912,459168.36114896706,8366.316447324267
6449,459169.12208989647,452032.09472168394,7137.0273682125135,459169.12208989647,8366.316447324267
6450,459169.88303082593,459169.88303082593,0.0,459169.88303082593,8366.316447324267
6451,459170.6439717553,459170.6439717553,0.0,459170.6439717553,8366.316447324267
6452,459171.40491268464,459171.40491268464,0.0,459171.40491268464,8366.316447324267
6453,459172.1658536141,459172.1658536141,0.0,459172.1658536141,8366.316447324267
6454,459172.92679454345,459172.92679454345,0.0,459172.92679454345,8366.316447324267
6455,459173.6877354729,453147.412864862,6026.274870610931,459173.6877354729,8366.316447324267
6456,459174.44867640233,432544.4030662779,26630.04561012441,459174.44867640233,8366.316447324267
6457,459175.20961733157,459175.20961733157,0.0,459175.20961733157,8366.316447324267
6458,459175.9705582611,459175.9705582611,0.0,459175.9705582611,8366.316447324267
6459,459176.7314991905,459176.7314991905,0.0,459176.7314991905,8366.316447324267
6460,459177.49244011985,431659.11834280204,27518.374097317806,459177.49244011985,8366.316447324267
6461,459178.25338104926,354654.6342576075,104523.61912344173,459178.25338104926,8366.316447324267
6462,459179.01432197867,290734.358562778,168444.65575920066,459179.01432197867,8366.316447324267
6463,459179.77526290814,249120.9810955869,210058.79416732123,459179.77526290814,8366.316447324267
6464,459180.53620383755,316663.02406918234,142517.5121346552,459180.53620383755,8366.316447324267
6465,459181.2971447669,343084.4160313502,116096.8811134167,459181.2971447669,8366.316447324267
6466,459182.0580856963,337274.3542037802,121907.70388191612,459182.0580856963,8366.316447324267
6467,459182.81902662566,344038.08109035686,115144.7379362688,459182.81902662566,8366.316447324267
6468,459183.5799675552,373732.78858255636,85450.79138499884,459183.5799675552,8366.316447324267
6469,459184.34090848453,398113.15718606615,61071.183722418406,459184.34090848453,8366.316447324267
6470,459185.1018494138,346371.86779690656,112813.23405250727,459185.1018494138,8366.316447324267
6471,459185.86279034335,317606.0779173923,141579.78487295104,459185.86279034335,8366.316447324267
6472,459186.62373127264,323159.95299893105,136026.67073234162,459186.62373127264,8366.316447324267
6473,459187.38467220217,406193.06636068725,52994.31831151491,459187.38467220217,8366.316447324267
6474,459188.1456131315,362538.17824057187,96649.96737255967,459188.1456131315,8366.316447324267
6475,459188.9065540609,389745.7723486615,69443.13420539937,459188.9065540609,8366.316447324267
6476,459189.6674949904,326117.90431632736,133071.76317866304,459189.6674949904,8366.316447324267
6477,459190.42843591975,370440.13678864343,88750.29164727633,459190.42843591975,8366.316447324267
6478,459191.1893768491,350206.2773224058,108984.91205444332,459191.1893768491,8366.316447324267
6479,459191.9503177785,389622.89782399614,69569.0524937824,459191.9503177785,8366.316447324267
6480,459192.7112587079,409172.3366958682,50020.37456283973,459192.7112587079,8366.316447324267
6481,459193.4721996374,252562.82935461,206630.64284502738,459193.4721996374,8366.316447324267
6482,459194.23314056674,74756.57734527224,384437.6557952945,459194.23314056674,8366.316447324267
6483,459194.99408149614,49042.959204020444,410152.0348774757,459194.99408149614,8366.316447324267
6484,459195.75502242555,50796.4481894052,408399.30683302035,459195.75502242555,8366.316447324267
6485,459196.5159633549,58037.32306657918,401159.1928967757,459196.5159633549,8366.316447324267
6486,459197.27690428443,17222.364041549852,441974.9128627346,459197.27690428443,8366.316447324267
6487,459198.0378452137,17393.605805864558,441804.43203934917,459198.0378452137,8366.316447324267
6488,459198.79878614313,272477.4253073135,186721.37347882963,459198.79878614313,8366.316447324267
6489,459199.5597270726,336084.0653057623,123115.4944213103,459199.5597270726,8366.316447324267
6490,459200.3206680019,336526.1754633554,122674.14520464654,459200.3206680019,8366.316447324267
6491,459201.0816089313,364460.6461180557,94740.43549087565,459201.0816089313,8366.316447324267
6492,459201.84254986077,364990.1380454635,94211.70450439729,459201.84254986077,8366.316447324267
6493,459202.6034907901,366130.33453144867,93072.26895934145,459202.6034907901,8366.316447324267
6494,459203.36443171964,368589.3407087281,90614.02372299151,459203.36443171964,8366.316447324267
6495,459204.12537264905,366267.3694488937,92936.75592375532,459204.12537264905,8366.316447324267
6496,459204.88631357835,393472.61618099443,65732.27013258393,459204.88631357835,8366.316447324267
6497,459205.64725450776,438752.56461971806,20453.082634789695,459205.64725450776,8366.316447324267
6498,459206.40819543716,434827.8896093286,24378.5185861086,459206.40819543716,8366.316447324267
6499,459207.16913636663,407535.0982511068,51672.070885259825,459207.16913636663,8366.316447324267
6500,459207.930077296,424176.52777446556,35031.40230283042,459207.930077296,8366.316447324267
6501,459208.6910182254,419601.3433119674,39607.34770625799,459208.6910182254,8366.316447324267
6502,459209.4519591548,414895.81676286296,44313.63519629183,459209.4519591548,8366.316447324267
6503,459210.2129000842,410065.30169840564,49144.91120167858,459210.2129000842,8366.316447324267
6504,459210.97384101356,438763.2754117416,20447.698429271986,459210.97384101356,8366.316447324267
6505,459211.73478194297,381343.5306191748,77868.20416276815,459211.73478194297,8366.316447324267
6506,459212.4957228724,336992.0365259887,122220.45919688368,459212.4957228724,8366.316447324267
6507,459213.25666380185,326706.9382265115,132506.31843729032,459213.25666380185,8366.316447324267
6508,459214.01760473126,315089.281444152,144124.73616057922,459214.01760473126,8366.316447324267
6509,459214.77854566055,272365.6562856451,186849.12226001543,459214.77854566055,8366.316447324267
6510,459215.53948658996,277651.0860966989,181564.4533898911,459215.53948658996,8366.316447324267
6511,459216.30042751937,263628.55697607517,195587.7434514442,459216.30042751937,8366.316447324267
6512,459217.0613684487,302971.5106606595,156245.5507077892,459217.0613684487,8366.316447324267
6513,459217.8223093783,369387.689910401,89830.13239897726,459217.8223093783,8366.316447324267
6514,459218.5832503076,398234.99352239125,60983.58972791636,459218.5832503076,8366.316447324267
6515,459219.344191237,422479.76521591446,36739.57897532252,459219.344191237,8366.316447324267
6516,459220.1051321664,389937.73757017334,69282.3675619931,459220.1051321664,8366.316447324267
6517,459220.86607309576,385041.8447173792,74179.02135571657,459220.86607309576,8366.316447324267
6518,459221.6270140253,423447.79571072303,35773.831303302235,459221.6270140253,8366.316447324267
6519,459222.3879549545,385881.63728177873,73340.7506731758,459222.3879549545,8366.316447324267
6520,459223.14889588405,409049.63254169,50173.51635419406,459223.14889588405,8366.316447324267
6521,459223.90983681346,387247.8659916206,71976.04384519288,459223.90983681346,8366.316447324267
6522,459224.6707777428,385860.76998844446,73363.90078929836,459224.6707777428,8366.316447324267
6523,459225.4317186722,450126.39793122065,9099.033787451552,459225.4317186722,8366.316447324267
6524,459226.19265960157,454480.8329345769,4745.359725024656,459226.19265960157,8366.316447324267
6525,459226.9536005309,458500.36993313115,726.5836673997765,459226.9536005309,8366.316447324267
6526,459227.7145414605,439152.0329913108,20075.68155014966,459227.7145414605,8366.316447324267
6527,459228.4754823898,435018.1490163076,24210.326466082202,459228.4754823898,8366.316447324267
6528,459229.23642331926,419766.2233805395,39463.01304277974,459229.23642331926,8366.316447324267
6529,459229.9973642486,435835.97726637207,23394.02009787658,459229.9973642486,8366.316447324267
6530,459230.758305178,412517.15771479986,46713.60059037819,459230.758305178,8366.316447324267
6531,459231.5192461075,413912.28307150974,45319.23617459774,459231.5192461075,8366.316447324267
6532,459232.2801870368,438468.4875695999,20763.792617436913,459232.2801870368,8366.316447324267
6533,459233.0411279663,459233.0411279663,0.0,459233.0411279663,8366.316447324267
6534,459233.8020688956,439213.5491222906,20020.252946604982,459233.8020688956,8366.316447324267
6535,459234.563009825,431346.3253212014,27888.2376886236,459234.563009825,8366.316447324267
6536,459235.3239507545,416316.2055866106,42919.11836414389,459235.3239507545,8366.316447324267
6537,459236.0848916838,422455.15470940724,36780.93018227655,459236.0848916838,8366.316447324267
6538,459236.8458326132,378912.2796643141,80324.56616829906,459236.8458326132,8366.316447324267
6539,459237.60677354265,359511.6585197692,99725.94825377344,459237.60677354265,8366.316447324267
6540,459238.367714472,328850.50922591344,130387.85848855853,459238.367714472,8366.316447324267
6541,459239.12865540147,204100.89190104883,255138.23675435263,459239.12865540147,8366.316447324267
6542,459239.8895963308,408383.12296609,50856.76663024086,459239.8895963308,8366.316447324267
6543,459240.6505372602,418781.1008225975,40459.549714662724,459240.6505372602,8366.316447324267
6544,459241.4114781897,405986.9249901491,53254.48648804058,459241.4114781897,8366.316447324267
6545,459242.1724191191,408609.5699207736,50632.602498345484,459242.1724191191,8366.316447324267
6546,459242.9333600485,437858.11461725266,21384.818742795844,459242.9333600485,8366.316447324267
6547,459243.69430097786,356343.4227050642,102900.27159591368,459243.69430097786,8366.316447324267
6548,459244.4552419073,363570.2516201424,95674.2036217649,459244.4552419073,8366.316447324267
6549,459245.21618283656,331800.09785554337,127445.11832729322,459245.21618283656,8366.316447324267
6550,459245.9771237661,303018.6161459582,156227.36097780787,459245.9771237661,8366.316447324267
6551,459246.7380646954,297698.627804953,161548.1102597424,459246.7380646954,8366.316447324267
6552,459247.49900562485,269958.88581190543,189288.61319371941,459247.49900562485,8366.316447324267
6553,459248.25994655426,261512.66840428187,197735.5915422724,459248.25994655426,8366.316447324267
6554,459249.0208874837,315014.9900251876,144234.0308622961,459249.0208874837,8366.316447324267
6555,459249.7818284131,367302.9984193737,91946.78340903936,459249.7818284131,8366.316447324267
6556,459250.5427693424,374194.51102961716,85056.0317397253,459250.5427693424,8366.316447324267
6557,459251.30371027195,366281.39670108457,92969.90700918742,459251.30371027195,8366.316447324267
6558,459252.0646512013,343287.5557370512,115964.50891415012,459252.0646512013,8366.316447324267
6559,459252.8255921306,256044.04530339313,203208.78028873747,459252.8255921306,8366.316447324267
6560,459253.5865330601,339650.86030717805,119602.72622588207,459253.5865330601,8366.316447324267
6561,459254.3474739894,340634.5719838103,118619.77549017913,459254.3474739894,8366.316447324267
6562,459255.10841491894,371307.68657159375,87947.42184332518,459255.10841491894,8366.316447324267
6563,459255.8693558483,322190.6380599608,137065.2312958875,459255.8693558483,8366.316447324267
6564,459256.6302967776,298694.6041371112,160562.02615966636,459256.6302967776,8366.316447324267
6565,459257.3912377071,222058.40160299942,237198.9896347077,459257.3912377071,8366.316447324267
6566,459258.15217863646,278878.9319294657,180379.2202491708,459258.15217863646,8366.316447324267
6567,459258.91311956587,205775.69463037763,253483.21848918824,459258.91311956587,8366.316447324267
6568,459259.67406049534,436193.1028629324,23066.57119756292,459259.67406049534,8366.316447324267
6569,459260.4350014247,458869.7358619413,390.6991394834011,459260.4350014247,8366.316447324267
6570,459261.19594235416,344544.9723734684,114716.22356888576,459261.19594235416,8366.316447324267
6571,459261.9568832835,113266.00189583295,345995.95498745056,459261.9568832835,8366.316447324267
6572,459262.7178242129,355209.66464516235,104053.05317905056,459262.7178242129,8366.316447324267
6573,459263.47876514227,281733.26482428086,177530.21394086143,459263.47876514227,8366.316447324267
6574,459264.2397060717,253646.56944543737,205617.6702606343,459264.2397060717,8366.316447324267
6575,459265.0006470012,185337.40714267187,273927.5935043293,459265.0006470012,8366.316447324267
6576,459265.7615879305,295817.3837274972,163448.3778604333,459265.7615879305,8366.316447324267
6577,459266.5225288598,291061.3917270786,168205.13080178123,459266.5225288598,8366.316447324267
6578,459267.2834697894,310934.837606912,148332.4458628774,459267.2834697894,8366.316447324267
6579,459268.04441071866,369531.5364575679,89736.50795315077,459268.04441071866,8366.316447324267
6580,459268.80535164813,392376.0617128603,66892.74363878783,459268.80535164813,8366.316447324267
6581,459269.56629257754,60653.56043252506,398616.0058600525,459269.56629257754,8366.316447324267
6582,459270.3272335069,336218.3984777842,123051.9287557227,459270.3272335069,8366.316447324267
6583,459271.0881744364,139660.88296983414,319610.2052046023,459271.0881744364,8366.316447324267
6584,459271.84911536577,306147.1264964703,153124.72261889547,459271.84911536577,8366.316447324267
6585,459272.6100562951,318393.1644061784,140879.44565011672,459272.6100562951,8366.316447324267
6586,459273.3709972245,284621.5510381896,174651.8199590349,459273.3709972245,8366.316447324267
6587,459274.13193815394,336156.8245716882,123117.30736646574,459274.13193815394,8366.316447324267
6588,459274.8928790834,358198.14120706153,101076.75167202186,459274.8928790834,8366.316447324267
6589,459275.65382001275,310923.6834523435,148351.97036766924,459275.65382001275,8366.316447324267
6590,459276.4147609421,427053.6673803844,32222.74738055772,459276.4147609421,8366.316447324267
6591,459277.1757018715,304340.33198708144,154936.8437147901,459277.1757018715,8366.316447324267
6592,459277.9366428009,335429.12084976956,123848.81579303133,459277.9366428009,8366.316447324267
6593,459278.69758373045,397949.3156886057,61329.38189512476,459278.69758373045,8366.316447324267
6594,459279.45852465974,209641.8520256361,249637.60649902365,459279.45852465974,8366.316447324267
6595,459280.21946558915,179481.1913123253,279799.02815326385,459280.21946558915,8366.316447324267
6596,459280.9804065186,115444.39981795743,343836.5805885612,459280.9804065186,8366.316447324267
6597,459281.74134744797,167945.13212180958,291336.6092256384,459281.74134744797,8366.316447324267
6598,459282.5022883774,200908.46317381586,258374.0391145615,459282.5022883774,8366.316447324267
6599,459283.2632293068,237570.85970665765,221712.40352264914,459283.2632293068,8366.316447324267
6600,459284.02417023614,161888.62994542258,297395.39422481356,459284.02417023614,8366.316447324267
6601,459284.7851111656,271833.6148919567,187451.17021920896,459284.7851111656,8366.316447324267
6602,459285.546052095,324104.9686840139,135180.57736808114,459285.546052095,8366.316447324267
6603,459286.30699302437,359604.64516708965,99681.6618259347,459286.30699302437,8366.316447324267
6604,459287.0679339538,389772.51034490106,69514.55758905273,459287.0679339538,8366.316447324267
6605,459287.8288748832,203799.38660549454,255488.44226938864,459287.8288748832,8366.316447324267
6606,459288.58981581253,368900.1711827575,90388.41863305509,459288.58981581253,8366.316447324267
6607,459289.350756742,304890.9593519481,154398.3914047939,459289.350756742,8366.316447324267
6608,459290.11169767135,353782.49706395925,105507.61463371207,459290.11169767135,8366.316447324267
6609,459290.8726386009,338088.4881725252,121202.38446607566,459290.8726386009,8366.316447324267
6610,459291.63357953023,310352.02643608174,148939.6071434485,459291.63357953023,8366.316447324267
6611,459292.3945204596,323495.6202085488,135796.7743119108,459292.3945204596,8366.316447324267
6612,459293.155461389,329890.6939917773,129402.46146961168,459293.155461389,8366.316447324267
6613,459293.9164023184,246755.69619723107,212538.22020508733,459293.9164023184,8366.316447324267
6614,459294.67734324787,227652.87870445132,231641.79863879655,459294.67734324787,8366.316447324267
6615,459295.4382841772,307591.5219721859,151703.91631199134,459295.4382841772,8366.316447324267
6616,459296.1992251065,286558.9664045909,172737.23282051567,459296.1992251065,8366.316447324267
6617,459296.96016603603,326648.5458691475,132648.41429688854,459296.96016603603,8366.316447324267
6618,459297.7211069654,186969.1877588519,272328.5333481135,459297.7211069654,8366.316447324267
6619,459298.48204789485,155318.29372173175,303980.1883261631,459298.48204789485,8366.316447324267
6620,459299.24298882426,74371.8214368216,384927.42155200266,459299.24298882426,8366.316447324267
6621,459300.00392975355,92199.07497803087,367100.9289517227,459300.00392975355,8366.316447324267
6622,459300.7648706831,317222.3201937736,142078.44467690945,459300.7648706831,8366.316447324267
6623,459301.5258116125,313605.5454402163,145695.9803713962,459301.5258116125,8366.316447324267
6624,459302.2867525418,356297.5844224993,103004.70233004252,459302.2867525418,8366.316447324267
6625,459303.04769347125,230912.34692166545,228390.7007718058,459303.04769347125,8366.316447324267
6626,459303.8086344006,244216.38349408942,215087.42514031118,459303.8086344006,8366.316447324267
6627,459304.56957533007,234583.73794324693,224720.83163208314,459304.56957533007,8366.316447324267
6628,459305.3305162595,276259.437317474,183045.8931987855,459305.3305162595,8366.316447324267
6629,459306.0914571888,289792.14014855615,169513.95130863268,459306.0914571888,8366.316447324267
6630,459306.85239811824,195384.62813882617,263922.22425929207,459306.85239811824,8366.316447324267
6631,459307.6133390476,235098.98914911388,224208.6241899337,459307.6133390476,8366.316447324267
6632,459308.374279977,260731.37001293976,198577.00426703723,459308.374279977,8366.316447324267
6633,459309.1352209064,215147.8989093639,244161.2363115425,459309.1352209064,8366.316447324267
6634,459309.8961618358,189715.3235925088,269594.572569327,459309.8961618358,8366.316447324267
6635,459310.6571027653,247005.46794691027,212305.189155855,459310.6571027653,8366.316447324267
6636,459311.41804369463,197166.03244050225,262145.3856031924,459311.41804369463,8366.316447324267
6637,459312.17898462404,148747.35924546217,310564.8197391619,459312.17898462404,8366.316447324267
6638,459312.93992555345,129928.1966917605,329384.74323379295,459312.93992555345,8366.316447324267
6639,459313.7008664828,80570.61535056471,378743.0855159181,459313.7008664828,8366.316447324267
6640,459314.4618074123,194039.949352747,265274.5124546653,459314.4618074123,8366.316447324267
6641,459315.22274834174,372334.6691051768,86980.5536431649,459315.22274834174,8366.316447324267
6642,459315.98368927103,329414.4004002922,129901.58328897883,459315.98368927103,8366.316447324267
6643,459316.74463020044,191484.92878449307,267831.8158457074,459316.74463020044,8366.316447324267
6644,459317.50557112985,153213.64673296845,306103.8588381614,459317.50557112985,8366.316447324267
6645,459318.2665120592,129825.25892374589,329493.0075883133,459318.2665120592,8366.316447324267
6646,459319.02745298867,166314.10366726655,293004.9237857221,459319.02745298867,8366.316447324267
6647,459319.7883939181,114954.40627949097,344365.3821144271,459319.7883939181,8366.316447324267
6648,459320.5493348475,184719.93430308346,274600.615031764,459320.5493348475,8366.316447324267
6649,459321.3102757769,230370.07148539266,228951.23879038423,459321.3102757769,8366.316447324267
6650,459322.0712167063,272937.69670146436,186384.37451524197,459322.0712167063,8366.316447324267
6651,459322.8321576357,202567.14691774352,256755.6852398922,459322.8321576357,8366.316447324267
6652,459323.59309856506,149801.05483402504,309522.53826454,459323.59309856506,8366.316447324267
6653,459324.35403949453,173568.0111402084,285756.34289928613,459324.35403949453,8366.316447324267
6654,459325.1149804239,161634.1509936893,297690.96398673457,459325.1149804239,8366.316447324267
6655,459325.8759213533,157058.67630099232,302267.199620361,459325.8759213533,8366.316447324267
6656,459326.63686228276,324833.14718143863,134493.4896808441,459326.63686228276,8366.316447324267
6657,459327.39780321205,193162.31572945922,266165.0820737528,459327.39780321205,8366.316447324267
6658,459328.1587441414,140664.36956905882,318663.7891750826,459328.1587441414,8366.316447324267
6659,459328.9196850709,57811.093990859634,401517.8256942113,459328.9196850709,8366.316447324267
6660,459329.6806260003,46188.3349843265,413141.3456416738,459329.6806260003,8366.316447324267
6661,494273.4295391026,0.0,494273.4295391026,494273.4295391026,8366.316447324267
6662,459331.2025078591,158470.6800549263,300860.5224529328,459331.2025078591,8366.316447324267
6663,459331.96344878845,211596.38747665397,247735.57597213448,459331.96344878845,8366.316447324267
6664,459332.724389718,224685.46141567949,234647.2629740385,459332.724389718,8366.316447324267
6665,459333.4853306473,312254.8778913282,147078.60743931917,459333.4853306473,8366.316447324267
6666,459334.24627157673,237891.78669415583,221442.4595774209,459334.24627157673,8366.316447324267
6667,459335.00721250614,36584.933585415594,422750.07362709055,459335.00721250614,8366.316447324267
6668,459335.7681534355,210679.6735752294,248656.0945782061,459335.7681534355,8366.316447324267
6669,459336.5290943649,349311.01396323,110025.51513113489,459336.5290943649,8366.316447324267
6670,459337.2900352943,266505.66778949846,192831.62224579585,459337.2900352943,8366.316447324267
6671,459338.05097622366,358055.6302433837,101282.42073283998,459338.05097622366,8366.316447324267
6672,459338.8119171532,344727.5062005946,114611.30571655856,459338.8119171532,8366.316447324267
6673,459339.5728580825,363430.9593204188,95908.61353766365,459339.5728580825,8366.316447324267
6674,459340.33379901195,459340.33379901195,0.0,459340.33379901195,8366.316447324267
6675,459341.0947399413,459341.0947399413,0.0,459341.0947399413,8366.316447324267
6676,459341.8556808707,459341.8556808707,0.0,459341.8556808707,8366.316447324267
6677,459342.61662180023,446853.74751675327,12488.869105046948,459342.61662180023,8366.316447324267
6678,459343.3775627295,441173.4389294296,18169.93863329991,459343.3775627295,8366.316447324267
6679,459344.138503659,400330.4027347696,59013.73576888935,459344.138503659,8366.316447324267
6680,459344.8994445884,436448.9159831991,22895.983461389304,459344.8994445884,8366.316447324267
6681,459345.6603855177,409437.7317020212,49907.92868349649,459345.6603855177,8366.316447324267
6682,459346.4213264472,401374.5355488205,57971.88577762671,459346.4213264472,8366.316447324267
6683,459347.1822673765,399048.57368064194,60298.60858673457,459347.1822673765,8366.316447324267
6684,459347.94320830586,377069.6186515897,82278.32455671612,459347.94320830586,8366.316447324267
6685,459348.7041492354,401688.6603755162,57660.04377371918,459348.7041492354,8366.316447324267
6686,459349.4650901648,389763.640271151,69585.8248190138,459349.4650901648,8366.316447324267
6687,459350.22603109415,339066.89120226965,120283.33482882452,459350.22603109415,8366.316447324267
6688,459350.9869720235,171536.6821972098,287814.3047748137,459350.9869720235,8366.316447324267
6689,459351.74791295297,77151.61110959906,382200.1368033539,459351.74791295297,8366.316447324267
6690,459352.50885388243,42863.56627042347,416488.94258345896,459352.50885388243,8366.316447324267
6691,459353.2697948118,43674.18612916622,415679.08366564556,459353.2697948118,8366.316447324267
6692,459354.03073574114,44365.2410498035,414988.78968593763,459354.03073574114,8366.316447324267
6693,459354.79167667055,38255.00222602894,421099.7894506416,459354.79167667055,8366.316447324267
6694,459355.55261759995,58312.25339150359,401043.29922609637,459355.55261759995,8366.316447324267
6695,459356.3135585295,38471.105194551405,420885.2083639781,459356.3135585295,8366.316447324267
6696,459357.0744994587,39212.0055419195,420145.0689575392,459357.0744994587,8366.316447324267
6697,459357.8354403881,36695.170205630304,422662.6652347578,459357.8354403881,8366.316447324267
6698,459358.59638131753,36622.86674048554,422735.729640832,459358.59638131753,8366.316447324267
6699,459359.35732224694,37360.155688443745,421999.2016338032,459359.35732224694,8366.316447324267
6700,459360.11826317635,36891.602852695854,422468.5154104805,459360.11826317635,8366.316447324267
6701,459360.8792041057,36939.84834138845,422421.03086271725,459360.8792041057,8366.316447324267
6702,460720.7405282862,0.0,460720.7405282862,460720.7405282862,8366.316447324267
6703,500224.4642980539,0.0,500224.4642980539,500224.4642980539,8366.316447324267
6704,459363.162026894,30457.119297126133,428906.04272976785,459363.162026894,8366.316447324267
6705,459363.92296782334,83524.91690869577,375839.00605912757,459363.92296782334,8366.316447324267
6706,459364.6839087528,87045.17317966971,372319.5107290831,459364.6839087528,8366.316447324267
6707,459365.44484968216,80769.73152415268,378595.7133255295,459365.44484968216,8366.316447324267
6708,459366.2057906116,78713.16212625895,380653.0436643527,459366.2057906116,8366.316447324267
6709,459366.96673154103,99747.86814397166,359619.0985875694,459366.96673154103,8366.316447324267
6710,459367.72767247027,40125.1591251631,419242.56854730716,459367.72767247027,8366.316447324267
6711,459368.4886133998,740.4441312944982,458628.0444821053,459368.4886133998,8366.316447324267
6712,459369.2495543292,113712.53441755072,345656.7151367785,459369.2495543292,8366.316447324267
6713,459370.0104952586,105698.23802991462,353671.772465344,459370.0104952586,8366.316447324267
6714,459370.77143618796,94547.23513104819,364823.5363051398,459370.77143618796,8366.316447324267
6715,459371.5323771174,137108.7276993037,322262.80467781366,459371.5323771174,8366.316447324267
6716,459372.29331804684,38052.018676220556,421320.2746418263,459372.29331804684,8366.316447324267
6717,459373.05425897625,36803.23332109861,422569.82093787764,459373.05425897625,8366.316447324267
6718,459373.8151999056,36957.35813923238,422416.4570606732,459373.8151999056,8366.316447324267
6719,459374.576140835,36986.550244167156,422388.02589666785,459374.576140835,8366.316447324267
6720,459375.33708176436,37035.88779673213,422339.4492850322,459375.33708176436,8366.316447324267
6721,459376.0980226939,37033.14628296689,422342.951739727,459376.0980226939,8366.316447324267
6722,459376.85896362324,37029.657768992474,422347.20119463076,459376.85896362324,8366.316447324267
6723,459377.6199045526,37036.5370923584,422341.0828121942,459377.6199045526,8366.316447324267
6724,459378.38084548205,36755.730436986836,422622.6504084952,459378.38084548205,8366.316447324267
6725,459379.14178641135,41867.31996519194,417511.8218212194,459379.14178641135,8366.316447324267
6726,459379.9027273409,3039.859185749083,456340.0435415918,459379.9027273409,8366.316447324267
6727,487515.51867672324,0.0,487515.51867672324,487515.51867672324,8366.316447324267
6728,459381.4246091996,299755.653323019,159625.7712861806,459381.4246091996,8366.316447324267
6729,459382.18555012904,336284.53821782704,123097.64733230202,459382.18555012904,8366.316447324267
6730,459382.94649105845,334293.8342854703,125089.11220558813,459382.94649105845,8366.316447324267
6731,459383.7074319878,319489.45293689007,139894.25449509773,459383.7074319878,8366.316447324267
6732,459384.46837291727,332621.4937551147,126762.97461780261,459384.46837291727,8366.316447324267
6733,459385.2293138466,344362.1046088343,115023.1247050123,459385.2293138466,8366.316447324267
6734,459385.9902547761,339676.5027202224,119709.48753455367,459385.9902547761,8366.316447324267
6735,459386.75119570544,347425.5892851528,111961.16191055263,459386.75119570544,8366.316447324267
6736,459387.5121366348,359397.4635932279,99990.04854340691,459387.5121366348,8366.316447324267
6737,459388.27307756426,433845.2164552085,25543.056622355754,459388.27307756426,8366.316447324267
6738,459389.0340184936,381279.55732876464,78109.47668972898,459389.0340184936,8366.316447324267
6739,459389.79495942313,407641.59563719254,51748.19932223057,459389.79495942313,8366.316447324267
6740,459390.5559003524,413692.0101943331,45698.54570601932,459390.5559003524,8366.316447324267
6741,459391.31684128183,427360.71826838667,32030.598572895164,459391.31684128183,8366.316447324267
6742,459392.0777822113,432391.609095249,27000.46868696232,459392.0777822113,8366.316447324267
6743,459392.83872314065,438756.5535181624,20636.285204978267,459392.83872314065,8366.316447324267
6744,459393.59966407006,437843.4024267667,21550.197237303364,459393.59966407006,8366.316447324267
6745,459394.36060499947,415162.1665949165,44232.19401008299,459394.36060499947,8366.316447324267
6746,459395.1215459288,374082.7457944504,85312.37575147841,459395.1215459288,8366.316447324267
6747,459395.88248685835,368626.38828663074,90769.49420022761,459395.88248685835,8366.316447324267
6748,459396.6434277877,325484.19742089766,133912.44600689007,459396.6434277877,8366.316447324267
6749,459397.40436871705,381043.7841766334,78353.62019208365,459397.40436871705,8366.316447324267
6750,459398.16530964646,247268.14151732583,212130.02379232063,459398.16530964646,8366.316447324267
6751,459398.92625057587,332538.0554063094,126860.8708442665,459398.92625057587,8366.316447324267
6752,459399.68719150516,343619.4911013792,115780.19609012594,459399.68719150516,8366.316447324267
6753,459400.4481324347,401560.67644211336,57839.77169032131,459400.4481324347,8366.316447324267
6754,459401.2090733641,366170.97765668086,93230.23141668324,459401.2090733641,8366.316447324267
6755,459401.97001429345,366376.8158319199,93025.15418237353,459401.97001429345,8366.316447324267
6756,459402.7309552229,348737.11384143,110665.61711379292,459402.7309552229,8366.316447324267
6757,459403.49189615226,324208.68038666365,135194.81150948865,459403.49189615226,8366.316447324267
6758,459404.2528370817,371700.9719409584,87703.2808961233,459404.2528370817,8366.316447324267
6759,459405.0137780111,380794.6673978658,78610.3463801453,459405.0137780111,8366.316447324267
6760,459405.77471894055,317551.1280046413,141854.64671429928,459405.77471894055,8366.316447324267
6761,459406.5356598699,369045.5670928365,90360.96856703339,459406.5356598699,8366.316447324267
6762,459407.29660079925,355699.66089138377,103707.6357094155,459407.29660079925,8366.316447324267
6763,459408.0575417287,374394.71306226944,85013.34447945927,459408.0575417287,8366.316447324267
6764,459408.81848265807,376557.53145045054,82851.28703220752,459408.81848265807,8366.316447324267
6765,459409.5794235874,388529.7601941383,70879.81922944916,459409.5794235874,8366.316447324267
6766,459410.34036451695,351929.35672373447,107480.98364078246,459410.34036451695,8366.316447324267
6767,459411.10130544624,271075.1552714682,188335.94603397805,459411.10130544624,8366.316447324267
6768,459411.8622463757,221820.16469895034,237591.69754742537,459411.8622463757,8366.316447324267
6769,459412.6231873052,121138.07051726052,338274.55267004465,459412.6231873052,8366.316447324267
6770,459413.38412823447,311633.8838890521,147779.50023918238,459413.38412823447,8366.316447324267
6771,459414.145069164,389940.6253084352,69473.5197607288,459414.145069164,8366.316447324267
6772,459414.9060100933,420106.15450984973,39308.751500243554,459414.9060100933,8366.316447324267
6773,459415.66695102275,306649.47478483233,152766.19216619042,459415.66695102275,8366.316447324267
6774,459416.4278919522,294690.64662641706,164725.78126553513,459416.4278919522,8366.316447324267
6775,459417.1888328815,246663.71996560422,212753.4688672773,459417.1888328815,8366.316447324267
6776,459417.9497738109,332882.5442511215,126535.4055226894,459417.9497738109,8366.316447324267
6777,459418.7107147403,339035.0453171287,120383.66539761158,459418.7107147403,8366.316447324267
6778,459419.4716556697,366777.0069892122,92642.4646664575,459419.4716556697,8366.316447324267
6779,459420.23259659915,367706.64311695634,91713.58947964283,459420.23259659915,8366.316447324267
6780,459420.9935375285,367963.5795707995,91457.41396672901,459420.9935375285,8366.316447324267
6781,459421.75447845797,403549.82577692583,55871.92870153215,459421.75447845797,8366.316447324267
6782,459422.51541938726,320652.49569791043,138770.01972147686,459422.51541938726,8366.316447324267
6783,459423.2763603167,255831.42737527165,203591.84898504507,459423.2763603167,8366.316447324267
6784,459424.0373012463,308822.5084578936,150601.52884335266,459424.0373012463,8366.316447324267
6785,459424.7982421755,325140.0788521978,134284.7193899777,459424.7982421755,8366.316447324267
6786,459425.559183105,263125.10604385345,196300.45313925153,459425.559183105,8366.316447324267
6787,459426.3201240343,296749.2412535809,162677.07887045344,459426.3201240343,8366.316447324267
6788,459427.0810649637,307788.2480045948,151638.8330603689,459427.0810649637,8366.316447324267
6789,459427.8420058932,320450.03440517077,138977.80760072242,459427.8420058932,8366.316447324267
6790,459428.60294682253,367172.912775951,92255.69017087154,459428.60294682253,8366.316447324267
6791,459429.3638877519,357173.9130323355,102255.45085541635,459429.3638877519,8366.316447324267
6792,459430.12482868135,385247.6371425177,74182.48768616364,459430.12482868135,8366.316447324267
6793,459430.88576961076,417066.80946385657,42364.076305754184,459430.88576961076,8366.316447324267
6794,459431.64671054017,427674.5392519767,31757.107458563467,459431.64671054017,8366.316447324267
6795,459432.4076514696,437516.9727269988,21915.434924470763,459432.4076514696,8366.316447324267
6796,459433.168592399,438621.21531060105,20811.953281797945,459433.168592399,8366.316447324267
6797,459433.9295333284,459433.9295333284,0.0,459433.9295333284,8366.316447324267
6798,459434.6904742578,428291.6749370948,31143.015537163006,459434.6904742578,8366.316447324267
6799,459435.4514151873,375780.11938682606,83655.33202836123,459435.4514151873,8366.316447324267
6800,459436.21235611656,370252.4088255737,89183.80353054288,459436.21235611656,8366.316447324267
6801,459436.973297046,367537.08784660086,91899.88545044513,459436.973297046,8366.316447324267
6802,459437.73423797544,366691.5432495648,92746.1909884106,459437.73423797544,8366.316447324267
6803,459438.49517890473,332543.8350296615,126894.66014924327,459438.49517890473,8366.316447324267
6804,459439.25611983414,308522.5635844405,150916.69253539364,459439.25611983414,8366.316447324267
6805,459440.0170607636,290317.9319110023,169122.0851497613,459440.0170607636,8366.316447324267
6806,459440.77800169296,298389.1908161321,161051.5871855608,459440.77800169296,8366.316447324267
6807,459441.53894262237,354557.6765712246,104883.86237139779,459441.53894262237,8366.316447324267
6808,459442.2998835518,301471.77277967805,157970.52710387373,459442.2998835518,8366.316447324267
6809,459443.0608244812,358960.1434380359,100482.91738644528,459443.0608244812,8366.316447324267
6810,459443.82176541066,344868.83129512554,114574.9904702851,459443.82176541066,8366.316447324267
6811,459444.58270634,301527.85780747375,157916.7248988663,459444.58270634,8366.316447324267
6812,459445.34364726936,368833.7327365538,90611.61091071554,459445.34364726936,8366.316447324267
6813,459446.1045881988,369858.36312025524,89587.74146794359,459446.1045881988,8366.316447324267
6814,459446.86552912823,355079.33292663534,104367.53260249288,459446.86552912823,8366.316447324267
6815,459447.62647005764,388108.49699646456,71339.12947359309,459447.62647005764,8366.316447324267
6816,459448.387410987,402429.5795731227,57018.80783786428,459448.387410987,8366.316447324267
6817,459449.14835191634,394199.89102616446,65249.2573257519,459449.14835191634,8366.316447324267
6818,459449.9092928458,400914.9660230023,58534.94326984355,459449.9092928458,8366.316447324267
6819,459450.6702337753,399616.1823079494,59834.487925825844,459450.6702337753,8366.316447324267
6820,459451.43117470463,424088.5592541991,35362.87192050556,459451.43117470463,8366.316447324267
6821,459452.192115634,437176.403369161,22275.78874647297,459452.192115634,8366.316447324267
6822,459452.9530565634,410243.353150939,49209.599905624396,459452.9530565634,8366.316447324267
6823,459453.7139974929,387336.16163444053,72117.55236305241,459453.7139974929,8366.316447324267
6824,459454.4749384222,374721.69682211464,84732.7781163076,459454.4749384222,8366.316447324267
6825,459455.2358793516,370799.21483490965,88656.02104444194,459455.2358793516,8366.316447324267
6826,459455.9968202811,415419.6780201264,44036.31880015465,459455.9968202811,8366.316447324267
6827,459456.7577612104,368755.3737337411,90701.38402746928,459456.7577612104,8366.316447324267
6828,459457.5187021399,313700.3577113522,145757.16099078773,459457.5187021399,8366.316447324267
6829,459458.2796430693,370727.76752154843,88730.51212152086,459458.2796430693,8366.316447324267
6830,459459.04058399855,352021.81026340363,107437.23032059491,459459.04058399855,8366.316447324267
6831,459459.8015249281,357352.1028709614,102107.69865396664,459459.8015249281,8366.316447324267
6832,459460.5624658575,386804.1016687768,72656.46079708062,459460.5624658575,8366.316447324267
6833,459461.3234067869,363197.5661051772,96263.75730160967,459461.3234067869,8366.316447324267
6834,459462.0843477162,403782.82069962943,55679.26364808674,459462.0843477162,8366.316447324267
6835,459462.8452886456,394914.8072704923,64548.03801815325,459462.8452886456,8366.316447324267
6836,459463.6062295751,361295.5436092556,98168.06262031957,459463.6062295751,8366.316447324267
6837,459464.36717050447,332823.5007551876,126640.8664153169,459464.36717050447,8366.316447324267
6838,459465.12811143394,356180.92480837717,103284.20330305674,459465.12811143394,8366.316447324267
6839,459465.8890523632,400656.48897694243,58809.400075420795,459465.8890523632,8366.316447324267
6840,459466.64999329264,440248.25035342545,19218.399639867213,459466.64999329264,8366.316447324267
6841,459467.41093422216,434609.70301613386,24857.707918088283,459467.41093422216,8366.316447324267
6842,459468.17187515146,444843.51677568414,14624.655099467336,459468.17187515146,8366.316447324267
6843,459468.93281608087,452564.67296149995,6904.259854580918,459468.93281608087,8366.316447324267
6844,459469.6937570103,459469.6937570103,0.0,459469.6937570103,8366.316447324267
6845,459470.4546979396,459470.4546979396,0.0,459470.4546979396,8366.316447324267
6846,459471.2156388691,416374.914498757,43096.30114011213,459471.2156388691,8366.316447324267
6847,459471.97657979844,359456.5667159781,100015.40986382037,459471.97657979844,8366.316447324267
6848,459472.7375207278,391990.45989027456,67482.27763045325,459472.7375207278,8366.316447324267
6849,459473.4984616573,371222.3753611776,88251.12310047973,459473.4984616573,8366.316447324267
6850,459474.25940258673,392840.9183012029,66633.34110138385,459474.25940258673,8366.316447324267
6851,459475.0203435161,391639.34900419175,67835.67133932434,459475.0203435161,8366.316447324267
6852,459475.78128444543,361103.06265156926,98372.7186328762,459475.78128444543,8366.316447324267
6853,459476.54222537484,372759.38078659493,86717.16143877993,459476.54222537484,8366.316447324267
6854,459477.3031663043,344879.5642509111,114597.7389153932,459477.3031663043,8366.316447324267
6855,459478.0641072338,364844.3203226075,94633.74378462622,459478.0641072338,8366.316447324267
6856,459478.8250481632,354759.62184965203,104719.20319851112,459478.8250481632,8366.316447324267
6857,459479.5859890925,459479.5859890925,0.0,459479.5859890925,8366.316447324267
6858,459480.3469300219,459480.3469300219,0.0,459480.3469300219,8366.316447324267
6859,459481.10787095135,459481.10787095135,0.0,459481.10787095135,8366.316447324267
6860,459481.8688118807,459481.8688118807,0.0,459481.8688118807,8366.316447324267
6861,459482.62975281005,459482.62975281005,0.0,459482.62975281005,8366.316447324267
6862,459483.3906937395,438182.1699999829,21301.220693756582,459483.3906937395,8366.316447324267
6863,459484.15163466893,407731.98911900196,51752.16251566696,459484.15163466893,8366.316447324267
6864,459484.9125755983,365848.30334826314,93636.60922733512,459484.9125755983,8366.316447324267
6865,459485.6735165277,113847.33734153182,345638.3361749959,459485.6735165277,8366.316447324267
6866,459486.4344574571,157406.07354307052,302080.3609143866,459486.4344574571,8366.316447324267
6867,459487.19539838657,124982.5090500149,334504.6863483717,459487.19539838657,8366.316447324267
6868,459487.956339316,91618.29700264614,367869.65933666984,459487.956339316,8366.316447324267
6869,459488.71728024527,55679.03366179264,403809.68361845263,459488.71728024527,8366.316447324267
6870,459489.47822117474,26956.9303219883,432532.54789918644,459489.47822117474,8366.316447324267
6871,482678.0138904118,0.0,482678.0138904118,482678.0138904118,8366.316447324267
6872,459491.00010303344,113360.81075607153,346130.1893469619,459491.00010303344,8366.316447324267
6873,459491.76104396296,317313.32045003615,142178.44059392682,459491.76104396296,8366.316447324267
6874,459492.5219848922,324009.35526774847,135483.16671714373,459492.5219848922,8366.316447324267
6875,459493.2829258217,343053.00099000515,116440.28193581657,459493.2829258217,8366.316447324267
6876,459494.04386675113,348978.9480124637,110515.09585428743,459494.04386675113,8366.316447324267
6877,459494.8048076805,329445.9978889209,130048.80691875958,459494.8048076805,8366.316447324267
6878,459495.56574860995,379696.5168409837,79799.04890762625,459495.56574860995,8366.316447324267
6879,459496.32668953936,355871.8088926459,103624.51779689346,459496.32668953936,8366.316447324267
6880,459497.08763046877,348735.8549784976,110761.23265197114,459497.08763046877,8366.316447324267
6881,459497.8485713982,398774.93771285994,60722.91085853821,459497.8485713982,8366.316447324267
6882,459498.6095123275,416915.00199161156,42583.607520715945,459498.6095123275,8366.316447324267
6883,459499.37045325694,384718.89611897717,74780.47433427977,459499.37045325694,8366.316447324267
6884,459500.1313941863,388849.27089273056,70650.86050145571,459500.1313941863,8366.316447324267
6885,459500.8923351157,389079.4548243724,70421.43751074329,459500.8923351157,8366.316447324267
6886,459501.65327604517,413137.71938373084,46363.9338923143,459501.65327604517,8366.316447324267
6887,459502.4142169745,432677.6135060473,26824.8007109272,459502.4142169745,8366.316447324267
6888,459503.175157904,435597.81613047543,23905.359027428574,459503.175157904,8366.316447324267
6889,459503.93609883334,433408.9958087808,26094.940290052546,459503.93609883334,8366.316447324267
6890,459504.69703976274,428731.1833298834,30773.513709879386,459504.69703976274,8366.316447324267
6891,459505.45798069227,276519.4438940973,182986.01408659498,459505.45798069227,8366.316447324267
6892,459506.2189216215,213928.32986871534,245577.88905290616,459506.2189216215,8366.316447324267
6893,459506.97986255103,176461.2028670339,283045.77699551714,459506.97986255103,8366.316447324267
6894,459507.7408034804,189168.67989905662,270339.06090442376,459507.7408034804,8366.316447324267
6895,459508.50174440973,212733.08124027212,246775.4205041376,459508.50174440973,8366.316447324267
6896,459509.26268533914,318604.27832690056,140904.98435843858,459509.26268533914,8366.316447324267
6897,459510.02362626855,346102.22386270686,113407.79976356168,459510.02362626855,8366.316447324267
6898,459510.7845671979,350780.3827877875,108730.40177941046,459510.7845671979,8366.316447324267
6899,459511.54550812737,415551.9712792229,43959.574228904436,459511.54550812737,8366.316447324267
6900,459512.3064490568,354526.84487002814,104985.46157902863,459512.3064490568,8366.316447324267
6901,459513.0673899861,359887.51171526185,99625.55567472431,459513.0673899861,8366.316447324267
6902,459513.82833091554,313660.9456345208,145852.88269639475,459513.82833091554,8366.316447324267
6903,459514.589271845,353359.5030334382,106155.08623840682,459514.589271845,8366.316447324267
6904,459515.3502127744,347082.4254764532,112432.92473632119,459515.3502127744,8366.316447324267
6905,459516.11115370377,424217.9934737469,35298.1176799569,459516.11115370377,8366.316447324267
6906,459516.87209463323,365577.68549490883,93939.18659972442,459516.87209463323,8366.316447324267
6907,459517.6330355626,336160.47253160214,123357.16050396043,459517.6330355626,8366.316447324267
6908,459518.393976492,329027.81384163303,130490.58013485896,459518.393976492,8366.316447324267
6909,459519.1549174214,326776.07605588937,132743.07886153206,459519.1549174214,8366.316447324267
6910,459519.91585835075,364703.54580642295,94816.37005192779,459519.91585835075,8366.316447324267
6911,459520.6767992801,365216.4427235636,94304.23407571654,459520.6767992801,8366.316447324267
6912,459521.4377402096,394500.4659727995,65020.97176741009,459521.4377402096,8366.316447324267
6913,459522.198681139,387634.84282341873,71887.35585772025,459522.198681139,8366.316447324267
6914,459522.9596220684,368803.6773798306,90719.28224223775,459522.9596220684,8366.316447324267
6915,459523.7205629978,406841.4356022899,52682.28496070789,459523.7205629978,8366.316447324267
6916,459524.48150392715,431275.5696345146,28248.91186941254,459524.48150392715,8366.316447324267
6917,459525.2424448567,459525.2424448567,0.0,459525.2424448567,8366.316447324267
6918,459526.0033857861,417926.9320506515,41599.07133513459,459526.0033857861,8366.316447324267
6919,459526.76432671543,392626.4399075384,66900.324419177,459526.76432671543,8366.316447324267
6920,459527.52526764484,376463.94957460964,83063.57569303519,459527.52526764484,8366.316447324267
6921,459528.2862085742,336879.40429508715,122648.88191348703,459528.2862085742,8366.316447324267
6922,459529.0471495037,329384.0086147365,130145.0385347672,459529.0471495037,8366.316447324267
6923,459529.808090433,302089.7073098504,157440.10078058264,459529.808090433,8366.316447324267
6924,459530.5690313624,350669.9881322775,108860.58089908489,459530.5690313624,8366.316447324267
6925,459531.32997229183,296674.1854603306,162857.1445119612,459531.32997229183,8366.316447324267
6926,459532.0909132212,331563.6705523304,127968.42036089081,459532.0909132212,8366.316447324267
6927,459532.85185415065,353569.04690018634,105963.80495396433,459532.85185415065,8366.316447324267
6928,459533.61279508,246203.5962645872,213330.0165304928,459533.61279508,8366.316447324267
6929,459534.3737360094,262533.2014855031,197001.1722505063,459534.3737360094,8366.316447324267
6930,459535.1346769389,230668.53309775513,228866.60157918374,459535.1346769389,8366.316447324267
6931,459535.8956178682,167781.02824251738,291754.86737535085,459535.8956178682,8366.316447324267
6932,459536.6565587977,98106.31929271482,361430.3372660829,459536.6565587977,8366.316447324267
6933,459537.4174997271,166811.38895820396,292726.02854152315,459537.4174997271,8366.316447324267
6934,459538.1784406564,251192.16617924802,208346.01226140838,459538.1784406564,8366.316447324267
6935,459538.9393815859,82666.2011314042,376872.7382501817,459538.9393815859,8366.316447324267
6936,459539.7003225152,53074.34111090837,406465.35921160685,459539.7003225152,8366.316447324267
6937,459540.46126344457,100589.7205649711,358950.74069847347,459540.46126344457,8366.316447324267
6938,459541.2222043741,127800.43479438056,331740.7874099935,459541.2222043741,8366.316447324267
6939,459541.98314530344,127323.89054627588,332218.09259902756,459541.98314530344,8366.316447324267
6940,459542.74408623285,92207.54137056571,367335.20271566714,459542.74408623285,8366.316447324267
6941,459543.5050271622,80349.26970899128,379194.2353181709,459543.5050271622,8366.316447324267
6942,459544.26596809167,123204.80188843101,336339.46407966065,459544.26596809167,8366.316447324267
6943,459545.0269090211,292941.81333964504,166603.21356937604,459545.0269090211,8366.316447324267
6944,459545.7878499505,384771.069561703,74774.71828824747,459545.7878499505,8366.316447324267
6945,459546.5487908799,319263.24583113054,140283.3029597494,459546.5487908799,8366.316447324267
6946,459547.30973180925,330180.0530810622,129367.25665074705,459547.30973180925,8366.316447324267
6947,459548.07067273866,325078.5153571374,134469.55531560123,459548.07067273866,8366.316447324267
6948,459548.8316136681,322632.2980088865,136916.53360478164,459548.8316136681,8366.316447324267
6949,459549.59255459753,307240.38732041593,152309.20523418157,459549.59255459753,8366.316447324267
6950,459550.3534955268,364261.43654696044,95288.9169485664,459550.3534955268,8366.316447324267
6951,459551.1144364563,379364.0799561395,80187.03448031678,459551.1144364563,8366.316447324267
6952,459551.87537738564,395867.58279523224,63684.29258215341,459551.87537738564,8366.316447324267
6953,459552.63631831517,384239.7456130566,75312.89070525859,459552.63631831517,8366.316447324267
6954,459553.39725924446,352983.6156512217,106569.78160802278,459553.39725924446,8366.316447324267
6955,459554.1582001739,376947.29816574027,82606.86003443359,459554.1582001739,8366.316447324267
6956,459554.9191411033,400106.67148104333,59448.24766005997,459554.9191411033,8366.316447324267
6957,459555.6800820327,416686.3653092199,42869.314772812795,459555.6800820327,8366.316447324267
6958,459556.44102296204,409403.1207266169,50153.320296345184,459556.44102296204,8366.316447324267
6959,459557.2019638915,372793.53895856824,86763.6630053233,459557.2019638915,8366.316447324267
6960,459557.9629048209,365621.62050384365,93936.3424009773,459557.9629048209,8366.316447324267
6961,459558.7238457503,77511.0987315515,382047.62511419883,459558.7238457503,8366.316447324267
6962,459559.48478667974,98370.23418452992,361189.2506021498,459559.48478667974,8366.316447324267
6963,459560.245727609,115020.38688009378,344539.85884751525,459560.245727609,8366.316447324267
6964,459561.0066685385,237369.38864179223,222191.61802674626,459561.0066685385,8366.316447324267
6965,459561.7676094679,223430.15636860454,236131.61124086336,459561.7676094679,8366.316447324267
6966,459562.5285503974,142741.81160735223,316820.71694304515,459562.5285503974,8366.316447324267
6967,459563.28949132666,86349.37290007959,373213.9165912471,459563.28949132666,8366.316447324267
6968,459564.0504322561,287454.2206421637,172109.82979009236,459564.0504322561,8366.316447324267
6969,459564.8113731855,299178.1324665402,160386.6789066453,459564.8113731855,8366.316447324267
6970,459565.57231411495,341348.8546362164,118216.71767789853,459565.57231411495,8366.316447324267
6971,459566.3332550443,368128.1714336196,91438.16182142471,459566.3332550443,8366.316447324267
6972,459567.09419597377,392910.61107182613,66656.48312414763,459567.09419597377,8366.316447324267
6973,459567.85513690306,422494.7671918109,37073.08794509216,459567.85513690306,8366.316447324267
6974,459568.6160778326,441116.5981109383,18452.017966894247,459568.6160778326,8366.316447324267
6975,459569.377018762,455052.0880799875,4517.288938774496,459569.377018762,8366.316447324267
6976,459570.1379596913,459254.4053486986,315.7326109927034,459570.1379596913,8366.316447324267
6977,459570.89890062076,450041.3533181684,9529.545582452369,459570.89890062076,8366.316447324267
6978,459571.6598415501,428044.55053021305,31527.10931133705,459571.6598415501,8366.316447324267
6979,459572.4207824796,412067.3121688545,47505.108613625045,459572.4207824796,8366.316447324267
6980,459573.181723409,405356.7343389858,54216.447384423154,459573.181723409,8366.316447324267
6981,459573.9426643383,412899.8602289391,46674.08243539921,459573.9426643383,8366.316447324267
6982,459574.70360526774,367007.32139473694,92567.38221053082,459574.70360526774,8366.316447324267
6983,459575.4645461972,385330.2165044318,74245.24804176539,459575.4645461972,8366.316447324267
6984,459576.22548712656,359094.52075551124,100481.7047316153,459576.22548712656,8366.316447324267
6985,459576.986428056,351290.75132032286,108286.23510773314,459576.986428056,8366.316447324267
6986,459577.7473689853,409683.4450510414,49894.30231794393,459577.7473689853,8366.316447324267
6987,459578.50830991485,423275.50592639705,36303.00238351781,459578.50830991485,8366.316447324267
6988,459579.26925084414,401743.8017979701,57835.46745287404,459579.26925084414,8366.316447324267
6989,459580.03019177355,383715.7000403339,75864.33015143967,459580.03019177355,8366.316447324267
6990,459580.791132703,401258.89001234097,58321.901120362054,459580.791132703,8366.316447324267
6991,459581.55207363225,309472.31779341784,150109.23428021444,459581.55207363225,8366.316447324267
6992,459582.3130145618,349953.05779524625,109629.2552193155,459582.3130145618,8366.316447324267
6993,459583.0739554912,365238.18801324593,94344.88594224528,459583.0739554912,8366.316447324267
6994,459583.8348964205,406237.62280178623,53346.21209463424,459583.8348964205,8366.316447324267
6995,459584.59583735,402981.1144294673,56603.48140788269,459584.59583735,8366.316447324267
6996,459585.3567782794,371926.23328392056,87659.12349435885,459585.3567782794,8366.316447324267
6997,459586.1177192087,371078.6446532698,88507.47306593895,459586.1177192087,8366.316447324267
6998,459586.8786601382,398415.1332976998,61171.7453624384,459586.8786601382,8366.316447324267
6999,459587.6396010676,415627.08586416935,43960.55373689824,459587.6396010676,8366.316447324267
7000,459588.40054199705,436660.83133082546,22927.56921117158,459588.40054199705,8366.316447324267
7001,459589.1614829264,459589.1614829264,0.0,459589.1614829264,8366.316447324267
7002,459589.9224238558,459589.9224238558,0.0,459589.9224238558,8366.316447324267
7003,459590.68336478516,459590.68336478516,0.0,459590.68336478516,8366.316447324267
7004,459591.44430571457,459591.44430571457,0.0,459591.44430571457,8366.316447324267
7005,459592.205246644,414797.9836706502,44794.22157599376,459592.205246644,8366.316447324267
7006,459592.9661875734,204816.9470662657,254776.01912130768,459592.9661875734,8366.316447324267
7007,459593.7271285028,36943.20427378063,422650.52285472216,459593.7271285028,8366.316447324267
7008,459594.4880694322,37162.07995027921,422432.408119153,459594.4880694322,8366.316447324267
7009,459595.2490103616,37251.6474286546,422343.601581707,459595.2490103616,8366.316447324267
7010,459596.009951291,37250.12992289709,422345.88002839393,459596.009951291,8366.316447324267
7011,459596.7708922205,37236.70301421173,422360.06787800876,459596.7708922205,8366.316447324267
7012,459597.5318331498,37019.48183759081,422578.049995559,459597.5318331498,8366.316447324267
7013,459598.29277407925,37165.006518254755,422433.2862558245,459598.29277407925,8366.316447324267
7014,459599.05371500866,11316.511518743995,448282.54219626467,459599.05371500866,8366.316447324267
7015,491270.6090162215,0.0,491270.6090162215,491270.6090162215,8366.316447324267
7016,459600.5755968674,259717.45720937618,199883.11838749124,459600.5755968674,8366.316447324267
7017,459601.33653779683,314796.1374763357,144805.19906146114,459601.33653779683,8366.316447324267
7018,459602.0974787261,336060.65503915946,123541.44243956667,459602.0974787261,8366.316447324267
7019,459602.85841965565,373732.2012304199,85870.65718923573,459602.85841965565,8366.316447324267
7020,459603.61936058506,372706.2848980931,86897.33446249197,459603.61936058506,8366.316447324267
7021,459604.3803015144,376223.95773434796,83380.42256716646,459604.3803015144,8366.316447324267
7022,459605.1412424438,366810.5455582648,92794.59568417899,459605.1412424438,8366.316447324267
7023,459605.9021833732,375951.41424456815,83654.48793880506,459605.9021833732,8366.316447324267
7024,459606.6631243027,418625.1293234216,40981.53380088109,459606.6631243027,8366.316447324267
7025,459607.424065232,459607.424065232,0.0,459607.424065232,8366.316447324267
7026,459608.1850061615,459608.1850061615,0.0,459608.1850061615,8366.316447324267
7027,459608.94594709086,435107.75073457183,24501.195212519036,459608.94594709086,8366.316447324267
7028,459609.7068880202,428957.4054116286,30652.301476391633,459609.7068880202,8366.316447324267
7029,459610.4678289497,428653.17399290914,30957.293836040535,459610.4678289497,8366.316447324267
7030,459611.228769879,442348.0591080415,17263.169661837444,459611.228769879,8366.316447324267
7031,459611.9897108084,415916.11497070995,43695.87474009841,459611.9897108084,8366.316447324267
7032,459612.7506517379,397905.6617098863,61707.08894185165,459612.7506517379,8366.316447324267
7033,459613.5115926672,390203.9267265183,69409.58486614886,459613.5115926672,8366.316447324267
7034,459614.27253359667,345135.50669465895,114478.76583893773,459614.27253359667,8366.316447324267
7035,459615.033474526,359564.5804513108,100050.45302321522,459615.033474526,8366.316447324267
7036,459615.7944154554,354693.07378703874,104922.7206284167,459615.7944154554,8366.316447324267
7037,459616.55535638495,306535.6602427728,153080.89511361218,459616.55535638495,8366.316447324267
7038,459617.31629731425,300995.14842235175,158622.1678749625,459617.31629731425,8366.316447324267
7039,459618.0772382437,274912.5754064004,184705.50183184328,459618.0772382437,8366.316447324267
7040,459618.83817917306,304788.217877569,154830.620301604,459618.83817917306,8366.316447324267
7041,459619.5991201024,357297.1879835864,102322.41113651602,459619.5991201024,8366.316447324267
7042,459620.3600610319,368123.2482558313,91497.1118052006,459620.3600610319,8366.316447324267
7043,459621.12100196123,394381.6118392514,65239.509162709815,459621.12100196123,8366.316447324267
7044,459621.8819428906,400874.4558774719,58747.42606541872,459621.8819428906,8366.316447324267
7045,459622.64288382005,415370.42804925377,44252.214834566264,459622.64288382005,8366.316447324267
7046,459623.40382474946,426954.76729320094,32668.63653154851,459623.40382474946,8366.316447324267
7047,459624.1647656789,446859.7160224614,12764.44874321748,459624.1647656789,8366.316447324267
7048,459624.9257066082,457251.61113654583,2373.3145700624013,459624.9257066082,8366.316447324267
7049,459625.68664753763,442208.2490726992,17417.437574838426,459625.68664753763,8366.316447324267
7050,459626.4475884671,459626.4475884671,0.0,459626.4475884671,8366.316447324267
7051,459627.2085293965,459627.2085293965,0.0,459627.2085293965,8366.316447324267
7052,459627.969470326,459627.969470326,0.0,459627.969470326,8366.316447324267
7053,459628.73041125527,459628.73041125527,0.0,459628.73041125527,8366.316447324267
7054,459629.4913521847,459629.4913521847,0.0,459629.4913521847,8366.316447324267
7055,459630.2522931142,425027.42307352566,34602.829219588515,459630.2522931142,8366.316447324267
7056,459631.01323404344,356548.4912780003,103082.52195604314,459631.01323404344,8366.316447324267
7057,459631.77417497284,448286.6297008805,11345.144474092323,459631.77417497284,8366.316447324267
7058,459632.5351159023,409999.0849218156,49633.4501940867,459632.5351159023,8366.316447324267
7059,459633.29605683166,259234.25974415857,200399.0363126731,459633.29605683166,8366.316447324267
7060,459634.0569977611,355667.01183322555,103967.04516453552,459634.0569977611,8366.316447324267
7061,459634.81793869054,327730.8451467828,131903.9727919077,459634.81793869054,8366.316447324267
7062,459635.57887961983,348892.33565098833,110743.24322863152,459635.57887961983,8366.316447324267
7063,459636.33982054936,242025.09141398632,217611.24840656304,459636.33982054936,8366.316447324267
7064,459637.10076147877,311935.5906081961,147701.51015328267,459637.10076147877,8366.316447324267
7065,459637.86170240806,396666.94480082137,62970.91690158669,459637.86170240806,8366.316447324267
7066,459638.62264333747,387844.1471469762,71794.4754963613,459638.62264333747,8366.316447324267
7067,459639.3835842669,346129.656807123,113509.72677714392,459639.3835842669,8366.316447324267
7068,459640.14452519635,361150.13516263326,98490.00936256307,459640.14452519635,8366.316447324267
7069,459640.90546612575,320604.2139698796,139036.69149624615,459640.90546612575,8366.316447324267
7070,459641.666407055,302596.37433734187,157045.29206971315,459641.666407055,8366.316447324267
7071,459642.4273479845,296060.54482265795,163581.88252532657,459642.4273479845,8366.316447324267
7072,459643.1882889139,273591.9069414906,186051.28134742336,459643.1882889139,8366.316447324267
7073,459643.9492298434,150509.04631829634,309134.90291154705,459643.9492298434,8366.316447324267
7074,459644.7101707727,55792.3714522511,403852.3387185216,459644.7101707727,8366.316447324267
7075,459645.47111170203,41433.78772023955,418211.6833914625,459645.47111170203,8366.316447324267
7076,459646.23205263156,36871.11454682599,422775.11750580557,459646.23205263156,8366.316447324267
7077,459646.99299356097,36887.61733064172,422759.37566291925,459646.99299356097,8366.316447324267
7078,459647.7539344903,36939.306818195386,422708.44711629493,459647.7539344903,8366.316447324267
7079,459648.5148754198,37247.207939382526,422401.30693603726,459648.5148754198,8366.316447324267
7080,459649.2758163491,36868.86393228511,422780.411884064,459649.2758163491,8366.316447324267
7081,459650.0367572786,36928.05737682298,422721.9793804556,459650.0367572786,8366.316447324267
7082,459650.797698208,37540.249139412364,422110.54855879565,459650.797698208,8366.316447324267
7083,459651.55863913725,40135.89477090776,419515.6638682295,459651.55863913725,8366.316447324267
7084,459652.3195800668,57536.75096020929,402115.5686198575,459652.3195800668,8366.316447324267
7085,459653.0805209961,108846.3871159539,350806.6934050422,459653.0805209961,8366.316447324267
7086,459653.8414619256,236273.0511552776,223380.790306648,459653.8414619256,8366.316447324267
7087,459654.6024028549,195499.74283670454,264154.85956615035,459654.6024028549,8366.316447324267
7088,459655.3633437843,135390.44215736393,324264.92118642037,459655.3633437843,8366.316447324267
7089,459656.12428471376,343581.03353330796,116075.0907514058,459656.12428471376,8366.316447324267
7090,459656.8852256432,328603.903439912,131052.98178573119,459656.8852256432,8366.316447324267
7091,459657.6461665726,287551.34215640265,172106.30401016993,459657.6461665726,8366.316447324267
7092,459658.40710750193,276107.80277088843,183550.6043366135,459658.40710750193,8366.316447324267
7093,459659.16804843134,270090.7588441395,189568.40920429182,459659.16804843134,8366.316447324267
7094,459659.92898936087,239973.33510259178,219686.5938867691,459659.92898936087,8366.316447324267
7095,459660.68993029016,188575.98814956046,271084.7017807297,459660.68993029016,8366.316447324267
7096,459661.45087121957,268186.82125168387,191474.6296195357,459661.45087121957,8366.316447324267
7097,459662.211812149,345755.3033732099,113906.90843893906,459662.211812149,8366.316447324267
7098,459662.9727530783,201221.34858194276,258441.62417113557,459662.9727530783,8366.316447324267
7099,459663.73369400785,130748.15059855883,328915.583095449,459663.73369400785,8366.316447324267
7100,459664.4946349372,99248.81993766577,360415.67469727143,459664.4946349372,8366.316447324267
7101,459665.2555758665,88747.08154641185,370918.17402945465,459665.2555758665,8366.316447324267
7102,459666.01651679596,80769.3131755371,378896.70334125886,459666.01651679596,8366.316447324267
7103,459666.7774577254,151311.49749582197,308355.2799619034,459666.7774577254,8366.316447324267
7104,459667.5383986548,194511.56855775887,265155.9698408959,459667.5383986548,8366.316447324267
7105,459668.2993395842,253552.95744381117,206115.34189577302,459668.2993395842,8366.316447324267
7106,459669.0602805136,311128.84638131695,148540.21389919665,459669.0602805136,8366.316447324267
7107,459669.821221443,341827.62370177,117842.19751967302,459669.821221443,8366.316447324267
7108,459670.5821623724,361386.8535773944,98283.72858497805,459670.5821623724,8366.316447324267
7109,459671.3431033018,353835.9669955893,105835.3761077125,459671.3431033018,8366.316447324267
7110,459672.1040442312,291354.3897585197,168317.71428571147,459672.1040442312,8366.316447324267
7111,459672.8649851606,220193.7377430313,239479.1272421293,459672.8649851606,8366.316447324267
7112,459673.62592608994,249461.9726377309,210211.65328835903,459673.62592608994,8366.316447324267
7113,459674.3868670194,365870.3218602548,93804.06500676462,459674.3868670194,8366.316447324267
7114,459675.14780794876,364405.95575072616,95269.1920572226,459675.14780794876,8366.316447324267
7115,459675.9087488782,364469.9403482614,95205.96840061684,459675.9087488782,8366.316447324267
7116,459676.6696898076,365474.75153660413,94201.91815320344,459676.6696898076,8366.316447324267
7117,459677.430630737,366845.33252333454,92832.09810740246,459677.430630737,8366.316447324267
7118,459678.19157166645,369644.7216153423,90033.46995632413,459678.19157166645,8366.316447324267
7119,459678.9525125958,379605.1542086104,80073.79830398539,459678.9525125958,8366.316447324267
7120,459679.7134535252,388703.7868725315,70975.92658099372,459679.7134535252,8366.316447324267
7121,459680.4743944547,435799.98549715,23880.488897304673,459680.4743944547,8366.316447324267
7122,459681.235335384,449505.0186372065,10176.216698177468,459681.235335384,8366.316447324267
7123,459681.99627631344,436376.2675074819,23305.728768831545,459681.99627631344,8366.316447324267
7124,459682.75721724285,441654.40579222864,18028.351425014225,459682.75721724285,8366.316447324267
7125,459683.51815817214,425454.5464040443,34228.971754127815,459683.51815817214,8366.316447324267
7126,459684.27909910167,459684.27909910167,0.0,459684.27909910167,8366.316447324267
7127,459685.040040031,45796.05850256723,413888.9815374638,459685.040040031,8366.316447324267
7128,459685.8009809604,37172.04779731837,422513.75318364205,459685.8009809604,8366.316447324267
7129,459686.56192188984,37172.80873824778,422513.75318364205,459686.56192188984,8366.316447324267
7130,459687.32286281924,37173.56967917719,422513.75318364205,459687.32286281924,8366.316447324267
7131,459688.0838037487,37174.33062010666,422513.75318364205,459688.0838037487,8366.316447324267
7132,459688.844744678,37175.09156103595,422513.75318364205,459688.844744678,8366.316447324267
7133,459689.60568560753,37175.85250196548,422513.75318364205,459689.60568560753,8366.316447324267
7134,459690.3666265369,19175.594802935084,440514.7718236018,459690.3666265369,8366.316447324267
7135,498664.6073541773,0.0,498664.6073541773,498664.6073541773,8366.316447324267
7136,495128.9518923394,0.0,495128.9518923394,495128.9518923394,8366.316447324267
7137,459692.649449325,49699.620050226455,409993.02939909854,459692.649449325,8366.316447324267
7138,459693.4103902544,95187.50006662885,364505.91032362555,459693.4103902544,8366.316447324267
7139,459694.1713311839,117499.11626977718,342195.05506140675,459694.1713311839,8366.316447324267
7140,459694.9322721132,174770.59792118444,284924.3343509288,459694.9322721132,8366.316447324267
7141,459695.6932130427,224940.53882208976,234755.15439095293,459695.6932130427,8366.316447324267
7142,459696.45415397204,237298.66977681775,222397.78437715428,459696.45415397204,8366.316447324267
7143,459697.21509490145,253377.16506927676,206320.0500256247,459697.21509490145,8366.316447324267
7144,459697.9760358309,261223.0277443435,198474.9482914874,459697.9760358309,8366.316447324267
7145,459698.73697676026,266512.4077983681,193186.3291783922,459698.73697676026,8366.316447324267
7146,459699.49791768973,126309.84188187006,333389.6560358197,459699.49791768973,8366.316447324267
7147,459700.2588586191,68916.27917284693,390783.97968577215,459700.2588586191,8366.316447324267
7148,459701.0197995485,46365.651247654576,413335.3685518939,459701.0197995485,8366.316447324267
7149,459701.7807404779,39640.49156566447,420061.2891748134,459701.7807404779,8366.316447324267
7150,459702.54168140725,38481.67366614868,421220.8680152586,459702.54168140725,8366.316447324267
7151,459703.30262233666,37995.061329415475,421708.2412929212,459703.30262233666,8366.316447324267
7152,459704.06356326607,38613.8744517726,421090.18911149347,459704.06356326607,8366.316447324267
7153,459704.8245041955,43217.87259721814,416486.95190697734,459704.8245041955,8366.316447324267
7154,459705.58544512495,45604.70258498634,414100.8828601386,459705.58544512495,8366.316447324267
7155,459706.34638605424,46808.48367957823,412897.862706476,459706.34638605424,8366.316447324267
7156,459707.1073269837,56467.90376192244,403239.20356506127,459707.1073269837,8366.316447324267
7157,459707.8682679131,53615.29017668642,406092.5780912267,459707.8682679131,8366.316447324267
7158,459708.6292088425,62052.46143345669,397656.16777538584,459708.6292088425,8366.316447324267
7159,469225.73837519845,0.0,469225.73837519845,469225.73837519845,8366.316447324267
7160,459710.15109070134,191750.6807628551,267959.47032784624,459710.15109070134,8366.316447324267
7161,459710.9120316307,345362.5398758606,114348.37215577006,459710.9120316307,8366.316447324267
7162,459711.67297256016,363754.7234161772,95956.94955638293,459711.67297256016,8366.316447324267
7163,459712.4339134895,363724.5277431758,95987.90617031371,459712.4339134895,8366.316447324267
7164,459713.1948544188,364777.6708425008,94935.524011918,459713.1948544188,8366.316447324267
7165,459713.95579534833,366416.6444191796,93297.31137616874,459713.95579534833,8366.316447324267
7166,459714.71673627774,370638.47862002894,89076.23811624879,459714.71673627774,8366.316447324267
7167,459715.4776772071,381186.284597451,78529.19307975614,459715.4776772071,8366.316447324267
7168,459716.2386181365,410669.02058520226,49047.21803293424,459716.2386181365,8366.316447324267
7169,459716.9995590659,444929.1673573654,14787.832201700458,459716.9995590659,8366.316447324267
7170,459717.7604999953,459717.7604999953,0.0,459717.7604999953,8366.316447324267
7171,459718.5214409248,433607.3408222513,26111.180618673505,459718.5214409248,8366.316447324267
7172,459719.2823818542,458472.2507664302,1247.0316154239767,459719.2823818542,8366.316447324267
7173,459720.04332278355,451364.09139956447,8355.951923219103,459720.04332278355,8366.316447324267
7174,459720.8042637129,459720.8042637129,0.0,459720.8042637129,8366.316447324267
7175,459721.5652046424,459721.5652046424,0.0,459721.5652046424,8366.316447324267
7176,459722.3261455717,441018.1312241202,18704.1949214515,459722.3261455717,8366.316447324267
7177,459723.08708650107,459723.08708650107,0.0,459723.08708650107,8366.316447324267
7178,459723.8480274306,459723.8480274306,0.0,459723.8480274306,8366.316447324267
7179,459724.6089683599,459628.2984009759,96.31056738402144,459724.6089683599,8366.316447324267
7180,459725.36990928935,459725.36990928935,0.0,459725.36990928935,8366.316447324267
7181,459726.13085021876,459726.13085021876,0.0,459726.13085021876,8366.316447324267
7182,459726.8917911481,430487.0697000625,29239.822091085603,459726.8917911481,8366.316447324267
7183,459727.6527320775,364871.27616201376,94856.37657006379,459727.6527320775,8366.316447324267
7184,459728.413673007,366231.05382886966,93497.35984413735,459728.413673007,8366.316447324267
7185,459729.17461393634,379702.8164637198,80026.3581502165,459729.17461393634,8366.316447324267
7186,459729.9355548658,391584.67080321326,68145.26475165255,459729.9355548658,8366.316447324267
7187,459730.69649579516,406589.7819147944,53140.91458100077,459730.69649579516,8366.316447324267
7188,459731.4574367246,402940.9535037675,56790.50393295715,459731.4574367246,8366.316447324267
7189,459732.218377654,406144.7333769044,53587.485000749606,459732.218377654,8366.316447324267
7190,459732.9793185833,320199.8760135164,139533.10330506694,459732.9793185833,8366.316447324267
7191,459733.7402595128,363981.85476370086,95751.88549581195,459733.7402595128,8366.316447324267
7192,459734.5012004421,381720.10381849995,78014.39738194217,459734.5012004421,8366.316447324267
7193,459735.2621413716,362706.31061948184,97028.9515218898,459735.2621413716,8366.316447324267
7194,459736.0230823009,356320.19695025333,103415.82613204754,459736.0230823009,8366.316447324267
7195,459736.7840232303,276663.79646826803,183072.98755496225,459736.7840232303,8366.316447324267
7196,459737.54496415984,254705.44795939513,205032.0970047647,459737.54496415984,8366.316447324267
7197,459738.30590508913,326498.0972827646,133240.20862232454,459738.30590508913,8366.316447324267
7198,459739.0668460186,334718.9543423406,125020.11250367801,459739.0668460186,8366.316447324267
7199,459739.827786948,270769.93027759343,188969.89750935457,459739.827786948,8366.316447324267
7200,459740.58872787736,310745.4832377321,148995.10549014527,459740.58872787736,8366.316447324267
7201,459741.3496688069,352140.2746943682,107601.07497443868,459741.3496688069,8366.316447324267
7202,459742.11060973624,407170.8608674837,52571.24974225254,459742.11060973624,8366.316447324267
7203,459742.8715506655,405572.03064212063,54170.84090854489,459742.8715506655,8366.316447324267
7204,459743.632491595,406172.6382704097,53570.994221185276,459743.632491595,8366.316447324267
7205,459744.39343252435,398638.5696328675,61105.82379965681,459744.39343252435,8366.316447324267
7206,459745.1543734539,419823.8621543458,39921.29221910811,459745.1543734539,8366.316447324267
7207,459745.91531438316,376576.6462042665,83169.26911011663,459745.91531438316,8366.316447324267
7208,459746.6762553125,376626.4446770853,83120.2315782272,459746.6762553125,8366.316447324267
7209,459747.437196242,372423.63355763146,87323.80363861051,459747.437196242,8366.316447324267
7210,459748.19813717145,346380.527554264,113367.67058290746,459748.19813717145,8366.316447324267
7211,459748.9590781008,351170.3059948307,108578.65308327014,459748.9590781008,8366.316447324267
7212,459749.72001903027,319145.74830773694,140603.9717112933,459749.72001903027,8366.316447324267
7213,459750.4809599596,315328.46641756996,144422.01454238966,459750.4809599596,8366.316447324267
7214,459751.2419008891,318373.7074127296,141377.53448815944,459751.2419008891,8366.316447324267
7215,459752.00284181844,268026.98086293734,191725.0219788811,459752.00284181844,8366.316447324267
7216,459752.76378274785,263682.7829447896,196069.98083795822,459752.76378274785,8366.316447324267
7217,459753.5247236772,319753.18800389476,140000.33671978247,459753.5247236772,8366.316447324267
7218,459754.2856646066,298201.88821021223,161552.39745439438,459754.2856646066,8366.316447324267
7219,459755.046605536,284371.8081403838,175383.23846515224,459755.046605536,8366.316447324267
7220,459755.8075464654,265201.4719748155,194554.33557164998,459755.8075464654,8366.316447324267
7221,459756.5684873947,294931.917231251,164824.65125614367,459756.5684873947,8366.316447324267
7222,459757.32942832424,288226.1835248023,171531.14590352195,459757.32942832424,8366.316447324267
7223,459758.09036925365,285748.0606940173,174010.02967523638,459758.09036925365,8366.316447324267
7224,459758.851310183,311781.3181890077,147977.5331211753,459758.851310183,8366.316447324267
7225,459759.61225111247,340901.75619332603,118857.85605778643,459759.61225111247,8366.316447324267
7226,459760.37319204176,366229.15882436105,93531.21436768075,459760.37319204176,8366.316447324267
7227,459761.1341329713,415290.59096172755,44470.54317124374,459761.1341329713,8366.316447324267
7228,459761.8950739007,405614.54666915355,54147.34840474716,459761.8950739007,8366.316447324267
7229,459762.65601483,394737.223084713,65025.43293011701,459762.65601483,8366.316447324267
7230,459763.41695575946,370784.60281790135,88978.81413785812,459763.41695575946,8366.316447324267
7231,459764.1778966888,333124.03506591683,126640.142830772,459764.1778966888,8366.316447324267
7232,459764.9388376183,297624.84007323283,162140.09876438545,459764.9388376183,8366.316447324267
7233,459765.6997785477,378284.79899109434,81480.90078745333,459765.6997785477,8366.316447324267
7234,459766.460719477,348596.0613255674,111170.39939390955,459766.460719477,8366.316447324267
7235,459767.22166040645,238850.00876500897,220917.21289539748,459767.22166040645,8366.316447324267
7236,459767.98260133585,184343.5603684485,275424.42223288736,459767.98260133585,8366.316447324267
7237,459768.74354226526,201015.49876281753,258753.24477944773,459768.74354226526,8366.316447324267
7238,459769.5044831947,214838.8427726227,244930.66171057196,459769.5044831947,8366.316447324267
7239,459770.265424124,220475.88677948347,239294.37864464056,459770.265424124,8366.316447324267
7240,459771.02636505355,289871.5902146098,169899.43615044374,459771.02636505355,8366.316447324267
7241,459771.78730598284,260824.9425786255,198946.84472735735,459771.78730598284,8366.316447324267
7242,459772.54824691225,225914.71776821945,233857.8304786928,459772.54824691225,8366.316447324267
7243,459773.3091878417,179243.15740789362,280530.1517799481,459773.3091878417,8366.316447324267
7244,459774.070128771,134302.9460899406,325471.1240388304,459774.070128771,8366.316447324267
7245,459774.8310697004,120410.20398124645,339364.62708845397,459774.8310697004,8366.316447324267
7246,459775.5920106299,91536.78285190056,368238.80915872933,459775.5920106299,8366.316447324267
7247,459776.35295155924,146294.7680624533,313481.5848891059,459776.35295155924,8366.316447324267
7248,459777.1138924887,93092.54987977241,366684.5640127163,459777.1138924887,8366.316447324267
7249,459777.87483341806,187664.48909115326,272113.3857422648,459777.87483341806,8366.316447324267
7250,459778.63577434747,191557.9049007651,268220.73087358236,459778.63577434747,8366.316447324267
7251,459779.39671527693,126678.99687616032,333100.3998391166,459779.39671527693,8366.316447324267
7252,459780.1576562063,111779.41596592724,348000.74169027904,459780.1576562063,8366.316447324267
7253,459780.91859713575,87306.49982472579,372474.41877240996,459780.91859713575,8366.316447324267
7254,459781.6795380651,131539.51932308724,328242.16021497786,459781.6795380651,8366.316447324267
7255,459782.4404789945,108601.7303868354,351180.7100921591,459782.4404789945,8366.316447324267
7256,459783.20141992386,265060.6692210323,194722.53219889157,459783.20141992386,8366.316447324267
7257,459783.9623608533,219615.83772085083,240168.12464000244,459783.9623608533,8366.316447324267
7258,459784.7233017827,225550.6915608925,234234.03174089018,459784.7233017827,8366.316447324267
7259,459785.4842427121,218297.10091278207,241488.38332993002,459785.4842427121,8366.316447324267
7260,459786.2451836415,168649.65743086667,291136.5877527748,459786.2451836415,8366.316447324267
7261,459787.0061245709,176586.3286906206,283200.6774339503,459787.0061245709,8366.316447324267
7262,459787.76706550026,180515.46290089062,279272.30416460964,459787.76706550026,8366.316447324267
7263,459788.52800642967,194791.53626396297,264996.9917424667,459788.52800642967,8366.316447324267
7264,459789.2889473592,211799.38777242773,247989.90117493147,459789.2889473592,8366.316447324267
7265,459790.0498882885,267157.73983758426,192632.31005070423,459790.0498882885,8366.316447324267
7266,459790.81082921795,55483.95718573709,404306.85364348086,459790.81082921795,8366.316447324267
7267,459791.57177014736,51722.3929645273,408069.17880562006,459791.57177014736,8366.316447324267
7268,459792.3327110767,80323.14025058062,379469.1924604961,459792.3327110767,8366.316447324267
7269,459793.0936520061,53917.333181340015,405875.7604706661,459793.0936520061,8366.316447324267
7270,459793.85459293553,65218.46482477151,394575.389768164,459793.85459293553,8366.316447324267
7271,459794.6155338648,60633.10834494606,399161.50718891877,459794.6155338648,8366.316447324267
7272,459795.37647479435,55100.10411591409,404695.27235888026,459795.37647479435,8366.316447324267
7273,459796.13741572376,51861.59242185432,407934.54499386944,459796.13741572376,8366.316447324267
7274,459796.8983566531,40867.207970684685,418929.6903859684,459796.8983566531,8366.316447324267
7275,459797.6592975825,41066.266131932265,418731.39316565025,459797.6592975825,8366.316447324267
7276,459798.42023851187,44873.65026147023,414924.76997704164,459798.42023851187,8366.316447324267
7277,459799.1811794414,45308.385162292165,414490.79601714923,459799.1811794414,8366.316447324267
7278,459799.9421203708,49481.65373864153,410318.2883817293,459799.9421203708,8366.316447324267
7279,459800.7030613002,6102.607045314391,453698.0960159858,459800.7030613002,8366.316447324267
7280,459801.46400222956,28320.827441462956,431480.6365607666,459801.46400222956,8366.316447324267
7281,459802.2249431589,3670.4344262622762,456131.79051689664,459802.2249431589,8366.316447324267
7282,459802.98588408844,7578.395811781345,452224.5900723071,459802.98588408844,8366.316447324267
7283,461945.4257235392,0.0,461945.4257235392,461945.4257235392,8366.316447324267
7284,467453.74404523213,0.0,467453.74404523213,467453.74404523213,8366.316447324267
7285,466833.67126097565,0.0,466833.67126097565,466833.67126097565,8366.316447324267
7286,489509.1164924274,0.0,489509.1164924274,489509.1164924274,8366.316447324267
7287,459806.79058873537,21135.447039780614,438671.34354895476,459806.79058873537,8366.316447324267
7288,459807.5515296647,46428.35523302946,413379.19629663526,459807.5515296647,8366.316447324267
7289,459808.3124705941,78841.13132813445,380967.1811424596,459808.3124705941,8366.316447324267
7290,459809.0734115236,48401.863645963545,411407.20976556005,459809.0734115236,8366.316447324267
7291,459809.834352453,45075.70094660367,414734.13340584934,459809.834352453,8366.316447324267
7292,459810.5952933824,49088.35268739471,410722.2426059877,459810.5952933824,8366.316447324267
7293,459811.35623431177,91664.55648519075,368146.799749121,459811.35623431177,8366.316447324267
7294,459812.1171752412,69782.01468359953,390030.10249164165,459812.1171752412,8366.316447324267
7295,459812.87811617064,170603.7150612877,289209.16305488296,459812.87811617064,8366.316447324267
7296,459813.63905709994,223838.60024499104,235975.0388121089,459813.63905709994,8366.316447324267
7297,459814.39999802934,357783.6692065935,102030.73079143585,459814.39999802934,8366.316447324267
7298,459815.16093895875,368010.386987029,91804.77395192976,459815.16093895875,8366.316447324267
7299,459815.92187988816,156894.9389137198,302920.9829661684,459815.92187988816,8366.316447324267
7300,459816.68282081763,199546.23568488946,260270.44713592817,459816.68282081763,8366.316447324267
7301,459817.4437617469,199063.07900155315,260754.36476019377,459817.4437617469,8366.316447324267
7302,459818.20470267633,157313.97664453648,302504.22805813985,459818.20470267633,8366.316447324267
7303,459818.9656436058,217339.47718614203,242479.48845746377,459818.9656436058,8366.316447324267
7304,459819.7265845352,296802.1931731785,163017.5334113567,459819.7265845352,8366.316447324267
7305,459820.4875254646,326877.130274194,132943.35725127062,459820.4875254646,8366.316447324267
7306,459821.248466394,341887.1945768659,117934.05388952814,459821.248466394,8366.316447324267
7307,459822.0094073234,339880.64591284946,119941.36349447393,459822.0094073234,8366.316447324267
7308,459822.77034825284,321998.61209184164,137824.1582564112,459822.77034825284,8366.316447324267
7309,459823.53128918225,319862.4354616022,139961.0958275801,459823.53128918225,8366.316447324267
7310,459824.29223011155,299194.8746086438,160629.4176214677,459824.29223011155,8366.316447324267
7311,459825.053171041,262232.8246585733,197592.2285124677,459825.053171041,8366.316447324267
7312,459825.8141119704,300940.67544046306,158885.13867150736,459825.8141119704,8366.316447324267
7313,459826.57505289983,251146.72877674276,208679.84627615707,459826.57505289983,8366.316447324267
7314,459827.3359938292,229394.89614046458,230432.4398533646,459827.3359938292,8366.316447324267
7315,459828.0969347586,194170.16467384616,265657.93226091244,459828.0969347586,8366.316447324267
7316,459828.857875688,310309.82789566903,149519.02998001894,459828.857875688,8366.316447324267
7317,459829.6188166174,321095.2139804255,138734.4048361919,459829.6188166174,8366.316447324267
7318,459830.3797575468,365894.03735656955,93936.3424009773,459830.3797575468,8366.316447324267
7319,459831.1406984762,378743.71608350734,81087.42461496887,459831.1406984762,8366.316447324267
7320,459831.90163940564,301614.0224199421,158217.8792194636,459831.90163940564,8366.316447324267
7321,459832.6625803351,253051.2522238909,206781.41035644422,459832.6625803351,8366.316447324267
7322,459833.42352126446,245393.09386454508,214440.32965671938,459833.42352126446,8366.316447324267
7323,459834.18446219375,200315.47918063175,259518.705281562,459834.18446219375,8366.316447324267
7324,459834.9454031233,199047.31487033895,260787.63053278433,459834.9454031233,8366.316447324267
7325,459835.7063440526,121407.51005495898,338428.19628909364,459835.7063440526,8366.316447324267
7326,459836.4672849821,91204.28404484491,368632.1832401372,459836.4672849821,8366.316447324267
7327,493885.40787361853,0.0,493885.40787361853,493885.40787361853,8366.316447324267
7328,459837.98916684074,85307.63853769697,374530.35062914377,459837.98916684074,8366.316447324267
7329,459838.75010777026,312456.7935173325,147381.95659043774,459838.75010777026,8366.316447324267
7330,459839.5110486997,276132.63724509784,183706.87380360183,459839.5110486997,8366.316447324267
7331,459840.271989629,175322.10404740932,284518.1679422197,459840.271989629,8366.316447324267
7332,459841.0329305585,158634.83384519903,301206.19908535946,459841.0329305585,8366.316447324267
7333,459841.79387148784,121833.3079417391,338008.48592974874,459841.79387148784,8366.316447324267
7334,459842.5548124173,96783.88536513614,363058.66944728117,459842.5548124173,8366.316447324267
7335,459843.3157533467,94519.46180476784,365323.8539485789,459843.3157533467,8366.316447324267
7336,459844.07669427607,51353.425982510555,408490.6507117655,459844.07669427607,8366.316447324267
7337,459844.8376352055,39146.713161900756,420698.1244733047,459844.8376352055,8366.316447324267
7338,459845.5985761348,41108.647698386805,418736.950877748,459845.5985761348,8366.316447324267
7339,459846.35951706435,37332.6063334223,422513.75318364205,459846.35951706435,8366.316447324267
7340,459847.1204579937,37333.36727435165,422513.75318364205,459847.1204579937,8366.316447324267
7341,459847.881398923,37334.12821528094,422513.75318364205,459847.881398923,8366.316447324267
7342,459848.6423398525,37334.88915621047,422513.75318364205,459848.6423398525,8366.316447324267
7343,459849.4032807818,37335.65009713976,422513.75318364205,459849.4032807818,8366.316447324267
7344,459850.1642217113,37336.41103806923,422513.75318364205,459850.1642217113,8366.316447324267
7345,459850.92516264075,37337.1719789987,422513.75318364205,459850.92516264075,8366.316447324267
7346,459851.68610357004,37337.93291992799,422513.75318364205,459851.68610357004,8366.316447324267
7347,459852.44704449957,37338.693860857515,422513.75318364205,459852.44704449957,8366.316447324267
7348,459853.2079854289,37339.454801786866,422513.75318364205,459853.2079854289,8366.316447324267
7349,459853.96892635827,37357.59641788073,422496.37250847754,459853.96892635827,8366.316447324267
7350,459854.72986728774,22289.913846978685,437564.81602030905,459854.72986728774,8366.316447324267
7351,500819.5322023431,0.0,500819.5322023431,500819.5322023431,8366.316447324267
7352,459856.25174914656,58468.348226094386,401387.90352305217,459856.25174914656,8366.316447324267
7353,459857.0126900759,251824.43888856284,208032.57380151306,459857.0126900759,8366.316447324267
7354,459857.77363100526,245667.34566582437,214190.4279651809,459857.77363100526,8366.316447324267
7355,459858.53457193467,237081.0792753462,222777.45529658848,459858.53457193467,8366.316447324267
7356,459859.295512864,267352.1740849988,192507.12142786526,459859.295512864,8366.316447324267
7357,459860.05645379354,298504.33514873584,161355.7213050577,459860.05645379354,8366.316447324267
7358,459860.8173947229,313494.4524750517,146366.3649196712,459860.8173947229,8366.316447324267
7359,459861.57833565224,321146.75052397023,138714.82781168204,459861.57833565224,8366.316447324267
7360,459862.33927658177,331669.88969564484,128192.44958093695,459862.33927658177,8366.316447324267
7361,459863.10021751106,310481.07925554726,149382.02096196383,459863.10021751106,8366.316447324267
7362,459863.86115844053,228365.43347086982,231498.42768757071,459863.86115844053,8366.316447324267
7363,459864.62209936994,169395.6097667365,290469.0123326334,459864.62209936994,8366.316447324267
7364,459865.3830402993,104579.22503496468,355286.1580053346,459865.3830402993,8366.316447324267
7365,459866.14398122864,63695.87493604096,396170.2690451877,459866.14398122864,8366.316447324267
7366,459866.90492215817,40079.09018087416,419787.814741284,459866.90492215817,8366.316447324267
7367,459867.6658630875,41184.042674748925,418683.6231883386,459867.6658630875,8366.316447324267
7368,459868.4268040169,37156.070358377765,422712.35644563916,459868.4268040169,8366.316447324267
7369,459869.18774494634,37462.11040916841,422407.0773357779,459869.18774494634,8366.316447324267
7370,459869.9486858757,37374.09592294734,422495.85276292835,459869.9486858757,8366.316447324267
7371,459870.70962680515,37401.41369513463,422469.2959316705,459870.70962680515,8366.316447324267
7372,459871.4705677345,37357.71738409245,422513.75318364205,459871.4705677345,8366.316447324267
7373,459872.231508664,37485.54384203121,422386.68766663276,459872.231508664,8366.316447324267
7374,459872.9924495934,39270.96377615596,420602.0286734374,459872.9924495934,8366.316447324267
7375,485084.40314378776,0.0,485084.40314378776,485084.40314378776,8366.316447324267
7376,459874.51433145214,56297.52691598475,403576.9874154674,459874.51433145214,8366.316447324267
7377,459875.27527238155,212094.011706829,247781.26356555254,459875.27527238155,8366.316447324267
7378,459876.0362133109,265932.0520509711,193943.9841623398,459876.0362133109,8366.316447324267
7379,459876.79715424037,345249.6145172845,114627.18263695587,459876.79715424037,8366.316447324267
7380,459877.5580951697,237021.5256949607,222856.03240020902,459877.5580951697,8366.316447324267
7381,459878.3190360992,219635.6575309526,240242.6615051466,459878.3190360992,8366.316447324267
7382,459879.07997702854,119823.0881776986,340055.99179932993,459879.07997702854,8366.316447324267
7383,459879.84091795795,188715.09488897404,271164.7460289839,459879.84091795795,8366.316447324267
7384,459880.60185888736,241796.64144898293,218083.96040990442,459880.60185888736,8366.316447324267
7385,459881.3627998167,68594.5516826834,391286.8111171333,459881.3627998167,8366.316447324267
7386,459882.12374074623,53211.547115486464,406670.57662525977,459882.12374074623,8366.316447324267
7387,459882.8846816756,37111.628078039386,422771.2566036362,459882.8846816756,8366.316447324267
7388,459883.64562260493,37539.48978808214,422344.1558345228,459883.64562260493,8366.316447324267
7389,459884.4065635344,37370.65337989235,422513.75318364205,459884.4065635344,8366.316447324267
7390,459885.1675044637,37371.41432082164,422513.75318364205,459885.1675044637,8366.316447324267
7391,459885.9284453931,37372.17526175105,422513.75318364205,459885.9284453931,8366.316447324267
7392,459886.6893863226,37372.936202680576,422513.75318364205,459886.6893863226,8366.316447324267
7393,459887.4503272519,37373.69714360987,422513.75318364205,459887.4503272519,8366.316447324267
7394,459888.2112681814,37374.458084539336,422513.75318364205,459888.2112681814,8366.316447324267
7395,459888.97220911074,37389.06005555467,422499.91215355607,459888.97220911074,8366.316447324267
7396,459889.73315004015,37375.979966398096,422513.75318364205,459889.73315004015,8366.316447324267
7397,459890.4940909696,37407.98987309274,422482.5042178769,459890.4940909696,8366.316447324267
7398,459891.255031899,37126.438538858434,422764.8164930406,459891.255031899,8366.316447324267
7399,459892.01597282843,33287.50245457259,426604.51351825584,459892.01597282843,8366.316447324267
7400,459892.7769137578,28511.171762742393,431381.6051510154,459892.7769137578,8366.316447324267
7401,459893.5378546872,146032.16448316805,313861.37337151915,459893.5378546872,8366.316447324267
7402,459894.29879561666,225298.68049440824,234595.61830120842,459894.29879561666,8366.316447324267
7403,459895.05973654595,88396.83896730718,371498.2207692388,459895.05973654595,8366.316447324267
7404,459895.82067747536,58422.82197651459,401472.9987009608,459895.82067747536,8366.316447324267
7405,459896.5816184048,2175.337140336691,457721.2444780681,459896.5816184048,8366.316447324267
7406,496076.51657470234,0.0,496076.51657470234,496076.51657470234,8366.316447324267
7407,459898.10350026365,66150.05754265009,393748.04595761356,459898.10350026365,8366.316447324267
7408,459898.86444119294,93807.9828238815,366090.88161731145,459898.86444119294,8366.316447324267
7409,459899.62538212235,169132.10808119294,290767.5173009294,459899.62538212235,8366.316447324267
7410,459900.3863230518,59967.876046917285,399932.51027613453,459900.3863230518,8366.316447324267
7411,459901.1472639812,37185.71680549852,422715.4304584827,459901.1472639812,8366.316447324267
7412,459901.9082049107,37804.69060949405,422097.21759541665,459901.9082049107,8366.316447324267
7413,459902.66914584005,37567.45760761446,422335.2115382256,459902.66914584005,8366.316447324267
7414,459903.4300867694,37468.80553926417,422434.6245475052,459903.4300867694,8366.316447324267
7415,459904.19102769886,37357.88840851333,422546.30261918553,459904.19102769886,8366.316447324267
7416,459904.9519686282,45796.56249007408,414108.38947855413,459904.9519686282,8366.316447324267
7417,459905.7129095575,37400.92999038118,422504.78291917633,459905.7129095575,8366.316447324267
7418,459906.47385048703,37230.34978041623,422676.1240700708,459906.47385048703,8366.316447324267
7419,459907.23479141644,44372.92822974903,415534.3065616674,459907.23479141644,8366.316447324267
7420,459907.9957323458,42790.31065862009,417117.6850737257,459907.9957323458,8366.316447324267
7421,459908.7566732752,42749.00369240175,417159.75298087345,459908.7566732752,8366.316447324267
7422,459909.51761420455,35473.360831432685,424436.15678277187,459909.51761420455,8366.316447324267
7423,459910.278555134,48958.936240273644,410951.3423148604,459910.278555134,8366.316447324267
7424,459911.0394960635,98511.25955739047,361399.779938673,459911.0394960635,8366.316447324267
7425,459911.80043699284,296626.9949440568,163284.80549293605,459911.80043699284,8366.316447324267
7426,459912.56137792225,299229.5117614684,160683.04961645382,459912.56137792225,8366.316447324267
7427,459913.3223188516,264756.1926746724,195157.1296441792,459913.3223188516,8366.316447324267
7428,459914.0832597811,206043.228311393,253870.85494838812,459914.0832597811,8366.316447324267
7429,459914.8442007105,279991.1496133606,179923.6945873499,459914.8442007105,8366.316447324267
7430,459915.6051416398,275050.5009132897,184865.10422835007,459915.6051416398,8366.316447324267
7431,459916.3660825693,366025.6541216812,93890.71196088813,459916.3660825693,8366.316447324267
7432,459917.1270234986,364335.5869035642,95581.54011993438,459917.1270234986,8366.316447324267
7433,459917.8879644281,363767.00735490205,96150.88060952607,459917.8879644281,8366.316447324267
7434,459918.64890535746,337263.14927683584,122655.49962852163,459918.64890535746,8366.316447324267
7435,459919.40984628676,370619.3464482527,89300.06339803405,459919.40984628676,8366.316447324267
7436,459920.1707872163,339316.5584459285,120603.61234128778,459920.1707872163,8366.316447324267
7437,459920.9317281457,267718.05505151814,192202.87667662752,459920.9317281457,8366.316447324267
7438,459921.69266907504,254116.344958256,205805.34771081904,459921.69266907504,8366.316447324267
7439,459922.4536100045,371268.5323908314,88653.92121917309,459922.4536100045,8366.316447324267
7440,459923.21455093386,398909.95366162685,61013.26088930699,459923.21455093386,8366.316447324267
7441,459923.9754918633,440728.80273617693,19195.172755686388,459923.9754918633,8366.316447324267
7442,459924.7364327927,105686.6609746844,354238.0754581083,459924.7364327927,8366.316447324267
7443,459925.497373722,94338.71490052162,365586.7824732004,459925.497373722,8366.316447324267
7444,459926.2583146515,51686.18291590235,408240.07539874915,459926.2583146515,8366.316447324267
7445,459927.01925558085,38486.13957043999,421440.87968514086,459927.01925558085,8366.316447324267
7446,459927.7801965104,51604.52508481074,408323.25511169963,459927.7801965104,8366.316447324267
7447,459928.5411374396,42390.404532286164,417538.13660515344,459928.5411374396,8366.316447324267
7448,459929.302078369,41699.7310214052,418229.5710569638,459929.302078369,8366.316447324267
7449,459930.06301929854,31297.43138099514,428632.6316383034,459930.06301929854,8366.316447324267
7450,459930.8239602279,34384.462576500315,425546.3613837276,459930.8239602279,8366.316447324267
7451,469381.6127839277,0.0,469381.6127839277,469381.6127839277,8366.316447324267
7452,511592.6709525909,0.0,511592.6709525909,511592.6709525909,8366.316447324267
7453,513439.34350891487,0.0,513439.34350891487,513439.34350891487,8366.316447324267
7454,510847.8776142701,0.0,510847.8776142701,510847.8776142701,8366.316447324267
7455,496887.3336615729,0.0,496887.3336615729,496887.3336615729,8366.316447324267
7456,459935.3896058043,17689.36063800461,442246.0289677997,459935.3896058043,8366.316447324267
7457,459936.1505467337,37160.494118335366,422775.65642839833,459936.1505467337,8366.316447324267
7458,459936.9114876631,41311.788482141914,418625.1230055212,459936.9114876631,8366.316447324267
7459,459937.6724285926,37481.495681279455,422456.1767473131,459937.6724285926,8366.316447324267
7460,459938.4333695219,37424.68018587987,422513.75318364205,459938.4333695219,8366.316447324267
7461,459939.1943104513,37425.44112680922,422513.75318364205,459939.1943104513,8366.316447324267
7462,459939.9552513807,37426.20206773863,422513.75318364205,459939.9552513807,8366.316447324267
7463,459940.7161923101,37426.96300866804,422513.75318364205,459940.7161923101,8366.316447324267
7464,459941.4771332395,37427.72394959745,422513.75318364205,459941.4771332395,8366.316447324267
7465,459942.2380741689,37428.48489052686,422513.75318364205,459942.2380741689,8366.316447324267
7466,459942.9990150983,37429.24583145627,422513.75318364205,459942.9990150983,8366.316447324267
7467,459943.7599560278,37430.006772385736,422513.75318364205,459943.7599560278,8366.316447324267
7468,459944.52089695714,37430.76771331509,422513.75318364205,459944.52089695714,8366.316447324267
7469,459945.28183788655,37431.528654244496,422513.75318364205,459945.28183788655,8366.316447324267
7470,459946.04277881596,25666.939456891618,434279.10332192434,459946.04277881596,8366.316447324267
7471,501974.66726838984,0.0,501974.66726838984,501974.66726838984,8366.316447324267
7472,517475.15907923685,0.0,517475.15907923685,517475.15907923685,8366.316447324267
7473,459948.3256016042,150839.2682574665,309109.0573441377,459948.3256016042,8366.316447324267
7474,459949.0865425334,98450.72830279038,361498.35823974304,459949.0865425334,8366.316447324267
7475,459949.84748346295,40319.70562305441,419630.14186040853,459949.84748346295,8366.316447324267
7476,459950.60842439235,46159.20322211477,413791.4052022776,459950.60842439235,8366.316447324267
7477,459951.3693653217,96203.82120094978,363747.5481643719,459951.3693653217,8366.316447324267
7478,459952.1303062512,148569.6021941036,311382.5281121476,459952.1303062512,8366.316447324267
7479,459952.8912471806,191899.42372196197,268053.4675252186,459952.8912471806,8366.316447324267
7480,459953.65218811,285022.0322824668,174931.61990564317,459953.65218811,8366.316447324267
7481,459954.4131290394,171879.2081608039,288075.2049682355,459954.4131290394,8366.316447324267
7482,459955.17406996875,53352.97050186171,406602.20356810704,459955.17406996875,8366.316447324267
7483,459955.93501089816,47499.04679574451,412456.88821515365,459955.93501089816,8366.316447324267
7484,459956.6959518275,41871.39321013191,418085.3027416956,459956.6959518275,8366.316447324267
7485,459957.45689275704,45731.346101384435,414226.1107913726,459957.45689275704,8366.316447324267
7486,459958.2178336864,37991.21296010865,421967.00487357774,459958.2178336864,8366.316447324267
7487,459958.97877461574,38975.503156527586,420983.47561808815,459958.97877461574,8366.316447324267
7488,459959.7397155452,37181.87443218258,422777.8652833626,459959.7397155452,8366.316447324267
7489,459960.5006564745,37850.23760327563,422110.26305319887,459960.5006564745,8366.316447324267
7490,459961.2615974039,37615.564395989,422345.6972014149,459961.2615974039,8366.316447324267
7491,459962.02253833343,37403.37692106562,422558.6456172678,459962.02253833343,8366.316447324267
7492,459962.7834792627,37732.515113776666,422230.26836548606,459962.7834792627,8366.316447324267
7493,459963.54442019225,44502.1744617988,415461.36995839345,459963.54442019225,8366.316447324267
7494,459964.3053611216,45298.929539596196,414665.3758215254,459964.3053611216,8366.316447324267
7495,459965.06630205095,20251.900711076218,439713.16559097474,459965.06630205095,8366.316447324267
7496,459965.8272429804,55593.720819501614,404372.1064234788,459965.8272429804,8366.316447324267
7497,459966.5881839098,293367.3152487717,166599.27293513805,459966.5881839098,8366.316447324267
7498,459967.3491248392,339500.81753690296,120466.53158793619,459967.3491248392,8366.316447324267
7499,459968.1100657686,341659.86992911424,118308.24013665438,459968.1100657686,8366.316447324267
7500,459968.871006698,363511.2180044848,96457.6530022132,459968.871006698,8366.316447324267
7501,459969.6319476274,348976.7657790083,110992.86616861912,459969.6319476274,8366.316447324267
7502,459970.39288855676,412837.1994688165,47133.19341974024,459970.39288855676,8366.316447324267
7503,459971.1538294862,369314.8174966894,90656.33633279681,459971.1538294862,8366.316447324267
7504,459971.91477041563,380778.38084443833,79193.53392597727,459971.91477041563,8366.316447324267
7505,459972.67571134504,312698.39596812194,147274.27974322307,459972.67571134504,8366.316447324267
7506,459973.4366522745,234304.0701878445,225669.36646443,459973.4366522745,8366.316447324267
7507,459974.1975932038,87821.45044125395,372152.74715194985,459974.1975932038,8366.316447324267
7508,459974.9585341332,68721.13388332946,391253.82465080376,459974.9585341332,8366.316447324267
7509,459975.7194750626,79601.32434058696,380374.39513447566,459975.7194750626,8366.316447324267
7510,459976.480415992,155448.65068408748,304527.8297319045,459976.480415992,8366.316447324267
7511,459977.2413569214,112506.75640081608,347470.4849561053,459977.2413569214,8366.316447324267
7512,459978.00229785085,126611.77346273669,333366.22883511416,459978.00229785085,8366.316447324267
7513,459978.7632387802,142476.9119806632,317501.851258117,459978.7632387802,8366.316447324267
7514,459979.5241797096,87663.7144926567,372315.8096870529,459979.5241797096,8366.316447324267
7515,459980.285120639,61412.00970468478,398568.27541595424,459980.285120639,8366.316447324267
7516,459981.04606156837,51063.07886944071,408917.96719212766,459981.04606156837,8366.316447324267
7517,459981.80700249784,52341.7528193965,407640.05418310134,459981.80700249784,8366.316447324267
7518,459982.56794342725,52530.38668080914,407452.1812626181,459982.56794342725,8366.316447324267
7519,459983.32888435666,46669.74028697488,413313.5885973818,459983.32888435666,8366.316447324267
7520,459984.08982528606,151052.37679216248,308931.7130331236,459984.08982528606,8366.316447324267
7521,459984.8507662155,301553.7479166787,158431.10284953675,459984.8507662155,8366.316447324267
7522,459985.6117071449,312511.64074163354,147473.97096551134,459985.6117071449,8366.316447324267
7523,459986.37264807423,296582.0566405738,163404.31600750046,459986.37264807423,8366.316447324267
7524,459987.1335890036,297238.2827234587,162748.85086554487,459987.1335890036,8366.316447324267
7525,459987.89452993305,295540.11768506264,164447.77684487042,459987.89452993305,8366.316447324267
7526,459988.65547086246,282945.95376461785,177042.7017062446,459988.65547086246,8366.316447324267
7527,459989.41641179187,292158.7575055131,167830.65890627878,459989.41641179187,8366.316447324267
7528,459990.1773527212,317378.43559157813,142611.7417611431,459990.1773527212,8366.316447324267
7529,459990.9382936506,247620.7544500229,212370.18384362766,459990.9382936506,8366.316447324267
7530,459991.6992345801,202467.6693964886,257524.0298380915,459991.6992345801,8366.316447324267
7531,459992.46017550945,116504.55473721126,343487.9054382982,459992.46017550945,8366.316447324267
7532,459993.2211164389,59097.22749005974,400895.9936263792,459993.2211164389,8366.316447324267
7533,459993.9820573683,42003.25293970475,417990.7291176636,459993.9820573683,8366.316447324267
7534,459994.7429982976,38426.78468032391,421567.9583179737,459994.7429982976,8366.316447324267
7535,459995.50393922714,40173.73110662756,419821.7728325996,459995.50393922714,8366.316447324267
7536,459996.2648801565,38097.08799639065,421899.17688376585,459996.2648801565,8366.316447324267
7537,459997.0258210858,41846.55327276944,418150.47254831635,459997.0258210858,8366.316447324267
7538,459997.7867620153,45636.93949514709,414360.8472668682,459997.7867620153,8366.316447324267
7539,459998.54770294466,47784.38975064189,412214.1579523028,459998.54770294466,8366.316447324267
7540,459999.3086438741,46169.081072041125,413830.22757183295,459999.3086438741,8366.316447324267
7541,460000.0695848035,43928.4140125328,416071.6555722707,460000.0695848035,8366.316447324267
7542,460000.83052573283,39833.754221478885,420167.07630425395,460000.83052573283,8366.316447324267
7543,471881.76711527887,0.0,471881.76711527887,471881.76711527887,8366.316447324267
7544,460002.35240759165,47759.21257238946,412243.1398352022,460002.35240759165,8366.316447324267
7545,460003.11334852106,324280.5661239105,135722.54722461058,460003.11334852106,8366.316447324267
7546,460003.8742894505,359203.6766468472,100800.19764260329,460003.8742894505,8366.316447324267
7547,460004.6352303799,368786.44166862103,91218.19356175885,460004.6352303799,8366.316447324267
7548,460005.3961713094,369594.74669496174,90410.64947634765,460005.3961713094,8366.316447324267
7549,460006.1571122387,370852.37793300085,89153.77917923784,460006.1571122387,8366.316447324267
7550,460006.91805316805,407436.23872625653,52570.67932691152,460006.91805316805,8366.316447324267
7551,460007.67899409746,423941.5372485455,36066.14174555193,460007.67899409746,8366.316447324267
7552,460008.43993502686,445298.2378397891,14710.202095237792,460008.43993502686,8366.316447324267
7553,460009.20087595633,460009.20087595633,0.0,460009.20087595633,8366.316447324267
7554,460009.9618168856,460009.9618168856,0.0,460009.9618168856,8366.316447324267
7555,460010.72275781503,460010.72275781503,0.0,460010.72275781503,8366.316447324267
7556,460011.4836987445,460011.4836987445,0.0,460011.4836987445,8366.316447324267
7557,460012.24463967385,457540.8423018502,2471.4023378236434,460012.24463967385,8366.316447324267
7558,460013.0055806033,437096.723223557,22916.282357046322,460013.0055806033,8366.316447324267
7559,460013.7665215327,419897.9972861099,40115.76923542281,460013.7665215327,8366.316447324267
7560,460014.5274624621,426057.4567274623,33957.070734999776,460014.5274624621,8366.316447324267
7561,460015.28840339155,412198.8181735462,47816.470229845305,460015.28840339155,8366.316447324267
7562,460016.04934432096,402942.90028175677,57073.14906256418,460016.04934432096,8366.316447324267
7563,460016.81028525025,358854.71027776616,101162.1000074841,460016.81028525025,8366.316447324267
7564,460017.5712261797,318983.56289722404,141034.00832895568,460017.5712261797,8366.316447324267
7565,460018.3321671091,247661.03545542332,212357.2967116858,460018.3321671091,8366.316447324267
7566,460019.09310803853,110429.19156504696,349589.9015429916,460019.09310803853,8366.316447324267
7567,460019.8540489679,3466.6430734203313,456553.21097554755,460019.8540489679,8366.316447324267
7568,488394.4163035731,0.0,488394.4163035731,488394.4163035731,8366.316447324267
7569,460021.3759308267,173945.20750656608,286076.1684242606,460021.3759308267,8366.316447324267
7570,460022.1368717561,96458.28157031687,363563.85530143924,460022.1368717561,8366.316447324267
7571,483322.54664503527,0.0,483322.54664503527,483322.54664503527,8366.316447324267
7572,495898.1125333035,0.0,495898.1125333035,495898.1125333035,8366.316447324267
7573,492846.15781116986,0.0,492846.15781116986,492846.15781116986,8366.316447324267
7574,493318.9625761527,0.0,493318.9625761527,493318.9625761527,8366.316447324267
7575,492897.254873494,0.0,492897.254873494,492897.254873494,8366.316447324267
7576,460026.7025173325,34937.86978439882,425088.8327329337,460026.7025173325,8366.316447324267
7577,460027.463458262,37513.71027461992,422513.75318364205,460027.463458262,8366.316447324267
7578,460028.2243991913,37514.471215549274,422513.75318364205,460028.2243991913,8366.316447324267
7579,460028.9853401208,37520.36926883558,422508.6160712852,460028.9853401208,8366.316447324267
7580,460029.7462810502,37549.67379217752,422480.0724888727,460029.7462810502,8366.316447324267
7581,460030.50722197944,37516.754038337385,422513.75318364205,460030.50722197944,8366.316447324267
7582,460031.26816290896,37517.51497926691,422513.75318364205,460031.26816290896,8366.316447324267
7583,460032.0291038384,37636.72724414989,422395.3018596885,460032.0291038384,8366.316447324267
7584,460032.7900447677,37565.17261695594,422467.6174278118,460032.7900447677,8366.316447324267
7585,460033.5509856972,37519.79780205514,422513.75318364205,460033.5509856972,8366.316447324267
7586,460034.31192662654,37565.772970057966,422468.5389565686,460034.31192662654,8366.316447324267
7587,460035.072867556,37467.059747537365,422568.01312001864,460035.072867556,8366.316447324267
7588,460035.8338084854,37539.78272455797,422496.05108392745,460035.8338084854,8366.316447324267
7589,460036.59474941477,37522.84156577272,422513.75318364205,460036.59474941477,8366.316447324267
7590,460037.3556903442,37523.602506702126,422513.75318364205,460037.3556903442,8366.316447324267
7591,503590.43824683107,0.0,503590.43824683107,503590.43824683107,8366.316447324267
7592,512533.79571944533,0.0,512533.79571944533,512533.79571944533,8366.316447324267
7593,505332.6989821187,0.0,505332.6989821187,505332.6989821187,8366.316447324267
7594,494173.1222709754,0.0,494173.1222709754,494173.1222709754,8366.316447324267
7595,460041.1603949912,5408.064456814434,454633.0959381768,460041.1603949912,8366.316447324267
7596,460041.9213359205,43878.05163571646,416163.86970020406,460041.9213359205,8366.316447324267
7597,460042.68227685,91091.58963784087,368951.0926390091,460042.68227685,8366.316447324267
7598,460043.4432177794,79766.94473116798,380276.4984866114,460043.4432177794,8366.316447324267
7599,460044.20415870874,110557.44949825655,349486.7546604522,460044.20415870874,8366.316447324267
7600,460044.96509963827,201282.82823366023,258762.13686597804,460044.96509963827,8366.316447324267
7601,460045.7260405676,102600.97504639992,357444.7509941677,460045.7260405676,8366.316447324267
7602,460046.486981497,47278.70017696085,412767.7868045361,460046.486981497,8366.316447324267
7603,460047.24792242644,38780.32881503878,421266.91910738766,460047.24792242644,8366.316447324267
7604,460048.0088633558,37280.423871665436,422767.58499169035,460048.0088633558,8366.316447324267
7605,460048.76980428526,37712.72081645462,422336.04898783064,460048.76980428526,8366.316447324267
7606,460049.5307452146,37642.23715375009,422407.2935914645,460049.5307452146,8366.316447324267
7607,460050.291686144,37536.538502501964,422513.75318364205,460050.291686144,8366.316447324267
7608,460051.0526270734,37563.95791246294,422487.0947146105,460051.0526270734,8366.316447324267
7609,460051.8135680028,37538.060384360724,422513.75318364205,460051.8135680028,8366.316447324267
7610,460052.5745089322,37538.82132529013,422513.75318364205,460052.5745089322,8366.316447324267
7611,460053.3354498616,37539.58226621954,422513.75318364205,460053.3354498616,8366.316447324267
7612,460054.096390791,37540.34320714895,422513.75318364205,460054.096390791,8366.316447324267
7613,460054.85733172053,37541.10414807848,422513.75318364205,460054.85733172053,8366.316447324267
7614,460055.6182726498,37541.86508900777,422513.75318364205,460055.6182726498,8366.316447324267
7615,493008.2721048651,0.0,493008.2721048651,493008.2721048651,8366.316447324267
7616,494715.6834964316,0.0,494715.6834964316,494715.6834964316,8366.316447324267
7617,460057.901095438,266977.2821972528,193080.6188981852,460057.901095438,8366.316447324267
7618,460058.66203636734,297240.132932345,162818.52910402237,460058.66203636734,8366.316447324267
7619,460059.42297729687,301341.68608433346,158717.7368929634,460059.42297729687,8366.316447324267
7620,460060.1839182263,270712.6144863755,189347.56943185077,460060.1839182263,8366.316447324267
7621,460060.9448591556,290521.7078079881,169539.23705116753,460060.9448591556,8366.316447324267
7622,460061.70580008504,337672.2451612035,122389.46063888153,460061.70580008504,8366.316447324267
7623,460062.4667410144,357805.46842487704,102256.99831613737,460062.4667410144,8366.316447324267
7624,460063.22768194386,371345.1939276606,88718.03375428329,460063.22768194386,8366.316447324267
7625,460063.98862287326,199746.36227394492,260317.62634892834,460063.98862287326,8366.316447324267
7626,460064.7495638027,149011.17685811862,311053.57270568406,460064.7495638027,8366.316447324267
7627,460065.5105047321,97857.15558422665,362208.35492050543,460065.5105047321,8366.316447324267
7628,460066.27144566143,83303.72557765589,376762.54586800555,460066.27144566143,8366.316447324267
7629,460067.03238659084,57591.41754001356,402475.6148465773,460067.03238659084,8366.316447324267
7630,460067.79332752025,63013.35130345129,397054.44202406897,460067.79332752025,8366.316447324267
7631,460068.5542684496,68404.90519736765,391663.64907108195,460068.5542684496,8366.316447324267
7632,460069.31520937907,59834.61041368317,400234.7047956959,460069.31520937907,8366.316447324267
7633,460070.0761503084,145491.09491136728,314578.98123894114,460070.0761503084,8366.316447324267
7634,460070.8370912379,38502.02117872797,421568.8159125099,460070.8370912379,8366.316447324267
7635,460071.59803216724,58389.90014449245,401681.6978876748,460071.59803216724,8366.316447324267
7636,460072.3589730966,49128.411001866974,410943.9479712296,460072.3589730966,8366.316447324267
7637,460073.1199140261,47873.706667794206,412199.4132462319,460073.1199140261,8366.316447324267
7638,460073.88085495547,55327.47426955099,404746.4065854045,460073.88085495547,8366.316447324267
7639,460074.64179588493,64435.142056437675,395639.49973944726,460074.64179588493,8366.316447324267
7640,460075.40273681434,230302.44143686254,229772.9612999518,460075.40273681434,8366.316447324267
7641,460076.16367774364,351540.8148065026,108535.34887124105,460076.16367774364,8366.316447324267
7642,460076.9246186731,432152.4408169019,27924.483801771203,460076.9246186731,8366.316447324267
7643,460077.68555960245,332467.3054932027,127610.38006639977,460077.68555960245,8366.316447324267
7644,460078.4465005318,228846.57982179563,231231.86667873617,460078.4465005318,8366.316447324267
7645,460079.20744146133,72961.32046050736,387117.886980954,460079.20744146133,8366.316447324267
7646,460079.9683823907,183643.31442131783,276436.65396107285,460079.9683823907,8366.316447324267
7647,460080.7293233201,200006.30907466175,260074.42024865834,460080.7293233201,8366.316447324267
7648,460081.49026424944,312669.59559180326,147411.8946724462,460081.49026424944,8366.316447324267
7649,460082.25120517885,383882.74899257004,76199.5022126088,460082.25120517885,8366.316447324267
7650,460083.0121461083,200179.09798109342,259903.9141650149,460083.0121461083,8366.316447324267
7651,460083.7730870377,307285.53099509387,152798.24209194386,460083.7730870377,8366.316447324267
7652,460084.53402796714,302314.5376380298,157769.99638993738,460084.53402796714,8366.316447324267
7653,460085.2949688964,355783.9439590181,104301.35100987836,460085.2949688964,8366.316447324267
7654,460086.0559098259,301168.7316049669,158917.32430485898,460086.0559098259,8366.316447324267
7655,460086.8168507554,229662.09605565594,230424.72079509948,460086.8168507554,8366.316447324267
7656,460087.57779168466,291609.1875291456,168478.390262539,460087.57779168466,8366.316447324267
7657,460088.33873261407,327771.4044638092,132316.93426880482,460088.33873261407,8366.316447324267
7658,460089.09967354353,346913.80299699155,113175.296676552,460089.09967354353,8366.316447324267
7659,460089.8606144729,323394.17330168,136695.68731279287,460089.8606144729,8366.316447324267
7660,460090.62155540235,314697.30516166304,145393.3163937393,460090.62155540235,8366.316447324267
7661,460091.3824963317,383510.01801156317,76581.36448476854,460091.3824963317,8366.316447324267
7662,460092.1434372611,295395.5409332836,164696.60250397745,460092.1434372611,8366.316447324267
7663,460092.9043781905,310367.33023391885,149725.57414427167,460092.9043781905,8366.316447324267
7664,460093.66531911993,341692.04336288135,118401.62195623858,460093.66531911993,8366.316447324267
7665,460094.42626004934,332351.8617738779,127742.56448617142,460094.42626004934,8366.316447324267
7666,460095.18720097875,286157.9830797359,173937.20412124286,460095.18720097875,8366.316447324267
7667,460095.94814190816,260035.70937155228,200060.23877035588,460095.94814190816,8366.316447324267
7668,460096.70908283757,238041.21124782294,222055.49783501463,460096.70908283757,8366.316447324267
7669,460097.470023767,87289.62860858225,372807.8414151847,460097.470023767,8366.316447324267
7670,460098.2309646963,127860.15622894373,332238.0747357526,460098.2309646963,8366.316447324267
7671,460098.99190562573,127394.41547621047,332704.57642941526,460098.99190562573,8366.316447324267
7672,460099.75284655514,192199.65306984383,267900.0997767113,460099.75284655514,8366.316447324267
7673,460100.51378748455,93137.1989928559,366963.31479462865,460100.51378748455,8366.316447324267
7674,460101.2747284139,114555.17798596347,345546.09674245043,460101.2747284139,8366.316447324267
7675,460102.03566934325,53952.753550852474,406149.2821184908,460102.03566934325,8366.316447324267
7676,460102.7966102728,48607.33767880383,411495.45893146895,460102.7966102728,8366.316447324267
7677,460103.55755120213,48806.837314119795,411296.72023708234,460103.55755120213,8366.316447324267
7678,460104.31849213154,55306.94737826672,404797.3711138648,460104.31849213154,8366.316447324267
7679,460105.079433061,71998.65736825293,388106.4220648081,460105.079433061,8366.316447324267
7680,460105.8403739903,97529.16514765925,362576.67522633105,460105.8403739903,8366.316447324267
7681,460106.6013149198,131018.45668137883,329088.144633541,460106.6013149198,8366.316447324267
7682,460107.36225584924,175983.7591361123,284123.60311973694,460107.36225584924,8366.316447324267
7683,460108.12319677847,169159.11150514282,290949.01169163565,460108.12319677847,8366.316447324267
7684,460108.884137708,162199.63189182035,297909.25224588765,460108.884137708,8366.316447324267
7685,460109.64507863735,243854.4790859549,216255.16599268245,460109.64507863735,8366.316447324267
7686,460110.4060195668,329781.5977616942,130328.8082578726,460110.4060195668,8366.316447324267
7687,460111.1669604962,307776.00242567214,152335.16453482406,460111.1669604962,8366.316447324267
7688,460111.9279014255,328042.429977617,132069.49792380852,460111.9279014255,8366.316447324267
7689,460112.68884235504,392761.5007946738,67351.18804768121,460112.68884235504,8366.316447324267
7690,460113.44978328433,368256.1870402536,91857.26274303072,460113.44978328433,8366.316447324267
7691,460114.21072421374,367855.8751500292,92258.33557418453,460114.21072421374,8366.316447324267
7692,460114.9716651432,397241.9038317371,62873.06783340608,460114.9716651432,8366.316447324267
7693,460115.73260607256,312568.1972067725,147547.53539930008,460115.73260607256,8366.316447324267
7694,460116.4935470021,343947.6559903235,116168.8375566786,460116.4935470021,8366.316447324267
7695,460117.2544879314,245241.171311658,214876.0831762734,460117.2544879314,8366.316447324267
7696,460118.0154288608,98345.63023395353,361772.38519490726,460118.0154288608,8366.316447324267
7697,460118.77636979026,164754.79813780286,295363.9782319874,460118.77636979026,8366.316447324267
7698,460119.53731071955,197911.30579909578,262208.2315116238,460119.53731071955,8366.316447324267
7699,460120.2982516491,45316.41405061458,414803.8842010345,460120.2982516491,8366.316447324267
7700,460121.05919257837,40298.537483775115,419822.52170880325,460121.05919257837,8366.316447324267
7701,460121.8201335077,62996.037569473265,397125.78256403445,460121.8201335077,8366.316447324267
7702,460122.58107443724,67733.67602980218,392388.90504463506,460122.58107443724,8366.316447324267
7703,460123.3420153666,220546.62744084268,239576.7145745239,460123.3420153666,8366.316447324267
7704,460124.10295629594,377375.24822094175,82748.8547353542,460124.10295629594,8366.316447324267
7705,460124.8638972254,425009.43952791806,35115.424369307344,460124.8638972254,8366.316447324267
7706,460125.6248381548,442302.6693613195,17822.955476835286,460125.6248381548,8366.316447324267
7707,460126.3857790843,442478.33667347993,17648.049105604372,460126.3857790843,8366.316447324267
7708,460127.14672001364,429734.8106940922,30392.336025921453,460127.14672001364,8366.316447324267
7709,460127.90766094305,460127.90766094305,0.0,460127.90766094305,8366.316447324267
7710,460128.6686018724,417601.0516593749,42527.61694249747,460128.6686018724,8366.316447324267
7711,460129.4295428018,451412.78511970665,8716.644423095186,460129.4295428018,8366.316447324267
7712,460130.19048373133,422743.167742378,37387.022741353314,460130.19048373133,8366.316447324267
7713,460130.9514246606,26031.033671296027,434099.9177533646,460130.9514246606,8366.316447324267
7714,460131.71236559,37446.52838510735,422685.18398048263,460131.71236559,8366.316447324267
7715,460132.47330651945,77433.20023059536,382699.2730759241,460132.47330651945,8366.316447324267
7716,460133.23424744874,290479.4065618451,169653.82768560367,460133.23424744874,8366.316447324267
7717,460133.99518837826,304775.75494211924,155358.240246259,460133.99518837826,8366.316447324267
7718,460134.7561293076,306140.6428297558,153994.11329955183,460134.7561293076,8366.316447324267
7719,460135.517070237,264823.2109042661,195312.30616597092,460135.517070237,8366.316447324267
7720,460136.2780111665,338126.5603292288,122009.71768193768,460136.2780111665,8366.316447324267
7721,460137.0389520959,58365.030329097586,401772.0086229983,460137.0389520959,8366.316447324267
7722,460137.79989302525,37799.7639704374,422338.03592258785,460137.79989302525,8366.316447324267
7723,460138.56083395466,37624.80765031261,422513.75318364205,460138.56083395466,8366.316447324267
7724,460139.321774884,37625.56859124196,422513.75318364205,460139.321774884,8366.316447324267
7725,460140.0827158135,37626.329532171425,422513.75318364205,460140.0827158135,8366.316447324267
7726,460140.8436567429,37627.090473100834,422513.75318364205,460140.8436567429,8366.316447324267
7727,460141.60459767224,37627.851414030185,422513.75318364205,460141.60459767224,8366.316447324267
7728,460142.36553860165,37628.612354959594,422513.75318364205,460142.36553860165,8366.316447324267
7729,460143.12647953106,37629.373295889,422513.75318364205,460143.12647953106,8366.316447324267
7730,460143.88742046035,37630.134236818296,422513.75318364205,460143.88742046035,8366.316447324267
7731,460144.6483613899,37684.223416190536,422460.42494519934,460144.6483613899,8366.316447324267
7732,460145.4093023193,37659.95055003831,422485.458752281,460145.4093023193,8366.316447324267
7733,460146.1702432487,37584.92338101729,422561.2468622314,460146.1702432487,8366.316447324267
7734,460146.9311841781,37556.2729239763,422590.6582602018,460146.9311841781,8366.316447324267
7735,460147.69212510745,6851.704318725911,453295.98780638154,460147.69212510745,8366.316447324267
7736,498831.6068336684,0.0,498831.6068336684,498831.6068336684,8366.316447324267
7737,460149.2140069663,44273.407989356725,415875.80601760955,460149.2140069663,8366.316447324267
7738,460149.9749478956,143303.21906652703,316846.7558813686,460149.9749478956,8366.316447324267
7739,460150.7358888251,197131.32707095466,263019.4088178704,460150.7358888251,8366.316447324267
7740,460151.49682975444,228266.72836029285,231884.7684694616,460151.49682975444,8366.316447324267
7741,460152.2577706839,207604.62694609698,252547.63082458693,460152.2577706839,8366.316447324267
7742,460153.0187116132,292292.0035798024,167861.0151318108,460153.0187116132,8366.316447324267
7743,460153.7796525426,258395.11169332036,201758.66795922225,460153.7796525426,8366.316447324267
7744,460154.54059347213,295976.9486691348,164177.59192433732,460154.54059347213,8366.316447324267
7745,460155.3015344015,278420.773408417,181734.52812598445,460155.3015344015,8366.316447324267
7746,460156.06247533095,51880.65351321967,408275.4089621113,460156.06247533095,8366.316447324267
7747,460156.82341626036,56558.03819835832,403598.78521790204,460156.82341626036,8366.316447324267
7748,460157.58435718965,46438.134882089915,413719.44947509974,460157.58435718965,8366.316447324267
7749,460158.3452981191,53370.482006140344,406787.8632919788,460158.3452981191,8366.316447324267
7750,460159.1062390485,37979.15517641185,422179.9510626366,460159.1062390485,8366.316447324267
7751,460159.8671799778,37824.04105257447,422335.82612740336,460159.8671799778,8366.316447324267
7752,460160.6281209073,37783.072491302795,422377.5556296045,460160.6281209073,8366.316447324267
7753,460161.3890618367,37384.65710486006,422776.73195697664,460161.3890618367,8366.316447324267
7754,460162.1500027661,40178.70088282926,419983.44911993685,460162.1500027661,8366.316447324267
7755,460162.91094369546,41413.886041918886,418749.0249017766,460162.91094369546,8366.316447324267
7756,460163.67188462487,46133.17818966514,414030.49369495973,460163.67188462487,8366.316447324267
7757,460164.4328255543,50095.08390194428,410069.34892361,460164.4328255543,8366.316447324267
7758,460165.1937664837,48613.144263727416,411552.0495027563,460165.1937664837,8366.316447324267
7759,460165.9547074132,22544.702677425114,437621.2520299881,460165.9547074132,8366.316447324267
7760,460166.7156483425,146838.5201806469,313328.1954676956,460166.7156483425,8366.316447324267
7761,460167.4765892719,301920.32394369005,158247.15264558184,460167.4765892719,8366.316447324267
7762,460168.2375302013,361699.86950336274,98468.36802683858,460168.2375302013,8366.316447324267
7763,460168.9984711307,354105.6513460676,106063.34712506305,460168.9984711307,8366.316447324267
7764,460169.7594120601,342361.9423852373,117807.81702682277,460169.7594120601,8366.316447324267
7765,460170.52035298955,335345.91067177523,124824.6096812143,460170.52035298955,8366.316447324267
7766,460171.2812939189,330447.30493128847,129723.97636263042,460171.2812939189,8366.316447324267
7767,460172.0422348483,338770.4723987875,121401.5698360608,460172.0422348483,8366.316447324267
7768,460172.8031757777,355384.83658800705,104787.96658777066,460172.8031757777,8366.316447324267
7769,460173.5641167071,338546.907667395,121626.65644931205,460173.5641167071,8366.316447324267
7770,460174.32505763654,205100.21778404206,255074.10727359448,460174.32505763654,8366.316447324267
7771,460175.08599856595,40537.12631459924,419637.9596839667,460175.08599856595,8366.316447324267
7772,460175.84693949536,37474.35429356247,422701.4926459329,460175.84693949536,8366.316447324267
7773,460176.60788042477,37616.11675970693,422560.49112071784,460176.60788042477,8366.316447324267
7774,460177.3688213542,37834.05567592097,422343.3131454332,460177.3688213542,8366.316447324267
7775,460178.1297622836,37479.58862579265,422698.54113649094,460178.1297622836,8366.316447324267
7776,460178.89070321294,40113.35025782563,420065.5404453873,460178.89070321294,8366.316447324267
7777,460179.6516441423,38402.67264054151,421776.9790036008,460179.6516441423,8366.316447324267
7778,460180.41258507175,37479.750885250105,422700.66169982165,460180.41258507175,8366.316447324267
7779,460181.17352600116,37748.5693170125,422432.60420898866,460181.17352600116,8366.316447324267
7780,460181.9344669306,37941.37248009624,422240.56198683433,460181.9344669306,8366.316447324267
7781,460182.6954078599,37825.66005100205,422357.0353568579,460182.6954078599,8366.316447324267
7782,460183.4563487893,37732.64992191235,422450.8064268769,460183.4563487893,8366.316447324267
7783,469765.38928139315,0.0,469765.38928139315,469765.38928139315,8366.316447324267
7784,481991.6395137793,0.0,481991.6395137793,481991.6395137793,8366.316447324267
7785,460185.7391715776,305193.05939096375,154992.67978061386,460185.7391715776,8366.316447324267
7786,460186.500112507,343379.18629869714,116807.3138138099,460186.500112507,8366.316447324267
7787,460187.2610534363,298435.34753567225,161751.91351776404,460187.2610534363,8366.316447324267
7788,460188.02199436584,272908.536093742,187279.48590062384,460188.02199436584,8366.316447324267
7789,460188.7829352952,299371.40950963786,160817.37342565734,460188.7829352952,8366.316447324267
7790,460189.5438762245,310436.60565017344,149752.93822605105,460189.5438762245,8366.316447324267
7791,460190.304817154,169944.4470775323,290245.8577396217,460190.304817154,8366.316447324267
7792,460191.06575808336,209629.34261797898,250561.72314010438,460191.06575808336,8366.316447324267
7793,460191.8266990128,127918.80324752082,332273.02345149196,460191.8266990128,8366.316447324267
7794,460192.5876399422,233474.40356855854,226718.18407138364,460192.5876399422,8366.316447324267
7795,460193.34858087153,195805.6405099255,264387.70807094604,460193.34858087153,8366.316447324267
7796,460194.109521801,190168.28784965316,270025.82167214784,460194.109521801,8366.316447324267
7797,460194.87046273035,254406.8708599913,205787.99960273906,460194.87046273035,8366.316447324267
7798,460195.6314036598,266790.61336442607,193405.01803923375,460195.6314036598,8366.316447324267
7799,460196.3923445892,273252.4770661304,186943.91527845888,460196.3923445892,8366.316447324267
7800,460197.1532855186,218720.29652095854,241476.85676456004,460197.1532855186,8366.316447324267
7801,460197.9142264481,116095.4276970576,344102.4865293905,460197.9142264481,8366.316447324267
7802,460198.6751673774,65451.20643539744,394747.46873197996,460198.6751673774,8366.316447324267
7803,460199.43610830675,146827.4636995722,313371.97240873455,460199.43610830675,8366.316447324267
7804,460200.1970492363,113818.62087273569,346381.5761765006,460200.1970492363,8366.316447324267
7805,460200.95799016557,126041.26371406717,334159.6942760984,460200.95799016557,8366.316447324267
7806,460201.7189310951,95740.0935307325,364461.6254003626,460201.7189310951,8366.316447324267
7807,460202.4798720244,139899.32141899248,320303.1584530319,460202.4798720244,8366.316447324267
7808,460203.24081295374,264247.4163776535,195955.82443530025,460203.24081295374,8366.316447324267
7809,460204.00175388326,271099.4867386341,189104.51501524914,460204.00175388326,8366.316447324267
7810,460204.7626948126,294724.1417280391,165480.62096677354,460204.7626948126,8366.316447324267
7811,460205.523635742,358843.72043366975,101361.80320207227,460205.523635742,8366.316447324267
7812,460206.28457667143,422173.5323816929,38032.752194978515,460206.28457667143,8366.316447324267
7813,460207.04551760084,432824.71112342004,27382.33439418081,460207.04551760084,8366.316447324267
7814,460207.8064585303,435541.84612726467,24665.960331265658,460207.8064585303,8366.316447324267
7815,460208.56739945966,398845.3537147324,61363.21368472726,460208.56739945966,8366.316447324267
7816,460209.32834038907,420245.7382808065,39963.590059582544,460209.32834038907,8366.316447324267
7817,460210.0892813184,460210.0892813184,0.0,460210.0892813184,8366.316447324267
7818,460210.8502222478,451856.46935801656,8354.380864231252,460210.8502222478,8366.316447324267
7819,460211.61116317735,390763.64309201774,69447.96807115962,460211.61116317735,8366.316447324267
7820,460212.3721041066,429369.42362525925,30842.948478847353,460212.3721041066,8366.316447324267
7821,460213.133045036,460213.133045036,0.0,460213.133045036,8366.316447324267
7822,460213.89398596546,460213.89398596546,0.0,460213.89398596546,8366.316447324267
7823,460214.6549268948,458187.2701904059,2027.3847364889311,460214.6549268948,8366.316447324267
7824,460215.4158678242,263290.77981031686,196924.63605750736,460215.4158678242,8366.316447324267
7825,460216.17680875363,257642.7902500571,202573.38655869654,460216.17680875363,8366.316447324267
7826,460216.93774968304,150274.1060267198,309942.83172296325,460216.93774968304,8366.316447324267
7827,460217.69869061257,281518.2484336471,178699.45025696544,460217.69869061257,8366.316447324267
7828,460218.4596315419,208719.37014604823,251499.0894854937,460218.4596315419,8366.316447324267
7829,460219.2205724712,293662.0783718532,166557.142200618,460219.2205724712,8366.316447324267
7830,460219.9815134007,257940.8976843375,202279.08382906317,460219.9815134007,8366.316447324267
7831,460220.7424543301,304575.86889766133,155644.87355666878,460220.7424543301,8366.316447324267
7832,460221.5033952595,325381.41369968164,134840.08969557786,460221.5033952595,8366.316447324267
7833,460222.2643361889,281616.28738842014,178605.97694776877,460222.2643361889,8366.316447324267
7834,460223.0252771182,211777.7455799369,248445.2796971813,460223.0252771182,8366.316447324267
7835,460223.78621804767,189910.76361624198,270313.0226018057,460223.78621804767,8366.316447324267
7836,460224.5471589771,100352.39775508974,359872.14940388734,460224.5471589771,8366.316447324267
7837,460225.3080999064,37939.06261127896,422286.24548862746,460225.3080999064,8366.316447324267
7838,460226.06904083584,86521.60142075195,373704.4676200839,460226.06904083584,8366.316447324267
7839,460226.82998176524,52255.83166501176,407970.9983167535,460226.82998176524,8366.316447324267
7840,460227.59092269477,38179.83113388828,422047.7597888065,460227.59092269477,8366.316447324267
7841,460228.3518636241,40741.42556452175,419486.9262991024,460228.3518636241,8366.316447324267
7842,460229.1128045535,39208.621850374155,421020.4909541793,460229.1128045535,8366.316447324267
7843,460229.87374548294,38017.57187334425,422212.3018721387,460229.87374548294,8366.316447324267
7844,460230.63468641223,37553.44441035233,422677.1902760599,460230.63468641223,8366.316447324267
7845,460231.39562734176,37656.21442764695,422575.1811996948,460231.39562734176,8366.316447324267
7846,460232.15656827117,47605.515830936085,412626.6407373351,460232.15656827117,8366.316447324267
7847,460232.91750920046,37696.782331044495,422536.13517815596,460232.91750920046,8366.316447324267
7848,460233.6784501299,37459.28530275595,422774.393147374,460233.6784501299,8366.316447324267
7849,460234.4393910593,37830.75761864241,422403.68177241686,460234.4393910593,8366.316447324267
7850,460235.2003319886,37639.15496845741,422596.0453635312,460235.2003319886,8366.316447324267
7851,460235.9612729181,37649.9843683333,422585.9769045848,460235.9612729181,8366.316447324267
7852,460236.7222138475,37785.655050312984,422451.0671635345,460236.7222138475,8366.316447324267
7853,460237.483154777,37875.15578906081,422362.32736571616,460237.483154777,8366.316447324267
7854,460238.2440957063,37753.11302658444,422485.1310691219,460238.2440957063,8366.316447324267
7855,488639.11644430854,0.0,488639.11644430854,488639.11644430854,8366.316447324267
7856,512840.7178249175,0.0,512840.7178249175,512840.7178249175,8366.316447324267
7857,516308.76100421906,0.0,516308.76100421906,516308.76100421906,8366.316447324267
7858,513075.5137603643,0.0,513075.5137603643,513075.5137603643,8366.316447324267
7859,504598.20188268565,0.0,504598.20188268565,504598.20188268565,8366.316447324267
7860,472697.33022507065,0.0,472697.33022507065,472697.33022507065,8366.316447324267
7861,488903.1722777338,0.0,488903.1722777338,488903.1722777338,8366.316447324267
7862,479370.3407929826,0.0,479370.3407929826,479370.3407929826,8366.316447324267
7863,460245.0925640709,4503.757865800639,455741.33469827025,460245.0925640709,8366.316447324267
7864,460245.85350500036,65626.42728216527,394619.4262228351,460245.85350500036,8366.316447324267
7865,460246.6144459297,70950.41774870805,389296.19669722166,460246.6144459297,8366.316447324267
7866,460247.3753868592,37547.95662478218,422699.418762077,460247.3753868592,8366.316447324267
7867,460248.1363277886,37527.5293918415,422720.6069359471,460248.1363277886,8366.316447324267
7868,460248.89726871793,39000.57460952771,421248.3226591902,460248.89726871793,8366.316447324267
7869,460249.65820964734,41764.4827715109,418485.17543813644,460249.65820964734,8366.316447324267
7870,460250.41915057675,41523.62358385656,418726.7955667202,460250.41915057675,8366.316447324267
7871,460251.18009150604,48876.218324481975,411374.96176702407,460251.18009150604,8366.316447324267
7872,460251.94103243557,58782.65950264968,401469.2815297859,460251.94103243557,8366.316447324267
7873,460252.701973365,59871.65415298077,400381.0478203842,460252.701973365,8366.316447324267
7874,460253.46291429433,52300.420691063686,407953.04222323064,460253.46291429433,8366.316447324267
7875,460254.22385522374,49266.0353027854,410988.18855243834,460254.22385522374,8366.316447324267
7876,460254.9847961531,48177.7668561468,412077.2179400063,460254.9847961531,8366.316447324267
7877,460255.74573708256,46022.7675409083,414232.97819617426,460255.74573708256,8366.316447324267
7878,460256.50667801197,47495.754998245044,412760.7516797669,460256.50667801197,8366.316447324267
7879,460257.2676189414,45133.619477686705,415123.6481412547,460257.2676189414,8366.316447324267
7880,460258.0285598708,54976.5379292072,405281.4906306636,460258.0285598708,8366.316447324267
7881,460258.78950080014,51783.10359926429,408475.68590153585,460258.78950080014,8366.316447324267
7882,460259.5504417296,18315.097221680044,441944.45322004956,460259.5504417296,8366.316447324267
7883,460260.31138265895,35841.880692577455,424418.4306900815,460260.31138265895,8366.316447324267
7884,460261.0723235883,32196.56956482731,428064.502758761,460261.0723235883,8366.316447324267
7885,460261.83326451783,17312.62046423147,442949.21280028636,460261.83326451783,8366.316447324267
7886,460262.5942054471,33963.676729090104,426298.917476357,460262.5942054471,8366.316447324267
7887,460263.3551463766,38495.13134127972,421768.2238050969,460263.3551463766,8366.316447324267
7888,460264.116087306,52937.69265758927,407326.4234297167,460264.116087306,8366.316447324267
7889,460264.8770282353,76162.99843060225,384101.87859763304,460264.8770282353,8366.316447324267
7890,460265.6379691648,42182.97241876909,418082.66555039573,460265.6379691648,8366.316447324267
7891,460266.39891009417,49398.14446191501,410868.25444817916,460266.39891009417,8366.316447324267
7892,460267.1598510236,43072.87350208324,417194.28634894034,460267.1598510236,8366.316447324267
7893,460267.92079195305,90669.67060142697,369598.2501905261,460267.92079195305,8366.316447324267
7894,460268.68173288234,220874.213157936,239394.46857494634,460268.68173288234,8366.316447324267
7895,460269.44267381186,145003.21498216048,315266.2276916514,460269.44267381186,8366.316447324267
7896,460270.20361474116,423433.7338060512,36836.46980868996,460270.20361474116,8366.316447324267
7897,460270.9645556705,179433.94555711193,280837.0189985586,460270.9645556705,8366.316447324267
7898,460271.72549660003,40724.10764391982,419547.6178526802,460271.72549660003,8366.316447324267
7899,460272.4864375294,184037.44423468813,276235.04220284126,460272.4864375294,8366.316447324267
7900,460273.2473784588,49689.41129440768,410583.8360840511,460273.2473784588,8366.316447324267
7901,460274.00831938814,38149.148842838826,422124.8594765493,460274.00831938814,8366.316447324267
7902,460274.76926031755,37743.59482226963,422531.1744380479,460274.76926031755,8366.316447324267
7903,460275.530201247,234645.16459761417,225630.36560363285,460275.530201247,8366.316447324267
7904,460276.2911421764,249057.4113768688,211218.87976530756,460276.2911421764,8366.316447324267
7905,460277.05208310584,213779.0077865331,246498.04429657274,460277.05208310584,8366.316447324267
7906,460277.8130240352,36725.980804841616,423551.8322191936,460277.8130240352,8366.316447324267
7907,460278.5739649646,25656.189646072802,434622.3843188918,460278.5739649646,8366.316447324267
7908,460279.3349058941,24260.885753237235,436018.4491526569,460279.3349058941,8366.316447324267
7909,460280.09584682336,169694.6585788119,290585.43726801145,460280.09584682336,8366.316447324267
7910,460280.85678775277,109722.56767370523,350558.28911404754,460280.85678775277,8366.316447324267
7911,460281.61772868223,123983.32765492523,336298.290073757,460281.61772868223,8366.316447324267
7912,460282.3786696116,21886.679370177444,438395.69929943414,460282.3786696116,8366.316447324267
7913,460283.13961054105,150929.64434938983,309353.4952611512,460283.13961054105,8366.316447324267
7914,460283.9005514704,53849.24220568768,406434.6583457827,460283.9005514704,8366.316447324267
7915,460284.66149239975,46688.47121795383,413596.1902744459,460284.66149239975,8366.316447324267
7916,460285.4224333292,47686.86979898292,412598.5526343463,460285.4224333292,8366.316447324267
7917,460286.18337425863,37704.30086969375,422581.8825045649,460286.18337425863,8366.316447324267
7918,460286.94431518804,40471.136945379956,419815.8073698081,460286.94431518804,8366.316447324267
7919,460287.70525611745,43523.86460185767,416763.8406542598,460287.70525611745,8366.316447324267
7920,460288.46619704686,43302.94080995355,416985.5253870933,460288.46619704686,8366.316447324267
7921,460289.22713797627,37775.7489056295,422513.47823234677,460289.22713797627,8366.316447324267
7922,460289.9880789057,37783.26141841931,422506.72666048637,460289.9880789057,8366.316447324267
7923,460290.749019835,37890.34468704625,422400.4043327888,460290.749019835,8366.316447324267
7924,460291.50996076444,37787.020699331246,422504.4892614332,460291.50996076444,8366.316447324267
7925,460292.27090169385,37892.05644317035,422400.2144585235,460292.27090169385,8366.316447324267
7926,460293.0318426233,37877.69396514929,422415.337877474,460293.0318426233,8366.316447324267
7927,491662.2122492846,0.0,491662.2122492846,491662.2122492846,8366.316447324267
7928,519311.41044439265,0.0,519311.41044439265,519311.41044439265,8366.316447324267
7929,501226.07045060035,0.0,501226.07045060035,501226.07045060035,8366.316447324267
7930,460296.07560634083,75817.16611990059,384478.90948644024,460296.07560634083,8366.316447324267
7931,460296.8365472702,27274.148900751024,433022.68764651916,460296.8365472702,8366.316447324267
7932,460297.5974881997,300.3214368322515,459997.27605136746,460297.5974881997,8366.316447324267
7933,460735.6105621812,0.0,460735.6105621812,460735.6105621812,8366.316447324267
7934,460299.1193700585,49925.80003423849,410373.31933582004,460299.1193700585,8366.316447324267
7935,460299.88031098794,62418.494916625496,397881.38539436244,460299.88031098794,8366.316447324267
7936,460300.6412519172,51827.699793455715,408472.94145846146,460300.6412519172,8366.316447324267
7937,460301.4021928467,37625.90258093161,422675.4996119151,460301.4021928467,8366.316447324267
7938,460302.1631337761,37860.73819174635,422441.42494202976,460302.1631337761,8366.316447324267
7939,460302.9240747055,58944.127949013724,401358.7961256918,460302.9240747055,8366.316447324267
7940,460303.68501563487,49293.66688105324,411010.0181345816,460303.68501563487,8366.316447324267
7941,460304.4459565642,50489.144055039564,409815.30190152465,460304.4459565642,8366.316447324267
7942,460305.2068974937,37959.05569314031,422346.1512043534,460305.2068974937,8366.316447324267
7943,460305.96783842304,46453.95748908771,413852.0103493353,460305.96783842304,8366.316447324267
7944,460306.72877935244,56821.92616080877,403484.8026185437,460306.72877935244,8366.316447324267
7945,460307.4897202819,52583.557189723826,407723.9325305581,460307.4897202819,8366.316447324267
7946,460308.25066121126,48006.08805964212,412302.16260156914,460308.25066121126,8366.316447324267
7947,460309.0116021408,53546.975032861985,406762.0365692788,460309.0116021408,8366.316447324267
7948,460309.7725430701,59163.80976744171,401145.9627756284,460309.7725430701,8366.316447324267
7949,460310.5334839995,122432.52899398294,337878.00449001655,460310.5334839995,8366.316447324267
7950,460311.29442492896,88978.82530457253,371332.4691203564,460311.29442492896,8366.316447324267
7951,460312.05536585825,114295.27898487431,346016.77638098394,460312.05536585825,8366.316447324267
7952,460312.8163067878,264628.4836176994,195684.33268908836,460312.8163067878,8366.316447324267
7953,460313.5772477171,329919.9443281028,130393.63291961432,460313.5772477171,8366.316447324267
7954,460314.33818864636,357055.5384448727,103258.79974377368,460314.33818864636,8366.316447324267
7955,460315.09912957594,361623.3101613546,98691.78896822134,460315.09912957594,8366.316447324267
7956,460315.8600705053,374823.3020666008,85492.55800390447,460315.8600705053,8366.316447324267
7957,460316.62101143465,372363.309567414,87953.31144402067,460316.62101143465,8366.316447324267
7958,460317.3819523641,397354.7363269275,62962.64562543661,460317.3819523641,8366.316447324267
7959,460318.1428932935,421021.3277933107,39296.81509998284,460318.1428932935,8366.316447324267
7960,460318.903834223,404608.5106539952,55710.39318022776,460318.903834223,8366.316447324267
7961,460319.66477515234,410823.91945520317,49495.74531994919,460319.66477515234,8366.316447324267
7962,460320.42571608175,394958.0295577445,65362.39615833723,460320.42571608175,8366.316447324267
7963,460321.18665701104,347854.77568763134,112466.41096937974,460321.18665701104,8366.316447324267
7964,460321.94759794057,355484.2683847514,104837.67921318914,460321.94759794057,8366.316447324267
7965,460322.70853887004,359561.9791637117,100760.72937515833,460322.70853887004,8366.316447324267
7966,460323.4694797993,316123.0954348279,144200.37404497142,460323.4694797993,8366.316447324267
7967,460324.2304207287,315768.9500640985,144555.28035663016,460324.2304207287,8366.316447324267
7968,460324.99136165815,286872.85294356145,173452.1384180967,460324.99136165815,8366.316447324267
7969,460325.7523025875,260822.27567561512,199503.47662697238,460325.7523025875,8366.316447324267
7970,460326.5132435169,200255.38657998297,260071.12666353394,460326.5132435169,8366.316447324267
7971,460327.2741844463,175604.40331194986,284722.87087249645,460327.2741844463,8366.316447324267
7972,460328.0351253757,132594.2571795339,327733.77794584184,460328.0351253757,8366.316447324267
7973,460328.7960663052,77820.22437034087,382508.5716959643,460328.7960663052,8366.316447324267
7974,460329.5570072346,53974.342400750495,406355.2146064841,460329.5570072346,8366.316447324267
7975,478917.57624094107,0.0,478917.57624094107,478917.57624094107,8366.316447324267
7976,460331.07888909336,3866.8252813355066,456464.25360775786,460331.07888909336,8366.316447324267
7977,460331.8398300228,287927.88499085547,172403.95483916727,460331.8398300228,8366.316447324267
7978,460332.60077095206,323807.3785852026,136525.22218574947,460332.60077095206,8366.316447324267
7979,460333.3617118816,313796.5766912134,146536.78502066815,460333.3617118816,8366.316447324267
7980,460334.122652811,327966.1435037024,132367.97914910858,460334.122652811,8366.316447324267
7981,460334.8835937404,328201.9890373403,132132.8945564001,460334.8835937404,8366.316447324267
7982,460335.64453466976,337550.71368459414,122784.93085007563,460335.64453466976,8366.316447324267
7983,460336.4054755991,347563.46602215915,112772.93945343998,460336.4054755991,8366.316447324267
7984,460337.1664165286,383865.9036161102,76471.26280041836,460337.1664165286,8366.316447324267
7985,460337.9273574579,374416.56505374645,85921.36230371147,460337.9273574579,8366.316447324267
7986,460338.68829838745,328579.9117411963,131758.7765571912,460338.68829838745,8366.316447324267
7987,460339.4492393168,259518.64904726905,200820.80019204775,460339.4492393168,8366.316447324267
7988,460340.21018024615,189959.35183924343,270380.8583410027,460340.21018024615,8366.316447324267
7989,460340.9711211756,180584.14045106526,279756.83067011036,460340.9711211756,8366.316447324267
7990,460341.732062105,165515.5159075812,294826.2161545238,460341.732062105,8366.316447324267
7991,460342.4930030343,116015.98011939699,344326.51288363733,460342.4930030343,8366.316447324267
7992,460343.25394396385,123922.59413334599,336420.65981061786,460343.25394396385,8366.316447324267
7993,460344.01488489314,120290.75382262893,340053.2610622642,460344.01488489314,8366.316447324267
7994,460344.7758258226,79361.03102369292,380983.7448021297,460344.7758258226,8366.316447324267
7995,460345.536766752,152254.09516628482,308091.4416004672,460345.536766752,8366.316447324267
7996,460346.2977076813,213686.1804758326,246660.1172318487,460346.2977076813,8366.316447324267
7997,460347.05864861084,188907.7721838014,271439.28646480944,460347.05864861084,8366.316447324267
7998,460347.81958954013,209511.52803939852,250836.2915501416,460347.81958954013,8366.316447324267
7999,460348.58053046966,171995.27934443543,288353.3011860342,460348.58053046966,8366.316447324267
8000,460349.34147139906,240689.12980044755,219660.2116709515,460349.34147139906,8366.316447324267
8001,460350.1024123285,323540.6844798031,136809.41793252536,460350.1024123285,8366.316447324267
8002,460350.8633532578,364918.40916571236,95432.45418754545,460350.8633532578,8366.316447324267
8003,460351.6242941872,365439.5165918246,94912.10770236257,460351.6242941872,8366.316447324267
8004,460352.3852351166,366312.03200092085,94040.35323419575,460352.3852351166,8366.316447324267
8005,460353.1461760461,368161.4606985522,92191.68547749388,460353.1461760461,8366.316447324267
8006,460353.9071169754,371757.8945700497,88596.0125469257,460353.9071169754,8366.316447324267
8007,460354.6680579048,384103.39287879586,76251.27517910898,460354.6680579048,8366.316447324267
8008,460355.42899883416,430641.38952506956,29714.039473764595,460355.42899883416,8366.316447324267
8009,460356.1899397636,460356.1899397636,0.0,460356.1899397636,8366.316447324267
8010,460356.9508806931,460356.9508806931,0.0,460356.9508806931,8366.316447324267
8011,460357.7118216224,460357.7118216224,0.0,460357.7118216224,8366.316447324267
8012,460358.47276255186,460358.47276255186,0.0,460358.47276255186,8366.316447324267
8013,460359.23370348127,460359.23370348127,0.0,460359.23370348127,8366.316447324267
8014,460359.9946444106,460359.9946444106,0.0,460359.9946444106,8366.316447324267
8015,460360.75558534014,460360.75558534014,0.0,460360.75558534014,8366.316447324267
8016,460361.51652626944,460361.51652626944,0.0,460361.51652626944,8366.316447324267
8017,460362.2774671988,460362.2774671988,0.0,460362.2774671988,8366.316447324267
8018,460363.03840812825,460363.03840812825,0.0,460363.03840812825,8366.316447324267
8019,460363.79934905766,460363.79934905766,0.0,460363.79934905766,8366.316447324267
8020,460364.560289987,460364.560289987,0.0,460364.560289987,8366.316447324267
8021,460365.3212309164,460365.3212309164,0.0,460365.3212309164,8366.316447324267
8022,460366.08217184583,460366.08217184583,0.0,460366.08217184583,8366.316447324267
8023,460366.84311277524,405958.28888706653,54408.55422570869,460366.84311277524,8366.316447324267
8024,460367.60405370465,379873.68580134015,80493.91825236453,460367.60405370465,8366.316447324267
8025,460368.36499463406,372555.8839993042,87812.48099532984,460368.36499463406,8366.316447324267
8026,460369.12593556347,387429.18343785475,72939.94249770869,460369.12593556347,8366.316447324267
8027,460369.8868764929,369035.8415097825,91334.04536671042,460369.8868764929,8366.316447324267
8028,460370.64781742234,397425.403676135,62945.24414128736,460370.64781742234,8366.316447324267
8029,460371.40875835164,370707.5518930387,89663.85686531298,460371.40875835164,8366.316447324267
8030,460372.169699281,376261.5087712072,84110.66092807378,460372.169699281,8366.316447324267
8031,460372.9306402105,427340.75873434334,33032.17190586718,460372.9306402105,8366.316447324267
8032,460373.69158113986,459217.7952161773,1155.8963649625944,460373.69158113986,8366.316447324267
8033,460374.4525220693,426052.5389297023,34321.91359236699,460374.4525220693,8366.316447324267
8034,460375.2134629987,415860.7090995567,44514.504363441956,460375.2134629987,8366.316447324267
8035,460375.974403928,435736.0723537093,24639.902050218665,460375.974403928,8366.316447324267
8036,460376.7353448575,438986.7502230974,21389.9851217601,460376.7353448575,8366.316447324267
8037,460377.4962857869,436294.5081510848,24082.98813470209,460377.4962857869,8366.316447324267
8038,460378.25722671626,413964.086369309,46414.1708574073,460378.25722671626,8366.316447324267
8039,460379.01816764567,438450.04690343066,21928.971264214993,460379.01816764567,8366.316447324267
8040,460379.7791085751,460379.7791085751,0.0,460379.7791085751,8366.316447324267
8041,460380.5400495046,389422.0343458806,70958.50570362396,460380.5400495046,8366.316447324267
8042,460381.30099043396,423964.86065010435,36416.44034032962,460381.30099043396,8366.316447324267
8043,460382.06193136325,436621.0569053664,23761.005025996816,460382.06193136325,8366.316447324267
8044,460382.8228722927,428819.58115118043,31563.2417211123,460382.8228722927,8366.316447324267
8045,460383.583813222,404350.630795507,56032.953017715045,460383.583813222,8366.316447324267
8046,460384.3447541516,387851.6230662551,72532.72168789648,460384.3447541516,8366.316447324267
8047,460385.10569508094,392043.05971499893,68342.04598008198,460385.10569508094,8366.316447324267
8048,460385.86663601024,340668.02533192694,119717.8413040833,460385.86663601024,8366.316447324267
8049,460386.62757693976,321932.9297377466,138453.6978391932,460386.62757693976,8366.316447324267
8050,460387.38851786905,402483.64466836187,57903.7438495072,460387.38851786905,8366.316447324267
8051,460388.14945879846,351044.66599091986,109343.4834678786,460388.14945879846,8366.316447324267
8052,460388.910399728,321939.5025656979,138449.40783403008,460388.910399728,8366.316447324267
8053,460389.6713406573,332792.4181620461,127597.25317861116,460389.6713406573,8366.316447324267
8054,460390.4322815868,283982.29704882135,176408.1352327655,460390.4322815868,8366.316447324267
8055,460391.19322251616,211055.802226011,249335.39099650516,460391.19322251616,8366.316447324267
8056,460391.95416344545,146394.6587917654,313997.29537168005,460391.95416344545,8366.316447324267
8057,460392.715104375,71453.9120136156,388938.8030907594,460392.715104375,8366.316447324267
8058,460393.47604530427,145966.66100066243,314426.81504464184,460393.47604530427,8366.316447324267
8059,460394.2369862338,78154.79581725504,382239.44116897875,460394.2369862338,8366.316447324267
8060,460394.9979271631,39717.92477283679,420677.0731543263,460394.9979271631,8366.316447324267
8061,460395.75886809244,62073.16014037782,398322.5987277146,460395.75886809244,8366.316447324267
8062,460396.51980902196,49119.3711252957,411277.14868372626,460396.51980902196,8366.316447324267
8063,460397.2807499513,198068.2635775701,262329.0171723812,460397.2807499513,8366.316447324267
8064,460398.04169088067,207192.3582849083,253205.68340597238,460398.04169088067,8366.316447324267
8065,460398.8026318101,298130.0034940294,162268.79913778068,460398.8026318101,8366.316447324267
8066,460399.56357273954,71739.99528512306,388659.5682876165,460399.56357273954,8366.316447324267
8067,460400.324513669,43956.02777056111,416444.2967431079,460400.324513669,8366.316447324267
8068,460401.08545459836,56523.62310964317,403877.4623449552,460401.08545459836,8366.316447324267
8069,460401.84639552777,64233.62277164211,396168.22362388566,460401.84639552777,8366.316447324267
8070,460402.6073364571,39790.87354609731,420611.7337903598,460402.6073364571,8366.316447324267
8071,460403.36827738653,40009.041736972344,420394.3265404142,460403.36827738653,8366.316447324267
8072,460404.12921831605,21944.28420906415,438459.8450092519,460404.12921831605,8366.316447324267
8073,460404.89015924535,86714.1737429953,373690.71641625004,460404.89015924535,8366.316447324267
8074,460405.6511001747,226334.08170522927,234071.56939494543,460405.6511001747,8366.316447324267
8075,460406.41204110417,377895.03363258997,82511.37840851417,460406.41204110417,8366.316447324267
8076,460407.1729820335,227680.55080812797,232726.62217390555,460407.1729820335,8366.316447324267
8077,460407.93392296287,341476.99982307176,118930.93409989109,460407.93392296287,8366.316447324267
8078,460408.69486389233,96097.33035519556,364311.3645086968,460408.69486389233,8366.316447324267
8079,460409.45580482174,165955.46111058176,294453.99469424,460409.45580482174,8366.316447324267
8080,460410.2167457512,39161.32909451856,421248.88765123265,460410.2167457512,8366.316447324267
8081,460410.9776866806,37711.68342776579,422699.29425891483,460410.9776866806,8366.316447324267
8082,460411.7386276099,37951.60596421285,422460.13266339706,460411.7386276099,8366.316447324267
8083,460412.4995685394,38079.76168315677,422332.7378853826,460412.4995685394,8366.316447324267
8084,460413.2605094688,42001.94844761945,418411.31206184934,460413.2605094688,8366.316447324267
8085,460414.0214503982,39243.39265063836,421170.62879975984,460414.0214503982,8366.316447324267
8086,460414.7823913276,51565.880546904344,408848.90184442326,460414.7823913276,8366.316447324267
8087,460415.5433322569,73663.15180570312,386752.3915265538,460415.5433322569,8366.316447324267
8088,460416.30427318637,169162.88403545134,291253.42023773503,460416.30427318637,8366.316447324267
8089,460417.0652141158,150702.40917716408,309714.6560369517,460417.0652141158,8366.316447324267
8090,460417.8261550451,181310.90487392363,279106.9212811215,460417.8261550451,8366.316447324267
8091,460418.58709597454,361639.87315273983,98778.71394323469,460418.58709597454,8366.316447324267
8092,460419.34803690395,170758.327882052,289661.02015485195,460419.34803690395,8366.316447324267
8093,460420.1089778334,270068.3585731964,190351.75040463702,460420.1089778334,8366.316447324267
8094,460420.8699187628,202743.7478404425,257677.12207832033,460420.8699187628,8366.316447324267
8095,460421.6308596921,269507.07338141627,190914.55747827588,460421.6308596921,8366.316447324267
8096,460422.39180062164,295320.66824242653,165101.7235581951,460422.39180062164,8366.316447324267
8097,460423.15274155093,350422.9459579846,110000.20678356635,460423.15274155093,8366.316447324267
8098,460423.91368248034,410467.37008864107,49956.543593839306,460423.91368248034,8366.316447324267
8099,460424.67462340987,303432.2410361222,156992.43358728767,460424.67462340987,8366.316447324267
8100,460425.43556433916,373032.31858864496,87393.1169756942,460425.43556433916,8366.316447324267
8101,460426.1965052686,296973.86294718384,163452.3335580848,460426.1965052686,8366.316447324267
8102,460426.957446198,315069.7650619553,145357.19238424263,460426.957446198,8366.316447324267
8103,460427.7183871274,276161.49337856076,184266.2250085666,460427.7183871274,8366.316447324267
8104,460428.47932805686,106199.02164885151,354229.45767920534,460428.47932805686,8366.316447324267
8105,460429.2402689862,193523.1719361794,266906.0683328068,460429.2402689862,8366.316447324267
8106,460430.0012099156,266671.73997487663,193758.26123503895,460430.0012099156,8366.316447324267
8107,460430.762150845,270215.23732016014,190215.5248306849,460430.762150845,8366.316447324267
8108,460431.52309177443,214928.60497849117,245502.91811328326,460431.52309177443,8366.316447324267
8109,460432.28403270384,361700.86054303753,98731.42348966634,460432.28403270384,8366.316447324267
8110,460433.04497363325,341882.63033824076,118550.41463539246,460433.04497363325,8366.316447324267
8111,460433.8059145626,367095.9185441399,93337.88737042273,460433.8059145626,8366.316447324267
8112,460434.566855492,348863.38791451737,111571.17894097466,460434.566855492,8366.316447324267
8113,460435.3277964214,378381.93541620235,82053.39238021907,460435.3277964214,8366.316447324267
8114,460436.0887373509,407870.69095168106,52565.397785669826,460436.0887373509,8366.316447324267
8115,460436.8496782802,338649.44423622283,121787.40544205737,460436.8496782802,8366.316447324267
8116,460437.6106192096,371141.04395818943,89296.56666102014,460437.6106192096,8366.316447324267
8117,460438.37156013906,347336.477908346,113101.89365179307,460438.37156013906,8366.316447324267
8118,460439.1325010684,276543.739707349,183895.39279371942,460439.1325010684,8366.316447324267
8119,460439.8934419979,308026.7938613854,152413.0995806125,460439.8934419979,8366.316447324267
8120,460440.6543829273,290918.68322635174,169521.97115657554,460440.6543829273,8366.316447324267
8121,460441.41532385664,209256.9204239356,251184.49489992103,460441.41532385664,8366.316447324267
8122,460442.17626478605,287309.37248995225,173132.8037748338,460442.17626478605,8366.316447324267
8123,460442.93720571545,333105.84696243296,127337.09024328252,460442.93720571545,8366.316447324267
8124,460443.6981466448,365301.6607798763,95142.03736676852,460443.6981466448,8366.316447324267
8125,460444.4590875743,293706.7472259897,166737.7118615846,460444.4590875743,8366.316447324267
8126,460445.2200285037,277408.3148252154,183036.90520328828,460445.2200285037,8366.316447324267
8127,460445.98096943303,153800.065463516,306645.91550591704,460445.98096943303,8366.316447324267
8128,460446.74191036244,73339.61611232482,387107.1257980376,460446.74191036244,8366.316447324267
8129,460447.50285129185,64701.93101694912,395745.5718343427,460447.50285129185,8366.316447324267
8130,460448.26379222126,91740.94949084974,368707.3143013715,460448.26379222126,8366.316447324267
8131,460449.02473315067,207870.23532375405,252578.78940939662,460449.02473315067,8366.316447324267
8132,460449.7856740801,138634.03619672562,321815.74947735446,460449.7856740801,8366.316447324267
8133,460450.5466150095,96010.58960442193,364439.95701058756,460450.5466150095,8366.316447324267
8134,460451.3075559389,169683.79025500937,290767.5173009295,460451.3075559389,8366.316447324267
8135,460452.06849686836,81392.58789183712,379059.48060503125,460452.06849686836,8366.316447324267
8136,460452.82943779766,83814.1683679198,376638.66106987785,460452.82943779766,8366.316447324267
8137,460453.590378727,81696.71221559,378756.878163137,460453.590378727,8366.316447324267
8138,460454.35131965653,80184.4609470485,380269.89037260803,460454.35131965653,8366.316447324267
8139,460455.1122605858,75343.58281767095,385111.5294429149,460455.1122605858,8366.316447324267
8140,460455.8732015153,90624.91614705429,369830.957054461,460455.8732015153,8366.316447324267
8141,460456.6341424447,117437.25650919828,343019.3776332464,460456.6341424447,8366.316447324267
8142,460457.395083374,92836.90710740065,367620.48797597334,460457.395083374,8366.316447324267
8143,460458.1560243035,62770.13038200687,397688.02564229665,460458.1560243035,8366.316447324267
8144,460458.9169652329,61351.6880662457,399107.2288989872,460458.9169652329,8366.316447324267
8145,460459.6779061623,61858.34941386833,398601.32849229395,460459.6779061623,8366.316447324267
8146,460460.43884709175,148296.4621148634,312163.97673222836,460460.43884709175,8366.316447324267
8147,460461.1997880211,249521.77863309768,210939.42115492342,460461.1997880211,8366.316447324267
8148,460461.96072895057,197205.31854629447,263256.6421826561,460461.96072895057,8366.316447324267
8149,460462.72166987986,94195.7957662259,366266.92590365396,460462.72166987986,8366.316447324267
8150,460463.48261080927,113391.24842323427,347072.234187575,460463.48261080927,8366.316447324267
8151,460464.24355173873,249554.86971010178,210909.37384163696,460464.24355173873,8366.316447324267
8152,460465.0044926681,230036.0239337784,230428.98055888969,460465.0044926681,8366.316447324267
8153,460465.76543359755,81032.65957982396,379433.1058537736,460465.76543359755,8366.316447324267
8154,460466.52637452685,69541.7351472206,390924.79122730624,460466.52637452685,8366.316447324267
8155,460467.28731545625,114011.94295352313,346455.3443619331,460467.28731545625,8366.316447324267
8156,460468.0482563858,123348.56697736587,337119.4812790199,460468.0482563858,8366.316447324267
8157,460468.8091973151,180562.2167787947,279906.59241852036,460468.8091973151,8366.316447324267
8158,460469.57013824454,274048.8789660372,186420.69117220736,460469.57013824454,8366.316447324267
8159,460470.33107917395,73159.05195148708,387311.27912768687,460470.33107917395,8366.316447324267
8160,460471.0920201033,148955.2020026786,311515.8900174247,460471.0920201033,8366.316447324267
8161,460471.8529610328,72278.55663567455,388193.2963253583,460471.8529610328,8366.316447324267
8162,460472.6139019622,63955.62796440313,396516.98593755905,460472.6139019622,8366.316447324267
8163,460473.37484289147,106301.02257707657,354172.3522658149,460473.37484289147,8366.316447324267
8164,460474.13578382094,169512.58416550618,290961.55161831476,460474.13578382094,8366.316447324267
8165,460474.89672475035,178470.4047337699,282004.49199098046,460474.89672475035,8366.316447324267
8166,460475.6576656798,91504.58212699852,368971.0755386813,460475.6576656798,8366.316447324267
8167,460476.4186066091,85446.72872549843,375029.6898811107,460476.4186066091,8366.316447324267
8168,460477.1795475385,150576.13718285837,309901.04236468015,460477.1795475385,8366.316447324267
8169,460477.9404884679,60014.18133213965,400463.7591563283,460477.9404884679,8366.316447324267
8170,460478.70142939733,135147.8757368109,325330.8256925864,460478.70142939733,8366.316447324267
8171,460479.46237032674,131825.635122758,328653.82724756876,460479.46237032674,8366.316447324267
8172,460480.22331125615,142595.8899680804,317884.33334317576,460480.22331125615,8366.316447324267
8173,460480.98425218556,229069.864256613,231411.11999557258,460480.98425218556,8366.316447324267
8174,460481.745193115,138011.47185367707,322470.27333943796,460481.745193115,8366.316447324267
8175,460482.5061340444,152381.9826221689,308100.5235118755,460482.5061340444,8366.316447324267
8176,460483.26707497373,293198.67245626426,167284.59461870947,460483.26707497373,8366.316447324267
8177,460484.0280159032,340521.70296739065,119962.32504851253,460484.0280159032,8366.316447324267
8178,460484.78895683255,115537.30425994104,344947.4846968915,460484.78895683255,8366.316447324267
8179,460485.549897762,335885.15236145386,124600.39753630818,460485.549897762,8366.316447324267
8180,460486.31083869137,364183.45489997265,96302.85593871871,460486.31083869137,8366.316447324267
8181,460487.0717796207,360078.64745637524,100408.42432324549,460487.0717796207,8366.316447324267
8182,460487.8327205501,386998.84204488015,73488.99067567001,460487.8327205501,8366.316447324267
8183,460488.5936614796,386403.2070778681,74085.38658361147,460488.5936614796,8366.316447324267
8184,460489.3546024089,434968.0120304233,25521.342571985584,460489.3546024089,8366.316447324267
8185,460490.11554333835,417768.6218862267,42721.49365711167,460490.11554333835,8366.316447324267
8186,460490.87648426776,455531.39773951937,4959.478744748401,460490.87648426776,8366.316447324267
8187,460491.63742519723,432784.50065390806,27707.136771289177,460491.63742519723,8366.316447324267
8188,460492.39836612664,430258.2886972581,30234.10966886856,460492.39836612664,8366.316447324267
8189,460493.159307056,434679.8401210831,25813.31918597291,460493.159307056,8366.316447324267
8190,460493.9202479854,438698.28768008476,21795.63256790064,460493.9202479854,8366.316447324267
8191,460494.6811889148,394825.0950672576,65669.58612165721,460494.6811889148,8366.316447324267
8192,460495.4421298443,388525.6548706029,71969.78725924138,460495.4421298443,8366.316447324267
8193,460496.2030707736,388052.8210497455,72443.38202102814,460496.2030707736,8366.316447324267
8194,460496.9640117029,411520.3910476361,48976.57296406679,460496.9640117029,8366.316447324267
8195,460497.72495263244,409931.3177235407,50566.407229091725,460497.72495263244,8366.316447324267
8196,460498.48589356174,396291.60689261777,64206.879000944,460498.48589356174,8366.316447324267
8197,460499.24683449115,447789.8877007784,12709.35913371278,460499.24683449115,8366.316447324267
8198,460500.0077754206,457518.74997278803,2981.257802632574,460500.0077754206,8366.316447324267
8199,460500.76871634996,392366.47849573905,68134.2902206109,460500.76871634996,8366.316447324267
8200,460501.5296572795,376950.67794502544,83550.85171225404,460501.5296572795,8366.316447324267
8201,460502.2905982089,443255.450107214,17246.840490994924,460502.2905982089,8366.316447324267
8202,460503.0515391382,417259.51681403787,43243.534725100304,460503.0515391382,8366.316447324267
8203,460503.81248006766,460503.81248006766,0.0,460503.81248006766,8366.316447324267
8204,460504.573420997,460504.573420997,0.0,460504.573420997,8366.316447324267
8205,460505.3343619265,460505.3343619265,0.0,460505.3343619265,8366.316447324267
8206,460506.0953028559,460506.0953028559,0.0,460506.0953028559,8366.316447324267
8207,460506.8562437852,460506.8562437852,0.0,460506.8562437852,8366.316447324267
8208,460507.61718471465,460507.61718471465,0.0,460507.61718471465,8366.316447324267
8209,460508.378125644,425712.0140790945,34796.36404654946,460508.378125644,8366.316447324267
8210,460509.1390665734,402296.3697488056,58212.76931776784,460509.1390665734,8366.316447324267
8211,460509.90000750276,381249.4597820064,79260.44022549635,460509.90000750276,8366.316447324267
8212,460510.66094843217,396595.1483888925,63915.51255953966,460510.66094843217,8366.316447324267
8213,460511.4218893617,340631.61441420583,119879.80747515586,460511.4218893617,8366.316447324267
8214,460512.18283029104,342788.5445941969,117723.63823609414,460512.18283029104,8366.316447324267
8215,460512.9437712205,286873.8524684912,173639.0913027293,460512.9437712205,8366.316447324267
8216,460513.70471214986,335332.6399427834,125181.06476936648,460513.70471214986,8366.316447324267
8217,460514.4656530792,310183.65109345247,150330.81455962677,460514.4656530792,8366.316447324267
8218,460515.22659400874,339557.15496179956,120958.07163220916,460515.22659400874,8366.316447324267
8219,460515.9875349381,344465.3959852043,116050.59154973377,460515.9875349381,8366.316447324267
8220,460516.74847586744,324682.69270827505,135834.05576759236,460516.74847586744,8366.316447324267
8221,460517.50941679685,341327.4136480726,119190.09576872428,460517.50941679685,8366.316447324267
8222,460518.27035772626,410786.0492976481,49732.2210600782,460518.27035772626,8366.316447324267
8223,460519.03129865567,369889.3092837259,90629.72201492972,460519.03129865567,8366.316447324267
8224,460519.7922395851,407088.58027352643,53431.211966058654,460519.7922395851,8366.316447324267
8225,460520.55318051437,410279.3974286546,50241.155751859784,460520.55318051437,8366.316447324267
8226,460521.3141214439,433525.61708777805,26995.69703366582,460521.3141214439,8366.316447324267
8227,460522.0750623733,416147.76834731014,44374.30671506317,460522.0750623733,8366.316447324267
8228,460522.8360033027,442278.9733038481,18243.86269945459,460522.8360033027,8366.316447324267
8229,460523.59694423206,460523.59694423206,0.0,460523.59694423206,8366.316447324267
8230,460524.3578851615,412913.16894290014,47611.18894226132,460524.3578851615,8366.316447324267
8231,460525.11882609077,391425.69256512524,69099.42626096553,460525.11882609077,8366.316447324267
8232,460525.8797670203,269069.59162427305,191456.28814274725,460525.8797670203,8366.316447324267
8233,460526.64070794964,301273.69571500574,159252.94499294393,460526.64070794964,8366.316447324267
8234,460527.40164887917,273203.51004173,187323.89160714913,460527.40164887917,8366.316447324267
8235,460528.16258980846,148993.97484898323,311534.18774082523,460528.16258980846,8366.316447324267
8236,460528.9235307378,268350.59266097,192178.33086976781,460528.9235307378,8366.316447324267
8237,460529.6844716673,156592.38762392808,303937.2968477392,460529.6844716673,8366.316447324267
8238,460530.44541259663,183578.49900104,276951.9464115566,460530.44541259663,8366.316447324267
8239,460531.2063535261,105557.55477998446,354973.65157354163,460531.2063535261,8366.316447324267
8240,460531.9672944555,40150.029779776465,420381.93751467904,460531.9672944555,8366.316447324267
8241,460532.72823538486,43787.2932891993,416745.43494618556,460532.72823538486,8366.316447324267
8242,460533.4891763143,128367.64945659193,332165.8397197224,460533.4891763143,8366.316447324267
8243,479294.60469114303,0.0,479294.60469114303,479294.60469114303,8366.316447324267
8244,460535.011058173,2045.2625531698577,458489.74850500317,460535.011058173,8366.316447324267
8245,460535.77199910255,20901.95336143917,439633.8186376634,460535.77199910255,8366.316447324267
8246,460536.53294003184,52564.721938878996,407971.81100115285,460536.53294003184,8366.316447324267
8247,460537.2938809613,50134.33442585688,410402.9594551044,460537.2938809613,8366.316447324267
8248,460538.0548218907,171507.20162288012,289030.8531990106,460538.0548218907,8366.316447324267
8249,460538.81576282,177010.32825674646,283528.48750607355,460538.81576282,8366.316447324267
8250,460539.57670374954,80789.2458677456,379750.33083600394,460539.57670374954,8366.316447324267
8251,460540.3376446789,44062.6389050631,416477.6987396158,460540.3376446789,8366.316447324267
8252,460541.0985856083,37910.87427202618,422630.2243135821,460541.0985856083,8366.316447324267
8253,460541.8595265377,37900.533446193964,422641.32608034374,460541.8595265377,8366.316447324267
8254,460542.6204674671,37790.20453439589,422752.4159330712,460542.6204674671,8366.316447324267
8255,460543.3814083966,38089.86810633959,422453.513302057,460543.3814083966,8366.316447324267
8256,460544.1423493259,38169.470004717004,422374.6723446089,460544.1423493259,8366.316447324267
8257,460544.9032902553,38157.483718064614,422387.4195721907,460544.9032902553,8366.316447324267
8258,460545.66423118475,38203.439108036924,422342.22512314783,460545.66423118475,8366.316447324267
8259,460546.4251721141,38205.25555858301,422341.1696135311,460546.4251721141,8366.316447324267
8260,460547.1861130436,38214.46057644603,422332.72553659754,460547.1861130436,8366.316447324267
8261,460547.94705397286,38171.66267711716,422376.2843768557,460547.94705397286,8366.316447324267
8262,460548.7079949023,38101.24478590547,422447.4632089968,460548.7079949023,8366.316447324267
8263,470483.7645509784,0.0,470483.7645509784,470483.7645509784,8366.316447324267
8264,460550.2298767611,12863.653060960933,447686.57681580016,460550.2298767611,8366.316447324267
8265,460550.9908176905,325151.7590004569,135399.23181723364,460550.9908176905,8366.316447324267
8266,460551.7517586199,351926.1771929151,108625.57456570478,460551.7517586199,8366.316447324267
8267,460552.5126995493,370008.88127727783,90543.63142227146,460552.5126995493,8366.316447324267
8268,460553.27364047884,415071.39625486307,45481.87738561578,460553.27364047884,8366.316447324267
8269,460554.03458140814,437094.68939688656,23459.345184521557,460554.03458140814,8366.316447324267
8270,460554.79552233755,444663.818862131,15890.976660206536,460554.79552233755,8366.316447324267
8271,460555.55646326696,450662.30561952887,9893.250843738108,460555.55646326696,8366.316447324267
8272,460556.31740419636,378302.85900711885,82253.45839707754,460556.31740419636,8366.316447324267
8273,460557.07834512566,314893.96818874055,145663.11015638514,460557.07834512566,8366.316447324267
8274,460557.8392860551,153917.08449354558,306640.75479250954,460557.8392860551,8366.316447324267
8275,460558.60022698453,53430.56117021083,407128.0390567737,460558.60022698453,8366.316447324267
8276,460559.36116791394,50837.13138860732,409722.2297793066,460559.36116791394,8366.316447324267
8277,460560.12210884335,52963.74903636443,407596.3730724789,460560.12210884335,8366.316447324267
8278,460560.88304977276,38010.92869540129,422549.95435437147,460560.88304977276,8366.316447324267
8279,460561.6439907021,38171.317198577686,422390.3267921244,460561.6439907021,8366.316447324267
8280,460562.4049316316,38218.85395607917,422343.5509755524,460562.4049316316,8366.316447324267
8281,460563.16587256105,38072.200833346345,422490.9650392147,460563.16587256105,8366.316447324267
8282,460563.9268134904,38051.92178494373,422512.0050285467,460563.9268134904,8366.316447324267
8283,460564.6877544197,38050.93457077764,422513.75318364205,460564.6877544197,8366.316447324267
8284,460565.4486953492,38051.69551170716,422513.75318364205,460565.4486953492,8366.316447324267
8285,460566.20963627857,38052.456452636514,422513.75318364205,460566.20963627857,8366.316447324267
8286,460566.97057720803,38053.21739356598,422513.75318364205,460566.97057720803,8366.316447324267
8287,480760.4468765961,0.0,480760.4468765961,480760.4468765961,8366.316447324267
8288,509598.6215191589,0.0,509598.6215191589,509598.6215191589,8366.316447324267
8289,460569.2533999962,107517.2953240854,353051.9580759108,460569.2533999962,8366.316447324267
8290,460570.0143409256,179157.8188861237,281412.1954548019,460570.0143409256,8366.316447324267
8291,460570.7752818549,202181.32099570343,258389.45428615148,460570.7752818549,8366.316447324267
8292,460571.5362227844,166978.96070182108,293592.5755209633,460571.5362227844,8366.316447324267
8293,460572.2971637138,161354.20413763647,299218.0930260773,460572.2971637138,8366.316447324267
8294,460573.05810464325,149464.3746379029,311108.68346674036,460573.05810464325,8366.316447324267
8295,460573.81904557266,145511.62110460817,315062.1979409645,460573.81904557266,8366.316447324267
8296,460574.57998650195,222382.65412993418,238191.92585656777,460574.57998650195,8366.316447324267
8297,460575.3409274314,205431.5445955135,255143.79633191793,460575.3409274314,8366.316447324267
8298,460576.10186836077,50320.96060427977,410255.141264081,460576.10186836077,8366.316447324267
8299,460576.8628092903,38002.66369143606,422574.19911785424,460576.8628092903,8366.316447324267
8300,460577.6237502196,38155.83848772716,422421.7852624924,460577.6237502196,8366.316447324267
8301,460578.38469114894,38213.75723830034,422364.6274528486,460578.38469114894,8366.316447324267
8302,460579.14563207846,38138.92595832475,422440.2196737537,460579.14563207846,8366.316447324267
8303,460579.90657300776,38096.96235376113,422482.9442192466,460579.90657300776,8366.316447324267
8304,460580.66751393717,38143.86580382305,422436.8017101141,460580.66751393717,8366.316447324267
8305,460581.42845486663,38184.48430481285,422396.9441500538,460581.42845486663,8366.316447324267
8306,460582.189395796,38132.07974752219,422450.1096482738,460582.189395796,8366.316447324267
8307,460582.95033672545,37945.04595463956,422637.9043820859,460582.95033672545,8366.316447324267
8308,460583.71127765486,38065.21034641826,422518.5009312366,460583.71127765486,8366.316447324267
8309,460584.4722185842,38007.104829461314,422577.3673891229,460584.4722185842,8366.316447324267
8310,460585.2331595137,40764.92586005037,419820.3072994633,460585.2331595137,8366.316447324267
8311,460585.99410044303,21808.34905409842,438777.6450463446,460585.99410044303,8366.316447324267
8312,460586.7550413725,64840.96849719557,395745.7865441769,460586.7550413725,8366.316447324267
8313,460587.51598230185,275983.34622964537,184604.16975265648,460587.51598230185,8366.316447324267
8314,460588.2769232312,361863.3891720419,98724.88775118928,460588.2769232312,8366.316447324267
8315,460589.03786416067,400617.19553052564,59971.84233363504,460589.03786416067,8366.316447324267
8316,460589.79880509,388564.66804502695,72025.13076006305,460589.79880509,8366.316447324267
8317,460590.5597460194,390416.8225705605,70173.73717545891,460590.5597460194,8366.316447324267
8318,460591.3206869488,341513.66504888056,119077.65563806822,460591.3206869488,8366.316447324267
8319,460592.08162787824,335993.5590220874,124598.52260579089,460592.08162787824,8366.316447324267
8320,460592.8425688077,314163.07560985605,146429.76695895166,460592.8425688077,8366.316447324267
8321,460593.60350973706,81097.92196656251,379495.68154317455,460593.60350973706,8366.316447324267
8322,460594.3644506665,95083.99035009433,365510.37410057214,460594.3644506665,8366.316447324267
8323,460595.1253915959,75697.69338398112,384897.43200761476,460595.1253915959,8366.316447324267
8324,460595.88633252523,108669.33264798706,351926.5536845382,460595.88633252523,8366.316447324267
8325,460596.64727345476,172894.2132956576,287702.43397779716,460596.64727345476,8366.316447324267
8326,460597.4082143841,117026.84070863464,343570.56750574947,460597.4082143841,8366.316447324267
8327,460598.1691553134,56265.1530563783,404333.0160989351,460598.1691553134,8366.316447324267
8328,460598.93009624287,41480.962449275015,419117.96764696785,460598.93009624287,8366.316447324267
8329,460599.6910371723,38767.68771021371,421832.00332695857,460599.6910371723,8366.316447324267
8330,460600.45197810157,38132.8468583934,422467.60511970817,460600.45197810157,8366.316447324267
8331,460601.21291903104,38044.71599459613,422556.4969244349,460601.21291903104,8366.316447324267
8332,460601.97385996045,38253.81865586835,422348.1552040921,460601.97385996045,8366.316447324267
8333,460602.73480088986,38185.81924053922,422416.91556035064,460602.73480088986,8366.316447324267
8334,460603.4957418193,38242.88209259021,422360.6136492291,460603.4957418193,8366.316447324267
8335,460604.25668274873,37564.45602546015,423039.8006572886,460604.25668274873,8366.316447324267
8336,460605.0176236781,30441.60325568606,430163.414367992,460605.0176236781,8366.316447324267
8337,460605.7785646075,4761.3884481253335,455844.39011648216,460605.7785646075,8366.316447324267
8338,463226.8143794146,0.0,463226.8143794146,463226.8143794146,8366.316447324267
8339,460607.3004464663,93501.01494742458,367106.2854990417,460607.3004464663,8366.316447324267
8340,460608.0613873956,319298.451356931,141309.61003046462,460608.0613873956,8366.316447324267
8341,460608.8223283251,379748.17599994823,80860.64632837691,460608.8223283251,8366.316447324267
8342,460609.5832692545,372305.4802483296,88304.10302092489,460609.5832692545,8366.316447324267
8343,460610.34421018383,411138.42459012876,49471.919620055065,460610.34421018383,8366.316447324267
8344,460611.10515111336,277748.4786864671,182862.62646464625,460611.10515111336,8366.316447324267
8345,460611.86609204265,193684.25469443668,266927.611397606,460611.86609204265,8366.316447324267
8346,460612.6270329721,53786.66193321475,406825.96509975736,460612.6270329721,8366.316447324267
8347,460613.3879739016,121579.52764779824,339033.86032610334,460613.3879739016,8366.316447324267
8348,460614.1489148309,51603.254116254626,409010.89479857625,460614.1489148309,8366.316447324267
8349,460614.90985576034,48606.95474381733,412007.955111943,460614.90985576034,8366.316447324267
8350,460615.6707966897,38101.91761304764,422513.75318364205,460615.6707966897,8366.316447324267
8351,460616.43173761904,46663.03973547078,413953.39200214826,460616.43173761904,8366.316447324267
8352,460617.19267854857,90213.30152292503,370403.89115562354,460617.19267854857,8366.316447324267
8353,460617.9536194779,38351.102185702184,422266.85143377574,460617.9536194779,8366.316447324267
8354,460618.71456040733,39229.961320616654,421388.7532397907,460618.71456040733,8366.316447324267
8355,460619.4755013367,38132.847364696034,422486.62813664065,460619.4755013367,8366.316447324267
8356,460620.2364422661,51993.95068156131,408626.2857607048,460620.2364422661,8366.316447324267
8357,460620.99738319556,45835.82441569667,414785.1729674989,460620.99738319556,8366.316447324267
8358,460621.75832412485,44580.381656059355,416041.3766680655,460621.75832412485,8366.316447324267
8359,460622.5192650544,88648.093734873,371974.4255301814,460622.5192650544,8366.316447324267
8360,460623.2802059837,113725.97932858183,346897.3008774019,460623.2802059837,8366.316447324267
8361,460624.04114691314,216905.22371805416,243718.81742885898,460624.04114691314,8366.316447324267
8362,460624.8020878426,189135.95693788124,271488.84514996136,460624.8020878426,8366.316447324267
8363,460625.5630287719,141261.9101954241,319363.6528333478,460625.5630287719,8366.316447324267
8364,460626.3239697013,135165.82697057165,325460.49699912965,460626.3239697013,8366.316447324267
8365,460627.0849106308,144069.26905708067,316557.8158535501,460627.0849106308,8366.316447324267
8366,460627.8458515601,197848.6906529027,262779.1551986574,460627.8458515601,8366.316447324267
8367,460628.6067924896,213982.72791109968,246645.87888138992,460628.6067924896,8366.316447324267
8368,460629.36773341894,246323.9467686213,214305.42096479764,460629.36773341894,8366.316447324267
8369,460630.1286743483,226719.44224562566,233910.68642872263,460630.1286743483,8366.316447324267
8370,460630.88961527776,161338.38686931174,299292.502745966,460630.88961527776,8366.316447324267
8371,460631.65055620717,91195.31321691826,369436.3373392889,460631.65055620717,8366.316447324267
8372,460632.4114971366,63509.24186676898,397123.1696303676,460632.4114971366,8366.316447324267
8373,460633.172438066,56786.60790733015,403846.56453073584,460633.172438066,8366.316447324267
8374,460633.9333789954,76255.4459514856,384378.4874275098,460633.9333789954,8366.316447324267
8375,460634.6943199248,143302.48773113877,317332.20658878604,460634.6943199248,8366.316447324267
8376,460635.45526085416,242896.08753979145,217739.3677210627,460635.45526085416,8366.316447324267
8377,460636.2162017835,302782.0706177794,157854.14558400415,460636.2162017835,8366.316447324267
8378,460636.977142713,341937.000874998,118699.97626771498,460636.977142713,8366.316447324267
8379,460637.7380836424,375260.7721828922,85376.9659007502,460637.7380836424,8366.316447324267
8380,460638.4990245718,416273.0492623935,44365.44976217828,460638.4990245718,8366.316447324267
8381,460639.25996550114,429567.73065107095,31071.52931443021,460639.25996550114,8366.316447324267
8382,460640.02090643055,445704.21654009447,14935.804366336062,460640.02090643055,8366.316447324267
8383,460640.78184736,411891.1558537266,48749.62599363342,460640.78184736,8366.316447324267
8384,460641.5427882894,377879.01177677984,82762.53101150953,460641.5427882894,8366.316447324267
8385,460642.3037292188,368910.59468401305,91731.70904520575,460642.3037292188,8366.316447324267
8386,460643.0646701482,366752.46682969766,93890.59784045051,460643.0646701482,8366.316447324267
8387,460643.8256110776,366221.7975336187,94422.0280774589,460643.8256110776,8366.316447324267
8388,460644.5865520071,366785.36792051094,93859.21863149616,460644.5865520071,8366.316447324267
8389,460645.3474929364,368522.62780836213,92122.7196845743,460645.3474929364,8366.316447324267
8390,460646.1084338657,371861.36869356985,88784.73974029587,460646.1084338657,8366.316447324267
8391,460646.86937479523,382884.587319534,77762.28205526124,460646.86937479523,8366.316447324267
8392,460647.63031572464,424111.2855940217,36536.34472170294,460647.63031572464,8366.316447324267
8393,460648.391256654,460648.391256654,0.0,460648.391256654,8366.316447324267
8394,460649.1521975834,460649.1521975834,0.0,460649.1521975834,8366.316447324267
8395,460649.91313851275,460649.91313851275,0.0,460649.91313851275,8366.316447324267
8396,460650.6740794422,460650.6740794422,0.0,460650.6740794422,8366.316447324267
8397,460651.43502037163,460651.43502037163,0.0,460651.43502037163,8366.316447324267
8398,460652.19596130104,460652.19596130104,0.0,460652.19596130104,8366.316447324267
8399,460652.9569022304,460652.9569022304,0.0,460652.9569022304,8366.316447324267
8400,460653.7178431598,460653.7178431598,0.0,460653.7178431598,8366.316447324267
8401,460654.4787840893,458910.7394871441,1743.7392969452346,460654.4787840893,8366.316447324267
8402,460655.2397250187,433097.9088248027,27557.330900215933,460655.2397250187,8366.316447324267
8403,460656.00066594797,420517.6327728802,40138.36789306776,460656.00066594797,8366.316447324267
8404,460656.76160687744,416994.60378055536,43662.15782632205,460656.76160687744,8366.316447324267
8405,460657.5225478068,412393.432644672,48264.089903134816,460657.5225478068,8366.316447324267
8406,460658.2834887363,423704.2821124503,36954.00137628603,460658.2834887363,8366.316447324267
8407,460659.04442966555,375871.0600993932,84787.98433027235,460659.04442966555,8366.316447324267
8408,460659.80537059496,354533.5975515428,106126.20781905219,460659.80537059496,8366.316447324267
8409,460660.5663115245,336828.2016468535,123832.36466467104,460660.5663115245,8366.316447324267
8410,460661.3272524538,366066.3126992064,94595.0145532474,460661.3272524538,8366.316447324267
8411,460662.0881933832,365205.97176866414,95456.11642471906,460662.0881933832,8366.316447324267
8412,460662.8491343126,365529.053817111,95133.79531720157,460662.8491343126,8366.316447324267
8413,460663.610075242,351790.7194963355,108872.89057890649,460663.610075242,8366.316447324267
8414,460664.3710161715,370807.9991660452,89856.37185012629,460664.3710161715,8366.316447324267
8415,460665.1319571009,375647.828330058,85017.30362704286,460665.1319571009,8366.316447324267
8416,460665.8928980302,402487.9819147495,58177.910983280686,460665.8928980302,8366.316447324267
8417,460666.65383895964,435287.64016915165,25379.013669807962,460666.65383895964,8366.316447324267
8418,460667.41477988905,429059.9116826003,31607.50309728875,460667.41477988905,8366.316447324267
8419,460668.1757208185,406800.8867238897,53867.28899692884,460668.1757208185,8366.316447324267
8420,460668.9366617478,414965.78081192443,45703.15584982337,460668.9366617478,8366.316447324267
8421,460669.6976026772,425341.5644932509,35328.133109426286,460669.6976026772,8366.316447324267
8422,460670.4585436066,408221.4788056268,52448.97973797982,460670.4585436066,8366.316447324267
8423,460671.21948453604,387273.8746275007,73397.34485703532,460671.21948453604,8366.316447324267
8424,460671.9804254655,370826.4999261808,89845.48049928466,460671.9804254655,8366.316447324267
8425,460672.7413663948,355717.5621122352,104955.17925415962,460672.7413663948,8366.316447324267
8426,460673.5023073242,340830.82054969977,119842.68175762445,460673.5023073242,8366.316447324267
8427,460674.26324825373,320019.1215645255,140655.14168372817,460674.26324825373,8366.316447324267
8428,460675.024189183,285200.9590173358,175474.06517184727,460675.024189183,8366.316447324267
8429,460675.7851301125,162723.88536109508,297951.8997690174,460675.7851301125,8366.316447324267
8430,460676.5460710419,144838.62622927764,315837.91984176426,460676.5460710419,8366.316447324267
8431,460677.30701197125,115018.57271807845,345658.7342938928,460677.30701197125,8366.316447324267
8432,460678.0679529007,39739.53081142367,420938.53714147705,460678.0679529007,8366.316447324267
8433,460678.8288938301,228936.77771545135,231742.05117837878,460678.8288938301,8366.316447324267
8434,460679.5898347594,365829.16282481776,94850.42700994165,460679.5898347594,8366.316447324267
8435,460680.3507756889,339432.75725883374,121247.59351685518,460680.3507756889,8366.316447324267
8436,460681.1117166183,347873.8457183881,112807.26599823017,460681.1117166183,8366.316447324267
8437,460681.8726575476,368137.95545743237,92543.9172001152,460681.8726575476,8366.316447324267
8438,460682.63359847706,370882.5385529971,89800.09504547996,460682.63359847706,8366.316447324267
8439,460683.3945394065,381097.79966897937,79585.59487042713,460683.3945394065,8366.316447324267
8440,460684.15548033593,376442.8305847816,84241.32489555431,460684.15548033593,8366.316447324267
8441,460684.91642126534,368304.8611372707,92380.05528399462,460684.91642126534,8366.316447324267
8442,460685.67736219475,355995.0765375572,104690.60082463754,460685.67736219475,8366.316447324267
8443,460686.4383031241,323211.53235420416,137474.90594891994,460686.4383031241,8366.316447324267
8444,460687.1992440535,308582.75551708543,152104.44372696808,460687.1992440535,8366.316447324267
8445,460687.960184983,271998.8421947221,188689.1179902609,460687.960184983,8366.316447324267
8446,460688.7211259123,253870.60764358472,206818.1134823276,460688.7211259123,8366.316447324267
8447,460689.4820668416,184756.09973650874,275933.3823303329,460689.4820668416,8366.316447324267
8448,460690.24300777115,214450.80699412752,246239.43601364363,460690.24300777115,8366.316447324267
8449,460691.0039487005,194785.56826310616,265905.43568559433,460691.0039487005,8366.316447324267
8450,460691.76488962985,194105.9760107285,266585.78887890134,460691.76488962985,8366.316447324267
8451,460692.5258305593,154229.51274128788,306463.01308927144,460692.5258305593,8366.316447324267
8452,460693.2867714886,202801.17423976288,257892.11253172572,460693.2867714886,8366.316447324267
8453,460694.04771241813,144808.1106343192,315885.93707809894,460694.04771241813,8366.316447324267
8454,460694.80865334754,181524.56230253092,279170.2463508166,460694.80865334754,8366.316447324267
8455,460695.5695942769,132867.96623885602,327827.60335542087,460695.5695942769,8366.316447324267
8456,460696.33053520636,133967.12365236267,326729.2068828437,460696.33053520636,8366.316447324267
8457,460697.0914761357,185781.3958991384,274915.6955769973,460697.0914761357,8366.316447324267
8458,460697.8524170652,61938.98604946281,398758.8663676024,460697.8524170652,8366.316447324267
8459,460698.6133579946,36047.626074574015,424650.9872834206,460698.6133579946,8366.316447324267
8460,460699.37429892394,20463.475151925348,440235.8991469986,460699.37429892394,8366.316447324267
8461,460700.13523985335,11066.266219724726,449633.8690201286,460700.13523985335,8366.316447324267
8462,460700.8961807827,23186.33176054433,437514.56442023837,460700.8961807827,8366.316447324267
8463,460701.6571217121,39754.8970354537,420946.7600862584,460701.6571217121,8366.316447324267
8464,460702.4180626416,129098.55187424383,331603.86618839775,460702.4180626416,8366.316447324267
8465,460703.17900357087,47023.40956022148,413679.7694433494,460703.17900357087,8366.316447324267
8466,460703.9399445004,51923.15825460665,408780.78168989375,460703.9399445004,8366.316447324267
8467,460704.70088542975,50356.18486714794,410348.5160182818,460704.70088542975,8366.316447324267
8468,460705.46182635915,58540.57957457664,402164.8822517825,460705.46182635915,8366.316447324267
8469,460706.2227672886,51116.35472917289,409589.86803811573,460706.2227672886,8366.316447324267
8470,460706.9837082179,54645.86970450176,406061.11400371615,460706.9837082179,8366.316447324267
8471,460707.74464914744,46785.201092080155,413922.5435570673,460707.74464914744,8366.316447324267
8472,460708.5055900768,47971.254752611276,412737.2508374655,460708.5055900768,8366.316447324267
8473,460709.26653100614,45722.312154490966,414986.9543765152,460709.26653100614,8366.316447324267
8474,460710.02747193555,44906.181990778365,415803.8454811572,460710.02747193555,8366.316447324267
8475,460710.78841286496,43708.83597823256,417001.9524346324,460710.78841286496,8366.316447324267
8476,460711.5493537943,47798.11127968901,412913.4380741053,460711.5493537943,8366.316447324267
8477,460712.3102947238,65411.29871697049,395301.0115777533,460712.3102947238,8366.316447324267
8478,460713.07123565313,101496.66542522726,359216.4058104259,460713.07123565313,8366.316447324267
8479,460713.83217658254,127593.21345992078,333120.61871666176,460713.83217658254,8366.316447324267
8480,460714.59311751195,156989.28903105477,303725.3040864572,460714.59311751195,8366.316447324267
8481,460715.3540584414,237307.1554933852,223408.19856505623,460715.3540584414,8366.316447324267
8482,460716.11499937077,270001.44252935215,190714.6724700186,460716.11499937077,8366.316447324267
8483,460716.8759403002,229399.27791982808,231317.5980204721,460716.8759403002,8366.316447324267
8484,460717.6368812295,110819.01718111354,349898.619700116,460717.6368812295,8366.316447324267
8485,460718.397822159,115699.10071126814,345019.29711089085,460718.397822159,8366.316447324267
8486,460719.1587630884,81800.18759480526,378918.97116828314,460719.1587630884,8366.316447324267
8487,460719.9197040178,48204.072823222494,412515.8468807953,460719.9197040178,8366.316447324267
8488,460720.68064494716,83118.19434903772,377602.48629590945,460720.68064494716,8366.316447324267
8489,460721.4415858765,103441.18587435345,357280.25571152306,460721.4415858765,8366.316447324267
8490,460722.20252680604,69240.95040199079,391481.25212481525,460722.20252680604,8366.316447324267
8491,460722.9634677354,71156.39720964304,389566.56625809235,460722.9634677354,8366.316447324267
8492,460723.7244086648,47464.15755106369,413259.5668576011,460723.7244086648,8366.316447324267
8493,460724.4853495942,64443.33535550238,396281.14999409183,460724.4853495942,8366.316447324267
8494,460725.24629052356,71461.40291654493,389263.8433739786,460725.24629052356,8366.316447324267
8495,460726.0072314531,51961.46282257675,408764.54440887633,460726.0072314531,8366.316447324267
8496,460726.76817238244,43593.2661537723,417133.50201861013,460726.76817238244,8366.316447324267
8497,460727.5291133117,39075.36558446195,421652.1635288498,460727.5291133117,8366.316447324267
8498,460728.29005424125,38085.40389068378,422642.8861635575,460728.29005424125,8366.316447324267
8499,460729.0509951706,37943.42216632434,422785.62882884627,460729.0509951706,8366.316447324267
8500,460729.8119361,38216.05875245796,422513.75318364205,460729.8119361,8366.316447324267
8501,460730.5728770294,38216.81969338737,422513.75318364205,460730.5728770294,8366.316447324267
8502,460731.3338179588,38217.58063431672,422513.75318364205,460731.3338179588,8366.316447324267
8503,460732.09475888824,36563.0533953642,424169.04136352404,460732.09475888824,8366.316447324267
8504,460732.8556998176,31281.412991318794,429451.4427084988,460732.8556998176,8366.316447324267
8505,460733.61664074706,22705.366431468574,438028.2502092785,460733.61664074706,8366.316447324267
8506,460734.3775816764,16359.689761735324,444374.6878199411,460734.3775816764,8366.316447324267
8507,460735.1385226058,22126.867313046707,438608.2712095591,460735.1385226058,8366.316447324267
8508,460735.8994635353,32563.99317133549,428171.9062921998,460735.8994635353,8366.316447324267
8509,460736.6604044646,34027.48096103943,426709.17944342515,460736.6604044646,8366.316447324267
8510,460737.421345394,17790.955032393744,442946.46631300024,460737.421345394,8366.316447324267
8511,460738.1822863235,28506.679595643014,432231.5026906805,460738.1822863235,8366.316447324267
8512,460738.9432272528,36824.17327616672,423914.7699510861,460738.9432272528,8366.316447324267
8513,460739.7041681823,38342.48332007113,422397.22084811114,460739.7041681823,8366.316447324267
8514,460740.4651091116,38396.76462244231,422343.7004866693,460740.4651091116,8366.316447324267
8515,460741.226050041,38389.892386825464,422351.3336632155,460741.226050041,8366.316447324267
8516,460741.9869909705,38338.37063540722,422403.6163555633,460741.9869909705,8366.316447324267
8517,460742.74793189985,38246.97975866217,422495.7681732377,460742.74793189985,8366.316447324267
8518,460743.50887282926,38234.4254593958,422509.08341343346,460743.50887282926,8366.316447324267
8519,460744.2698137586,38324.664689565136,422419.6051241935,460744.2698137586,8366.316447324267
8520,460745.0307546881,38183.05597713875,422561.97477754933,460745.0307546881,8366.316447324267
8521,460745.7916956175,38148.18375786877,422597.6079377487,460745.7916956175,8366.316447324267
8522,460746.5526365469,40459.89342693315,420286.65920961375,460746.5526365469,8366.316447324267
8523,460747.31357747625,38063.03314092796,422684.2804365483,460747.31357747625,8366.316447324267
8524,460748.07451840566,41773.330693115015,418974.74382529064,460748.07451840566,8366.316447324267
8525,460748.83545933507,43313.67742916278,417435.1580301723,460748.83545933507,8366.316447324267
8526,460749.59640026453,53492.338367563905,407257.2580327006,460749.59640026453,8366.316447324267
8527,460750.3573411938,96892.97323160595,363857.3841095879,460750.3573411938,8366.316447324267
8528,460751.11828212324,332097.30466330145,128653.81361882182,460751.11828212324,8366.316447324267
8529,460751.8792230527,459413.6626325607,1338.2165904919946,460751.8792230527,8366.316447324267
8530,460752.64016398205,455330.5715324743,5422.068631507761,460752.64016398205,8366.316447324267
8531,460753.4011049114,444615.109338677,16138.291766234368,460753.4011049114,8366.316447324267
8532,460754.1620458409,444997.388292507,15756.773753333871,460754.1620458409,8366.316447324267
8533,460754.9229867703,458730.9787803258,2023.9442064444634,460754.9229867703,8366.316447324267
8534,460755.6839276997,445703.1812469689,15052.502680730744,460755.6839276997,8366.316447324267
8535,460756.44486862916,456521.65468955453,4234.7901790746155,460756.44486862916,8366.316447324267
8536,460757.2058095584,97326.9277130327,363430.2780965257,460757.2058095584,8366.316447324267
8537,460757.9667504879,45094.33581578982,415663.6309346981,460757.9667504879,8366.316447324267
8538,460758.7276914173,47333.91264396388,413424.81504745345,460758.7276914173,8366.316447324267
8539,460759.48863234674,52086.30859418638,408673.18003816035,460759.48863234674,8366.316447324267
8540,460760.2495732761,260278.81683440166,200481.43273887443,460760.2495732761,8366.316447324267
8541,460761.01051420544,341400.30215201527,119360.70836219017,460761.01051420544,8366.316447324267
8542,460761.7714551349,376036.67614576005,84725.09530937487,460761.7714551349,8366.316447324267
8543,460762.5323960643,386734.29982979095,74028.23256627338,460762.5323960643,8366.316447324267
8544,460763.29333699367,382247.1806020721,78516.11273492155,460763.29333699367,8366.316447324267
8545,460764.0542779231,373001.7071541423,87762.34712378077,460764.0542779231,8366.316447324267
8546,460764.8152188525,279690.36452854343,181074.45069030905,460764.8152188525,8366.316447324267
8547,460765.57615978195,352736.3637707757,108029.21238900628,460765.57615978195,8366.316447324267
8548,460766.3371007114,320413.16682550416,140353.17027520723,460766.3371007114,8366.316447324267
8549,460767.0980416407,231805.92866697488,228961.16937466583,460767.0980416407,8366.316447324267
8550,460767.8589825702,84677.4246130113,376090.4343695589,460767.8589825702,8366.316447324267
8551,460768.6199234995,134537.44077774655,326231.1791457529,460768.6199234995,8366.316447324267
8552,460769.380864429,47534.72790876223,413234.65295566677,460769.380864429,8366.316447324267
8553,460770.1418053584,86556.49179024633,374213.65001511207,460770.1418053584,8366.316447324267
8554,460770.90274628764,265566.7630270517,195204.13971923597,460770.90274628764,8366.316447324267
8555,460771.66368721717,132397.9892018874,328373.6744853298,460771.66368721717,8366.316447324267
8556,460772.4246281465,148527.45591233915,312244.96871580736,460772.4246281465,8366.316447324267
8557,460773.18556907587,146720.77046328352,314052.41510579234,460773.18556907587,8366.316447324267
8558,460773.94651000533,129937.68149295443,330836.2650170509,460773.94651000533,8366.316447324267
8559,460774.7074509347,89671.06388407573,371103.64356685895,460774.7074509347,8366.316447324267
8560,460775.46839186415,26762.28689589229,434013.18149597186,460775.46839186415,8366.316447324267
8561,460776.22933279356,38647.63276988809,422128.59656290547,460776.22933279356,8366.316447324267
8562,460776.990273723,45080.82763665839,415696.1626370646,460776.990273723,8366.316447324267
8563,460777.7512146524,38233.35533504607,422544.3958796063,460777.7512146524,8366.316447324267
8564,460778.51215558173,51050.80189976952,409727.7102558122,460778.51215558173,8366.316447324267
8565,460779.27309651126,39822.4915436451,420956.78155286616,460779.27309651126,8366.316447324267
8566,460780.03403744055,38032.197792496125,422747.8362449444,460780.03403744055,8366.316447324267
8567,460780.7949783699,38222.33801628428,422558.4569620856,460780.7949783699,8366.316447324267
8568,460781.5559192994,38083.95634805807,422697.59957124136,460781.5559192994,8366.316447324267
8569,460782.3168602287,38108.52576021326,422673.79110001546,460782.3168602287,8366.316447324267
8570,460783.0778011581,38279.759564760025,422503.3182363981,460783.0778011581,8366.316447324267
8571,460783.8387420875,38182.703463852464,422601.135278235,460783.8387420875,8366.316447324267
8572,460784.5996830169,38134.8520665823,422649.7476164346,460784.5996830169,8366.316447324267
8573,460785.3606239464,38038.526297385164,422746.83432656125,460785.3606239464,8366.316447324267
8574,460786.1215648758,38074.8393599909,422711.2822048849,460786.1215648758,8366.316447324267
8575,478263.7661486154,0.0,478263.7661486154,478263.7661486154,8366.316447324267
8576,496665.8078753326,0.0,496665.8078753326,496665.8078753326,8366.316447324267
8577,460788.40438766393,135611.9743830741,325176.43000458984,460788.40438766393,8366.316447324267
8578,460789.16532859346,159937.75450345548,300851.410825138,460789.16532859346,8366.316447324267
8579,460789.9262695228,163432.95028290089,297356.9759866219,460789.9262695228,8366.316447324267
8580,460790.68721045216,166280.31384950783,294510.37336094433,460790.68721045216,8366.316447324267
8581,460791.44815138157,133801.65949230955,326989.788659072,460791.44815138157,8366.316447324267
8582,460792.209092311,125126.11560383614,335666.09348847484,460792.209092311,8366.316447324267
8583,460792.97003324033,148162.31027204724,312630.6597611931,460792.97003324033,8366.316447324267
8584,460793.7309741698,225807.85380295975,234985.87717121004,460793.7309741698,8366.316447324267
8585,460794.49191509915,109904.40533492109,350890.08658017806,460794.49191509915,8366.316447324267
8586,460795.25285602856,58263.1180849995,402532.13477102906,460795.25285602856,8366.316447324267
8587,460796.013796958,48806.14929734502,411989.864499613,460796.013796958,8366.316447324267
8588,460796.77473788743,40246.29594889126,420550.4787889962,460796.77473788743,8366.316447324267
8589,460797.5356788168,38802.010994576616,421995.52468424017,460797.5356788168,8366.316447324267
8590,460798.2966197462,38778.71815644624,422019.57846329996,460798.2966197462,8366.316447324267
8591,460799.05756067566,38022.58059079619,422776.47696987947,460799.05756067566,8366.316447324267
8592,460799.818501605,38068.3665863208,422731.4519152842,460799.818501605,8366.316447324267
8593,460800.5794425344,38030.46196462063,422770.1174779138,460800.5794425344,8366.316447324267
8594,460801.34038346383,38018.69424810307,422782.64613536076,460801.34038346383,8366.316447324267
8595,460802.1013243932,38353.03729293047,422449.0640314627,460802.1013243932,8366.316447324267
8596,460802.86226532253,38200.335920531536,422602.526344791,460802.86226532253,8366.316447324267
8597,460803.62320625206,40578.65923135809,420224.96397489397,460803.62320625206,8366.316447324267
8598,460804.3841471813,46527.09464324283,414277.28950393846,460804.3841471813,8366.316447324267
8599,466039.39587028854,0.0,466039.39587028854,466039.39587028854,8366.316447324267
8600,460805.9060290402,112551.315393292,348254.59063574823,460805.9060290402,8366.316447324267
8601,460806.6669699696,355455.44449004676,105351.22247992283,460806.6669699696,8366.316447324267
8602,460807.42791089904,365519.8895712986,95287.5383396004,460807.42791089904,8366.316447324267
8603,460808.1888518284,388112.1870960018,72696.00175582658,460808.1888518284,8366.316447324267
8604,460808.94979275775,409359.8700358043,51449.07975695348,460808.94979275775,8366.316447324267
8605,460809.7107336873,413085.0417012143,47724.66903247303,460809.7107336873,8366.316447324267
8606,460810.4716746166,442709.63747771253,18100.834196904074,460810.4716746166,8366.316447324267
8607,460811.23261554603,426648.8611147613,34162.37150078469,460811.23261554603,8366.316447324267
8608,460811.9935564754,435877.95678857114,24934.036767904243,460811.9935564754,8366.316447324267
8609,460812.7544974048,408978.1268802104,51834.627617194375,460812.7544974048,8366.316447324267
8610,460813.51543833426,343755.00508799165,117058.51035034262,460813.51543833426,8366.316447324267
8611,460814.2763792636,344576.4912269274,116237.78515233622,460814.2763792636,8366.316447324267
8612,460815.0373201931,246057.57259436816,214757.46472582492,460815.0373201931,8366.316447324267
8613,460815.7982611224,223070.147542956,237745.65071816643,460815.7982611224,8366.316447324267
8614,460816.55920205184,164934.11809986574,295882.4411021861,460816.55920205184,8366.316447324267
8615,460817.3201429813,169910.67839681357,290906.64174616773,460817.3201429813,8366.316447324267
8616,460818.0810839106,134286.25507334468,326531.8260105659,460818.0810839106,8366.316447324267
8617,460818.84202484,65050.61790529557,395768.22411954444,460818.84202484,8366.316447324267
8618,460819.6029657695,89714.0087609865,371105.594204783,460819.6029657695,8366.316447324267
8619,460820.3639066988,65736.50317212741,395083.8607345714,460820.3639066988,8366.316447324267
8620,460821.1248476283,61650.798814390495,399170.3260332378,460821.1248476283,8366.316447324267
8621,460821.88578855764,49261.845720704005,411560.04006785364,460821.88578855764,8366.316447324267
8622,460822.646729487,42158.91606214421,418663.7306673428,460822.646729487,8366.316447324267
8623,460823.40767041646,41139.31232935062,419684.09534106584,460823.40767041646,8366.316447324267
8624,460824.16861134587,14896.164371555496,445928.0042397904,460824.16861134587,8366.316447324267
8625,460824.9295522753,293383.75026274676,167441.17928952852,460824.9295522753,8366.316447324267
8626,460825.69049320463,323825.95094843657,136999.73954476806,460825.69049320463,8366.316447324267
8627,460826.45143413404,301051.47666093934,159774.9747731947,460826.45143413404,8366.316447324267
8628,460827.21237506357,314807.2646340793,146019.94774098424,460827.21237506357,8366.316447324267
8629,460827.97331599286,297289.95532570337,163538.01799028952,460827.97331599286,8366.316447324267
8630,460828.73425692227,302401.0840961425,158427.65016077977,460828.73425692227,8366.316447324267
8631,460829.4951978517,295942.27849140734,164887.21670644433,460829.4951978517,8366.316447324267
8632,460830.2561387811,299314.4938926499,161515.7622461312,460830.2561387811,8366.316447324267
8633,460831.0170797105,154500.46316204895,306330.55391766154,460831.0170797105,8366.316447324267
8634,460831.77802063985,55765.811797018396,405065.96622362145,460831.77802063985,8366.316447324267
8635,460832.53896156925,44904.52011072007,415928.0188508492,460832.53896156925,8366.316447324267
8636,460833.2999024987,38124.755906910286,422708.54399558844,460833.2999024987,8366.316447324267
8637,460834.0608434281,38196.71233703446,422637.3485063936,460834.0608434281,8366.316447324267
8638,460834.8217843575,38172.13428034907,422662.6875040084,460834.8217843575,8366.316447324267
8639,460835.5827252869,38169.6174717815,422665.9652535054,460835.5827252869,8366.316447324267
8640,460836.34366621624,38234.83112673013,422601.5125394861,460836.34366621624,8366.316447324267
8641,460837.10460714577,38375.83471572952,422461.26989141625,460837.10460714577,8366.316447324267
8642,460837.8655480752,39109.9347549486,421727.9307931266,460837.8655480752,8366.316447324267
8643,460838.6264890044,38092.87482056749,422745.7516684369,460838.6264890044,8366.316447324267
8644,460839.38742993394,38269.97062188835,422569.4168080456,460839.38742993394,8366.316447324267
8645,460840.14837086335,38305.597292936,422534.55107792735,460840.14837086335,8366.316447324267
8646,460840.9093117927,38073.40366487444,422767.50564691826,460840.9093117927,8366.316447324267
8647,460841.6702527221,37248.191665268096,423593.478587454,460841.6702527221,8366.316447324267
8648,468296.44707033236,0.0,468296.44707033236,468296.44707033236,8366.316447324267
8649,460843.1921345809,226514.15565243244,234329.03648214848,460843.1921345809,8366.316447324267
8650,460843.95307551033,307287.34462881123,153556.6084466991,460843.95307551033,8366.316447324267
8651,460844.71401643974,288273.85130628175,172570.862710158,460844.71401643974,8366.316447324267
8652,460845.4749573691,236158.26471018797,224687.21024718112,460845.4749573691,8366.316447324267
8653,460846.23589829844,271566.79705034464,189279.4388479538,460846.23589829844,8366.316447324267
8654,460846.99683922797,278238.01879442704,182608.97804480093,460846.99683922797,8366.316447324267
8655,460847.7577801574,350164.24531127774,110683.51246887963,460847.7577801574,8366.316447324267
8656,460848.5187210867,301379.89666745684,159468.6220536298,460848.5187210867,8366.316447324267
8657,460849.2796620162,207209.2885827644,253639.9910792518,460849.2796620162,8366.316447324267
8658,460850.0406029455,148319.63578169007,312530.4048212554,460850.0406029455,8366.316447324267
8659,460850.801543875,100727.7661695276,360123.0353743474,460850.801543875,8366.316447324267
8660,460851.56248480437,52362.249632578634,408489.31285222573,460851.56248480437,8366.316447324267
8661,460852.32342573366,68640.7437561794,392211.57966955425,460852.32342573366,8366.316447324267
8662,460853.0843666632,52971.342771774565,407881.7415948886,460853.0843666632,8366.316447324267
8663,460853.84530759254,76045.45057768817,384808.39472990436,460853.84530759254,8366.316447324267
8664,460854.6062485219,47959.00514931686,412895.601099205,460854.6062485219,8366.316447324267
8665,460855.3671894513,47602.574378000165,413252.79281145113,460855.3671894513,8366.316447324267
8666,460856.1281303807,91888.96018213342,368967.1679482473,460856.1281303807,8366.316447324267
8667,460856.8890713102,74950.64858580712,385906.24048550305,460856.8890713102,8366.316447324267
8668,460857.6500122396,154749.68080513756,306107.969207102,460857.6500122396,8366.316447324267
8669,460858.410953169,179041.5267322224,281816.8842209466,460858.410953169,8366.316447324267
8670,460859.17189409834,259747.01742973397,201112.15446436437,460859.17189409834,8366.316447324267
8671,460859.93283502775,52247.80906303116,408612.1237719966,460859.93283502775,8366.316447324267
8672,460860.6937759573,67070.93424564815,393789.7595303091,460860.6937759573,8366.316447324267
8673,460861.4547168866,398809.47110724344,62051.98360964315,460861.4547168866,8366.316447324267
8674,460862.2156578159,71581.3417209058,389280.8739369101,460862.2156578159,8366.316447324267
8675,460862.9765987454,66656.90747091622,394206.06912782916,460862.9765987454,8366.316447324267
8676,460863.73753967474,242653.51880097447,218210.21873870026,460863.73753967474,8366.316447324267
8677,460864.49848060415,236036.3677500315,224828.13073057265,460864.49848060415,8366.316447324267
8678,460865.25942153356,81732.43105546013,379132.82836607343,460865.25942153356,8366.316447324267
8679,460866.0203624629,66157.43387302326,394708.58648943965,460866.0203624629,8366.316447324267
8680,460866.7813033924,151642.52641035547,309224.2548930369,460866.7813033924,8366.316447324267
8681,460867.5422443218,375497.71297600487,85369.8292683169,460867.5422443218,8366.316447324267
8682,460868.3031852512,227019.16641266303,233849.13677258816,460868.3031852512,8366.316447324267
8683,460869.0641261806,430459.1280118447,30409.936114335876,460869.0641261806,8366.316447324267
8684,460869.82506711,418063.7065481707,42806.11851893928,460869.82506711,8366.316447324267
8685,460870.5860080394,418064.4674891001,42806.11851893928,460870.5860080394,8366.316447324267
8686,460871.3469489688,364419.77577664546,96451.57117232337,460871.3469489688,8366.316447324267
8687,460872.1078898982,356108.7344780588,104763.37341183938,460872.1078898982,8366.316447324267
8688,460872.8688308276,382248.44147303526,78624.42735779232,460872.8688308276,8366.316447324267
8689,460873.629771757,380292.03794667165,80581.59182508533,460873.629771757,8366.316447324267
8690,460874.39071268635,370685.3203508803,90189.07036180602,460874.39071268635,8366.316447324267
8691,460875.15165361576,363757.4031735921,97117.74848002363,460875.15165361576,8366.316447324267
8692,460875.91259454517,379418.78468102805,81457.1279135171,460875.91259454517,8366.316447324267
8693,460876.6735354746,346662.8416815903,114213.8318538843,460876.6735354746,8366.316447324267
8694,460877.434476404,344361.2738804481,116516.16059595591,460877.434476404,8366.316447324267
8695,460878.1954173334,245707.10638371244,215171.08903362096,460878.1954173334,8366.316447324267
8696,460878.9563582629,292914.5511088148,167964.40524944811,460878.9563582629,8366.316447324267
8697,460879.7172991922,272728.6746949261,188151.04260426608,460879.7172991922,8366.316447324267
8698,460880.4782401217,316719.94383084425,144160.53440927743,460880.4782401217,8366.316447324267
8699,460881.2391810511,348005.32991783734,112875.90926321375,460881.2391810511,8366.316447324267
8700,460882.0001219804,343839.21720055357,117042.78292142681,460882.0001219804,8366.316447324267
8701,460882.76106290985,364855.9345713614,96026.82649154848,460882.76106290985,8366.316447324267
8702,460883.52200383926,400510.3302295997,60373.191774239545,460883.52200383926,8366.316447324267
8703,460884.28294476855,389525.79293332994,71358.49001143861,460884.28294476855,8366.316447324267
8704,460885.043885698,394914.48625786277,65970.55762783527,460885.043885698,8366.316447324267
8705,460885.80482662737,411959.85382002895,48925.951006598414,460885.80482662737,8366.316447324267
8706,460886.56576755684,430365.57764279505,30520.988124761807,460886.56576755684,8366.316447324267
8707,460887.32670848625,440474.8077704524,20412.518938033856,460887.32670848625,8366.316447324267
8708,460888.08764941565,435077.15593858244,25810.931710833207,460888.08764941565,8366.316447324267
8709,460888.84859034506,439946.57593607524,20942.2726542698,460888.84859034506,8366.316447324267
8710,460889.6095312744,460889.6095312744,0.0,460889.6095312744,8366.316447324267
8711,460890.37047220394,460890.37047220394,0.0,460890.37047220394,8366.316447324267
8712,460891.1314131333,460891.1314131333,0.0,460891.1314131333,8366.316447324267
8713,460891.89235406264,460891.89235406264,0.0,460891.89235406264,8366.316447324267
8714,460892.6532949921,460892.6532949921,0.0,460892.6532949921,8366.316447324267
8715,460893.4142359214,460893.4142359214,0.0,460893.4142359214,8366.316447324267
8716,460894.1751768508,460894.1751768508,0.0,460894.1751768508,8366.316447324267
8717,460894.93611778034,460894.93611778034,0.0,460894.93611778034,8366.316447324267
8718,460895.6970587096,460895.6970587096,0.0,460895.6970587096,8366.316447324267
8719,460896.4579996391,460440.1795157569,456.278483882205,460896.4579996391,8366.316447324267
8720,460897.21894056845,443909.1850837832,16988.03385678526,460897.21894056845,8366.316447324267
8721,460897.97988149786,453546.27278193994,7351.707099557915,460897.97988149786,8366.316447324267
8722,460898.7408224273,447751.59491362603,13147.145908801314,460898.7408224273,8366.316447324267
8723,460899.5017633567,440248.3763281352,20651.125435221475,460899.5017633567,8366.316447324267
8724,460900.262704286,445089.4548845623,15810.807819723706,460900.262704286,8366.316447324267
8725,460901.0236452155,440428.46224760887,20472.5613976066,460901.0236452155,8366.316447324267
8726,460901.7845861449,449640.95482424315,11260.829761901738,460901.7845861449,8366.316447324267
8727,460902.5455270743,456490.43211732415,4412.113409750175,460902.5455270743,8366.316447324267
8728,460903.30646800366,459257.1029741042,1646.2034938994957,460903.30646800366,8366.316447324267
8729,460904.0674089331,460904.0674089331,0.0,460904.0674089331,8366.316447324267
8730,460904.8283498625,460904.8283498625,0.0,460904.8283498625,8366.316447324267
8731,460905.5892907919,437824.67156633036,23080.917724461506,460905.5892907919,8366.316447324267
8732,460906.3502317214,360579.46441040316,100326.88582131822,460906.3502317214,8366.316447324267
8733,460907.11117265065,183422.4784193472,277484.63275330345,460907.11117265065,8366.316447324267
8734,460907.8721135801,155105.553765468,305802.3183481121,460907.8721135801,8366.316447324267
8735,460908.6330545095,312146.4082952605,148762.22475924905,460908.6330545095,8366.316447324267
8736,460909.3939954389,206481.59603706383,254427.79795837504,460909.3939954389,8366.316447324267
8737,460910.1549363682,248461.3075150356,212448.84742133264,460910.1549363682,8366.316447324267
8738,460910.91587729775,150793.35716455244,310117.5587127453,460910.91587729775,8366.316447324267
8739,460911.6768182271,309119.5189247173,151792.15789350978,460911.6768182271,8366.316447324267
8740,460912.4377591565,264124.20085085044,196788.23690830608,460912.4377591565,8366.316447324267
8741,460913.1987000859,339832.2990181033,121080.89968198264,460913.1987000859,8366.316447324267
8742,460913.9596410152,279124.4054698929,181789.55417112232,460913.9596410152,8366.316447324267
8743,460914.7205819447,264943.44801102113,195971.27257092358,460914.7205819447,8366.316447324267
8744,460915.4815228741,288463.09912450996,172452.38239836416,460915.4815228741,8366.316447324267
8745,460916.2424638035,356977.38390206173,103938.85856174177,460916.2424638035,8366.316447324267
8746,460917.0034047329,356700.3685022575,104216.6349024754,460917.0034047329,8366.316447324267
8747,460917.76434566226,353350.6071713764,107567.15717428584,460917.76434566226,8366.316447324267
8748,460918.5252865917,352413.5203794468,108505.00490714496,460918.5252865917,8366.316447324267
8749,460919.28622752114,329019.3221063995,131899.96412112162,460919.28622752114,8366.316447324267
8750,460920.04716845043,379756.3300228971,81163.71714555331,460920.04716845043,8366.316447324267
8751,460920.80810937996,402639.57678794314,58281.23132143681,460920.80810937996,8366.316447324267
8752,460921.5690503093,388449.12259911257,72472.44645119675,460921.5690503093,8366.316447324267
8753,460922.3299912387,367557.915431684,93364.4145595547,460922.3299912387,8366.316447324267
8754,460923.0909321681,55768.71271586482,405154.3782163033,460923.0909321681,8366.316447324267
8755,460923.8518730975,53081.55452686752,407842.29734622996,460923.8518730975,8366.316447324267
8756,460924.61281402694,48270.5804085487,412654.03240547824,460924.61281402694,8366.316447324267
8757,460925.3737549563,52684.550658379274,408240.823096577,460925.3737549563,8366.316447324267
8758,460926.13469588576,40504.37483906286,420421.7598568229,460926.13469588576,8366.316447324267
8759,460926.8956368151,42583.601616113214,418343.2940207019,460926.8956368151,8366.316447324267
