,Energy to electrolyzer (kWh),Energy from grid (kWh),Energy from renewables (kWh),Total energy (kWh),Hydrogen Hourly production (kg)
0,121040.0,0.0,121040.0,121040.0,2525.3965517187266
1,110410.0,0.0,110410.0,110410.0,2315.0493745822473
2,167070.0,0.0,167070.0,167070.0,3421.000980023513
3,197336.0,0.0,197336.0,197336.0,3998.4855489397783
4,306371.0,0.0,306371.0,306371.0,6019.41724123462
5,324594.0,0.0,324594.0,324594.0,6349.263018176852
6,359913.0,0.0,359913.0,359913.0,6982.808649576566
7,455237.0,0.0,455237.0,455237.0,8657.784310651656
8,690970.0,0.0,690970.0,690970.0,12305.223775994722
9,768400.0,0.0,768400.0,768400.0,12305.20316097942
10,299711.0,0.0,299711.0,299711.0,5898.279382050498
11,342760.0,0.0,342760.0,342760.0,6675.9865379562225
12,460084.0,0.0,460084.0,460084.0,8741.608259609458
13,442478.0,0.0,442478.0,442478.0,8436.286448949715
14,698703.0,0.0,698703.0,698703.0,12305.104328519259
15,540649.0,0.0,540649.0,540649.0,10119.495558339517
16,333271.0,0.0,333271.0,333271.0,6505.481104938876
17,704254.0,0.0,704254.0,704254.0,12305.044213428639
18,768400.0,0.0,768400.0,768400.0,12305.02359901486
19,768400.0,0.0,768400.0,768400.0,12305.002984670125
20,768400.0,0.0,768400.0,768400.0,12304.982370394448
21,768400.0,0.0,768400.0,768400.0,12304.96175618783
22,768400.0,0.0,768400.0,768400.0,12304.941142050264
23,768400.0,0.0,768400.0,768400.0,12304.920527981762
24,768400.0,0.0,768400.0,768400.0,12304.899913982303
25,768400.0,0.0,768400.0,768400.0,12304.879300051898
26,758535.0,0.0,758535.0,758535.0,12304.85868619055
27,656975.0,0.0,656975.0,656975.0,12058.345165845245
28,598049.0,0.0,598049.0,598049.0,11083.090133511818
29,590525.0,0.0,590525.0,590525.0,10957.53469659017
30,561405.0,0.0,561405.0,561405.0,10469.398796249756
31,539956.0,0.0,539956.0,539956.0,10107.49644300021
32,636165.0,0.0,636165.0,636165.0,11715.4146493311
33,768400.0,0.0,768400.0,768400.0,12304.715903212602
34,398269.0,0.0,398269.0,398269.0,7662.308895566587
35,295574.0,0.0,295574.0,295574.0,5822.668962328412
36,128919.0,0.0,128919.0,128919.0,2680.19924608485
37,115260.0,0.0,115260.0,115260.0,2411.0427347185264
38,470990.0,0.0,470990.0,470990.0,8929.560179652064
39,324182.0,0.0,324182.0,324182.0,6341.4525298716935
40,88037.0,0.0,88037.0,88037.0,1850.0754150674143
41,41557.0,0.0,41557.0,41557.0,871.1222467809838
42,136520.0,0.0,136520.0,136520.0,2534.171573403968
43,333356.0,0.0,333356.0,333356.0,6506.402341717444
44,479296.0,0.0,479296.0,479296.0,9072.107621004814
45,418139.0,0.0,418139.0,418139.0,8010.805122547489
46,467374.0,0.0,467374.0,467374.0,8866.661672884064
47,473181.0,0.0,473181.0,473181.0,8966.787934466201
48,472301.0,0.0,472301.0,472301.0,8951.60805988202
49,604967.0,0.0,604967.0,604967.0,11197.434318960954
50,567411.0,0.0,567411.0,567411.0,10569.55720896706
51,523786.0,0.0,523786.0,523786.0,9832.558284737926
52,459239.0,0.0,459239.0,459239.0,8726.005709273064
53,507708.0,0.0,507708.0,507708.0,9558.744792712116
54,453040.0,0.0,453040.0,453040.0,8618.641847485791
55,259860.0,0.0,259860.0,259860.0,5167.04084693712
56,397515.0,0.0,397515.0,397515.0,7648.390871771477
57,641439.0,0.0,641439.0,641439.0,11801.468497877679
58,628882.0,0.0,628882.0,628882.0,11594.035596441405
59,691441.0,0.0,691441.0,691441.0,12303.666822685933
60,754219.0,0.0,754219.0,754219.0,12303.646212885988
61,768400.0,0.0,768400.0,768400.0,12303.625603155082
62,768400.0,0.0,768400.0,768400.0,12303.604993493198
63,768400.0,0.0,768400.0,768400.0,12303.58438390036
64,768400.0,0.0,768400.0,768400.0,12303.563774376544
65,768400.0,0.0,768400.0,768400.0,12303.543164921772
66,768400.0,0.0,768400.0,768400.0,12303.522555536023
67,768400.0,0.0,768400.0,768400.0,12303.501946219305
68,768400.0,0.0,768400.0,768400.0,12303.481336971616
69,768400.0,0.0,768400.0,768400.0,12303.460727792959
70,768400.0,0.0,768400.0,768400.0,12303.440118683331
71,768400.0,0.0,768400.0,768400.0,12303.419509642737
72,768400.0,0.0,768400.0,768400.0,12303.398900671169
73,768400.0,0.0,768400.0,768400.0,12303.378291768628
74,768400.0,0.0,768400.0,768400.0,12303.357682935122
75,768400.0,0.0,768400.0,768400.0,12303.337074170637
76,768400.0,0.0,768400.0,768400.0,12303.316465475184
77,768400.0,0.0,768400.0,768400.0,12303.295856848752
78,768400.0,0.0,768400.0,768400.0,12303.275248291364
79,768400.0,0.0,768400.0,768400.0,12303.25463980298
80,768400.0,0.0,768400.0,768400.0,12303.234031383648
81,768400.0,0.0,768400.0,768400.0,12303.213423033316
82,768400.0,0.0,768400.0,768400.0,12303.192814752028
83,768400.0,0.0,768400.0,768400.0,12303.172206539759
84,768400.0,0.0,768400.0,768400.0,12303.151598396518
85,768400.0,0.0,768400.0,768400.0,12303.130990322303
86,721568.0,0.0,721568.0,721568.0,12303.1103823171
87,630366.0,0.0,630366.0,630366.0,11618.012376552597
88,445988.0,0.0,445988.0,445988.0,8495.801972669666
89,587677.0,0.0,587677.0,587677.0,10908.383378369264
90,563491.0,0.0,563491.0,563491.0,10502.966851152314
91,456941.0,0.0,456941.0,456941.0,8685.654159903479
92,438374.0,0.0,438374.0,438374.0,8363.379908099132
93,319625.0,0.0,319625.0,319625.0,6258.264984768856
94,115260.0,0.0,115260.0,115260.0,2410.662972066987
95,115260.0,0.0,115260.0,115260.0,2410.658921214415
96,136767.0,0.0,136767.0,136767.0,2833.371874894871
97,215739.0,0.0,215739.0,215739.0,4344.842997935167
98,421548.0,0.0,421548.0,421548.0,8069.734192119647
99,496900.0,0.0,496900.0,496900.0,9373.297196332369
100,633593.0,0.0,633593.0,633593.0,11671.1124073049
101,757712.0,0.0,757712.0,757712.0,12302.816929416274
102,768400.0,0.0,768400.0,768400.0,12302.796322462973
103,768400.0,0.0,768400.0,768400.0,12302.775715578697
104,768400.0,0.0,768400.0,768400.0,12302.755108763435
105,768400.0,0.0,768400.0,768400.0,12302.7345020172
106,408080.0,0.0,408080.0,408080.0,7833.575626766053
107,289159.0,0.0,289159.0,289159.0,5704.618504930538
108,115260.0,0.0,115260.0,115260.0,2410.601134736468
109,349519.0,0.0,349519.0,349519.0,6795.598999424382
110,115260.0,0.0,115260.0,115260.0,2410.5927205025555
111,433951.0,0.0,433951.0,433951.0,8286.092993713333
112,169472.0,0.0,169472.0,169472.0,3466.2728574335597
113,383115.0,0.0,383115.0,383115.0,7393.355691382376
114,537202.0,0.0,537202.0,537202.0,10059.047912207638
115,360726.0,0.0,360726.0,360726.0,6995.665861427124
116,368418.0,0.0,368418.0,368418.0,7132.597251522924
117,359076.0,0.0,359076.0,359076.0,6966.222634707011
118,310263.0,0.0,310263.0,310263.0,6088.545667881037
119,321443.0,0.0,321443.0,321443.0,6290.833023908961
120,298122.0,0.0,298122.0,298122.0,5867.945226593425
121,379886.0,0.0,379886.0,379886.0,7336.079910351244
122,419912.0,0.0,419912.0,419912.0,8040.78980638951
123,436114.0,0.0,436114.0,436114.0,8323.609081990444
124,438400.0,0.0,438400.0,438400.0,8363.39148148899
125,353150.0,0.0,353150.0,353150.0,6860.338611384373
126,295445.0,0.0,295445.0,295445.0,5819.1218641841215
127,214584.0,0.0,214584.0,214584.0,4322.903441511758
128,212765.0,0.0,212765.0,212765.0,4288.682160243749
129,274233.0,0.0,274233.0,274233.0,5431.038369819878
130,306864.0,0.0,306864.0,306864.0,6026.764770066936
131,442924.0,0.0,442924.0,442924.0,8441.973835558872
132,465274.0,0.0,465274.0,465274.0,8829.13148767664
133,440840.0,0.0,440840.0,440840.0,8405.71556789626
134,425618.0,0.0,425618.0,425618.0,8140.39272500285
135,473693.0,0.0,473693.0,473693.0,8974.285730517608
136,198907.0,0.0,198907.0,198907.0,4027.086790929653
137,521894.0,0.0,521894.0,521894.0,9799.004442444862
138,768400.0,0.0,768400.0,768400.0,12302.095033793146
139,768400.0,0.0,768400.0,768400.0,12302.074429257624
140,768400.0,0.0,768400.0,768400.0,12302.053824791117
141,768400.0,0.0,768400.0,768400.0,12302.0332203936
142,768400.0,0.0,768400.0,768400.0,12302.0126160651
143,768400.0,0.0,768400.0,768400.0,12301.992011805598
144,768400.0,0.0,768400.0,768400.0,12301.97140761511
145,768400.0,0.0,768400.0,768400.0,12301.950803493615
146,768400.0,0.0,768400.0,768400.0,12301.930199441134
147,768400.0,0.0,768400.0,768400.0,12301.909595457657
148,768400.0,0.0,768400.0,768400.0,12301.88899154318
149,768400.0,0.0,768400.0,768400.0,12301.868387697703
150,768400.0,0.0,768400.0,768400.0,12301.847783921234
151,768400.0,0.0,768400.0,768400.0,12301.82718021377
152,768400.0,0.0,768400.0,768400.0,12301.806576575307
153,768400.0,0.0,768400.0,768400.0,12301.785973005839
154,768400.0,0.0,768400.0,768400.0,12301.765369505385
155,768400.0,0.0,768400.0,768400.0,12301.744766073924
156,768400.0,0.0,768400.0,768400.0,12301.724162711474
157,768400.0,0.0,768400.0,768400.0,12301.70355941801
158,768400.0,0.0,768400.0,768400.0,12301.682956193557
159,768400.0,0.0,768400.0,768400.0,12301.662353038095
160,768400.0,0.0,768400.0,768400.0,12301.641749951646
161,768400.0,0.0,768400.0,768400.0,12301.621146934183
162,768400.0,0.0,768400.0,768400.0,12301.600543985725
163,768400.0,0.0,768400.0,768400.0,12301.579941106269
164,768400.0,0.0,768400.0,768400.0,12301.559338295812
165,768400.0,0.0,768400.0,768400.0,12301.538735554344
166,768400.0,0.0,768400.0,768400.0,12301.518132881876
167,761059.0,0.0,761059.0,761059.0,12301.497530278413
168,721142.0,0.0,721142.0,721142.0,12301.466128787135
169,688502.0,0.0,688502.0,688502.0,12301.445526357833
170,430846.0,0.0,430846.0,430846.0,8231.12550334651
171,307162.0,0.0,307162.0,307162.0,6031.727721533004
172,248378.0,0.0,248378.0,248378.0,4953.503307640883
173,257846.0,0.0,257846.0,257846.0,5128.755905877431
174,323482.0,0.0,323482.0,323482.0,6327.030446322056
175,593223.0,0.0,593223.0,593223.0,10999.436092104192
176,768400.0,0.0,768400.0,768400.0,12301.308512386593
177,768400.0,0.0,768400.0,768400.0,12301.287910485122
178,768400.0,0.0,768400.0,768400.0,12301.267308652656
179,768400.0,0.0,768400.0,768400.0,12301.246706889171
180,768400.0,0.0,768400.0,768400.0,12301.226105194683
181,768400.0,0.0,768400.0,768400.0,12301.205503569185
182,768400.0,0.0,768400.0,768400.0,12301.184902012687
183,749223.0,0.0,749223.0,749223.0,12301.164300525174
184,768400.0,0.0,768400.0,768400.0,12301.143699106651
185,768400.0,0.0,768400.0,768400.0,12301.123097757121
186,768400.0,0.0,768400.0,768400.0,12301.102496476586
187,768400.0,0.0,768400.0,768400.0,12301.081895265033
188,768400.0,0.0,768400.0,768400.0,12301.061294122475
189,768400.0,0.0,768400.0,768400.0,12301.040693048912
190,768400.0,0.0,768400.0,768400.0,12301.020092044326
191,768400.0,0.0,768400.0,768400.0,12300.99949110874
192,768400.0,0.0,768400.0,768400.0,12300.978890242139
193,768400.0,0.0,768400.0,768400.0,12300.95828944452
194,768400.0,0.0,768400.0,768400.0,12300.937688715898
195,768400.0,0.0,768400.0,768400.0,12300.917088056254
196,768400.0,0.0,768400.0,768400.0,12300.896487465601
197,768400.0,0.0,768400.0,768400.0,12300.875886943933
198,768400.0,0.0,768400.0,768400.0,12300.85528649126
199,768400.0,0.0,768400.0,768400.0,12300.834686107572
200,768400.0,0.0,768400.0,768400.0,12300.814085792867
201,768400.0,0.0,768400.0,768400.0,12300.793485547145
202,768400.0,0.0,768400.0,768400.0,12300.772885370405
203,768400.0,0.0,768400.0,768400.0,12300.75228526266
204,768400.0,0.0,768400.0,768400.0,12300.7316852239
205,768400.0,0.0,768400.0,768400.0,12300.711085254108
206,596444.0,0.0,596444.0,596444.0,11052.57631147946
207,452680.0,0.0,452680.0,452680.0,8610.15019716629
208,487694.0,0.0,487694.0,487694.0,9213.82689362491
209,702298.0,0.0,702298.0,702298.0,12300.63035778036
210,767412.0,0.0,767412.0,767412.0,12300.609758149905
211,768400.0,0.0,768400.0,768400.0,12300.589158588422
212,768400.0,0.0,768400.0,768400.0,12300.568559095911
213,768400.0,0.0,768400.0,768400.0,12300.547959672398
214,572128.0,0.0,572128.0,572128.0,10645.823330505018
215,768400.0,0.0,768400.0,768400.0,12300.507097507343
216,768400.0,0.0,768400.0,768400.0,12300.48649828964
217,768400.0,0.0,768400.0,768400.0,12300.465899140912
218,768400.0,0.0,768400.0,768400.0,12300.445300061168
219,768400.0,0.0,768400.0,768400.0,12300.424701050406
220,768400.0,0.0,768400.0,768400.0,12300.404102108614
221,768400.0,0.0,768400.0,768400.0,12300.3835032358
222,768400.0,0.0,768400.0,768400.0,12300.362904431968
223,768400.0,0.0,768400.0,768400.0,12300.342305697119
224,768400.0,0.0,768400.0,768400.0,12300.321707031246
225,768400.0,0.0,768400.0,768400.0,12300.301108434347
226,768400.0,0.0,768400.0,768400.0,12300.28050990642
227,768400.0,0.0,768400.0,768400.0,12300.259911447476
228,768400.0,0.0,768400.0,768400.0,12300.239313057511
229,768400.0,0.0,768400.0,768400.0,12300.218714736515
230,768400.0,0.0,768400.0,768400.0,12300.198116484495
231,768400.0,0.0,768400.0,768400.0,12300.177518301462
232,768400.0,0.0,768400.0,768400.0,12300.156920187386
233,768400.0,0.0,768400.0,768400.0,12300.1363221423
234,768400.0,0.0,768400.0,768400.0,12300.115724166175
235,768400.0,0.0,768400.0,768400.0,12300.095126259028
236,768400.0,0.0,768400.0,768400.0,12300.074528420851
237,768400.0,0.0,768400.0,768400.0,12300.053930651655
238,768400.0,0.0,768400.0,768400.0,12300.03333295143
239,768400.0,0.0,768400.0,768400.0,12300.012735320175
240,768400.0,0.0,768400.0,768400.0,12299.992137757896
241,768400.0,0.0,768400.0,768400.0,12299.971540264589
242,768400.0,0.0,768400.0,768400.0,12299.950942840245
243,753335.0,0.0,753335.0,753335.0,12299.930345484878
244,427950.0,0.0,427950.0,427950.0,8179.543403383137
245,187497.0,0.0,187497.0,187497.0,3809.77364685553
246,191795.0,0.0,191795.0,191795.0,3891.4506144168963
247,276691.0,0.0,276691.0,276691.0,5474.994636736696
248,176774.0,0.0,176774.0,176774.0,3605.255075146383
249,121087.0,0.0,121087.0,121087.0,2525.017305709227
250,244444.0,0.0,244444.0,244444.0,4879.80366959816
251,240772.0,0.0,240772.0,240772.0,4811.553597425266
252,115260.0,0.0,115260.0,115260.0,2409.9453785115206
253,115260.0,0.0,115260.0,115260.0,2409.9413300581223
254,200181.0,0.0,200181.0,200181.0,4050.317581677804
255,124626.0,0.0,124626.0,124626.0,2594.661635904486
256,194149.0,0.0,194149.0,194149.0,3936.0553261245886
257,195872.0,0.0,195872.0,195872.0,3968.714421997025
258,284742.0,0.0,284742.0,284742.0,5622.3710208963585
259,405194.0,0.0,405194.0,405194.0,7780.821354829948
260,687950.0,0.0,687950.0,687950.0,12299.61101998667
261,576532.0,0.0,576532.0,576532.0,10718.821771450373
262,547853.0,0.0,547853.0,547853.0,10236.562899507027
263,401817.0,0.0,401817.0,401817.0,7721.391152597347
264,188148.0,0.0,188148.0,188148.0,3822.0319312121906
265,115260.0,0.0,115260.0,115260.0,2409.889645803841
266,122443.0,0.0,122443.0,122443.0,2551.6544534356913
267,176788.0,0.0,176788.0,176788.0,3605.405531038296
268,414252.0,0.0,414252.0,414252.0,7939.666571790096
269,667219.0,0.0,667219.0,667219.0,12221.126062509962
270,768400.0,0.0,768400.0,768400.0,12299.417037787394
271,768400.0,0.0,768400.0,768400.0,12299.396442219777
272,768400.0,0.0,768400.0,768400.0,12299.375846721125
273,768400.0,0.0,768400.0,768400.0,12299.355251291432
274,768400.0,0.0,768400.0,768400.0,12299.334655930694
275,768400.0,0.0,768400.0,768400.0,12299.314060638932
276,768400.0,0.0,768400.0,768400.0,12299.29346541611
277,768400.0,0.0,768400.0,768400.0,12299.272870262266
278,703895.0,0.0,703895.0,703895.0,12299.252275177376
279,577511.0,0.0,577511.0,577511.0,10734.90315791104
280,620221.0,0.0,620221.0,620221.0,11446.409772546802
281,437556.0,0.0,437556.0,437556.0,8346.4549329802
282,437284.0,0.0,437284.0,437284.0,8341.707168438978
283,359301.0,0.0,359301.0,359301.0,6968.222439031293
284,575540.0,0.0,575540.0,575540.0,10701.795164809162
285,408152.0,0.0,408152.0,408152.0,7832.434175592119
286,388807.0,0.0,388807.0,388807.0,7491.767550548453
287,213415.0,0.0,213415.0,213415.0,4299.671320573797
288,178987.0,0.0,178987.0,178987.0,3647.2857167933844
289,243705.0,0.0,243705.0,243705.0,4865.7485096677865
290,221425.0,0.0,221425.0,221425.0,4450.033770095827
291,185632.0,0.0,185632.0,185632.0,3773.974567871582
292,150407.0,0.0,150407.0,150407.0,3097.59177391285
293,152819.0,0.0,152819.0,152819.0,3144.2860861758168
294,144600.0,0.0,144600.0,144600.0,2984.9013473965997
295,115260.0,0.0,115260.0,115260.0,2409.757533902944
296,115260.0,0.0,115260.0,115260.0,2409.7534860774563
297,265577.0,0.0,265577.0,265577.0,5270.240788533496
298,327896.0,0.0,327896.0,327896.0,6405.245515634926
299,438806.0,0.0,438806.0,438806.0,8367.962932409673
300,538886.0,0.0,538886.0,538886.0,10084.421062575822
301,673446.0,0.0,673446.0,673446.0,12298.810241095012
302,479366.0,0.0,479366.0,479366.0,9069.364827949914
303,299494.0,0.0,299494.0,299494.0,5891.025946863879
304,148629.0,0.0,148629.0,148629.0,3063.064398610488
305,144257.0,0.0,144257.0,144257.0,2978.176894581598
306,148258.0,0.0,148258.0,148258.0,3055.8590199247683
307,158978.0,0.0,158978.0,158978.0,3263.185060845034
308,172429.0,0.0,172429.0,172429.0,3521.7247616378013
309,320835.0,0.0,320835.0,320835.0,6277.773632627573
310,282866.0,0.0,282866.0,282866.0,5587.550465182715
311,248345.0,0.0,248345.0,248345.0,4951.677068425264
312,209842.0,0.0,209842.0,209842.0,4232.246506101813
313,248437.0,0.0,248437.0,248437.0,4953.366296568429
314,416379.0,0.0,416379.0,416379.0,7976.323829154767
315,153221.0,0.0,153221.0,153221.0,3151.9432454068574
316,178368.0,0.0,178368.0,178368.0,3635.288332415291
317,115260.0,0.0,115260.0,115260.0,2409.663827824059
318,131782.0,0.0,131782.0,131782.0,2734.765718506255
319,283387.0,0.0,283387.0,283387.0,5597.002066902277
320,371751.0,0.0,371751.0,371751.0,7189.315721965641
321,298265.0,0.0,298265.0,298265.0,5868.489198438726
322,399064.0,0.0,399064.0,399064.0,7672.195727576791
323,662567.0,0.0,662567.0,662567.0,12143.812801412661
324,510465.0,0.0,510465.0,510465.0,9601.433268264504
325,764607.0,0.0,764607.0,764607.0,12298.35373239838
326,768400.0,0.0,768400.0,768400.0,12298.333140390947
327,682843.0,0.0,682843.0,682843.0,12298.312548452466
328,373544.0,0.0,373544.0,373544.0,7221.044748057208
329,273794.0,0.0,273794.0,273794.0,5421.066856610668
330,759788.0,0.0,759788.0,759788.0,12298.253438816635
331,768400.0,0.0,768400.0,768400.0,12298.232847144996
332,768400.0,0.0,768400.0,768400.0,12298.212255542297
333,768400.0,0.0,768400.0,768400.0,12298.191664008551
334,768400.0,0.0,768400.0,768400.0,12298.171072543733
335,768400.0,0.0,768400.0,768400.0,12298.150481147863
336,768400.0,0.0,768400.0,768400.0,12298.119096741588
337,756025.0,0.0,756025.0,756025.0,12298.098505519732
338,710378.0,0.0,710378.0,710378.0,12298.077914366819
339,768400.0,0.0,768400.0,768400.0,12298.057323282834
340,768400.0,0.0,768400.0,768400.0,12298.0367322678
341,768400.0,0.0,768400.0,768400.0,12298.016141321703
342,768400.0,0.0,768400.0,768400.0,12297.995550444546
343,768400.0,0.0,768400.0,768400.0,12297.974959636325
344,768400.0,0.0,768400.0,768400.0,12297.954368897033
345,768400.0,0.0,768400.0,768400.0,12297.93377822669
346,768400.0,0.0,768400.0,768400.0,12297.913187625281
347,768400.0,0.0,768400.0,768400.0,12297.892597092812
348,768400.0,0.0,768400.0,768400.0,12297.872006629277
349,768400.0,0.0,768400.0,768400.0,12297.851416234675
350,768400.0,0.0,768400.0,768400.0,12297.83082590901
351,768400.0,0.0,768400.0,768400.0,12297.810235652278
352,768400.0,0.0,768400.0,768400.0,12297.789645464489
353,768400.0,0.0,768400.0,768400.0,12297.76905534563
354,768400.0,0.0,768400.0,768400.0,12297.748465295706
355,768400.0,0.0,768400.0,768400.0,12297.727875314713
356,768400.0,0.0,768400.0,768400.0,12297.707285402648
357,768400.0,0.0,768400.0,768400.0,12297.68669555952
358,768400.0,0.0,768400.0,768400.0,12297.666105785329
359,768400.0,0.0,768400.0,768400.0,12297.645516080072
360,768400.0,0.0,768400.0,768400.0,12297.624926443752
361,768400.0,0.0,768400.0,768400.0,12297.604336876355
362,768400.0,0.0,768400.0,768400.0,12297.58374737789
363,768400.0,0.0,768400.0,768400.0,12297.563157948352
364,768400.0,0.0,768400.0,768400.0,12297.542568587749
365,768400.0,0.0,768400.0,768400.0,12297.521979296078
366,768400.0,0.0,768400.0,768400.0,12297.501390073341
367,768400.0,0.0,768400.0,768400.0,12297.48080091953
368,768400.0,0.0,768400.0,768400.0,12297.46021183465
369,768400.0,0.0,768400.0,768400.0,12297.439622818692
370,768400.0,0.0,768400.0,768400.0,12297.41903387167
371,768400.0,0.0,768400.0,768400.0,12297.398444993567
372,768400.0,0.0,768400.0,768400.0,12297.377856184408
373,768400.0,0.0,768400.0,768400.0,12297.357267444158
374,768400.0,0.0,768400.0,768400.0,12297.336678772845
375,768400.0,0.0,768400.0,768400.0,12297.316090170463
376,768400.0,0.0,768400.0,768400.0,12297.295501636994
377,763708.0,0.0,763708.0,763708.0,12297.274913172467
378,768400.0,0.0,768400.0,768400.0,12297.254324776855
379,667223.0,0.0,667223.0,667223.0,12219.000097938293
380,328278.0,0.0,328278.0,328278.0,6411.204751021518
381,418131.0,0.0,418131.0,418131.0,8006.063898849203
382,115260.0,0.0,115260.0,115260.0,2409.363905825196
383,137512.0,0.0,137512.0,137512.0,2846.404052824191
384,121081.0,0.0,121081.0,121081.0,2524.2701568493326
385,159156.0,0.0,159156.0,159156.0,3266.1473258161645
386,171871.0,0.0,171871.0,171871.0,3510.5302346629214
387,115260.0,0.0,115260.0,115260.0,2409.3434429455783
388,197991.0,0.0,197991.0,197991.0,4007.913172700457
389,219713.0,0.0,219713.0,219713.0,4417.155671406721
390,236641.0,0.0,236641.0,236641.0,4733.50394513926
391,355306.0,0.0,355306.0,355306.0,6895.6748743116295
392,374781.0,0.0,374781.0,374781.0,7242.182423127128
393,384315.0,0.0,384315.0,384315.0,7411.024902301707
394,490820.0,0.0,490820.0,490820.0,9264.558053434419
395,702317.0,0.0,702317.0,702317.0,12296.930679523137
396,737090.0,0.0,737090.0,737090.0,12296.910092279933
397,768400.0,0.0,768400.0,768400.0,12296.889505105653
398,768400.0,0.0,768400.0,768400.0,12296.868918000297
399,712901.0,0.0,712901.0,712901.0,12296.848330963847
400,369824.0,0.0,369824.0,369824.0,7154.088319308624
401,311622.0,0.0,311622.0,311622.0,6110.154445169123
402,561374.0,0.0,561374.0,561374.0,10461.95527507748
403,361854.0,0.0,361854.0,361854.0,7012.281412403036
404,227619.0,0.0,227619.0,227619.0,4565.056709767368
405,115260.0,0.0,115260.0,115260.0,2409.264150429466
406,93238.0,0.0,93238.0,93238.0,1961.7501021335959
407,46934.0,0.0,46934.0,46934.0,987.1958007030453
408,33595.0,0.0,33595.0,33595.0,702.2900518149963
409,158765.0,0.0,158765.0,158765.0,2873.647215302754
410,202341.0,0.0,202341.0,202341.0,4089.7977257687394
411,300908.0,0.0,300908.0,300908.0,5915.320451893104
412,401167.0,0.0,401167.0,401167.0,7707.616509123962
413,576545.0,0.0,576545.0,576545.0,10715.841487312968
414,708936.0,0.0,708936.0,708936.0,12295.957819460706
415,768400.0,0.0,768400.0,768400.0,12295.937235474159
416,768400.0,0.0,768400.0,768400.0,12295.916651556512
417,713970.0,0.0,713970.0,713970.0,12295.896067707768
418,506976.0,0.0,506976.0,506976.0,9539.938496820163
419,244705.0,0.0,244705.0,244705.0,4882.941393155797
420,262997.0,0.0,262997.0,262997.0,5221.288140770606
421,115260.0,0.0,115260.0,115260.0,2409.0588229365617
422,115260.0,0.0,115260.0,115260.0,2409.054777446232
423,59028.0,0.0,59028.0,59028.0,1242.225163547161
424,1169.0,0.0,1169.0,1169.0,-0.0
425,5573.0,0.0,5573.0,5573.0,96.27367155380597
426,0.0,0.0,0.0,0.0,-0.0
427,0.0,0.0,0.0,0.0,-0.0
428,0.0,0.0,0.0,0.0,-0.0
429,10724.0,0.0,10724.0,10724.0,185.65403567717044
430,36930.0,0.0,36930.0,36930.0,676.8180600088126
431,79280.0,0.0,79280.0,79280.0,1510.3908574716359
432,157887.0,0.0,157887.0,157887.0,3105.9545971409093
433,253094.0,0.0,253094.0,253094.0,5037.944321462918
434,419268.0,0.0,419268.0,419268.0,8024.316155438208
435,369524.0,0.0,369524.0,369524.0,7147.491853564975
436,168842.0,0.0,168842.0,168842.0,3451.711477439263
437,140830.0,0.0,140830.0,140830.0,2910.424705473768
438,162367.0,0.0,162367.0,162367.0,3327.2797134945567
439,212174.0,0.0,212174.0,212174.0,4274.647404833679
440,186791.0,0.0,186791.0,186791.0,3794.550080762232
441,273773.0,0.0,273773.0,273773.0,5418.955308997574
442,564354.0,0.0,564354.0,564354.0,10510.172027533446
443,768400.0,0.0,768400.0,768400.0,12294.616862177008
444,768400.0,0.0,768400.0,768400.0,12294.596282678993
445,768400.0,0.0,768400.0,768400.0,12294.575703249848
446,768400.0,0.0,768400.0,768400.0,12294.55512388959
447,768400.0,0.0,768400.0,768400.0,12294.534544598224
448,768400.0,0.0,768400.0,768400.0,12294.513965375721
449,768400.0,0.0,768400.0,768400.0,12294.4933862221
450,768400.0,0.0,768400.0,768400.0,12294.472807137367
451,768400.0,0.0,768400.0,768400.0,12294.452228121503
452,768400.0,0.0,768400.0,768400.0,12294.431649174525
453,768400.0,0.0,768400.0,768400.0,12294.411070296417
454,768400.0,0.0,768400.0,768400.0,12294.390491487193
455,768400.0,0.0,768400.0,768400.0,12294.369912746843
456,768400.0,0.0,768400.0,768400.0,12294.349334075372
457,768400.0,0.0,768400.0,768400.0,12294.328755472776
458,725824.0,0.0,725824.0,725824.0,12294.308176939061
459,629494.0,0.0,629494.0,629494.0,11595.232769940407
460,460448.0,0.0,460448.0,460448.0,8739.879952597606
461,554353.0,0.0,554353.0,554353.0,10341.609157913377
462,552852.0,0.0,552852.0,552852.0,10316.3063405819
463,308872.0,0.0,308872.0,308872.0,6058.944752427195
464,442170.0,0.0,442170.0,442170.0,8423.127564439366
465,628925.0,0.0,628925.0,628925.0,11585.71372075403
466,552969.0,0.0,552969.0,552969.0,10318.209542572045
467,689759.0,0.0,689759.0,689759.0,12294.127416446057
468,716270.0,0.0,716270.0,716270.0,12294.106838586207
469,768400.0,0.0,768400.0,768400.0,12294.086260795237
470,768400.0,0.0,768400.0,768400.0,12294.06568307314
471,768400.0,0.0,768400.0,768400.0,12294.045105419917
472,610333.0,0.0,610333.0,610333.0,11277.543539728671
473,383959.0,0.0,383959.0,383959.0,7402.846103100046
474,768400.0,0.0,768400.0,768400.0,12293.984632695112
475,768400.0,0.0,768400.0,768400.0,12293.964055313152
476,768400.0,0.0,768400.0,768400.0,12293.943478000063
477,768400.0,0.0,768400.0,768400.0,12293.922900755846
478,768400.0,0.0,768400.0,768400.0,12293.902323580494
479,768400.0,0.0,768400.0,768400.0,12293.881746474015
480,768400.0,0.0,768400.0,768400.0,12293.861169436404
481,768400.0,0.0,768400.0,768400.0,12293.84059246766
482,768400.0,0.0,768400.0,768400.0,12293.820015567784
483,768400.0,0.0,768400.0,768400.0,12293.799438736783
484,768400.0,0.0,768400.0,768400.0,12293.778861974644
485,762215.0,0.0,762215.0,762215.0,12293.75828528137
486,738928.0,0.0,738928.0,738928.0,12293.73770865696
487,768400.0,0.0,768400.0,768400.0,12293.717132101425
488,768400.0,0.0,768400.0,768400.0,12293.696555614752
489,768400.0,0.0,768400.0,768400.0,12293.675979196945
490,768400.0,0.0,768400.0,768400.0,12293.655402848008
491,768400.0,0.0,768400.0,768400.0,12293.63482656793
492,768400.0,0.0,768400.0,768400.0,12293.61425035672
493,768400.0,0.0,768400.0,768400.0,12293.59367421437
494,768400.0,0.0,768400.0,768400.0,12293.573098140889
495,768400.0,0.0,768400.0,768400.0,12293.552522136266
496,714078.0,0.0,714078.0,714078.0,12293.531946200517
497,768400.0,0.0,768400.0,768400.0,12293.511370333623
498,768400.0,0.0,768400.0,768400.0,12293.490794535594
499,768400.0,0.0,768400.0,768400.0,12293.470218806422
500,768400.0,0.0,768400.0,768400.0,12293.44964314612
501,768400.0,0.0,768400.0,768400.0,12293.42906755467
502,722052.0,0.0,722052.0,722052.0,12293.408492032095
503,737087.0,0.0,737087.0,737087.0,12293.387916578366
504,689523.0,0.0,689523.0,689523.0,12293.356556649574
505,498897.0,0.0,498897.0,498897.0,9399.966999219776
506,478090.0,0.0,478090.0,478090.0,9043.257319167313
507,455067.0,0.0,455067.0,455067.0,8646.110338169012
508,364596.0,0.0,364596.0,364596.0,7058.973846578093
509,337636.0,0.0,337636.0,337636.0,6577.224852156219
510,379939.0,0.0,379939.0,379939.0,7331.236816607043
511,387610.0,0.0,387610.0,387610.0,7466.863406297929
512,669163.0,0.0,669163.0,669163.0,12246.76034741919
513,689662.0,0.0,689662.0,689662.0,12293.177943237533
514,676737.0,0.0,676737.0,676737.0,12293.157368555392
515,670966.0,0.0,670966.0,670966.0,12276.215080360096
516,674494.0,0.0,674494.0,674494.0,12293.116222759149
517,662261.0,0.0,662261.0,662261.0,12133.554627156183
518,679131.0,0.0,679131.0,679131.0,12293.07510562754
519,553723.0,0.0,553723.0,553723.0,10329.975237960949
520,327038.0,0.0,327038.0,327038.0,6386.548330343722
521,199702.0,0.0,199702.0,199702.0,4038.815402366381
522,200326.0,0.0,200326.0,200326.0,4050.605963809823
523,604480.0,0.0,604480.0,604480.0,11179.318363171056
524,572390.0,0.0,572390.0,572390.0,10643.554854259854
525,563997.0,0.0,563997.0,563997.0,10502.69587243649
526,538343.0,0.0,538343.0,538343.0,10070.280506844905
527,707385.0,0.0,707385.0,707385.0,12292.896975800617
528,768400.0,0.0,768400.0,768400.0,12292.876402058773
529,766072.0,0.0,766072.0,766072.0,12292.855828385778
530,722595.0,0.0,722595.0,722595.0,12292.83525478163
531,736292.0,0.0,736292.0,736292.0,12292.814681246346
532,768400.0,0.0,768400.0,768400.0,12292.794107779902
533,561752.0,0.0,561752.0,561752.0,10464.82947754105
534,425180.0,0.0,425180.0,425180.0,8126.232830299832
535,423130.0,0.0,423130.0,423130.0,8090.418521273209
536,768400.0,0.0,768400.0,768400.0,12292.713964881394
537,768400.0,0.0,768400.0,768400.0,12292.693391752004
538,768400.0,0.0,768400.0,768400.0,12292.672818691468
539,768400.0,0.0,768400.0,768400.0,12292.652245699779
540,768400.0,0.0,768400.0,768400.0,12292.631672776934
541,768400.0,0.0,768400.0,768400.0,12292.611099922942
542,768400.0,0.0,768400.0,768400.0,12292.590527137794
543,768400.0,0.0,768400.0,768400.0,12292.569954421499
544,768400.0,0.0,768400.0,768400.0,12292.549381774044
545,768400.0,0.0,768400.0,768400.0,12292.528809195433
546,768400.0,0.0,768400.0,768400.0,12292.508236685675
547,768400.0,0.0,768400.0,768400.0,12292.487664244756
548,768400.0,0.0,768400.0,768400.0,12292.467091872688
549,655000.0,0.0,655000.0,655000.0,12013.736769215093
550,444058.0,0.0,444058.0,444058.0,8454.656610458478
551,437911.0,0.0,437911.0,437911.0,8347.829822014512
552,589226.0,0.0,589226.0,589226.0,10924.656607428728
553,617930.0,0.0,617930.0,617930.0,11402.027812240947
554,217705.0,0.0,217705.0,217705.0,4377.640126029693
555,115260.0,0.0,115260.0,115260.0,2408.2738636253584
556,92610.0,0.0,92610.0,92610.0,1948.4013662266602
557,29352.0,0.0,29352.0,29352.0,612.734431679009
558,0.0,0.0,0.0,0.0,-0.0
559,0.0,0.0,0.0,0.0,-0.0
560,192381.0,0.0,192381.0,192381.0,3249.659551407334
561,253213.0,0.0,253213.0,253213.0,5038.617315323083
562,141201.0,0.0,141201.0,141201.0,2916.7417205161087
563,346969.0,0.0,346969.0,346969.0,6743.360319534937
564,299960.0,0.0,299960.0,299960.0,5895.6635136113255
565,228616.0,0.0,228616.0,228616.0,4581.463101029395
566,221548.0,0.0,221548.0,221548.0,4449.2631180965345
567,225362.0,0.0,225362.0,225362.0,4520.636218640976
568,268520.0,0.0,268520.0,268520.0,5320.833801750008
569,391538.0,0.0,391538.0,391538.0,7534.9106231896185
570,684000.0,0.0,684000.0,684000.0,12291.21194255874
571,768400.0,0.0,768400.0,768400.0,12291.19137445564
572,768400.0,0.0,768400.0,768400.0,12291.170806421358
573,768400.0,0.0,768400.0,768400.0,12291.1502384559
574,768400.0,0.0,768400.0,768400.0,12291.129670559265
575,768400.0,0.0,768400.0,768400.0,12291.109102731456
576,768400.0,0.0,768400.0,768400.0,12291.08853497247
577,768400.0,0.0,768400.0,768400.0,12291.067967282306
578,768400.0,0.0,768400.0,768400.0,12291.047399660958
579,768400.0,0.0,768400.0,768400.0,12291.026832108439
580,726951.0,0.0,726951.0,726951.0,12291.006264624737
581,552173.0,0.0,552173.0,552173.0,10302.093044153486
582,389122.0,0.0,389122.0,389122.0,7492.114292337194
583,224124.0,0.0,224124.0,224124.0,4497.348937353969
584,315146.0,0.0,315146.0,315146.0,6170.782286211159
585,469353.0,0.0,469353.0,469353.0,8891.05216760888
586,379143.0,0.0,379143.0,379143.0,7315.667380694945
587,227030.0,0.0,227030.0,227030.0,4551.655541342248
588,335262.0,0.0,335262.0,335262.0,6533.235216110843
589,478042.0,0.0,478042.0,478042.0,9040.541483691217
590,660309.0,0.0,660309.0,660309.0,12099.280921053483
591,448020.0,0.0,448020.0,448020.0,8522.220204346197
592,766099.0,0.0,766099.0,766099.0,12290.770470682979
593,768400.0,0.0,768400.0,768400.0,12290.749904057076
594,768400.0,0.0,768400.0,768400.0,12290.72933749999
595,768400.0,0.0,768400.0,768400.0,12290.708771011718
596,768400.0,0.0,768400.0,768400.0,12290.688204592267
597,768400.0,0.0,768400.0,768400.0,12290.667638241626
598,669426.0,0.0,669426.0,669426.0,12248.522875554476
599,321594.0,0.0,321594.0,321594.0,6287.08326214964
600,245410.0,0.0,245410.0,245410.0,4893.745660529856
601,135846.0,0.0,135846.0,135846.0,2812.1785753997374
602,115260.0,0.0,115260.0,115260.0,2407.8788069018196
603,74434.0,0.0,74434.0,74434.0,1562.6139656004602
604,0.0,0.0,0.0,0.0,-0.0
605,0.0,0.0,0.0,0.0,-0.0
606,0.0,0.0,0.0,0.0,-0.0
607,114430.0,0.0,114430.0,114430.0,1992.7182487206
608,627130.0,0.0,627130.0,627130.0,11551.741870431906
609,402740.0,0.0,402740.0,402740.0,7731.063095158392
610,410285.0,0.0,410285.0,410285.0,7863.487293135597
611,260211.0,0.0,260211.0,260211.0,5167.045923027905
612,219495.0,0.0,219495.0,219495.0,4410.109857543678
613,226661.0,0.0,226661.0,226661.0,4544.218981879951
614,328347.0,0.0,328347.0,328347.0,6408.163184985346
615,649346.0,0.0,649346.0,649346.0,11917.927960703051
616,621826.0,0.0,621826.0,621826.0,11463.849730162543
617,768400.0,0.0,768400.0,768400.0,12289.458325667036
618,768400.0,0.0,768400.0,768400.0,12289.43776343136
619,768400.0,0.0,768400.0,768400.0,12289.417201264485
620,768400.0,0.0,768400.0,768400.0,12289.396639166396
621,768400.0,0.0,768400.0,768400.0,12289.376077137105
622,768400.0,0.0,768400.0,768400.0,12289.355515176609
623,768400.0,0.0,768400.0,768400.0,12289.334953284902
624,768400.0,0.0,768400.0,768400.0,12289.314391461989
625,768400.0,0.0,768400.0,768400.0,12289.293829707873
626,768400.0,0.0,768400.0,768400.0,12289.273268022536
627,768400.0,0.0,768400.0,768400.0,12289.252706406
628,768400.0,0.0,768400.0,768400.0,12289.232144858253
629,768400.0,0.0,768400.0,768400.0,12289.2115833793
630,768400.0,0.0,768400.0,768400.0,12289.191021969134
631,768400.0,0.0,768400.0,768400.0,12289.170460627758
632,768400.0,0.0,768400.0,768400.0,12289.149899355174
633,768400.0,0.0,768400.0,768400.0,12289.129338151379
634,768400.0,0.0,768400.0,768400.0,12289.10877701637
635,635346.0,0.0,635346.0,635346.0,11686.918208524707
636,561331.0,0.0,561331.0,561331.0,10454.541738291067
637,583629.0,0.0,583629.0,583629.0,10828.187314734594
638,498137.0,0.0,498137.0,498137.0,9383.585108107598
639,239294.0,0.0,239294.0,239294.0,4779.476965135384
640,588854.0,0.0,588854.0,588854.0,10915.387774584504
641,703249.0,0.0,703249.0,703249.0,12288.968266712389
642,768400.0,0.0,768400.0,768400.0,12288.947706116258
643,768400.0,0.0,768400.0,768400.0,12288.92714558891
644,768400.0,0.0,768400.0,768400.0,12288.906585130346
645,768400.0,0.0,768400.0,768400.0,12288.886024740563
646,742858.0,0.0,742858.0,742858.0,12288.865464419572
647,623999.0,0.0,623999.0,623999.0,11499.213811142192
648,516057.0,0.0,516057.0,516057.0,9688.949777302978
649,351931.0,0.0,351931.0,351931.0,6830.558405541307
650,226433.0,0.0,226433.0,226433.0,4539.652908061641
651,157113.0,0.0,157113.0,157113.0,3224.266879200975
652,115260.0,0.0,115260.0,115260.0,2407.4690652247054
653,115260.0,0.0,115260.0,115260.0,2407.465025045012
654,120862.0,0.0,120862.0,120862.0,2517.9788564191576
655,134370.0,0.0,134370.0,134370.0,2782.871158835552
656,401059.0,0.0,401059.0,401059.0,7700.897357920963
657,694119.0,0.0,694119.0,694119.0,12288.656407402066
658,270854.0,0.0,270854.0,270854.0,5362.495657307741
659,211522.0,0.0,211522.0,211522.0,4260.058489100117
660,134989.0,0.0,134989.0,134989.0,2794.933781244021
661,279697.0,0.0,279697.0,279697.0,5524.629821677378
662,682377.0,0.0,682377.0,682377.0,12288.561050591052
663,631587.0,0.0,631587.0,631587.0,11624.347119452777
664,680504.0,0.0,680504.0,680504.0,12288.520065208537
665,704978.0,0.0,704978.0,704978.0,12288.499506111846
666,703239.0,0.0,703239.0,703239.0,12288.478947083935
667,539431.0,0.0,539431.0,539431.0,10084.93634794053
668,536047.0,0.0,536047.0,536047.0,10027.700024359276
669,398779.0,0.0,398779.0,398779.0,7660.629576039851
670,327207.0,0.0,327207.0,327207.0,6387.0187951883745
671,301476.0,0.0,301476.0,301476.0,5921.689324693399
672,306152.0,0.0,306152.0,306152.0,6006.54343474742
673,123124.0,0.0,123124.0,123124.0,2562.4003343036666
674,70588.0,0.0,70588.0,70588.0,1480.9875291316216
675,0.0,0.0,0.0,0.0,-0.0
676,0.0,0.0,0.0,0.0,-0.0
677,0.0,0.0,0.0,0.0,-0.0
678,85876.0,0.0,85876.0,85876.0,1503.399115937555
679,206123.0,0.0,206123.0,206123.0,4042.4626138107596
680,272475.0,0.0,272475.0,272475.0,5391.664043200485
681,303787.0,0.0,303787.0,303787.0,5963.120674952932
682,208123.0,0.0,208123.0,208123.0,4195.612768445587
683,198609.0,0.0,198609.0,198609.0,4016.0824133924752
684,346658.0,0.0,346658.0,346658.0,6735.441548450914
685,315838.0,0.0,315838.0,315838.0,6181.3314692853455
686,408984.0,0.0,408984.0,408984.0,7839.115009469424
687,369991.0,0.0,369991.0,369991.0,7151.158077426347
688,641869.0,0.0,641869.0,641869.0,11792.66617682628
689,768400.0,0.0,768400.0,768400.0,12287.206599090965
690,768400.0,0.0,768400.0,768400.0,12287.18604438812
691,768400.0,0.0,768400.0,768400.0,12287.165489754032
692,768400.0,0.0,768400.0,768400.0,12287.144935188693
693,768400.0,0.0,768400.0,768400.0,12287.12438069212
694,768400.0,0.0,768400.0,768400.0,12287.103826264298
695,768400.0,0.0,768400.0,768400.0,12287.083271905232
696,768400.0,0.0,768400.0,768400.0,12287.06271761492
697,768400.0,0.0,768400.0,768400.0,12287.042163393358
698,768400.0,0.0,768400.0,768400.0,12287.021609240557
699,768400.0,0.0,768400.0,768400.0,12287.001055156501
700,768400.0,0.0,768400.0,768400.0,12286.980501141206
701,768400.0,0.0,768400.0,768400.0,12286.959947194664
702,768400.0,0.0,768400.0,768400.0,12286.939393316872
703,768400.0,0.0,768400.0,768400.0,12286.91883950783
704,768400.0,0.0,768400.0,768400.0,12286.898285767546
705,632450.0,0.0,632450.0,632450.0,11637.012124118655
706,343164.0,0.0,343164.0,343164.0,6672.653014849066
707,381027.0,0.0,381027.0,381027.0,7346.458324073058
708,467110.0,0.0,467110.0,467110.0,8849.334970874268
709,457063.0,0.0,457063.0,457063.0,8675.8798068945
710,462595.0,0.0,462595.0,462595.0,8771.425343655907
711,665657.0,0.0,665657.0,665657.0,12182.938106289354
712,587201.0,0.0,587201.0,587201.0,10885.77503060997
713,768400.0,0.0,768400.0,768400.0,12286.718251450737
714,768400.0,0.0,768400.0,768400.0,12286.697698381404
715,768400.0,0.0,768400.0,768400.0,12286.677145380821
716,732483.0,0.0,732483.0,732483.0,12286.656592448988
717,768400.0,0.0,768400.0,768400.0,12286.636039585897
718,768400.0,0.0,768400.0,768400.0,12286.615486791556
719,693779.0,0.0,693779.0,693779.0,12286.594934065963
720,672521.0,0.0,672521.0,672521.0,12286.574381409117
721,768400.0,0.0,768400.0,768400.0,12286.553828821015
722,517389.0,0.0,517389.0,517389.0,9709.741205293032
723,342784.0,0.0,342784.0,342784.0,6665.649647864335
724,640038.0,0.0,640038.0,640038.0,11761.79447995992
725,661007.0,0.0,661007.0,661007.0,12106.449370402654
726,701067.0,0.0,701067.0,701067.0,12286.452971981107
727,620271.0,0.0,620271.0,620271.0,11435.244784368422
728,768400.0,0.0,768400.0,768400.0,12286.412038557157
729,768400.0,0.0,768400.0,768400.0,12286.39148651207
730,768400.0,0.0,768400.0,768400.0,12286.370934535724
731,768400.0,0.0,768400.0,768400.0,12286.35038262812
732,768400.0,0.0,768400.0,768400.0,12286.329830789258
733,768400.0,0.0,768400.0,768400.0,12286.309279019144
734,768400.0,0.0,768400.0,768400.0,12286.288727317771
735,768400.0,0.0,768400.0,768400.0,12286.268175685134
736,768400.0,0.0,768400.0,768400.0,12286.247624121239
737,768400.0,0.0,768400.0,768400.0,12286.22707262609
738,768400.0,0.0,768400.0,768400.0,12286.206521199678
739,768400.0,0.0,768400.0,768400.0,12286.185969842
740,768400.0,0.0,768400.0,768400.0,12286.165418553073
741,768400.0,0.0,768400.0,768400.0,12286.144867332881
742,768400.0,0.0,768400.0,768400.0,12286.124316181425
743,768400.0,0.0,768400.0,768400.0,12286.10376509871
744,768400.0,0.0,768400.0,768400.0,12286.083214084734
745,768400.0,0.0,768400.0,768400.0,12286.062663139488
746,765021.0,0.0,765021.0,765021.0,12286.042112262985
747,666594.0,0.0,666594.0,666594.0,12197.551473367457
748,579642.0,0.0,579642.0,579642.0,10758.821297845161
749,440421.0,0.0,440421.0,440421.0,8386.898090837576
750,543056.0,0.0,543056.0,543056.0,10144.06724173181
751,459491.0,0.0,459491.0,459491.0,8717.20836296066
752,561137.0,0.0,561137.0,561137.0,10448.555615843967
753,768400.0,0.0,768400.0,768400.0,12285.900969286093
754,625363.0,0.0,625363.0,625363.0,11518.976053799064
755,600000.0,0.0,600000.0,600000.0,11098.27646355072
756,600000.0,0.0,600000.0,600000.0,11098.257899588647
757,615777.0,0.0,615777.0,615777.0,11360.228135720476
758,600000.0,0.0,600000.0,600000.0,11098.220722922575
759,580236.0,0.0,580236.0,580236.0,10768.556407009904
760,362718.0,0.0,362718.0,362718.0,7021.0029273747805
761,102000.0,0.0,102000.0,102000.0,2143.5769615514364
762,0.0,0.0,0.0,0.0,-0.0
763,0.0,0.0,0.0,0.0,-0.0
764,37353.0,0.0,37353.0,37353.0,650.9670295512511
765,11758.0,0.0,11758.0,11758.0,242.76036203715427
766,25009.0,0.0,25009.0,25009.0,468.9463227617586
767,48139.0,0.0,48139.0,48139.0,918.2463400438292
768,63485.0,0.0,63485.0,63485.0,1275.023242788529
769,42454.0,0.0,42454.0,42454.0,892.1743584262923
770,38328.0,0.0,38328.0,38328.0,805.3430921628091
771,32114.0,0.0,32114.0,32114.0,672.1819902459208
772,24747.0,0.0,24747.0,24747.0,515.8827661387818
773,0.0,0.0,0.0,0.0,-0.0
774,0.0,0.0,0.0,0.0,-0.0
775,0.0,0.0,0.0,0.0,-0.0
776,257809.0,0.0,257809.0,257809.0,4266.834401631694
777,593602.0,0.0,593602.0,593602.0,10990.043551072744
778,600000.0,0.0,600000.0,600000.0,11096.545592012932
779,565692.0,0.0,565692.0,565692.0,10523.324280022363
780,583492.0,0.0,583492.0,583492.0,10821.319942520011
781,465457.0,0.0,465457.0,465457.0,8818.665755785118
782,554944.0,0.0,554944.0,554944.0,10342.66641305408
783,122983.0,0.0,122983.0,122983.0,2558.564692797221
784,101757.0,0.0,101757.0,101757.0,2138.3489488364708
785,88106.0,0.0,88106.0,88106.0,1847.8333983834082
786,85743.0,0.0,85743.0,85743.0,1800.7887365877139
787,110506.0,0.0,110506.0,110506.0,2248.0256781508683
788,73205.0,0.0,73205.0,73205.0,1537.099725337242
789,88781.0,0.0,88781.0,88781.0,1806.648020980917
790,197004.0,0.0,197004.0,197004.0,3901.2945925661884
791,246588.0,0.0,246588.0,246588.0,4912.416616855995
792,467160.0,0.0,467160.0,467160.0,8847.578115657474
793,433086.0,0.0,433086.0,433086.0,8257.459190730502
794,458161.0,0.0,458161.0,458161.0,8692.267070393093
795,611624.0,0.0,611624.0,611624.0,11288.979072540835
796,663318.0,0.0,663318.0,663318.0,12141.123064271706
797,768400.0,0.0,768400.0,768400.0,12283.210100932343
798,472474.0,0.0,472474.0,472474.0,8938.995544247415
799,768400.0,0.0,768400.0,768400.0,12283.169716692724
800,768400.0,0.0,768400.0,768400.0,12283.149175491253
801,768400.0,0.0,768400.0,768400.0,12283.12863435847
802,768400.0,0.0,768400.0,768400.0,12283.108093294379
803,768400.0,0.0,768400.0,768400.0,12283.087552298974
804,768400.0,0.0,768400.0,768400.0,12283.067011372257
805,768400.0,0.0,768400.0,768400.0,12283.04647051423
806,768400.0,0.0,768400.0,768400.0,12283.025929724885
807,768400.0,0.0,768400.0,768400.0,12283.005389004227
808,550435.0,0.0,550435.0,550435.0,10265.98052036968
809,148814.0,0.0,148814.0,148814.0,3062.207568816795
810,201617.0,0.0,201617.0,201617.0,4071.3168498682026
811,295301.0,0.0,295301.0,295301.0,5806.623310610817
812,299639.0,0.0,299639.0,299639.0,5885.490518312432
813,279962.0,0.0,279962.0,279962.0,5526.713564694515
814,198618.0,0.0,198618.0,198618.0,4014.640523178854
815,221151.0,0.0,221151.0,221151.0,4438.474776973842
816,229839.0,0.0,229839.0,229839.0,4600.817604396247
817,249355.0,0.0,249355.0,249355.0,4963.435937650734
818,115260.0,0.0,115260.0,115260.0,2406.13077614308
819,115260.0,0.0,115260.0,115260.0,2406.126740431268
820,76652.0,0.0,76652.0,76652.0,1610.2961534797912
821,32529.0,0.0,32529.0,32529.0,680.2926174064198
822,0.0,0.0,0.0,0.0,-0.0
823,0.0,0.0,0.0,0.0,-0.0
824,280922.0,0.0,280922.0,280922.0,4619.809774209592
825,600000.0,0.0,600000.0,600000.0,11094.598772170488
826,600000.0,0.0,600000.0,600000.0,11094.580220506698
827,359725.0,0.0,359725.0,359725.0,6965.3480713381605
828,301751.0,0.0,301751.0,301751.0,5923.261724886591
829,431344.0,0.0,431344.0,431344.0,8226.060475661592
830,433770.0,0.0,433770.0,433770.0,8268.27220877073
831,210781.0,0.0,210781.0,210781.0,4243.491928138218
832,467483.0,0.0,467483.0,467483.0,8851.940951508544
833,349830.0,0.0,349830.0,349830.0,6788.843394114983
834,581757.0,0.0,581757.0,581757.0,10790.310859516221
835,377141.0,0.0,377141.0,377141.0,7274.427997212376
836,474100.0,0.0,474100.0,474100.0,8965.782267039573
837,631636.0,0.0,631636.0,631636.0,11618.548230015302
838,625394.0,0.0,625394.0,625394.0,11515.426191788538
839,671372.0,0.0,671372.0,671372.0,12271.291325413464
840,600446.0,0.0,600446.0,600446.0,11101.7352284166
841,352807.0,0.0,352807.0,352807.0,6841.883997731966
842,196271.0,0.0,196271.0,196271.0,3969.7601256842695
843,189305.0,0.0,189305.0,189305.0,3837.7567378921754
844,5597.0,0.0,5597.0,5597.0,115.84540794017624
845,0.0,0.0,0.0,0.0,-0.0
846,30430.0,0.0,30430.0,30430.0,532.0706637505651
847,314543.0,0.0,314543.0,314543.0,5427.775294229861
848,768400.0,0.0,768400.0,768400.0,12280.54071585698
849,768400.0,0.0,768400.0,768400.0,12280.520183445818
850,768400.0,0.0,768400.0,768400.0,12280.499651103306
851,768400.0,0.0,768400.0,768400.0,12280.479118829435
852,768400.0,0.0,768400.0,768400.0,12280.458586624201
853,768400.0,0.0,768400.0,768400.0,12280.438054487617
854,768400.0,0.0,768400.0,768400.0,12280.41752241968
855,768400.0,0.0,768400.0,768400.0,12280.396990420384
856,556247.0,0.0,556247.0,556247.0,10361.569799393743
857,143485.0,0.0,143485.0,143485.0,2958.156912362762
858,238117.0,0.0,238117.0,238117.0,4753.917800320156
859,243282.0,0.0,243282.0,243282.0,4849.817438192232
860,281850.0,0.0,281850.0,281850.0,5559.98129452729
861,291401.0,0.0,291401.0,291401.0,5734.274651007399
862,115260.0,0.0,115260.0,115260.0,2405.5612272571093
863,72040.0,0.0,72040.0,72040.0,1513.4285237239085
864,0.0,0.0,0.0,0.0,-0.0
865,0.0,0.0,0.0,0.0,-0.0
866,0.0,0.0,0.0,0.0,-0.0
867,0.0,0.0,0.0,0.0,-0.0
868,0.0,0.0,0.0,0.0,-0.0
869,64004.0,0.0,64004.0,64004.0,1120.011322889269
870,61790.0,0.0,61790.0,61790.0,1295.2721830087173
871,52535.0,0.0,52535.0,52535.0,1101.7322376367404
872,140670.0,0.0,140670.0,140670.0,2661.228740512337
873,246107.0,0.0,246107.0,246107.0,4901.69836402042
874,299575.0,0.0,299575.0,299575.0,5882.400608385287
875,211226.0,0.0,211226.0,211226.0,4250.876340210418
876,292575.0,0.0,292575.0,292575.0,5755.0771861708745
877,92138.0,0.0,92138.0,92138.0,1931.9763615063807
878,185378.0,0.0,185378.0,185378.0,3683.9425734077836
879,175325.0,0.0,175325.0,175325.0,3570.762196422295
880,78602.0,0.0,78602.0,78602.0,1648.5531573671262
881,266343.0,0.0,266343.0,266343.0,5055.183000000116
882,311097.0,0.0,311097.0,311097.0,6091.008855816257
883,223940.0,0.0,223940.0,223940.0,4488.977810737215
884,230388.0,0.0,230388.0,230388.0,4609.338245642849
885,244588.0,0.0,244588.0,244588.0,4873.3087575766895
886,228551.0,0.0,228551.0,228551.0,4575.062976468217
887,370486.0,0.0,370486.0,370486.0,7154.617222498099
888,661873.0,0.0,661873.0,661873.0,12112.849237244982
889,726473.0,0.0,726473.0,726473.0,12278.56042317641
890,757377.0,0.0,757377.0,757377.0,12278.539897385184
891,746844.0,0.0,746844.0,746844.0,12278.519371662564
892,649974.0,0.0,649974.0,649974.0,11917.540330751499
893,628247.0,0.0,628247.0,628247.0,11559.62923361933
894,630803.0,0.0,630803.0,630803.0,11601.808971818911
895,582717.0,0.0,582717.0,582717.0,10803.47242796564
896,628546.0,0.0,628546.0,628546.0,11564.509155506648
897,333108.0,0.0,333108.0,333108.0,6487.520083483141
898,246498.0,0.0,246498.0,246498.0,4908.58918355678
899,320203.0,0.0,320203.0,320203.0,6255.294559312547
900,462553.0,0.0,462553.0,462553.0,8764.452019183058
901,463439.0,0.0,463439.0,463439.0,8779.718426078263
902,389113.0,0.0,389113.0,389113.0,7483.826224956645
903,194777.0,0.0,194777.0,194777.0,3940.343597394084
904,124391.0,0.0,124391.0,124391.0,2584.8833119835945
905,104241.0,0.0,104241.0,104241.0,2186.6948204576115
906,188747.0,0.0,188747.0,188747.0,3826.0417864437404
907,163739.0,0.0,163739.0,163739.0,3348.625941569313
908,105611.0,0.0,105611.0,105611.0,2213.931367487664
909,55419.0,0.0,55419.0,55419.0,1163.7090011782743
910,145588.0,0.0,145588.0,145588.0,2769.2387575426146
911,338247.0,0.0,338247.0,338247.0,6579.331309359617
912,448238.0,0.0,448238.0,448238.0,8516.568217091684
913,498912.0,0.0,498912.0,498912.0,9387.907099601258
914,506089.0,0.0,506089.0,506089.0,9510.30567173588
915,514349.0,0.0,514349.0,514349.0,9650.879085211816
916,477967.0,0.0,477967.0,477967.0,9029.219371857682
917,459818.0,0.0,459818.0,459818.0,8716.725446204844
918,508087.0,0.0,508087.0,508087.0,9544.278096592521
919,558295.0,0.0,558295.0,558295.0,10393.588952917966
920,768400.0,0.0,768400.0,768400.0,12277.559463088031
921,648497.0,0.0,648497.0,648497.0,11892.33587094479
922,518339.0,0.0,518339.0,518339.0,9718.563754560388
923,518628.0,0.0,518628.0,518628.0,9723.455362791405
924,493472.0,0.0,493472.0,493472.0,9294.786319240851
925,725347.0,0.0,725347.0,725347.0,12277.458599424746
926,768400.0,0.0,768400.0,768400.0,12277.438077316318
927,749752.0,0.0,749752.0,749752.0,12277.417555276477
928,655959.0,0.0,655959.0,655959.0,12014.72341991948
929,760709.0,0.0,760709.0,760709.0,12277.376563673723
930,768400.0,0.0,768400.0,768400.0,12277.356041839485
931,768400.0,0.0,768400.0,768400.0,12277.33552007384
932,768400.0,0.0,768400.0,768400.0,12277.314998376785
933,768400.0,0.0,768400.0,768400.0,12277.294476748328
934,768400.0,0.0,768400.0,768400.0,12277.273955188452
935,768400.0,0.0,768400.0,768400.0,12277.25343369717
936,768400.0,0.0,768400.0,768400.0,12277.232912274478
937,768400.0,0.0,768400.0,768400.0,12277.21239092037
938,768400.0,0.0,768400.0,768400.0,12277.19186963486
939,768400.0,0.0,768400.0,768400.0,12277.171348417933
940,768400.0,0.0,768400.0,768400.0,12277.150827269601
941,768400.0,0.0,768400.0,768400.0,12277.13030618985
942,768400.0,0.0,768400.0,768400.0,12277.10978517869
943,768400.0,0.0,768400.0,768400.0,12277.089264236121
944,768400.0,0.0,768400.0,768400.0,12277.068743362131
945,768400.0,0.0,768400.0,768400.0,12277.048222556736
946,719251.0,0.0,719251.0,719251.0,12277.02770181992
947,540272.0,0.0,540272.0,540272.0,10089.527728685413
948,478576.0,0.0,478576.0,478576.0,9039.180496708075
949,435508.0,0.0,435508.0,435508.0,8295.143012222934
950,403776.0,0.0,403776.0,403776.0,7740.882432386453
951,351172.0,0.0,351172.0,351172.0,6810.006713054908
952,248731.0,0.0,248731.0,248731.0,4949.288469998507
953,534995.0,0.0,534995.0,534995.0,10000.275458556673
954,741161.0,0.0,741161.0,741161.0,12276.86982259762
955,768400.0,0.0,768400.0,768400.0,12276.849302457067
956,768400.0,0.0,768400.0,768400.0,12276.828782385095
957,768400.0,0.0,768400.0,768400.0,12276.808262381708
958,735164.0,0.0,735164.0,735164.0,12276.787742446904
959,768400.0,0.0,768400.0,768400.0,12276.767222580682
960,768400.0,0.0,768400.0,768400.0,12276.746702783039
961,623441.0,0.0,623441.0,623441.0,11478.561539464221
962,510925.0,0.0,510925.0,510925.0,9591.873720792986
963,542356.0,0.0,542356.0,542356.0,10124.43173897689
964,481439.0,0.0,481439.0,481439.0,9088.07079471259
965,558353.0,0.0,558353.0,558353.0,10393.75807124768
966,558353.0,0.0,558353.0,558353.0,10393.740698819927
967,575253.0,0.0,575253.0,575253.0,10677.079060589218
968,768400.0,0.0,768400.0,768400.0,12276.58545552261
969,592277.0,0.0,592277.0,592277.0,10961.248916830657
970,378314.0,0.0,378314.0,378314.0,7291.995488646871
971,399257.0,0.0,399257.0,399257.0,7661.240019208762
972,589576.0,0.0,589576.0,589576.0,10916.185057432202
973,764285.0,0.0,764285.0,764285.0,12276.485464887468
974,768400.0,0.0,768400.0,768400.0,12276.464946031509
975,768400.0,0.0,768400.0,768400.0,12276.44442724412
976,768400.0,0.0,768400.0,768400.0,12276.423908525314
977,768400.0,0.0,768400.0,768400.0,12276.403389875086
978,751901.0,0.0,751901.0,751901.0,12276.382871293428
979,768400.0,0.0,768400.0,768400.0,12276.36235278035
980,768400.0,0.0,768400.0,768400.0,12276.341834335844
981,768400.0,0.0,768400.0,768400.0,12276.32131595991
982,768400.0,0.0,768400.0,768400.0,12276.300797652555
983,768400.0,0.0,768400.0,768400.0,12276.280279413771
984,768400.0,0.0,768400.0,768400.0,12276.259761243567
985,768400.0,0.0,768400.0,768400.0,12276.239243141932
986,768400.0,0.0,768400.0,768400.0,12276.218725108865
987,768400.0,0.0,768400.0,768400.0,12276.198207144378
988,768400.0,0.0,768400.0,768400.0,12276.177689248461
989,768400.0,0.0,768400.0,768400.0,12276.15717142111
990,768400.0,0.0,768400.0,768400.0,12276.136653662337
991,768400.0,0.0,768400.0,768400.0,12276.116135972134
992,768400.0,0.0,768400.0,768400.0,12276.0956183505
993,768400.0,0.0,768400.0,768400.0,12276.07510079744
994,768400.0,0.0,768400.0,768400.0,12276.054583312949
995,768400.0,0.0,768400.0,768400.0,12276.034065897027
996,767597.0,0.0,767597.0,767597.0,12276.013548549672
997,768400.0,0.0,768400.0,768400.0,12275.993031270888
998,741326.0,0.0,741326.0,741326.0,12275.972514060673
999,656729.0,0.0,656729.0,656729.0,12025.935558409152
1000,439451.0,0.0,439451.0,439451.0,8362.912473562406
1001,715086.0,0.0,715086.0,715086.0,12275.911838160333
1002,768400.0,0.0,768400.0,768400.0,12275.891321221461
1003,768400.0,0.0,768400.0,768400.0,12275.87080435116
1004,768400.0,0.0,768400.0,768400.0,12275.850287549423
1005,768400.0,0.0,768400.0,768400.0,12275.829770816255
1006,768400.0,0.0,768400.0,768400.0,12275.809254151656
1007,768400.0,0.0,768400.0,768400.0,12275.788737555618
1008,519655.0,0.0,519655.0,519655.0,9739.475580737038
1009,431448.0,0.0,431448.0,431448.0,8223.662406681135
1010,311903.0,0.0,311903.0,311903.0,6104.000667220458
1011,387246.0,0.0,387246.0,387246.0,7449.234727769573
1012,592140.0,0.0,592140.0,592140.0,10958.165561806549
1013,690454.0,0.0,690454.0,690454.0,12275.658942612696
1014,760498.0,0.0,760498.0,760498.0,12275.638426518988
1015,768400.0,0.0,768400.0,768400.0,12275.617910493846
1016,768400.0,0.0,768400.0,768400.0,12275.59739453726
1017,768400.0,0.0,768400.0,768400.0,12275.576878649237
1018,549921.0,0.0,549921.0,549921.0,10250.990334872278
1019,257411.0,0.0,257411.0,257411.0,5109.023319747705
1020,548762.0,0.0,548762.0,548762.0,10231.438239663343
1021,763285.0,0.0,763285.0,763285.0,12275.497290420544
1022,768400.0,0.0,768400.0,768400.0,12275.476774867058
1023,768400.0,0.0,768400.0,768400.0,12275.456259382132
1024,683970.0,0.0,683970.0,683970.0,12275.435743965767
1025,695639.0,0.0,695639.0,695639.0,12275.41522861796
1026,768400.0,0.0,768400.0,768400.0,12275.394713338712
1027,768400.0,0.0,768400.0,768400.0,12275.374198128025
1028,768400.0,0.0,768400.0,768400.0,12275.353682985897
1029,768400.0,0.0,768400.0,768400.0,12275.333167912324
1030,768400.0,0.0,768400.0,768400.0,12275.31265290731
1031,768400.0,0.0,768400.0,768400.0,12275.292137970853
1032,768400.0,0.0,768400.0,768400.0,12275.271623102952
1033,768400.0,0.0,768400.0,768400.0,12275.251108303608
1034,768400.0,0.0,768400.0,768400.0,12275.23059357282
1035,768400.0,0.0,768400.0,768400.0,12275.210078910588
1036,716107.0,0.0,716107.0,716107.0,12275.189564316915
1037,538928.0,0.0,538928.0,538928.0,10065.291547428966
1038,421670.0,0.0,421670.0,421670.0,8052.843367567859
1039,345519.0,0.0,345519.0,345519.0,6707.990260428572
1040,418717.0,0.0,418717.0,418717.0,8001.254914308197
1041,459701.0,0.0,459701.0,459701.0,8712.842904566924
1042,503910.0,0.0,503910.0,503910.0,9471.093968535974
1043,466148.0,0.0,466148.0,466148.0,8823.981334405173
1044,386087.0,0.0,386087.0,386087.0,7428.362031114906
1045,477890.0,0.0,477890.0,477890.0,9025.898877382062
1046,250329.0,0.0,250329.0,250329.0,4978.00333201645
1047,390980.0,0.0,390980.0,390980.0,7514.591569959111
1048,269249.0,0.0,269249.0,269249.0,5326.569880632976
1049,102000.0,0.0,102000.0,102000.0,2141.3966980020487
1050,18942.0,0.0,18942.0,18942.0,395.48664243356063
1051,59936.0,0.0,59936.0,59936.0,1108.116435018091
1052,114842.0,0.0,114842.0,114842.0,2229.5739619343517
1053,171502.0,0.0,171502.0,171502.0,3496.144723736578
1054,616630.0,0.0,616630.0,616630.0,11363.44407526563
1055,768400.0,0.0,768400.0,768400.0,12274.109197774269
1056,707763.0,0.0,707763.0,707763.0,12274.08868685927
1057,642388.0,0.0,642388.0,642388.0,11788.516124834996
1058,471522.0,0.0,471522.0,471522.0,8915.736349416886
1059,598183.0,0.0,598183.0,598183.0,11057.25000400725
1060,659394.0,0.0,659394.0,659394.0,12067.715091482309
1061,745568.0,0.0,745568.0,745568.0,12273.98721740365
1062,746296.0,0.0,746296.0,746296.0,12273.966706896244
1063,757076.0,0.0,757076.0,757076.0,12273.946196457371
1064,768400.0,0.0,768400.0,768400.0,12273.92568608703
1065,649990.0,0.0,649990.0,649990.0,11913.328819104161
1066,757545.0,0.0,757545.0,757545.0,12273.88473737518
1067,768400.0,0.0,768400.0,768400.0,12273.8642272102
1068,768400.0,0.0,768400.0,768400.0,12273.843717113758
1069,768400.0,0.0,768400.0,768400.0,12273.823207085841
1070,768400.0,0.0,768400.0,768400.0,12273.802697126466
1071,768400.0,0.0,768400.0,768400.0,12273.782187235618
1072,768400.0,0.0,768400.0,768400.0,12273.7616774133
1073,588282.0,0.0,588282.0,588282.0,10892.12346216337
1074,768400.0,0.0,768400.0,768400.0,12273.7209371174
1075,768400.0,0.0,768400.0,768400.0,12273.700427499742
1076,768400.0,0.0,768400.0,768400.0,12273.679917950614
1077,768400.0,0.0,768400.0,768400.0,12273.659408470023
1078,768400.0,0.0,768400.0,768400.0,12273.638899057958
1079,768400.0,0.0,768400.0,768400.0,12273.618389714416
1080,768400.0,0.0,768400.0,768400.0,12273.59788043941
1081,768400.0,0.0,768400.0,768400.0,12273.577371232934
1082,768400.0,0.0,768400.0,768400.0,12273.556862094982
1083,768400.0,0.0,768400.0,768400.0,12273.536353025554
1084,768400.0,0.0,768400.0,768400.0,12273.515844024661
1085,768400.0,0.0,768400.0,768400.0,12273.495335092295
1086,768400.0,0.0,768400.0,768400.0,12273.474826228454
1087,768400.0,0.0,768400.0,768400.0,12273.45431743314
1088,768400.0,0.0,768400.0,768400.0,12273.433808706348
1089,768400.0,0.0,768400.0,768400.0,12273.41330004809
1090,768400.0,0.0,768400.0,768400.0,12273.392791458351
1091,768400.0,0.0,768400.0,768400.0,12273.372282937136
1092,768400.0,0.0,768400.0,768400.0,12273.351774484454
1093,768400.0,0.0,768400.0,768400.0,12273.331266100287
1094,529733.0,0.0,529733.0,529733.0,9908.291356499285
1095,527610.0,0.0,527610.0,527610.0,9872.331354278613
1096,360271.0,0.0,360271.0,360271.0,6969.936620653386
1097,388432.0,0.0,388432.0,388432.0,7468.58197673677
1098,350075.0,0.0,350075.0,350075.0,6788.255755843827
1099,295006.0,0.0,295006.0,295006.0,5796.315080279651
1100,165029.0,0.0,165029.0,165029.0,3371.849339436941
1101,115260.0,0.0,115260.0,115260.0,2403.968070841225
1102,115260.0,0.0,115260.0,115260.0,2403.9640423442765
1103,115260.0,0.0,115260.0,115260.0,2403.9600138607607
1104,116980.0,0.0,116980.0,116980.0,2437.885610868082
1105,98964.0,0.0,98964.0,98964.0,2076.0161895898405
1106,40633.0,0.0,40633.0,40633.0,850.3705930454818
1107,14000.0,0.0,14000.0,14000.0,292.502004432413
1108,0.0,0.0,0.0,0.0,-0.0
1109,0.0,0.0,0.0,0.0,-0.0
1110,0.0,0.0,0.0,0.0,-0.0
1111,3482.0,0.0,3482.0,3482.0,-0.0
1112,127062.0,0.0,127062.0,127062.0,2196.4895783506163
1113,316319.0,0.0,316319.0,316319.0,6181.87265142645
1114,380721.0,0.0,380721.0,380721.0,7331.791631909625
1115,600000.0,0.0,600000.0,600000.0,11085.733057278241
1116,600000.0,0.0,600000.0,600000.0,11085.714535244539
1117,600000.0,0.0,600000.0,600000.0,11085.696013272716
1118,600000.0,0.0,600000.0,600000.0,11085.677491362769
1119,600000.0,0.0,600000.0,600000.0,11085.6589695147
1120,491340.0,0.0,491340.0,491340.0,9254.086772760924
1121,36170.0,0.0,36170.0,36170.0,756.8368841412814
1122,78894.0,0.0,78894.0,78894.0,1500.204363917158
1123,147213.0,0.0,147213.0,147213.0,2901.8318995426166
1124,254669.0,0.0,254669.0,254669.0,5056.570004298374
1125,455356.0,0.0,455356.0,455356.0,8635.08431556009
1126,671945.0,0.0,671945.0,671945.0,12270.450717111535
1127,768400.0,0.0,768400.0,768400.0,12271.328799708446
1128,768400.0,0.0,768400.0,768400.0,12271.308298082913
1129,768400.0,0.0,768400.0,768400.0,12271.28779652587
1130,768400.0,0.0,768400.0,768400.0,12271.267295037314
1131,768400.0,0.0,768400.0,768400.0,12271.246793617254
1132,768400.0,0.0,768400.0,768400.0,12271.226292265676
1133,768400.0,0.0,768400.0,768400.0,12271.205790982587
1134,768400.0,0.0,768400.0,768400.0,12271.18528976799
1135,768400.0,0.0,768400.0,768400.0,12271.16478862188
1136,768400.0,0.0,768400.0,768400.0,12271.144287544263
1137,768400.0,0.0,768400.0,768400.0,12271.123786535125
1138,768400.0,0.0,768400.0,768400.0,12271.103285594481
1139,768400.0,0.0,768400.0,768400.0,12271.082784722314
1140,768400.0,0.0,768400.0,768400.0,12271.062283918645
1141,768400.0,0.0,768400.0,768400.0,12271.041783183455
1142,768400.0,0.0,768400.0,768400.0,12271.021282516755
1143,768400.0,0.0,768400.0,768400.0,12271.000781918538
1144,768400.0,0.0,768400.0,768400.0,12270.980281388807
1145,768400.0,0.0,768400.0,768400.0,12270.959780927564
1146,768400.0,0.0,768400.0,768400.0,12270.939280534796
1147,768400.0,0.0,768400.0,768400.0,12270.918780210519
1148,768400.0,0.0,768400.0,768400.0,12270.89827995473
1149,768400.0,0.0,768400.0,768400.0,12270.877779767417
1150,768400.0,0.0,768400.0,768400.0,12270.85727964859
1151,768400.0,0.0,768400.0,768400.0,12270.836779598243
1152,768400.0,0.0,768400.0,768400.0,12270.81627961638
1153,768400.0,0.0,768400.0,768400.0,12270.795779703
1154,768400.0,0.0,768400.0,768400.0,12270.775279858099
1155,768400.0,0.0,768400.0,768400.0,12270.754780081685
1156,678664.0,0.0,678664.0,678664.0,12270.734280373748
1157,454606.0,0.0,454606.0,454606.0,8621.647626895903
1158,543643.0,0.0,543643.0,543643.0,10141.084875025063
1159,400064.0,0.0,400064.0,400064.0,7671.577737866574
1160,139444.0,0.0,139444.0,139444.0,2877.0294824703624
1161,115260.0,0.0,115260.0,115260.0,2403.3974203856405
1162,86337.0,0.0,86337.0,86337.0,1810.482757987118
1163,81118.0,0.0,81118.0,81118.0,1702.0155868441332
1164,143944.0,0.0,143944.0,143944.0,2861.4492960919965
1165,326681.0,0.0,326681.0,326681.0,6367.563733208474
1166,633543.0,0.0,633543.0,633543.0,11639.295688010177
1167,768400.0,0.0,768400.0,768400.0,12270.347627907842
1168,768400.0,0.0,768400.0,768400.0,12270.327129559866
1169,768400.0,0.0,768400.0,768400.0,12270.30663128036
1170,768400.0,0.0,768400.0,768400.0,12270.286133069332
1171,768400.0,0.0,768400.0,768400.0,12270.265634926776
1172,768400.0,0.0,768400.0,768400.0,12270.245136852696
1173,768400.0,0.0,768400.0,768400.0,12270.224638847087
1174,768400.0,0.0,768400.0,768400.0,12270.204140909944
1175,768400.0,0.0,768400.0,768400.0,12270.183643041279
1176,768400.0,0.0,768400.0,768400.0,12270.152402053038
1177,768400.0,0.0,768400.0,768400.0,12270.131904357197
1178,768400.0,0.0,768400.0,768400.0,12270.111406729826
1179,768400.0,0.0,768400.0,768400.0,12270.09090917093
1180,768400.0,0.0,768400.0,768400.0,12270.0704116805
1181,768400.0,0.0,768400.0,768400.0,12270.049914258541
1182,768400.0,0.0,768400.0,768400.0,12270.02941690505
1183,768400.0,0.0,768400.0,768400.0,12270.008919620032
1184,768400.0,0.0,768400.0,768400.0,12269.988422403476
1185,768400.0,0.0,768400.0,768400.0,12269.967925255392
1186,768400.0,0.0,768400.0,768400.0,12269.947428175778
1187,768400.0,0.0,768400.0,768400.0,12269.926931164626
1188,768400.0,0.0,768400.0,768400.0,12269.906434221943
1189,768400.0,0.0,768400.0,768400.0,12269.885937347728
1190,768400.0,0.0,768400.0,768400.0,12269.865440541984
1191,768400.0,0.0,768400.0,768400.0,12269.844943804701
1192,768400.0,0.0,768400.0,768400.0,12269.82444713588
1193,768400.0,0.0,768400.0,768400.0,12269.80395053553
1194,768400.0,0.0,768400.0,768400.0,12269.783454003646
1195,768400.0,0.0,768400.0,768400.0,12269.762957540222
1196,768400.0,0.0,768400.0,768400.0,12269.742461145264
1197,768400.0,0.0,768400.0,768400.0,12269.721964818773
1198,768400.0,0.0,768400.0,768400.0,12269.70146856074
1199,768400.0,0.0,768400.0,768400.0,12269.680972371178
1200,768400.0,0.0,768400.0,768400.0,12269.660476250072
1201,768400.0,0.0,768400.0,768400.0,12269.639980197435
1202,768400.0,0.0,768400.0,768400.0,12269.619484213259
1203,768400.0,0.0,768400.0,768400.0,12269.598988297541
1204,768400.0,0.0,768400.0,768400.0,12269.578492450288
1205,768400.0,0.0,768400.0,768400.0,12269.557996671492
1206,768400.0,0.0,768400.0,768400.0,12269.537500961165
1207,768400.0,0.0,768400.0,768400.0,12269.51700531929
1208,768400.0,0.0,768400.0,768400.0,12269.496509745879
1209,768400.0,0.0,768400.0,768400.0,12269.47601424093
1210,652828.0,0.0,652828.0,652828.0,11955.576673161708
1211,600000.0,0.0,600000.0,600000.0,11083.264306796089
1212,600000.0,0.0,600000.0,600000.0,11083.245793008791
1213,600000.0,0.0,600000.0,600000.0,11083.227279283328
1214,600000.0,0.0,600000.0,600000.0,11083.208765619702
1215,630079.0,0.0,630079.0,630079.0,11581.207058070457
1216,537855.0,0.0,537855.0,537855.0,10042.284621981316
1217,185337.0,0.0,185337.0,185337.0,3758.237348300129
1218,321220.0,0.0,321220.0,321220.0,6268.6779141655
1219,561994.0,0.0,561994.0,561994.0,10448.5178516976
1220,673613.0,0.0,673613.0,673613.0,12269.255937162054
1221,768400.0,0.0,768400.0,768400.0,12269.23544246066
1222,768400.0,0.0,768400.0,768400.0,12269.21494782773
1223,768400.0,0.0,768400.0,768400.0,12269.194453263248
1224,768400.0,0.0,768400.0,768400.0,12269.173958767222
1225,768400.0,0.0,768400.0,768400.0,12269.153464339652
1226,768400.0,0.0,768400.0,768400.0,12269.132969980534
1227,748557.0,0.0,748557.0,748557.0,12269.112475689872
1228,768400.0,0.0,768400.0,768400.0,12269.09198146766
1229,768400.0,0.0,768400.0,768400.0,12269.071487313906
1230,768400.0,0.0,768400.0,768400.0,12269.0509932286
1231,768400.0,0.0,768400.0,768400.0,12269.030499211747
1232,768400.0,0.0,768400.0,768400.0,12269.010005263352
1233,768400.0,0.0,768400.0,768400.0,12268.989511383405
1234,655934.0,0.0,655934.0,655934.0,12006.044782318293
1235,671199.0,0.0,671199.0,671199.0,12255.863062671651
1236,653135.0,0.0,653135.0,653135.0,11960.09810873802
1237,651954.0,0.0,651954.0,651954.0,11940.699522013834
1238,657874.0,0.0,657874.0,657874.0,12037.764893216869
1239,673282.0,0.0,673282.0,673282.0,12268.86677711713
1240,526060.0,0.0,526060.0,526060.0,9842.421903716713
1241,319578.0,0.0,319578.0,319578.0,6238.836250252742
1242,579772.0,0.0,579772.0,579772.0,10745.705719233238
1243,746735.0,0.0,746735.0,746735.0,12268.786945935573
1244,768400.0,0.0,768400.0,768400.0,12268.76645280066
1245,768400.0,0.0,768400.0,768400.0,12268.745959734195
1246,768400.0,0.0,768400.0,768400.0,12268.725466736174
1247,768400.0,0.0,768400.0,768400.0,12268.704973806602
1248,623858.0,0.0,623858.0,623858.0,11477.873058337593
1249,385428.0,0.0,385428.0,385428.0,7412.679510403413
1250,329136.0,0.0,329136.0,329136.0,6410.718584073667
1251,316505.0,0.0,316505.0,316505.0,6183.314117295688
1252,377136.0,0.0,377136.0,377136.0,7266.189877793686
1253,298514.0,0.0,298514.0,298514.0,5857.691154213363
1254,187776.0,0.0,187776.0,187776.0,3804.279920788205
1255,290460.0,0.0,290460.0,290460.0,5711.241472983466
1256,335261.0,0.0,335261.0,335261.0,6520.571919305633
1257,213951.0,0.0,213951.0,213951.0,4297.949961357352
1258,143521.0,0.0,143521.0,143521.0,2955.62141030458
1259,249999.0,0.0,249999.0,249999.0,4969.02407988549
1260,242976.0,0.0,242976.0,242976.0,4839.0301649187095
1261,363049.0,0.0,363049.0,363049.0,7016.399354057056
1262,331349.0,0.0,331349.0,331349.0,6450.331319298327
1263,219242.0,0.0,219242.0,219242.0,4397.02455698708
1264,256993.0,0.0,256993.0,256993.0,5098.079476236484
1265,115260.0,0.0,115260.0,115260.0,2402.885984354946
1266,283055.0,0.0,283055.0,283055.0,5576.135776492032
1267,115260.0,0.0,115260.0,115260.0,2402.877693646236
1268,23564.0,0.0,23564.0,23564.0,491.867109841188
1269,23423.0,0.0,23423.0,23423.0,489.0791184901267
1270,128346.0,0.0,128346.0,128346.0,2308.877587295262
1271,91404.0,0.0,91404.0,91404.0,1915.3776210923322
1272,276923.0,0.0,276923.0,276923.0,5349.859879147473
1273,155668.0,0.0,155668.0,155668.0,3190.1391791732162
1274,112880.0,0.0,112880.0,112880.0,2355.6840509886106
1275,99414.0,0.0,99414.0,99414.0,2083.868113710291
1276,100831.0,0.0,100831.0,100831.0,2101.8865255323035
1277,96454.0,0.0,96454.0,96454.0,2020.379247267561
1278,127208.0,0.0,127208.0,127208.0,2600.821249753518
1279,298636.0,0.0,298636.0,298636.0,5859.20392299763
1280,662761.0,0.0,662761.0,662761.0,12116.141001251319
1281,757482.0,0.0,757482.0,757482.0,12267.18065617527
1282,608511.0,0.0,608511.0,608511.0,11222.449945471906
1283,318424.0,0.0,318424.0,318424.0,6217.118945908959
1284,280166.0,0.0,280166.0,280166.0,5522.7729303028045
1285,195389.0,0.0,195389.0,195389.0,3947.935728680766
1286,320825.0,0.0,320825.0,320825.0,6260.354714476868
1287,600000.0,0.0,600000.0,600000.0,11081.097329399428
1288,478858.0,0.0,478858.0,478858.0,9036.44869096763
1289,126931.0,0.0,126931.0,126931.0,2631.956515485564
1290,119266.0,0.0,119266.0,119266.0,2481.5047114619965
1291,153163.0,0.0,153163.0,153163.0,3141.7117682624503
1292,91988.0,0.0,91988.0,91988.0,1926.9120568683713
1293,71298.0,0.0,71298.0,71298.0,1492.2686153115385
1294,52144.0,0.0,52144.0,52144.0,1092.8649744716708
1295,33090.0,0.0,33090.0,33090.0,690.5351254463035
1296,31807.0,0.0,31807.0,31807.0,665.1484586300195
1297,30562.0,0.0,30562.0,30562.0,640.4388565238457
1298,0.0,0.0,0.0,0.0,-0.0
1299,0.0,0.0,0.0,0.0,-0.0
1300,0.0,0.0,0.0,0.0,-0.0
1301,0.0,0.0,0.0,0.0,-0.0
1302,0.0,0.0,0.0,0.0,-0.0
1303,184935.0,0.0,184935.0,184935.0,3124.5712432089913
1304,518946.0,0.0,518946.0,518946.0,9719.517494090416
1305,600000.0,0.0,600000.0,600000.0,11080.120845997106
1306,600000.0,0.0,600000.0,600000.0,11080.102342707254
1307,600000.0,0.0,600000.0,600000.0,11080.083839479192
1308,600000.0,0.0,600000.0,600000.0,11080.065336312906
1309,600000.0,0.0,600000.0,600000.0,11080.046833208404
1310,600000.0,0.0,600000.0,600000.0,11080.028330165691
1311,595566.0,0.0,595566.0,595566.0,11006.303830228157
1312,355760.0,0.0,355760.0,355760.0,6885.2238923442665
1313,48442.0,0.0,48442.0,48442.0,1014.4839872225964
1314,48641.0,0.0,48641.0,48641.0,1018.4338334011163
1315,105755.0,0.0,105755.0,105755.0,2014.2738629495525
1316,148325.0,0.0,148325.0,148325.0,3047.786529455614
1317,154444.0,0.0,154444.0,154444.0,3165.92776124671
1318,225966.0,0.0,225966.0,225966.0,4521.413783425592
1319,218403.0,0.0,218403.0,218403.0,4380.0915200240515
1320,209221.0,0.0,209221.0,209221.0,4207.917378727576
1321,286948.0,0.0,286948.0,286948.0,5645.608992426686
1322,330253.0,0.0,330253.0,330253.0,6428.860232248194
1323,354992.0,0.0,354992.0,354992.0,6871.155983218791
1324,353727.0,0.0,353727.0,353727.0,6848.614981532276
1325,288193.0,0.0,288193.0,288193.0,5668.256176208688
1326,334120.0,0.0,334120.0,334120.0,6498.1945989006545
1327,559874.0,0.0,559874.0,559874.0,10409.34048083577
1328,439438.0,0.0,439438.0,439438.0,8354.994828251465
1329,351594.0,0.0,351594.0,351594.0,6810.548066883806
1330,259714.0,0.0,259714.0,259714.0,5146.695323291879
1331,304524.0,0.0,304524.0,304524.0,5964.833968074909
1332,262411.0,0.0,262411.0,262411.0,5196.3028826991895
1333,296020.0,0.0,296020.0,296020.0,5810.56283918288
1334,271787.0,0.0,271787.0,271787.0,5368.412784367686
1335,669429.0,0.0,669429.0,669429.0,12222.96348977184
1336,545531.0,0.0,545531.0,545531.0,10168.037530934016
1337,275939.0,0.0,275939.0,275939.0,5444.416383004819
1338,214709.0,0.0,214709.0,214709.0,4310.765892089061
1339,185807.0,0.0,185807.0,185807.0,3765.649981823404
1340,159469.0,0.0,159469.0,159469.0,3262.536643838718
1341,166351.0,0.0,166351.0,166351.0,3394.615303463341
1342,151443.0,0.0,151443.0,151443.0,3107.8961167624725
1343,134047.0,0.0,134047.0,134047.0,2770.429199603401
1344,87863.0,0.0,87863.0,87863.0,1839.8917348210928
1345,125138.0,0.0,125138.0,125138.0,2524.168135629987
1346,92148.0,0.0,92148.0,92148.0,1929.6880355735043
1347,77818.0,0.0,77818.0,77818.0,1630.9322062050894
1348,38031.0,0.0,38031.0,38031.0,798.1217730072067
1349,39603.0,0.0,39603.0,39603.0,829.3897075512073
1350,0.0,0.0,0.0,0.0,-0.0
1351,133328.0,0.0,133328.0,133328.0,2296.7666650667225
1352,438512.0,0.0,438512.0,438512.0,8337.909995563277
1353,381936.0,0.0,381936.0,381936.0,7347.874207457874
1354,547159.0,0.0,547159.0,547159.0,10194.33251208852
1355,538274.0,0.0,538274.0,538274.0,10044.554592684104
1356,598217.0,0.0,598217.0,598217.0,11048.287348147778
1357,600000.0,0.0,600000.0,600000.0,11077.892785412634
1358,600000.0,0.0,600000.0,600000.0,11077.874289561332
1359,418127.0,0.0,418127.0,418127.0,7983.05018161281
1360,298668.0,0.0,298668.0,298668.0,5857.872532215583
1361,136294.0,0.0,136294.0,136294.0,2813.8575972797657
1362,249305.0,0.0,249305.0,249305.0,4953.987229182426
1363,372167.0,0.0,372167.0,372167.0,7175.050434086094
1364,411609.0,0.0,411609.0,411609.0,7869.096148758286
1365,404814.0,0.0,404814.0,404814.0,7750.11391882985
1366,543007.0,0.0,543007.0,543007.0,10124.194026192541
1367,630967.0,0.0,630967.0,630967.0,11590.155459975433
1368,539184.0,0.0,539184.0,539184.0,10059.695288578794
1369,480138.0,0.0,480138.0,480138.0,9055.563221458326
1370,470394.0,0.0,470394.0,470394.0,8888.266960327594
1371,392494.0,0.0,392494.0,392494.0,7533.701804386184
1372,344801.0,0.0,344801.0,344801.0,6688.2719119973
1373,321212.0,0.0,321212.0,321212.0,6265.227954685895
1374,451054.0,0.0,451054.0,451054.0,8554.811200218192
1375,732793.0,0.0,732793.0,732793.0,12263.20601314023
1376,768400.0,0.0,768400.0,768400.0,12263.185538640735
1377,768400.0,0.0,768400.0,768400.0,12263.165064209596
1378,768400.0,0.0,768400.0,768400.0,12263.144589846816
1379,724976.0,0.0,724976.0,724976.0,12263.12411555238
1380,714255.0,0.0,714255.0,714255.0,12263.1036413263
1381,768400.0,0.0,768400.0,768400.0,12263.083167168576
1382,768400.0,0.0,768400.0,768400.0,12263.062693079204
1383,768400.0,0.0,768400.0,768400.0,12263.042219058185
1384,761764.0,0.0,761764.0,761764.0,12263.021745105518
1385,768400.0,0.0,768400.0,768400.0,12263.001271221203
1386,768400.0,0.0,768400.0,768400.0,12262.980797405235
1387,768400.0,0.0,768400.0,768400.0,12262.96032365762
1388,768400.0,0.0,768400.0,768400.0,12262.939849978357
1389,768400.0,0.0,768400.0,768400.0,12262.919376367445
1390,768400.0,0.0,768400.0,768400.0,12262.89890282488
1391,768400.0,0.0,768400.0,768400.0,12262.878429350667
1392,768400.0,0.0,768400.0,768400.0,12262.8579559448
1393,768400.0,0.0,768400.0,768400.0,12262.837482607285
1394,768400.0,0.0,768400.0,768400.0,12262.81700933812
1395,768400.0,0.0,768400.0,768400.0,12262.796536137294
1396,768400.0,0.0,768400.0,768400.0,12262.776063004827
1397,768400.0,0.0,768400.0,768400.0,12262.755589940705
1398,768400.0,0.0,768400.0,768400.0,12262.735116944927
1399,756907.0,0.0,756907.0,756907.0,12262.714644017497
1400,686801.0,0.0,686801.0,686801.0,12262.694171158415
1401,512658.0,0.0,512658.0,512658.0,9610.057089938256
1402,740643.0,0.0,740643.0,740643.0,12262.653771903975
1403,768400.0,0.0,768400.0,768400.0,12262.633299248108
1404,768400.0,0.0,768400.0,768400.0,12262.612826660587
1405,768400.0,0.0,768400.0,768400.0,12262.592354141407
1406,768400.0,0.0,768400.0,768400.0,12262.57188169057
1407,768400.0,0.0,768400.0,768400.0,12262.551409308078
1408,686841.0,0.0,686841.0,686841.0,12262.530936993935
1409,395078.0,0.0,395078.0,395078.0,7578.64117475832
1410,564556.0,0.0,564556.0,564556.0,10485.58348868311
1411,768400.0,0.0,768400.0,768400.0,12262.470884458375
1412,768400.0,0.0,768400.0,768400.0,12262.450412413049
1413,768400.0,0.0,768400.0,768400.0,12262.42994043606
1414,768400.0,0.0,768400.0,768400.0,12262.40946852742
1415,744662.0,0.0,744662.0,744662.0,12262.388996687116
1416,551699.0,0.0,551699.0,551699.0,10269.654249903248
1417,391651.0,0.0,391651.0,391651.0,7518.265722876275
1418,397533.0,0.0,397533.0,397533.0,7621.659671241369
1419,257877.0,0.0,257877.0,257877.0,5111.62052300285
1420,180128.0,0.0,180128.0,180128.0,3656.844429985885
1421,180098.0,0.0,180098.0,180098.0,3656.2674593575084
1422,178841.0,0.0,178841.0,178841.0,3632.3351117210227
1423,271720.0,0.0,271720.0,271720.0,5365.884089183426
1424,470209.0,0.0,470209.0,470209.0,8884.271098458123
1425,510045.0,0.0,510045.0,510045.0,9565.263938709337
1426,596444.0,0.0,596444.0,596444.0,11017.542025983454
1427,616923.0,0.0,616923.0,616923.0,11357.106622623583
1428,546746.0,0.0,546746.0,546746.0,10186.122039302694
1429,600159.0,0.0,600159.0,600159.0,11079.21611561871
1430,606189.0,0.0,606189.0,606189.0,11179.272574564842
1431,626195.0,0.0,626195.0,626195.0,11510.221591546215
1432,573800.0,0.0,573800.0,573800.0,10639.934037649798
1433,256375.0,0.0,256375.0,256375.0,5083.824868221318
1434,115260.0,0.0,115260.0,115260.0,2401.4602621122585
1435,115260.0,0.0,115260.0,115260.0,2401.4562419731237
1436,181006.0,0.0,181006.0,181006.0,3673.4446221328985
1437,286678.0,0.0,286678.0,286678.0,5639.066835157818
1438,182349.0,0.0,182349.0,182349.0,3698.9682120258663
1439,332744.0,0.0,332744.0,332744.0,6471.712054115934
1440,251470.0,0.0,251470.0,251470.0,4993.291414238285
1441,274753.0,0.0,274753.0,274753.0,5421.2586368049815
1442,216598.0,0.0,216598.0,216598.0,4344.9735105789605
1443,101620.0,0.0,101620.0,101620.0,2131.1928123189755
1444,13595.0,0.0,13595.0,13595.0,284.23725665668417
1445,26427.0,0.0,26427.0,26427.0,507.1854289714508
1446,27608.0,0.0,27608.0,27608.0,576.6969917678417
1447,356734.0,0.0,356734.0,356734.0,6037.333546390956
1448,641385.0,0.0,641385.0,641385.0,11759.443418563367
1449,600000.0,0.0,600000.0,600000.0,11075.562630641956
1450,600000.0,0.0,600000.0,600000.0,11075.544142568777
1451,600000.0,0.0,600000.0,600000.0,11075.5256545573
1452,600000.0,0.0,600000.0,600000.0,11075.507166607535
1453,516961.0,0.0,516961.0,516961.0,9681.707303781119
1454,239692.0,0.0,239692.0,239692.0,4774.9118270675435
1455,283632.0,0.0,283632.0,283632.0,5583.003312745833
1456,503774.0,0.0,503774.0,503774.0,9457.502771491458
1457,154271.0,0.0,154271.0,154271.0,3161.2993503531147
1458,0.0,0.0,0.0,0.0,-0.0
1459,40357.0,0.0,40357.0,40357.0,703.3332483091648
1460,41473.0,0.0,41473.0,41473.0,866.0995801923024
1461,116177.0,0.0,116177.0,116177.0,2167.127094417177
1462,207857.0,0.0,207857.0,207857.0,4180.277572138173
1463,348803.0,0.0,348803.0,348803.0,6757.74216798747
1464,432797.0,0.0,432797.0,432797.0,8236.019397013868
1465,535924.0,0.0,535924.0,535924.0,10001.765676757419
1466,585318.0,0.0,585318.0,585318.0,10830.233665957892
1467,633284.0,0.0,633284.0,633284.0,11624.96202783172
1468,647673.0,0.0,647673.0,647673.0,11861.562757444066
1469,699480.0,0.0,699480.0,699480.0,12259.779267898351
1470,736152.0,0.0,736152.0,736152.0,12259.758804837385
1471,768400.0,0.0,768400.0,768400.0,12259.738341844715
1472,768400.0,0.0,768400.0,768400.0,12259.717878920343
1473,768400.0,0.0,768400.0,768400.0,12259.697416064266
1474,768400.0,0.0,768400.0,768400.0,12259.676953276488
1475,768400.0,0.0,768400.0,768400.0,12259.656490557005
1476,768400.0,0.0,768400.0,768400.0,12259.636027905819
1477,768400.0,0.0,768400.0,768400.0,12259.615565322925
1478,768400.0,0.0,768400.0,768400.0,12259.595102808325
1479,622273.0,0.0,622273.0,622273.0,11443.11134446491
1480,289306.0,0.0,289306.0,289306.0,5685.728337739245
1481,390517.0,0.0,390517.0,390517.0,7496.497485573965
1482,476107.0,0.0,476107.0,476107.0,8983.530248813364
1483,596588.0,0.0,596588.0,596588.0,11017.49680296691
1484,553478.0,0.0,553478.0,553478.0,10297.082174741994
1485,590142.0,0.0,590142.0,590142.0,10910.24160234963
1486,724000.0,0.0,724000.0,724000.0,12259.435672075639
1487,768400.0,0.0,768400.0,768400.0,12259.415210161438
1488,768400.0,0.0,768400.0,768400.0,12259.394748315526
1489,768400.0,0.0,768400.0,768400.0,12259.374286537904
1490,768400.0,0.0,768400.0,768400.0,12259.353824828577
1491,768400.0,0.0,768400.0,768400.0,12259.333363187541
1492,768400.0,0.0,768400.0,768400.0,12259.312901614789
1493,768400.0,0.0,768400.0,768400.0,12259.292440110334
1494,768400.0,0.0,768400.0,768400.0,12259.271978674164
1495,768400.0,0.0,768400.0,768400.0,12259.251517306282
1496,768400.0,0.0,768400.0,768400.0,12259.23105600669
1497,768400.0,0.0,768400.0,768400.0,12259.21059477539
1498,768400.0,0.0,768400.0,768400.0,12259.190133612372
1499,768400.0,0.0,768400.0,768400.0,12259.169672517644
1500,768400.0,0.0,768400.0,768400.0,12259.1492114912
1501,768400.0,0.0,768400.0,768400.0,12259.128750533047
1502,768400.0,0.0,768400.0,768400.0,12259.10828964318
1503,726822.0,0.0,726822.0,726822.0,12259.087828821599
1504,768400.0,0.0,768400.0,768400.0,12259.067368068305
1505,743616.0,0.0,743616.0,743616.0,12259.046907383294
1506,527062.0,0.0,527062.0,527062.0,9851.303940498981
1507,448927.0,0.0,448927.0,448927.0,8514.983145063406
1508,566323.0,0.0,566323.0,566323.0,10512.131658249267
1509,482960.0,0.0,482960.0,482960.0,9100.58349677674
1510,494374.0,0.0,494374.0,494374.0,9295.720667653082
1511,552283.0,0.0,552283.0,552283.0,10276.530122314938
1512,672013.0,0.0,672013.0,672013.0,12258.896268843502
1513,623129.0,0.0,623129.0,623129.0,11456.589291087279
1514,631613.0,0.0,631613.0,631613.0,11596.512440962093
1515,648580.0,0.0,648580.0,648580.0,11875.513209684865
1516,693901.0,0.0,693901.0,693901.0,12258.814797904466
1517,650837.0,0.0,650837.0,650837.0,11912.505336125912
1518,753502.0,0.0,753502.0,753502.0,12258.773947158486
1519,581941.0,0.0,581941.0,581941.0,10772.955038352946
1520,319867.0,0.0,319867.0,319867.0,6238.549617548922
1521,484154.0,0.0,484154.0,484154.0,9120.833129460305
1522,394002.0,0.0,394002.0,394002.0,7557.249954950668
1523,415740.0,0.0,415740.0,415740.0,7938.084554718412
1524,423872.0,0.0,423872.0,423872.0,8079.8989958168395
1525,675491.0,0.0,675491.0,675491.0,12258.63582461501
1526,514035.0,0.0,514035.0,514035.0,9630.173377499612
1527,267110.0,0.0,267110.0,267110.0,5279.64424825177
1528,201132.0,0.0,201132.0,201132.0,4053.2427694102207
1529,202544.0,0.0,202544.0,202544.0,4079.8332187765486
1530,305376.0,0.0,305376.0,305376.0,5976.861510443222
1531,285029.0,0.0,285029.0,285029.0,5607.310040499331
1532,174900.0,0.0,174900.0,174900.0,3556.012288566117
1533,193808.0,0.0,193808.0,193808.0,3914.984713480156
1534,254532.0,0.0,254532.0,254532.0,5048.249051349546
1535,123377.0,0.0,123377.0,123377.0,2560.2420853936324
1536,126941.0,0.0,126941.0,126941.0,2630.0490072318216
1537,117348.0,0.0,117348.0,117348.0,2441.7810190501887
1538,273339.0,0.0,273339.0,273339.0,5393.708541165461
1539,378939.0,0.0,378939.0,378939.0,7291.6434497066575
1540,301291.0,0.0,301291.0,301291.0,5902.787135586049
1541,336051.0,0.0,336051.0,336051.0,6528.94569186095
1542,379611.0,0.0,379611.0,379611.0,7303.47403444063
1543,361381.0,0.0,361381.0,361381.0,6980.6424431327605
1544,445020.0,0.0,445020.0,445020.0,8446.862238394866
1545,290281.0,0.0,290281.0,290281.0,5702.821346871498
1546,410483.0,0.0,410483.0,410483.0,7845.9207181847305
1547,524696.0,0.0,524696.0,524696.0,9810.596519984567
1548,582533.0,0.0,582533.0,582533.0,10782.333821223225
1549,562996.0,0.0,562996.0,562996.0,10455.689423599468
1550,483602.0,0.0,483602.0,483602.0,9110.956182066326
1551,426264.0,0.0,426264.0,426264.0,8121.193843154714
1552,360327.0,0.0,360327.0,360327.0,6961.813860321921
1553,335380.0,0.0,335380.0,335380.0,6516.794953247317
1554,155817.0,0.0,155817.0,155817.0,3190.269606647672
1555,122479.0,0.0,122479.0,122479.0,2542.5367925941778
1556,115260.0,0.0,115260.0,115260.0,2400.5677004729096
1557,115260.0,0.0,115260.0,115260.0,2400.5636833063977
1558,115260.0,0.0,115260.0,115260.0,2400.5596661532613
1559,47504.0,0.0,47504.0,47504.0,995.1702175182158
1560,45627.0,0.0,45627.0,45627.0,953.1459536430215
1561,40790.0,0.0,40790.0,40790.0,852.4194033716839
1562,31049.0,0.0,31049.0,31049.0,649.6119536329242
1563,37185.0,0.0,37185.0,37185.0,759.8933607370593
1564,29884.0,0.0,29884.0,29884.0,626.4646188459961
1565,38939.0,0.0,38939.0,38939.0,785.4664148460934
1566,66033.0,0.0,66033.0,66033.0,1289.6643326065293
1567,439841.0,0.0,439841.0,439841.0,7834.29585518614
1568,521020.0,0.0,521020.0,521020.0,9747.545611328818
1569,720337.0,0.0,720337.0,720337.0,12257.233176602604
1570,659574.0,0.0,659574.0,659574.0,12054.11567675268
1571,653327.0,0.0,653327.0,653327.0,11951.770684177627
1572,664525.0,0.0,664525.0,664525.0,12135.066663198792
1573,678568.0,0.0,678568.0,678568.0,12257.151483974907
1574,706509.0,0.0,706509.0,706509.0,12257.131029683214
1575,747470.0,0.0,747470.0,747470.0,12257.110575459777
1576,644525.0,0.0,644525.0,644525.0,11807.242657175675
1577,519787.0,0.0,519787.0,519787.0,9726.499814212486
1578,761967.0,0.0,761967.0,761967.0,12257.0498225771
1579,768400.0,0.0,768400.0,768400.0,12257.029368624642
1580,768400.0,0.0,768400.0,768400.0,12257.00891474043
1581,768400.0,0.0,768400.0,768400.0,12256.988460924471
1582,768400.0,0.0,768400.0,768400.0,12256.968007176763
1583,768400.0,0.0,768400.0,768400.0,12256.947553497304
1584,768400.0,0.0,768400.0,768400.0,12256.927099886097
1585,768400.0,0.0,768400.0,768400.0,12256.906646343139
1586,768400.0,0.0,768400.0,768400.0,12256.886192868433
1587,768400.0,0.0,768400.0,768400.0,12256.865739461968
1588,768400.0,0.0,768400.0,768400.0,12256.84528612376
1589,768400.0,0.0,768400.0,768400.0,12256.824832853801
1590,768400.0,0.0,768400.0,768400.0,12256.804379652087
1591,768400.0,0.0,768400.0,768400.0,12256.78392651862
1592,768400.0,0.0,768400.0,768400.0,12256.7634734534
1593,366997.0,0.0,366997.0,366997.0,7079.3423927333815
1594,232106.0,0.0,232106.0,232106.0,4632.273002133894
1595,254556.0,0.0,254556.0,254556.0,5047.902750868973
1596,309520.0,0.0,309520.0,309520.0,6050.819131050454
1597,329875.0,0.0,329875.0,329875.0,6417.299768493621
1598,354579.0,0.0,354579.0,354579.0,6858.7286558097
1599,373320.0,0.0,373320.0,373320.0,7191.237789707493
1600,361975.0,0.0,361975.0,361975.0,6990.171732795661
1601,133006.0,0.0,133006.0,133006.0,2748.033954892642
1602,203219.0,0.0,203219.0,203219.0,4091.8089662216717
1603,485336.0,0.0,485336.0,485336.0,9139.400468629598
1604,504984.0,0.0,504984.0,504984.0,9474.655694083225
1605,745099.0,0.0,745099.0,745099.0,12256.51381143532
1606,745594.0,0.0,745594.0,745594.0,12256.493359271399
1607,768400.0,0.0,768400.0,768400.0,12256.472907175721
1608,648454.0,0.0,648454.0,648454.0,11871.128788064158
1609,527772.0,0.0,527772.0,527772.0,9861.177169975297
1610,680774.0,0.0,680774.0,680774.0,12256.41211883182
1611,568570.0,0.0,568570.0,568570.0,10547.47912944278
1612,340338.0,0.0,340338.0,340338.0,6604.536299545823
1613,259766.0,0.0,259766.0,259766.0,5143.683041752629
1614,583360.0,0.0,583360.0,583360.0,10794.457447140028
1615,740921.0,0.0,740921.0,740921.0,12256.313367142464
1616,765688.0,0.0,765688.0,765688.0,12256.29291564736
1617,714233.0,0.0,714233.0,714233.0,12256.2724642205
1618,480324.0,0.0,480324.0,480324.0,9053.353002395597
1619,362418.0,0.0,362418.0,362418.0,6997.8081757417585
1620,297610.0,0.0,297610.0,297610.0,5834.938670106554
1621,200842.0,0.0,200842.0,200842.0,4046.907507760639
1622,115848.0,0.0,115848.0,115848.0,2411.7341364323406
1623,115260.0,0.0,115260.0,115260.0,2400.143723159359
1624,20731.0,0.0,20731.0,20731.0,430.12634600173476
1625,706.0,0.0,706.0,706.0,-0.0
1626,0.0,0.0,0.0,0.0,-0.0
1627,0.0,0.0,0.0,0.0,-0.0
1628,122004.0,0.0,122004.0,122004.0,2110.460428208639
1629,261697.0,0.0,261697.0,261697.0,5178.680663737447
1630,366409.0,0.0,366409.0,366409.0,7067.987836192544
1631,389207.0,0.0,389207.0,389207.0,7470.655095761199
1632,530799.0,0.0,530799.0,530799.0,9911.315073948936
1633,768400.0,0.0,768400.0,768400.0,12255.158944731533
1634,768400.0,0.0,768400.0,768400.0,12255.138497088148
1635,768400.0,0.0,768400.0,768400.0,12255.11804951298
1636,768400.0,0.0,768400.0,768400.0,12255.097602006032
1637,768400.0,0.0,768400.0,768400.0,12255.077154567305
1638,768400.0,0.0,768400.0,768400.0,12255.056707196794
1639,768400.0,0.0,768400.0,768400.0,12255.036259894503
1640,768400.0,0.0,768400.0,768400.0,12255.01581266043
1641,759470.0,0.0,759470.0,759470.0,12254.995365494577
1642,715202.0,0.0,715202.0,715202.0,12254.97491839694
1643,768400.0,0.0,768400.0,768400.0,12254.954471367519
1644,705517.0,0.0,705517.0,705517.0,12254.934024406317
1645,639765.0,0.0,639765.0,639765.0,11726.91965008607
1646,768400.0,0.0,768400.0,768400.0,12254.893235914082
1647,734760.0,0.0,734760.0,734760.0,12254.872789157176
1648,653380.0,0.0,653380.0,653380.0,11950.350857875697
1649,428192.0,0.0,428192.0,428192.0,8152.446388739278
1650,768400.0,0.0,768400.0,768400.0,12254.812377125172
1651,768400.0,0.0,768400.0,768400.0,12254.791930638028
1652,768400.0,0.0,768400.0,768400.0,12254.771484219104
1653,768400.0,0.0,768400.0,768400.0,12254.751037868393
1654,768400.0,0.0,768400.0,768400.0,12254.73059158589
1655,768400.0,0.0,768400.0,768400.0,12254.710145371602
1656,768400.0,0.0,768400.0,768400.0,12254.689699225528
1657,730221.0,0.0,730221.0,730221.0,12254.669253147671
1658,704154.0,0.0,704154.0,704154.0,12254.648807138023
1659,671613.0,0.0,671613.0,671613.0,12248.312952137498
1660,688903.0,0.0,688903.0,688903.0,12254.607916573344
1661,708036.0,0.0,708036.0,708036.0,12254.587470768327
1662,690028.0,0.0,690028.0,690028.0,12254.567025031518
1663,724484.0,0.0,724484.0,724484.0,12254.54657936292
1664,542509.0,0.0,542509.0,542509.0,10108.334215488927
1665,224365.0,0.0,224365.0,224365.0,4487.200928154897
1666,235196.0,0.0,235196.0,235196.0,4688.7635784245085
1667,471022.0,0.0,471022.0,471022.0,8892.423906716896
1668,262332.0,0.0,262332.0,262332.0,5189.989010352918
1669,307491.0,0.0,307491.0,307491.0,6012.958433860642
1670,230349.0,0.0,230349.0,230349.0,4598.636419673867
1671,173395.0,0.0,173395.0,173395.0,3525.980713509434
1672,220236.0,0.0,220236.0,220236.0,4410.070989714721
1673,115260.0,0.0,115260.0,115260.0,2399.738865057113
1674,325202.0,0.0,325202.0,325202.0,6332.101381647876
1675,346523.0,0.0,346523.0,346523.0,6713.813554203857
1676,260043.0,0.0,260043.0,260043.0,5147.841338664031
1677,190628.0,0.0,190628.0,190628.0,3853.361049826885
1678,148010.0,0.0,148010.0,148010.0,3038.597053355698
1679,173624.0,0.0,173624.0,173624.0,3530.3012545983333
1680,115260.0,0.0,115260.0,115260.0,2399.707265517158
1681,190392.0,0.0,190392.0,190392.0,3848.865664513843
1682,115260.0,0.0,115260.0,115260.0,2399.699112188259
1683,173674.0,0.0,173674.0,173674.0,3531.2281827598113
1684,199424.0,0.0,199424.0,199424.0,4019.4376385064224
1685,277565.0,0.0,277565.0,277565.0,5468.949210177921
1686,360778.0,0.0,360778.0,360778.0,6967.407444664645
1687,761315.0,0.0,761315.0,761315.0,12254.085805492792
1688,768400.0,0.0,768400.0,768400.0,12254.065361429586
1689,768400.0,0.0,768400.0,768400.0,12254.044917434583
1690,768400.0,0.0,768400.0,768400.0,12254.024473507783
1691,768400.0,0.0,768400.0,768400.0,12254.004029649182
1692,768400.0,0.0,768400.0,768400.0,12253.983585858785
1693,768400.0,0.0,768400.0,768400.0,12253.963142136583
1694,768400.0,0.0,768400.0,768400.0,12253.942698482586
1695,768400.0,0.0,768400.0,768400.0,12253.922254896786
1696,768400.0,0.0,768400.0,768400.0,12253.90181137919
1697,768400.0,0.0,768400.0,768400.0,12253.88136792979
1698,768400.0,0.0,768400.0,768400.0,12253.86092454859
1699,768400.0,0.0,768400.0,768400.0,12253.840481235588
1700,768400.0,0.0,768400.0,768400.0,12253.820037990783
1701,768400.0,0.0,768400.0,768400.0,12253.799594814176
1702,768400.0,0.0,768400.0,768400.0,12253.77915170577
1703,768400.0,0.0,768400.0,768400.0,12253.758708665557
1704,768400.0,0.0,768400.0,768400.0,12253.738265693542
1705,768400.0,0.0,768400.0,768400.0,12253.717822789728
1706,671006.0,0.0,671006.0,671006.0,12237.476366868472
1707,475733.0,0.0,475733.0,475733.0,8972.689405120142
1708,321443.0,0.0,321443.0,321443.0,6264.145585334472
1709,285956.0,0.0,285956.0,285956.0,5621.787668802083
1710,308301.0,0.0,308301.0,308301.0,6027.171108710203
1711,630347.0,0.0,630347.0,630347.0,11570.65221912197
1712,692417.0,0.0,692417.0,692417.0,12253.579748906877
1713,619093.0,0.0,619093.0,619093.0,11384.933583422591
1714,600000.0,0.0,600000.0,600000.0,11068.736000505072
1715,600000.0,0.0,600000.0,600000.0,11068.717535210088
1716,636913.0,0.0,636913.0,636913.0,11678.656688546605
1717,637719.0,0.0,637719.0,637719.0,11691.895313083663
1718,633547.0,0.0,633547.0,633547.0,11623.222097563146
1719,630171.0,0.0,630171.0,630171.0,11567.597906446752
1720,535216.0,0.0,535216.0,535216.0,9984.441238300335
1721,277690.0,0.0,277690.0,277690.0,5470.88222894859
1722,115260.0,0.0,115260.0,115260.0,2399.519328022133
1723,50538.0,0.0,50538.0,50538.0,1059.6121191868945
1724,0.0,0.0,0.0,0.0,-0.0
1725,0.0,0.0,0.0,0.0,-0.0
1726,39891.0,0.0,39891.0,39891.0,695.1592176527325
1727,80062.0,0.0,80062.0,80062.0,1531.0337411797223
1728,175923.0,0.0,175923.0,175923.0,3449.5231250621446
1729,305554.0,0.0,305554.0,305554.0,5976.883489821361
1730,327976.0,0.0,327976.0,327976.0,6380.849619643712
1731,516914.0,0.0,516914.0,516914.0,9673.991821935868
1732,649460.0,0.0,649460.0,649460.0,11883.66374783589
1733,595430.0,0.0,595430.0,595430.0,10991.758776922801
1734,558264.0,0.0,558264.0,558264.0,10371.289285231445
1735,672541.0,0.0,672541.0,672541.0,12252.312152269045
1736,649079.0,0.0,649079.0,649079.0,11877.33588184384
1737,464237.0,0.0,464237.0,464237.0,8774.13629783915
1738,347964.0,0.0,347964.0,347964.0,6738.3074265477135
1739,339252.0,0.0,339252.0,339252.0,6582.747540644411
1740,397444.0,0.0,397444.0,397444.0,7613.489739796968
1741,487546.0,0.0,487546.0,487546.0,9173.833271570611
1742,744503.0,0.0,744503.0,744503.0,12252.173962978844
1743,323405.0,0.0,323405.0,323405.0,6298.603410623862
1744,740977.0,0.0,740977.0,740977.0,12252.134402073705
1745,611547.0,0.0,611547.0,611547.0,11258.807405732008
1746,561287.0,0.0,561287.0,561287.0,10421.768513338715
1747,746142.0,0.0,746142.0,746142.0,12252.073660396352
1748,768400.0,0.0,768400.0,768400.0,12252.0532230452
1749,768400.0,0.0,768400.0,768400.0,12252.032785762212
1750,768400.0,0.0,768400.0,768400.0,12252.012348547394
1751,768400.0,0.0,768400.0,768400.0,12251.991911400739
1752,588349.0,0.0,588349.0,588349.0,10873.653465814063
1753,719558.0,0.0,719558.0,719558.0,12251.951315236513
1754,588945.0,0.0,588945.0,588945.0,10883.536604360535
1755,376658.0,0.0,376658.0,376658.0,7247.30874117289
1756,223700.0,0.0,223700.0,223700.0,4473.747259063199
1757,213145.0,0.0,213145.0,213145.0,4276.430327983863
1758,513873.0,0.0,513873.0,513873.0,9621.968686797512
1759,461273.0,0.0,461273.0,461273.0,8722.790478305857
1760,768400.0,0.0,768400.0,768400.0,12251.814596271608
1761,493875.0,0.0,493875.0,493875.0,9281.615297953858
1762,496945.0,0.0,496945.0,496945.0,9333.963083986895
1763,570366.0,0.0,570366.0,570366.0,10573.456858348447
1764,647429.0,0.0,647429.0,647429.0,11849.725794960623
1765,417211.0,0.0,417211.0,417211.0,7959.032575691735
1766,353178.0,0.0,353178.0,353178.0,6830.8586634074845
1767,356563.0,0.0,356563.0,356563.0,6891.059618676281
1768,278416.0,0.0,278416.0,278416.0,5483.301330249657
1769,190849.0,0.0,190849.0,190849.0,3856.6190281151394
1770,201638.0,0.0,201638.0,201638.0,4060.224942960143
1771,180426.0,0.0,180426.0,180426.0,3658.955682743439
1772,186757.0,0.0,186757.0,186757.0,3779.116498019117
1773,154864.0,0.0,154864.0,154864.0,3170.020089540714
1774,115260.0,0.0,115260.0,115260.0,2399.1074718910154
1775,141259.0,0.0,141259.0,141259.0,2907.160693671985
1776,121427.0,0.0,121427.0,121427.0,2520.3480684710375
1777,115260.0,0.0,115260.0,115260.0,2399.095374733673
1778,115260.0,0.0,115260.0,115260.0,2399.0913624682335
1779,132661.0,0.0,132661.0,132661.0,2740.0026802707425
1780,161274.0,0.0,161274.0,161274.0,3293.1709151346904
1781,184383.0,0.0,184383.0,184383.0,3734.042489273472
1782,281280.0,0.0,281280.0,281280.0,5535.451383095739
1783,715639.0,0.0,715639.0,715639.0,12251.382189853137
1784,706137.0,0.0,706137.0,706137.0,12251.36175480831
1785,710264.0,0.0,710264.0,710264.0,12251.341319831638
1786,613570.0,0.0,613570.0,613570.0,11291.541955469624
1787,768400.0,0.0,768400.0,768400.0,12251.300642439106
1788,768400.0,0.0,768400.0,768400.0,12251.280207666261
1789,768400.0,0.0,768400.0,768400.0,12251.259772961572
1790,768400.0,0.0,768400.0,768400.0,12251.239338325031
1791,768400.0,0.0,768400.0,768400.0,12251.218903756653
1792,768400.0,0.0,768400.0,768400.0,12251.19846925643
1793,705282.0,0.0,705282.0,705282.0,12251.178034824356
1794,530452.0,0.0,530452.0,530452.0,9902.122695669628
1795,710271.0,0.0,710271.0,710271.0,12251.137646983789
1796,768400.0,0.0,768400.0,768400.0,12251.117212754572
1797,651871.0,0.0,651871.0,651871.0,11921.949438057065
1798,768400.0,0.0,768400.0,768400.0,12251.076409900874
1799,768400.0,0.0,768400.0,768400.0,12251.055975875901
1800,672867.0,0.0,672867.0,672867.0,12251.03554191908
1801,588265.0,0.0,588265.0,588265.0,10871.394910568382
1802,244780.0,0.0,244780.0,244780.0,4864.885610440649
1803,115260.0,0.0,115260.0,115260.0,2398.979628661035
1804,111572.0,0.0,111572.0,111572.0,2326.233421714673
1805,92627.0,0.0,92627.0,92627.0,1941.2626548615833
1806,177076.0,0.0,177076.0,177076.0,3545.0860978635124
1807,742541.0,0.0,742541.0,742541.0,12250.832591468756
1808,768400.0,0.0,768400.0,768400.0,12250.812158256811
1809,768400.0,0.0,768400.0,768400.0,12250.79172511302
1810,768400.0,0.0,768400.0,768400.0,12250.771292037374
1811,768400.0,0.0,768400.0,768400.0,12250.750859029871
1812,768400.0,0.0,768400.0,768400.0,12250.73042609052
1813,768400.0,0.0,768400.0,768400.0,12250.709993219312
1814,768400.0,0.0,768400.0,768400.0,12250.689560416253
1815,768400.0,0.0,768400.0,768400.0,12250.669127681336
1816,768400.0,0.0,768400.0,768400.0,12250.648695014566
1817,754450.0,0.0,754450.0,754450.0,12250.628262415943
1818,768400.0,0.0,768400.0,768400.0,12250.60782988546
1819,768400.0,0.0,768400.0,768400.0,12250.587397423124
1820,768400.0,0.0,768400.0,768400.0,12250.566965028933
1821,768400.0,0.0,768400.0,768400.0,12250.546532702885
1822,768400.0,0.0,768400.0,768400.0,12250.526100444979
1823,768400.0,0.0,768400.0,768400.0,12250.505668255219
1824,768400.0,0.0,768400.0,768400.0,12250.4852361336
1825,768400.0,0.0,768400.0,768400.0,12250.46480408012
1826,768400.0,0.0,768400.0,768400.0,12250.444372094787
1827,768400.0,0.0,768400.0,768400.0,12250.42394017759
1828,768400.0,0.0,768400.0,768400.0,12250.403508328542
1829,768400.0,0.0,768400.0,768400.0,12250.383076547629
1830,768400.0,0.0,768400.0,768400.0,12250.362644834857
1831,768400.0,0.0,768400.0,768400.0,12250.342213190224
1832,768400.0,0.0,768400.0,768400.0,12250.321781613735
1833,768400.0,0.0,768400.0,768400.0,12250.301350105385
1834,768400.0,0.0,768400.0,768400.0,12250.280918665172
1835,768400.0,0.0,768400.0,768400.0,12250.260487293097
1836,511034.0,0.0,511034.0,511034.0,9572.474134112474
1837,376991.0,0.0,376991.0,376991.0,7252.134240559303
1838,323774.0,0.0,323774.0,323774.0,6304.162032905489
1839,184864.0,0.0,184864.0,184864.0,3742.746887847018
1840,115260.0,0.0,115260.0,115260.0,2398.797009314136
1841,31769.0,0.0,31769.0,31769.0,663.435772230385
1842,144881.0,0.0,144881.0,144881.0,2625.4177952118425
1843,768400.0,0.0,768400.0,768400.0,12249.498056419245
1844,768400.0,0.0,768400.0,768400.0,12249.477627657609
1845,768400.0,0.0,768400.0,768400.0,12249.457198964088
1846,768400.0,0.0,768400.0,768400.0,12249.436770338702
1847,768400.0,0.0,768400.0,768400.0,12249.416341781436
1848,768400.0,0.0,768400.0,768400.0,12249.385207490895
1849,768400.0,0.0,768400.0,768400.0,12249.364779105576
1850,768400.0,0.0,768400.0,768400.0,12249.34435078838
1851,768400.0,0.0,768400.0,768400.0,12249.323922539306
1852,768400.0,0.0,768400.0,768400.0,12249.303494358359
1853,768400.0,0.0,768400.0,768400.0,12249.283066245533
1854,768400.0,0.0,768400.0,768400.0,12249.26263820083
1855,768400.0,0.0,768400.0,768400.0,12249.242210224245
1856,768400.0,0.0,768400.0,768400.0,12249.221782315786
1857,768400.0,0.0,768400.0,768400.0,12249.201354475446
1858,768400.0,0.0,768400.0,768400.0,12249.180926703228
1859,768400.0,0.0,768400.0,768400.0,12249.160498999128
1860,768400.0,0.0,768400.0,768400.0,12249.14007136315
1861,768400.0,0.0,768400.0,768400.0,12249.119643795291
1862,768400.0,0.0,768400.0,768400.0,12249.099216295554
1863,768400.0,0.0,768400.0,768400.0,12249.078788863932
1864,768400.0,0.0,768400.0,768400.0,12249.058361500434
1865,768400.0,0.0,768400.0,768400.0,12249.037934205051
1866,768400.0,0.0,768400.0,768400.0,12249.017506977787
1867,768400.0,0.0,768400.0,768400.0,12248.997079818642
1868,768400.0,0.0,768400.0,768400.0,12248.976652727612
1869,768400.0,0.0,768400.0,768400.0,12248.9562257047
1870,768400.0,0.0,768400.0,768400.0,12248.935798749904
1871,768400.0,0.0,768400.0,768400.0,12248.915371863228
1872,768400.0,0.0,768400.0,768400.0,12248.894945044667
1873,768400.0,0.0,768400.0,768400.0,12248.874518294215
1874,768400.0,0.0,768400.0,768400.0,12248.854091611885
1875,768400.0,0.0,768400.0,768400.0,12248.833664997666
1876,768400.0,0.0,768400.0,768400.0,12248.813238451567
1877,768400.0,0.0,768400.0,768400.0,12248.792811973583
1878,768400.0,0.0,768400.0,768400.0,12248.772385563705
1879,768400.0,0.0,768400.0,768400.0,12248.75195922195
1880,768400.0,0.0,768400.0,768400.0,12248.7315329483
1881,768400.0,0.0,768400.0,768400.0,12248.711106742772
1882,768400.0,0.0,768400.0,768400.0,12248.690680605348
1883,768400.0,0.0,768400.0,768400.0,12248.670254536037
1884,768400.0,0.0,768400.0,768400.0,12248.649828534844
1885,768400.0,0.0,768400.0,768400.0,12248.62940260176
1886,768400.0,0.0,768400.0,768400.0,12248.608976736788
1887,768400.0,0.0,768400.0,768400.0,12248.588550939923
1888,768400.0,0.0,768400.0,768400.0,12248.568125211172
1889,519061.0,0.0,519061.0,519061.0,9707.261934247821
1890,253139.0,0.0,253139.0,253139.0,5018.1284217723905
1891,395155.0,0.0,395155.0,395155.0,7570.894167695928
1892,671778.0,0.0,671778.0,671778.0,12244.868480461393
1893,737050.0,0.0,737050.0,737050.0,12248.46918015094
1894,738763.0,0.0,738763.0,738763.0,12248.448754820232
1895,667215.0,0.0,667215.0,667215.0,12170.337968332617
1896,515377.0,0.0,515377.0,515377.0,9644.700846295238
1897,272869.0,0.0,272869.0,272869.0,5380.345689062562
1898,267733.0,0.0,267733.0,267733.0,5286.288388525923
1899,229106.0,0.0,229106.0,229106.0,4573.0220655840085
1900,118857.0,0.0,118857.0,118857.0,2469.145012104688
1901,115260.0,0.0,115260.0,115260.0,2398.381521339234
1902,115260.0,0.0,115260.0,115260.0,2398.3775114488894
1903,608910.0,0.0,608910.0,608910.0,11211.60369204684
1904,742825.0,0.0,742825.0,742825.0,12248.257887975455
1905,600000.0,0.0,600000.0,600000.0,11063.890687047646
1906,600000.0,0.0,600000.0,600000.0,11063.872237911068
1907,651942.0,0.0,651942.0,651942.0,11920.28206162208
1908,634456.0,0.0,634456.0,634456.0,11633.139964501384
1909,641138.0,0.0,641138.0,641138.0,11742.97960174725
1910,645801.0,0.0,645801.0,645801.0,11819.521646889483
1911,647971.0,0.0,647971.0,647971.0,11855.10238399512
1912,646316.0,0.0,646316.0,646316.0,11827.93280609137
1913,391119.0,0.0,391119.0,391119.0,7499.705477500616
1914,236496.0,0.0,236496.0,236496.0,4710.192009103109
1915,331773.0,0.0,331773.0,331773.0,6446.4990076634585
1916,317809.0,0.0,317809.0,317809.0,6195.677297729799
1917,370755.0,0.0,370755.0,370755.0,7140.5262684582995
1918,552850.0,0.0,552850.0,552850.0,10276.689934501397
1919,554804.0,0.0,554804.0,554804.0,10309.47478799803
1920,500597.0,0.0,500597.0,500597.0,9393.167221474758
1921,485383.0,0.0,485383.0,485383.0,9133.556085350981
1922,370823.0,0.0,370823.0,370823.0,7141.668316122823
1923,326160.0,0.0,326160.0,326160.0,6345.738245974163
1924,312129.0,0.0,312129.0,312129.0,6093.2316956795785
1925,220243.0,0.0,220243.0,220243.0,4407.617094478843
1926,237505.0,0.0,237505.0,237505.0,4728.80764499176
1927,638895.0,0.0,638895.0,638895.0,11705.784119721098
1928,669512.0,0.0,669512.0,669512.0,12207.193549258354
1929,536480.0,0.0,536480.0,536480.0,10001.046914110873
1930,522643.0,0.0,522643.0,522643.0,9767.264645208568
1931,552940.0,0.0,552940.0,552940.0,10277.982847776257
1932,600000.0,0.0,600000.0,600000.0,11063.40349107254
1933,600000.0,0.0,600000.0,600000.0,11063.38504356034
1934,600000.0,0.0,600000.0,600000.0,11063.36659610964
1935,628254.0,0.0,628254.0,628254.0,11530.510717501724
1936,589256.0,0.0,589256.0,589256.0,10884.832088204528
1937,373256.0,0.0,373256.0,373256.0,7184.511962415905
1938,129318.0,0.0,129318.0,129318.0,2673.82829177775
1939,250646.0,0.0,250646.0,250646.0,4971.733098240214
1940,263550.0,0.0,263550.0,263550.0,5209.1784640597325
1941,226006.0,0.0,226006.0,226006.0,4514.974571032431
1942,188260.0,0.0,188260.0,188260.0,3806.186623109518
1943,263909.0,0.0,263909.0,263909.0,5215.742226968923
1944,248376.0,0.0,248376.0,248376.0,4929.79896353472
1945,177427.0,0.0,177427.0,177427.0,3600.548201754458
1946,59634.0,0.0,59634.0,59634.0,1248.863435503588
1947,0.0,0.0,0.0,0.0,-0.0
1948,0.0,0.0,0.0,0.0,-0.0
1949,0.0,0.0,0.0,0.0,-0.0
1950,5012.0,0.0,5012.0,5012.0,86.74381234872334
1951,322075.0,0.0,322075.0,322075.0,5269.924610275522
1952,458444.0,0.0,458444.0,458444.0,8670.150668274779
1953,392750.0,0.0,392750.0,392750.0,7527.355056068867
1954,349343.0,0.0,349343.0,349343.0,6759.507142256726
1955,444242.0,0.0,444242.0,444242.0,8424.935479635635
1956,555802.0,0.0,555802.0,555802.0,10324.921599857997
1957,581947.0,0.0,581947.0,581947.0,10762.061158858523
1958,376482.0,0.0,376482.0,376482.0,7240.763731609239
1959,293927.0,0.0,293927.0,293927.0,5763.095945387237
1960,55794.0,0.0,55794.0,55794.0,1167.9167113426367
1961,9703.0,0.0,9703.0,9703.0,201.87841611624577
1962,0.0,0.0,0.0,0.0,-0.0
1963,149203.0,0.0,149203.0,149203.0,2549.3057255959625
1964,233083.0,0.0,233083.0,233083.0,4645.757071162279
1965,235149.0,0.0,235149.0,235149.0,4684.1026104881
1966,219716.0,0.0,219716.0,219716.0,4396.819219255251
1967,244206.0,0.0,244206.0,244206.0,4851.84987533282
1968,174097.0,0.0,174097.0,174097.0,3536.4635506703644
1969,135733.0,0.0,135733.0,135733.0,2798.2347462023718
1970,151320.0,0.0,151320.0,151320.0,3099.960154552036
1971,74844.0,0.0,74844.0,74844.0,1564.351377094531
1972,0.0,0.0,0.0,0.0,-0.0
1973,0.0,0.0,0.0,0.0,-0.0
1974,3947.0,0.0,3947.0,3947.0,-0.0
1975,40634.0,0.0,40634.0,40634.0,706.9244055301631
1976,156146.0,0.0,156146.0,156146.0,2860.1097213128032
1977,161923.0,0.0,161923.0,161923.0,3303.4928190788833
1978,242326.0,0.0,242326.0,242326.0,4816.642249045729
1979,376021.0,0.0,376021.0,376021.0,7231.355487042491
1980,422682.0,0.0,422682.0,422682.0,8049.337502650946
1981,479793.0,0.0,479793.0,479793.0,9035.164165720618
1982,498148.0,0.0,498148.0,498148.0,9348.603363352124
1983,449151.0,0.0,449151.0,449151.0,8508.226319967103
1984,521612.0,0.0,521612.0,521612.0,9746.980236133195
1985,445946.0,0.0,445946.0,445946.0,8452.817776699547
1986,380685.0,0.0,380685.0,380685.0,7313.5638147722675
1987,706168.0,0.0,706168.0,706168.0,12244.21712812069
1988,746819.0,0.0,746819.0,746819.0,12244.19671696604
1989,768400.0,0.0,768400.0,768400.0,12244.176305879424
1990,768400.0,0.0,768400.0,768400.0,12244.15589486085
1991,768400.0,0.0,768400.0,768400.0,12244.135483910311
1992,768400.0,0.0,768400.0,768400.0,12244.11507302781
1993,711217.0,0.0,711217.0,711217.0,12244.09466221334
1994,671380.0,0.0,671380.0,671380.0,12233.963955963023
1995,523453.0,0.0,523453.0,523453.0,9777.950884402117
1996,493508.0,0.0,493508.0,493508.0,9269.295464739052
1997,503982.0,0.0,503982.0,503982.0,9447.66084970574
1998,478639.0,0.0,478639.0,478639.0,9015.143778835612
1999,768400.0,0.0,768400.0,768400.0,12243.9745681953
2000,732310.0,0.0,732310.0,732310.0,12243.954157849179
2001,635929.0,0.0,635929.0,635929.0,11653.310955901528
2002,662367.0,0.0,662367.0,662367.0,12086.668146986536
2003,715428.0,0.0,715428.0,715428.0,12243.89307606185
2004,768400.0,0.0,768400.0,768400.0,12243.872665987363
2005,768400.0,0.0,768400.0,768400.0,12243.852255980908
2006,768400.0,0.0,768400.0,768400.0,12243.831846042485
2007,768400.0,0.0,768400.0,768400.0,12243.811436172095
2008,299375.0,0.0,299375.0,299375.0,5860.557653390843
2009,485809.0,0.0,485809.0,485809.0,9137.643827781862
2010,274807.0,0.0,274807.0,274807.0,5413.569092770007
2011,736739.0,0.0,736739.0,736739.0,12243.733413055523
2012,630064.0,0.0,630064.0,630064.0,11556.593955042217
2013,643298.0,0.0,643298.0,643298.0,11774.14287960334
2014,463757.0,0.0,463757.0,463757.0,8759.497422344988
2015,481502.0,0.0,481502.0,481502.0,9063.894978232947
2016,308832.0,0.0,308832.0,308832.0,6031.483547851668
2017,207557.0,0.0,207557.0,207557.0,4168.507423343898
2018,160098.0,0.0,160098.0,160098.0,3268.2459769613015
2019,134143.0,0.0,134143.0,134143.0,2766.8450725522594
2020,115260.0,0.0,115260.0,115260.0,2397.311097865012
2021,115260.0,0.0,115260.0,115260.0,2397.3070915349886
2022,124360.0,0.0,124360.0,124360.0,2575.924982092169
2023,133250.0,0.0,133250.0,133250.0,2749.446772580284
2024,277558.0,0.0,277558.0,277558.0,5463.683342236235
2025,552206.0,0.0,552206.0,552206.0,10262.009607788003
2026,538871.0,0.0,538871.0,538871.0,10037.727612725279
2027,203603.0,0.0,203603.0,203603.0,4094.1730762421093
2028,466561.0,0.0,466561.0,466561.0,8807.49811752554
2029,411959.0,0.0,411959.0,411959.0,7861.732235713448
2030,115260.0,0.0,115260.0,115260.0,2397.2688570554933
2031,115260.0,0.0,115260.0,115260.0,2397.2648508659336
2032,115260.0,0.0,115260.0,115260.0,2397.260844689696
2033,80717.0,0.0,80717.0,80717.0,1689.8084690604524
2034,38006.0,0.0,38006.0,38006.0,796.0871051055342
2035,40965.0,0.0,40965.0,40965.0,854.7632310819905
2036,0.0,0.0,0.0,0.0,-0.0
2037,0.0,0.0,0.0,0.0,-0.0
2038,9926.0,0.0,9926.0,9926.0,171.82288246858224
2039,0.0,0.0,0.0,0.0,-0.0
2040,0.0,0.0,0.0,0.0,-0.0
2041,0.0,0.0,0.0,0.0,-0.0
2042,0.0,0.0,0.0,0.0,-0.0
2043,0.0,0.0,0.0,0.0,-0.0
2044,0.0,0.0,0.0,0.0,-0.0
2045,0.0,0.0,0.0,0.0,-0.0
2046,5865.0,0.0,5865.0,5865.0,100.56840518868196
2047,44453.0,0.0,44453.0,44453.0,789.2766165410014
2048,252508.0,0.0,252508.0,252508.0,4517.3688305360365
2049,376656.0,0.0,376656.0,376656.0,7241.270302539787
2050,503158.0,0.0,503158.0,503158.0,9432.269484026025
2051,495522.0,0.0,495522.0,495522.0,9302.244998830198
2052,588872.0,0.0,588872.0,588872.0,10873.595203229264
2053,600000.0,0.0,600000.0,600000.0,11058.38967176682
2054,600000.0,0.0,600000.0,600000.0,11058.371240967384
2055,600000.0,0.0,600000.0,600000.0,11058.352810229366
2056,561632.0,0.0,561632.0,561632.0,10418.938501416049
2057,326557.0,0.0,326557.0,326557.0,6349.683976090494
2058,0.0,0.0,0.0,0.0,-0.0
2059,0.0,0.0,0.0,0.0,-0.0
2060,0.0,0.0,0.0,0.0,-0.0
2061,0.0,0.0,0.0,0.0,-0.0
2062,0.0,0.0,0.0,0.0,-0.0
2063,0.0,0.0,0.0,0.0,-0.0
2064,0.0,0.0,0.0,0.0,-0.0
2065,0.0,0.0,0.0,0.0,-0.0
2066,0.0,0.0,0.0,0.0,-0.0
2067,0.0,0.0,0.0,0.0,-0.0
2068,0.0,0.0,0.0,0.0,-0.0
2069,0.0,0.0,0.0,0.0,-0.0
2070,77777.0,0.0,77777.0,77777.0,1355.4663420283346
2071,444522.0,0.0,444522.0,444522.0,8075.0880252294955
2072,590405.0,0.0,590405.0,590405.0,10898.153643230711
2073,600000.0,0.0,600000.0,600000.0,11057.445684285698
2074,600000.0,0.0,600000.0,600000.0,11057.427256632014
2075,600000.0,0.0,600000.0,600000.0,11057.408829039743
2076,600000.0,0.0,600000.0,600000.0,11057.390401508872
2077,600000.0,0.0,600000.0,600000.0,11057.371974039406
2078,600000.0,0.0,600000.0,600000.0,11057.35354663135
2079,600000.0,0.0,600000.0,600000.0,11057.335119284697
2080,533799.0,0.0,533799.0,533799.0,9950.23010528308
2081,294509.0,0.0,294509.0,294509.0,5770.937772835586
2082,0.0,0.0,0.0,0.0,-0.0
2083,0.0,0.0,0.0,0.0,-0.0
2084,0.0,0.0,0.0,0.0,-0.0
2085,0.0,0.0,0.0,0.0,-0.0
2086,0.0,0.0,0.0,0.0,-0.0
2087,30193.0,0.0,30193.0,30193.0,526.3405397248284
2088,55187.0,0.0,55187.0,55187.0,1066.3214188208767
2089,63299.0,0.0,63299.0,63299.0,1295.8381326406047
2090,62889.0,0.0,62889.0,62889.0,1312.5161770624863
2091,66509.0,0.0,66509.0,66509.0,1373.5317823079306
2092,79447.0,0.0,79447.0,79447.0,1613.3931211980148
2093,136376.0,0.0,136376.0,136376.0,2692.3404872688384
2094,267641.0,0.0,267641.0,267641.0,5280.691838544606
2095,559614.0,0.0,559614.0,559614.0,10383.263744651793
2096,768400.0,0.0,768400.0,768400.0,12239.971306590378
2097,750995.0,0.0,750995.0,750995.0,12239.950909586236
2098,461483.0,0.0,461483.0,461483.0,8717.61180837964
2099,674681.0,0.0,674681.0,674681.0,12239.910851105988
2100,705662.0,0.0,705662.0,705662.0,12239.890454303297
2101,740319.0,0.0,740319.0,740319.0,12239.870057568567
2102,768400.0,0.0,768400.0,768400.0,12239.849660901806
2103,670023.0,0.0,670023.0,670023.0,12207.595322848541
2104,625706.0,0.0,625706.0,625706.0,11481.108073165296
2105,393114.0,0.0,393114.0,393114.0,7529.403535255223
2106,436750.0,0.0,436750.0,436750.0,8290.462091130154
2107,768400.0,0.0,768400.0,768400.0,12239.749675415766
2108,768400.0,0.0,768400.0,768400.0,12239.729279150135
2109,768400.0,0.0,768400.0,768400.0,12239.708882952467
2110,756705.0,0.0,756705.0,756705.0,12239.688486822764
2111,721640.0,0.0,721640.0,721640.0,12239.668090761019
2112,766237.0,0.0,766237.0,766237.0,12239.64769476724
2113,692322.0,0.0,692322.0,692322.0,12239.62729884142
2114,588052.0,0.0,588052.0,588052.0,10857.58976184248
2115,176185.0,0.0,176185.0,176185.0,3574.3426396726504
2116,143404.0,0.0,143404.0,143404.0,2945.4753085827024
2117,115260.0,0.0,115260.0,115260.0,2396.4130754766675
2118,102463.0,0.0,102463.0,102463.0,2143.452558853104
2119,476443.0,0.0,476443.0,476443.0,8974.125994018626
2120,671912.0,0.0,671912.0,671912.0,12238.060747325762
2121,674686.0,0.0,674686.0,674686.0,12239.474801441904
2122,636887.0,0.0,636887.0,636887.0,11664.768779321983
2123,629702.0,0.0,629702.0,629702.0,11546.568873179567
2124,661697.0,0.0,661697.0,661697.0,12071.273343830782
2125,735111.0,0.0,735111.0,735111.0,12239.393506395436
2126,734796.0,0.0,734796.0,734796.0,12239.373111316589
2127,768400.0,0.0,768400.0,768400.0,12239.352716305697
2128,768400.0,0.0,768400.0,768400.0,12239.332321362766
2129,437688.0,0.0,437688.0,437688.0,8306.389932416057
2130,395574.0,0.0,395574.0,395574.0,7572.255316059661
2131,754726.0,0.0,754726.0,754726.0,12239.272961896462
2132,561183.0,0.0,561183.0,561183.0,10408.902557219068
2133,423191.0,0.0,423191.0,423191.0,8054.67304537717
2134,450993.0,0.0,450993.0,450993.0,8536.346654064026
2135,297629.0,0.0,297629.0,297629.0,5826.567556021971
2136,664206.0,0.0,664206.0,664206.0,12112.018624727154
2137,768400.0,0.0,768400.0,768400.0,12239.154084790835
2138,293617.0,0.0,293617.0,293617.0,5753.796730385321
2139,281368.0,0.0,281368.0,281368.0,5531.0585666430325
2140,265283.0,0.0,265283.0,265283.0,5237.056393326128
2141,403887.0,0.0,403887.0,403887.0,7717.764200792915
2142,622525.0,0.0,622525.0,622525.0,11427.962687933794
2143,651705.0,0.0,651705.0,651705.0,11907.458058789525
2144,768400.0,0.0,768400.0,768400.0,12239.017075585934
2145,768400.0,0.0,768400.0,768400.0,12238.996681761348
2146,768400.0,0.0,768400.0,768400.0,12238.976288004716
2147,768400.0,0.0,768400.0,768400.0,12238.955894316032
2148,768400.0,0.0,768400.0,768400.0,12238.935500695296
2149,768400.0,0.0,768400.0,768400.0,12238.915107142513
2150,768400.0,0.0,768400.0,768400.0,12238.894713657677
2151,768400.0,0.0,768400.0,768400.0,12238.874320240791
2152,768400.0,0.0,768400.0,768400.0,12238.853926891854
2153,713418.0,0.0,713418.0,713418.0,12238.833533610865
2154,479256.0,0.0,479256.0,479256.0,9021.76137682904
2155,741741.0,0.0,741741.0,741741.0,12238.793414986396
2156,768400.0,0.0,768400.0,768400.0,12238.773021907025
2157,768400.0,0.0,768400.0,768400.0,12238.752628895603
2158,768400.0,0.0,768400.0,768400.0,12238.732235952124
2159,702020.0,0.0,702020.0,702020.0,12238.711843076593
2160,555628.0,0.0,555628.0,555628.0,10315.33865776747
2161,566650.0,0.0,566650.0,566650.0,10499.872681833758
2162,445607.0,0.0,445607.0,445607.0,8442.933725706167
2163,414982.0,0.0,414982.0,414982.0,7911.279808939678
2164,341560.0,0.0,341560.0,341560.0,6616.163796575446
2165,332813.0,0.0,332813.0,332813.0,6459.815984638463
2166,579547.0,0.0,579547.0,579547.0,10715.073092761888
2167,768400.0,0.0,768400.0,768400.0,12238.55396487158
2168,768400.0,0.0,768400.0,768400.0,12238.533572590022
2169,768400.0,0.0,768400.0,768400.0,12238.513180376403
2170,768400.0,0.0,768400.0,768400.0,12238.492788230727
2171,768400.0,0.0,768400.0,768400.0,12238.472396152993
2172,768400.0,0.0,768400.0,768400.0,12238.4520041432
2173,768400.0,0.0,768400.0,768400.0,12238.43161220135
2174,768400.0,0.0,768400.0,768400.0,12238.411220327444
2175,768400.0,0.0,768400.0,768400.0,12238.390828521477
2176,768400.0,0.0,768400.0,768400.0,12238.370436783449
2177,768400.0,0.0,768400.0,768400.0,12238.35004511336
2178,571872.0,0.0,571872.0,571872.0,10586.826898370662
2179,768400.0,0.0,768400.0,768400.0,12238.309595944573
2180,546509.0,0.0,546509.0,546509.0,10161.911738377086
2181,741257.0,0.0,741257.0,741257.0,12238.2692357442
2182,697394.0,0.0,697394.0,697394.0,12238.24884441129
2183,736657.0,0.0,736657.0,736657.0,12238.228453146316
2184,520886.0,0.0,520886.0,520886.0,9729.733517019105
2185,611863.0,0.0,611863.0,611863.0,11251.099417776752
2186,485560.0,0.0,485560.0,485560.0,9129.063216750612
2187,444033.0,0.0,444033.0,444033.0,8415.35851683697
2188,539673.0,0.0,539673.0,539673.0,10046.772446942388
2189,590729.0,0.0,590729.0,590729.0,10900.734448215147
2190,661631.0,0.0,661631.0,661631.0,12068.875311708109
2191,768400.0,0.0,768400.0,768400.0,12238.05754739347
2192,739405.0,0.0,739405.0,739405.0,12238.037156765837
2193,680368.0,0.0,680368.0,680368.0,12238.016766206136
2194,691614.0,0.0,691614.0,691614.0,12237.996375714374
2195,742215.0,0.0,742215.0,742215.0,12237.975985290546
2196,751941.0,0.0,751941.0,751941.0,12237.955594934652
2197,768400.0,0.0,768400.0,768400.0,12237.935204646687
2198,743796.0,0.0,743796.0,743796.0,12237.914814426662
2199,744918.0,0.0,744918.0,744918.0,12237.894424274562
2200,751586.0,0.0,751586.0,751586.0,12237.874034190401
2201,481140.0,0.0,481140.0,481140.0,9053.26673277383
2202,183844.0,0.0,183844.0,183844.0,3719.2184419380483
2203,196791.0,0.0,196791.0,196791.0,3963.9178224692323
2204,133624.0,0.0,133624.0,133624.0,2755.268940142814
2205,115260.0,0.0,115260.0,115260.0,2396.0152632490835
2206,82025.0,0.0,82025.0,82025.0,1714.8808363370683
2207,0.0,0.0,0.0,0.0,-0.0
2208,0.0,0.0,0.0,0.0,-0.0
2209,0.0,0.0,0.0,0.0,-0.0
2210,0.0,0.0,0.0,0.0,-0.0
2211,89954.0,0.0,89954.0,89954.0,1567.6344745441793
2212,204525.0,0.0,204525.0,204525.0,4023.5141425793545
2213,344014.0,0.0,344014.0,344014.0,6658.9140077676475
2214,768400.0,0.0,768400.0,768400.0,12236.814635027682
2215,768400.0,0.0,768400.0,768400.0,12236.794248540824
2216,768400.0,0.0,768400.0,768400.0,12236.77386212188
2217,768400.0,0.0,768400.0,768400.0,12236.753475770845
2218,768400.0,0.0,768400.0,768400.0,12236.73308948773
2219,768400.0,0.0,768400.0,768400.0,12236.712703272522
2220,768400.0,0.0,768400.0,768400.0,12236.692317125231
2221,768400.0,0.0,768400.0,768400.0,12236.671931045854
2222,768400.0,0.0,768400.0,768400.0,12236.651545034385
2223,768400.0,0.0,768400.0,768400.0,12236.63115909083
2224,768400.0,0.0,768400.0,768400.0,12236.610773215183
2225,768400.0,0.0,768400.0,768400.0,12236.59038740745
2226,768400.0,0.0,768400.0,768400.0,12236.570001667627
2227,768400.0,0.0,768400.0,768400.0,12236.549615995717
2228,768400.0,0.0,768400.0,768400.0,12236.52923039171
2229,768400.0,0.0,768400.0,768400.0,12236.508844855616
2230,768400.0,0.0,768400.0,768400.0,12236.488459387434
2231,768400.0,0.0,768400.0,768400.0,12236.468073987162
2232,768400.0,0.0,768400.0,768400.0,12236.447688654795
2233,768400.0,0.0,768400.0,768400.0,12236.427303390336
2234,768400.0,0.0,768400.0,768400.0,12236.406918193787
2235,752932.0,0.0,752932.0,752932.0,12236.386533065146
2236,701890.0,0.0,701890.0,701890.0,12236.366148004412
2237,479688.0,0.0,479688.0,479688.0,9027.273617657309
2238,479208.0,0.0,479208.0,479208.0,9019.044678581378
2239,768400.0,0.0,768400.0,768400.0,12236.306326711001
2240,768400.0,0.0,768400.0,768400.0,12236.285941917453
2241,768400.0,0.0,768400.0,768400.0,12236.265557191808
2242,768400.0,0.0,768400.0,768400.0,12236.245172534062
2243,768400.0,0.0,768400.0,768400.0,12236.22478794423
2244,768400.0,0.0,768400.0,768400.0,12236.2044034223
2245,768400.0,0.0,768400.0,768400.0,12236.184018968275
2246,768400.0,0.0,768400.0,768400.0,12236.163634582157
2247,768400.0,0.0,768400.0,768400.0,12236.143250263933
2248,768400.0,0.0,768400.0,768400.0,12236.122866013618
2249,768400.0,0.0,768400.0,768400.0,12236.102481831205
2250,689077.0,0.0,689077.0,689077.0,12236.082097716697
2251,768400.0,0.0,768400.0,768400.0,12236.06171367009
2252,730445.0,0.0,730445.0,730445.0,12236.041329691383
2253,622576.0,0.0,622576.0,622576.0,11425.945418781967
2254,519518.0,0.0,519518.0,519518.0,9704.793298220218
2255,385584.0,0.0,385584.0,385584.0,7394.617900909041
2256,205959.0,0.0,205959.0,205959.0,4135.655307723985
2257,115260.0,0.0,115260.0,115260.0,2395.6028920004583
2258,115260.0,0.0,115260.0,115260.0,2395.598891348819
2259,22820.0,0.0,22820.0,22820.0,475.81312568869225
2260,0.0,0.0,0.0,0.0,-0.0
2261,0.0,0.0,0.0,0.0,-0.0
2262,139439.0,0.0,139439.0,139439.0,2389.554608313745
2263,523787.0,0.0,523787.0,523787.0,9776.188958373497
2264,571301.0,0.0,571301.0,571301.0,10574.354250969769
2265,600000.0,0.0,600000.0,600000.0,11051.762004407423
2266,584703.0,0.0,584703.0,584703.0,10797.696571502227
2267,635563.0,0.0,635563.0,635563.0,11638.673816777038
2268,655182.0,0.0,655182.0,655182.0,11960.326379282415
2269,612931.0,0.0,612931.0,612931.0,11265.69302877395
2270,459446.0,0.0,459446.0,459446.0,8678.827949304668
2271,594734.0,0.0,594734.0,594734.0,10964.305610314854
2272,634024.0,0.0,634024.0,634024.0,11613.281343179424
2273,350326.0,0.0,350326.0,350326.0,6770.150486289491
2274,597838.0,0.0,597838.0,597838.0,11015.75055277836
2275,616565.0,0.0,616565.0,616565.0,11325.60162651373
2276,711619.0,0.0,711619.0,711619.0,12234.745903374635
2277,478790.0,0.0,478790.0,478790.0,9010.672167737068
2278,682494.0,0.0,682494.0,682494.0,12234.705813290588
2279,733207.0,0.0,733207.0,733207.0,12234.685433828312
2280,761810.0,0.0,761810.0,761810.0,12234.665054433917
2281,768400.0,0.0,768400.0,768400.0,12234.644675107396
2282,768400.0,0.0,768400.0,768400.0,12234.62429584876
2283,768400.0,0.0,768400.0,768400.0,12234.603916658001
2284,768400.0,0.0,768400.0,768400.0,12234.583537535116
2285,768400.0,0.0,768400.0,768400.0,12234.563158480112
2286,768400.0,0.0,768400.0,768400.0,12234.542779492984
2287,750853.0,0.0,750853.0,750853.0,12234.522400573731
2288,673685.0,0.0,673685.0,673685.0,12234.502021722352
2289,337294.0,0.0,337294.0,337294.0,6537.622316568942
2290,262807.0,0.0,262807.0,262807.0,5189.5116229225305
2291,289727.0,0.0,289727.0,289727.0,5680.822113800277
2292,147145.0,0.0,147145.0,147145.0,3016.352808424775
2293,175075.0,0.0,175075.0,175075.0,3551.537378948116
2294,140924.0,0.0,140924.0,140924.0,2896.068457969273
2295,115260.0,0.0,115260.0,115260.0,2395.2497292325984
2296,94194.0,0.0,94194.0,94194.0,1969.3518757452355
2297,18178.0,0.0,18178.0,18178.0,379.06097482198993
2298,104498.0,0.0,104498.0,104498.0,1879.505724420525
2299,238598.0,0.0,238598.0,238598.0,4743.03393922381
2300,387735.0,0.0,387735.0,387735.0,7430.90259366045
2301,597233.0,0.0,597233.0,597233.0,11004.58610736719
2302,709061.0,0.0,709061.0,709061.0,12233.525199967
2303,675560.0,0.0,675560.0,675560.0,12233.50482443665
2304,594070.0,0.0,594070.0,594070.0,10952.04956285633
2305,611555.0,0.0,611555.0,611555.0,11241.6338702223
2306,493224.0,0.0,493224.0,493224.0,9256.190074063034
2307,392289.0,0.0,392289.0,392289.0,7510.805988860363
2308,366805.0,0.0,366805.0,366805.0,7061.684875030247
2309,192543.0,0.0,192543.0,192543.0,3882.2259812912357
2310,340662.0,0.0,340662.0,340662.0,6597.124131545229
2311,123429.0,0.0,123429.0,123429.0,2555.2729385691005
2312,204786.0,0.0,204786.0,204786.0,4112.658216574746
2313,220974.0,0.0,220974.0,220974.0,4415.4997877586175
2314,263291.0,0.0,263291.0,263291.0,5197.849175023373
2315,518918.0,0.0,518918.0,518918.0,9692.421240723503
2316,284740.0,0.0,284740.0,284740.0,5589.581379130104
2317,233586.0,0.0,233586.0,233586.0,4650.010743376935
2318,227040.0,0.0,227040.0,227040.0,4528.419642222879
2319,169595.0,0.0,169595.0,169595.0,3446.7388983758933
2320,212742.0,0.0,212742.0,212742.0,4261.702207547451
2321,120652.0,0.0,120652.0,120652.0,2500.8466360632187
2322,28161.0,0.0,28161.0,28161.0,586.1670897508988
2323,328168.0,0.0,328168.0,328168.0,5576.698935915386
2324,558154.0,0.0,558154.0,558154.0,10352.307450593104
2325,303067.0,0.0,303067.0,303067.0,5921.487592131912
2326,182110.0,0.0,182110.0,182110.0,3684.519474351027
2327,255502.0,0.0,255502.0,255502.0,5054.412434411054
2328,248928.0,0.0,248928.0,248928.0,4933.357134688132
2329,288821.0,0.0,288821.0,288821.0,5663.328214029976
2330,284760.0,0.0,284760.0,284760.0,5589.498091557979
2331,205239.0,0.0,205239.0,205239.0,4120.788819373527
2332,153715.0,0.0,153715.0,153715.0,3142.3244285887727
2333,179972.0,0.0,179972.0,179972.0,3643.91316052215
2334,150687.0,0.0,150687.0,150687.0,3084.0395921055306
2335,94079.0,0.0,94079.0,94079.0,1966.6858430892257
2336,55231.0,0.0,55231.0,55231.0,1155.2051099386958
2337,68286.0,0.0,68286.0,68286.0,1383.1870057703713
2338,322178.0,0.0,322178.0,322178.0,5917.465290959737
2339,434454.0,0.0,434454.0,434454.0,8245.059487767603
2340,356118.0,0.0,356118.0,356118.0,6871.29255823216
2341,385672.0,0.0,385672.0,385672.0,7393.47698882296
2342,116292.0,0.0,116292.0,116292.0,2414.9477377965213
2343,179216.0,0.0,179216.0,179216.0,3629.3713840775804
2344,191685.0,0.0,191685.0,191685.0,3865.4384021232127
2345,640401.0,0.0,640401.0,640401.0,11715.015112326846
2346,469147.0,0.0,469147.0,469147.0,8843.131335892227
2347,572416.0,0.0,572416.0,572416.0,10590.02627976932
2348,768400.0,0.0,768400.0,768400.0,12231.624487277211
2349,768400.0,0.0,768400.0,768400.0,12231.604118075844
2350,768400.0,0.0,768400.0,768400.0,12231.583748942301
2351,753379.0,0.0,753379.0,753379.0,12231.563379876585
2352,537168.0,0.0,537168.0,537168.0,9999.075608026415
2353,639583.0,0.0,639583.0,639583.0,11701.423987862292
2354,371574.0,0.0,371574.0,371574.0,7144.823617629619
2355,616711.0,0.0,616711.0,616711.0,11324.935465526265
2356,384650.0,0.0,384650.0,384650.0,7375.306168605458
2357,331034.0,0.0,331034.0,331034.0,6423.95235112501
2358,602380.0,0.0,602380.0,602380.0,11087.94504546921
2359,534828.0,0.0,534828.0,534828.0,9959.543265139688
2360,768400.0,0.0,768400.0,768400.0,12231.374235858555
2361,768400.0,0.0,768400.0,768400.0,12231.35386749049
2362,768400.0,0.0,768400.0,768400.0,12231.33349919025
2363,768400.0,0.0,768400.0,768400.0,12231.31313095783
2364,768400.0,0.0,768400.0,768400.0,12231.292762793233
2365,768400.0,0.0,768400.0,768400.0,12231.272394696458
2366,768400.0,0.0,768400.0,768400.0,12231.252026667504
2367,768400.0,0.0,768400.0,768400.0,12231.231658706376
2368,768400.0,0.0,768400.0,768400.0,12231.211290813064
2369,642535.0,0.0,642535.0,642535.0,11749.55155252366
2370,577679.0,0.0,577679.0,577679.0,10677.371113108811
2371,768400.0,0.0,768400.0,768400.0,12231.150596808902
2372,768400.0,0.0,768400.0,768400.0,12231.130229185512
2373,768400.0,0.0,768400.0,768400.0,12231.109861629942
2374,768400.0,0.0,768400.0,768400.0,12231.089494142192
2375,768400.0,0.0,768400.0,768400.0,12231.069126722257
2376,634115.0,0.0,634115.0,634115.0,11611.170063230004
2377,485867.0,0.0,485867.0,485867.0,9128.81475345494
2378,572587.0,0.0,572587.0,572587.0,10592.320062962308
2379,437620.0,0.0,437620.0,437620.0,8299.325807650239
2380,381458.0,0.0,381458.0,381458.0,7318.819120659064
2381,399493.0,0.0,399493.0,399493.0,7635.495217602491
2382,346771.0,0.0,346771.0,346771.0,6704.610678421978
2383,656313.0,0.0,656313.0,656313.0,11974.904450034295
2384,653367.0,0.0,653367.0,653367.0,11926.703158862332
2385,697557.0,0.0,697557.0,697557.0,12230.870729859102
2386,749216.0,0.0,749216.0,749216.0,12230.8503631676
2387,768400.0,0.0,768400.0,768400.0,12230.829996543911
2388,768400.0,0.0,768400.0,768400.0,12230.809629988038
2389,768400.0,0.0,768400.0,768400.0,12230.789263499983
2390,768400.0,0.0,768400.0,768400.0,12230.76889707974
2391,505242.0,0.0,505242.0,505242.0,9458.531301991945
2392,768400.0,0.0,768400.0,768400.0,12230.728734927776
2393,746998.0,0.0,746998.0,746998.0,12230.708368709076
2394,727058.0,0.0,727058.0,727058.0,12230.688002558189
2395,768400.0,0.0,768400.0,768400.0,12230.667636475113
2396,768400.0,0.0,768400.0,768400.0,12230.647270459847
2397,643257.0,0.0,643257.0,643257.0,11760.848227830658
2398,768400.0,0.0,768400.0,768400.0,12230.60663197759
2399,768400.0,0.0,768400.0,768400.0,12230.586266165443
2400,768400.0,0.0,768400.0,768400.0,12230.56590042112
2401,768400.0,0.0,768400.0,768400.0,12230.545534744595
2402,768400.0,0.0,768400.0,768400.0,12230.525169135886
2403,768400.0,0.0,768400.0,768400.0,12230.504803594984
2404,768400.0,0.0,768400.0,768400.0,12230.484438121897
2405,768400.0,0.0,768400.0,768400.0,12230.464072716617
2406,768400.0,0.0,768400.0,768400.0,12230.443707379143
2407,768400.0,0.0,768400.0,768400.0,12230.423342109481
2408,768400.0,0.0,768400.0,768400.0,12230.402976907624
2409,768400.0,0.0,768400.0,768400.0,12230.382611773577
2410,768400.0,0.0,768400.0,768400.0,12230.362246707335
2411,768400.0,0.0,768400.0,768400.0,12230.341881708899
2412,768400.0,0.0,768400.0,768400.0,12230.321516778273
2413,768400.0,0.0,768400.0,768400.0,12230.301151915453
2414,768400.0,0.0,768400.0,768400.0,12230.280787120437
2415,768400.0,0.0,768400.0,768400.0,12230.260422393229
2416,768400.0,0.0,768400.0,768400.0,12230.240057733825
2417,768400.0,0.0,768400.0,768400.0,12230.219693142231
2418,768400.0,0.0,768400.0,768400.0,12230.199328618435
2419,768400.0,0.0,768400.0,768400.0,12230.178964162444
2420,768400.0,0.0,768400.0,768400.0,12230.15859977426
2421,768400.0,0.0,768400.0,768400.0,12230.138235453878
2422,767677.0,0.0,767677.0,767677.0,12230.117871201299
2423,724130.0,0.0,724130.0,724130.0,12230.097507016526
2424,751710.0,0.0,751710.0,751710.0,12230.077142899554
2425,768400.0,0.0,768400.0,768400.0,12230.056778850381
2426,768400.0,0.0,768400.0,768400.0,12230.036414869015
2427,768400.0,0.0,768400.0,768400.0,12230.016050955446
2428,768400.0,0.0,768400.0,768400.0,12229.995687109686
2429,768400.0,0.0,768400.0,768400.0,12229.975323331715
2430,768400.0,0.0,768400.0,768400.0,12229.954959621557
2431,768400.0,0.0,768400.0,768400.0,12229.934595979194
2432,768400.0,0.0,768400.0,768400.0,12229.91423240463
2433,768400.0,0.0,768400.0,768400.0,12229.893868897863
2434,768400.0,0.0,768400.0,768400.0,12229.873505458901
2435,555912.0,0.0,555912.0,555912.0,10312.503094016
2436,768400.0,0.0,768400.0,768400.0,12229.83316781244
2437,611173.0,0.0,611173.0,611173.0,11231.933418986646
2438,764658.0,0.0,764658.0,764658.0,12229.79264112067
2439,697588.0,0.0,697588.0,697588.0,12229.772278018738
2440,731640.0,0.0,731640.0,731640.0,12229.751914984603
2441,573198.0,0.0,573198.0,573198.0,10601.388795210782
2442,364462.0,0.0,364462.0,364462.0,7017.968290337419
2443,391523.0,0.0,391523.0,391523.0,7494.952057149076
2444,291221.0,0.0,291221.0,291221.0,5705.550822099009
2445,236278.0,0.0,236278.0,236278.0,4698.413087288546
2446,115260.0,0.0,115260.0,115260.0,2394.1864421283726
2447,115260.0,0.0,115260.0,115260.0,2394.182446181915
2448,76716.0,0.0,76716.0,76716.0,1603.7629195386705
2449,53659.0,0.0,53659.0,53659.0,1119.187272053867
2450,38036.0,0.0,38036.0,38036.0,795.7116157205465
2451,49280.0,0.0,49280.0,49280.0,996.6371371851342
2452,89742.0,0.0,89742.0,89742.0,1726.7823819463395
2453,94747.0,0.0,94747.0,94747.0,1964.3565488800916
2454,134788.0,0.0,134788.0,134788.0,2737.1140585736894
2455,310356.0,0.0,310356.0,310356.0,6051.213008867373
2456,470905.0,0.0,470905.0,470905.0,8871.242006909593
2457,376401.0,0.0,376401.0,376401.0,7228.424617437397
2458,412020.0,0.0,412020.0,412020.0,7853.059403514902
2459,338695.0,0.0,338695.0,338695.0,6559.452442648186
2460,296198.0,0.0,296198.0,296198.0,5795.369117063509
2461,394844.0,0.0,394844.0,394844.0,7552.665178761149
2462,219556.0,0.0,219556.0,219556.0,4387.285513610412
2463,197341.0,0.0,197341.0,197341.0,3971.0426751417767
2464,175180.0,0.0,175180.0,175180.0,3551.7148466626627
2465,246221.0,0.0,246221.0,246221.0,4881.851564841297
2466,39845.0,0.0,39845.0,39845.0,831.5578658098408
2467,0.0,0.0,0.0,0.0,-0.0
2468,26801.0,0.0,26801.0,26801.0,465.92536156997545
2469,57916.0,0.0,57916.0,57916.0,1099.6177223436364
2470,48876.0,0.0,48876.0,48876.0,1019.6624413328727
2471,77146.0,0.0,77146.0,77146.0,1507.5821688652486
2472,91929.0,0.0,91929.0,91929.0,1873.043798451612
2473,63411.0,0.0,63411.0,63411.0,1326.021452690534
2474,92095.0,0.0,92095.0,92095.0,1830.457879941464
2475,109577.0,0.0,109577.0,109577.0,2234.2672150856374
2476,134876.0,0.0,134876.0,134876.0,2776.9557643107432
2477,214878.0,0.0,214878.0,214878.0,4299.433171568317
2478,433072.0,0.0,433072.0,433072.0,8218.056038332375
2479,768400.0,0.0,768400.0,768400.0,12227.427233509472
2480,768400.0,0.0,768400.0,768400.0,12227.406878281665
2481,768400.0,0.0,768400.0,768400.0,12227.386523121608
2482,768400.0,0.0,768400.0,768400.0,12227.366168029317
2483,768400.0,0.0,768400.0,768400.0,12227.34581300478
2484,768400.0,0.0,768400.0,768400.0,12227.325458048002
2485,768400.0,0.0,768400.0,768400.0,12227.305103158978
2486,768400.0,0.0,768400.0,768400.0,12227.284748337715
2487,768400.0,0.0,768400.0,768400.0,12227.264393584202
2488,768400.0,0.0,768400.0,768400.0,12227.244038898443
2489,768400.0,0.0,768400.0,768400.0,12227.223684280447
2490,768400.0,0.0,768400.0,768400.0,12227.203329730199
2491,768400.0,0.0,768400.0,768400.0,12227.182975247713
2492,768400.0,0.0,768400.0,768400.0,12227.162620832978
2493,768400.0,0.0,768400.0,768400.0,12227.142266485997
2494,768400.0,0.0,768400.0,768400.0,12227.121912206765
2495,768400.0,0.0,768400.0,768400.0,12227.101557995291
2496,768400.0,0.0,768400.0,768400.0,12227.081203851569
2497,768400.0,0.0,768400.0,768400.0,12227.060849775597
2498,768400.0,0.0,768400.0,768400.0,12227.04049576738
2499,768400.0,0.0,768400.0,768400.0,12227.020141826913
2500,768400.0,0.0,768400.0,768400.0,12226.9997879542
2501,768400.0,0.0,768400.0,768400.0,12226.979434149236
2502,768400.0,0.0,768400.0,768400.0,12226.959080412023
2503,768400.0,0.0,768400.0,768400.0,12226.938726742563
2504,418548.0,0.0,418548.0,418548.0,7965.44961936389
2505,270442.0,0.0,270442.0,270442.0,5325.784506461232
2506,375226.0,0.0,375226.0,375226.0,7206.427381763114
2507,305976.0,0.0,305976.0,305976.0,5971.1113503714405
2508,322437.0,0.0,322437.0,322437.0,6267.329826830677
2509,234714.0,0.0,234714.0,234714.0,4668.249735026627
2510,207024.0,0.0,207024.0,207024.0,4152.204452814218
2511,377401.0,0.0,377401.0,377401.0,7244.717659487172
2512,441675.0,0.0,441675.0,441675.0,8366.474603769348
2513,577090.0,0.0,577090.0,577090.0,10663.636567559462
2514,154636.0,0.0,154636.0,154636.0,3158.40720031787
2515,147263.0,0.0,147263.0,147263.0,3016.4805149674185
2516,613729.0,0.0,613729.0,613729.0,11271.251788147292
2517,161464.0,0.0,161464.0,161464.0,3289.335189935367
2518,307969.0,0.0,307969.0,307969.0,6006.9567032566965
2519,388483.0,0.0,388483.0,388483.0,7439.608837215833
2520,374521.0,0.0,374521.0,374521.0,7193.819403691319
2521,376665.0,0.0,376665.0,376665.0,7231.617821308022
2522,358596.0,0.0,358596.0,358596.0,6912.143187445243
2523,401225.0,0.0,401225.0,401225.0,7662.917446063627
2524,534880.0,0.0,534880.0,534880.0,9956.363549299565
2525,418905.0,0.0,418905.0,418905.0,7971.381761988049
2526,768400.0,0.0,768400.0,768400.0,12226.487062421014
2527,258816.0,0.0,258816.0,258816.0,5112.619419062678
2528,595369.0,0.0,595369.0,595369.0,10967.216897326043
2529,273524.0,0.0,273524.0,273524.0,5381.862688200232
2530,318987.0,0.0,318987.0,318987.0,6205.147835397681
2531,378174.0,0.0,378174.0,378174.0,7258.0927232924805
2532,506118.0,0.0,506118.0,506118.0,9469.919455399524
2533,364029.0,0.0,364029.0,364029.0,7008.263500304437
2534,233678.0,0.0,233678.0,233678.0,4648.843166759082
2535,258607.0,0.0,258607.0,258607.0,5108.71277715966
2536,115260.0,0.0,115260.0,115260.0,2393.436275278213
2537,115260.0,0.0,115260.0,115260.0,2393.4322818225296
2538,75186.0,0.0,75186.0,75186.0,1568.369795894312
2539,87709.0,0.0,87709.0,87709.0,1784.4942143713015
2540,42085.0,0.0,42085.0,42085.0,880.3441810762581
2541,194396.0,0.0,194396.0,194396.0,3533.9943933620148
2542,140232.0,0.0,140232.0,140232.0,2880.314246315163
2543,337115.0,0.0,337115.0,337115.0,6529.352261053029
2544,264818.0,0.0,264818.0,264818.0,5222.2516846342805
2545,243360.0,0.0,243360.0,243360.0,4827.636878950599
2546,419654.0,0.0,419654.0,419654.0,7983.733653353101
2547,750367.0,0.0,750367.0,750367.0,12225.490414711134
2548,710113.0,0.0,710113.0,710113.0,12225.47006592942
2549,571780.0,0.0,571780.0,571780.0,10573.96554349247
2550,768400.0,0.0,768400.0,768400.0,12225.429702152094
2551,618640.0,0.0,618640.0,618640.0,11351.086405256694
2552,438327.0,0.0,438327.0,438327.0,8307.598819541317
2553,365095.0,0.0,365095.0,365095.0,7026.531671200406
2554,400582.0,0.0,400582.0,400582.0,7650.881137133669
2555,403698.0,0.0,403698.0,403698.0,7705.363959638816
2556,362955.0,0.0,362955.0,362955.0,6988.621258736654
2557,382717.0,0.0,382717.0,382717.0,7337.392630147829
2558,192264.0,0.0,192264.0,192264.0,3874.1070024918986
2559,215016.0,0.0,215016.0,215016.0,4301.155015640947
2560,299326.0,0.0,299326.0,299326.0,5850.12366325816
2561,116125.0,0.0,116125.0,116125.0,2410.1914533247646
2562,149774.0,0.0,149774.0,149774.0,3064.450025593371
2563,378655.0,0.0,378655.0,378655.0,7265.809848772695
2564,241505.0,0.0,241505.0,241505.0,4793.213430218142
2565,134943.0,0.0,134943.0,134943.0,2777.653416030486
2566,53447.0,0.0,53447.0,53447.0,1114.624096172458
2567,114534.0,0.0,114534.0,114534.0,2180.6620252909934
2568,61989.0,0.0,61989.0,61989.0,1293.0116919612465
2569,196251.0,0.0,196251.0,196251.0,3674.816069010365
2570,224935.0,0.0,224935.0,224935.0,4485.647865819386
2571,349688.0,0.0,349688.0,349688.0,6752.604963403542
2572,444999.0,0.0,444999.0,444999.0,8422.084538711342
2573,572887.0,0.0,572887.0,572887.0,10591.337463401813
2574,603855.0,0.0,603855.0,603855.0,11105.732823957853
2575,653695.0,0.0,653695.0,653695.0,11925.49235612819
2576,733680.0,0.0,733680.0,733680.0,12224.14874127504
2577,768400.0,0.0,768400.0,768400.0,12224.128396957376
2578,724335.0,0.0,724335.0,724335.0,12224.108052707417
2579,768400.0,0.0,768400.0,768400.0,12224.087708525158
2580,768400.0,0.0,768400.0,768400.0,12224.0673644106
2581,590612.0,0.0,590612.0,590612.0,10886.109863343605
2582,768400.0,0.0,768400.0,768400.0,12224.026945336629
2583,768400.0,0.0,768400.0,768400.0,12224.006601424284
2584,768400.0,0.0,768400.0,768400.0,12223.98625757964
2585,768400.0,0.0,768400.0,768400.0,12223.965913802702
2586,768400.0,0.0,768400.0,768400.0,12223.945570093456
2587,768400.0,0.0,768400.0,768400.0,12223.925226451918
2588,768400.0,0.0,768400.0,768400.0,12223.90488287808
2589,768400.0,0.0,768400.0,768400.0,12223.884539371935
2590,768400.0,0.0,768400.0,768400.0,12223.864195933496
2591,768400.0,0.0,768400.0,768400.0,12223.843852562755
2592,768400.0,0.0,768400.0,768400.0,12223.823509259713
2593,768400.0,0.0,768400.0,768400.0,12223.803166024367
2594,768400.0,0.0,768400.0,768400.0,12223.782822856718
2595,768400.0,0.0,768400.0,768400.0,12223.762479756771
2596,768400.0,0.0,768400.0,768400.0,12223.74213672452
2597,768400.0,0.0,768400.0,768400.0,12223.721793759965
2598,768400.0,0.0,768400.0,768400.0,12223.701450863107
2599,768400.0,0.0,768400.0,768400.0,12223.681108033947
2600,768400.0,0.0,768400.0,768400.0,12223.660765272482
2601,768400.0,0.0,768400.0,768400.0,12223.64042257871
2602,768400.0,0.0,768400.0,768400.0,12223.620079952638
2603,768400.0,0.0,768400.0,768400.0,12223.599737394255
2604,768400.0,0.0,768400.0,768400.0,12223.579394903572
2605,768400.0,0.0,768400.0,768400.0,12223.559052480583
2606,768400.0,0.0,768400.0,768400.0,12223.538710125287
2607,768400.0,0.0,768400.0,768400.0,12223.518367837685
2608,768400.0,0.0,768400.0,768400.0,12223.498025617777
2609,768400.0,0.0,768400.0,768400.0,12223.477683465559
2610,763763.0,0.0,763763.0,763763.0,12223.457341381036
2611,768400.0,0.0,768400.0,768400.0,12223.436999364205
2612,768400.0,0.0,768400.0,768400.0,12223.416657415066
2613,768400.0,0.0,768400.0,768400.0,12223.396315533619
2614,768400.0,0.0,768400.0,768400.0,12223.375973719863
2615,768400.0,0.0,768400.0,768400.0,12223.355631973798
2616,768400.0,0.0,768400.0,768400.0,12223.335290295423
2617,758763.0,0.0,758763.0,758763.0,12223.31494868474
2618,207613.0,0.0,207613.0,207613.0,4161.92449890047
2619,140794.0,0.0,140794.0,140794.0,2890.574560178675
2620,115260.0,0.0,115260.0,115260.0,2392.75460042432
2621,116595.0,0.0,116595.0,116595.0,2418.974360919232
2622,279753.0,0.0,279753.0,279753.0,5493.899819084041
2623,612340.0,0.0,612340.0,612340.0,11245.075870048851
2624,600000.0,0.0,600000.0,600000.0,11040.993712102158
2625,600000.0,0.0,600000.0,600000.0,11040.975339227061
2626,600000.0,0.0,600000.0,600000.0,11040.9569664131
2627,600000.0,0.0,600000.0,600000.0,11040.93859366027
2628,600000.0,0.0,600000.0,600000.0,11040.920220968574
2629,600000.0,0.0,600000.0,600000.0,11040.901848338008
2630,600000.0,0.0,600000.0,600000.0,11040.88347576857
2631,600000.0,0.0,600000.0,600000.0,11040.865103260268
2632,538148.0,0.0,538148.0,538148.0,10008.451149139759
2633,350187.0,0.0,350187.0,350187.0,6760.744948549605
2634,190392.0,0.0,190392.0,190392.0,3837.98092188939
2635,405668.0,0.0,405668.0,405668.0,7738.219391431695
2636,486981.0,0.0,486981.0,486981.0,9141.593326211667
2637,748617.0,0.0,748617.0,748617.0,12222.926358450444
2638,768400.0,0.0,768400.0,768400.0,12222.906018200521
2639,768400.0,0.0,768400.0,768400.0,12222.885678018287
2640,768400.0,0.0,768400.0,768400.0,12222.865337903733
2641,768400.0,0.0,768400.0,768400.0,12222.844997856862
2642,768400.0,0.0,768400.0,768400.0,12222.824657877674
2643,768400.0,0.0,768400.0,768400.0,12222.804317966167
2644,768400.0,0.0,768400.0,768400.0,12222.78397812234
2645,768400.0,0.0,768400.0,768400.0,12222.763638346196
2646,768400.0,0.0,768400.0,768400.0,12222.743298637733
2647,768400.0,0.0,768400.0,768400.0,12222.722958996952
2648,768400.0,0.0,768400.0,768400.0,12222.702619423848
2649,768400.0,0.0,768400.0,768400.0,12222.682279918427
2650,768400.0,0.0,768400.0,768400.0,12222.66194048068
2651,768400.0,0.0,768400.0,768400.0,12222.641601110616
2652,768400.0,0.0,768400.0,768400.0,12222.621261808226
2653,768400.0,0.0,768400.0,768400.0,12222.600922573522
2654,768400.0,0.0,768400.0,768400.0,12222.580583406496
2655,768400.0,0.0,768400.0,768400.0,12222.560244307142
2656,695064.0,0.0,695064.0,695064.0,12222.539905275466
2657,768400.0,0.0,768400.0,768400.0,12222.51956631147
2658,768400.0,0.0,768400.0,768400.0,12222.499227415152
2659,768400.0,0.0,768400.0,768400.0,12222.478888586507
2660,768400.0,0.0,768400.0,768400.0,12222.458549825538
2661,768400.0,0.0,768400.0,768400.0,12222.438211132245
2662,757238.0,0.0,757238.0,757238.0,12222.417872506627
2663,587723.0,0.0,587723.0,587723.0,10836.64830659784
2664,492481.0,0.0,492481.0,492481.0,9234.903377980008
2665,472704.0,0.0,472704.0,472704.0,8897.112468053094
2666,689530.0,0.0,689530.0,689530.0,12222.338104653618
2667,768400.0,0.0,768400.0,768400.0,12222.317766361102
2668,768400.0,0.0,768400.0,768400.0,12222.29742813625
2669,768400.0,0.0,768400.0,768400.0,12222.277089979074
2670,768400.0,0.0,768400.0,768400.0,12222.256751889574
2671,755200.0,0.0,755200.0,755200.0,12222.236413867746
2672,315526.0,0.0,315526.0,315526.0,6140.676594957941
2673,415226.0,0.0,415226.0,415226.0,7904.406425938567
2674,509212.0,0.0,509212.0,509212.0,9519.057418829894
2675,466743.0,0.0,466743.0,466743.0,8794.785929200654
2676,498268.0,0.0,498268.0,498268.0,9333.202601798548
2677,419182.0,0.0,419182.0,419182.0,7973.207433498907
2678,349796.0,0.0,349796.0,349796.0,6753.264185344834
2679,390399.0,0.0,390399.0,390399.0,7470.323141425852
2680,211826.0,0.0,211826.0,211826.0,4240.308884126703
2681,214245.0,0.0,214245.0,214245.0,4285.510811579204
2682,115260.0,0.0,115260.0,115260.0,2392.477438978662
2683,115260.0,0.0,115260.0,115260.0,2392.4734487051933
2684,597007.0,0.0,597007.0,597007.0,10990.317686741351
2685,728713.0,0.0,728713.0,728713.0,12221.968038914576
2686,751868.0,0.0,751868.0,751868.0,12221.947701853389
2687,730930.0,0.0,730930.0,730930.0,12221.927364859872
2688,712067.0,0.0,712067.0,712067.0,12221.896371699384
2689,535095.0,0.0,535095.0,535095.0,9956.108855633875
2690,490596.0,0.0,490596.0,490596.0,9202.384226336664
2691,493895.0,0.0,493895.0,493895.0,9258.559850986845
2692,597773.0,0.0,597773.0,597773.0,11002.854913464338
2693,554295.0,0.0,554295.0,554295.0,10278.49489733782
2694,563127.0,0.0,563127.0,563127.0,10426.266595327972
2695,632491.0,0.0,632491.0,632491.0,11575.61794241097
2696,649501.0,0.0,649501.0,649501.0,11854.513897681602
2697,670875.0,0.0,670875.0,670875.0,12203.399439797744
2698,696496.0,0.0,696496.0,696496.0,12221.69591050314
2699,740479.0,0.0,740479.0,740479.0,12221.675574347388
2700,727074.0,0.0,727074.0,727074.0,12221.655238259293
2701,734643.0,0.0,734643.0,734643.0,12221.634902238868
2702,681347.0,0.0,681347.0,681347.0,12221.614566286107
2703,728363.0,0.0,728363.0,728363.0,12221.594230400997
2704,730132.0,0.0,730132.0,730132.0,12221.573894583558
2705,505271.0,0.0,505271.0,505271.0,9451.708532380593
2706,159720.0,0.0,159720.0,159720.0,3254.396556977428
2707,298190.0,0.0,298190.0,298190.0,5827.665264182238
2708,318523.0,0.0,318523.0,318523.0,6194.147413044026
2709,185167.0,0.0,185167.0,185167.0,3738.7236737208787
2710,146802.0,0.0,146802.0,146802.0,3006.129952615605
2711,190895.0,0.0,190895.0,190895.0,3846.9355894963273
2712,165661.0,0.0,165661.0,165661.0,3367.9781988817163
2713,145345.0,0.0,145345.0,145345.0,2978.0087637139786
2714,149229.0,0.0,149229.0,149229.0,3052.8782786231636
2715,126995.0,0.0,126995.0,126995.0,2622.0390210870387
2716,125319.0,0.0,125319.0,125319.0,2589.331164414499
2717,247889.0,0.0,247889.0,247889.0,4909.357668573652
2718,631667.0,0.0,631667.0,631667.0,11561.657091097642
2719,671471.0,0.0,671471.0,671471.0,12212.682181467557
2720,700854.0,0.0,700854.0,700854.0,12221.273968252624
2721,622429.0,0.0,622429.0,622429.0,11409.625010734762
2722,397150.0,0.0,397150.0,397150.0,7588.112399026969
2723,611777.0,0.0,611777.0,611777.0,11233.932266612568
2724,768400.0,0.0,768400.0,768400.0,12221.193976879891
2725,393059.0,0.0,393059.0,393059.0,7516.394738083909
2726,194758.0,0.0,194758.0,194758.0,3919.6626184383717
2727,350053.0,0.0,350053.0,350053.0,6757.26686875522
2728,539313.0,0.0,539313.0,539313.0,10026.450196983671
2729,271649.0,0.0,271649.0,271649.0,5345.0938671793365
2730,115260.0,0.0,115260.0,115260.0,2392.265163575924
2731,377369.0,0.0,377369.0,377369.0,7240.573451344505
2732,64898.0,0.0,64898.0,64898.0,1354.802341524486
2733,134306.0,0.0,134306.0,134306.0,2591.4890164496896
2734,548495.0,0.0,548495.0,548495.0,10180.31126607264
2735,677612.0,0.0,677612.0,677612.0,12220.66360111711
2736,456737.0,0.0,456737.0,456737.0,8621.77645749479
2737,768400.0,0.0,768400.0,768400.0,12220.623686922325
2738,768400.0,0.0,768400.0,768400.0,12220.603354333376
2739,768400.0,0.0,768400.0,768400.0,12220.583021812068
2740,704259.0,0.0,704259.0,704259.0,12220.562689358409
2741,719146.0,0.0,719146.0,719146.0,12220.542356972393
2742,713179.0,0.0,713179.0,713179.0,12220.522024654023
2743,487515.0,0.0,487515.0,487515.0,9148.813433461595
2744,505417.0,0.0,505417.0,505417.0,9453.333651064304
2745,313119.0,0.0,313119.0,313119.0,6096.441550480188
2746,508592.0,0.0,508592.0,508592.0,9507.15772479877
2747,750083.0,0.0,750083.0,750083.0,12220.423480341877
2748,768400.0,0.0,768400.0,768400.0,12220.403148418995
2749,768400.0,0.0,768400.0,768400.0,12220.382816563751
2750,768400.0,0.0,768400.0,768400.0,12220.362484776157
2751,768400.0,0.0,768400.0,768400.0,12220.3421530562
2752,768400.0,0.0,768400.0,768400.0,12220.32182140388
2753,686941.0,0.0,686941.0,686941.0,12220.301489819201
2754,477003.0,0.0,477003.0,477003.0,8969.118795859838
2755,678183.0,0.0,678183.0,678183.0,12220.261501023919
2756,768400.0,0.0,768400.0,768400.0,12220.241169639918
2757,768400.0,0.0,768400.0,768400.0,12220.220838323556
2758,768400.0,0.0,768400.0,768400.0,12220.200507074833
2759,768400.0,0.0,768400.0,768400.0,12220.180175893749
2760,768400.0,0.0,768400.0,768400.0,12220.159844780297
2761,768400.0,0.0,768400.0,768400.0,12220.139513734488
2762,768400.0,0.0,768400.0,768400.0,12220.11918275631
2763,768400.0,0.0,768400.0,768400.0,12220.098851845774
2764,768400.0,0.0,768400.0,768400.0,12220.078521002875
2765,768400.0,0.0,768400.0,768400.0,12220.058190227614
2766,768400.0,0.0,768400.0,768400.0,12220.037859519989
2767,768400.0,0.0,768400.0,768400.0,12220.017528879993
2768,671966.0,0.0,671966.0,671966.0,12219.443761379755
2769,646062.0,0.0,646062.0,646062.0,11796.508575546884
2770,600000.0,0.0,600000.0,600000.0,11038.044574125666
2771,606279.0,0.0,606279.0,606279.0,11141.912732833556
2772,621527.0,0.0,621527.0,621527.0,11393.511233417657
2773,632931.0,0.0,632931.0,632931.0,11581.072599111361
2774,660701.0,0.0,660701.0,660701.0,12035.720092994912
2775,672900.0,0.0,672900.0,672900.0,12219.855751445726
2776,618441.0,0.0,618441.0,618441.0,11342.586411912709
2777,432039.0,0.0,432039.0,432039.0,8194.81154606388
2778,199311.0,0.0,199311.0,199311.0,4004.8448468083866
2779,115260.0,0.0,115260.0,115260.0,2391.973157930204
2780,605487.0,0.0,605487.0,605487.0,11128.65502504851
2781,732172.0,0.0,732172.0,732172.0,12219.739531585932
2782,759489.0,0.0,759489.0,759489.0,12219.719201938395
2783,352414.0,0.0,352414.0,352414.0,6798.364027395534
2784,232607.0,0.0,232607.0,232607.0,4626.226841102842
2785,172579.0,0.0,172579.0,172579.0,3499.2925791879297
2786,211882.0,0.0,211882.0,211882.0,4240.431271333636
2787,434218.0,0.0,434218.0,434218.0,8232.41713257026
2788,721454.0,0.0,721454.0,721454.0,12219.605010615376
2789,768400.0,0.0,768400.0,768400.0,12219.584681415343
2790,768400.0,0.0,768400.0,768400.0,12219.564352282943
2791,768400.0,0.0,768400.0,768400.0,12219.544023218168
2792,768400.0,0.0,768400.0,768400.0,12219.52369422102
2793,768400.0,0.0,768400.0,768400.0,12219.5033652915
2794,768400.0,0.0,768400.0,768400.0,12219.483036429601
2795,768400.0,0.0,768400.0,768400.0,12219.462707635339
2796,768400.0,0.0,768400.0,768400.0,12219.442378908696
2797,768400.0,0.0,768400.0,768400.0,12219.42205024968
2798,768400.0,0.0,768400.0,768400.0,12219.401721658289
2799,768400.0,0.0,768400.0,768400.0,12219.381393134523
2800,768400.0,0.0,768400.0,768400.0,12219.36106467838
2801,768400.0,0.0,768400.0,768400.0,12219.340736289865
2802,768400.0,0.0,768400.0,768400.0,12219.320407968971
2803,768400.0,0.0,768400.0,768400.0,12219.300079715704
2804,768400.0,0.0,768400.0,768400.0,12219.279751530059
2805,768400.0,0.0,768400.0,768400.0,12219.259423412035
2806,768400.0,0.0,768400.0,768400.0,12219.239095361634
2807,768400.0,0.0,768400.0,768400.0,12219.218767378858
2808,768400.0,0.0,768400.0,768400.0,12219.198439463697
2809,768400.0,0.0,768400.0,768400.0,12219.178111616164
2810,768400.0,0.0,768400.0,768400.0,12219.157783836255
2811,768400.0,0.0,768400.0,768400.0,12219.137456123957
2812,768400.0,0.0,768400.0,768400.0,12219.117128479287
2813,768400.0,0.0,768400.0,768400.0,12219.096800902238
2814,768400.0,0.0,768400.0,768400.0,12219.07647339281
2815,768400.0,0.0,768400.0,768400.0,12219.056145950994
2816,768400.0,0.0,768400.0,768400.0,12219.035818576802
2817,768400.0,0.0,768400.0,768400.0,12219.01549127023
2818,768400.0,0.0,768400.0,768400.0,12218.995164031276
2819,768400.0,0.0,768400.0,768400.0,12218.974836859936
2820,680951.0,0.0,680951.0,680951.0,12218.954509756217
2821,768400.0,0.0,768400.0,768400.0,12218.934182720115
2822,706832.0,0.0,706832.0,706832.0,12218.913855751634
2823,638826.0,0.0,638826.0,638826.0,11676.874201763678
2824,768400.0,0.0,768400.0,768400.0,12218.873309707018
2825,506011.0,0.0,506011.0,506011.0,9462.115236113277
2826,358493.0,0.0,358493.0,358493.0,6905.68536970191
2827,768400.0,0.0,768400.0,768400.0,12218.814046999605
2828,768400.0,0.0,768400.0,768400.0,12218.793720430747
2829,115260.0,0.0,115260.0,115260.0,2391.7477625521838
2830,173434.0,0.0,173434.0,173434.0,3515.2672661810716
2831,768400.0,0.0,768400.0,768400.0,12218.73742358383
2832,768400.0,0.0,768400.0,768400.0,12218.717097269857
2833,768400.0,0.0,768400.0,768400.0,12218.69677102349
2834,690393.0,0.0,690393.0,690393.0,12218.67644484474
2835,473584.0,0.0,473584.0,473584.0,8909.388823337418
2836,184885.0,0.0,184885.0,184885.0,3732.422739292938
2837,115652.0,0.0,115652.0,115652.0,2399.412361118139
2838,289302.0,0.0,289302.0,289302.0,5665.184768903079
2839,588068.0,0.0,588068.0,588068.0,10838.947269416876
2840,600000.0,0.0,600000.0,600000.0,11036.769618975166
2841,600000.0,0.0,600000.0,600000.0,11036.751260151728
2842,600000.0,0.0,600000.0,600000.0,11036.73290138935
2843,600000.0,0.0,600000.0,600000.0,11036.714542688042
2844,620820.0,0.0,620820.0,620820.0,11380.517268676715
2845,629832.0,0.0,629832.0,629832.0,11528.785496029259
2846,692822.0,0.0,692822.0,692822.0,12218.44082468351
2847,729511.0,0.0,729511.0,729511.0,12218.420499356132
2848,696325.0,0.0,696325.0,696325.0,12218.40017409636
2849,414682.0,0.0,414682.0,414682.0,7892.349910362948
2850,359843.0,0.0,359843.0,359843.0,6929.31954926583
2851,768400.0,0.0,768400.0,768400.0,12218.34125972526
2852,768400.0,0.0,768400.0,768400.0,12218.320934729067
2853,768400.0,0.0,768400.0,768400.0,12218.300609800479
2854,768400.0,0.0,768400.0,768400.0,12218.280284939501
2855,768400.0,0.0,768400.0,768400.0,12218.259960146122
2856,768400.0,0.0,768400.0,768400.0,12218.22898575438
2857,768400.0,0.0,768400.0,768400.0,12218.208661131632
2858,768400.0,0.0,768400.0,768400.0,12218.188336576493
2859,768400.0,0.0,768400.0,768400.0,12218.168012088956
2860,648346.0,0.0,648346.0,648346.0,11832.122016395744
2861,768400.0,0.0,768400.0,768400.0,12218.12743984713
2862,768400.0,0.0,768400.0,768400.0,12218.107115562156
2863,768400.0,0.0,768400.0,768400.0,12218.086791344782
2864,768400.0,0.0,768400.0,768400.0,12218.066467195009
2865,768400.0,0.0,768400.0,768400.0,12218.046143112842
2866,768400.0,0.0,768400.0,768400.0,12218.025819098277
2867,768400.0,0.0,768400.0,768400.0,12218.005495151316
2868,768400.0,0.0,768400.0,768400.0,12217.985171271954
2869,768400.0,0.0,768400.0,768400.0,12217.964847460195
2870,768400.0,0.0,768400.0,768400.0,12217.944523716036
2871,768400.0,0.0,768400.0,768400.0,12217.924200039479
2872,768400.0,0.0,768400.0,768400.0,12217.903876430522
2873,768400.0,0.0,768400.0,768400.0,12217.88355288916
2874,695802.0,0.0,695802.0,695802.0,12217.863229415407
2875,768400.0,0.0,768400.0,768400.0,12217.842906009246
2876,768400.0,0.0,768400.0,768400.0,12217.822582670686
2877,768400.0,0.0,768400.0,768400.0,12217.802259399727
2878,768400.0,0.0,768400.0,768400.0,12217.781936196363
2879,768400.0,0.0,768400.0,768400.0,12217.761613060602
2880,610588.0,0.0,610588.0,610588.0,11211.078597820344
2881,768400.0,0.0,768400.0,768400.0,12217.721168270706
2882,441204.0,0.0,441204.0,441204.0,8351.878557504384
2883,274201.0,0.0,274201.0,274201.0,5390.045481605694
2884,400495.0,0.0,400495.0,400495.0,7644.307335417718
2885,317385.0,0.0,317385.0,317385.0,6171.620207626676
2886,439605.0,0.0,439605.0,439605.0,8324.193541297103
2887,518403.0,0.0,518403.0,518403.0,9670.975469377161
2888,415993.0,0.0,415993.0,415993.0,7914.63499678074
2889,529383.0,0.0,529383.0,529383.0,9856.302760553612
2890,458149.0,0.0,458149.0,458149.0,8643.786507032566
2891,516170.0,0.0,516170.0,516170.0,9633.148532559653
2892,708711.0,0.0,708711.0,708711.0,12217.506288008837
2893,512270.0,0.0,512270.0,512270.0,9567.107454695577
2894,719558.0,0.0,719558.0,719558.0,12217.466187288117
2895,659491.0,0.0,659491.0,659491.0,12013.576244461903
2896,501418.0,0.0,501418.0,501418.0,9383.018975928757
2897,520844.0,0.0,520844.0,520844.0,9712.068279199248
2898,455773.0,0.0,455773.0,455773.0,8602.809462589015
2899,374807.0,0.0,374807.0,374807.0,7193.121452915833
2900,449473.0,0.0,449473.0,449473.0,8494.305660992937
2901,458583.0,0.0,458583.0,458583.0,8651.086858367054
2902,388832.0,0.0,388832.0,388832.0,7439.759876289287
2903,395249.0,0.0,395249.0,395249.0,7552.252332680868
2904,359604.0,0.0,359604.0,359604.0,6924.430867823103
2905,390009.0,0.0,390009.0,390009.0,7460.375013481228
2906,350972.0,0.0,350972.0,350972.0,6771.299914772913
2907,281077.0,0.0,281077.0,281077.0,5515.074246297002
2908,330575.0,0.0,330575.0,330575.0,6407.767704281394
2909,279174.0,0.0,279174.0,279174.0,5480.422370407245
2910,258380.0,0.0,258380.0,258380.0,5100.389641595324
2911,320153.0,0.0,320153.0,320153.0,6221.041780946198
2912,237232.0,0.0,237232.0,237232.0,4710.7949889563315
2913,386117.0,0.0,386117.0,386117.0,7391.958877836249
2914,453079.0,0.0,453079.0,453079.0,8556.22431642478
2915,583188.0,0.0,583188.0,583188.0,10756.504848373128
2916,591355.0,0.0,591355.0,591355.0,10892.113966970475
2917,562773.0,0.0,562773.0,562773.0,10416.220174392258
2918,612982.0,0.0,612982.0,612982.0,11249.908359419878
2919,689951.0,0.0,689951.0,689951.0,12216.979908880343
2920,691049.0,0.0,691049.0,691049.0,12216.959588412157
2921,542940.0,0.0,542940.0,542940.0,10083.893913785596
2922,364511.0,0.0,364511.0,364511.0,7011.065256655027
2923,320365.0,0.0,320365.0,320365.0,6224.717244280635
2924,610780.0,0.0,610780.0,610780.0,11213.451586047862
2925,768400.0,0.0,768400.0,768400.0,12216.861066746776
2926,751303.0,0.0,751303.0,751303.0,12216.840746673844
2927,695496.0,0.0,695496.0,695496.0,12216.820426668502
2928,768400.0,0.0,768400.0,768400.0,12216.800106730741
2929,629112.0,0.0,629112.0,629112.0,11515.354472795249
2930,476390.0,0.0,476390.0,476390.0,8955.963535367537
2931,334701.0,0.0,334701.0,334701.0,6481.242327871957
2932,361017.0,0.0,361017.0,361017.0,6949.122490225708
2933,384370.0,0.0,384370.0,384370.0,7361.013531422264
2934,651942.0,0.0,651942.0,651942.0,11889.513499063492
2935,768400.0,0.0,768400.0,768400.0,12216.662184777364
2936,768400.0,0.0,768400.0,768400.0,12216.64186536589
2937,768400.0,0.0,768400.0,768400.0,12216.621546021996
2938,768400.0,0.0,768400.0,768400.0,12216.601226745683
2939,768400.0,0.0,768400.0,768400.0,12216.580907536947
2940,606932.0,0.0,606932.0,606932.0,11149.593817285859
2941,542329.0,0.0,542329.0,542329.0,10073.29479031534
2942,519296.0,0.0,519296.0,519296.0,9685.18918821897
2943,489772.0,0.0,489772.0,489772.0,9184.18764137398
2944,456808.0,0.0,456808.0,456808.0,8619.948765609046
2945,575212.0,0.0,575212.0,575212.0,10623.252235502026
2946,490816.0,0.0,490816.0,490816.0,9201.926152981214
2947,580506.0,0.0,580506.0,580506.0,10711.337015303037
2948,349675.0,0.0,349675.0,349675.0,6747.771224073198
2949,178115.0,0.0,178115.0,178115.0,3603.41463829841
2950,120533.0,0.0,120533.0,120533.0,2494.590877910725
2951,222299.0,0.0,222299.0,222299.0,4433.433048790655
2952,267678.0,0.0,267678.0,267678.0,5270.292642841834
2953,268688.0,0.0,268688.0,268688.0,5288.744787426732
2954,123751.0,0.0,123751.0,123751.0,2557.4949536740623
2955,340347.0,0.0,340347.0,340347.0,6581.69974271824
2956,164160.0,0.0,164160.0,164160.0,3337.721667015921
2957,213848.0,0.0,213848.0,213848.0,4275.855682723425
2958,160130.0,0.0,160130.0,160130.0,3260.6546796019675
2959,243370.0,0.0,243370.0,243370.0,4823.800195160988
2960,281673.0,0.0,281673.0,281673.0,5525.41238055719
2961,291600.0,0.0,291600.0,291600.0,5705.629584549113
2962,240217.0,0.0,240217.0,240217.0,4765.56240647005
2963,342675.0,0.0,342675.0,342675.0,6623.089456143791
2964,435255.0,0.0,435255.0,435255.0,8247.891334972068
2965,358102.0,0.0,358102.0,358102.0,6897.1116814136885
2966,277054.0,0.0,277054.0,277054.0,5441.277986902531
2967,232741.0,0.0,232741.0,232741.0,4627.204065212475
2968,230809.0,0.0,230809.0,230809.0,4591.384228155738
2969,326854.0,0.0,326854.0,326854.0,6340.531380292544
2970,349447.0,0.0,349447.0,349447.0,6743.479314070248
2971,123135.0,0.0,123135.0,123135.0,2545.3844509803803
2972,161676.0,0.0,161676.0,161676.0,3290.154142562892
2973,163532.0,0.0,163532.0,163532.0,3325.627306710406
2974,115260.0,0.0,115260.0,115260.0,2391.1068430849577
2975,104237.0,0.0,104237.0,104237.0,2173.801479696314
2976,68911.0,0.0,68911.0,68911.0,1438.1891630823557
2977,55787.0,0.0,55787.0,55787.0,1164.6814634577142
2978,58787.0,0.0,58787.0,58787.0,1224.011855961407
2979,42891.0,0.0,42891.0,42891.0,895.6086120496328
2980,41564.0,0.0,41564.0,41564.0,864.6336452354556
2981,60530.0,0.0,60530.0,60530.0,1187.9629993732995
2982,58306.0,0.0,58306.0,58306.0,1214.4768286436388
2983,83751.0,0.0,83751.0,83751.0,1653.7104855759999
2984,91246.0,0.0,91246.0,91246.0,1872.784249127594
2985,154253.0,0.0,154253.0,154253.0,3082.18671728371
2986,359407.0,0.0,359407.0,359407.0,6919.69116116655
2987,292521.0,0.0,292521.0,292521.0,5721.816595263958
2988,313730.0,0.0,313730.0,313730.0,6104.589792884946
2989,336195.0,0.0,336195.0,336195.0,6507.000002645965
2990,365603.0,0.0,365603.0,365603.0,7029.2716382252665
2991,572240.0,0.0,572240.0,572240.0,10572.525310458417
2992,516706.0,0.0,516706.0,516706.0,9640.226466027929
2993,346459.0,0.0,346459.0,346459.0,6689.812046186463
2994,53708.0,0.0,53708.0,53708.0,1118.8695158560472
2995,0.0,0.0,0.0,0.0,-0.0
2996,0.0,0.0,0.0,0.0,-0.0
2997,0.0,0.0,0.0,0.0,-0.0
2998,0.0,0.0,0.0,0.0,-0.0
2999,0.0,0.0,0.0,0.0,-0.0
3000,0.0,0.0,0.0,0.0,-0.0
3001,0.0,0.0,0.0,0.0,-0.0
3002,0.0,0.0,0.0,0.0,-0.0
3003,0.0,0.0,0.0,0.0,-0.0
3004,0.0,0.0,0.0,0.0,-0.0
3005,42878.0,0.0,42878.0,42878.0,746.0369649044493
3006,239188.0,0.0,239188.0,239188.0,4284.524002382088
3007,491523.0,0.0,491523.0,491523.0,9212.162242414299
3008,559014.0,0.0,559014.0,559014.0,10350.85749208153
3009,580102.0,0.0,580102.0,580102.0,10702.534979371698
3010,590441.0,0.0,590441.0,590441.0,10874.262164118694
3011,597557.0,0.0,597557.0,597557.0,10992.193605944283
3012,600000.0,0.0,600000.0,600000.0,11032.620750004253
3013,595745.0,0.0,595745.0,595745.0,10962.142504622747
3014,583499.0,0.0,583499.0,583499.0,10758.92336519258
3015,566367.0,0.0,566367.0,566367.0,10473.579450753448
3016,453334.0,0.0,453334.0,453334.0,8558.329767705165
3017,264893.0,0.0,264893.0,264893.0,5218.236775879848
3018,3705.0,0.0,3705.0,3705.0,-0.0
3019,38315.0,0.0,38315.0,38315.0,666.8540673475551
3020,53429.0,0.0,53429.0,53429.0,1066.7857149358106
3021,11834.0,0.0,11834.0,11834.0,242.83550068407558
3022,0.0,0.0,0.0,0.0,-0.0
3023,0.0,0.0,0.0,0.0,-0.0
3024,0.0,0.0,0.0,0.0,-0.0
3025,0.0,0.0,0.0,0.0,-0.0
3026,0.0,0.0,0.0,0.0,-0.0
3027,0.0,0.0,0.0,0.0,-0.0
3028,1821.0,0.0,1821.0,1821.0,-0.0
3029,78255.0,0.0,78255.0,78255.0,1359.8018011467477
3030,242173.0,0.0,242173.0,242173.0,4600.273520905594
3031,498573.0,0.0,498573.0,498573.0,9330.827113675405
3032,573217.0,0.0,573217.0,573217.0,10586.532479832873
3033,600000.0,0.0,600000.0,600000.0,11031.2205618011
3034,600000.0,0.0,600000.0,600000.0,11031.20222142953
3035,473216.0,0.0,473216.0,473216.0,8898.408940849027
3036,614645.0,0.0,614645.0,614645.0,11273.087366053785
3037,703623.0,0.0,703623.0,703623.0,12212.409659649087
3038,663612.0,0.0,663612.0,663612.0,12075.797784008357
3039,626400.0,0.0,626400.0,626400.0,11466.589879480654
3040,664885.0,0.0,664885.0,664885.0,12096.504337402508
3041,392158.0,0.0,392158.0,392158.0,7494.885319977152
3042,316124.0,0.0,316124.0,316124.0,6146.090617884553
3043,141033.0,0.0,141033.0,141033.0,2892.2528509133817
3044,130792.0,0.0,130792.0,130792.0,2693.7237285022297
3045,148940.0,0.0,148940.0,148940.0,3044.7433949183874
3046,251849.0,0.0,251849.0,251849.0,4978.234795951364
3047,428809.0,0.0,428809.0,428809.0,8133.541529583044
3048,367771.0,0.0,367771.0,367771.0,7065.796783056677
3049,285613.0,0.0,285613.0,285613.0,5595.043193173983
3050,215150.0,0.0,215150.0,215150.0,4298.58279247991
3051,238914.0,0.0,238914.0,238914.0,4739.786994783201
3052,305462.0,0.0,305462.0,305462.0,5954.121636348192
3053,322259.0,0.0,322259.0,322259.0,6256.065213384425
3054,608979.0,0.0,608979.0,608979.0,11179.274715734467
3055,349652.0,0.0,349652.0,349652.0,6744.819011159443
3056,157012.0,0.0,157012.0,157012.0,3199.6999233857778
3057,267056.0,0.0,267056.0,267056.0,5256.913285298343
3058,406353.0,0.0,406353.0,406353.0,7742.8968962009585
3059,599935.0,0.0,599935.0,599935.0,11029.688519048563
3060,459997.0,0.0,459997.0,459997.0,8671.439734667738
3061,602816.0,0.0,602816.0,602816.0,11077.311321128433
3062,395612.0,0.0,395612.0,395612.0,7555.124947765486
3063,238705.0,0.0,238705.0,238705.0,4735.827128625572
3064,768400.0,0.0,768400.0,768400.0,12211.892518803761
3065,345475.0,0.0,345475.0,345475.0,6670.462410720103
3066,231229.0,0.0,231229.0,231229.0,4597.4495546155995
3067,102000.0,0.0,102000.0,102000.0,2128.675365418109
3068,433059.0,0.0,433059.0,433059.0,8206.873652716657
3069,50542.0,0.0,50542.0,50542.0,1055.8141019272816
3070,127111.0,0.0,127111.0,127111.0,2403.4850264788874
3071,430459.0,0.0,430459.0,430459.0,8161.514731131905
3072,346063.0,0.0,346063.0,346063.0,6680.595192972041
3073,216598.0,0.0,216598.0,216598.0,4325.252697805378
3074,414340.0,0.0,414340.0,414340.0,7881.5934031860015
3075,589649.0,0.0,589649.0,589649.0,10858.593822686747
3076,542379.0,0.0,542379.0,542379.0,10069.665819232869
3077,409151.0,0.0,409151.0,409151.0,7791.166819394609
3078,398026.0,0.0,398026.0,398026.0,7596.88899822401
3079,650714.0,0.0,650714.0,650714.0,11864.068305589217
3080,667328.0,0.0,667328.0,667328.0,12135.1176383131
3081,519298.0,0.0,519298.0,519298.0,9680.844416335707
3082,625885.0,0.0,625885.0,625885.0,11456.938829585806
3083,768400.0,0.0,768400.0,768400.0,12211.097891763293
3084,543485.0,0.0,543485.0,543485.0,10088.099769599516
3085,768400.0,0.0,768400.0,768400.0,12211.057721453644
3086,768400.0,0.0,768400.0,768400.0,12211.037420676956
3087,768400.0,0.0,768400.0,768400.0,12211.017119967753
3088,768400.0,0.0,768400.0,768400.0,12210.996819326037
3089,689665.0,0.0,689665.0,689665.0,12210.97651875181
3090,316683.0,0.0,316683.0,316683.0,6155.400842911061
3091,695503.0,0.0,695503.0,695503.0,12210.937254339744
3092,599492.0,0.0,599492.0,599492.0,11021.377097292314
3093,706854.0,0.0,706854.0,706854.0,12210.89689197857
3094,768400.0,0.0,768400.0,768400.0,12210.876591736525
3095,768400.0,0.0,768400.0,768400.0,12210.856291561966
3096,768400.0,0.0,768400.0,768400.0,12210.835991454891
3097,768400.0,0.0,768400.0,768400.0,12210.815691415295
3098,768400.0,0.0,768400.0,768400.0,12210.795391443186
3099,768400.0,0.0,768400.0,768400.0,12210.775091538557
3100,768400.0,0.0,768400.0,768400.0,12210.75479170141
3101,768400.0,0.0,768400.0,768400.0,12210.734491931744
3102,768400.0,0.0,768400.0,768400.0,12210.714192229556
3103,766810.0,0.0,766810.0,766810.0,12210.693892594858
3104,699139.0,0.0,699139.0,699139.0,12210.673593027637
3105,693326.0,0.0,693326.0,693326.0,12210.65329352789
3106,676392.0,0.0,676392.0,676392.0,12210.632994095628
3107,669034.0,0.0,669034.0,669034.0,12162.350026033233
3108,683591.0,0.0,683591.0,683591.0,12210.592404952828
3109,719211.0,0.0,719211.0,719211.0,12210.57210572297
3110,768400.0,0.0,768400.0,768400.0,12210.551806560588
3111,463591.0,0.0,463591.0,463591.0,8732.067808711197
3112,456746.0,0.0,456746.0,456746.0,8614.510419203008
3113,628401.0,0.0,628401.0,628401.0,11497.704607194757
3114,519370.0,0.0,519370.0,519370.0,9681.519297959925
3115,118574.0,0.0,118574.0,118574.0,2454.862789910749
3116,410974.0,0.0,410974.0,410974.0,7822.412384195179
3117,754121.0,0.0,754121.0,754121.0,12210.41530704316
3118,768400.0,0.0,768400.0,768400.0,12210.39500840201
3119,768400.0,0.0,768400.0,768400.0,12210.374709828335
3120,768400.0,0.0,768400.0,768400.0,12210.35441132213
3121,768400.0,0.0,768400.0,768400.0,12210.334112883404
3122,768400.0,0.0,768400.0,768400.0,12210.313814512147
3123,768400.0,0.0,768400.0,768400.0,12210.29351620837
3124,768400.0,0.0,768400.0,768400.0,12210.273217972064
3125,768400.0,0.0,768400.0,768400.0,12210.252919803233
3126,768400.0,0.0,768400.0,768400.0,12210.232621701876
3127,768400.0,0.0,768400.0,768400.0,12210.212323667994
3128,768400.0,0.0,768400.0,768400.0,12210.192025701579
3129,768400.0,0.0,768400.0,768400.0,12210.171727802639
3130,768400.0,0.0,768400.0,768400.0,12210.15142997117
3131,768400.0,0.0,768400.0,768400.0,12210.13113220717
3132,768400.0,0.0,768400.0,768400.0,12210.11083451065
3133,768400.0,0.0,768400.0,768400.0,12210.090536881591
3134,768400.0,0.0,768400.0,768400.0,12210.070239320012
3135,768400.0,0.0,768400.0,768400.0,12210.049941825897
3136,768400.0,0.0,768400.0,768400.0,12210.029644399252
3137,768400.0,0.0,768400.0,768400.0,12210.009347040073
3138,768400.0,0.0,768400.0,768400.0,12209.989049748376
3139,768400.0,0.0,768400.0,768400.0,12209.968752524135
3140,768400.0,0.0,768400.0,768400.0,12209.948455367366
3141,768400.0,0.0,768400.0,768400.0,12209.928158278068
3142,768400.0,0.0,768400.0,768400.0,12209.907861256237
3143,768400.0,0.0,768400.0,768400.0,12209.887564301873
3144,768400.0,0.0,768400.0,768400.0,12209.867267414973
3145,735331.0,0.0,735331.0,735331.0,12209.846970595545
3146,604185.0,0.0,604185.0,604185.0,11097.994519914178
3147,685021.0,0.0,685021.0,685021.0,12209.806599642587
3148,545825.0,0.0,545825.0,545825.0,10126.273755018821
3149,466171.0,0.0,466171.0,466171.0,8775.742496587342
3150,523075.0,0.0,523075.0,523075.0,9743.483015514023
3151,768400.0,0.0,768400.0,768400.0,12209.727054529985
3152,768400.0,0.0,768400.0,768400.0,12209.706758176619
3153,768400.0,0.0,768400.0,768400.0,12209.68646189072
3154,768400.0,0.0,768400.0,768400.0,12209.66616567228
3155,768400.0,0.0,768400.0,768400.0,12209.645869521304
3156,768400.0,0.0,768400.0,768400.0,12209.625573437796
3157,768400.0,0.0,768400.0,768400.0,12209.605277421746
3158,768400.0,0.0,768400.0,768400.0,12209.584981473161
3159,768400.0,0.0,768400.0,768400.0,12209.564685592033
3160,768400.0,0.0,768400.0,768400.0,12209.544389778373
3161,561331.0,0.0,561331.0,561331.0,10385.626345961684
3162,194331.0,0.0,194331.0,194331.0,3907.4848786793436
3163,177497.0,0.0,177497.0,177497.0,3589.4261745682384
3164,207281.0,0.0,207281.0,207281.0,4150.51553222668
3165,135435.0,0.0,135435.0,135435.0,2783.1440495855586
3166,115260.0,0.0,115260.0,115260.0,2389.6507926447166
3167,52333.0,0.0,52333.0,52333.0,1091.0968129736195
3168,32329.0,0.0,32329.0,32329.0,672.2184313981091
3169,98131.0,0.0,98131.0,98131.0,1809.7819176429227
3170,208460.0,0.0,208460.0,208460.0,4143.363569908791
3171,360126.0,0.0,360126.0,360126.0,6928.550414951005
3172,582415.0,0.0,582415.0,582415.0,10736.216001849782
3173,768400.0,0.0,768400.0,768400.0,12208.705397593532
3174,768400.0,0.0,768400.0,768400.0,12208.685104635357
3175,768400.0,0.0,768400.0,768400.0,12208.664811744626
3176,768400.0,0.0,768400.0,768400.0,12208.644518921343
3177,768400.0,0.0,768400.0,768400.0,12208.624226165506
3178,768400.0,0.0,768400.0,768400.0,12208.603933477112
3179,768400.0,0.0,768400.0,768400.0,12208.583640856174
3180,768400.0,0.0,768400.0,768400.0,12208.56334830267
3181,768400.0,0.0,768400.0,768400.0,12208.543055816619
3182,768400.0,0.0,768400.0,768400.0,12208.522763398008
3183,768400.0,0.0,768400.0,768400.0,12208.502471046842
3184,768400.0,0.0,768400.0,768400.0,12208.482178763124
3185,768400.0,0.0,768400.0,768400.0,12208.461886546847
3186,733687.0,0.0,733687.0,733687.0,12208.441594398011
3187,768400.0,0.0,768400.0,768400.0,12208.421302316625
3188,768400.0,0.0,768400.0,768400.0,12208.401010302681
3189,768400.0,0.0,768400.0,768400.0,12208.380718356173
3190,768400.0,0.0,768400.0,768400.0,12208.360426477113
3191,768400.0,0.0,768400.0,768400.0,12208.340134665494
3192,768400.0,0.0,768400.0,768400.0,12208.309211010772
3193,356313.0,0.0,356313.0,356313.0,6860.756323527216
3194,132250.0,0.0,132250.0,132250.0,2721.045241460454
3195,115260.0,0.0,115260.0,115260.0,2389.38609057455
3196,70001.0,0.0,70001.0,70001.0,1458.741657250507
3197,45691.0,0.0,45691.0,45691.0,950.3555321091037
3198,81754.0,0.0,81754.0,81754.0,1570.2991745231682
3199,221785.0,0.0,221785.0,221785.0,4267.063205171749
3200,768400.0,0.0,768400.0,768400.0,12207.672429131653
3201,768400.0,0.0,768400.0,768400.0,12207.652139605842
3202,768400.0,0.0,768400.0,768400.0,12207.631850147462
3203,768400.0,0.0,768400.0,768400.0,12207.611560756513
3204,768400.0,0.0,768400.0,768400.0,12207.591271432993
3205,768400.0,0.0,768400.0,768400.0,12207.570982176901
3206,768400.0,0.0,768400.0,768400.0,12207.55069298824
3207,768400.0,0.0,768400.0,768400.0,12207.530403867007
3208,768400.0,0.0,768400.0,768400.0,12207.510114813202
3209,768400.0,0.0,768400.0,768400.0,12207.489825826822
3210,768400.0,0.0,768400.0,768400.0,12207.46953690787
3211,768400.0,0.0,768400.0,768400.0,12207.449248056351
3212,768400.0,0.0,768400.0,768400.0,12207.42895927225
3213,768400.0,0.0,768400.0,768400.0,12207.408670555584
3214,768400.0,0.0,768400.0,768400.0,12207.388381906341
3215,768400.0,0.0,768400.0,768400.0,12207.368093324521
3216,768400.0,0.0,768400.0,768400.0,12207.347804810126
3217,768400.0,0.0,768400.0,768400.0,12207.327516363164
3218,768400.0,0.0,768400.0,768400.0,12207.30722798362
3219,768400.0,0.0,768400.0,768400.0,12207.286939671501
3220,768400.0,0.0,768400.0,768400.0,12207.266651426802
3221,768400.0,0.0,768400.0,768400.0,12207.246363249533
3222,762418.0,0.0,762418.0,762418.0,12207.226075139688
3223,729060.0,0.0,729060.0,729060.0,12207.205787097266
3224,678194.0,0.0,678194.0,678194.0,12207.185499122259
3225,768400.0,0.0,768400.0,768400.0,12207.165211214684
3226,768400.0,0.0,768400.0,768400.0,12207.14492337453
3227,768400.0,0.0,768400.0,768400.0,12207.124635601793
3228,768400.0,0.0,768400.0,768400.0,12207.10434789648
3229,768400.0,0.0,768400.0,768400.0,12207.084060258587
3230,618705.0,0.0,618705.0,618705.0,11334.976609863863
3231,768400.0,0.0,768400.0,768400.0,12207.043659057716
3232,768400.0,0.0,768400.0,768400.0,12207.023371621504
3233,401228.0,0.0,401228.0,401228.0,7650.1098594295845
3234,115260.0,0.0,115260.0,115260.0,2389.10149070677
3235,115260.0,0.0,115260.0,115260.0,2389.0975116283075
3236,115260.0,0.0,115260.0,115260.0,2389.093532563031
3237,178474.0,0.0,178474.0,178474.0,3607.1109729695095
3238,269625.0,0.0,269625.0,269625.0,5301.443547476504
3239,383576.0,0.0,383576.0,383576.0,7340.8420395111025
3240,759531.0,0.0,759531.0,759531.0,12206.87440374198
3241,767327.0,0.0,767327.0,767327.0,12206.85411686824
3242,679171.0,0.0,679171.0,679171.0,12206.83383006192
3243,338372.0,0.0,338372.0,338372.0,6541.091112215412
3244,234941.0,0.0,234941.0,234941.0,4664.081478640217
3245,266769.0,0.0,266769.0,266769.0,5249.217940665861
3246,465991.0,0.0,465991.0,465991.0,8770.416319134945
3247,671114.0,0.0,671114.0,671114.0,12192.328161915337
3248,586490.0,0.0,586490.0,586490.0,10802.092566338559
3249,629296.0,0.0,629296.0,629296.0,11508.80777048656
3250,600000.0,0.0,600000.0,600000.0,11025.908910061169
3251,600000.0,0.0,600000.0,600000.0,11025.890587341337
3252,574876.0,0.0,574876.0,574876.0,10608.979880134242
3253,432697.0,0.0,432697.0,432697.0,8196.964882945469
3254,433443.0,0.0,433443.0,433443.0,8209.858794437787
3255,428293.0,0.0,428293.0,428293.0,8120.68044992937
3256,306400.0,0.0,306400.0,306400.0,5968.110530488669
3257,167558.0,0.0,167558.0,167558.0,3399.5441127529302
3258,182927.0,0.0,182927.0,182927.0,3691.2890431926994
3259,394936.0,0.0,394936.0,394936.0,7539.7656606420815
3260,399741.0,0.0,399741.0,399741.0,7623.787498552786
3261,767352.0,0.0,767352.0,767352.0,12206.464991595121
3262,768400.0,0.0,768400.0,768400.0,12206.44470608191
3263,768400.0,0.0,768400.0,768400.0,12206.424420636107
3264,768400.0,0.0,768400.0,768400.0,12206.40413525772
3265,768400.0,0.0,768400.0,768400.0,12206.383849946738
3266,768400.0,0.0,768400.0,768400.0,12206.363564703166
3267,768400.0,0.0,768400.0,768400.0,12206.343279527006
3268,768400.0,0.0,768400.0,768400.0,12206.32299441825
3269,768400.0,0.0,768400.0,768400.0,12206.302709376903
3270,768400.0,0.0,768400.0,768400.0,12206.282424402965
3271,768400.0,0.0,768400.0,768400.0,12206.262139496435
3272,730400.0,0.0,730400.0,730400.0,12206.241854657312
3273,734191.0,0.0,734191.0,734191.0,12206.22156988559
3274,768400.0,0.0,768400.0,768400.0,12206.20128518128
3275,768400.0,0.0,768400.0,768400.0,12206.18100054438
3276,768400.0,0.0,768400.0,768400.0,12206.16071597488
3277,768400.0,0.0,768400.0,768400.0,12206.140431472784
3278,768400.0,0.0,768400.0,768400.0,12206.120147038097
3279,768400.0,0.0,768400.0,768400.0,12206.099862670815
3280,723040.0,0.0,723040.0,723040.0,12206.07957837093
3281,676691.0,0.0,676691.0,676691.0,12206.05929413846
3282,620938.0,0.0,620938.0,620938.0,11370.774796405993
3283,614174.0,0.0,614174.0,614174.0,11259.351361592744
3284,768400.0,0.0,768400.0,768400.0,12205.998797197495
3285,768400.0,0.0,768400.0,768400.0,12205.978513233451
3286,768400.0,0.0,768400.0,768400.0,12205.958229336808
3287,748877.0,0.0,748877.0,748877.0,12205.937945507567
3288,755693.0,0.0,755693.0,755693.0,12205.917661745734
3289,768400.0,0.0,768400.0,768400.0,12205.897378051299
3290,767806.0,0.0,767806.0,767806.0,12205.877094424262
3291,768400.0,0.0,768400.0,768400.0,12205.856810864629
3292,752429.0,0.0,752429.0,752429.0,12205.836527372398
3293,768400.0,0.0,768400.0,768400.0,12205.816243947567
3294,768400.0,0.0,768400.0,768400.0,12205.79596059013
3295,768400.0,0.0,768400.0,768400.0,12205.775677300098
3296,768400.0,0.0,768400.0,768400.0,12205.755394077463
3297,768400.0,0.0,768400.0,768400.0,12205.735110922227
3298,768400.0,0.0,768400.0,768400.0,12205.71482783439
3299,631573.0,0.0,631573.0,631573.0,11545.241812773951
3300,290437.0,0.0,290437.0,290437.0,5679.290623018439
3301,409227.0,0.0,409227.0,409227.0,7788.771704299523
3302,509158.0,0.0,509158.0,509158.0,9504.900329808244
3303,301883.0,0.0,301883.0,301883.0,5886.1852961989025
3304,252325.0,0.0,252325.0,252325.0,4984.034017351503
3305,227815.0,0.0,227815.0,227815.0,4531.5766742460555
3306,163439.0,0.0,163439.0,163439.0,3320.684515304577
3307,312647.0,0.0,312647.0,312647.0,6079.985130787491
3308,378761.0,0.0,378761.0,378761.0,7255.347760263605
3309,497572.0,0.0,497572.0,497572.0,9308.297731505154
3310,623769.0,0.0,623769.0,623769.0,11416.825473726854
3311,647758.0,0.0,647758.0,647758.0,11810.179205047938
3312,574318.0,0.0,574318.0,574318.0,10598.638343296578
3313,707493.0,0.0,707493.0,707493.0,12205.424266843133
3314,684137.0,0.0,684137.0,684137.0,12205.403984788181
3315,768400.0,0.0,768400.0,768400.0,12205.383702800618
3316,768400.0,0.0,768400.0,768400.0,12205.363420880449
3317,768400.0,0.0,768400.0,768400.0,12205.343139027673
3318,768400.0,0.0,768400.0,768400.0,12205.322857242285
3319,692556.0,0.0,692556.0,692556.0,12205.302575524292
3320,479735.0,0.0,479735.0,479735.0,9004.389251235718
3321,623811.0,0.0,623811.0,623811.0,11417.30699305979
3322,696434.0,0.0,696434.0,696434.0,12205.242549950786
3323,708469.0,0.0,708469.0,708469.0,12205.222268499638
3324,393085.0,0.0,393085.0,393085.0,7506.518490879799
3325,730960.0,0.0,730960.0,730960.0,12205.182707877637
3326,701373.0,0.0,701373.0,701373.0,12205.162426625322
3327,534377.0,0.0,534377.0,534377.0,9930.087264651385
3328,704834.0,0.0,704834.0,704834.0,12205.122327571804
3329,768400.0,0.0,768400.0,768400.0,12205.10204652012
3330,768400.0,0.0,768400.0,768400.0,12205.081765535815
3331,768400.0,0.0,768400.0,768400.0,12205.061484618906
3332,768400.0,0.0,768400.0,768400.0,12205.04120376938
3333,704583.0,0.0,704583.0,704583.0,12205.02092298724
3334,768400.0,0.0,768400.0,768400.0,12205.00064227249
3335,768400.0,0.0,768400.0,768400.0,12204.980361625127
3336,768400.0,0.0,768400.0,768400.0,12204.960081045147
3337,768400.0,0.0,768400.0,768400.0,12204.939800532553
3338,768400.0,0.0,768400.0,768400.0,12204.919520087346
3339,768400.0,0.0,768400.0,768400.0,12204.899239709519
3340,768400.0,0.0,768400.0,768400.0,12204.878959399077
3341,768400.0,0.0,768400.0,768400.0,12204.858679156025
3342,768400.0,0.0,768400.0,768400.0,12204.838398980355
3343,768400.0,0.0,768400.0,768400.0,12204.818118872066
3344,768400.0,0.0,768400.0,768400.0,12204.79783883116
3345,748111.0,0.0,748111.0,748111.0,12204.77755885764
3346,768400.0,0.0,768400.0,768400.0,12204.757278951503
3347,768400.0,0.0,768400.0,768400.0,12204.736999112745
3348,768400.0,0.0,768400.0,768400.0,12204.71671934137
3349,768400.0,0.0,768400.0,768400.0,12204.696439637379
3350,768400.0,0.0,768400.0,768400.0,12204.676160000765
3351,768400.0,0.0,768400.0,768400.0,12204.655880431534
3352,701699.0,0.0,701699.0,701699.0,12204.635600929681
3353,768400.0,0.0,768400.0,768400.0,12204.61532149521
3354,768400.0,0.0,768400.0,768400.0,12204.595042128123
3355,768400.0,0.0,768400.0,768400.0,12204.57476282841
3356,768400.0,0.0,768400.0,768400.0,12204.554483596079
3357,768400.0,0.0,768400.0,768400.0,12204.534204431122
3358,767881.0,0.0,767881.0,767881.0,12204.513925333547
3359,768400.0,0.0,768400.0,768400.0,12204.493646303352
3360,768400.0,0.0,768400.0,768400.0,12204.462742393369
3361,768400.0,0.0,768400.0,768400.0,12204.442463533218
3362,729084.0,0.0,729084.0,729084.0,12204.422184740442
3363,556609.0,0.0,556609.0,556609.0,10302.281786759027
3364,436714.0,0.0,436714.0,436714.0,8264.857312301398
3365,408305.0,0.0,408305.0,408305.0,7771.8407624244965
3366,743646.0,0.0,743646.0,743646.0,12204.34322163841
3367,644725.0,0.0,644725.0,644725.0,11759.46230633649
3368,672856.0,0.0,672856.0,672856.0,12204.302752933028
3369,624163.0,0.0,624163.0,624163.0,11422.170770547238
3370,452093.0,0.0,452093.0,452093.0,8529.938045852552
3371,660998.0,0.0,660998.0,660998.0,12025.136292591757
3372,563864.0,0.0,563864.0,563864.0,10423.321744192639
3373,699991.0,0.0,699991.0,699991.0,12204.202679775988
3374,608830.0,0.0,608830.0,608830.0,11169.50724362808
3375,768400.0,0.0,768400.0,768400.0,12204.162330561574
3376,768400.0,0.0,768400.0,768400.0,12204.142052699539
3377,760355.0,0.0,760355.0,760355.0,12204.121774904877
3378,768400.0,0.0,768400.0,768400.0,12204.101497177588
3379,768400.0,0.0,768400.0,768400.0,12204.081219517668
3380,768400.0,0.0,768400.0,768400.0,12204.060941925123
3381,745103.0,0.0,745103.0,745103.0,12204.040664399945
3382,715275.0,0.0,715275.0,715275.0,12204.020386942137
3383,728212.0,0.0,728212.0,728212.0,12204.000109551702
3384,734970.0,0.0,734970.0,734970.0,12203.979832228637
3385,733746.0,0.0,733746.0,733746.0,12203.959554972937
3386,701585.0,0.0,701585.0,701585.0,12203.939277784608
3387,718793.0,0.0,718793.0,718793.0,12203.919000663645
3388,768400.0,0.0,768400.0,768400.0,12203.898723610057
3389,768400.0,0.0,768400.0,768400.0,12203.878446623832
3390,768400.0,0.0,768400.0,768400.0,12203.858169704978
3391,768400.0,0.0,768400.0,768400.0,12203.837892853488
3392,768400.0,0.0,768400.0,768400.0,12203.817616069366
3393,768400.0,0.0,768400.0,768400.0,12203.797339352612
3394,768400.0,0.0,768400.0,768400.0,12203.777062703224
3395,768400.0,0.0,768400.0,768400.0,12203.756786121201
3396,768400.0,0.0,768400.0,768400.0,12203.736509606542
3397,768400.0,0.0,768400.0,768400.0,12203.71623315925
3398,768400.0,0.0,768400.0,768400.0,12203.69595677932
3399,768400.0,0.0,768400.0,768400.0,12203.675680466762
3400,768400.0,0.0,768400.0,768400.0,12203.655404221563
3401,768400.0,0.0,768400.0,768400.0,12203.63512804373
3402,768400.0,0.0,768400.0,768400.0,12203.61485193326
3403,768400.0,0.0,768400.0,768400.0,12203.594575890154
3404,768400.0,0.0,768400.0,768400.0,12203.574299914406
3405,768400.0,0.0,768400.0,768400.0,12203.554024006025
3406,768400.0,0.0,768400.0,768400.0,12203.533748165006
3407,768400.0,0.0,768400.0,768400.0,12203.513472391349
3408,768400.0,0.0,768400.0,768400.0,12203.493196685053
3409,759351.0,0.0,759351.0,759351.0,12203.472921046116
3410,768400.0,0.0,768400.0,768400.0,12203.452645474545
3411,768400.0,0.0,768400.0,768400.0,12203.432369970331
3412,768400.0,0.0,768400.0,768400.0,12203.412094533478
3413,768400.0,0.0,768400.0,768400.0,12203.39181916399
3414,718298.0,0.0,718298.0,718298.0,12203.371543861851
3415,768400.0,0.0,768400.0,768400.0,12203.351268627079
3416,759028.0,0.0,759028.0,759028.0,12203.330993459662
3417,742296.0,0.0,742296.0,742296.0,12203.310718359608
3418,747457.0,0.0,747457.0,747457.0,12203.290443326905
3419,716609.0,0.0,716609.0,716609.0,12203.270168361567
3420,738606.0,0.0,738606.0,738606.0,12203.249893463586
3421,740205.0,0.0,740205.0,740205.0,12203.229618632959
3422,679913.0,0.0,679913.0,679913.0,12203.20934386969
3423,702649.0,0.0,702649.0,702649.0,12203.189069173779
3424,639673.0,0.0,639673.0,639673.0,11675.642719774318
3425,448987.0,0.0,448987.0,448987.0,8475.675294650642
3426,115260.0,0.0,115260.0,115260.0,2388.2364327777177
3427,115260.0,0.0,115260.0,115260.0,2388.232456565496
3428,97586.0,0.0,97586.0,97586.0,2035.1396788609263
3429,99707.0,0.0,99707.0,99707.0,2077.1056501761004
3430,36897.0,0.0,36897.0,36897.0,766.8178951368548
3431,86307.0,0.0,86307.0,86307.0,1618.7599024571944
3432,119606.0,0.0,119606.0,119606.0,2404.5793456748133
3433,172575.0,0.0,172575.0,172575.0,3493.7060425911186
3434,279928.0,0.0,279928.0,279928.0,5486.979955287185
3435,500961.0,0.0,500961.0,500961.0,9363.38839082414
3436,602621.0,0.0,602621.0,602621.0,11065.312138288129
3437,705884.0,0.0,705884.0,705884.0,12202.362324511447
3438,768400.0,0.0,768400.0,768400.0,12202.34205262866
3439,703825.0,0.0,703825.0,703825.0,12202.321780813221
3440,705905.0,0.0,705905.0,705905.0,12202.301509065119
3441,663027.0,0.0,663027.0,663027.0,12056.260444973896
3442,670965.0,0.0,670965.0,670965.0,12185.433375538554
3443,633375.0,0.0,633375.0,633375.0,11571.518912617921
3444,570502.0,0.0,570502.0,570502.0,10532.255096996947
3445,690672.0,0.0,690672.0,690672.0,12202.200645457182
3446,608906.0,0.0,608906.0,608906.0,11168.910219807472
3447,222329.0,0.0,222329.0,222329.0,4428.335706401851
3448,511247.0,0.0,511247.0,511247.0,9537.457544261917
3449,274916.0,0.0,274916.0,274916.0,5395.641490006962
3450,267913.0,0.0,267913.0,267913.0,5267.931908782892
3451,353577.0,0.0,353577.0,353577.0,6808.583283216266
3452,348983.0,0.0,348983.0,348983.0,6727.079179027656
3453,745340.0,0.0,745340.0,745340.0,12202.046508150159
3454,645683.0,0.0,645683.0,645683.0,11772.910073624798
3455,500225.0,0.0,500225.0,500225.0,9350.586989735988
3456,576722.0,0.0,576722.0,576722.0,10635.583233924326
3457,682749.0,0.0,682749.0,682749.0,12201.966411685757
3458,654295.0,0.0,654295.0,654295.0,11913.5438417255
3459,697935.0,0.0,697935.0,697935.0,12201.925927635983
3460,697343.0,0.0,697343.0,697343.0,12201.905657202866
3461,729192.0,0.0,729192.0,729192.0,12201.88538683708
3462,768400.0,0.0,768400.0,768400.0,12201.865116538629
3463,670803.0,0.0,670803.0,670803.0,12182.38356536593
3464,571384.0,0.0,571384.0,571384.0,10546.598448378867
3465,451583.0,0.0,451583.0,451583.0,8519.380260087235
3466,390955.0,0.0,390955.0,390955.0,7467.009574442223
3467,405396.0,0.0,405396.0,405396.0,7719.397971972069
3468,547036.0,0.0,547036.0,547036.0,10139.763069109398
3469,530432.0,0.0,530432.0,530432.0,9860.875808940304
3470,529925.0,0.0,529925.0,529925.0,9852.324984248193
3471,534554.0,0.0,534554.0,534554.0,9930.18704199482
3472,456112.0,0.0,456112.0,456112.0,8597.141095537248
3473,442288.0,0.0,442288.0,442288.0,8359.152116839896
3474,633376.0,0.0,633376.0,633376.0,11570.950991405876
3475,756579.0,0.0,756579.0,756579.0,12201.60819382557
3476,768400.0,0.0,768400.0,768400.0,12201.587924447891
3477,704125.0,0.0,704125.0,704125.0,12201.567655137547
3478,768400.0,0.0,768400.0,768400.0,12201.547385894535
3479,768400.0,0.0,768400.0,768400.0,12201.527116718851
3480,768400.0,0.0,768400.0,768400.0,12201.50684761049
3481,768400.0,0.0,768400.0,768400.0,12201.486578569462
3482,768400.0,0.0,768400.0,768400.0,12201.466309595762
3483,768400.0,0.0,768400.0,768400.0,12201.44604068939
3484,768400.0,0.0,768400.0,768400.0,12201.425771850349
3485,768400.0,0.0,768400.0,768400.0,12201.405503078631
3486,768400.0,0.0,768400.0,768400.0,12201.385234374236
3487,768400.0,0.0,768400.0,768400.0,12201.364965737175
3488,740772.0,0.0,740772.0,740772.0,12201.344697167433
3489,752140.0,0.0,752140.0,752140.0,12201.324428665019
3490,768400.0,0.0,768400.0,768400.0,12201.304160229929
3491,768400.0,0.0,768400.0,768400.0,12201.283891862167
3492,768400.0,0.0,768400.0,768400.0,12201.263623561732
3493,768400.0,0.0,768400.0,768400.0,12201.243355328617
3494,768400.0,0.0,768400.0,768400.0,12201.223087162825
3495,768400.0,0.0,768400.0,768400.0,12201.202819064361
3496,768400.0,0.0,768400.0,768400.0,12201.182551033218
3497,768400.0,0.0,768400.0,768400.0,12201.162283069398
3498,650235.0,0.0,650235.0,650235.0,11846.459321785193
3499,710075.0,0.0,710075.0,710075.0,12201.121817522322
3500,768400.0,0.0,768400.0,768400.0,12201.101549760237
3501,768400.0,0.0,768400.0,768400.0,12201.081282065477
3502,768400.0,0.0,768400.0,768400.0,12201.061014438033
3503,768400.0,0.0,768400.0,768400.0,12201.04074687791
3504,768400.0,0.0,768400.0,768400.0,12201.020479385112
3505,768400.0,0.0,768400.0,768400.0,12201.000211959632
3506,768400.0,0.0,768400.0,768400.0,12200.97994460147
3507,768400.0,0.0,768400.0,768400.0,12200.95967731063
3508,768400.0,0.0,768400.0,768400.0,12200.939410087107
3509,768400.0,0.0,768400.0,768400.0,12200.919142930905
3510,768400.0,0.0,768400.0,768400.0,12200.89887584202
3511,670006.0,0.0,670006.0,670006.0,12168.458718711785
3512,688436.0,0.0,688436.0,688436.0,12200.858348253674
3513,715919.0,0.0,715919.0,715919.0,12200.838081366723
3514,768400.0,0.0,768400.0,768400.0,12200.817814547092
3515,768400.0,0.0,768400.0,768400.0,12200.797547794775
3516,690293.0,0.0,690293.0,690293.0,12200.777281109773
3517,768400.0,0.0,768400.0,768400.0,12200.75701449209
3518,768400.0,0.0,768400.0,768400.0,12200.736747941723
3519,601900.0,0.0,601900.0,601900.0,11051.869737414254
3520,643693.0,0.0,643693.0,643693.0,11739.069728233815
3521,502234.0,0.0,502234.0,502234.0,9383.617476749523
3522,340406.0,0.0,340406.0,340406.0,6573.796332744101
3523,401517.0,0.0,401517.0,401517.0,7650.967204599699
3524,523778.0,0.0,523778.0,523778.0,9747.867951960687
3525,718716.0,0.0,718716.0,718716.0,12200.598478076223
3526,760563.0,0.0,760563.0,760563.0,12200.57821205243
3527,761637.0,0.0,761637.0,761637.0,12200.557946095958
3528,768400.0,0.0,768400.0,768400.0,12200.527062365594
3529,571665.0,0.0,571665.0,571665.0,10550.119762221877
3530,430686.0,0.0,430686.0,430686.0,8157.878089628613
3531,742620.0,0.0,742620.0,742620.0,12200.467447640875
3532,768400.0,0.0,768400.0,768400.0,12200.447182052285
3533,461795.0,0.0,461795.0,461795.0,8693.780999597631
3534,380401.0,0.0,380401.0,380401.0,7280.96583214024
3535,510539.0,0.0,510539.0,510539.0,9524.070692064573
3536,323656.0,0.0,323656.0,323656.0,6274.651300988292
3537,231446.0,0.0,231446.0,231446.0,4596.72363549842
3538,302063.0,0.0,302063.0,302063.0,5886.6932793254955
3539,374171.0,0.0,374171.0,374171.0,7171.322210228691
3540,478221.0,0.0,478221.0,478221.0,8974.744363173233
3541,518560.0,0.0,518560.0,518560.0,9659.5482313161
3542,551152.0,0.0,551152.0,551152.0,10207.431554891442
3543,342779.0,0.0,342779.0,342779.0,6615.775963062935
3544,473751.0,0.0,473751.0,473751.0,8898.32884057105
3545,169192.0,0.0,169192.0,169192.0,3428.669841172517
3546,287250.0,0.0,287250.0,287250.0,5618.795149408843
3547,404288.0,0.0,404288.0,404288.0,7699.0071958006965
3548,545432.0,0.0,545432.0,545432.0,10111.51539337607
3549,382972.0,0.0,382972.0,382972.0,7325.944358910281
3550,315762.0,0.0,315762.0,315762.0,6133.016863489407
3551,480149.0,0.0,480149.0,480149.0,9007.487120604721
3552,768400.0,0.0,768400.0,768400.0,12200.061292001828
3553,749229.0,0.0,749229.0,749229.0,12200.041027762241
3554,768400.0,0.0,768400.0,768400.0,12200.020763589959
3555,768400.0,0.0,768400.0,768400.0,12200.00049948498
3556,753411.0,0.0,753411.0,753411.0,12199.980235447303
3557,481485.0,0.0,481485.0,481485.0,9030.184959134249
3558,724594.0,0.0,724594.0,724594.0,12199.940362754833
3559,757863.0,0.0,757863.0,757863.0,12199.920098916893
3560,758216.0,0.0,758216.0,758216.0,12199.899835146249
3561,768400.0,0.0,768400.0,768400.0,12199.879571442909
3562,644203.0,0.0,644203.0,644203.0,11746.60403578646
3563,677680.0,0.0,677680.0,677680.0,12199.839134028656
3564,627666.0,0.0,627666.0,627666.0,11475.514203693536
3565,478616.0,0.0,478616.0,478616.0,8981.111045609023
3566,721393.0,0.0,721393.0,721393.0,12199.779153618882
3567,574590.0,0.0,574590.0,574590.0,10598.147669206657
3568,299417.0,0.0,299417.0,299417.0,5838.651248254504
3569,258868.0,0.0,258868.0,258868.0,5101.419399553826
3570,322269.0,0.0,322269.0,322269.0,6249.453377705455
3571,220814.0,0.0,220814.0,220814.0,4399.187075515922
3572,721722.0,0.0,721722.0,721722.0,12199.664060212006
3573,540304.0,0.0,540304.0,540304.0,10025.076619902304
3574,768400.0,0.0,768400.0,768400.0,12199.623976290452
3575,768400.0,0.0,768400.0,768400.0,12199.603713503308
3576,765286.0,0.0,765286.0,765286.0,12199.583450783459
3577,744827.0,0.0,744827.0,744827.0,12199.563188130911
3578,686117.0,0.0,686117.0,686117.0,12199.54292554565
3579,639308.0,0.0,639308.0,639308.0,11666.158845146121
3580,759395.0,0.0,759395.0,759395.0,12199.502506348439
3581,721501.0,0.0,721501.0,721501.0,12199.482243964714
3582,768400.0,0.0,768400.0,768400.0,12199.461981648292
3583,585640.0,0.0,585640.0,585640.0,10781.46224438836
3584,550147.0,0.0,550147.0,550147.0,10189.89752215164
3585,614275.0,0.0,614275.0,614275.0,11254.854554172129
3586,692500.0,0.0,692500.0,692500.0,12199.381813418164
3587,744898.0,0.0,744898.0,744898.0,12199.361551435288
3588,577960.0,0.0,577960.0,577960.0,10653.824916199845
3589,573739.0,0.0,573739.0,573739.0,10583.601097881558
3590,768400.0,0.0,768400.0,768400.0,12199.301402271862
3591,758403.0,0.0,758403.0,758403.0,12199.281140556039
3592,768400.0,0.0,768400.0,768400.0,12199.260878907508
3593,768400.0,0.0,768400.0,768400.0,12199.240617326264
3594,768400.0,0.0,768400.0,768400.0,12199.220355812316
3595,643836.0,0.0,643836.0,643836.0,11739.962919947498
3596,751029.0,0.0,751029.0,751029.0,12199.179923963713
3597,768400.0,0.0,768400.0,768400.0,12199.159662651331
3598,768400.0,0.0,768400.0,768400.0,12199.13940140624
3599,708620.0,0.0,708620.0,708620.0,12199.119140228435
3600,723644.0,0.0,723644.0,723644.0,12199.098879117926
3601,721077.0,0.0,721077.0,721077.0,12199.0786180747
3602,638722.0,0.0,638722.0,638722.0,11656.115214202693
3603,260782.0,0.0,260782.0,260782.0,5136.153950675188
3604,425319.0,0.0,425319.0,425319.0,8063.908181974828
3605,676807.0,0.0,676807.0,676807.0,12199.000159460202
3606,768400.0,0.0,768400.0,768400.0,12198.979898744832
3607,768400.0,0.0,768400.0,768400.0,12198.959638096749
3608,768400.0,0.0,768400.0,768400.0,12198.939377515948
3609,768400.0,0.0,768400.0,768400.0,12198.919117002435
3610,666217.0,0.0,666217.0,666217.0,12104.847454330753
3611,768400.0,0.0,768400.0,768400.0,12198.878614719019
3612,768400.0,0.0,768400.0,768400.0,12198.8583544073
3613,768400.0,0.0,768400.0,768400.0,12198.838094162866
3614,768400.0,0.0,768400.0,768400.0,12198.817833985717
3615,768400.0,0.0,768400.0,768400.0,12198.797573875845
3616,768400.0,0.0,768400.0,768400.0,12198.77731383327
3617,768400.0,0.0,768400.0,768400.0,12198.757053857968
3618,330812.0,0.0,330812.0,330812.0,6401.674125811269
3619,115260.0,0.0,115260.0,115260.0,2387.246551138901
3620,156152.0,0.0,156152.0,156152.0,3179.303195239214
3621,690201.0,0.0,690201.0,690201.0,12198.682069751052
3622,373912.0,0.0,373912.0,373912.0,7165.737991680489
3623,682124.0,0.0,682124.0,682124.0,12198.642631575069
3624,256728.0,0.0,256728.0,256728.0,5061.70963508057
3625,149573.0,0.0,149573.0,149573.0,3053.0701815555612
3626,33205.0,0.0,33205.0,33205.0,688.8670662061617
3627,0.0,0.0,0.0,0.0,-0.0
3628,0.0,0.0,0.0,0.0,-0.0
3629,15153.0,0.0,15153.0,15153.0,261.0976707510033
3630,75068.0,0.0,75068.0,75068.0,1347.6493668762125
3631,335143.0,0.0,335143.0,335143.0,6163.669498100389
3632,421708.0,0.0,421708.0,421708.0,8000.365929140207
3633,625736.0,0.0,625736.0,625736.0,11441.764670614963
3634,768400.0,0.0,768400.0,768400.0,12197.633414966123
3635,768400.0,0.0,768400.0,768400.0,12197.61315878954
3636,768400.0,0.0,768400.0,768400.0,12197.592902680226
3637,768400.0,0.0,768400.0,768400.0,12197.572646638171
3638,768400.0,0.0,768400.0,768400.0,12197.552390663384
3639,768400.0,0.0,768400.0,768400.0,12197.532134755858
3640,768400.0,0.0,768400.0,768400.0,12197.511878915593
3641,768400.0,0.0,768400.0,768400.0,12197.491623142592
3642,740829.0,0.0,740829.0,740829.0,12197.47136743685
3643,655215.0,0.0,655215.0,655215.0,11924.153048295395
3644,736944.0,0.0,736944.0,736944.0,12197.430910226161
3645,768400.0,0.0,768400.0,768400.0,12197.410654722022
3646,768400.0,0.0,768400.0,768400.0,12197.390399285148
3647,768400.0,0.0,768400.0,768400.0,12197.370143915536
3648,768400.0,0.0,768400.0,768400.0,12197.349888613182
3649,757538.0,0.0,757538.0,757538.0,12197.329633378089
3650,546252.0,0.0,546252.0,546252.0,10122.86252751809
3651,307589.0,0.0,307589.0,307589.0,5984.647097762263
3652,260439.0,0.0,260439.0,260439.0,5129.068407182992
3653,353503.0,0.0,353503.0,353503.0,6804.411174932734
3654,593310.0,0.0,593310.0,593310.0,10906.599893219012
3655,648439.0,0.0,648439.0,648439.0,11813.292129402887
3656,666262.0,0.0,666262.0,666262.0,12103.885210759327
3657,672474.0,0.0,672474.0,672474.0,12197.172519631991
3658,695303.0,0.0,695303.0,695303.0,12197.152264985863
3659,664441.0,0.0,664441.0,664441.0,12074.187501933255
3660,679953.0,0.0,679953.0,679953.0,12197.111780138457
3661,753769.0,0.0,753769.0,753769.0,12197.09152569402
3662,683621.0,0.0,683621.0,683621.0,12197.071271316834
3663,768400.0,0.0,768400.0,768400.0,12197.051017006901
3664,759787.0,0.0,759787.0,759787.0,12197.03076276423
3665,565834.0,0.0,565834.0,565834.0,10449.903709779264
3666,210449.0,0.0,210449.0,210449.0,4205.022114556755
3667,178052.0,0.0,178052.0,178052.0,3595.8376921649983
3668,591751.0,0.0,591751.0,591751.0,10880.529682172582
3669,222595.0,0.0,222595.0,222595.0,4431.193979749905
3670,158759.0,0.0,158759.0,158759.0,3228.663729025784
3671,163054.0,0.0,163054.0,163054.0,3310.6966517788533
3672,115260.0,0.0,115260.0,115260.0,2386.834071636576
3673,115260.0,0.0,115260.0,115260.0,2386.830100068486
3674,73745.0,0.0,73745.0,73745.0,1535.7467925229917
3675,29668.0,0.0,29668.0,29668.0,618.9804377290397
3676,41770.0,0.0,41770.0,41770.0,835.1698760472743
3677,110132.0,0.0,110132.0,110132.0,2047.9788634364563
3678,406293.0,0.0,406293.0,406293.0,7731.327830283094
3679,574625.0,0.0,574625.0,574625.0,10595.557137807973
3680,606567.0,0.0,606567.0,606567.0,11124.741232793649
3681,600000.0,0.0,600000.0,600000.0,11016.265276925556
3682,600000.0,0.0,600000.0,600000.0,11016.24698623392
3683,537698.0,0.0,537698.0,537698.0,9978.339938759502
3684,509956.0,0.0,509956.0,509956.0,9510.740234983801
3685,441584.0,0.0,441584.0,441584.0,8343.01656438576
3686,471904.0,0.0,471904.0,471904.0,8863.599164760528
3687,192190.0,0.0,192190.0,192190.0,3862.4263771934734
3688,348092.0,0.0,348092.0,348092.0,6707.708602013244
3689,72932.0,0.0,72932.0,72932.0,1519.5588560100337
3690,129371.0,0.0,129371.0,129371.0,2532.67830217098
3691,135302.0,0.0,135302.0,135302.0,2777.0077312634367
3692,359094.0,0.0,359094.0,359094.0,6902.439698166945
3693,357640.0,0.0,357640.0,357640.0,6876.707973727126
3694,315751.0,0.0,315751.0,315751.0,6130.4130735715835
3695,440506.0,0.0,440506.0,440506.0,8324.11339977027
3696,497506.0,0.0,497506.0,497506.0,9299.380221147048
3697,586595.0,0.0,586595.0,586595.0,10793.821262307329
3698,499581.0,0.0,499581.0,499581.0,9334.560536535468
3699,546463.0,0.0,546463.0,546463.0,10124.880976036555
3700,634459.0,0.0,634459.0,634459.0,11582.857128723837
3701,768400.0,0.0,768400.0,768400.0,12195.479666966905
3702,768400.0,0.0,768400.0,768400.0,12195.45941794023
3703,768400.0,0.0,768400.0,768400.0,12195.439168980793
3704,525785.0,0.0,525785.0,525785.0,9777.426062501936
3705,357712.0,0.0,357712.0,357712.0,6877.833759582287
3706,232282.0,0.0,232282.0,232282.0,4610.142264633564
3707,591149.0,0.0,591149.0,591149.0,10869.119593168121
3708,554469.0,0.0,554469.0,554469.0,10258.718452674997
3709,578542.0,0.0,578542.0,578542.0,10659.93167192531
3710,700326.0,0.0,700326.0,700326.0,12195.30179485193
3711,768400.0,0.0,768400.0,768400.0,12195.281546415812
3712,589024.0,0.0,589024.0,589024.0,10833.821253291873
3713,608749.0,0.0,608749.0,608749.0,11159.904606903681
3714,768400.0,0.0,768400.0,768400.0,12195.221281256987
3715,768400.0,0.0,768400.0,768400.0,12195.20103308817
3716,768400.0,0.0,768400.0,768400.0,12195.180784986578
3717,747836.0,0.0,747836.0,747836.0,12195.160536952204
3718,768400.0,0.0,768400.0,768400.0,12195.140288985061
3719,767507.0,0.0,767507.0,767507.0,12195.120041085138
3720,768400.0,0.0,768400.0,768400.0,12195.099793252437
3721,768400.0,0.0,768400.0,768400.0,12195.079545486959
3722,669428.0,0.0,669428.0,669428.0,12153.256713617146
3723,430575.0,0.0,430575.0,430575.0,8152.156638416936
3724,343518.0,0.0,343518.0,343518.0,6625.9054485596835
3725,344757.0,0.0,344757.0,344757.0,6647.911988474771
3726,466414.0,0.0,466414.0,466414.0,8768.891418266378
3727,535192.0,0.0,535192.0,535192.0,9935.307826012073
3728,610697.0,0.0,610697.0,610697.0,11191.74698650347
3729,768400.0,0.0,768400.0,768400.0,12194.9222125725
3730,555964.0,0.0,555964.0,555964.0,10283.3301457478
3731,426227.0,0.0,426227.0,426227.0,8076.781208835215
3732,272171.0,0.0,272171.0,272171.0,5342.1825095479335
3733,341332.0,0.0,341332.0,341332.0,6586.936472520244
3734,392528.0,0.0,392528.0,392528.0,7490.0603346704465
3735,346769.0,0.0,346769.0,346769.0,6683.533522925158
3736,283706.0,0.0,283706.0,283706.0,5551.861633949771
3737,160226.0,0.0,160226.0,160226.0,3256.061008855606
3738,160803.0,0.0,160803.0,160803.0,3267.0769432157754
3739,167336.0,0.0,167336.0,167336.0,3391.6369857996206
3740,242261.0,0.0,242261.0,242261.0,4794.110372482784
3741,274975.0,0.0,274975.0,274975.0,5393.162800653191
3742,338364.0,0.0,338364.0,338364.0,6534.024458007127
3743,259436.0,0.0,259436.0,259436.0,5109.517983606962
3744,203356.0,0.0,203356.0,203356.0,4071.5245181464034
3745,214226.0,0.0,214226.0,214226.0,4274.569228317243
3746,251107.0,0.0,251107.0,251107.0,4956.784989368114
3747,294170.0,0.0,294170.0,294170.0,5741.248873230701
3748,347603.0,0.0,347603.0,347603.0,6698.198389581668
3749,358569.0,0.0,358569.0,358569.0,6892.4831121426405
3750,298675.0,0.0,298675.0,298675.0,5822.581660991081
3751,268091.0,0.0,268091.0,268091.0,5267.625866076219
3752,171393.0,0.0,171393.0,171393.0,3468.7134267303604
3753,183183.0,0.0,183183.0,183183.0,3692.0699913371423
3754,164411.0,0.0,164411.0,164411.0,3335.8301842844835
3755,215239.0,0.0,215239.0,215239.0,4293.372483478209
3756,404272.0,0.0,404272.0,404272.0,7694.92644457315
3757,115260.0,0.0,115260.0,115260.0,2386.277095110624
3758,115260.0,0.0,115260.0,115260.0,2386.27312538602
3759,178727.0,0.0,178727.0,178727.0,3607.76060893691
3760,254335.0,0.0,254335.0,254335.0,5015.91038717447
3761,115260.0,0.0,115260.0,115260.0,2386.260904630817
3762,80345.0,0.0,80345.0,80345.0,1674.8191714754992
3763,14346.0,0.0,14346.0,14346.0,297.4325819324334
3764,0.0,0.0,0.0,0.0,-0.0
3765,27418.0,0.0,27418.0,27418.0,474.76335979547423
3766,78055.0,0.0,78055.0,78055.0,1444.486126259876
3767,29265.0,0.0,29265.0,29265.0,606.000292746591
3768,19361.0,0.0,19361.0,19361.0,401.10889190906227
3769,0.0,0.0,0.0,0.0,-0.0
3770,0.0,0.0,0.0,0.0,-0.0
3771,0.0,0.0,0.0,0.0,-0.0
3772,2767.0,0.0,2767.0,2767.0,-0.0
3773,48795.0,0.0,48795.0,48795.0,845.8575467752543
3774,38852.0,0.0,38852.0,38852.0,809.4433615191194
3775,65543.0,0.0,65543.0,65543.0,1273.1718360170441
3776,182457.0,0.0,182457.0,182457.0,3448.041855367528
3777,208989.0,0.0,208989.0,208989.0,4176.1039094627085
3778,231684.0,0.0,231684.0,231684.0,4597.930253542215
3779,450206.0,0.0,450206.0,450206.0,8489.013694881933
3780,398983.0,0.0,398983.0,398983.0,7601.423035816543
3781,327085.0,0.0,327085.0,327085.0,6331.656831576585
3782,413826.0,0.0,413826.0,413826.0,7859.988505473557
3783,346890.0,0.0,346890.0,346890.0,6684.342647438201
3784,273177.0,0.0,273177.0,273177.0,5359.377884728296
3785,142762.0,0.0,142762.0,142762.0,2920.2855285285095
3786,62398.0,0.0,62398.0,62398.0,1297.3388298175864
3787,29279.0,0.0,29279.0,29279.0,606.2084757518938
3788,0.0,0.0,0.0,0.0,-0.0
3789,120000.0,0.0,120000.0,120000.0,2065.324542254527
3790,203463.0,0.0,203463.0,203463.0,4072.386114230841
3791,192325.0,0.0,192325.0,192325.0,3863.3924088602853
3792,217727.0,0.0,217727.0,217727.0,4338.551747370471
3793,200750.0,0.0,200750.0,200750.0,4021.5548387290937
3794,211268.0,0.0,211268.0,211268.0,4218.206091976074
3795,214427.0,0.0,214427.0,214427.0,4277.091921668314
3796,141616.0,0.0,141616.0,141616.0,2897.9088790515025
3797,186562.0,0.0,186562.0,186562.0,3754.8137843051877
3798,401385.0,0.0,401385.0,401385.0,7642.582613632512
3799,593418.0,0.0,593418.0,593418.0,10903.086765748238
3800,670685.0,0.0,670685.0,670685.0,12169.996506330164
3801,623663.0,0.0,623663.0,623663.0,11401.75108745478
3802,704866.0,0.0,704866.0,704866.0,12191.320043288439
3803,712122.0,0.0,712122.0,712122.0,12191.299808070415
3804,574492.0,0.0,574492.0,574492.0,10589.033638961757
3805,383172.0,0.0,383172.0,383172.0,7323.846307921098
3806,699931.0,0.0,699931.0,699931.0,12191.240466115218
3807,137030.0,0.0,137030.0,137030.0,2809.285391849561
3808,328173.0,0.0,328173.0,328173.0,6350.346992669162
3809,615910.0,0.0,615910.0,615910.0,11274.117257366803
3810,367092.0,0.0,367092.0,367092.0,7040.9542226605945
3811,442650.0,0.0,442650.0,442650.0,8357.899404719647
3812,710812.0,0.0,710812.0,710812.0,12191.124801280928
3813,768400.0,0.0,768400.0,768400.0,12191.10456671089
3814,768400.0,0.0,768400.0,768400.0,12191.084332208009
3815,768400.0,0.0,768400.0,768400.0,12191.06409777229
3816,768400.0,0.0,768400.0,768400.0,12191.043863403725
3817,768316.0,0.0,768316.0,768316.0,12191.02362910231
3818,768400.0,0.0,768400.0,768400.0,12191.003394868056
3819,736343.0,0.0,736343.0,736343.0,12190.983160700953
3820,768400.0,0.0,768400.0,768400.0,12190.962926601009
3821,768400.0,0.0,768400.0,768400.0,12190.942692568215
3822,768400.0,0.0,768400.0,768400.0,12190.922458602574
3823,768400.0,0.0,768400.0,768400.0,12190.902224704087
3824,686217.0,0.0,686217.0,686217.0,12190.881990872753
3825,592226.0,0.0,592226.0,592226.0,10882.887368272937
3826,622740.0,0.0,622740.0,622740.0,11386.116941195492
3827,768400.0,0.0,768400.0,768400.0,12190.821711872302
3828,632382.0,0.0,632382.0,632382.0,11544.327119234536
3829,609636.0,0.0,609636.0,609636.0,11170.403864883254
3830,751368.0,0.0,751368.0,751368.0,12190.76134324688
3831,768400.0,0.0,768400.0,768400.0,12190.741109883107
3832,768400.0,0.0,768400.0,768400.0,12190.720876586482
3833,768400.0,0.0,768400.0,768400.0,12190.700643357011
3834,768400.0,0.0,768400.0,768400.0,12190.68041019469
3835,761966.0,0.0,761966.0,761966.0,12190.660177099515
3836,744605.0,0.0,744605.0,744605.0,12190.639944071489
3837,768400.0,0.0,768400.0,768400.0,12190.619711110612
3838,651020.0,0.0,651020.0,651020.0,11849.00154194703
3839,516667.0,0.0,516667.0,516667.0,9619.726978584136
3840,456216.0,0.0,456216.0,456216.0,8590.800551004957
3841,281066.0,0.0,281066.0,281066.0,5501.87211295505
3842,261207.0,0.0,261207.0,261207.0,5140.032753202778
3843,123248.0,0.0,123248.0,123248.0,2541.528544219613
3844,115260.0,0.0,115260.0,115260.0,2385.399404282651
3845,115260.0,0.0,115260.0,115260.0,2385.3954374628834
3846,61208.0,0.0,61208.0,61208.0,1273.6123444084822
3847,79788.0,0.0,79788.0,79788.0,1597.2618299448854
3848,105097.0,0.0,105097.0,105097.0,2094.4923578079733
3849,74924.0,0.0,74924.0,74924.0,1558.0729462833494
3850,151063.0,0.0,151063.0,151063.0,2929.631995470341
3851,123389.0,0.0,123389.0,123389.0,2544.1005146825105
3852,90532.0,0.0,90532.0,90532.0,1884.3304532598722
3853,293628.0,0.0,293628.0,293628.0,5609.715450385744
3854,134359.0,0.0,134359.0,134359.0,2757.1800624130483
3855,381679.0,0.0,381679.0,381679.0,7296.587204812252
3856,531624.0,0.0,531624.0,531624.0,9870.852682102497
3857,712961.0,0.0,712961.0,712961.0,12189.543175563633
3858,221564.0,0.0,221564.0,221564.0,4409.09307055208
3859,191832.0,0.0,191832.0,191832.0,3853.4087966105494
3860,459084.0,0.0,459084.0,459084.0,8639.220816690491
3861,548408.0,0.0,548408.0,548408.0,10152.312960107995
3862,491448.0,0.0,491448.0,491448.0,9191.696129921429
3863,671121.0,0.0,671121.0,671121.0,12175.149611012252
3864,768400.0,0.0,768400.0,768400.0,12189.396552310269
3865,90385.0,0.0,90385.0,90385.0,1881.379518892581
3866,0.0,0.0,0.0,0.0,-0.0
3867,72972.0,0.0,72972.0,72972.0,1266.1241401776235
3868,2999.0,0.0,2999.0,2999.0,-0.0
3869,146753.0,0.0,146753.0,146753.0,2496.547302559253
3870,442288.0,0.0,442288.0,442288.0,8349.3036519738
3871,350569.0,0.0,350569.0,350569.0,6746.854468362574
3872,609988.0,0.0,609988.0,609988.0,11173.44602517726
3873,643112.0,0.0,643112.0,643112.0,11717.089202406245
3874,586630.0,0.0,586630.0,586630.0,10787.402693171378
3875,674277.0,0.0,674277.0,674277.0,12187.740885160325
3876,697570.0,0.0,697570.0,697570.0,12187.720661818543
3877,638369.0,0.0,638369.0,638369.0,11639.428077124147
3878,634387.0,0.0,634387.0,634387.0,11574.206442116329
3879,590612.0,0.0,590612.0,590612.0,10853.274624253068
3880,559435.0,0.0,559435.0,559435.0,10335.037239082336
3881,413999.0,0.0,413999.0,413999.0,7859.682957982172
3882,50896.0,0.0,50896.0,50896.0,1060.5901688673944
3883,27337.0,0.0,27337.0,27337.0,567.8192328731005
3884,0.0,0.0,0.0,0.0,-0.0
3885,0.0,0.0,0.0,0.0,-0.0
3886,0.0,0.0,0.0,0.0,-0.0
3887,4552.0,0.0,4552.0,4552.0,78.79059977708398
3888,25935.0,0.0,25935.0,25935.0,465.097822963689
3889,32042.0,0.0,32042.0,32042.0,649.4673887680234
3890,0.0,0.0,0.0,0.0,-0.0
3891,0.0,0.0,0.0,0.0,-0.0
3892,3029.0,0.0,3029.0,3029.0,-0.0
3893,84664.0,0.0,84664.0,84664.0,1469.4542376575546
3894,296131.0,0.0,296131.0,296131.0,5612.3305938382
3895,512230.0,0.0,512230.0,512230.0,9541.438383000555
3896,569077.0,0.0,569077.0,569077.0,10494.653204371427
3897,601504.0,0.0,601504.0,601504.0,11032.194915445822
3898,691373.0,0.0,691373.0,691373.0,12186.357357427538
3899,728150.0,0.0,728150.0,728150.0,12186.337138676863
3900,629991.0,0.0,629991.0,629991.0,11500.858288748357
3901,743769.0,0.0,743769.0,743769.0,12186.296837430387
3902,689672.0,0.0,689672.0,689672.0,12186.276618880496
3903,768400.0,0.0,768400.0,768400.0,12186.256400397679
3904,768400.0,0.0,768400.0,768400.0,12186.236181981938
3905,768400.0,0.0,768400.0,768400.0,12186.215963633273
3906,387572.0,0.0,387572.0,387572.0,7397.753655066045
3907,735408.0,0.0,735408.0,735408.0,12186.176548864058
3908,757242.0,0.0,757242.0,757242.0,12186.156330713231
3909,768400.0,0.0,768400.0,768400.0,12186.13611262948
3910,768400.0,0.0,768400.0,768400.0,12186.115894612798
3911,768400.0,0.0,768400.0,768400.0,12186.095676663192
3912,768400.0,0.0,768400.0,768400.0,12186.07545878066
3913,723253.0,0.0,723253.0,723253.0,12186.055240965201
3914,758886.0,0.0,758886.0,758886.0,12186.035023216815
3915,736148.0,0.0,736148.0,736148.0,12186.014805535502
3916,700581.0,0.0,700581.0,700581.0,12185.994587921261
3917,754505.0,0.0,754505.0,754505.0,12185.974370374095
3918,622909.0,0.0,622909.0,622909.0,11384.291661210264
3919,601250.0,0.0,601250.0,601250.0,11027.595295591573
3920,619880.0,0.0,619880.0,619880.0,11334.485262295024
3921,720745.0,0.0,720745.0,720745.0,12185.894061054245
3922,650070.0,0.0,650070.0,650070.0,11828.89118862117
3923,654057.0,0.0,654057.0,654057.0,11893.90741894035
3924,661882.0,0.0,661882.0,661882.0,12021.354233573911
3925,658206.0,0.0,658206.0,658206.0,11961.48229649247
3926,666425.0,0.0,666425.0,666425.0,12095.21273359236
3927,611271.0,0.0,611271.0,611271.0,11192.70349035056
3928,569393.0,0.0,569393.0,569393.0,10499.34833875797
3929,436960.0,0.0,436960.0,436960.0,8255.93968007745
3930,123087.0,0.0,123087.0,123087.0,2537.2511280320214
3931,115260.0,0.0,115260.0,115260.0,2384.3250690900286
3932,201606.0,0.0,201606.0,201606.0,4035.4647252184277
3933,641263.0,0.0,641263.0,641263.0,11684.810674662547
3934,562267.0,0.0,562267.0,562267.0,10380.544576091965
3935,768400.0,0.0,768400.0,768400.0,12185.62003385779
3936,768400.0,0.0,768400.0,768400.0,12185.599817553184
3937,768400.0,0.0,768400.0,768400.0,12185.579601315643
3938,768400.0,0.0,768400.0,768400.0,12185.559385145169
3939,768400.0,0.0,768400.0,768400.0,12185.53916904176
3940,768400.0,0.0,768400.0,768400.0,12185.518953005414
3941,768400.0,0.0,768400.0,768400.0,12185.49873703613
3942,768400.0,0.0,768400.0,768400.0,12185.478521133915
3943,768400.0,0.0,768400.0,768400.0,12185.45830529876
3944,768400.0,0.0,768400.0,768400.0,12185.43808953067
3945,768400.0,0.0,768400.0,768400.0,12185.41787382964
3946,768400.0,0.0,768400.0,768400.0,12185.39765819568
3947,768400.0,0.0,768400.0,768400.0,12185.377442628775
3948,768400.0,0.0,768400.0,768400.0,12185.35722712893
3949,768400.0,0.0,768400.0,768400.0,12185.337011696145
3950,172534.0,0.0,172534.0,172534.0,3487.45146208028
3951,387663.0,0.0,387663.0,387663.0,7398.773898301437
3952,648762.0,0.0,648762.0,648762.0,11806.963927614523
3953,561804.0,0.0,561804.0,561804.0,10372.494622762144
3954,768400.0,0.0,768400.0,768400.0,12185.239511617012
3955,598718.0,0.0,598718.0,598718.0,10985.123449392564
3956,768400.0,0.0,768400.0,768400.0,12185.199321521774
3957,768400.0,0.0,768400.0,768400.0,12185.179106612813
3958,768400.0,0.0,768400.0,768400.0,12185.158891770914
3959,768400.0,0.0,768400.0,768400.0,12185.13867699607
3960,768400.0,0.0,768400.0,768400.0,12185.118462288285
3961,416908.0,0.0,416908.0,416908.0,7908.492109809077
3962,115260.0,0.0,115260.0,115260.0,2384.1866599606274
3963,187042.0,0.0,187042.0,187042.0,3761.684155573139
3964,494855.0,0.0,494855.0,494855.0,9246.125590775122
3965,768400.0,0.0,768400.0,768400.0,12185.023464913711
3966,504939.0,0.0,504939.0,504939.0,9417.013791109192
3967,589046.0,0.0,589046.0,589046.0,10824.931340822897
3968,512479.0,0.0,512479.0,512479.0,9544.475668211313
3969,521868.0,0.0,521868.0,521868.0,9702.855986067674
3970,298227.0,0.0,298227.0,298227.0,5809.574082831936
3971,252422.0,0.0,252422.0,252422.0,4976.616181104269
3972,402906.0,0.0,402906.0,402906.0,7664.813327828486
3973,622854.0,0.0,622854.0,622854.0,11382.365341080143
3974,509577.0,0.0,509577.0,509577.0,9495.34377765709
3975,768400.0,0.0,768400.0,768400.0,12184.827942803566
3976,768400.0,0.0,768400.0,768400.0,12184.807729126554
3977,699050.0,0.0,699050.0,699050.0,12184.7875155166
3978,763324.0,0.0,763324.0,763324.0,12184.76730197369
3979,343528.0,0.0,343528.0,343528.0,6620.1481620583145
3980,322679.0,0.0,322679.0,322679.0,6248.588747367066
3981,646297.0,0.0,646297.0,646297.0,11766.161099947154
3982,768400.0,0.0,768400.0,768400.0,12184.689044228096
3983,768400.0,0.0,768400.0,768400.0,12184.668831011837
3984,768400.0,0.0,768400.0,768400.0,12184.648617862626
3985,768400.0,0.0,768400.0,768400.0,12184.628404780462
3986,768400.0,0.0,768400.0,768400.0,12184.608191765352
3987,768400.0,0.0,768400.0,768400.0,12184.587978817286
3988,768400.0,0.0,768400.0,768400.0,12184.567765936272
3989,768400.0,0.0,768400.0,768400.0,12184.547553122307
3990,768400.0,0.0,768400.0,768400.0,12184.527340375393
3991,694247.0,0.0,694247.0,694247.0,12184.50712769552
3992,693803.0,0.0,693803.0,693803.0,12184.486915082696
3993,615191.0,0.0,615191.0,615191.0,11256.020538988183
3994,615484.0,0.0,615484.0,615484.0,11260.822587922781
3995,768400.0,0.0,768400.0,768400.0,12184.426646431339
3996,768400.0,0.0,768400.0,768400.0,12184.406434085478
3997,768400.0,0.0,768400.0,768400.0,12184.386221806664
3998,768400.0,0.0,768400.0,768400.0,12184.366009594898
3999,768400.0,0.0,768400.0,768400.0,12184.345797450174
4000,605706.0,0.0,605706.0,605706.0,11099.648663445716
4001,768400.0,0.0,768400.0,768400.0,12184.305589830328
4002,220696.0,0.0,220696.0,220696.0,4390.895257898558
4003,347808.0,0.0,347808.0,347808.0,6695.825087988448
4004,156889.0,0.0,156889.0,156889.0,3189.161332662279
4005,115260.0,0.0,115260.0,115260.0,2383.996225614303
4006,80967.0,0.0,80967.0,80967.0,1685.5058218532517
4007,0.0,0.0,0.0,0.0,-0.0
4008,0.0,0.0,0.0,0.0,-0.0
4009,0.0,0.0,0.0,0.0,-0.0
4010,33460.0,0.0,33460.0,33460.0,577.4193990753091
4011,48537.0,0.0,48537.0,48537.0,947.9136257752707
4012,32610.0,0.0,32610.0,32610.0,676.2169595718967
4013,6664.0,0.0,6664.0,6664.0,135.43949787574826
4014,16512.0,0.0,16512.0,16512.0,301.63113615799057
4015,87080.0,0.0,87080.0,87080.0,1554.028374277051
4016,172703.0,0.0,172703.0,172703.0,3393.041496128502
4017,171745.0,0.0,171745.0,171745.0,3471.7120294957267
4018,168192.0,0.0,168192.0,168192.0,3404.2255237688455
4019,368402.0,0.0,368402.0,368402.0,7058.9701373544185
4020,350230.0,0.0,350230.0,350230.0,6737.929669166974
4021,285188.0,0.0,285188.0,285188.0,5572.84378108549
4022,502327.0,0.0,502327.0,502327.0,9371.054903956823
4023,293843.0,0.0,293843.0,293843.0,5729.371238225182
4024,396289.0,0.0,396289.0,396289.0,7547.990451394551
4025,338807.0,0.0,338807.0,338807.0,6535.104872265629
4026,141974.0,0.0,141974.0,141974.0,2902.468904809991
4027,103137.0,0.0,103137.0,103137.0,2145.2755827572887
4028,101126.0,0.0,101126.0,101126.0,2105.5289800230285
4029,139373.0,0.0,139373.0,139373.0,2852.298939657877
4030,148493.0,0.0,148493.0,148493.0,3027.842014040715
4031,152379.0,0.0,152379.0,152379.0,3102.3747471970382
4032,371813.0,0.0,371813.0,371813.0,7118.867089214271
4033,329273.0,0.0,329273.0,329273.0,6365.194718406393
4034,393641.0,0.0,393641.0,393641.0,7501.606595338926
4035,319398.0,0.0,319398.0,319398.0,6188.705997850222
4036,316556.0,0.0,316556.0,316556.0,6137.799495281197
4037,304333.0,0.0,304333.0,304333.0,5918.326596456062
4038,378568.0,0.0,378568.0,378568.0,7237.526719034935
4039,540307.0,0.0,540307.0,540307.0,10010.71781954043
4040,566721.0,0.0,566721.0,566721.0,10451.996569954765
4041,619765.0,0.0,619765.0,619765.0,11329.345654405259
4042,639382.0,0.0,639382.0,639382.0,11650.937940730162
4043,649029.0,0.0,649029.0,649029.0,11808.529780006009
4044,653177.0,0.0,653177.0,653177.0,11876.17032645375
4045,654864.0,0.0,654864.0,654864.0,11903.649454606408
4046,659262.0,0.0,659262.0,659262.0,11975.268431995852
4047,647817.0,0.0,647817.0,647817.0,11788.66957314947
4048,613302.0,0.0,613302.0,613302.0,11222.925397602727
4049,532530.0,0.0,532530.0,532530.0,9880.043189764514
4050,174507.0,0.0,174507.0,174507.0,3523.8831427495807
4051,237919.0,0.0,237919.0,237919.0,4708.766685851607
4052,389620.0,0.0,389620.0,389620.0,7431.065899039138
4053,534482.0,0.0,534482.0,534482.0,9912.762020726641
4054,583241.0,0.0,583241.0,583241.0,10726.237799251288
4055,683576.0,0.0,683576.0,683576.0,12182.173157958747
4056,644938.0,0.0,644938.0,644938.0,11741.487268354329
4057,762134.0,0.0,762134.0,762134.0,12182.132835425442
4058,694246.0,0.0,694246.0,694246.0,12182.112630688385
4059,718140.0,0.0,718140.0,718140.0,12182.092426018344
4060,687950.0,0.0,687950.0,687950.0,12182.072221415307
4061,722174.0,0.0,722174.0,722174.0,12182.052016879272
4062,700383.0,0.0,700383.0,700383.0,12182.031812410249
4063,552577.0,0.0,552577.0,552577.0,10215.677666377002
4064,461608.0,0.0,461608.0,461608.0,8676.954626099978
4065,398587.0,0.0,398587.0,398587.0,7587.577669558905
4066,644396.0,0.0,644396.0,644396.0,11732.43996548337
4067,476251.0,0.0,476251.0,476251.0,8927.18913018932
4068,744061.0,0.0,744061.0,744061.0,12181.913449866377
4069,768400.0,0.0,768400.0,768400.0,12181.893245856892
4070,436240.0,0.0,436240.0,436240.0,8240.793173935093
4071,768400.0,0.0,768400.0,768400.0,12181.853663525448
4072,492591.0,0.0,492591.0,492591.0,9205.186118647873
4073,430690.0,0.0,430690.0,430690.0,8144.918578837487
4074,328473.0,0.0,328473.0,328473.0,6350.470817576997
4075,558811.0,0.0,558811.0,558811.0,10319.56156262441
4076,180860.0,0.0,180860.0,180860.0,3643.9220369496484
4077,358045.0,0.0,358045.0,358045.0,6875.552784087558
4078,511239.0,0.0,511239.0,511239.0,9520.920419732243
4079,530194.0,0.0,530194.0,530194.0,9840.302865125743
4080,688430.0,0.0,688430.0,688430.0,12181.679168157792
4081,768400.0,0.0,768400.0,768400.0,12181.658964925273
4082,757709.0,0.0,757709.0,757709.0,12181.638761759756
4083,709686.0,0.0,709686.0,709686.0,12181.618558661237
4084,735663.0,0.0,735663.0,735663.0,12181.59835562972
4085,179178.0,0.0,179178.0,179178.0,3612.073324682662
4086,722022.0,0.0,722022.0,722022.0,12181.56001926623
4087,490458.0,0.0,490458.0,490458.0,9168.730382144948
4088,235227.0,0.0,235227.0,235227.0,4658.796137624765
4089,213252.0,0.0,213252.0,213252.0,4251.369830156326
4090,694237.0,0.0,694237.0,694237.0,12181.48342640916
4091,425863.0,0.0,425863.0,425863.0,8061.200077370828
4092,404913.0,0.0,404913.0,404913.0,7697.501810773077
4093,453309.0,0.0,453309.0,453309.0,8534.232124518083
4094,115260.0,0.0,115260.0,115260.0,2383.3625984503037
4095,115260.0,0.0,115260.0,115260.0,2383.3586383672337
4096,115260.0,0.0,115260.0,115260.0,2383.3546782972553
4097,398111.0,0.0,398111.0,398111.0,7578.866151985578
4098,589056.0,0.0,589056.0,589056.0,10821.809771251992
4099,566194.0,0.0,566194.0,566194.0,10442.21299199167
4100,768400.0,0.0,768400.0,768400.0,12181.29321971471
4101,768400.0,0.0,768400.0,768400.0,12181.273017762105
4102,768400.0,0.0,768400.0,768400.0,12181.25281587649
4103,768400.0,0.0,768400.0,768400.0,12181.232614057868
4104,768400.0,0.0,768400.0,768400.0,12181.212412306242
4105,768400.0,0.0,768400.0,768400.0,12181.192210621608
4106,768400.0,0.0,768400.0,768400.0,12181.172009003969
4107,140374.0,0.0,140374.0,140374.0,2871.2006297852126
4108,127978.0,0.0,127978.0,127978.0,2631.302422694381
4109,109456.0,0.0,109456.0,109456.0,2269.436765994041
4110,188795.0,0.0,188795.0,188795.0,3793.3346036332923
4111,351795.0,0.0,351795.0,351795.0,6764.60620072816
4112,331110.0,0.0,331110.0,331110.0,6397.094433342161
4113,488728.0,0.0,488728.0,488728.0,9138.947302654504
4114,479551.0,0.0,479551.0,479551.0,8982.756813699285
4115,493290.0,0.0,493290.0,493290.0,9216.406086706895
4116,297735.0,0.0,297735.0,297735.0,5798.683171982176
4117,357296.0,0.0,357296.0,357296.0,6861.853754361427
4118,255959.0,0.0,255959.0,255959.0,5039.658690244651
4119,503979.0,0.0,503979.0,503979.0,9397.527124925058
4120,496818.0,0.0,496818.0,496818.0,9276.190188674036
4121,213326.0,0.0,213326.0,213326.0,4252.512031656258
4122,189616.0,0.0,189616.0,189616.0,3808.7059746534082
4123,202044.0,0.0,202044.0,202044.0,4041.894277988445
4124,621785.0,0.0,621785.0,621785.0,11361.012894764546
4125,768400.0,0.0,768400.0,768400.0,12180.813224939016
4126,698387.0,0.0,698387.0,698387.0,12180.793024578146
4127,624840.0,0.0,624840.0,624840.0,11411.109938934596
4128,346759.0,0.0,346759.0,346759.0,6675.172756506756
4129,450457.0,0.0,450457.0,450457.0,8484.75029766671
4130,339311.0,0.0,339311.0,339311.0,6542.8989369009
4131,407702.0,0.0,407702.0,407702.0,7745.5511684081675
4132,466990.0,0.0,466990.0,466990.0,8768.083263686534
4133,625679.0,0.0,625679.0,625679.0,11424.767554716564
4134,429240.0,0.0,429240.0,429240.0,8119.036284792837
4135,307691.0,0.0,307691.0,307691.0,5977.706268414309
4136,762696.0,0.0,762696.0,762696.0,12180.598390463183
4137,301149.0,0.0,301149.0,301149.0,5859.998490875024
4138,487021.0,0.0,487021.0,487021.0,9109.55457075976
4139,435784.0,0.0,435784.0,435784.0,8231.985941073093
4140,401128.0,0.0,401128.0,401128.0,7630.942828705526
4141,366542.0,0.0,366542.0,366542.0,7024.750252126944
4142,347118.0,0.0,347118.0,347118.0,6681.381532503463
4143,294157.0,0.0,294157.0,294157.0,5733.859729397181
4144,204482.0,0.0,204482.0,204482.0,4087.340256019679
4145,182845.0,0.0,182845.0,182845.0,3680.9596150074444
4146,433816.0,0.0,433816.0,433816.0,8197.928215734211
4147,536906.0,0.0,536906.0,536906.0,9951.922370403901
4148,634601.0,0.0,634601.0,634601.0,11570.72503636749
4149,768400.0,0.0,768400.0,768400.0,12180.348730907426
4150,768400.0,0.0,768400.0,768400.0,12180.328532086829
4151,729280.0,0.0,729280.0,729280.0,12180.308333333209
4152,768400.0,0.0,768400.0,768400.0,12180.288134646566
4153,743741.0,0.0,743741.0,743741.0,12180.267936026905
4154,600059.0,0.0,600059.0,600059.0,11002.730669784341
4155,661056.0,0.0,661056.0,661056.0,12002.376400533803
4156,528595.0,0.0,528595.0,528595.0,9812.190916740961
4157,748029.0,0.0,748029.0,748029.0,12180.187894348128
4158,768400.0,0.0,768400.0,768400.0,12180.167696060855
4159,716462.0,0.0,716462.0,716462.0,12180.147497840559
4160,748920.0,0.0,748920.0,748920.0,12180.12729968723
4161,432447.0,0.0,432447.0,432447.0,8174.079130017165
4162,486241.0,0.0,486241.0,486241.0,9095.926507246586
4163,311377.0,0.0,311377.0,311377.0,6043.606440071882
4164,768400.0,0.0,768400.0,768400.0,12180.049337572334
4165,768400.0,0.0,768400.0,768400.0,12180.0291397445
4166,768400.0,0.0,768400.0,768400.0,12180.00894198364
4167,768400.0,0.0,768400.0,768400.0,12179.988744289753
4168,768400.0,0.0,768400.0,768400.0,12179.96854666284
4169,768400.0,0.0,768400.0,768400.0,12179.948349102897
4170,768400.0,0.0,768400.0,768400.0,12179.928151609927
4171,762416.0,0.0,762416.0,762416.0,12179.90795418393
4172,768400.0,0.0,768400.0,768400.0,12179.887756824903
4173,768400.0,0.0,768400.0,768400.0,12179.867559532844
4174,768400.0,0.0,768400.0,768400.0,12179.847362307764
4175,705043.0,0.0,705043.0,705043.0,12179.827165149653
4176,710494.0,0.0,710494.0,710494.0,12179.806968058505
4177,768400.0,0.0,768400.0,768400.0,12179.786771034334
4178,768400.0,0.0,768400.0,768400.0,12179.76657407713
4179,768400.0,0.0,768400.0,768400.0,12179.746377186893
4180,768400.0,0.0,768400.0,768400.0,12179.72618036363
4181,768400.0,0.0,768400.0,768400.0,12179.70598360733
4182,768400.0,0.0,768400.0,768400.0,12179.685786918004
4183,732525.0,0.0,732525.0,732525.0,12179.665590295645
4184,706136.0,0.0,706136.0,706136.0,12179.645393740248
4185,768400.0,0.0,768400.0,768400.0,12179.625197251824
4186,768400.0,0.0,768400.0,768400.0,12179.605000830361
4187,768400.0,0.0,768400.0,768400.0,12179.58480447587
4188,768400.0,0.0,768400.0,768400.0,12179.564608188346
4189,768400.0,0.0,768400.0,768400.0,12179.544411967783
4190,765120.0,0.0,765120.0,765120.0,12179.524215814185
4191,768400.0,0.0,768400.0,768400.0,12179.504019727554
4192,692828.0,0.0,692828.0,692828.0,12179.483823707891
4193,489720.0,0.0,489720.0,489720.0,9154.581368683075
4194,227791.0,0.0,227791.0,227791.0,4520.494583627558
4195,220907.0,0.0,220907.0,220907.0,4392.887655269121
4196,127865.0,0.0,127865.0,127865.0,2628.6831132946454
4197,180584.0,0.0,180584.0,180584.0,3637.920085238975
4198,239874.0,0.0,239874.0,239874.0,4743.576683780121
4199,193543.0,0.0,193543.0,193543.0,3881.9938525856014
4200,257314.0,0.0,257314.0,257314.0,5063.728195227163
4201,115260.0,0.0,115260.0,115260.0,2382.8916555068545
4202,158026.0,0.0,158026.0,158026.0,3209.424908249932
4203,115260.0,0.0,115260.0,115260.0,2382.883663435013
4204,370176.0,0.0,370176.0,370176.0,7087.983228847596
4205,270632.0,0.0,270632.0,270632.0,5306.759718566484
4206,768400.0,0.0,768400.0,768400.0,12179.214477049669
4207,355967.0,0.0,355967.0,355967.0,6837.3049310972665
4208,768400.0,0.0,768400.0,768400.0,12179.175241278268
4209,768400.0,0.0,768400.0,768400.0,12179.155046348724
4210,585192.0,0.0,585192.0,585192.0,10755.83948120267
4211,570330.0,0.0,570330.0,570330.0,10509.11692652589
4212,623409.0,0.0,623409.0,623409.0,11386.041085412926
4213,638475.0,0.0,638475.0,638475.0,11632.880307641224
4214,652307.0,0.0,652307.0,652307.0,11858.728321139608
4215,678943.0,0.0,678943.0,678943.0,12179.03482842906
4216,762347.0,0.0,762347.0,762347.0,12179.014633965067
4217,653883.0,0.0,653883.0,653883.0,11884.357892885053
4218,180522.0,0.0,180522.0,180522.0,3636.610718457458
4219,246317.0,0.0,246317.0,246317.0,4861.931216806703
4220,186667.0,0.0,186667.0,186667.0,3752.5199676449765
4221,458947.0,0.0,458947.0,458947.0,8629.102239842598
4222,421511.0,0.0,421511.0,421511.0,7984.081415269435
4223,358904.0,0.0,358904.0,358904.0,6889.018341788227
4224,319026.0,0.0,319026.0,319026.0,6180.037143552983
4225,490770.0,0.0,490770.0,490770.0,9171.935856367225
4226,277183.0,0.0,277183.0,277183.0,5425.688311395748
4227,367656.0,0.0,367656.0,367656.0,7043.339970092874
4228,731004.0,0.0,731004.0,731004.0,12178.785442752218
4229,166828.0,0.0,166828.0,166828.0,3377.007778788888
4230,115260.0,0.0,115260.0,115260.0,2382.7664371865526
4231,79585.0,0.0,79585.0,79585.0,1652.8398019829756
4232,106211.0,0.0,106211.0,106211.0,2113.2406203319783
4233,352715.0,0.0,352715.0,352715.0,6779.35856347417
4234,606042.0,0.0,606042.0,606042.0,11099.788481824988
4235,662811.0,0.0,662811.0,662811.0,12029.160903871638
4236,663086.0,0.0,663086.0,663086.0,12033.61306896928
4237,768400.0,0.0,768400.0,768400.0,12178.402023018749
4238,607248.0,0.0,607248.0,607248.0,11119.589679181503
4239,768400.0,0.0,768400.0,768400.0,12178.361849463914
4240,680288.0,0.0,680288.0,680288.0,12178.341657230645
4241,768400.0,0.0,768400.0,768400.0,12178.321465064328
4242,576070.0,0.0,576070.0,576070.0,10603.788947363084
4243,689760.0,0.0,689760.0,689760.0,12178.281397268604
4244,403913.0,0.0,403913.0,403913.0,7677.97933431148
4245,343133.0,0.0,343133.0,343133.0,6609.378324615248
4246,249887.0,0.0,249887.0,249887.0,4927.157525506668
4247,144350.0,0.0,144350.0,144350.0,2946.982771172977
4248,253714.0,0.0,253714.0,253714.0,4997.305430067613
4249,115260.0,0.0,115260.0,115260.0,2382.6365453952085
4250,78911.0,0.0,78911.0,78911.0,1639.4982178158434
4251,0.0,0.0,0.0,0.0,-0.0
4252,82179.0,0.0,82179.0,82179.0,1423.6130896511743
4253,292119.0,0.0,292119.0,292119.0,5497.854747066265
4254,625657.0,0.0,625657.0,625657.0,11421.172155010781
4255,614670.0,0.0,614670.0,614670.0,11240.69035263462
4256,587538.0,0.0,587538.0,587538.0,10792.954026885996
4257,768400.0,0.0,768400.0,768400.0,12177.17355536416
4258,768400.0,0.0,768400.0,768400.0,12177.15336707042
4259,768400.0,0.0,768400.0,768400.0,12177.133178843602
4260,768400.0,0.0,768400.0,768400.0,12177.112990683712
4261,768400.0,0.0,768400.0,768400.0,12177.092802590752
4262,768400.0,0.0,768400.0,768400.0,12177.07261456471
4263,768400.0,0.0,768400.0,768400.0,12177.052426605595
4264,768400.0,0.0,768400.0,768400.0,12177.032238713407
4265,768400.0,0.0,768400.0,768400.0,12177.012050888141
4266,768400.0,0.0,768400.0,768400.0,12176.991863129799
4267,768400.0,0.0,768400.0,768400.0,12176.971675438379
4268,729834.0,0.0,729834.0,729834.0,12176.951487813885
4269,768400.0,0.0,768400.0,768400.0,12176.931300256312
4270,768400.0,0.0,768400.0,768400.0,12176.91111276566
4271,768400.0,0.0,768400.0,768400.0,12176.890925341933
4272,768400.0,0.0,768400.0,768400.0,12176.870737985126
4273,595405.0,0.0,595405.0,595405.0,10922.76722188206
4274,675731.0,0.0,675731.0,675731.0,12176.83061419725
4275,678822.0,0.0,678822.0,678822.0,12176.810427040373
4276,566416.0,0.0,566416.0,566416.0,10441.963169677805
4277,532396.0,0.0,532396.0,532396.0,9873.212685510187
4278,658136.0,0.0,658136.0,658136.0,11951.427640363625
4279,608518.0,0.0,608518.0,608518.0,11138.987381412642
4280,430973.0,0.0,430973.0,430973.0,8146.24661273204
4281,383644.0,0.0,383644.0,383644.0,7322.8938727050845
4282,579690.0,0.0,579690.0,579690.0,10662.42601742842
4283,768400.0,0.0,768400.0,768400.0,12176.652186578505
4284,377916.0,0.0,377916.0,377916.0,7222.400440112624
4285,768400.0,0.0,768400.0,768400.0,12176.612873856426
4286,768400.0,0.0,768400.0,768400.0,12176.592687421355
4287,445055.0,0.0,445055.0,445055.0,8388.88527297972
4288,681786.0,0.0,681786.0,681786.0,12176.5531053285
4289,426201.0,0.0,426201.0,426201.0,8063.638990648638
4290,524052.0,0.0,524052.0,524052.0,9732.736299841898
4291,424682.0,0.0,424682.0,424682.0,8037.33188271551
4292,343044.0,0.0,343044.0,343044.0,6606.778561060175
4293,468969.0,0.0,468969.0,468969.0,8798.755571351378
4294,402198.0,0.0,402198.0,402198.0,7646.9011025725
4295,536586.0,0.0,536586.0,536586.0,9943.236485270285
4296,460238.0,0.0,460238.0,460238.0,8649.362673961601
4297,450031.0,0.0,450031.0,450031.0,8474.279634662735
4298,508656.0,0.0,508656.0,508656.0,9472.983227403402
4299,499909.0,0.0,499909.0,499909.0,9324.98415179473
4300,460489.0,0.0,460489.0,460489.0,8653.60377835176
4301,487045.0,0.0,487045.0,487045.0,9106.674528996984
4302,395429.0,0.0,395429.0,395429.0,7528.748286352346
4303,464187.0,0.0,464187.0,464187.0,8716.857417418854
4304,689177.0,0.0,689177.0,689177.0,12176.241398766351
4305,666317.0,0.0,666317.0,666317.0,12083.948935390219
4306,768400.0,0.0,768400.0,768400.0,12176.201046578788
4307,768400.0,0.0,768400.0,768400.0,12176.180861508878
4308,768400.0,0.0,768400.0,768400.0,12176.16067650588
4309,768400.0,0.0,768400.0,768400.0,12176.140491569793
4310,768400.0,0.0,768400.0,768400.0,12176.120306700612
4311,768400.0,0.0,768400.0,768400.0,12176.100121898338
4312,768400.0,0.0,768400.0,768400.0,12176.079937162978
4313,558796.0,0.0,558796.0,558796.0,10314.378291420633
4314,400357.0,0.0,400357.0,400357.0,7614.558052301637
4315,387507.0,0.0,387507.0,387507.0,7390.11269694494
4316,212893.0,0.0,212893.0,212893.0,4242.57223632352
4317,117904.0,0.0,117904.0,117904.0,2433.8464643060524
4318,115260.0,0.0,115260.0,115260.0,2382.142592831484
4319,110312.0,0.0,110312.0,110312.0,2285.142763582191
4320,0.0,0.0,0.0,0.0,-0.0
4321,28717.0,0.0,28717.0,28717.0,495.1584008496558
4322,0.0,0.0,0.0,0.0,-0.0
4323,0.0,0.0,0.0,0.0,-0.0
4324,17885.0,0.0,17885.0,17885.0,309.4844739257081
4325,57165.0,0.0,57165.0,57165.0,1050.4720039690258
4326,199756.0,0.0,199756.0,199756.0,3691.7531841955088
4327,413467.0,0.0,413467.0,413467.0,7841.795691635627
4328,543945.0,0.0,543945.0,543945.0,10065.173082754487
4329,611373.0,0.0,611373.0,611373.0,11184.17432044477
4330,680353.0,0.0,680353.0,680353.0,12174.747442370084
4331,715200.0,0.0,715200.0,715200.0,12174.727262119022
4332,667909.0,0.0,667909.0,667909.0,12108.302732681965
4333,675621.0,0.0,675621.0,675621.0,12174.686914875172
4334,224264.0,0.0,224264.0,224264.0,4453.246102418357
4335,712541.0,0.0,712541.0,712541.0,12174.648350814767
4336,688920.0,0.0,688920.0,688920.0,12174.628170892136
4337,669215.0,0.0,669215.0,669215.0,12129.40943986967
4338,183632.0,0.0,183632.0,183632.0,3693.8393868063263
4339,154652.0,0.0,154652.0,154652.0,3143.555148226619
4340,160130.0,0.0,160130.0,160130.0,3248.1711570370067
4341,209018.0,0.0,209018.0,209018.0,4169.8125223025845
4342,71716.0,0.0,71716.0,71716.0,1492.4633547256933
4343,56128.0,0.0,56128.0,56128.0,1166.9637894406653
4344,191654.0,0.0,191654.0,191654.0,3551.1765132051355
4345,124518.0,0.0,124518.0,124518.0,2562.3334880538046
4346,101793.0,0.0,101793.0,101793.0,2116.9804405994532
4347,86802.0,0.0,86802.0,86802.0,1803.4890117152154
4348,52534.0,0.0,52534.0,52534.0,1091.5295489750997
4349,129556.0,0.0,129556.0,129556.0,2438.544946112673
4350,348448.0,0.0,348448.0,348448.0,6700.917221550404
4351,394751.0,0.0,394751.0,394751.0,7515.136778036975
4352,538928.0,0.0,538928.0,538928.0,9980.084821953413
4353,559128.0,0.0,559128.0,559128.0,10317.711041441264
4354,571146.0,0.0,571146.0,571146.0,10517.743760495103
4355,537485.0,0.0,537485.0,537485.0,9955.847413840545
4356,515203.0,0.0,515203.0,515203.0,9581.166297899817
4357,486299.0,0.0,486299.0,486299.0,9091.779339579829
4358,495488.0,0.0,495488.0,495488.0,9247.761369470198
4359,542883.0,0.0,542883.0,542883.0,10046.215992299916
4360,496536.0,0.0,496536.0,496536.0,9265.496882683117
4361,443002.0,0.0,443002.0,443002.0,8351.258335191049
4362,278514.0,0.0,278514.0,278514.0,5447.200474078022
4363,413790.0,0.0,413790.0,413790.0,7846.3945328713135
4364,699592.0,0.0,699592.0,699592.0,12173.29305642054
4365,654651.0,0.0,654651.0,654651.0,11891.268499689819
4366,768400.0,0.0,768400.0,768400.0,12173.25276122523
4367,676106.0,0.0,676106.0,676106.0,12173.232585926266
4368,552603.0,0.0,552603.0,552603.0,10208.577003150955
4369,477654.0,0.0,477654.0,477654.0,8944.467038718549
4370,383073.0,0.0,383073.0,383073.0,7310.654492034348
4371,314157.0,0.0,314157.0,314157.0,6089.761739559449
4372,291934.0,0.0,291934.0,291934.0,5690.0159210564025
4373,226948.0,0.0,226948.0,226948.0,4502.317485555932
4374,396049.0,0.0,396049.0,396049.0,7537.493545418271
4375,491130.0,0.0,491130.0,491130.0,9173.561993615705
4376,518176.0,0.0,518176.0,518176.0,9630.960348397657
4377,541337.0,0.0,541337.0,541337.0,10020.025101592128
4378,549248.0,0.0,549248.0,549248.0,10152.36349966919
4379,558059.0,0.0,558059.0,558059.0,10299.440033016619
4380,567882.0,0.0,567882.0,567882.0,10463.01910248087
4381,563705.0,0.0,563705.0,563705.0,10393.48658979927
4382,556512.0,0.0,556512.0,556512.0,10273.587000880332
4383,537618.0,0.0,537618.0,537618.0,9957.610500276727
4384,497913.0,0.0,497913.0,497913.0,9288.45608840553
4385,409868.0,0.0,409868.0,409868.0,7777.985369867283
4386,90491.0,0.0,90491.0,90491.0,1880.524057407701
4387,32228.0,0.0,32228.0,32228.0,668.0509219041375
4388,757455.0,0.0,757455.0,757455.0,10735.781802007885
4389,768400.0,0.0,768400.0,768400.0,12172.195114408232
4390,671456.0,0.0,671456.0,671456.0,12163.350020340084
4391,702939.0,0.0,702939.0,702939.0,12172.154772619075
4392,618501.0,0.0,618501.0,618501.0,11298.914099374677
4393,493631.0,0.0,493631.0,493631.0,9215.25746788172
4394,537579.0,0.0,537579.0,537579.0,9956.274773893667
4395,459686.0,0.0,459686.0,459686.0,8636.726400943975
4396,334927.0,0.0,334927.0,334927.0,6460.005957574078
4397,440463.0,0.0,440463.0,440463.0,8306.617952147079
4398,534563.0,0.0,534563.0,534563.0,9905.632815964229
4399,656220.0,0.0,656220.0,656220.0,11915.567322486984
4400,556837.0,0.0,556837.0,556837.0,10278.188822883269
4401,571777.0,0.0,571777.0,571777.0,10526.885286238714
4402,558053.0,0.0,558053.0,558053.0,10298.433554657133
4403,566497.0,0.0,566497.0,566497.0,10439.060115909859
4404,571368.0,0.0,571368.0,571368.0,10520.036799505919
4405,568576.0,0.0,568576.0,568576.0,10473.606886781829
4406,613761.0,0.0,613761.0,613761.0,11220.755917238623
4407,768400.0,0.0,768400.0,768400.0,12171.83886450221
4408,615008.0,0.0,615008.0,615008.0,11241.221085820769
4409,475019.0,0.0,475019.0,475019.0,8898.507440726491
4410,200599.0,0.0,200599.0,200599.0,4011.5394099724895
4411,268560.0,0.0,268560.0,268560.0,5265.519566294326
4412,261669.0,0.0,261669.0,261669.0,5139.871597891723
4413,719127.0,0.0,719127.0,719127.0,12171.723790047825
4414,754187.0,0.0,754187.0,754187.0,12171.70361981484
4415,768400.0,0.0,768400.0,768400.0,12171.68344964868
4416,768400.0,0.0,768400.0,768400.0,12171.663279549362
4417,737408.0,0.0,737408.0,737408.0,12171.643109516877
4418,576554.0,0.0,576554.0,576554.0,10605.914967349985
4419,687010.0,0.0,687010.0,687010.0,12171.603083990552
4420,672192.0,0.0,672192.0,672192.0,12171.582914157532
4421,536674.0,0.0,536674.0,536674.0,9940.657756328812
4422,707417.0,0.0,707417.0,707417.0,12171.543027289836
4423,768400.0,0.0,768400.0,768400.0,12171.522857655818
4424,638166.0,0.0,638166.0,638166.0,11620.557600275035
4425,742049.0,0.0,742049.0,742049.0,12171.482627594583
4426,768400.0,0.0,768400.0,768400.0,12171.462458160704
4427,762567.0,0.0,762567.0,762567.0,12171.442288793658
4428,768400.0,0.0,768400.0,768400.0,12171.422119493442
4429,768400.0,0.0,768400.0,768400.0,12171.401950260059
4430,768400.0,0.0,768400.0,768400.0,12171.381781093505
4431,768400.0,0.0,768400.0,768400.0,12171.361611993787
4432,768400.0,0.0,768400.0,768400.0,12171.341442960893
4433,768400.0,0.0,768400.0,768400.0,12171.321273994836
4434,733822.0,0.0,733822.0,733822.0,12171.301105095603
4435,756401.0,0.0,756401.0,756401.0,12171.280936263203
4436,768400.0,0.0,768400.0,768400.0,12171.260767497628
4437,768400.0,0.0,768400.0,768400.0,12171.240598798888
4438,768400.0,0.0,768400.0,768400.0,12171.22043016698
4439,768400.0,0.0,768400.0,768400.0,12171.200261601893
4440,768400.0,0.0,768400.0,768400.0,12171.180093103636
4441,768400.0,0.0,768400.0,768400.0,12171.159924672205
4442,768400.0,0.0,768400.0,768400.0,12171.139756307599
4443,768400.0,0.0,768400.0,768400.0,12171.119588009826
4444,768400.0,0.0,768400.0,768400.0,12171.099419778875
4445,768400.0,0.0,768400.0,768400.0,12171.079251614756
4446,768400.0,0.0,768400.0,768400.0,12171.059083517459
4447,768400.0,0.0,768400.0,768400.0,12171.038915486988
4448,768400.0,0.0,768400.0,768400.0,12171.018747523343
4449,768400.0,0.0,768400.0,768400.0,12170.998579626528
4450,768400.0,0.0,768400.0,768400.0,12170.97841179653
4451,768400.0,0.0,768400.0,768400.0,12170.958244033358
4452,768400.0,0.0,768400.0,768400.0,12170.938076337008
4453,768400.0,0.0,768400.0,768400.0,12170.917908707488
4454,768400.0,0.0,768400.0,768400.0,12170.897741144789
4455,768400.0,0.0,768400.0,768400.0,12170.877573648911
4456,768400.0,0.0,768400.0,768400.0,12170.85740621986
4457,768400.0,0.0,768400.0,768400.0,12170.837238857624
4458,768400.0,0.0,768400.0,768400.0,12170.817071562218
4459,768400.0,0.0,768400.0,768400.0,12170.796904333629
4460,768400.0,0.0,768400.0,768400.0,12170.776737171866
4461,768400.0,0.0,768400.0,768400.0,12170.756570076917
4462,768400.0,0.0,768400.0,768400.0,12170.736403048793
4463,119607.0,0.0,119607.0,119607.0,2465.879032804296
4464,301038.0,0.0,301038.0,301038.0,5852.895255444131
4465,525793.0,0.0,525793.0,525793.0,9757.23550631621
4466,768400.0,0.0,768400.0,768400.0,12170.66013211746
4467,768400.0,0.0,768400.0,768400.0,12170.639965408867
4468,768400.0,0.0,768400.0,768400.0,12170.619798767097
4469,768400.0,0.0,768400.0,768400.0,12170.599632192143
4470,533748.0,0.0,533748.0,533748.0,9890.762727544135
4471,155121.0,0.0,155121.0,155121.0,3151.3559917017114
4472,134153.0,0.0,134153.0,134153.0,2748.3039092882245
4473,156990.0,0.0,156990.0,156990.0,3187.0525872851404
4474,115260.0,0.0,115260.0,115260.0,2380.918307660792
4475,768400.0,0.0,768400.0,768400.0,12170.488469026403
4476,215239.0,0.0,215239.0,215239.0,4284.085782523571
4477,225799.0,0.0,225799.0,225799.0,4479.976398113138
4478,139632.0,0.0,139632.0,139632.0,2854.0419276870166
4479,238274.0,0.0,238274.0,238274.0,4710.30547200578
4480,768400.0,0.0,768400.0,768400.0,12170.39533157655
4481,182871.0,0.0,182871.0,182871.0,3678.0699966410784
4482,274488.0,0.0,274488.0,274488.0,5372.674662806816
4483,108575.0,0.0,108575.0,108575.0,2249.8213713577197
4484,0.0,0.0,0.0,0.0,-0.0
4485,0.0,0.0,0.0,0.0,-0.0
4486,72019.0,0.0,72019.0,72019.0,1248.1640954867012
4487,186283.0,0.0,186283.0,186283.0,3560.3019310732543
4488,9110.0,0.0,9110.0,9110.0,188.91745279070864
4489,186630.0,0.0,186630.0,186630.0,3175.7007276961394
4490,253013.0,0.0,253013.0,253013.0,4980.193172963193
4491,219724.0,0.0,219724.0,219724.0,4366.6481879637295
4492,88961.0,0.0,88961.0,88961.0,1849.5725880692821
4493,88739.0,0.0,88739.0,88739.0,1845.1850662322524
4494,52482.0,0.0,52482.0,52482.0,1090.0128286538318
4495,72223.0,0.0,72223.0,72223.0,1428.1155762968406
4496,83976.0,0.0,83976.0,83976.0,1711.77482303832
4497,126212.0,0.0,126212.0,126212.0,2503.8420419477843
4498,144775.0,0.0,144775.0,144775.0,2952.373363197259
4499,149654.0,0.0,149654.0,149654.0,3045.9961043980657
4500,180929.0,0.0,180929.0,180929.0,3640.6466017857515
4501,144307.0,0.0,144307.0,144307.0,2943.3647501418313
4502,298072.0,0.0,298072.0,298072.0,5798.096593399234
4503,387521.0,0.0,387521.0,387521.0,7385.205749899604
4504,223118.0,0.0,223118.0,223118.0,4429.318554989548
4505,300847.0,0.0,300847.0,300847.0,5848.023826485243
4506,7259.0,0.0,7259.0,7259.0,146.5935556401654
4507,412821.0,0.0,412821.0,412821.0,6575.551758217585
4508,768400.0,0.0,768400.0,768400.0,12167.049080889095
4509,183607.0,0.0,183607.0,183607.0,3690.81709978303
4510,516121.0,0.0,516121.0,516121.0,9591.436523678176
4511,353878.0,0.0,353878.0,353878.0,6793.131849518245
4512,286882.0,0.0,286882.0,286882.0,5595.656224963804
4513,212739.0,0.0,212739.0,212739.0,4236.23484276745
4514,195978.0,0.0,195978.0,195978.0,3923.263406223882
4515,101543.0,0.0,101543.0,101543.0,2110.6102252143764
4516,36970.0,0.0,36970.0,36970.0,765.7973569555813
4517,44604.0,0.0,44604.0,44604.0,894.6467043144628
4518,48169.0,0.0,48169.0,48169.0,985.1568414106657
4519,76391.0,0.0,76391.0,76391.0,1485.2026233159795
4520,357520.0,0.0,357520.0,357520.0,6571.614427108286
4521,562607.0,0.0,562607.0,562607.0,10369.40186308393
4522,571308.0,0.0,571308.0,571308.0,10514.07483562049
4523,571475.0,0.0,571475.0,571475.0,10516.831361296812
4524,564370.0,0.0,564370.0,564370.0,10398.693257185972
4525,549315.0,0.0,549315.0,549315.0,10147.677000629641
4526,529234.0,0.0,529234.0,529234.0,9811.338196917946
4527,546709.0,0.0,546709.0,546709.0,10104.096991120381
4528,520678.0,0.0,520678.0,520678.0,9667.466581564917
4529,451791.0,0.0,451791.0,451791.0,8497.051315426148
4530,86516.0,0.0,86516.0,86516.0,1796.5396240263108
4531,195948.0,0.0,195948.0,195948.0,3813.51763722173
4532,283488.0,0.0,283488.0,283488.0,5533.731532500032
4533,749643.0,0.0,749643.0,749643.0,12165.893608095317
4534,688210.0,0.0,688210.0,688210.0,12165.873457174059
4535,649334.0,0.0,649334.0,649334.0,11797.395014983449
4536,746751.0,0.0,746751.0,746751.0,12165.822671849499
4537,653373.0,0.0,653373.0,653373.0,11863.144345925799
4538,548432.0,0.0,548432.0,548432.0,10132.580634696891
4539,701431.0,0.0,701431.0,701431.0,12165.762690604952
4540,222708.0,0.0,222708.0,222708.0,4420.845274293689
4541,21835.0,0.0,21835.0,21835.0,453.66525047309784
4542,46007.0,0.0,46007.0,46007.0,873.5891314892104
4543,170359.0,0.0,170359.0,170359.0,3105.5616132122545
4544,274208.0,0.0,274208.0,274208.0,5365.035388394303
4545,201831.0,0.0,201831.0,201831.0,4032.0958990975414
4546,189391.0,0.0,189391.0,189391.0,3798.959727564189
4547,305415.0,0.0,305415.0,305415.0,5928.600053021823
4548,325135.0,0.0,325135.0,325135.0,6281.575856658524
4549,319666.0,0.0,319666.0,319666.0,6183.908667499744
4550,241707.0,0.0,241707.0,241707.0,4771.13148614488
4551,125645.0,0.0,125645.0,125645.0,2582.0224307154463
4552,569552.0,0.0,569552.0,569552.0,10483.68387743575
4553,768400.0,0.0,768400.0,768400.0,12164.83999565312
4554,768400.0,0.0,768400.0,768400.0,12164.819848220628
4555,647405.0,0.0,647405.0,647405.0,11764.925083762779
4556,768400.0,0.0,768400.0,768400.0,12164.779632462421
4557,768400.0,0.0,768400.0,768400.0,12164.759485229839
4558,768400.0,0.0,768400.0,768400.0,12164.73933806398
4559,768400.0,0.0,768400.0,768400.0,12164.719190964837
4560,768400.0,0.0,768400.0,768400.0,12164.699043932422
4561,768400.0,0.0,768400.0,768400.0,12164.678896966725
4562,768400.0,0.0,768400.0,768400.0,12164.658750067749
4563,768400.0,0.0,768400.0,768400.0,12164.638603235495
4564,768400.0,0.0,768400.0,768400.0,12164.618456469962
4565,768400.0,0.0,768400.0,768400.0,12164.598309771147
4566,768400.0,0.0,768400.0,768400.0,12164.578163139051
4567,674696.0,0.0,674696.0,674696.0,12164.558016573674
4568,768400.0,0.0,768400.0,768400.0,12164.537870075015
4569,768400.0,0.0,768400.0,768400.0,12164.517723643075
4570,768400.0,0.0,768400.0,768400.0,12164.497577277853
4571,768400.0,0.0,768400.0,768400.0,12164.477430979352
4572,768400.0,0.0,768400.0,768400.0,12164.457284747565
4573,768400.0,0.0,768400.0,768400.0,12164.437138582492
4574,722256.0,0.0,722256.0,722256.0,12164.416992484143
4575,768400.0,0.0,768400.0,768400.0,12164.396846452508
4576,768400.0,0.0,768400.0,768400.0,12164.376700487588
4577,484273.0,0.0,484273.0,484273.0,9050.361704832438
4578,234686.0,0.0,234686.0,234686.0,4641.635985026728
4579,398087.0,0.0,398087.0,398087.0,7567.315474163639
4580,115260.0,0.0,115260.0,115260.0,2379.5266896409235
4581,236647.0,0.0,236647.0,236647.0,4677.750714668373
4582,115883.0,0.0,115883.0,115883.0,2391.696068578105
4583,109019.0,0.0,109019.0,109019.0,2257.2441728628482
4584,0.0,0.0,0.0,0.0,-0.0
4585,0.0,0.0,0.0,0.0,-0.0
4586,0.0,0.0,0.0,0.0,-0.0
4587,0.0,0.0,0.0,0.0,-0.0
4588,0.0,0.0,0.0,0.0,-0.0
4589,47085.0,0.0,47085.0,47085.0,815.5625390631202
4590,299714.0,0.0,299714.0,299714.0,5299.767629136694
4591,509373.0,0.0,509373.0,509373.0,9474.669266430603
4592,575296.0,0.0,575296.0,575296.0,10577.692807781346
4593,628090.0,0.0,628090.0,628090.0,11447.857551307916
4594,699352.0,0.0,699352.0,699352.0,12163.273030142404
4595,716108.0,0.0,716108.0,716108.0,12163.252887898985
4596,707119.0,0.0,707119.0,707119.0,12163.232745722265
4597,753068.0,0.0,753068.0,753068.0,12163.212603612243
4598,768400.0,0.0,768400.0,768400.0,12163.192461568917
4599,768400.0,0.0,768400.0,768400.0,12163.172319592286
4600,768400.0,0.0,768400.0,768400.0,12163.152177682352
4601,768400.0,0.0,768400.0,768400.0,12163.132035839115
4602,705040.0,0.0,705040.0,705040.0,12163.11189406257
4603,524627.0,0.0,524627.0,524627.0,9731.405351855014
4604,768400.0,0.0,768400.0,768400.0,12163.072105315312
4605,768400.0,0.0,768400.0,768400.0,12163.05196373721
4606,768400.0,0.0,768400.0,768400.0,12163.031822225808
4607,768400.0,0.0,768400.0,768400.0,12163.011680781094
4608,768400.0,0.0,768400.0,768400.0,12162.99153940308
4609,768400.0,0.0,768400.0,768400.0,12162.971398091753
4610,768400.0,0.0,768400.0,768400.0,12162.951256847124
4611,768400.0,0.0,768400.0,768400.0,12162.931115669187
4612,768400.0,0.0,768400.0,768400.0,12162.910974557935
4613,768400.0,0.0,768400.0,768400.0,12162.89083351338
4614,768400.0,0.0,768400.0,768400.0,12162.870692535518
4615,768400.0,0.0,768400.0,768400.0,12162.850551624344
4616,768400.0,0.0,768400.0,768400.0,12162.83041077986
4617,768400.0,0.0,768400.0,768400.0,12162.81027000207
4618,768400.0,0.0,768400.0,768400.0,12162.790129290968
4619,768400.0,0.0,768400.0,768400.0,12162.769988646554
4620,768400.0,0.0,768400.0,768400.0,12162.74984806883
4621,768400.0,0.0,768400.0,768400.0,12162.729707557795
4622,768400.0,0.0,768400.0,768400.0,12162.709567113448
4623,768400.0,0.0,768400.0,768400.0,12162.689426735795
4624,768400.0,0.0,768400.0,768400.0,12162.66928642482
4625,768400.0,0.0,768400.0,768400.0,12162.649146180542
4626,768400.0,0.0,768400.0,768400.0,12162.629006002946
4627,768400.0,0.0,768400.0,768400.0,12162.60886589204
4628,768400.0,0.0,768400.0,768400.0,12162.588725847816
4629,768400.0,0.0,768400.0,768400.0,12162.56858587028
4630,102000.0,0.0,102000.0,102000.0,2118.7526003038024
4631,437958.0,0.0,437958.0,437958.0,8256.74518968092
4632,139193.0,0.0,139193.0,139193.0,2843.482476408965
4633,768400.0,0.0,768400.0,768400.0,12162.493846530924
4634,768400.0,0.0,768400.0,768400.0,12162.473706867548
4635,768400.0,0.0,768400.0,768400.0,12162.453567270852
4636,721660.0,0.0,721660.0,721660.0,12162.433427740845
4637,682793.0,0.0,682793.0,682793.0,12162.413288277517
4638,538610.0,0.0,538610.0,538610.0,9965.427626335102
4639,441787.0,0.0,441787.0,441787.0,8322.526824494758
4640,734861.0,0.0,734861.0,734861.0,12162.354116734748
4641,569675.0,0.0,569675.0,569675.0,10483.51373004908
4642,276984.0,0.0,276984.0,276984.0,5414.129457024721
4643,292101.0,0.0,292101.0,292101.0,5687.57898761128
4644,487153.0,0.0,487153.0,487153.0,9097.684705366359
4645,421503.0,0.0,421503.0,421503.0,7972.537879961045
4646,303910.0,0.0,303910.0,303910.0,5900.148919811992
4647,479908.0,0.0,479908.0,479908.0,8974.500088871298
4648,520545.0,0.0,520545.0,520545.0,9662.026637167863
4649,768400.0,0.0,768400.0,768400.0,12162.180222242592
4650,711097.0,0.0,711097.0,711097.0,12162.16008361764
4651,695148.0,0.0,695148.0,695148.0,12162.139945059367
4652,684787.0,0.0,684787.0,684787.0,12162.119806567778
4653,768400.0,0.0,768400.0,768400.0,12162.099668142866
4654,713763.0,0.0,713763.0,713763.0,12162.07952978463
4655,750022.0,0.0,750022.0,750022.0,12162.059391493074
4656,768400.0,0.0,768400.0,768400.0,12162.039253268196
4657,768400.0,0.0,768400.0,768400.0,12162.019115109995
4658,315450.0,0.0,315450.0,315450.0,6106.935192132752
4659,600513.0,0.0,600513.0,600513.0,10993.521172005861
4660,768400.0,0.0,768400.0,768400.0,12161.960265546775
4661,756169.0,0.0,756169.0,756169.0,12161.940127650101
4662,741348.0,0.0,741348.0,741348.0,12161.919989820102
4663,576163.0,0.0,576163.0,576163.0,10590.8252949063
4664,198040.0,0.0,198040.0,198040.0,3960.0663232594084
4665,177750.0,0.0,177750.0,177750.0,3578.5963136268692
4666,236827.0,0.0,236827.0,236827.0,4680.040713199755
4667,260056.0,0.0,260056.0,260056.0,5105.894645018616
4668,266017.0,0.0,266017.0,266017.0,5214.564808213118
4669,359735.0,0.0,359735.0,359735.0,6893.430933090594
4670,410269.0,0.0,410269.0,410269.0,7777.513947816247
4671,558504.0,0.0,558504.0,558504.0,10297.164391985327
4672,317335.0,0.0,317335.0,317335.0,6140.510136318866
4673,576613.0,0.0,576613.0,576613.0,10598.121415087524
4674,451119.0,0.0,451119.0,451119.0,8482.320550840635
4675,217806.0,0.0,217806.0,217806.0,4328.342107953643
4676,163230.0,0.0,163230.0,163230.0,3303.3199677969196
4677,206700.0,0.0,206700.0,206700.0,4121.7440430465
4678,233620.0,0.0,233620.0,233620.0,4620.848975205117
4679,346646.0,0.0,346646.0,346646.0,6662.020492306884
4680,653563.0,0.0,653563.0,653563.0,11862.107949919684
4681,293255.0,0.0,293255.0,293255.0,5708.022227784965
4682,300475.0,0.0,300475.0,300475.0,5838.039700699513
4683,315509.0,0.0,315509.0,315509.0,6107.735036822104
4684,307531.0,0.0,307531.0,307531.0,5964.77681109545
4685,480793.0,0.0,480793.0,480793.0,8988.994767453443
4686,506983.0,0.0,506983.0,506983.0,9432.828649556875
4687,336875.0,0.0,336875.0,336875.0,6488.625303354624
4688,428151.0,0.0,428151.0,428151.0,8086.872152972651
4689,283295.0,0.0,283295.0,283295.0,5528.028405136362
4690,284101.0,0.0,284101.0,284101.0,5542.602607595756
4691,299340.0,0.0,299340.0,299340.0,5817.5331670299465
4692,245946.0,0.0,245946.0,245946.0,4847.462774888968
4693,271373.0,0.0,271373.0,271373.0,5311.7844347422915
4694,115260.0,0.0,115260.0,115260.0,2378.857563238413
4695,115260.0,0.0,115260.0,115260.0,2378.853618033481
4696,48229.0,0.0,48229.0,48229.0,1001.0353486281738
4697,55443.0,0.0,55443.0,55443.0,1122.665780716586
4698,101067.0,0.0,101067.0,101067.0,1939.7216963096043
4699,294648.0,0.0,294648.0,294648.0,5732.736563931163
4700,420410.0,0.0,420410.0,420410.0,7952.59731233555
4701,768400.0,0.0,768400.0,768400.0,12160.736965237747
4702,768400.0,0.0,768400.0,768400.0,12160.71683139013
4703,768400.0,0.0,768400.0,768400.0,12160.696697609173
4704,768400.0,0.0,768400.0,768400.0,12160.666016866282
4705,759342.0,0.0,759342.0,759342.0,12160.64588325354
4706,768400.0,0.0,768400.0,768400.0,12160.625749707451
4707,768400.0,0.0,768400.0,768400.0,12160.60561622802
4708,768400.0,0.0,768400.0,768400.0,12160.585482815242
4709,768400.0,0.0,768400.0,768400.0,12160.565349469116
4710,768400.0,0.0,768400.0,768400.0,12160.54521618964
4711,768400.0,0.0,768400.0,768400.0,12160.525082976825
4712,768400.0,0.0,768400.0,768400.0,12160.504949830653
4713,768400.0,0.0,768400.0,768400.0,12160.484816751139
4714,768400.0,0.0,768400.0,768400.0,12160.464683738279
4715,768400.0,0.0,768400.0,768400.0,12160.444550792063
4716,768400.0,0.0,768400.0,768400.0,12160.424417912502
4717,768400.0,0.0,768400.0,768400.0,12160.404285099594
4718,768400.0,0.0,768400.0,768400.0,12160.384152353334
4719,768400.0,0.0,768400.0,768400.0,12160.364019673721
4720,768400.0,0.0,768400.0,768400.0,12160.343887060766
4721,768400.0,0.0,768400.0,768400.0,12160.323754514453
4722,452449.0,0.0,452449.0,452449.0,8504.120116699507
4723,734689.0,0.0,734689.0,734689.0,12160.284249740393
4724,768400.0,0.0,768400.0,768400.0,12160.264117391513
4725,768400.0,0.0,768400.0,768400.0,12160.243985109282
4726,768400.0,0.0,768400.0,768400.0,12160.223852893696
4727,768400.0,0.0,768400.0,768400.0,12160.20372074476
4728,402870.0,0.0,402870.0,402870.0,7647.880383565527
4729,768400.0,0.0,768400.0,768400.0,12160.164411508998
4730,244233.0,0.0,244233.0,244233.0,4815.49754577121
4731,115260.0,0.0,115260.0,115260.0,2378.590986930548
4732,83289.0,0.0,83289.0,83289.0,1727.5333627972984
4733,42785.0,0.0,42785.0,42785.0,889.1609510462049
4734,184604.0,0.0,184604.0,184604.0,3346.9383459018472
4735,303490.0,0.0,303490.0,303490.0,5891.2113708076395
4736,507002.0,0.0,507002.0,507002.0,9431.616978952805
4737,534169.0,0.0,534169.0,534169.0,9888.627009516566
4738,466733.0,0.0,466733.0,466733.0,8747.907843848163
4739,414441.0,0.0,414441.0,414441.0,7848.349673239589
4740,549696.0,0.0,549696.0,549696.0,10148.316879006203
4741,421616.0,0.0,421616.0,421616.0,7972.566596450312
4742,359189.0,0.0,359189.0,359189.0,6882.386264275767
4743,560740.0,0.0,560740.0,560740.0,10332.37779404115
4744,344130.0,0.0,344130.0,344130.0,6616.16860563915
4745,453576.0,0.0,453576.0,453576.0,8522.75813874523
4746,2126.0,0.0,2126.0,2126.0,-0.0
4747,0.0,0.0,0.0,0.0,-0.0
4748,0.0,0.0,0.0,0.0,-0.0
4749,0.0,0.0,0.0,0.0,-0.0
4750,0.0,0.0,0.0,0.0,-0.0
4751,39449.0,0.0,39449.0,39449.0,682.348086450974
4752,26097.0,0.0,26097.0,26097.0,542.0031386627371
4753,203431.0,0.0,203431.0,203431.0,3552.3287217312436
4754,72960.0,0.0,72960.0,72960.0,1514.8882423597656
4755,122178.0,0.0,122178.0,122178.0,2390.990055494392
4756,358818.0,0.0,358818.0,358818.0,6875.025304943927
4757,292793.0,0.0,292793.0,292793.0,5697.91600509049
4758,326617.0,0.0,326617.0,326617.0,6304.183508328257
4759,768400.0,0.0,768400.0,768400.0,12158.00485010811
4760,768400.0,0.0,768400.0,768400.0,12157.984725302844
4761,768400.0,0.0,768400.0,768400.0,12157.964600564184
4762,768400.0,0.0,768400.0,768400.0,12157.94447589214
4763,768400.0,0.0,768400.0,768400.0,12157.924351286698
4764,768400.0,0.0,768400.0,768400.0,12157.904226747874
4765,768400.0,0.0,768400.0,768400.0,12157.884102275655
4766,768400.0,0.0,768400.0,768400.0,12157.863977870044
4767,768400.0,0.0,768400.0,768400.0,12157.843853531045
4768,768400.0,0.0,768400.0,768400.0,12157.823729258655
4769,596738.0,0.0,596738.0,596738.0,10927.461049384918
4770,768400.0,0.0,768400.0,768400.0,12157.783726386773
4771,213519.0,0.0,213519.0,213519.0,4247.209656768895
4772,517437.0,0.0,517437.0,517437.0,9606.09693635333
4773,768400.0,0.0,768400.0,768400.0,12157.725726283355
4774,768400.0,0.0,768400.0,768400.0,12157.705602401942
4775,764449.0,0.0,764449.0,764449.0,12157.685478587135
4776,768400.0,0.0,768400.0,768400.0,12157.665354838939
4777,707815.0,0.0,707815.0,707815.0,12157.64523115734
4778,739944.0,0.0,739944.0,739944.0,12157.625107542352
4779,635713.0,0.0,635713.0,635713.0,11567.145129358492
4780,768400.0,0.0,768400.0,768400.0,12157.584977252214
4781,768400.0,0.0,768400.0,768400.0,12157.564853836651
4782,768400.0,0.0,768400.0,768400.0,12157.544730487694
4783,479747.0,0.0,479747.0,479747.0,8968.181836010046
4784,573658.0,0.0,573658.0,573658.0,10545.392912216099
4785,768400.0,0.0,768400.0,768400.0,12157.485341387828
4786,768400.0,0.0,768400.0,768400.0,12157.46521830204
4787,768400.0,0.0,768400.0,768400.0,12157.445095282852
4788,768400.0,0.0,768400.0,768400.0,12157.424972330262
4789,768400.0,0.0,768400.0,768400.0,12157.404849444272
4790,768400.0,0.0,768400.0,768400.0,12157.384726624883
4791,768400.0,0.0,768400.0,768400.0,12157.364603872102
4792,768400.0,0.0,768400.0,768400.0,12157.344481185914
4793,768400.0,0.0,768400.0,768400.0,12157.324358566333
4794,286858.0,0.0,286858.0,286858.0,5590.429302338922
4795,293155.0,0.0,293155.0,293155.0,5704.060260241368
4796,365771.0,0.0,365771.0,365771.0,6997.015117447256
4797,671820.0,0.0,671820.0,671820.0,12154.331147911818
4798,768400.0,0.0,768400.0,768400.0,12157.227755817727
4799,768400.0,0.0,768400.0,768400.0,12157.207633584469
4800,734112.0,0.0,734112.0,734112.0,12157.187511417806
4801,751364.0,0.0,751364.0,751364.0,12157.16738931774
4802,768400.0,0.0,768400.0,768400.0,12157.147267284272
4803,768400.0,0.0,768400.0,768400.0,12157.127145317398
4804,646239.0,0.0,646239.0,646239.0,11738.453204743997
4805,639507.0,0.0,639507.0,639507.0,11628.616481796347
4806,371011.0,0.0,371011.0,371011.0,7089.007204599289
4807,591951.0,0.0,591951.0,591951.0,10847.768102947026
4808,621419.0,0.0,621419.0,621419.0,11332.63051943442
4809,661995.0,0.0,661995.0,661995.0,11994.707863016425
4810,670355.0,0.0,670355.0,670355.0,12130.328424531119
4811,694511.0,0.0,694511.0,694511.0,12156.96790701155
4812,630253.0,0.0,630253.0,630253.0,11477.241955387204
4813,600000.0,0.0,600000.0,600000.0,10980.447021751315
4814,592587.0,0.0,592587.0,592587.0,10858.14345422445
4815,605458.0,0.0,605458.0,605458.0,11070.304027163525
4816,532867.0,0.0,532867.0,532867.0,9864.592683309307
4817,447165.0,0.0,447165.0,447165.0,8410.9775667008
4818,115260.0,0.0,115260.0,115260.0,2377.8519716719634
4819,89905.0,0.0,89905.0,89905.0,1866.192778489152
4820,77372.0,0.0,77372.0,77372.0,1606.0471696057252
4821,289606.0,0.0,289606.0,289606.0,5404.982479060253
4822,91032.0,0.0,91032.0,91032.0,1888.3667429289228
4823,220427.0,0.0,220427.0,220427.0,4283.873326156317
4824,399107.0,0.0,399107.0,399107.0,7579.907063186901
4825,551376.0,0.0,551376.0,551376.0,10173.72845523769
4826,605723.0,0.0,605723.0,605723.0,11074.186022090627
4827,583710.0,0.0,583710.0,583710.0,10710.911459767209
4828,760663.0,0.0,760663.0,760663.0,12156.327524678018
4829,768400.0,0.0,768400.0,768400.0,12156.307405422885
4830,768400.0,0.0,768400.0,768400.0,12156.287286234336
4831,693379.0,0.0,693379.0,693379.0,12156.267167112372
4832,768400.0,0.0,768400.0,768400.0,12156.24704805699
4833,744934.0,0.0,744934.0,744934.0,12156.226929068189
4834,699000.0,0.0,699000.0,699000.0,12156.206810145968
4835,746170.0,0.0,746170.0,746170.0,12156.186691290333
4836,664749.0,0.0,664749.0,664749.0,12038.585656821677
4837,532531.0,0.0,532531.0,532531.0,9858.360529356021
4838,698475.0,0.0,698475.0,698475.0,12156.126824267822
4839,728756.0,0.0,728756.0,728756.0,12156.106705676888
4840,392280.0,0.0,392280.0,392280.0,7460.711301234904
4841,633831.0,0.0,633831.0,633831.0,11534.917020565925
4842,349935.0,0.0,349935.0,349935.0,6716.976209266551
4843,473442.0,0.0,473442.0,473442.0,8859.721611987507
4844,768400.0,0.0,768400.0,768400.0,12156.009090267153
4845,768400.0,0.0,768400.0,768400.0,12155.988972065845
4846,768400.0,0.0,768400.0,768400.0,12155.96885393111
4847,768400.0,0.0,768400.0,768400.0,12155.948735862958
4848,768400.0,0.0,768400.0,768400.0,12155.92861786138
4849,768400.0,0.0,768400.0,768400.0,12155.908499926376
4850,768400.0,0.0,768400.0,768400.0,12155.88838205795
4851,768400.0,0.0,768400.0,768400.0,12155.868264256105
4852,768400.0,0.0,768400.0,768400.0,12155.848146520832
4853,768400.0,0.0,768400.0,768400.0,12155.828028852135
4854,668189.0,0.0,668189.0,668189.0,12094.035242751812
4855,768400.0,0.0,768400.0,768400.0,12155.787805839562
4856,768400.0,0.0,768400.0,768400.0,12155.767688370546
4857,768400.0,0.0,768400.0,768400.0,12155.74757096811
4858,768400.0,0.0,768400.0,768400.0,12155.727453632244
4859,768400.0,0.0,768400.0,768400.0,12155.707336362957
4860,639967.0,0.0,639967.0,639967.0,11634.77926031899
4861,768400.0,0.0,768400.0,768400.0,12155.667204897138
4862,768400.0,0.0,768400.0,768400.0,12155.647087827227
4863,768400.0,0.0,768400.0,768400.0,12155.626970823885
4864,768400.0,0.0,768400.0,768400.0,12155.606853887117
4865,768400.0,0.0,768400.0,768400.0,12155.58673701692
4866,699902.0,0.0,699902.0,699902.0,12155.566620213298
4867,689812.0,0.0,689812.0,689812.0,12155.546503476242
4868,768400.0,0.0,768400.0,768400.0,12155.526386805757
4869,768400.0,0.0,768400.0,768400.0,12155.506270201844
4870,768400.0,0.0,768400.0,768400.0,12155.486153664502
4871,576176.0,0.0,576176.0,576176.0,10585.349915502486
4872,471942.0,0.0,471942.0,471942.0,8833.715762876513
4873,768400.0,0.0,768400.0,768400.0,12155.416267681374
4874,768400.0,0.0,768400.0,768400.0,12155.39615144186
4875,692941.0,0.0,692941.0,692941.0,12155.376035268906
4876,749300.0,0.0,749300.0,749300.0,12155.355919162525
4877,768400.0,0.0,768400.0,768400.0,12155.335803122704
4878,768400.0,0.0,768400.0,768400.0,12155.31568714946
4879,708179.0,0.0,708179.0,708179.0,12155.295571242777
4880,729871.0,0.0,729871.0,729871.0,12155.275455402661
4881,735220.0,0.0,735220.0,735220.0,12155.25533962911
4882,751592.0,0.0,751592.0,751592.0,12155.235223922129
4883,680454.0,0.0,680454.0,680454.0,12155.21510828171
4884,643993.0,0.0,643993.0,643993.0,11699.985406520707
4885,529821.0,0.0,529821.0,529821.0,9812.107577411185
4886,567465.0,0.0,567465.0,567465.0,10440.516683261272
4887,414065.0,0.0,414065.0,414065.0,7838.894412738494
4888,534763.0,0.0,534763.0,534763.0,9894.911518017176
4889,436913.0,0.0,436913.0,436913.0,8233.501120875422
4890,115260.0,0.0,115260.0,115260.0,2377.4593125012516
4891,63252.0,0.0,63252.0,63252.0,1314.331937155005
4892,17242.0,0.0,17242.0,17242.0,358.2058235881998
4893,27036.0,0.0,27036.0,27036.0,529.2057549292521
4894,0.0,0.0,0.0,0.0,-0.0
4895,0.0,0.0,0.0,0.0,-0.0
4896,0.0,0.0,0.0,0.0,-0.0
4897,0.0,0.0,0.0,0.0,-0.0
4898,0.0,0.0,0.0,0.0,-0.0
4899,0.0,0.0,0.0,0.0,-0.0
4900,0.0,0.0,0.0,0.0,-0.0
4901,26282.0,0.0,26282.0,26282.0,454.5369162003146
4902,84676.0,0.0,84676.0,84676.0,1553.2985325900318
4903,479260.0,0.0,479260.0,479260.0,8708.789277792168
4904,564550.0,0.0,564550.0,564550.0,10391.120715770312
4905,577035.0,0.0,577035.0,577035.0,10598.32805581347
4906,479209.0,0.0,479209.0,479209.0,8956.36406603916
4907,729106.0,0.0,729106.0,729106.0,12154.003981643691
4908,652652.0,0.0,652652.0,652652.0,11839.854785429146
4909,749825.0,0.0,749825.0,749825.0,12153.9638204326
4910,603174.0,0.0,603174.0,603174.0,11029.999278668134
4911,608193.0,0.0,608193.0,608193.0,11112.56631014578
4912,594564.0,0.0,594564.0,594564.0,10888.053016562279
4913,362844.0,0.0,362844.0,362844.0,6943.44823698279
4914,234187.0,0.0,234187.0,234187.0,4628.07301289356
4915,130692.0,0.0,130692.0,130692.0,2677.137963112347
4916,161600.0,0.0,161600.0,161600.0,3269.941578399512
4917,83667.0,0.0,83667.0,83667.0,1734.0131036515584
4918,31591.0,0.0,31591.0,31591.0,654.5705111007138
4919,98690.0,0.0,98690.0,98690.0,1810.107131389155
4920,127696.0,0.0,127696.0,127696.0,2600.8018154657
4921,180220.0,0.0,180220.0,180220.0,3622.3292467290676
4922,159916.0,0.0,159916.0,159916.0,3237.681725800436
4923,286533.0,0.0,286533.0,286533.0,5582.478938877994
4924,175661.0,0.0,175661.0,175661.0,3536.2716353210276
4925,140360.0,0.0,140360.0,140360.0,2863.4402106173043
4926,240054.0,0.0,240054.0,240054.0,4735.690521998766
4927,289160.0,0.0,289160.0,289160.0,5629.871591888778
4928,170010.0,0.0,170010.0,170010.0,3429.3419761634623
4929,513560.0,0.0,513560.0,513560.0,9536.969798264188
4930,617786.0,0.0,617786.0,617786.0,11269.250958162795
4931,418948.0,0.0,418948.0,418948.0,7921.974979097281
4932,606899.0,0.0,606899.0,606899.0,11090.376145135826
4933,51344.0,0.0,51344.0,51344.0,1066.2189871405856
4934,768400.0,0.0,768400.0,768400.0,11140.656548080728
4935,54111.0,0.0,54111.0,54111.0,1120.6723007585422
4936,545971.0,0.0,545971.0,545971.0,9240.58725055883
4937,598461.0,0.0,598461.0,598461.0,10950.58099452158
4938,254030.0,0.0,254030.0,254030.0,4991.382831945626
4939,118925.0,0.0,118925.0,118925.0,2448.249549094927
4940,193886.0,0.0,193886.0,193886.0,3878.7360435956743
4941,336483.0,0.0,336483.0,336483.0,6476.255624229013
4942,376593.0,0.0,376593.0,376593.0,7183.74437533777
4943,526597.0,0.0,526597.0,526597.0,9755.29239415915
4944,312995.0,0.0,312995.0,312995.0,6057.575802064225
4945,354183.0,0.0,354183.0,354183.0,6789.547469562167
4946,280127.0,0.0,280127.0,280127.0,5466.012845939634
4947,201487.0,0.0,201487.0,201487.0,4020.845185534291
4948,81641.0,0.0,81641.0,81641.0,1693.8493866261363
4949,102330.0,0.0,102330.0,102330.0,2049.4500982375507
4950,440760.0,0.0,440760.0,440760.0,8297.185434946276
4951,566153.0,0.0,566153.0,566153.0,10415.580507499451
4952,768400.0,0.0,768400.0,768400.0,12151.539732404615
4953,768400.0,0.0,768400.0,768400.0,12151.519628987304
4954,768400.0,0.0,768400.0,768400.0,12151.4995256365
4955,768400.0,0.0,768400.0,768400.0,12151.479422352197
4956,768400.0,0.0,768400.0,768400.0,12151.459319134401
4957,768400.0,0.0,768400.0,768400.0,12151.43921598311
4958,768400.0,0.0,768400.0,768400.0,12151.419112898317
4959,768400.0,0.0,768400.0,768400.0,12151.399009880031
4960,531900.0,0.0,531900.0,531900.0,9843.82748044656
4961,405339.0,0.0,405339.0,405339.0,7684.962456209194
4962,572060.0,0.0,572060.0,572060.0,10513.45476121239
4963,338225.0,0.0,338225.0,338225.0,6506.831201061526
4964,508571.0,0.0,508571.0,508571.0,9451.51218610291
4965,500982.0,0.0,500982.0,500982.0,9323.36571234013
4966,411685.0,0.0,411685.0,411685.0,7795.029921687751
4967,182398.0,0.0,182398.0,182398.0,3662.731620381371
4968,115260.0,0.0,115260.0,115260.0,2376.5958975927656
4969,195545.0,0.0,195545.0,195545.0,3909.542808515579
4970,605462.0,0.0,605462.0,605462.0,11065.124758031083
4971,365671.0,0.0,365671.0,365671.0,6991.544567493504
4972,768400.0,0.0,768400.0,768400.0,12151.150543665934
4973,768400.0,0.0,768400.0,768400.0,12151.130441536085
4974,768400.0,0.0,768400.0,768400.0,12151.11033947274
4975,768400.0,0.0,768400.0,768400.0,12151.09023747589
4976,768400.0,0.0,768400.0,768400.0,12151.070135545537
4977,768400.0,0.0,768400.0,768400.0,12151.050033681682
4978,768400.0,0.0,768400.0,768400.0,12151.029931884323
4979,768400.0,0.0,768400.0,768400.0,12151.00983015346
4980,768400.0,0.0,768400.0,768400.0,12150.989728489096
4981,768400.0,0.0,768400.0,768400.0,12150.969626891221
4982,768400.0,0.0,768400.0,768400.0,12150.949525359847
4983,768400.0,0.0,768400.0,768400.0,12150.929423894968
4984,768400.0,0.0,768400.0,768400.0,12150.909322496582
4985,768400.0,0.0,768400.0,768400.0,12150.889221164693
4986,768400.0,0.0,768400.0,768400.0,12150.8691198993
4987,768400.0,0.0,768400.0,768400.0,12150.849018700394
4988,768400.0,0.0,768400.0,768400.0,12150.828917567984
4989,768400.0,0.0,768400.0,768400.0,12150.808816502074
4990,768400.0,0.0,768400.0,768400.0,12150.788715502646
4991,525679.0,0.0,525679.0,525679.0,9738.964457810076
4992,680318.0,0.0,680318.0,680318.0,12150.749003573823
4993,768400.0,0.0,768400.0,768400.0,12150.728902772256
4994,647237.0,0.0,647237.0,647237.0,11748.507944372313
4995,739752.0,0.0,739752.0,739752.0,12150.68878063477
4996,597074.0,0.0,597074.0,597074.0,10926.509088809113
4997,343624.0,0.0,343624.0,343624.0,6602.152790984891
4998,384061.0,0.0,384061.0,384061.0,7313.671608852319
4999,190064.0,0.0,190064.0,190064.0,3806.6122455016484
5000,283974.0,0.0,283974.0,283974.0,5534.998851681994
5001,491483.0,0.0,491483.0,491483.0,9162.062969326398
5002,651747.0,0.0,651747.0,651747.0,11821.78005818638
5003,594734.0,0.0,594734.0,594734.0,10887.800786085287
5004,751180.0,0.0,751180.0,751180.0,12150.514752161596
5005,496247.0,0.0,496247.0,496247.0,9242.67012755212
5006,768400.0,0.0,768400.0,768400.0,12150.475147850872
5007,715444.0,0.0,715444.0,715444.0,12150.455047955185
5008,656782.0,0.0,656782.0,656782.0,11903.540517750233
5009,605492.0,0.0,605492.0,605492.0,11064.905403008233
5010,115260.0,0.0,115260.0,115260.0,2376.4098339958323
5011,115260.0,0.0,115260.0,115260.0,2376.40589686164
5012,81227.0,0.0,81227.0,81227.0,1685.4905158103657
5013,0.0,0.0,0.0,0.0,-0.0
5014,0.0,0.0,0.0,0.0,-0.0
5015,0.0,0.0,0.0,0.0,-0.0
5016,0.0,0.0,0.0,0.0,-0.0
5017,0.0,0.0,0.0,0.0,-0.0
5018,0.0,0.0,0.0,0.0,-0.0
5019,0.0,0.0,0.0,0.0,-0.0
5020,0.0,0.0,0.0,0.0,-0.0
5021,36560.0,0.0,36560.0,36560.0,630.637367812227
5022,189982.0,0.0,189982.0,189982.0,3382.2279015182803
5023,524395.0,0.0,524395.0,524395.0,9716.327261229286
5024,560239.0,0.0,560239.0,560239.0,10315.4127165884
5025,574982.0,0.0,574982.0,574982.0,10560.211119422662
5026,461138.0,0.0,461138.0,461138.0,8644.84778438438
5027,370530.0,0.0,370530.0,370530.0,7075.82528077614
5028,448841.0,0.0,448841.0,448841.0,8434.333244777863
5029,671421.0,0.0,671421.0,671421.0,12139.961019711354
5030,486311.0,0.0,486311.0,486311.0,9073.39693479266
5031,533610.0,0.0,533610.0,533610.0,9870.754493242483
5032,607259.0,0.0,607259.0,607259.0,11092.92013954661
5033,484770.0,0.0,484770.0,484770.0,9047.200259632704
5034,195953.0,0.0,195953.0,195953.0,3916.4768661063476
5035,314696.0,0.0,314696.0,314696.0,6086.588389570643
5036,268323.0,0.0,268323.0,268323.0,5250.640670138815
5037,452032.0,0.0,452032.0,452032.0,8488.898582041682
5038,316053.0,0.0,316053.0,316053.0,6110.816190391607
5039,670588.0,0.0,670588.0,670588.0,12126.276254877535
5040,665097.0,0.0,665097.0,665097.0,12037.239495482554
5041,629007.0,0.0,629007.0,629007.0,11449.401961230331
5042,729966.0,0.0,729966.0,729966.0,12149.075466860138
5043,570240.0,0.0,570240.0,570240.0,10481.251357117953
5044,705006.0,0.0,705006.0,705006.0,12149.03561107914
5045,615802.0,0.0,615802.0,615802.0,11232.997757627796
5046,585216.0,0.0,585216.0,585216.0,10729.24171660198
5047,502915.0,0.0,502915.0,502915.0,9354.199980846764
5048,336347.0,0.0,336347.0,336347.0,6472.158311204755
5049,288352.0,0.0,288352.0,288352.0,5613.248349791781
5050,275170.0,0.0,275170.0,275170.0,5374.80600136166
5051,292417.0,0.0,292417.0,292417.0,5686.529764325377
5052,513357.0,0.0,513357.0,513357.0,9530.233368743397
5053,409075.0,0.0,409075.0,409075.0,7748.155763751914
5054,753124.0,0.0,753124.0,753124.0,12148.84280939563
5055,541899.0,0.0,541899.0,541899.0,10009.058648119317
5056,472372.0,0.0,472372.0,472372.0,8836.051398625517
5057,486035.0,0.0,486035.0,486035.0,9068.302141371507
5058,204770.0,0.0,204770.0,204770.0,4080.9701806918897
5059,90505.0,0.0,90505.0,90505.0,1876.6553660580707
5060,377475.0,0.0,377475.0,377475.0,7047.453880775727
5061,765443.0,0.0,765443.0,765443.0,12148.603637000102
5062,768400.0,0.0,768400.0,768400.0,12148.583543294082
5063,240738.0,0.0,240738.0,240738.0,4746.345016795964
5064,141595.0,0.0,141595.0,141595.0,2885.9736992442
5065,77405.0,0.0,77405.0,77405.0,1605.576811277247
5066,201948.0,0.0,201948.0,201948.0,3860.576042518506
5067,301194.0,0.0,301194.0,301194.0,5844.117793677549
5068,267744.0,0.0,267744.0,267744.0,5239.675069093644
5069,221796.0,0.0,221796.0,221796.0,4396.989418761392
5070,425123.0,0.0,425123.0,425123.0,8025.453723721679
5071,768400.0,0.0,768400.0,768400.0,12148.205111173762
5072,701645.0,0.0,701645.0,701645.0,12148.185018784838
5073,763057.0,0.0,763057.0,763057.0,12148.16492646237
5074,768400.0,0.0,768400.0,768400.0,12148.144834206347
5075,768400.0,0.0,768400.0,768400.0,12148.124742016777
5076,768400.0,0.0,768400.0,768400.0,12148.104649893648
5077,768400.0,0.0,768400.0,768400.0,12148.084557836975
5078,768400.0,0.0,768400.0,768400.0,12148.064465846748
5079,768400.0,0.0,768400.0,768400.0,12148.044373922967
5080,768400.0,0.0,768400.0,768400.0,12148.024282065639
5081,768400.0,0.0,768400.0,768400.0,12148.004190274754
5082,752638.0,0.0,752638.0,752638.0,12147.984098550316
5083,615217.0,0.0,615217.0,615217.0,11222.41798408929
5084,768400.0,0.0,768400.0,768400.0,12147.94409898853
5085,571087.0,0.0,571087.0,571087.0,10494.311370470057
5086,766862.0,0.0,766862.0,766862.0,12147.904247734506
5087,768400.0,0.0,768400.0,768400.0,12147.884156340593
5088,670337.0,0.0,670337.0,670337.0,12120.93055551648
5089,744748.0,0.0,744748.0,744748.0,12147.843979032516
5090,699805.0,0.0,699805.0,699805.0,12147.82388783792
5091,695444.0,0.0,695444.0,695444.0,12147.803796709766
5092,669926.0,0.0,669926.0,669926.0,12114.192377420115
5093,479729.0,0.0,479729.0,479729.0,8960.435013526348
5094,472829.0,0.0,472829.0,472829.0,8843.036948649473
5095,633671.0,0.0,633671.0,633671.0,11524.33866918612
5096,597247.0,0.0,597247.0,597247.0,10926.662678103196
5097,630388.0,0.0,630388.0,630388.0,11470.646020883096
5098,689838.0,0.0,689838.0,689838.0,12147.665005510962
5099,262452.0,0.0,262452.0,262452.0,5143.0917431057815
5100,151415.0,0.0,151415.0,151415.0,3073.9132151195954
5101,768400.0,0.0,768400.0,768400.0,12147.608565155362
5102,768400.0,0.0,768400.0,768400.0,12147.588474739301
5103,768400.0,0.0,768400.0,768400.0,12147.568384389677
5104,768400.0,0.0,768400.0,768400.0,12147.548294106495
5105,741890.0,0.0,741890.0,741890.0,12147.52820388975
5106,235346.0,0.0,235346.0,235346.0,4646.761203888054
5107,105263.0,0.0,105263.0,105263.0,2179.937893234049
5108,0.0,0.0,0.0,0.0,-0.0
5109,47652.0,0.0,47652.0,47652.0,823.7916816328402
5110,102558.0,0.0,102558.0,102558.0,1934.7482553608963
5111,119239.0,0.0,119239.0,119239.0,2453.1245346340384
5112,229172.0,0.0,229172.0,229172.0,4532.603208695532
5113,406087.0,0.0,406087.0,406087.0,7694.756044224801
5114,399001.0,0.0,399001.0,399001.0,7571.592797591361
5115,621072.0,0.0,621072.0,621072.0,11317.057291210185
5116,768400.0,0.0,768400.0,768400.0,12146.486050626301
5117,767057.0,0.0,767057.0,767057.0,12146.465963922308
5118,615160.0,0.0,615160.0,615160.0,11220.067482919148
5119,688706.0,0.0,688706.0,688706.0,12146.425974543467
5120,735168.0,0.0,735168.0,735168.0,12146.405888038134
5121,768400.0,0.0,768400.0,768400.0,12146.385801599214
5122,768400.0,0.0,768400.0,768400.0,12146.36571522672
5123,768400.0,0.0,768400.0,768400.0,12146.345628920646
5124,768400.0,0.0,768400.0,768400.0,12146.325542680992
5125,768400.0,0.0,768400.0,768400.0,12146.305456507753
5126,768400.0,0.0,768400.0,768400.0,12146.285370400936
5127,768400.0,0.0,768400.0,768400.0,12146.265284360536
5128,768400.0,0.0,768400.0,768400.0,12146.245198386556
5129,768400.0,0.0,768400.0,768400.0,12146.225112478995
5130,294185.0,0.0,294185.0,294185.0,5717.012451628038
5131,263514.0,0.0,263514.0,263514.0,5161.759143842645
5132,553049.0,0.0,553049.0,553049.0,10192.888152476393
5133,585746.0,0.0,585746.0,585746.0,10735.450747749655
5134,728177.0,0.0,728177.0,728177.0,12146.128365646084
5135,559050.0,0.0,559050.0,559050.0,10292.756423556028
5136,641405.0,0.0,641405.0,641405.0,11648.996064897769
5137,221189.0,0.0,221189.0,221189.0,4384.892431420856
5138,115260.0,0.0,115260.0,115260.0,2375.436098247712
5139,105731.0,0.0,105731.0,105731.0,2188.8329749812633
5140,31000.0,0.0,31000.0,31000.0,642.5914524155088
5141,105796.0,0.0,105796.0,105796.0,1931.6117571479144
5142,212077.0,0.0,212077.0,212077.0,4215.666897816317
5143,340901.0,0.0,340901.0,340901.0,6550.8714986906625
5144,479050.0,0.0,479050.0,479050.0,8947.050468585834
5145,639331.0,0.0,639331.0,639331.0,11614.435073038157
5146,674953.0,0.0,674953.0,674953.0,12145.303144440966
5147,638334.0,0.0,638334.0,638334.0,11598.131421286356
5148,768400.0,0.0,768400.0,768400.0,12145.263086912122
5149,462236.0,0.0,462236.0,462236.0,8660.535740133422
5150,768400.0,0.0,768400.0,768400.0,12145.22364281086
5151,768400.0,0.0,768400.0,768400.0,12145.203560279979
5152,768400.0,0.0,768400.0,768400.0,12145.1834778155
5153,768400.0,0.0,768400.0,768400.0,12145.16339541742
5154,320410.0,0.0,320410.0,320410.0,6186.438008651175
5155,368961.0,0.0,368961.0,368961.0,7045.665186463996
5156,420407.0,0.0,420407.0,420407.0,7941.844858808431
5157,144083.0,0.0,144083.0,144083.0,2932.807563351498
5158,115260.0,0.0,115260.0,115260.0,2375.2161010358705
5159,35216.0,0.0,35216.0,35216.0,730.0998456951658
5160,0.0,0.0,0.0,0.0,-0.0
5161,20283.0,0.0,20283.0,20283.0,347.901245253423
5162,0.0,0.0,0.0,0.0,-0.0
5163,0.0,0.0,0.0,0.0,-0.0
5164,0.0,0.0,0.0,0.0,-0.0
5165,32261.0,0.0,32261.0,32261.0,556.0370438298743
5166,186851.0,0.0,186851.0,186851.0,3302.300921167628
5167,438481.0,0.0,438481.0,438481.0,8252.63652407504
5168,492689.0,0.0,492689.0,492689.0,9177.36366235449
5169,482525.0,0.0,482525.0,482525.0,9005.03038995269
5170,474750.0,0.0,474750.0,474750.0,8872.872100763227
5171,600000.0,0.0,600000.0,600000.0,10968.570444100098
5172,600000.0,0.0,600000.0,600000.0,10968.552311392612
5173,608227.0,0.0,608227.0,608227.0,11103.857061421037
5174,631806.0,0.0,631806.0,631806.0,11490.193743973156
5175,581503.0,0.0,581503.0,581503.0,10663.246781777581
5176,534877.0,0.0,534877.0,534877.0,9887.421180116153
5177,448307.0,0.0,448307.0,448307.0,8421.177341836345
5178,82578.0,0.0,82578.0,82578.0,1711.0774055048562
5179,156909.0,0.0,156909.0,156909.0,3067.4386054774254
5180,117064.0,0.0,117064.0,117064.0,2410.0667332370917
5181,97046.0,0.0,97046.0,97046.0,2013.117800508147
5182,52755.0,0.0,52755.0,52755.0,1093.207900127507
5183,53266.0,0.0,53266.0,53266.0,1103.251968786474
5184,0.0,0.0,0.0,0.0,-0.0
5185,202152.0,0.0,202152.0,202152.0,3358.254469929201
5186,80184.0,0.0,80184.0,80184.0,1663.7772950824055
5187,189023.0,0.0,189023.0,189023.0,3653.078721335407
5188,0.0,0.0,0.0,0.0,-0.0
5189,365040.0,0.0,365040.0,365040.0,5812.175686301614
5190,420667.0,0.0,420667.0,420667.0,7943.905077891358
5191,204519.0,0.0,204519.0,204519.0,4073.6106895094836
5192,203731.0,0.0,203731.0,203731.0,4058.9205470306006
5193,117117.0,0.0,117117.0,117117.0,2410.6251804358158
5194,114504.0,0.0,114504.0,114504.0,2359.6564908831465
5195,71431.0,0.0,71431.0,71431.0,1482.5931769487954
5196,85102.0,0.0,85102.0,85102.0,1720.6875729280212
5197,366878.0,0.0,366878.0,366878.0,6812.383014770845
5198,294758.0,0.0,294758.0,294758.0,5724.7682554654975
5199,426510.0,0.0,426510.0,426510.0,8044.493800147425
5200,248862.0,0.0,248862.0,248862.0,4892.060840301052
5201,481628.0,0.0,481628.0,481628.0,8987.607969149849
5202,106929.0,0.0,106929.0,106929.0,2211.3224988041097
5203,131899.0,0.0,131899.0,131899.0,2697.253496546178
5204,183129.0,0.0,183129.0,183129.0,3673.063299497962
5205,177930.0,0.0,177930.0,177930.0,3575.158574760751
5206,144456.0,0.0,144456.0,144456.0,2938.8486755683643
5207,181956.0,0.0,181956.0,181956.0,3650.9779413002802
5208,284530.0,0.0,284530.0,284530.0,5540.30958857583
5209,271466.0,0.0,271466.0,271466.0,5303.834411974765
5210,119396.0,0.0,119396.0,119396.0,2454.8747096746256
5211,138297.0,0.0,138297.0,138297.0,2820.5309935326595
5212,117200.0,0.0,117200.0,117200.0,2412.1065458274534
5213,168096.0,0.0,168096.0,168096.0,3389.2753966711407
5214,270486.0,0.0,270486.0,270486.0,5286.008326878585
5215,542284.0,0.0,542284.0,542284.0,10008.769727109942
5216,172802.0,0.0,172802.0,172802.0,3478.29546832646
5217,159929.0,0.0,159929.0,159929.0,3234.2446733214756
5218,370544.0,0.0,370544.0,370544.0,7070.783515131834
5219,109863.0,0.0,109863.0,109863.0,2268.765519531869
5220,158002.0,0.0,158002.0,158002.0,3197.5621697792017
5221,26374.0,0.0,26374.0,26374.0,546.6974781565251
5222,237019.0,0.0,237019.0,237019.0,4090.4351144823645
5223,146197.0,0.0,146197.0,146197.0,2971.950619509194
5224,297276.0,0.0,297276.0,297276.0,5769.482451602712
5225,202418.0,0.0,202418.0,202418.0,4033.896980471761
5226,138099.0,0.0,138099.0,138099.0,2816.4829467555915
5227,211405.0,0.0,211405.0,211405.0,4201.12522462235
5228,395231.0,0.0,395231.0,395231.0,7501.705652809317
5229,377835.0,0.0,377835.0,377835.0,7198.0303020139245
5230,476291.0,0.0,476291.0,476291.0,8896.039633247336
5231,596780.0,0.0,596780.0,596780.0,10911.874334062428
5232,598550.0,0.0,598550.0,598550.0,10941.007699280346
5233,585443.0,0.0,585443.0,585443.0,10724.819294111185
5234,657874.0,0.0,657874.0,657874.0,11910.87842900581
5235,604868.0,0.0,604868.0,604868.0,11044.905525340811
5236,271730.0,0.0,271730.0,271730.0,5308.086367256123
5237,153889.0,0.0,153889.0,153889.0,3118.904558228592
5238,352627.0,0.0,352627.0,352627.0,6754.948738256821
5239,549237.0,0.0,549237.0,549237.0,10123.879774437715
5240,634011.0,0.0,634011.0,634011.0,11522.265055497752
5241,600000.0,0.0,600000.0,600000.0,10964.720048572413
5242,647499.0,0.0,647499.0,647499.0,11742.082619315983
5243,640677.0,0.0,640677.0,640677.0,11630.951101415396
5244,706303.0,0.0,706303.0,706303.0,12139.65666532641
5245,502918.0,0.0,502918.0,502918.0,9346.851724631384
5246,544274.0,0.0,544274.0,544274.0,10040.967510770599
5247,220596.0,0.0,220596.0,220596.0,4371.356261879619
5248,405994.0,0.0,405994.0,405994.0,7688.515704679616
5249,538201.0,0.0,538201.0,538201.0,9939.463076326796
5250,134844.0,0.0,134844.0,134844.0,2753.6805721867836
5251,135607.0,0.0,135607.0,135607.0,2768.379308019288
5252,99146.0,0.0,99146.0,99146.0,2053.6925459463505
5253,72442.0,0.0,72442.0,72442.0,1502.2868299551865
5254,97378.0,0.0,97378.0,97378.0,1931.2170681286382
5255,66689.0,0.0,66689.0,66689.0,1380.2396402083714
5256,28980.0,0.0,28980.0,28980.0,597.7403357948115
5257,0.0,0.0,0.0,0.0,-0.0
5258,18207.0,0.0,18207.0,18207.0,313.9317114413728
5259,0.0,0.0,0.0,0.0,-0.0
5260,0.0,0.0,0.0,0.0,-0.0
5261,38150.0,0.0,38150.0,38150.0,659.9115618685505
5262,199319.0,0.0,199319.0,199319.0,3561.664281368502
5263,498306.0,0.0,498306.0,498306.0,9267.827695917975
5264,556270.0,0.0,556270.0,556270.0,10239.662867690735
5265,592869.0,0.0,592869.0,592869.0,10845.823888558354
5266,633189.0,0.0,633189.0,633189.0,11507.31286572395
5267,519258.0,0.0,519258.0,519258.0,9620.779766074455
5268,686118.0,0.0,686118.0,686118.0,12138.091971487565
5269,337127.0,0.0,337127.0,337127.0,6479.815551115781
5270,457198.0,0.0,457198.0,457198.0,8569.17638328133
5271,203468.0,0.0,203468.0,203468.0,4052.7366224658667
5272,207272.0,0.0,207272.0,207272.0,4123.554128549321
5273,503879.0,0.0,503879.0,503879.0,9361.768067698533
5274,202143.0,0.0,202143.0,202143.0,4028.019623188837
5275,641938.0,0.0,641938.0,641938.0,11649.847122441803
5276,351826.0,0.0,351826.0,351826.0,6739.733247270211
5277,704072.0,0.0,704072.0,704072.0,12137.920938289191
5278,206014.0,0.0,206014.0,206014.0,4100.102228653253
5279,196931.0,0.0,196931.0,196931.0,3930.702167189369
5280,323003.0,0.0,323003.0,323003.0,6228.686755149395
5281,634433.0,0.0,634433.0,634433.0,11527.348076890286
5282,768400.0,0.0,768400.0,768400.0,12137.825892962534
5283,737639.0,0.0,737639.0,737639.0,12137.805834881032
5284,721339.0,0.0,721339.0,721339.0,12137.78577686581
5285,768400.0,0.0,768400.0,768400.0,12137.765718916868
5286,768400.0,0.0,768400.0,768400.0,12137.745661034203
5287,735704.0,0.0,735704.0,735704.0,12137.725603217823
5288,768400.0,0.0,768400.0,768400.0,12137.705545467716
5289,768400.0,0.0,768400.0,768400.0,12137.685487783892
5290,536762.0,0.0,536762.0,536762.0,9913.816764668303
5291,622953.0,0.0,622953.0,622953.0,11339.526999547546
5292,543275.0,0.0,543275.0,543275.0,10022.609456815044
5293,768400.0,0.0,768400.0,768400.0,12137.606292448027
5294,599673.0,0.0,599673.0,599673.0,10957.391774280075
5295,323657.0,0.0,323657.0,323657.0,6240.172053500163
5296,596380.0,0.0,596380.0,596380.0,10903.13598060617
5297,477691.0,0.0,477691.0,477691.0,8918.012854004986
5298,293150.0,0.0,293150.0,293150.0,5693.984420517268
5299,138638.0,0.0,138638.0,138638.0,2826.188514173248
5300,173281.0,0.0,173281.0,173281.0,3486.273238276709
5301,185312.0,0.0,185312.0,185312.0,3712.8777201616786
5302,278061.0,0.0,278061.0,278061.0,5421.652966077263
5303,277064.0,0.0,277064.0,277064.0,5403.600200197966
5304,212255.0,0.0,212255.0,212255.0,4215.920322931735
5305,115260.0,0.0,115260.0,115260.0,2373.493408182595
5306,115260.0,0.0,115260.0,115260.0,2373.4894806546354
5307,109544.0,0.0,109544.0,109544.0,2261.785905768195
5308,40398.0,0.0,40398.0,40398.0,836.0518109530192
5309,21395.0,0.0,21395.0,21395.0,443.9873884981454
5310,178762.0,0.0,178762.0,178762.0,3116.0126113891747
5311,487987.0,0.0,487987.0,487987.0,9092.007923555986
5312,553755.0,0.0,553755.0,553755.0,10196.451839206147
5313,579120.0,0.0,579120.0,579120.0,10617.358145798178
5314,588599.0,0.0,588599.0,588599.0,10773.952374843484
5315,601490.0,0.0,601490.0,601490.0,10986.330127237206
5316,636260.0,0.0,636260.0,636260.0,11555.889840120366
5317,618470.0,0.0,618470.0,618470.0,11265.041729776844
5318,589151.0,0.0,589151.0,589151.0,10782.989613666981
5319,665124.0,0.0,665124.0,665124.0,12025.122100419183
5320,557728.0,0.0,557728.0,557728.0,10262.425352673816
5321,452890.0,0.0,452890.0,452890.0,8494.313696891266
5322,97623.0,0.0,97623.0,97623.0,2023.1176688357848
5323,81270.0,0.0,81270.0,81270.0,1684.2528887495118
5324,45502.0,0.0,45502.0,45502.0,940.8625259021286
5325,48004.0,0.0,48004.0,48004.0,979.5583717346093
5326,53991.0,0.0,53991.0,53991.0,1101.3083468069406
5327,65347.0,0.0,65347.0,65347.0,1308.4014961510159
5328,0.0,0.0,0.0,0.0,-0.0
5329,0.0,0.0,0.0,0.0,-0.0
5330,0.0,0.0,0.0,0.0,-0.0
5331,0.0,0.0,0.0,0.0,-0.0
5332,0.0,0.0,0.0,0.0,-0.0
5333,21043.0,0.0,21043.0,21043.0,364.16247967219954
5334,191429.0,0.0,191429.0,191429.0,3322.1591593195008
5335,253139.0,0.0,253139.0,253139.0,4967.651712362973
5336,273850.0,0.0,273850.0,273850.0,5344.354791436519
5337,117915.0,0.0,117915.0,117915.0,2424.7404496635295
5338,220247.0,0.0,220247.0,220247.0,4363.166166079561
5339,414956.0,0.0,414956.0,414956.0,7840.84704983838
5340,638137.0,0.0,638137.0,638137.0,11585.214565107564
5341,519401.0,0.0,519401.0,519401.0,9620.777259454337
5342,295563.0,0.0,295563.0,295563.0,5736.187487272002
5343,321447.0,0.0,321447.0,321447.0,6199.460576364083
5344,452449.0,0.0,452449.0,452449.0,8485.808527801502
5345,430117.0,0.0,430117.0,430117.0,8102.450415177521
5346,193643.0,0.0,193643.0,193643.0,3868.2193840988507
5347,153440.0,0.0,153440.0,153440.0,3108.968681646113
5348,0.0,0.0,0.0,0.0,-0.0
5349,51240.0,0.0,51240.0,51240.0,885.428711692648
5350,132864.0,0.0,132864.0,132864.0,2488.214757281092
5351,142340.0,0.0,142340.0,142340.0,2896.39671910727
5352,199507.0,0.0,199507.0,199507.0,3977.444831338788
5353,114540.0,0.0,114540.0,114540.0,2358.715057521919
5354,111372.0,0.0,111372.0,111372.0,2296.844709029473
5355,184856.0,0.0,184856.0,184856.0,3703.1605706717787
5356,352933.0,0.0,352933.0,352933.0,6756.961402526281
5357,599660.0,0.0,599660.0,599660.0,10953.924347574079
5358,768400.0,0.0,768400.0,768400.0,12134.004193848823
5359,504799.0,0.0,504799.0,504799.0,9374.098168272543
5360,544468.0,0.0,544468.0,544468.0,10039.429521463244
5361,661920.0,0.0,661920.0,661920.0,11970.700989452569
5362,548810.0,0.0,548810.0,548810.0,10111.801550670816
5363,768400.0,0.0,768400.0,768400.0,12133.905392431583
5364,251669.0,0.0,251669.0,251669.0,4940.190593785568
5365,660810.0,0.0,660810.0,660810.0,11952.62466908411
5366,768400.0,0.0,768400.0,768400.0,12133.846929074485
5367,768400.0,0.0,768400.0,768400.0,12133.82688413806
5368,768400.0,0.0,768400.0,768400.0,12133.806839267847
5369,768400.0,0.0,768400.0,768400.0,12133.78679446385
5370,352278.0,0.0,352278.0,352278.0,6745.247229117985
5371,600686.0,0.0,600686.0,600686.0,10970.55199684308
5372,465372.0,0.0,465372.0,465372.0,8705.501738035333
5373,696396.0,0.0,696396.0,696396.0,12133.708716836438
5374,560170.0,0.0,560170.0,560170.0,10300.649271106338
5375,520642.0,0.0,520642.0,520642.0,9640.408397842864
5376,148075.0,0.0,148075.0,148075.0,3006.109833249449
5377,115260.0,0.0,115260.0,115260.0,2372.651047754537
5378,95776.0,0.0,95776.0,95776.0,1981.981031449535
5379,34652.0,0.0,34652.0,34652.0,718.2847646394972
5380,34801.0,0.0,34801.0,34801.0,721.2154398152838
5381,63180.0,0.0,63180.0,63180.0,1208.587621723665
5382,243886.0,0.0,243886.0,243886.0,4497.981626360972
5383,538032.0,0.0,538032.0,538032.0,9931.123123535564
5384,582409.0,0.0,582409.0,582409.0,10668.506777838016
5385,600000.0,0.0,600000.0,600000.0,10958.52066316844
5386,357579.0,0.0,357579.0,357579.0,6838.151075364105
5387,577826.0,0.0,577826.0,577826.0,10592.684438611885
5388,424223.0,0.0,424223.0,424223.0,7999.339918612838
5389,691871.0,0.0,691871.0,691871.0,12132.854172628293
5390,647180.0,0.0,647180.0,647180.0,11730.230100697125
5391,714248.0,0.0,714248.0,714248.0,12132.814168594221
5392,656598.0,0.0,656598.0,656598.0,11883.23019175747
5393,562027.0,0.0,562027.0,562027.0,10330.707618301094
5394,83552.0,0.0,83552.0,83552.0,1728.528453973255
5395,87993.0,0.0,87993.0,87993.0,1805.024412846179
5396,148223.0,0.0,148223.0,148223.0,2925.2287317494856
5397,131797.0,0.0,131797.0,131797.0,2693.130600777492
5398,32061.0,0.0,32061.0,32061.0,662.7347170293333
5399,0.0,0.0,0.0,0.0,-0.0
5400,26441.0,0.0,26441.0,26441.0,456.3597713955962
5401,0.0,0.0,0.0,0.0,-0.0
5402,0.0,0.0,0.0,0.0,-0.0
5403,0.0,0.0,0.0,0.0,-0.0
5404,0.0,0.0,0.0,0.0,-0.0
5405,13781.0,0.0,13781.0,13781.0,237.35813741083837
5406,178428.0,0.0,178428.0,178428.0,3059.237333992803
5407,486636.0,0.0,486636.0,486636.0,9065.092308147137
5408,566094.0,0.0,566094.0,566094.0,10397.003968075021
5409,589370.0,0.0,589370.0,589370.0,10781.99465757369
5410,462411.0,0.0,462411.0,462411.0,8653.242693462322
5411,143296.0,0.0,143296.0,143296.0,2913.9694886549246
5412,553403.0,0.0,553403.0,553403.0,10186.060418389143
5413,456935.0,0.0,456935.0,456935.0,8559.724399609533
5414,352706.0,0.0,352706.0,352706.0,6751.318620393463
5415,581973.0,0.0,581973.0,581973.0,10659.781803316102
5416,593077.0,0.0,593077.0,593077.0,10842.98447905227
5417,447505.0,0.0,447505.0,447505.0,8398.353908761923
5418,47922.0,0.0,47922.0,47922.0,992.5446894378648
5419,0.0,0.0,0.0,0.0,-0.0
5420,0.0,0.0,0.0,0.0,-0.0
5421,0.0,0.0,0.0,0.0,-0.0
5422,0.0,0.0,0.0,0.0,-0.0
5423,0.0,0.0,0.0,0.0,-0.0
5424,0.0,0.0,0.0,0.0,-0.0
5425,0.0,0.0,0.0,0.0,-0.0
5426,0.0,0.0,0.0,0.0,-0.0
5427,0.0,0.0,0.0,0.0,-0.0
5428,0.0,0.0,0.0,0.0,-0.0
5429,16883.0,0.0,16883.0,16883.0,292.00106936178156
5430,169059.0,0.0,169059.0,169059.0,2931.5640406325615
5431,464545.0,0.0,464545.0,464545.0,8688.854245800758
5432,543118.0,0.0,543118.0,543118.0,10013.789408274055
5433,574450.0,0.0,574450.0,574450.0,10534.486533829264
5434,588804.0,0.0,588804.0,588804.0,10771.646225891818
5435,595237.0,0.0,595237.0,595237.0,10877.649330657156
5436,563235.0,0.0,563235.0,563235.0,10348.52873686613
5437,583338.0,0.0,583338.0,583338.0,10681.376429494776
5438,573036.0,0.0,573036.0,573036.0,10510.98935514746
5439,590941.0,0.0,590941.0,590941.0,10806.79532988748
5440,513114.0,0.0,513114.0,513114.0,9511.03006712837
5441,380714.0,0.0,380714.0,380714.0,7242.198264220558
5442,46712.0,0.0,46712.0,46712.0,968.6271786218693
5443,0.0,0.0,0.0,0.0,-0.0
5444,0.0,0.0,0.0,0.0,-0.0
5445,0.0,0.0,0.0,0.0,-0.0
5446,0.0,0.0,0.0,0.0,-0.0
5447,0.0,0.0,0.0,0.0,-0.0
5448,0.0,0.0,0.0,0.0,-0.0
5449,0.0,0.0,0.0,0.0,-0.0
5450,21745.0,0.0,21745.0,21745.0,375.4725139349783
5451,29633.0,0.0,29633.0,29633.0,585.5125436745719
5452,85176.0,0.0,85176.0,85176.0,1573.2275197973347
5453,97827.0,0.0,97827.0,97827.0,1981.7985454351856
5454,290500.0,0.0,290500.0,290500.0,5602.9874875057885
5455,158001.0,0.0,158001.0,158001.0,3194.1123636238444
5456,181142.0,0.0,181142.0,181142.0,3631.7029846023074
5457,555752.0,0.0,555752.0,555752.0,10223.260578818328
5458,603227.0,0.0,603227.0,603227.0,11008.066745256463
5459,595987.0,0.0,595987.0,595987.0,10888.960098451602
5460,293577.0,0.0,293577.0,293577.0,5697.395052811363
5461,768400.0,0.0,768400.0,768400.0,12129.034583021099
5462,737608.0,0.0,737608.0,737608.0,12129.014553977282
5463,768400.0,0.0,768400.0,768400.0,12128.9945249996
5464,661563.0,0.0,661563.0,661563.0,11960.003214551853
5465,695482.0,0.0,695482.0,695482.0,12128.95450037426
5466,279440.0,0.0,279440.0,279440.0,5442.479437640198
5467,768400.0,0.0,768400.0,768400.0,12128.915937637792
5468,768400.0,0.0,768400.0,768400.0,12128.895908985742
5469,768400.0,0.0,768400.0,768400.0,12128.875880399828
5470,768400.0,0.0,768400.0,768400.0,12128.85585188004
5471,768400.0,0.0,768400.0,768400.0,12128.835823426385
5472,768400.0,0.0,768400.0,768400.0,12128.815795038865
5473,768400.0,0.0,768400.0,768400.0,12128.795766717481
5474,768400.0,0.0,768400.0,768400.0,12128.775738462225
5475,768400.0,0.0,768400.0,768400.0,12128.755710273104
5476,768400.0,0.0,768400.0,768400.0,12128.735682150113
5477,768400.0,0.0,768400.0,768400.0,12128.715654093254
5478,768400.0,0.0,768400.0,768400.0,12128.695626102526
5479,768400.0,0.0,768400.0,768400.0,12128.675598177924
5480,768400.0,0.0,768400.0,768400.0,12128.655570319459
5481,768400.0,0.0,768400.0,768400.0,12128.63554252712
5482,768400.0,0.0,768400.0,768400.0,12128.615514800911
5483,768400.0,0.0,768400.0,768400.0,12128.595487140834
5484,768400.0,0.0,768400.0,768400.0,12128.575459546882
5485,768400.0,0.0,768400.0,768400.0,12128.555432019066
5486,768400.0,0.0,768400.0,768400.0,12128.535404557371
5487,768400.0,0.0,768400.0,768400.0,12128.515377161804
5488,768400.0,0.0,768400.0,768400.0,12128.495349832368
5489,768400.0,0.0,768400.0,768400.0,12128.47532256906
5490,768400.0,0.0,768400.0,768400.0,12128.455295371876
5491,768400.0,0.0,768400.0,768400.0,12128.435268240817
5492,768400.0,0.0,768400.0,768400.0,12128.415241175891
5493,768400.0,0.0,768400.0,768400.0,12128.395214177084
5494,768400.0,0.0,768400.0,768400.0,12128.375187244406
5495,768400.0,0.0,768400.0,768400.0,12128.355160377854
5496,768400.0,0.0,768400.0,768400.0,12128.335133577428
5497,768400.0,0.0,768400.0,768400.0,12128.315106843123
5498,768400.0,0.0,768400.0,768400.0,12128.295080174945
5499,768400.0,0.0,768400.0,768400.0,12128.275053572892
5500,768400.0,0.0,768400.0,768400.0,12128.25502703696
5501,768400.0,0.0,768400.0,768400.0,12128.23500056715
5502,768400.0,0.0,768400.0,768400.0,12128.214974163468
5503,768400.0,0.0,768400.0,768400.0,12128.194947825907
5504,768400.0,0.0,768400.0,768400.0,12128.174921554464
5505,768400.0,0.0,768400.0,768400.0,12128.15489534915
5506,768400.0,0.0,768400.0,768400.0,12128.134869209951
5507,768400.0,0.0,768400.0,768400.0,12128.114843136882
5508,768400.0,0.0,768400.0,768400.0,12128.094817129926
5509,768400.0,0.0,768400.0,768400.0,12128.074791189092
5510,768400.0,0.0,768400.0,768400.0,12128.054765314382
5511,768400.0,0.0,768400.0,768400.0,12128.034739505792
5512,768400.0,0.0,768400.0,768400.0,12128.014713763318
5513,768400.0,0.0,768400.0,768400.0,12127.994688086967
5514,768400.0,0.0,768400.0,768400.0,12127.97466247673
5515,768400.0,0.0,768400.0,768400.0,12127.954636932618
5516,768400.0,0.0,768400.0,768400.0,12127.93461145462
5517,768400.0,0.0,768400.0,768400.0,12127.914586042745
5518,768400.0,0.0,768400.0,768400.0,12127.894560696985
5519,768400.0,0.0,768400.0,768400.0,12127.874535417344
5520,768400.0,0.0,768400.0,768400.0,12127.85451020382
5521,768400.0,0.0,768400.0,768400.0,12127.834485056408
5522,768400.0,0.0,768400.0,768400.0,12127.814459975116
5523,768400.0,0.0,768400.0,768400.0,12127.794434959942
5524,768400.0,0.0,768400.0,768400.0,12127.774410010881
5525,768400.0,0.0,768400.0,768400.0,12127.754385127939
5526,768400.0,0.0,768400.0,768400.0,12127.73436031111
5527,303639.0,0.0,303639.0,303639.0,5877.319938438855
5528,280518.0,0.0,280518.0,280518.0,5461.356311674919
5529,583842.0,0.0,583842.0,583842.0,10687.465754193467
5530,623866.0,0.0,623866.0,623866.0,11345.052126518623
5531,682870.0,0.0,682870.0,682870.0,12127.637547222048
5532,667741.0,0.0,667741.0,667741.0,12058.721126754705
5533,694359.0,0.0,694359.0,694359.0,12127.597511915674
5534,673339.0,0.0,673339.0,673339.0,12127.57748761678
5535,666314.0,0.0,666314.0,666314.0,12035.56246237685
5536,633783.0,0.0,633783.0,633783.0,11506.897590950235
5537,528668.0,0.0,528668.0,528668.0,9769.942166785097
5538,403989.0,0.0,403989.0,403989.0,7645.72464919497
5539,437673.0,0.0,437673.0,437673.0,8227.061728010223
5540,660744.0,0.0,660744.0,660744.0,11945.232211338876
5541,768400.0,0.0,768400.0,768400.0,12127.439730815484
5542,768400.0,0.0,768400.0,768400.0,12127.419707037516
5543,768400.0,0.0,768400.0,768400.0,12127.39968332566
5544,768400.0,0.0,768400.0,768400.0,12127.369172488567
5545,768400.0,0.0,768400.0,768400.0,12127.349148943538
5546,768400.0,0.0,768400.0,768400.0,12127.329125464623
5547,768400.0,0.0,768400.0,768400.0,12127.309102051811
5548,768400.0,0.0,768400.0,768400.0,12127.289078705107
5549,768400.0,0.0,768400.0,768400.0,12127.269055424516
5550,768400.0,0.0,768400.0,768400.0,12127.249032210031
5551,768400.0,0.0,768400.0,768400.0,12127.229009061652
5552,768400.0,0.0,768400.0,768400.0,12127.208985979378
5553,768400.0,0.0,768400.0,768400.0,12127.18896296321
5554,768400.0,0.0,768400.0,768400.0,12127.168940013153
5555,768400.0,0.0,768400.0,768400.0,12127.148917129198
5556,768400.0,0.0,768400.0,768400.0,12127.128894311347
5557,768400.0,0.0,768400.0,768400.0,12127.1088715596
5558,768400.0,0.0,768400.0,768400.0,12127.08884887396
5559,768400.0,0.0,768400.0,768400.0,12127.06882625442
5560,768400.0,0.0,768400.0,768400.0,12127.048803700996
5561,768400.0,0.0,768400.0,768400.0,12127.028781213661
5562,537312.0,0.0,537312.0,537312.0,9914.105058177165
5563,768400.0,0.0,768400.0,768400.0,12126.989183496615
5564,768400.0,0.0,768400.0,768400.0,12126.969161206125
5565,768400.0,0.0,768400.0,768400.0,12126.949138981725
5566,768400.0,0.0,768400.0,768400.0,12126.929116823438
5567,768400.0,0.0,768400.0,768400.0,12126.909094731247
5568,768400.0,0.0,768400.0,768400.0,12126.88907270516
5569,768400.0,0.0,768400.0,768400.0,12126.869050745174
5570,768400.0,0.0,768400.0,768400.0,12126.849028851288
5571,768400.0,0.0,768400.0,768400.0,12126.829007023503
5572,768400.0,0.0,768400.0,768400.0,12126.80898526182
5573,768400.0,0.0,768400.0,768400.0,12126.788963566232
5574,768400.0,0.0,768400.0,768400.0,12126.768941936745
5575,302033.0,0.0,302033.0,302033.0,5848.0366638792975
5576,587496.0,0.0,587496.0,587496.0,10746.919235629317
5577,633536.0,0.0,633536.0,633536.0,11502.079229232046
5578,736500.0,0.0,736500.0,736500.0,12126.6906403805
5579,768400.0,0.0,768400.0,768400.0,12126.670619075621
5580,768400.0,0.0,768400.0,768400.0,12126.650597836831
5581,754841.0,0.0,754841.0,754841.0,12126.630576664142
5582,768400.0,0.0,768400.0,768400.0,12126.610555557549
5583,768400.0,0.0,768400.0,768400.0,12126.590534517054
5584,722557.0,0.0,722557.0,722557.0,12126.57051354265
5585,768400.0,0.0,768400.0,768400.0,12126.550492634346
5586,486430.0,0.0,486430.0,486430.0,9057.848072685147
5587,754540.0,0.0,754540.0,754540.0,12126.511080162942
5588,768400.0,0.0,768400.0,768400.0,12126.491059450846
5589,768400.0,0.0,768400.0,768400.0,12126.471038804846
5590,766232.0,0.0,766232.0,766232.0,12126.451018224936
5591,768400.0,0.0,768400.0,768400.0,12126.430997711126
5592,768400.0,0.0,768400.0,768400.0,12126.410977263406
5593,499245.0,0.0,499245.0,499245.0,9274.399750048213
5594,149757.0,0.0,149757.0,149757.0,3036.2114177778867
5595,115260.0,0.0,115260.0,115260.0,2371.0229308828266
5596,115260.0,0.0,115260.0,115260.0,2371.0190114837746
5597,96889.0,0.0,96889.0,96889.0,2006.7386905209416
5598,207388.0,0.0,207388.0,207388.0,4092.74812641162
5599,497375.0,0.0,497375.0,497375.0,9242.719407373988
5600,573400.0,0.0,573400.0,573400.0,10513.555605139218
5601,599382.0,0.0,599382.0,599382.0,10942.214944438172
5602,600000.0,0.0,600000.0,600000.0,10952.35977781972
5603,628689.0,0.0,628689.0,628689.0,11422.455473139085
5604,600000.0,0.0,600000.0,600000.0,10952.323533299483
5605,600000.0,0.0,600000.0,600000.0,10952.305454250814
5606,596791.0,0.0,596791.0,596791.0,10899.49952022001
5607,610065.0,0.0,610065.0,610065.0,11117.569748055916
5608,526594.0,0.0,526594.0,526594.0,9734.01121988486
5609,374870.0,0.0,374870.0,374870.0,7137.474137502255
5610,35590.0,0.0,35590.0,35590.0,736.2151745379601
5611,0.0,0.0,0.0,0.0,-0.0
5612,0.0,0.0,0.0,0.0,-0.0
5613,0.0,0.0,0.0,0.0,-0.0
5614,32637.0,0.0,32637.0,32637.0,561.2582618746511
5615,80355.0,0.0,80355.0,80355.0,1489.3941030478345
5616,100596.0,0.0,100596.0,100596.0,2019.2138456000882
5617,56995.0,0.0,56995.0,56995.0,1179.1435512271632
5618,70162.0,0.0,70162.0,70162.0,1405.7692651442362
5619,86176.0,0.0,86176.0,86176.0,1723.7913714545398
5620,126645.0,0.0,126645.0,126645.0,2519.8183119052137
5621,192149.0,0.0,192149.0,192149.0,3836.6296255811408
5622,399005.0,0.0,399005.0,399005.0,7557.373968656519
5623,758604.0,0.0,758604.0,758604.0,12124.677612923279
5624,766527.0,0.0,766527.0,766527.0,12124.657598262236
5625,683149.0,0.0,683149.0,683149.0,12124.637583667265
5626,735931.0,0.0,735931.0,735931.0,12124.617569138358
5627,713256.0,0.0,713256.0,713256.0,12124.597554675513
5628,699026.0,0.0,699026.0,699026.0,12124.577540278731
5629,648083.0,0.0,648083.0,648083.0,11736.875813647404
5630,747644.0,0.0,747644.0,747644.0,12124.537587890802
5631,768400.0,0.0,768400.0,768400.0,12124.51757369196
5632,768400.0,0.0,768400.0,768400.0,12124.497559559177
5633,655420.0,0.0,655420.0,655420.0,11855.952760867844
5634,457637.0,0.0,457637.0,457637.0,8566.709959615842
5635,768400.0,0.0,768400.0,768400.0,12124.43830626399
5636,768400.0,0.0,768400.0,768400.0,12124.41829239285
5637,768400.0,0.0,768400.0,768400.0,12124.39827858777
5638,768400.0,0.0,768400.0,768400.0,12124.378264848754
5639,768400.0,0.0,768400.0,768400.0,12124.358251175794
5640,768400.0,0.0,768400.0,768400.0,12124.338237568893
5641,768400.0,0.0,768400.0,768400.0,12124.318224028055
5642,768400.0,0.0,768400.0,768400.0,12124.298210553277
5643,768400.0,0.0,768400.0,768400.0,12124.278197144551
5644,768400.0,0.0,768400.0,768400.0,12124.258183801892
5645,768400.0,0.0,768400.0,768400.0,12124.238170525283
5646,768400.0,0.0,768400.0,768400.0,12124.218157314739
5647,768400.0,0.0,768400.0,768400.0,12124.198144170248
5648,768400.0,0.0,768400.0,768400.0,12124.178131091816
5649,768400.0,0.0,768400.0,768400.0,12124.15811807944
5650,768400.0,0.0,768400.0,768400.0,12124.138105133117
5651,768400.0,0.0,768400.0,768400.0,12124.118092252857
5652,768400.0,0.0,768400.0,768400.0,12124.098079438649
5653,768400.0,0.0,768400.0,768400.0,12124.078066690496
5654,768400.0,0.0,768400.0,768400.0,12124.058054008397
5655,768400.0,0.0,768400.0,768400.0,12124.038041392356
5656,768400.0,0.0,768400.0,768400.0,12124.018028842369
5657,768400.0,0.0,768400.0,768400.0,12123.998016358433
5658,768400.0,0.0,768400.0,768400.0,12123.97800394055
5659,768400.0,0.0,768400.0,768400.0,12123.957991588726
5660,768400.0,0.0,768400.0,768400.0,12123.937979302955
5661,768400.0,0.0,768400.0,768400.0,12123.91796708323
5662,768400.0,0.0,768400.0,768400.0,12123.897954929562
5663,768400.0,0.0,768400.0,768400.0,12123.877942841948
5664,768400.0,0.0,768400.0,768400.0,12123.857930820386
5665,768400.0,0.0,768400.0,768400.0,12123.837918864872
5666,768400.0,0.0,768400.0,768400.0,12123.817906975408
5667,768400.0,0.0,768400.0,768400.0,12123.797895152002
5668,768400.0,0.0,768400.0,768400.0,12123.77788339464
5669,564495.0,0.0,564495.0,564495.0,10363.840052553414
5670,385079.0,0.0,385079.0,385079.0,7314.378347708573
5671,768400.0,0.0,768400.0,768400.0,12123.719222923142
5672,460267.0,0.0,460267.0,460267.0,8611.031391385299
5673,768400.0,0.0,768400.0,768400.0,12123.67992599641
5674,727531.0,0.0,727531.0,727531.0,12123.659914628413
5675,644840.0,0.0,644840.0,644840.0,11683.25564477816
5676,736380.0,0.0,736380.0,736380.0,12123.619978712375
5677,648323.0,0.0,648323.0,648323.0,11739.845986885899
5678,603404.0,0.0,603404.0,603404.0,11005.915549496616
5679,654483.0,0.0,654483.0,654483.0,11839.848601901926
5680,561330.0,0.0,561330.0,561330.0,10311.133407151558
5681,351633.0,0.0,351633.0,351633.0,6727.836907738358
5682,408198.0,0.0,408198.0,408198.0,7716.021363468149
5683,559594.0,0.0,559594.0,559594.0,10282.259959113955
5684,343267.0,0.0,343267.0,343267.0,6580.1418496360075
5685,548832.0,0.0,548832.0,548832.0,10103.254756957695
5686,117759.0,0.0,117759.0,117759.0,2419.0083254312867
5687,102000.0,0.0,102000.0,102000.0,2110.880927563848
5688,32013.0,0.0,32013.0,32013.0,661.2055947757996
5689,0.0,0.0,0.0,0.0,-0.0
5690,0.0,0.0,0.0,0.0,-0.0
5691,0.0,0.0,0.0,0.0,-0.0
5692,0.0,0.0,0.0,0.0,-0.0
5693,0.0,0.0,0.0,0.0,-0.0
5694,133917.0,0.0,133917.0,133917.0,2276.2130167324253
5695,366500.0,0.0,366500.0,366500.0,6988.643427945221
5696,425727.0,0.0,425727.0,425727.0,8018.100045379122
5697,511393.0,0.0,511393.0,511393.0,9475.93363602239
5698,543483.0,0.0,543483.0,543483.0,10013.274077679655
5699,546808.0,0.0,546808.0,546808.0,10068.677428027459
5700,424951.0,0.0,424951.0,424951.0,8004.676792798315
5701,395958.0,0.0,395958.0,395958.0,7502.926760461285
5702,232184.0,0.0,232184.0,232184.0,4578.1362414906625
5703,463396.0,0.0,463396.0,463396.0,8663.381049963642
5704,142360.0,0.0,142360.0,142360.0,2893.5958357832365
5705,29070.0,0.0,29070.0,29070.0,598.5681948602229
5706,41292.0,0.0,41292.0,41292.0,805.0956082270916
5707,768400.0,0.0,768400.0,768400.0,10860.03093734895
5708,86017.0,0.0,86017.0,86017.0,1779.4928537992737
5709,54991.0,0.0,54991.0,54991.0,1139.4103296664937
5710,461249.0,0.0,461249.0,461249.0,7967.847890833805
5711,714173.0,0.0,714173.0,714173.0,12121.198256882491
5712,521510.0,0.0,521510.0,521510.0,9644.77955702231
5713,259032.0,0.0,259032.0,259032.0,5068.724679213894
5714,148799.0,0.0,148799.0,148799.0,3016.4434451572333
5715,142873.0,0.0,142873.0,142873.0,2903.0958791265302
5716,141377.0,0.0,141377.0,141377.0,2874.4202973618467
5717,28681.0,0.0,28681.0,28681.0,590.9669953547578
5718,140419.0,0.0,140419.0,140419.0,2499.1154335347865
5719,413919.0,0.0,413919.0,413919.0,7812.927580494492
5720,503076.0,0.0,503076.0,503076.0,9334.26660417527
5721,536664.0,0.0,536664.0,536664.0,9897.733184832434
5722,551436.0,0.0,551436.0,551436.0,10143.963217827028
5723,552736.0,0.0,552736.0,552736.0,10165.572194939288
5724,557450.0,0.0,557450.0,557450.0,10243.912956166667
5725,549754.0,0.0,549754.0,549754.0,10115.921988321146
5726,542991.0,0.0,542991.0,542991.0,10003.236164669697
5727,521340.0,0.0,521340.0,521340.0,9641.181721118692
5728,461838.0,0.0,461838.0,461838.0,8635.261570965447
5729,294979.0,0.0,294979.0,294979.0,5718.1145231694345
5730,32099.0,0.0,32099.0,32099.0,662.7761978737005
5731,0.0,0.0,0.0,0.0,-0.0
5732,0.0,0.0,0.0,0.0,-0.0
5733,0.0,0.0,0.0,0.0,-0.0
5734,0.0,0.0,0.0,0.0,-0.0
5735,0.0,0.0,0.0,0.0,-0.0
5736,0.0,0.0,0.0,0.0,-0.0
5737,0.0,0.0,0.0,0.0,-0.0
5738,0.0,0.0,0.0,0.0,-0.0
5739,23686.0,0.0,23686.0,23686.0,406.8798959973427
5740,0.0,0.0,0.0,0.0,-0.0
5741,0.0,0.0,0.0,0.0,-0.0
5742,3253.0,0.0,3253.0,3253.0,-0.0
5743,194495.0,0.0,194495.0,194495.0,3232.0945723498985
5744,384204.0,0.0,384204.0,384204.0,7296.189411561185
5745,526812.0,0.0,526812.0,526812.0,9731.933818134863
5746,544469.0,0.0,544469.0,544469.0,10026.874373760704
5747,477047.0,0.0,477047.0,477047.0,8893.06265446416
5748,487229.0,0.0,487229.0,487229.0,9065.602699432515
5749,410201.0,0.0,410201.0,410201.0,7747.703472718109
5750,322917.0,0.0,322917.0,322917.0,6216.822036659634
5751,466764.0,0.0,466764.0,466764.0,8718.241783805963
5752,545113.0,0.0,545113.0,545113.0,10037.50904452097
5753,317655.0,0.0,317655.0,317655.0,6123.110672184886
5754,172222.0,0.0,172222.0,172222.0,3460.3528798293055
5755,357065.0,0.0,357065.0,357065.0,6820.752298498717
5756,471646.0,0.0,471646.0,471646.0,8801.204775406306
5757,0.0,0.0,0.0,0.0,-0.0
5758,96334.0,0.0,96334.0,96334.0,1658.3496085287254
5759,29760.0,0.0,29760.0,29760.0,616.6982805145523
5760,282342.0,0.0,282342.0,282342.0,4841.724106529711
5761,0.0,0.0,0.0,0.0,-0.0
5762,0.0,0.0,0.0,0.0,-0.0
5763,100190.0,0.0,100190.0,100190.0,1724.7569257829207
5764,595361.0,0.0,595361.0,595361.0,10791.966590739105
5765,602266.0,0.0,602266.0,602266.0,10980.76478726635
5766,644323.0,0.0,644323.0,644323.0,11667.95716889652
5767,199604.0,0.0,199604.0,199604.0,3972.8667686336566
5768,396499.0,0.0,396499.0,396499.0,7508.4824782760015
5769,280923.0,0.0,280923.0,280923.0,5463.2031360721085
5770,48153.0,0.0,48153.0,48153.0,995.8007577695498
5771,158804.0,0.0,158804.0,158804.0,2916.4343895269894
5772,144181.0,0.0,144181.0,144181.0,2926.73600020153
5773,153412.0,0.0,153412.0,153412.0,3102.92828605072
5774,421124.0,0.0,421124.0,421124.0,7934.253379788438
5775,768400.0,0.0,768400.0,768400.0,12115.895516886108
5776,703084.0,0.0,703084.0,703084.0,12115.875531197495
5777,378794.0,0.0,378794.0,378794.0,7199.712776077849
5778,768400.0,0.0,768400.0,768400.0,12115.836606162839
5779,347100.0,0.0,347100.0,347100.0,6643.391595548563
5780,396353.0,0.0,396353.0,396353.0,7505.502732745165
5781,224050.0,0.0,224050.0,224050.0,4425.671711125885
5782,115260.0,0.0,115260.0,115260.0,2368.6503426364357
5783,124797.0,0.0,124797.0,124797.0,2553.7367416104894
5784,352409.0,0.0,352409.0,352409.0,6736.91521012307
5785,286697.0,0.0,286697.0,286697.0,5566.914652164524
5786,223126.0,0.0,223126.0,223126.0,4408.594267661366
5787,460022.0,0.0,460022.0,460022.0,8600.940005735209
5788,768400.0,0.0,768400.0,768400.0,12115.650771685672
5789,451227.0,0.0,451227.0,451227.0,8450.787360283442
5790,317760.0,0.0,317760.0,317760.0,6123.176471634342
5791,546869.0,0.0,546869.0,546869.0,10063.89890882979
5792,430935.0,0.0,430935.0,430935.0,8102.926886744157
5793,654299.0,0.0,654299.0,654299.0,11829.023927607956
5794,648506.0,0.0,648506.0,648506.0,11734.978728973805
5795,638731.0,0.0,638731.0,638731.0,11576.015150537149
5796,638247.0,0.0,638247.0,638247.0,11568.116654488436
5797,626730.0,0.0,626730.0,626730.0,11380.338593062417
5798,572749.0,0.0,572749.0,572749.0,10493.295593951854
5799,552986.0,0.0,552986.0,552986.0,10165.5414973572
5800,462763.0,0.0,462763.0,462763.0,8647.461878705542
5801,318291.0,0.0,318291.0,318291.0,6132.5180138941305
5802,115260.0,0.0,115260.0,115260.0,2368.5645537117143
5803,553249.0,0.0,553249.0,553249.0,10169.849577670451
5804,751559.0,0.0,751559.0,751559.0,12115.340481774254
5805,768400.0,0.0,768400.0,768400.0,12115.320497916342
5806,768400.0,0.0,768400.0,768400.0,12115.300514124337
5807,768400.0,0.0,768400.0,768400.0,12115.280530398248
5808,768400.0,0.0,768400.0,768400.0,12115.260546738067
5809,768400.0,0.0,768400.0,768400.0,12115.240563143798
5810,768400.0,0.0,768400.0,768400.0,12115.220579615438
5811,673717.0,0.0,673717.0,673717.0,12115.200596152992
5812,695094.0,0.0,695094.0,695094.0,12115.18061275646
5813,663175.0,0.0,663175.0,663175.0,11972.457147503572
5814,530022.0,0.0,530022.0,530022.0,9782.379820270342
5815,768400.0,0.0,768400.0,768400.0,12115.121162613357
5816,768400.0,0.0,768400.0,768400.0,12115.101179478814
5817,677410.0,0.0,677410.0,677410.0,12115.081196410176
5818,768400.0,0.0,768400.0,768400.0,12115.061213407444
5819,768400.0,0.0,768400.0,768400.0,12115.041230470619
5820,768400.0,0.0,768400.0,768400.0,12115.021247599705
5821,702960.0,0.0,702960.0,702960.0,12115.001264794699
5822,625525.0,0.0,625525.0,625525.0,11360.198173634682
5823,115260.0,0.0,115260.0,115260.0,2368.471368039718
5824,95838.0,0.0,95838.0,95838.0,1979.709095104451
5825,338003.0,0.0,338003.0,338003.0,6392.286768840824
5826,768400.0,0.0,768400.0,768400.0,12114.83774039552
5827,142578.0,0.0,142578.0,142578.0,2895.7435356378764
5828,490306.0,0.0,490306.0,490306.0,9114.357955100477
5829,768400.0,0.0,768400.0,768400.0,12114.780707187425
5830,197089.0,0.0,197089.0,197089.0,3925.361908047528
5831,163486.0,0.0,163486.0,163486.0,3293.892721634716
5832,115260.0,0.0,115260.0,115260.0,2368.4183891725015
5833,103767.0,0.0,103767.0,103767.0,2143.8240873288764
5834,62167.0,0.0,62167.0,62167.0,1284.0313123292526
5835,456221.0,0.0,456221.0,456221.0,7943.243541750146
5836,460450.0,0.0,460450.0,460450.0,8607.228317162397
5837,458752.0,0.0,458752.0,458752.0,8578.266398337964
5838,679993.0,0.0,679993.0,679993.0,12114.263901747297
5839,620116.0,0.0,620116.0,620116.0,11271.125535868117
5840,623013.0,0.0,623013.0,623013.0,11318.454311518239
5841,768400.0,0.0,768400.0,768400.0,12114.204284801002
5842,510638.0,0.0,510638.0,510638.0,9456.593624518851
5843,768400.0,0.0,768400.0,768400.0,12114.16486496916
5844,768400.0,0.0,768400.0,768400.0,12114.144884986537
5845,768400.0,0.0,768400.0,768400.0,12114.124905069815
5846,768400.0,0.0,768400.0,768400.0,12114.104925218979
5847,520519.0,0.0,520519.0,520519.0,9622.388497401233
5848,574102.0,0.0,574102.0,574102.0,10514.447818550485
5849,736754.0,0.0,736754.0,736754.0,12114.045810881875
5850,455041.0,0.0,455041.0,455041.0,8514.764362954384
5851,615323.0,0.0,615323.0,615323.0,11192.497212939244
5852,259874.0,0.0,259874.0,259874.0,5080.784015761376
5853,250974.0,0.0,250974.0,250974.0,4918.690398784063
5854,216690.0,0.0,216690.0,216690.0,4289.040979041923
5855,261510.0,0.0,261510.0,261510.0,5110.4944626513325
5856,160778.0,0.0,160778.0,160778.0,3242.314110825462
5857,126185.0,0.0,126185.0,126185.0,2580.134453530126
5858,172868.0,0.0,172868.0,172868.0,3470.923311898294
5859,121764.0,0.0,121764.0,121764.0,2494.551793446331
5860,115260.0,0.0,115260.0,115260.0,2368.2208696265393
5861,156037.0,0.0,156037.0,156037.0,3152.261123016958
5862,342800.0,0.0,342800.0,342800.0,6566.323043530592
5863,115260.0,0.0,115260.0,115260.0,2368.208772525473
5864,115260.0,0.0,115260.0,115260.0,2368.204862374214
5865,193255.0,0.0,193255.0,193255.0,3853.4483386584425
5866,403067.0,0.0,403067.0,403067.0,7620.645955448023
5867,619271.0,0.0,619271.0,619271.0,11256.814991681491
5868,639580.0,0.0,639580.0,639580.0,11588.087067830496
5869,600000.0,0.0,600000.0,600000.0,10940.927358560371
5870,614339.0,0.0,614339.0,614339.0,11176.064179114053
5871,599841.0,0.0,599841.0,599841.0,10938.27908917506
5872,527099.0,0.0,527099.0,527099.0,9732.22230176219
5873,330464.0,0.0,330464.0,330464.0,6347.870853836771
5874,15698.0,0.0,15698.0,15698.0,321.7413826847769
5875,0.0,0.0,0.0,0.0,-0.0
5876,0.0,0.0,0.0,0.0,-0.0
5877,0.0,0.0,0.0,0.0,-0.0
5878,0.0,0.0,0.0,0.0,-0.0
5879,0.0,0.0,0.0,0.0,-0.0
5880,14966.0,0.0,14966.0,14966.0,256.25605439411174
5881,50229.0,0.0,50229.0,50229.0,910.6375412867167
5882,58260.0,0.0,58260.0,58260.0,1171.9497335487217
5883,81842.0,0.0,81842.0,81842.0,1602.8914251740728
5884,140387.0,0.0,140387.0,140387.0,2754.327819227355
5885,201153.0,0.0,201153.0,201153.0,4000.3133543265662
5886,381971.0,0.0,381971.0,381971.0,7253.138260917382
5887,768400.0,0.0,768400.0,768400.0,12112.617000371958
5888,768400.0,0.0,768400.0,768400.0,12112.597025493904
5889,693604.0,0.0,693604.0,693604.0,12112.57705068171
5890,700710.0,0.0,700710.0,700710.0,12112.557075935394
5891,767146.0,0.0,767146.0,767146.0,12112.537101254933
5892,764584.0,0.0,764584.0,764584.0,12112.517126640349
5893,768400.0,0.0,768400.0,768400.0,12112.497152091622
5894,768400.0,0.0,768400.0,768400.0,12112.477177608765
5895,768400.0,0.0,768400.0,768400.0,12112.457203191774
5896,768400.0,0.0,768400.0,768400.0,12112.437228840647
5897,612350.0,0.0,612350.0,612350.0,11142.342309320878
5898,768400.0,0.0,768400.0,768400.0,12112.397472364913
5899,768400.0,0.0,768400.0,768400.0,12112.37749821075
5900,768400.0,0.0,768400.0,768400.0,12112.35752412245
5901,768400.0,0.0,768400.0,768400.0,12112.337550100016
5902,768400.0,0.0,768400.0,768400.0,12112.317576143443
5903,705142.0,0.0,705142.0,705142.0,12112.297602252731
5904,607338.0,0.0,607338.0,607338.0,11060.079314323688
5905,512668.0,0.0,512668.0,512668.0,9489.157646913172
5906,610886.0,0.0,610886.0,610886.0,11118.195524124947
5907,534651.0,0.0,534651.0,534651.0,9857.317128125658
5908,479274.0,0.0,479274.0,479274.0,8925.615411476832
5909,510653.0,0.0,510653.0,510653.0,9455.238044222811
5910,593248.0,0.0,593248.0,593248.0,10828.538380302967
5911,656451.0,0.0,656451.0,656451.0,11860.570109267925
5912,502943.0,0.0,502943.0,502943.0,9325.475288169138
5913,548583.0,0.0,548583.0,548583.0,10089.465289428159
5914,574883.0,0.0,574883.0,574883.0,10525.60872529812
5915,600000.0,0.0,600000.0,600000.0,10939.451774024074
5916,600000.0,0.0,600000.0,600000.0,10939.433737427396
5917,600000.0,0.0,600000.0,600000.0,10939.415700890182
5918,600000.0,0.0,600000.0,600000.0,10939.397664412425
5919,581346.0,0.0,581346.0,581346.0,10632.260482843405
5920,548146.0,0.0,548146.0,548146.0,10082.076136667156
5921,350844.0,0.0,350844.0,350844.0,6707.124942003272
5922,115260.0,0.0,115260.0,115260.0,2367.791424425026
5923,210916.0,0.0,210916.0,210916.0,4181.361105688253
5924,345686.0,0.0,345686.0,345686.0,6616.161957135387
5925,266634.0,0.0,266634.0,266634.0,5202.550242784926
5926,170875.0,0.0,170875.0,170875.0,3432.6870628668685
5927,196111.0,0.0,196111.0,196111.0,3906.075040202816
5928,154792.0,0.0,154792.0,154792.0,3128.0004702910223
5929,284152.0,0.0,284152.0,284152.0,5519.145969511135
5930,179826.0,0.0,179826.0,179826.0,3601.202415946869
5931,236557.0,0.0,236557.0,236557.0,4654.0289716075295
5932,256935.0,0.0,256935.0,256935.0,5026.308296205898
5933,297857.0,0.0,297857.0,297857.0,5765.436879028935
5934,606515.0,0.0,606515.0,606515.0,11046.057107538387
5935,768400.0,0.0,768400.0,768400.0,12111.687250413326
5936,768400.0,0.0,768400.0,768400.0,12111.667278601028
5937,720832.0,0.0,720832.0,720832.0,12111.647306854582
5938,768397.0,0.0,768397.0,768397.0,12111.627335173995
5939,734981.0,0.0,734981.0,734981.0,12111.607363559253
5940,689124.0,0.0,689124.0,689124.0,12111.587392010366
5941,732274.0,0.0,732274.0,732274.0,12111.567420527332
5942,707852.0,0.0,707852.0,707852.0,12111.547449110149
5943,670963.0,0.0,670963.0,670963.0,12094.778060592145
5944,635396.0,0.0,635396.0,635396.0,11517.871337552737
5945,473647.0,0.0,473647.0,473647.0,8829.617741419954
5946,449714.0,0.0,449714.0,449714.0,8421.915445686227
5947,768400.0,0.0,768400.0,768400.0,12111.449152199837
5948,768400.0,0.0,768400.0,768400.0,12111.429181172609
5949,768400.0,0.0,768400.0,768400.0,12111.409210211234
5950,768400.0,0.0,768400.0,768400.0,12111.389239315704
5951,768400.0,0.0,768400.0,768400.0,12111.369268486018
5952,768400.0,0.0,768400.0,768400.0,12111.349297722189
5953,768400.0,0.0,768400.0,768400.0,12111.3293270242
5954,768400.0,0.0,768400.0,768400.0,12111.30935639206
5955,768400.0,0.0,768400.0,768400.0,12111.289385825761
5956,768400.0,0.0,768400.0,768400.0,12111.269415325318
5957,768400.0,0.0,768400.0,768400.0,12111.24944489072
5958,768400.0,0.0,768400.0,768400.0,12111.229474521966
5959,768400.0,0.0,768400.0,768400.0,12111.20950421905
5960,768400.0,0.0,768400.0,768400.0,12111.189533981988
5961,768400.0,0.0,768400.0,768400.0,12111.169563810767
5962,768400.0,0.0,768400.0,768400.0,12111.149593705395
5963,768400.0,0.0,768400.0,768400.0,12111.129623665864
5964,768400.0,0.0,768400.0,768400.0,12111.109653692176
5965,768400.0,0.0,768400.0,768400.0,12111.08968378433
5966,659149.0,0.0,659149.0,659149.0,11903.231032492607
5967,489028.0,0.0,489028.0,489028.0,9089.848143108504
5968,390273.0,0.0,390273.0,390273.0,7396.731064237061
5969,300057.0,0.0,300057.0,300057.0,5804.500484013397
5970,115260.0,0.0,115260.0,115260.0,2367.5826694846683
5971,27773.0,0.0,27773.0,27773.0,572.7524974623135
5972,6465.0,0.0,6465.0,6465.0,130.89858426773344
5973,0.0,0.0,0.0,0.0,-0.0
5974,112871.0,0.0,112871.0,112871.0,1934.0534724227466
5975,768400.0,0.0,768400.0,768400.0,12110.09141476019
5976,276405.0,0.0,276405.0,276405.0,5378.542091282937
5977,698533.0,0.0,698533.0,698533.0,12110.052986708853
5978,244652.0,0.0,244652.0,244652.0,4801.519908290586
5979,118562.0,0.0,118562.0,118562.0,2431.5423722000387
5980,192689.0,0.0,192689.0,192689.0,3841.554233231358
5981,149860.0,0.0,149860.0,149860.0,3033.5513225424916
5982,436763.0,0.0,436763.0,436763.0,8199.073503936264
5983,527354.0,0.0,527354.0,527354.0,9733.463584502948
5984,550123.0,0.0,550123.0,550123.0,10113.229503582286
5985,580244.0,0.0,580244.0,580244.0,10612.22281126484
5986,687864.0,0.0,687864.0,687864.0,12109.88364581014
5987,766461.0,0.0,766461.0,766461.0,12109.86367994442
5988,768400.0,0.0,768400.0,768400.0,12109.84371414452
5989,768400.0,0.0,768400.0,768400.0,12109.823748410447
5990,768400.0,0.0,768400.0,768400.0,12109.80378274219
5991,768400.0,0.0,768400.0,768400.0,12109.783817139762
5992,768400.0,0.0,768400.0,768400.0,12109.763851603151
5993,668861.0,0.0,668861.0,668861.0,12059.037916195064
5994,358751.0,0.0,358751.0,358751.0,6844.896471761078
5995,730844.0,0.0,730844.0,730844.0,12109.70509456622
5996,544790.0,0.0,544790.0,544790.0,10024.276833859853
5997,478107.0,0.0,478107.0,478107.0,8903.904224583073
5998,632955.0,0.0,632955.0,632955.0,11476.328960392386
5999,664642.0,0.0,664642.0,664642.0,11990.712776390088
6000,539857.0,0.0,539857.0,539857.0,9942.008236658256
6001,768400.0,0.0,768400.0,768400.0,12109.586966528568
6002,768400.0,0.0,768400.0,768400.0,12109.567001640924
6003,768400.0,0.0,768400.0,768400.0,12109.547036819096
6004,768400.0,0.0,768400.0,768400.0,12109.527072063089
6005,768400.0,0.0,768400.0,768400.0,12109.507107372898
6006,768400.0,0.0,768400.0,768400.0,12109.487142748523
6007,768400.0,0.0,768400.0,768400.0,12109.467178189965
6008,696370.0,0.0,696370.0,696370.0,12109.447213697229
6009,768400.0,0.0,768400.0,768400.0,12109.4272492703
6010,651266.0,0.0,651266.0,651266.0,11773.81516535377
6011,596783.0,0.0,596783.0,596783.0,10884.154097767505
6012,597444.0,0.0,597444.0,597444.0,10894.999459069144
6013,597419.0,0.0,597419.0,597419.0,10894.570666316002
6014,431090.0,0.0,431090.0,431090.0,8101.233192987357
6015,344210.0,0.0,344210.0,344210.0,6588.621205858763
6016,453674.0,0.0,453674.0,453674.0,8487.978093705464
6017,245711.0,0.0,245711.0,245711.0,4820.5448431792065
6018,234717.0,0.0,234717.0,234717.0,4619.221884452649
6019,277190.0,0.0,277190.0,277190.0,5392.318526736155
6020,273940.0,0.0,273940.0,273940.0,5333.584201867019
6021,287980.0,0.0,287980.0,287980.0,5586.776336859545
6022,396655.0,0.0,396655.0,396655.0,7506.437912586474
6023,565012.0,0.0,565012.0,565012.0,10359.70585227536
6024,383589.0,0.0,383589.0,383589.0,7279.140026227408
6025,198457.0,0.0,198457.0,198457.0,3948.8312613851854
6026,388046.0,0.0,388046.0,388046.0,7356.744953180474
6027,558994.0,0.0,558994.0,558994.0,10259.867585113974
6028,660077.0,0.0,660077.0,660077.0,11916.283474074793
6029,598251.0,0.0,598251.0,598251.0,10907.9657783933
6030,373914.0,0.0,373914.0,373914.0,7110.187172949566
6031,450760.0,0.0,450760.0,450760.0,8438.008965247827
6032,634354.0,0.0,634354.0,634354.0,11498.490898404336
6033,472787.0,0.0,472787.0,472787.0,8813.117691620826
6034,345221.0,0.0,345221.0,345221.0,6606.25187191134
6035,330352.0,0.0,330352.0,330352.0,6343.27671464603
6036,303213.0,0.0,303213.0,303213.0,5859.9192594649285
6037,115260.0,0.0,115260.0,115260.0,2367.112233927899
6038,115260.0,0.0,115260.0,115260.0,2367.1083273779545
6039,115260.0,0.0,115260.0,115260.0,2367.1044208408375
6040,225307.0,0.0,225307.0,225307.0,4446.050182353127
6041,118784.0,0.0,118784.0,118784.0,2435.5779293561786
6042,114081.0,0.0,114081.0,114081.0,2344.145954254503
6043,158470.0,0.0,158470.0,158470.0,3196.9947560840333
6044,94340.0,0.0,94340.0,94340.0,1949.1843080210265
6045,146359.0,0.0,146359.0,146359.0,2925.276291552076
6046,124328.0,0.0,124328.0,124328.0,2542.9654563737727
6047,217285.0,0.0,217285.0,217285.0,4297.972901367063
6048,545050.0,0.0,545050.0,545050.0,10027.7037946367
6049,470504.0,0.0,470504.0,470504.0,8774.067569354567
6050,510459.0,0.0,510459.0,510459.0,9449.090165192489
6051,654318.0,0.0,654318.0,654318.0,11822.48362768749
6052,377474.0,0.0,377474.0,377474.0,7172.083648950583
6053,416488.0,0.0,416488.0,416488.0,7849.252084197326
6054,321287.0,0.0,321287.0,321287.0,6182.088270625309
6055,558067.0,0.0,558067.0,558067.0,10243.966582792897
6056,479997.0,0.0,479997.0,479997.0,8935.021685418487
6057,311330.0,0.0,311330.0,311330.0,6004.703345938457
6058,590577.0,0.0,590577.0,590577.0,10781.206529730087
6059,512651.0,0.0,512651.0,512651.0,9485.772578566866
6060,259019.0,0.0,259019.0,259019.0,5062.6937175536295
6061,503783.0,0.0,503783.0,503783.0,9336.643885718846
6062,680319.0,0.0,680319.0,680319.0,12108.348448345561
6063,746203.0,0.0,746203.0,746203.0,12108.328487540242
6064,768400.0,0.0,768400.0,768400.0,12108.30852680072
6065,496313.0,0.0,496313.0,496313.0,9210.710590657516
6066,297188.0,0.0,297188.0,297188.0,5751.675365538653
6067,352440.0,0.0,352440.0,352440.0,6733.051917170555
6068,339074.0,0.0,339074.0,339074.0,6497.286318529964
6069,359582.0,0.0,359582.0,359582.0,6858.586127325106
6070,464541.0,0.0,464541.0,464541.0,8672.3813872904
6071,438822.0,0.0,438822.0,438822.0,8233.118996781883
6072,726152.0,0.0,726152.0,726152.0,12108.155848232253
6073,768400.0,0.0,768400.0,768400.0,12108.135888061808
6074,768400.0,0.0,768400.0,768400.0,12108.11592795716
6075,768400.0,0.0,768400.0,768400.0,12108.095967918305
6076,768400.0,0.0,768400.0,768400.0,12108.076007945248
6077,768400.0,0.0,768400.0,768400.0,12108.056048037983
6078,768400.0,0.0,768400.0,768400.0,12108.03608819651
6079,419139.0,0.0,419139.0,419139.0,7894.633780321028
6080,594069.0,0.0,594069.0,594069.0,10838.271671635237
6081,768400.0,0.0,768400.0,768400.0,12107.977343489296
6082,745943.0,0.0,745943.0,745943.0,12107.957383907258
6083,767931.0,0.0,767931.0,767931.0,12107.937424391013
6084,768400.0,0.0,768400.0,768400.0,12107.917464940561
6085,768400.0,0.0,768400.0,768400.0,12107.897505555891
6086,750695.0,0.0,750695.0,750695.0,12107.87754623702
6087,768400.0,0.0,768400.0,768400.0,12107.85758698394
6088,366173.0,0.0,366173.0,366173.0,6973.973522611237
6089,219947.0,0.0,219947.0,219947.0,4346.812190523164
6090,361856.0,0.0,361856.0,361856.0,6898.254138663085
6091,768400.0,0.0,768400.0,768400.0,12107.78176425203
6092,707002.0,0.0,707002.0,707002.0,12107.761805314663
6093,353007.0,0.0,353007.0,353007.0,6742.729812448555
6094,650850.0,0.0,650850.0,650850.0,11765.42352546991
6095,768400.0,0.0,768400.0,768400.0,12107.703149503835
6096,675967.0,0.0,675967.0,675967.0,12107.6831908256
6097,339413.0,0.0,339413.0,339413.0,6502.953517671291
6098,429664.0,0.0,429664.0,429664.0,8075.554572516037
6099,325220.0,0.0,325220.0,325220.0,6251.495902808006
6100,272756.0,0.0,272756.0,272756.0,5311.40907493581
6101,314327.0,0.0,314327.0,314327.0,6057.69060606674
6102,197205.0,0.0,197205.0,197205.0,3924.945357001925
6103,426945.0,0.0,426945.0,426945.0,8028.740015247075
6104,651215.0,0.0,651215.0,651215.0,11771.159052657304
6105,332141.0,0.0,332141.0,332141.0,6374.189251254939
6106,451675.0,0.0,451675.0,451675.0,8452.541896850968
6107,768400.0,0.0,768400.0,768400.0,12107.474676450722
6108,768400.0,0.0,768400.0,768400.0,12107.454718525574
6109,768400.0,0.0,768400.0,768400.0,12107.43476066621
6110,768400.0,0.0,768400.0,768400.0,12107.414802872632
6111,768400.0,0.0,768400.0,768400.0,12107.394845144836
6112,718142.0,0.0,718142.0,718142.0,12107.374887482822
6113,444206.0,0.0,444206.0,444206.0,8324.75259283701
6114,281369.0,0.0,281369.0,281369.0,5466.803763393927
6115,355601.0,0.0,355601.0,355601.0,6788.103245498612
6116,222586.0,0.0,222586.0,222586.0,4395.289362005494
6117,293825.0,0.0,293825.0,293825.0,5690.843507580073
6118,206844.0,0.0,206844.0,206844.0,4104.089709841021
6119,115260.0,0.0,115260.0,115260.0,2366.743141230101
6120,67392.0,0.0,67392.0,67392.0,1394.3788012425919
6121,0.0,0.0,0.0,0.0,-0.0
6122,0.0,0.0,0.0,0.0,-0.0
6123,0.0,0.0,0.0,0.0,-0.0
6124,0.0,0.0,0.0,0.0,-0.0
6125,0.0,0.0,0.0,0.0,-0.0
6126,147259.0,0.0,147259.0,147259.0,2485.7641326748003
6127,509737.0,0.0,509737.0,509737.0,9435.160912360448
6128,663858.0,0.0,663858.0,663858.0,11974.752705799083
6129,644250.0,0.0,644250.0,644250.0,11656.885798073157
6130,645741.0,0.0,645741.0,645741.0,11681.08641708778
6131,654533.0,0.0,654533.0,654533.0,11823.714170828083
6132,637973.0,0.0,637973.0,637973.0,11554.772259230143
6133,659006.0,0.0,659006.0,659006.0,11896.136864420801
6134,686736.0,0.0,686736.0,686736.0,12106.197306344218
6135,688353.0,0.0,688353.0,688353.0,12106.177352629258
6136,700207.0,0.0,700207.0,700207.0,12106.157398980062
6137,511932.0,0.0,511932.0,511932.0,9471.87429304522
6138,403658.0,0.0,403658.0,403658.0,7625.854442017327
6139,764008.0,0.0,764008.0,764008.0,12106.099016652857
6140,768400.0,0.0,768400.0,768400.0,12106.079063261834
6141,768400.0,0.0,768400.0,768400.0,12106.059109936577
6142,768400.0,0.0,768400.0,768400.0,12106.039156677081
6143,768400.0,0.0,768400.0,768400.0,12106.019203483345
6144,768400.0,0.0,768400.0,768400.0,12105.999250355368
6145,768400.0,0.0,768400.0,768400.0,12105.979297293152
6146,768400.0,0.0,768400.0,768400.0,12105.959344296696
6147,768400.0,0.0,768400.0,768400.0,12105.939391365995
6148,768400.0,0.0,768400.0,768400.0,12105.919438501061
6149,768400.0,0.0,768400.0,768400.0,12105.89948570188
6150,768400.0,0.0,768400.0,768400.0,12105.879532968464
6151,768400.0,0.0,768400.0,768400.0,12105.859580300801
6152,768400.0,0.0,768400.0,768400.0,12105.839627698899
6153,768400.0,0.0,768400.0,768400.0,12105.81967516275
6154,768400.0,0.0,768400.0,768400.0,12105.79972269236
6155,768400.0,0.0,768400.0,768400.0,12105.779770287729
6156,768400.0,0.0,768400.0,768400.0,12105.759817948854
6157,625902.0,0.0,625902.0,625902.0,11357.619915593688
6158,501394.0,0.0,501394.0,501394.0,9294.324290202552
6159,482900.0,0.0,482900.0,482900.0,8982.071484640705
6160,642816.0,0.0,642816.0,642816.0,11632.98987531624
6161,385899.0,0.0,385899.0,385899.0,7317.172939594562
6162,613921.0,0.0,613921.0,613921.0,11161.76195906657
6163,419210.0,0.0,419210.0,419210.0,7894.225937016072
6164,469697.0,0.0,469697.0,469697.0,8758.113621123055
6165,376428.0,0.0,376428.0,376428.0,7151.973862716847
6166,388483.0,0.0,388483.0,388483.0,7362.08620118524
6167,199079.0,0.0,199079.0,199079.0,3959.123597476781
6168,233883.0,0.0,233883.0,233883.0,4602.366154427206
6169,139220.0,0.0,139220.0,139220.0,2828.916993077942
6170,149264.0,0.0,149264.0,149264.0,3020.924068760805
6171,704541.0,0.0,704541.0,704541.0,12105.475035709445
6172,757410.0,0.0,757410.0,757410.0,12105.45508437486
6173,768400.0,0.0,768400.0,768400.0,12105.43513310603
6174,692512.0,0.0,692512.0,692512.0,12105.415181902947
6175,768400.0,0.0,768400.0,768400.0,12105.39523076562
6176,677666.0,0.0,677666.0,677666.0,12105.375279694037
6177,768400.0,0.0,768400.0,768400.0,12105.355328688205
6178,499956.0,0.0,499956.0,499956.0,9269.799466826427
6179,592674.0,0.0,592674.0,592674.0,10812.900982424577
6180,678840.0,0.0,678840.0,678840.0,12105.29631080266
6181,710119.0,0.0,710119.0,710119.0,12105.276360057074
6182,731514.0,0.0,731514.0,731514.0,12105.256409377238
6183,700872.0,0.0,700872.0,700872.0,12105.236458763147
6184,655056.0,0.0,655056.0,655056.0,11831.170922032368
6185,364840.0,0.0,364840.0,364840.0,6949.00719491548
6186,133128.0,0.0,133128.0,133128.0,2711.8480440877884
6187,350748.0,0.0,350748.0,350748.0,6701.4486971014685
6188,328992.0,0.0,328992.0,328992.0,6317.051809180607
6189,229174.0,0.0,229174.0,229174.0,4515.703678054956
6190,198999.0,0.0,198999.0,198999.0,3957.4743027941336
6191,115260.0,0.0,115260.0,115260.0,2366.26012455849
6192,115260.0,0.0,115260.0,115260.0,2366.256220805796
6193,115260.0,0.0,115260.0,115260.0,2366.252317065915
6194,57382.0,0.0,57382.0,57382.0,1184.6820581413501
6195,27820.0,0.0,27820.0,27820.0,573.3496075533893
6196,17694.0,0.0,17694.0,17694.0,365.57393181746374
6197,2484.0,0.0,2484.0,2484.0,-0.0
6198,188309.0,0.0,188309.0,188309.0,3131.379716744231
6199,574802.0,0.0,574802.0,574802.0,10517.25843096567
6200,629887.0,0.0,629887.0,629887.0,11421.070948455872
6201,618645.0,0.0,618645.0,618645.0,11237.572853693955
6202,664819.0,0.0,664819.0,664819.0,11988.075856970378
6203,653692.0,0.0,653692.0,653692.0,11807.932156822026
6204,660969.0,0.0,660969.0,660969.0,11925.764563421972
6205,659295.0,0.0,659295.0,659295.0,11898.65174790644
6206,698529.0,0.0,698529.0,698529.0,12104.000038249415
6207,701931.0,0.0,701931.0,701931.0,12103.980091775597
6208,665062.0,0.0,665062.0,665062.0,11991.885892413855
6209,525108.0,0.0,525108.0,525108.0,9690.953346413642
6210,696404.0,0.0,696404.0,696404.0,12103.920762770595
6211,768400.0,0.0,768400.0,768400.0,12103.900816558
6212,768400.0,0.0,768400.0,768400.0,12103.880870411136
6213,768400.0,0.0,768400.0,768400.0,12103.860924329992
6214,768400.0,0.0,768400.0,768400.0,12103.840978314578
6215,768400.0,0.0,768400.0,768400.0,12103.82103236489
6216,768400.0,0.0,768400.0,768400.0,12103.790641260433
6217,768400.0,0.0,768400.0,768400.0,12103.770695476593
6218,768400.0,0.0,768400.0,768400.0,12103.750749758476
6219,768400.0,0.0,768400.0,768400.0,12103.730804106084
6220,768400.0,0.0,768400.0,768400.0,12103.710858519415
6221,768400.0,0.0,768400.0,768400.0,12103.690912998472
6222,768400.0,0.0,768400.0,768400.0,12103.670967543245
6223,768400.0,0.0,768400.0,768400.0,12103.651022153746
6224,768400.0,0.0,768400.0,768400.0,12103.631076829968
6225,768400.0,0.0,768400.0,768400.0,12103.611131571912
6226,768400.0,0.0,768400.0,768400.0,12103.591186379574
6227,768400.0,0.0,768400.0,768400.0,12103.57124125296
6228,768400.0,0.0,768400.0,768400.0,12103.551296192067
6229,768400.0,0.0,768400.0,768400.0,12103.531351196893
6230,768400.0,0.0,768400.0,768400.0,12103.511406267435
6231,768400.0,0.0,768400.0,768400.0,12103.491461403704
6232,768400.0,0.0,768400.0,768400.0,12103.471516605687
6233,768400.0,0.0,768400.0,768400.0,12103.451571873393
6234,768400.0,0.0,768400.0,768400.0,12103.431627206812
6235,768400.0,0.0,768400.0,768400.0,12103.411682605958
6236,768400.0,0.0,768400.0,768400.0,12103.391738070812
6237,768400.0,0.0,768400.0,768400.0,12103.371793601389
6238,768400.0,0.0,768400.0,768400.0,12103.351849197685
6239,768400.0,0.0,768400.0,768400.0,12103.331904859691
6240,768400.0,0.0,768400.0,768400.0,12103.311960587424
6241,656582.0,0.0,656582.0,656582.0,11854.005956527277
6242,576033.0,0.0,576033.0,576033.0,10536.824204395896
6243,489368.0,0.0,489368.0,489368.0,9089.55539500791
6244,441998.0,0.0,441998.0,441998.0,8284.01606981432
6245,361728.0,0.0,361728.0,361728.0,6893.242983999186
6246,499964.0,0.0,499964.0,499964.0,9268.247119497502
6247,463125.0,0.0,463125.0,463125.0,8644.565951052142
6248,529723.0,0.0,529723.0,529723.0,9767.476317773808
6249,382744.0,0.0,382744.0,382744.0,7260.615718483935
6250,328967.0,0.0,328967.0,328967.0,6315.482572322731
6251,372638.0,0.0,372638.0,372638.0,7084.213423723443
6252,395137.0,0.0,395137.0,395137.0,7476.121382475992
6253,433749.0,0.0,433749.0,433749.0,8142.507334991309
6254,305180.0,0.0,305180.0,305180.0,5892.037737138115
6255,361957.0,0.0,361957.0,361957.0,6897.145080109683
6256,453369.0,0.0,453369.0,453369.0,8478.198922691734
6257,768400.0,0.0,768400.0,768400.0,12102.985951844897
6258,729233.0,0.0,729233.0,729233.0,12102.966008712525
6259,554602.0,0.0,554602.0,554602.0,10181.691357700704
6260,768400.0,0.0,768400.0,768400.0,12102.92650813834
6261,768400.0,0.0,768400.0,768400.0,12102.90656520183
6262,768400.0,0.0,768400.0,768400.0,12102.88662233103
6263,768400.0,0.0,768400.0,768400.0,12102.86667952594
6264,768400.0,0.0,768400.0,768400.0,12102.846736786558
6265,768400.0,0.0,768400.0,768400.0,12102.826794112885
6266,768400.0,0.0,768400.0,768400.0,12102.80685150492
6267,574993.0,0.0,574993.0,574993.0,10519.219813084896
6268,233766.0,0.0,233766.0,233766.0,4599.071341279417
6269,337589.0,0.0,337589.0,337589.0,6467.9110743058845
6270,309372.0,0.0,309372.0,309372.0,5966.738182726857
6271,133595.0,0.0,133595.0,133595.0,2720.2010169028063
6272,345450.0,0.0,345450.0,345450.0,6606.664705284216
6273,265238.0,0.0,265238.0,265238.0,5172.9703028253925
6274,189372.0,0.0,189372.0,189372.0,3777.014444536301
6275,115260.0,0.0,115260.0,115260.0,2365.712156818895
6276,115260.0,0.0,115260.0,115260.0,2365.7082548645953
6277,136932.0,0.0,136932.0,136932.0,2784.2706178769026
6278,221089.0,0.0,221089.0,221089.0,4365.813928686982
6279,194422.0,0.0,194422.0,194422.0,3871.2772694019427
6280,326853.0,0.0,326853.0,326853.0,6277.676720769343
6281,572127.0,0.0,572127.0,572127.0,10471.640964973387
6282,683633.0,0.0,683633.0,683633.0,12102.512167287667
6283,745332.0,0.0,745332.0,745332.0,12102.492225716345
6284,768400.0,0.0,768400.0,768400.0,12102.472284210722
6285,768400.0,0.0,768400.0,768400.0,12102.452342770799
6286,377491.0,0.0,377491.0,377491.0,7168.564640945244
6287,497670.0,0.0,497670.0,497670.0,9228.98121957585
6288,752359.0,0.0,752359.0,752359.0,12102.394153894542
6289,379774.0,0.0,379774.0,379774.0,7208.3590932887755
6290,337983.0,0.0,337983.0,337983.0,6474.651437352537
6291,704807.0,0.0,704807.0,704807.0,12102.336587977525
6292,550896.0,0.0,550896.0,550896.0,10119.59566168042
6293,657867.0,0.0,657867.0,657867.0,11873.837740574127
6294,635658.0,0.0,635658.0,635658.0,11513.306624565059
6295,591226.0,0.0,591226.0,591226.0,10786.318807403863
6296,631128.0,0.0,631128.0,631128.0,11439.505119568928
6297,521572.0,0.0,521572.0,521572.0,9630.35649852281
6298,273705.0,0.0,273705.0,273705.0,5325.995196087754
6299,505416.0,0.0,505416.0,505416.0,9359.205119207038
6300,768400.0,0.0,768400.0,768400.0,12102.160646930051
6301,768400.0,0.0,768400.0,768400.0,12102.140706516893
6302,768400.0,0.0,768400.0,768400.0,12102.12076616943
6303,591357.0,0.0,591357.0,591357.0,10788.332300252392
6304,473896.0,0.0,473896.0,473896.0,8826.747753800704
6305,768400.0,0.0,768400.0,768400.0,12102.061879316623
6306,545314.0,0.0,545314.0,545314.0,10026.536518477442
6307,689842.0,0.0,689842.0,689842.0,12102.022416649339
6308,455416.0,0.0,455416.0,455416.0,8512.385536148742
6309,464668.0,0.0,464668.0,464668.0,8669.931413836975
6310,768400.0,0.0,768400.0,768400.0,12101.964045555951
6311,768400.0,0.0,768400.0,768400.0,12101.94410579053
6312,768400.0,0.0,768400.0,768400.0,12101.924166090797
6313,768400.0,0.0,768400.0,768400.0,12101.904226456762
6314,768400.0,0.0,768400.0,768400.0,12101.884286888415
6315,674287.0,0.0,674287.0,674287.0,12101.864347385765
6316,541010.0,0.0,541010.0,541010.0,9954.706390722044
6317,202016.0,0.0,202016.0,202016.0,4012.405887900475
6318,606343.0,0.0,606343.0,606343.0,11034.11411587907
6319,768400.0,0.0,768400.0,768400.0,12101.787135876855
6320,768400.0,0.0,768400.0,768400.0,12101.767196694278
6321,690589.0,0.0,690589.0,690589.0,12101.747257577392
6322,718124.0,0.0,718124.0,718124.0,12101.727318526197
6323,721575.0,0.0,721575.0,721575.0,12101.707379540694
6324,699492.0,0.0,699492.0,699492.0,12101.687440620879
6325,644299.0,0.0,644299.0,644299.0,11653.20474355433
6326,629208.0,0.0,629208.0,629208.0,11407.65723028403
6327,607739.0,0.0,607739.0,607739.0,11056.823337961669
6328,502673.0,0.0,502673.0,502673.0,9312.60397571352
6329,198557.0,0.0,198557.0,198557.0,3947.975890478943
6330,102000.0,0.0,102000.0,102000.0,2106.4926421237114
6331,97117.0,0.0,97117.0,97117.0,2006.5058956076816
6332,88403.0,0.0,88403.0,88403.0,1827.1653032818538
6333,154460.0,0.0,154460.0,154460.0,3053.852381091565
6334,138558.0,0.0,138558.0,138558.0,2815.1407802301233
6335,273696.0,0.0,273696.0,273696.0,5325.442721641502
6336,412118.0,0.0,412118.0,412118.0,7768.984271885151
6337,453571.0,0.0,453571.0,453571.0,8480.435173145972
6338,740368.0,0.0,740368.0,740368.0,12101.32264304057
6339,768400.0,0.0,768400.0,768400.0,12101.302705387561
6340,768400.0,0.0,768400.0,768400.0,12101.282767800236
6341,768400.0,0.0,768400.0,768400.0,12101.262830278592
6342,768400.0,0.0,768400.0,768400.0,12101.24289282263
6343,768400.0,0.0,768400.0,768400.0,12101.222955432355
6344,768400.0,0.0,768400.0,768400.0,12101.203018107759
6345,768400.0,0.0,768400.0,768400.0,12101.183080848848
6346,768400.0,0.0,768400.0,768400.0,12101.163143655614
6347,768400.0,0.0,768400.0,768400.0,12101.143206528066
6348,768400.0,0.0,768400.0,768400.0,12101.123269466198
6349,768400.0,0.0,768400.0,768400.0,12101.10333247001
6350,768400.0,0.0,768400.0,768400.0,12101.083395539505
6351,768400.0,0.0,768400.0,768400.0,12101.063458674678
6352,768400.0,0.0,768400.0,768400.0,12101.04352187553
6353,768400.0,0.0,768400.0,768400.0,12101.023585142062
6354,768400.0,0.0,768400.0,768400.0,12101.00364847427
6355,768400.0,0.0,768400.0,768400.0,12100.983711872157
6356,768400.0,0.0,768400.0,768400.0,12100.963775335735
6357,768400.0,0.0,768400.0,768400.0,12100.943838864976
6358,768400.0,0.0,768400.0,768400.0,12100.923902459901
6359,768400.0,0.0,768400.0,768400.0,12100.903966120506
6360,768400.0,0.0,768400.0,768400.0,12100.884029846788
6361,768400.0,0.0,768400.0,768400.0,12100.864093638744
6362,768400.0,0.0,768400.0,768400.0,12100.844157496374
6363,768400.0,0.0,768400.0,768400.0,12100.82422141968
6364,768400.0,0.0,768400.0,768400.0,12100.804285408667
6365,768400.0,0.0,768400.0,768400.0,12100.784349463329
6366,768400.0,0.0,768400.0,768400.0,12100.764413583665
6367,768400.0,0.0,768400.0,768400.0,12100.744477769675
6368,768400.0,0.0,768400.0,768400.0,12100.724542021359
6369,768400.0,0.0,768400.0,768400.0,12100.704606338717
6370,768400.0,0.0,768400.0,768400.0,12100.684670721756
6371,768400.0,0.0,768400.0,768400.0,12100.664735170463
6372,768400.0,0.0,768400.0,768400.0,12100.644799684842
6373,768400.0,0.0,768400.0,768400.0,12100.624864264895
6374,768400.0,0.0,768400.0,768400.0,12100.604928910621
6375,768400.0,0.0,768400.0,768400.0,12100.584993622017
6376,768400.0,0.0,768400.0,768400.0,12100.565058399092
6377,768400.0,0.0,768400.0,768400.0,12100.545123241833
6378,768400.0,0.0,768400.0,768400.0,12100.525188150245
6379,768400.0,0.0,768400.0,768400.0,12100.505253124327
6380,768400.0,0.0,768400.0,768400.0,12100.485318164086
6381,768400.0,0.0,768400.0,768400.0,12100.46538326951
6382,768400.0,0.0,768400.0,768400.0,12100.445448440605
6383,768400.0,0.0,768400.0,768400.0,12100.425513677374
6384,768400.0,0.0,768400.0,768400.0,12100.395139673421
6385,768400.0,0.0,768400.0,768400.0,12100.375205075898
6386,768400.0,0.0,768400.0,768400.0,12100.355270544043
6387,768400.0,0.0,768400.0,768400.0,12100.335336077856
6388,768400.0,0.0,768400.0,768400.0,12100.315401677337
6389,768400.0,0.0,768400.0,768400.0,12100.295467342487
6390,768400.0,0.0,768400.0,768400.0,12100.275533073303
6391,768400.0,0.0,768400.0,768400.0,12100.255598869786
6392,768400.0,0.0,768400.0,768400.0,12100.235664731938
6393,768400.0,0.0,768400.0,768400.0,12100.215730659753
6394,768400.0,0.0,768400.0,768400.0,12100.195796653237
6395,768400.0,0.0,768400.0,768400.0,12100.175862712385
6396,768400.0,0.0,768400.0,768400.0,12100.1559288372
6397,709257.0,0.0,709257.0,709257.0,12100.135995027678
6398,464594.0,0.0,464594.0,464594.0,8667.286853219777
6399,591741.0,0.0,591741.0,591741.0,10792.83767257606
6400,452642.0,0.0,452642.0,452642.0,8463.66524509386
6401,327776.0,0.0,327776.0,327776.0,6292.665742206893
6402,276160.0,0.0,276160.0,276160.0,5369.304644699746
6403,598052.0,0.0,598052.0,598052.0,10896.472409226653
6404,715814.0,0.0,715814.0,715814.0,12100.00118368099
6405,681862.0,0.0,681862.0,681862.0,12099.981250381217
6406,669553.0,0.0,669553.0,669553.0,12060.46490673632
6407,506629.0,0.0,506629.0,506629.0,9377.817911755463
6408,414562.0,0.0,414562.0,414562.0,7810.199961343994
6409,313974.0,0.0,313974.0,313974.0,6047.287509657986
6410,263675.0,0.0,263675.0,263675.0,5143.341338238968
6411,276983.0,0.0,276983.0,276983.0,5384.075767883426
6412,317756.0,0.0,317756.0,317756.0,6114.5857089061765
6413,317428.0,0.0,317428.0,317428.0,6108.739955485284
6414,536990.0,0.0,536990.0,536990.0,9886.000203295604
6415,768400.0,0.0,768400.0,768400.0,12099.790833556255
6416,768400.0,0.0,768400.0,768400.0,12099.77090094939
6417,768400.0,0.0,768400.0,768400.0,12099.750968408187
6418,768400.0,0.0,768400.0,768400.0,12099.731035932638
6419,748752.0,0.0,748752.0,748752.0,12099.71110352275
6420,759568.0,0.0,759568.0,759568.0,12099.691171178516
6421,768400.0,0.0,768400.0,768400.0,12099.671238899942
6422,623356.0,0.0,623356.0,623356.0,11310.330040499675
6423,487208.0,0.0,487208.0,487208.0,9050.261495390529
6424,768400.0,0.0,768400.0,768400.0,12099.612221645551
6425,655649.0,0.0,655649.0,655649.0,11835.264342661316
6426,768400.0,0.0,768400.0,768400.0,12099.572409429098
6427,768400.0,0.0,768400.0,768400.0,12099.552477541725
6428,768400.0,0.0,768400.0,768400.0,12099.532545720005
6429,768400.0,0.0,768400.0,768400.0,12099.512613963943
6430,768400.0,0.0,768400.0,768400.0,12099.492682273532
6431,741336.0,0.0,741336.0,741336.0,12099.47275064878
6432,750223.0,0.0,750223.0,750223.0,12099.452819089682
6433,768400.0,0.0,768400.0,768400.0,12099.432887596233
6434,768400.0,0.0,768400.0,768400.0,12099.41295616844
6435,768400.0,0.0,768400.0,768400.0,12099.393024806302
6436,768400.0,0.0,768400.0,768400.0,12099.373093509812
6437,768400.0,0.0,768400.0,768400.0,12099.353162278976
6438,768400.0,0.0,768400.0,768400.0,12099.33323111379
6439,768400.0,0.0,768400.0,768400.0,12099.313300014259
6440,768400.0,0.0,768400.0,768400.0,12099.29336898038
6441,768400.0,0.0,768400.0,768400.0,12099.273438012147
6442,768400.0,0.0,768400.0,768400.0,12099.25350710957
6443,768400.0,0.0,768400.0,768400.0,12099.23357627264
6444,768400.0,0.0,768400.0,768400.0,12099.213645501362
6445,768400.0,0.0,768400.0,768400.0,12099.193714795734
6446,768400.0,0.0,768400.0,768400.0,12099.17378415575
6447,768400.0,0.0,768400.0,768400.0,12099.153853581422
6448,768400.0,0.0,768400.0,768400.0,12099.133923072743
6449,768400.0,0.0,768400.0,768400.0,12099.113992629707
6450,768400.0,0.0,768400.0,768400.0,12099.094062252321
6451,768400.0,0.0,768400.0,768400.0,12099.074131940582
6452,768400.0,0.0,768400.0,768400.0,12099.054201694491
6453,768400.0,0.0,768400.0,768400.0,12099.034271514047
6454,768400.0,0.0,768400.0,768400.0,12099.01434139925
6455,768400.0,0.0,768400.0,768400.0,12098.994411350102
6456,768400.0,0.0,768400.0,768400.0,12098.974481366598
6457,768400.0,0.0,768400.0,768400.0,12098.95455144874
6458,768400.0,0.0,768400.0,768400.0,12098.934621596525
6459,768400.0,0.0,768400.0,768400.0,12098.914691809958
6460,768400.0,0.0,768400.0,768400.0,12098.894762089032
6461,768400.0,0.0,768400.0,768400.0,12098.87483243376
6462,768400.0,0.0,768400.0,768400.0,12098.854902844125
6463,768400.0,0.0,768400.0,768400.0,12098.834973320132
6464,768400.0,0.0,768400.0,768400.0,12098.815043861783
6465,768400.0,0.0,768400.0,768400.0,12098.795114469081
6466,768400.0,0.0,768400.0,768400.0,12098.775185142022
6467,768400.0,0.0,768400.0,768400.0,12098.7552558806
6468,768400.0,0.0,768400.0,768400.0,12098.735326684828
6469,768400.0,0.0,768400.0,768400.0,12098.715397554693
6470,768400.0,0.0,768400.0,768400.0,12098.695468490203
6471,768400.0,0.0,768400.0,768400.0,12098.675539491349
6472,768400.0,0.0,768400.0,768400.0,12098.65561055814
6473,768400.0,0.0,768400.0,768400.0,12098.63568169057
6474,768400.0,0.0,768400.0,768400.0,12098.61575288864
6475,768400.0,0.0,768400.0,768400.0,12098.59582415235
6476,768400.0,0.0,768400.0,768400.0,12098.575895481701
6477,768400.0,0.0,768400.0,768400.0,12098.555966876687
6478,768400.0,0.0,768400.0,768400.0,12098.536038337317
6479,768400.0,0.0,768400.0,768400.0,12098.516109863585
6480,768400.0,0.0,768400.0,768400.0,12098.496181455492
6481,768400.0,0.0,768400.0,768400.0,12098.476253113035
6482,768400.0,0.0,768400.0,768400.0,12098.456324836217
6483,768400.0,0.0,768400.0,768400.0,12098.436396625033
6484,768400.0,0.0,768400.0,768400.0,12098.41646847949
6485,768400.0,0.0,768400.0,768400.0,12098.396540399579
6486,768400.0,0.0,768400.0,768400.0,12098.376612385311
6487,768400.0,0.0,768400.0,768400.0,12098.356684436676
6488,768400.0,0.0,768400.0,768400.0,12098.336756553677
6489,768400.0,0.0,768400.0,768400.0,12098.316828736311
6490,768400.0,0.0,768400.0,768400.0,12098.296900984582
6491,768400.0,0.0,768400.0,768400.0,12098.27697329849
6492,768400.0,0.0,768400.0,768400.0,12098.257045678027
6493,768400.0,0.0,768400.0,768400.0,12098.237118123207
6494,750594.0,0.0,750594.0,750594.0,12098.217190634012
6495,732508.0,0.0,732508.0,732508.0,12098.197263210452
6496,768400.0,0.0,768400.0,768400.0,12098.177335852524
6497,598540.0,0.0,598540.0,598540.0,10902.785341911116
6498,768400.0,0.0,768400.0,768400.0,12098.13771843039
6499,705549.0,0.0,705549.0,705549.0,12098.117791268583
6500,752390.0,0.0,752390.0,752390.0,12098.097864172401
6501,768400.0,0.0,768400.0,768400.0,12098.077937141863
6502,768400.0,0.0,768400.0,768400.0,12098.058010176948
6503,768400.0,0.0,768400.0,768400.0,12098.038083277663
6504,768400.0,0.0,768400.0,768400.0,12098.01815644401
6505,768400.0,0.0,768400.0,768400.0,12097.998229675988
6506,768400.0,0.0,768400.0,768400.0,12097.978302973594
6507,768400.0,0.0,768400.0,768400.0,12097.958376336832
6508,768400.0,0.0,768400.0,768400.0,12097.9384497657
6509,768400.0,0.0,768400.0,768400.0,12097.918523260192
6510,768400.0,0.0,768400.0,768400.0,12097.89859682032
6511,768400.0,0.0,768400.0,768400.0,12097.878670446073
6512,768400.0,0.0,768400.0,768400.0,12097.858744137451
6513,768400.0,0.0,768400.0,768400.0,12097.838817894457
6514,768400.0,0.0,768400.0,768400.0,12097.818891717092
6515,768400.0,0.0,768400.0,768400.0,12097.798965605354
6516,768400.0,0.0,768400.0,768400.0,12097.779039559246
6517,768400.0,0.0,768400.0,768400.0,12097.75911357876
6518,768400.0,0.0,768400.0,768400.0,12097.7391876639
6519,768400.0,0.0,768400.0,768400.0,12097.71926181467
6520,655417.0,0.0,655417.0,655417.0,11829.65092196054
6521,721082.0,0.0,721082.0,721082.0,12097.679462789947
6522,768400.0,0.0,768400.0,768400.0,12097.659537137411
6523,768400.0,0.0,768400.0,768400.0,12097.639611550507
6524,768400.0,0.0,768400.0,768400.0,12097.619686029226
6525,768400.0,0.0,768400.0,768400.0,12097.599760573565
6526,768400.0,0.0,768400.0,768400.0,12097.579835183531
6527,768400.0,0.0,768400.0,768400.0,12097.559909859121
6528,768400.0,0.0,768400.0,768400.0,12097.539984600327
6529,768400.0,0.0,768400.0,768400.0,12097.520059407161
6530,768400.0,0.0,768400.0,768400.0,12097.500134279619
6531,768400.0,0.0,768400.0,768400.0,12097.480209217692
6532,768400.0,0.0,768400.0,768400.0,12097.460284221392
6533,768400.0,0.0,768400.0,768400.0,12097.440359290711
6534,768400.0,0.0,768400.0,768400.0,12097.420434425652
6535,768400.0,0.0,768400.0,768400.0,12097.400509626215
6536,768400.0,0.0,768400.0,768400.0,12097.380584892395
6537,768400.0,0.0,768400.0,768400.0,12097.360660224196
6538,768400.0,0.0,768400.0,768400.0,12097.340735621616
6539,768400.0,0.0,768400.0,768400.0,12097.320811084657
6540,768400.0,0.0,768400.0,768400.0,12097.300886613315
6541,768400.0,0.0,768400.0,768400.0,12097.280962207593
6542,768400.0,0.0,768400.0,768400.0,12097.261037867489
6543,768400.0,0.0,768400.0,768400.0,12097.241113593
6544,768400.0,0.0,768400.0,768400.0,12097.22118938413
6545,724828.0,0.0,724828.0,724828.0,12097.201265240883
6546,768400.0,0.0,768400.0,768400.0,12097.181341163247
6547,768400.0,0.0,768400.0,768400.0,12097.161417151223
6548,768400.0,0.0,768400.0,768400.0,12097.141493204823
6549,768400.0,0.0,768400.0,768400.0,12097.121569324041
6550,768400.0,0.0,768400.0,768400.0,12097.101645508867
6551,768400.0,0.0,768400.0,768400.0,12097.081721759314
6552,768400.0,0.0,768400.0,768400.0,12097.051364536701
6553,768400.0,0.0,768400.0,768400.0,12097.03144095272
6554,768400.0,0.0,768400.0,768400.0,12097.011517434352
6555,768400.0,0.0,768400.0,768400.0,12096.991593981598
6556,768400.0,0.0,768400.0,768400.0,12096.971670594461
6557,449931.0,0.0,449931.0,449931.0,8415.129699194362
6558,747182.0,0.0,747182.0,747182.0,12096.932585766554
6559,768400.0,0.0,768400.0,768400.0,12096.912662573744
6560,768400.0,0.0,768400.0,768400.0,12096.89273944655
6561,768400.0,0.0,768400.0,768400.0,12096.87281638496
6562,768400.0,0.0,768400.0,768400.0,12096.852893388987
6563,768400.0,0.0,768400.0,768400.0,12096.832970458627
6564,768400.0,0.0,768400.0,768400.0,12096.813047593874
6565,768400.0,0.0,768400.0,768400.0,12096.79312479473
6566,768400.0,0.0,768400.0,768400.0,12096.773202061202
6567,768400.0,0.0,768400.0,768400.0,12096.75327939328
6568,768400.0,0.0,768400.0,768400.0,12096.73335679097
6569,768400.0,0.0,768400.0,768400.0,12096.71343425427
6570,768400.0,0.0,768400.0,768400.0,12096.693511783176
6571,768400.0,0.0,768400.0,768400.0,12096.673589377693
6572,768400.0,0.0,768400.0,768400.0,12096.653667037821
6573,768400.0,0.0,768400.0,768400.0,12096.63374476355
6574,768400.0,0.0,768400.0,768400.0,12096.61382255489
6575,768400.0,0.0,768400.0,768400.0,12096.59390041184
6576,768400.0,0.0,768400.0,768400.0,12096.573978334394
6577,768400.0,0.0,768400.0,768400.0,12096.554056322555
6578,768400.0,0.0,768400.0,768400.0,12096.534134376323
6579,768400.0,0.0,768400.0,768400.0,12096.514212495698
6580,768400.0,0.0,768400.0,768400.0,12096.494290680677
6581,768400.0,0.0,768400.0,768400.0,12096.474368931262
6582,758599.0,0.0,758599.0,758599.0,12096.45444724745
6583,768400.0,0.0,768400.0,768400.0,12096.434525629247
6584,415749.0,0.0,415749.0,415749.0,7828.301210043158
6585,246981.0,0.0,246981.0,246981.0,4838.134105354159
6586,276906.0,0.0,276906.0,276906.0,5381.009335280552
6587,361120.0,0.0,361120.0,361120.0,6878.45037757462
6588,665549.0,0.0,665549.0,665549.0,11992.196423766147
6589,522998.0,0.0,522998.0,522998.0,9649.407934796867
6590,115260.0,0.0,115260.0,115260.0,2364.293188764799
6591,115260.0,0.0,115260.0,115260.0,2364.2892914652916
6592,62352.0,0.0,62352.0,62352.0,1285.4617989466253
6593,105081.0,0.0,105081.0,105081.0,2015.5623665675564
6594,222828.0,0.0,222828.0,222828.0,4395.1983635045235
6595,89083.0,0.0,89083.0,89083.0,1839.5532923785117
6596,188256.0,0.0,188256.0,188256.0,3675.7536419848757
6597,119154.0,0.0,119154.0,119154.0,2439.7391585630894
6598,228258.0,0.0,228258.0,228258.0,4495.026036359685
6599,119916.0,0.0,119916.0,119916.0,2454.4977757437046
6600,205256.0,0.0,205256.0,205256.0,4070.3043338269335
6601,303215.0,0.0,303215.0,303215.0,5853.069346320856
6602,227664.0,0.0,227664.0,227664.0,4484.079323940931
6603,261371.0,0.0,261371.0,261371.0,5099.588822601301
6604,229458.0,0.0,229458.0,229458.0,4517.028976033058
6605,237522.0,0.0,237522.0,237522.0,4664.905878386907
6606,343637.0,0.0,343637.0,343637.0,6570.569469519965
6607,705338.0,0.0,705338.0,705338.0,12095.541960077488
6608,623250.0,0.0,623250.0,623250.0,11304.710912664343
6609,235601.0,0.0,235601.0,235601.0,4629.68769092448
6610,373332.0,0.0,373332.0,373332.0,7091.629484478688
6611,710543.0,0.0,710543.0,710543.0,12095.465217947461
6612,653394.0,0.0,653394.0,653394.0,11794.677007486302
6613,382733.0,0.0,382733.0,382733.0,7255.550040682188
6614,115007.0,0.0,115007.0,115007.0,2359.176316859204
6615,252897.0,0.0,252897.0,252897.0,4945.494956069048
6616,201368.0,0.0,201368.0,201368.0,3998.001849832909
6617,276675.0,0.0,276675.0,276675.0,5376.349572038697
6618,66483.0,0.0,66483.0,66483.0,1370.7088322034806
6619,116914.0,0.0,116914.0,116914.0,2246.6317139586076
6620,245275.0,0.0,245275.0,245275.0,4806.389025120998
6621,204172.0,0.0,204172.0,204172.0,4049.928489755514
6622,118055.0,0.0,118055.0,118055.0,2418.2517958960025
6623,135408.0,0.0,135408.0,135408.0,2753.0326804639767
6624,181554.0,0.0,181554.0,181554.0,3628.0280291401523
6625,163861.0,0.0,163861.0,163861.0,3294.9386461580034
6626,301168.0,0.0,301168.0,301168.0,5816.069872201156
6627,291919.0,0.0,291919.0,291919.0,5650.375739934203
6628,415205.0,0.0,415205.0,415205.0,7817.856066249672
6629,656776.0,0.0,656776.0,656776.0,11848.830438229594
6630,656186.0,0.0,656186.0,656186.0,11839.260419221133
6631,680120.0,0.0,680120.0,680120.0,12094.782156667758
6632,747470.0,0.0,747470.0,747470.0,12094.762240552292
6633,592921.0,0.0,592921.0,592921.0,10807.394078880536
6634,549499.0,0.0,549499.0,549499.0,10089.912540328996
6635,553556.0,0.0,553556.0,553556.0,10157.264341765811
6636,767641.0,0.0,767641.0,767641.0,12094.683623411165
6637,768400.0,0.0,768400.0,768400.0,12094.66370762014
6638,768400.0,0.0,768400.0,768400.0,12094.643791894687
6639,440913.0,0.0,440913.0,440913.0,8259.317815741222
6640,768400.0,0.0,768400.0,768400.0,12094.60475642421
6641,523519.0,0.0,523519.0,523519.0,9656.704284637506
6642,526031.0,0.0,526031.0,526031.0,9698.692583422926
6643,768400.0,0.0,768400.0,768400.0,12094.545987090654
6644,768400.0,0.0,768400.0,768400.0,12094.526071752814
6645,768400.0,0.0,768400.0,768400.0,12094.506156480551
6646,768400.0,0.0,768400.0,768400.0,12094.486241273853
6647,768400.0,0.0,768400.0,768400.0,12094.466326132735
6648,768400.0,0.0,768400.0,768400.0,12094.446411057183
6649,768400.0,0.0,768400.0,768400.0,12094.426496047212
6650,768400.0,0.0,768400.0,768400.0,12094.406581102805
6651,768400.0,0.0,768400.0,768400.0,12094.386666223967
6652,768400.0,0.0,768400.0,768400.0,12094.366751410706
6653,768400.0,0.0,768400.0,768400.0,12094.346836663019
6654,768400.0,0.0,768400.0,768400.0,12094.326921980895
6655,768400.0,0.0,768400.0,768400.0,12094.307007364347
6656,768400.0,0.0,768400.0,768400.0,12094.287092813363
6657,731154.0,0.0,731154.0,731154.0,12094.267178327953
6658,768400.0,0.0,768400.0,768400.0,12094.247263908112
6659,768400.0,0.0,768400.0,768400.0,12094.227349553837
6660,768400.0,0.0,768400.0,768400.0,12094.207435265133
6661,720527.0,0.0,720527.0,720527.0,12094.187521042
6662,543868.0,0.0,543868.0,543868.0,9995.821714023108
6663,592664.0,0.0,592664.0,592664.0,10802.632916596831
6664,768400.0,0.0,768400.0,768400.0,12094.128457101604
6665,688802.0,0.0,688802.0,688802.0,12094.108543138505
6666,280192.0,0.0,280192.0,280192.0,5439.147543320082
6667,449890.0,0.0,449890.0,449890.0,8412.3468686206
6668,582219.0,0.0,582219.0,582219.0,10630.672010362106
6669,522436.0,0.0,522436.0,522436.0,9638.134201818675
6670,682094.0,0.0,682094.0,682094.0,12094.012006382443
6671,336308.0,0.0,336308.0,336308.0,6440.2964739145245
6672,366618.0,0.0,366618.0,366618.0,6973.317907470211
6673,361019.0,0.0,361019.0,361019.0,6875.232467290973
6674,352521.0,0.0,352521.0,352521.0,6726.032930641566
6675,435981.0,0.0,435981.0,435981.0,8174.355912867197
6676,467843.0,0.0,467843.0,467843.0,8717.870371857236
6677,396251.0,0.0,396251.0,396251.0,7489.469358002121
6678,417615.0,0.0,417615.0,417615.0,7858.7307570115645
6679,413203.0,0.0,413203.0,413203.0,7782.650825213485
6680,498828.0,0.0,498828.0,498828.0,9241.734340642348
6681,548728.0,0.0,548728.0,548728.0,10076.319313376976
6682,441097.0,0.0,441097.0,441097.0,8261.868536931976
6683,466718.0,0.0,466718.0,466718.0,8698.662917052203
6684,591503.0,0.0,591503.0,591503.0,10783.185826056846
6685,428795.0,0.0,428795.0,428795.0,8050.946682325318
6686,713077.0,0.0,713077.0,713077.0,12093.705833831775
6687,593159.0,0.0,593159.0,593159.0,10810.34881575766
6688,683761.0,0.0,683761.0,683761.0,12093.666263526888
6689,333801.0,0.0,333801.0,333801.0,6395.778040932528
6690,704685.0,0.0,704685.0,704685.0,12093.627673031808
6691,768400.0,0.0,768400.0,768400.0,12093.607760717501
6692,768400.0,0.0,768400.0,768400.0,12093.58784846876
6693,768400.0,0.0,768400.0,768400.0,12093.567936285575
6694,768400.0,0.0,768400.0,768400.0,12093.548024167947
6695,768400.0,0.0,768400.0,768400.0,12093.528112115873
6696,768400.0,0.0,768400.0,768400.0,12093.508200129365
6697,768400.0,0.0,768400.0,768400.0,12093.488288208406
6698,672567.0,0.0,672567.0,672567.0,12093.468376353008
6699,479803.0,0.0,479803.0,479803.0,8920.290713086188
6700,768400.0,0.0,768400.0,768400.0,12093.429202801202
6701,768400.0,0.0,768400.0,768400.0,12093.409291140335
6702,768400.0,0.0,768400.0,768400.0,12093.389379545015
6703,768400.0,0.0,768400.0,768400.0,12093.369468015258
6704,768400.0,0.0,768400.0,768400.0,12093.34955655105
6705,768400.0,0.0,768400.0,768400.0,12093.329645152398
6706,692446.0,0.0,692446.0,692446.0,12093.309733819298
6707,675953.0,0.0,675953.0,675953.0,12093.289822551753
6708,600000.0,0.0,600000.0,600000.0,10922.28175641359
6709,701499.0,0.0,701499.0,701499.0,12093.250232288066
6710,712517.0,0.0,712517.0,712517.0,12093.230321216419
6711,613364.0,0.0,613364.0,613364.0,11141.086011595255
6712,423434.0,0.0,423434.0,423434.0,7958.443774054523
6713,115260.0,0.0,115260.0,115260.0,2363.5928136377634
6714,115260.0,0.0,115260.0,115260.0,2363.5889186338277
6715,53896.0,0.0,53896.0,53896.0,1110.7049368127903
6716,39768.0,0.0,39768.0,39768.0,820.5188678516632
6717,248389.0,0.0,248389.0,248389.0,4356.2132180658355
6718,472260.0,0.0,472260.0,472260.0,8791.831620262275
6719,657165.0,0.0,657165.0,657165.0,11852.892910395964
6720,768400.0,0.0,768400.0,768400.0,12092.518034975505
6721,768400.0,0.0,768400.0,768400.0,12092.498126312712
6722,768400.0,0.0,768400.0,768400.0,12092.478217715458
6723,768400.0,0.0,768400.0,768400.0,12092.458309183747
6724,768400.0,0.0,768400.0,768400.0,12092.438400717574
6725,768400.0,0.0,768400.0,768400.0,12092.418492316938
6726,768400.0,0.0,768400.0,768400.0,12092.398583981845
6727,768400.0,0.0,768400.0,768400.0,12092.378675712293
6728,768400.0,0.0,768400.0,768400.0,12092.35876750827
6729,768400.0,0.0,768400.0,768400.0,12092.338859369793
6730,768400.0,0.0,768400.0,768400.0,12092.318951296855
6731,768400.0,0.0,768400.0,768400.0,12092.299043289453
6732,768400.0,0.0,768400.0,768400.0,12092.279135347584
6733,768400.0,0.0,768400.0,768400.0,12092.259227471257
6734,768400.0,0.0,768400.0,768400.0,12092.239319660464
6735,768400.0,0.0,768400.0,768400.0,12092.219411915214
6736,768400.0,0.0,768400.0,768400.0,12092.19950423549
6737,768400.0,0.0,768400.0,768400.0,12092.179596621309
6738,768400.0,0.0,768400.0,768400.0,12092.159689072656
6739,768400.0,0.0,768400.0,768400.0,12092.139781589543
6740,768400.0,0.0,768400.0,768400.0,12092.119874171962
6741,768400.0,0.0,768400.0,768400.0,12092.099966819917
6742,768400.0,0.0,768400.0,768400.0,12092.08005953341
6743,768400.0,0.0,768400.0,768400.0,12092.06015231243
6744,768400.0,0.0,768400.0,768400.0,12092.040245156988
6745,768400.0,0.0,768400.0,768400.0,12092.02033806708
6746,768400.0,0.0,768400.0,768400.0,12092.000431042698
6747,768400.0,0.0,768400.0,768400.0,12091.980524083854
6748,768400.0,0.0,768400.0,768400.0,12091.960617190542
6749,768400.0,0.0,768400.0,768400.0,12091.940710362758
6750,768400.0,0.0,768400.0,768400.0,12091.920803600506
6751,768400.0,0.0,768400.0,768400.0,12091.90089690379
6752,768400.0,0.0,768400.0,768400.0,12091.880990272603
6753,768400.0,0.0,768400.0,768400.0,12091.86108370694
6754,755941.0,0.0,755941.0,755941.0,12091.841177206814
6755,690361.0,0.0,690361.0,690361.0,12091.82127077222
6756,689063.0,0.0,689063.0,689063.0,12091.801364403153
6757,678326.0,0.0,678326.0,678326.0,12091.78145809961
6758,675460.0,0.0,675460.0,675460.0,12091.761551861598
6759,597241.0,0.0,597241.0,597241.0,10875.618385757065
6760,466035.0,0.0,466035.0,466035.0,8685.540367232854
6761,181617.0,0.0,181617.0,181617.0,3628.137311025381
6762,252289.0,0.0,252289.0,252289.0,4932.78366383546
6763,557518.0,0.0,557518.0,557518.0,10220.372530835384
6764,706859.0,0.0,706859.0,706859.0,12091.647077670079
6765,739550.0,0.0,739550.0,739550.0,12091.627171874426
6766,569716.0,0.0,569716.0,569716.0,10422.20439601059
6767,285727.0,0.0,285727.0,285727.0,5537.536845892143
6768,519158.0,0.0,519158.0,519158.0,9581.264525544791
6769,768400.0,0.0,768400.0,768400.0,12091.54984587059
6770,768400.0,0.0,768400.0,768400.0,12091.529940395005
6771,768400.0,0.0,768400.0,768400.0,12091.510034984947
6772,768400.0,0.0,768400.0,768400.0,12091.490129640415
6773,768400.0,0.0,768400.0,768400.0,12091.470224361408
6774,768400.0,0.0,768400.0,768400.0,12091.45031914792
6775,768400.0,0.0,768400.0,768400.0,12091.430413999959
6776,768400.0,0.0,768400.0,768400.0,12091.410508917521
6777,768400.0,0.0,768400.0,768400.0,12091.390603900605
6778,768400.0,0.0,768400.0,768400.0,12091.370698949213
6779,750787.0,0.0,750787.0,750787.0,12091.35079406334
6780,768400.0,0.0,768400.0,768400.0,12091.330889242994
6781,768400.0,0.0,768400.0,768400.0,12091.310984488167
6782,768400.0,0.0,768400.0,768400.0,12091.291079798859
6783,768400.0,0.0,768400.0,768400.0,12091.271175175074
6784,768400.0,0.0,768400.0,768400.0,12091.25127061681
6785,768400.0,0.0,768400.0,768400.0,12091.231366124064
6786,768400.0,0.0,768400.0,768400.0,12091.21146169684
6787,768400.0,0.0,768400.0,768400.0,12091.191557335134
6788,768400.0,0.0,768400.0,768400.0,12091.17165303895
6789,768400.0,0.0,768400.0,768400.0,12091.15174880828
6790,768400.0,0.0,768400.0,768400.0,12091.13184464313
6791,768400.0,0.0,768400.0,768400.0,12091.1119405435
6792,768400.0,0.0,768400.0,768400.0,12091.092036509392
6793,768400.0,0.0,768400.0,768400.0,12091.0721325408
6794,768400.0,0.0,768400.0,768400.0,12091.052228637722
6795,768400.0,0.0,768400.0,768400.0,12091.032324800159
6796,768400.0,0.0,768400.0,768400.0,12091.012421028116
6797,768400.0,0.0,768400.0,768400.0,12090.992517321589
6798,768400.0,0.0,768400.0,768400.0,12090.972613680573
6799,768400.0,0.0,768400.0,768400.0,12090.952710105083
6800,768400.0,0.0,768400.0,768400.0,12090.9328065951
6801,768400.0,0.0,768400.0,768400.0,12090.912903150636
6802,768400.0,0.0,768400.0,768400.0,12090.892999771688
6803,768400.0,0.0,768400.0,768400.0,12090.873096458252
6804,768400.0,0.0,768400.0,768400.0,12090.853193210329
6805,768400.0,0.0,768400.0,768400.0,12090.83329002792
6806,768400.0,0.0,768400.0,768400.0,12090.813386911026
6807,768400.0,0.0,768400.0,768400.0,12090.793483859647
6808,768400.0,0.0,768400.0,768400.0,12090.773580873776
6809,768400.0,0.0,768400.0,768400.0,12090.75367795342
6810,768400.0,0.0,768400.0,768400.0,12090.733775098577
6811,768400.0,0.0,768400.0,768400.0,12090.713872309243
6812,768400.0,0.0,768400.0,768400.0,12090.693969585425
6813,768400.0,0.0,768400.0,768400.0,12090.674066927115
6814,768400.0,0.0,768400.0,768400.0,12090.654164334317
6815,768400.0,0.0,768400.0,768400.0,12090.63426180703
6816,768400.0,0.0,768400.0,768400.0,12090.614359345253
6817,768400.0,0.0,768400.0,768400.0,12090.594456948984
6818,768400.0,0.0,768400.0,768400.0,12090.574554618226
6819,768400.0,0.0,768400.0,768400.0,12090.554652352976
6820,768400.0,0.0,768400.0,768400.0,12090.534750153236
6821,768400.0,0.0,768400.0,768400.0,12090.514848019004
6822,768400.0,0.0,768400.0,768400.0,12090.494945950282
6823,768400.0,0.0,768400.0,768400.0,12090.475043947063
6824,768400.0,0.0,768400.0,768400.0,12090.45514200936
6825,768400.0,0.0,768400.0,768400.0,12090.435240137156
6826,768400.0,0.0,768400.0,768400.0,12090.415338330464
6827,768400.0,0.0,768400.0,768400.0,12090.395436589275
6828,768400.0,0.0,768400.0,768400.0,12090.375534913595
6829,768400.0,0.0,768400.0,768400.0,12090.35563330342
6830,767868.0,0.0,767868.0,767868.0,12090.33573175875
6831,768400.0,0.0,768400.0,768400.0,12090.315830279587
6832,768400.0,0.0,768400.0,768400.0,12090.295928865931
6833,768400.0,0.0,768400.0,768400.0,12090.276027517777
6834,662619.0,0.0,662619.0,662619.0,11938.828123726553
6835,768400.0,0.0,768400.0,768400.0,12090.236254597385
6836,768400.0,0.0,768400.0,768400.0,12090.21635344565
6837,768400.0,0.0,768400.0,768400.0,12090.196452359412
6838,768400.0,0.0,768400.0,768400.0,12090.17655133868
6839,344122.0,0.0,344122.0,344122.0,6575.997016245166
6840,768400.0,0.0,768400.0,768400.0,12090.137937928994
6841,713666.0,0.0,713666.0,713666.0,12090.118037100852
6842,730922.0,0.0,730922.0,730922.0,12090.09813633822
6843,764637.0,0.0,764637.0,764637.0,12090.078235641084
6844,681012.0,0.0,681012.0,681012.0,12090.058335009453
6845,576073.0,0.0,576073.0,576073.0,10525.7825082883
6846,366348.0,0.0,366348.0,366348.0,6966.183190346561
6847,693339.0,0.0,693339.0,693339.0,12090.000038777338
6848,768400.0,0.0,768400.0,768400.0,12089.980138403082
6849,768400.0,0.0,768400.0,768400.0,12089.960238094323
6850,676553.0,0.0,676553.0,676553.0,12089.940337851067
6851,498441.0,0.0,498441.0,498441.0,9232.15052885228
6852,522765.0,0.0,522765.0,522765.0,9640.2622484807
6853,471934.0,0.0,471934.0,471934.0,8784.283339287584
6854,768400.0,0.0,768400.0,768400.0,12089.862493153481
6855,706441.0,0.0,706441.0,706441.0,12089.842593231937
6856,615679.0,0.0,615679.0,615679.0,11175.766606432739
6857,251935.0,0.0,251935.0,251935.0,4925.506442759563
6858,188770.0,0.0,188770.0,188770.0,3761.3154272667716
6859,115260.0,0.0,115260.0,115260.0,2362.8307254380684
6860,115024.0,0.0,115024.0,115024.0,2358.2427816824734
6861,5979.0,0.0,5979.0,5979.0,121.3845778681602
6862,0.0,0.0,0.0,0.0,-0.0
6863,0.0,0.0,0.0,0.0,-0.0
6864,0.0,0.0,0.0,0.0,-0.0
6865,0.0,0.0,0.0,0.0,-0.0
6866,0.0,0.0,0.0,0.0,-0.0
6867,0.0,0.0,0.0,0.0,-0.0
6868,0.0,0.0,0.0,0.0,-0.0
6869,0.0,0.0,0.0,0.0,-0.0
6870,37727.0,0.0,37727.0,37727.0,646.3438546301134
6871,195064.0,0.0,195064.0,195064.0,3447.863705423272
6872,212866.0,0.0,212866.0,212866.0,4208.649505743343
6873,257193.0,0.0,257193.0,257193.0,5020.664948919056
6874,241247.0,0.0,241247.0,241247.0,4730.170657832383
6875,258547.0,0.0,258547.0,258547.0,5045.233188244483
6876,196420.0,0.0,196420.0,196420.0,3903.5963928698807
6877,168586.0,0.0,168586.0,168586.0,3382.2471485703622
6878,147058.0,0.0,147058.0,147058.0,2974.1925139051327
6879,146517.0,0.0,146517.0,146517.0,2963.8746922661176
6880,191639.0,0.0,191639.0,191639.0,3814.489773559297
6881,125119.0,0.0,125119.0,125119.0,2553.453761888845
6882,205980.0,0.0,205980.0,205980.0,4081.1272132303457
6883,272976.0,0.0,272976.0,272976.0,5306.387757422573
6884,290245.0,0.0,290245.0,290245.0,5617.215613799888
6885,583966.0,0.0,583966.0,583966.0,10654.589993285052
6886,441620.0,0.0,441620.0,441620.0,8267.124387738406
6887,292251.0,0.0,292251.0,292251.0,5653.170355808356
6888,617641.0,0.0,617641.0,617641.0,11206.619782236741
6889,573626.0,0.0,573626.0,573626.0,10484.071287888777
6890,576871.0,0.0,576871.0,576871.0,10537.5906811385
6891,768400.0,0.0,768400.0,768400.0,12088.488357567827
6892,768400.0,0.0,768400.0,768400.0,12088.468462168796
6893,768400.0,0.0,768400.0,768400.0,12088.448566835234
6894,726154.0,0.0,726154.0,726154.0,12088.42867156715
6895,768400.0,0.0,768400.0,768400.0,12088.40877636454
6896,768400.0,0.0,768400.0,768400.0,12088.388881227407
6897,735606.0,0.0,735606.0,735606.0,12088.368986155743
6898,735349.0,0.0,735349.0,735349.0,12088.349091149554
6899,768400.0,0.0,768400.0,768400.0,12088.329196208839
6900,768400.0,0.0,768400.0,768400.0,12088.309301333591
6901,768400.0,0.0,768400.0,768400.0,12088.289406523823
6902,768400.0,0.0,768400.0,768400.0,12088.269511779525
6903,768093.0,0.0,768093.0,768093.0,12088.2496171007
6904,768400.0,0.0,768400.0,768400.0,12088.229722487344
6905,760652.0,0.0,760652.0,760652.0,12088.209827939458
6906,709900.0,0.0,709900.0,709900.0,12088.189933457046
6907,720100.0,0.0,720100.0,720100.0,12088.170039040102
6908,550986.0,0.0,550986.0,550986.0,10109.00638190994
6909,768400.0,0.0,768400.0,768400.0,12088.130647357015
6910,751462.0,0.0,751462.0,751462.0,12088.110753135175
6911,541895.0,0.0,541895.0,541895.0,9957.872884999855
6912,612722.0,0.0,612722.0,612722.0,11125.813448097546
6913,282420.0,0.0,282420.0,282420.0,5476.322157952136
6914,479815.0,0.0,479815.0,479815.0,8916.366633498943
6915,490085.0,0.0,490085.0,490085.0,9089.84882895554
6916,311546.0,0.0,311546.0,311546.0,5997.690172775479
6917,197951.0,0.0,197951.0,197951.0,3931.795318938981
6918,146675.0,0.0,146675.0,146675.0,2966.675267969626
6919,437482.0,0.0,437482.0,437482.0,8195.851710409252
6920,299547.0,0.0,299547.0,299547.0,5783.495128270876
6921,655308.0,0.0,655308.0,655308.0,11818.282751049395
6922,628566.0,0.0,628566.0,628566.0,11384.1399199297
6923,640669.0,0.0,640669.0,640669.0,11580.933701900018
6924,630050.0,0.0,630050.0,630050.0,11408.264570889009
6925,664607.0,0.0,664607.0,664607.0,11968.534267581601
6926,651036.0,0.0,651036.0,651036.0,11749.016397081357
6927,577670.0,0.0,577670.0,577670.0,10550.1246095205
6928,412891.0,0.0,412891.0,412891.0,7773.1771432202995
6929,174021.0,0.0,174021.0,174021.0,3484.251431639668
6930,373162.0,0.0,373162.0,373162.0,7083.8611124566505
6931,641774.0,0.0,641774.0,641774.0,11598.725882947434
6932,768400.0,0.0,768400.0,768400.0,12087.689112399798
6933,768400.0,0.0,768400.0,768400.0,12087.669219630965
6934,742012.0,0.0,742012.0,742012.0,12087.649326927596
6935,399619.0,0.0,399619.0,399619.0,7543.74847415721
6936,203792.0,0.0,203792.0,203792.0,4040.160606546896
6937,195641.0,0.0,195641.0,195641.0,3888.6729744818967
6938,166440.0,0.0,166440.0,166440.0,3341.402384416071
6939,118469.0,0.0,118469.0,118469.0,2424.585555619134
6940,115260.0,0.0,115260.0,115260.0,2362.3321873797627
6941,115260.0,0.0,115260.0,115260.0,2362.3282965073818
6942,115260.0,0.0,115260.0,115260.0,2362.3244056477497
6943,173310.0,0.0,173310.0,173310.0,3470.79824320561
6944,246028.0,0.0,246028.0,246028.0,4816.868390274381
6945,250206.0,0.0,250206.0,250206.0,4892.993267999341
6946,305182.0,0.0,305182.0,305182.0,5883.922783415057
6947,303873.0,0.0,303873.0,303873.0,5860.54314985566
6948,239886.0,0.0,239886.0,239886.0,4704.692900521083
6949,342071.0,0.0,342071.0,342071.0,6538.243835184179
6950,368097.0,0.0,368097.0,368097.0,6995.1496793427905
6951,319452.0,0.0,319452.0,319452.0,6137.961275889671
6952,180820.0,0.0,180820.0,180820.0,3611.740642342964
6953,187740.0,0.0,187740.0,187740.0,3741.220498481631
6954,417525.0,0.0,417525.0,417525.0,7852.712969114637
6955,465955.0,0.0,465955.0,465955.0,8680.866576605646
6956,426603.0,0.0,426603.0,426603.0,8008.8112469099815
6957,417053.0,0.0,417053.0,417053.0,7844.545122769216
6958,417495.0,0.0,417495.0,417495.0,7852.144526580791
6959,375867.0,0.0,375867.0,375867.0,7130.725714194762
6960,315074.0,0.0,315074.0,315074.0,6060.04882575159
6961,365320.0,0.0,365320.0,365320.0,6946.451744506613
6962,332869.0,0.0,332869.0,332869.0,6375.631628042895
6963,275100.0,0.0,275100.0,275100.0,5343.989368949681
6964,294198.0,0.0,294198.0,294198.0,5687.322642474247
6965,282306.0,0.0,282306.0,282306.0,5473.795519315724
6966,227108.0,0.0,227108.0,227108.0,4470.383356876651
6967,568421.0,0.0,568421.0,568421.0,10396.80763830262
6968,768400.0,0.0,768400.0,768400.0,12087.022676628869
6969,405037.0,0.0,405037.0,405037.0,7637.065922079327
6970,278701.0,0.0,278701.0,278701.0,5408.843862154671
6971,241761.0,0.0,241761.0,241761.0,4738.7717498426955
6972,145415.0,0.0,145415.0,145415.0,2942.3705212522964
6973,510327.0,0.0,510327.0,510327.0,9429.518493173653
6974,235278.0,0.0,235278.0,235278.0,4620.178661781115
6975,258071.0,0.0,258071.0,258071.0,5035.731104795732
6976,99953.0,0.0,99953.0,99953.0,2059.2693033084447
6977,0.0,0.0,0.0,0.0,-0.0
6978,100035.0,0.0,100035.0,100035.0,1717.2514196300608
6979,101328.0,0.0,101328.0,101328.0,2075.7136144942174
6980,136944.0,0.0,136944.0,136944.0,2780.1644035913587
6981,530037.0,0.0,530037.0,530037.0,9758.497182534613
6982,363984.0,0.0,363984.0,363984.0,6922.326707945575
6983,254722.0,0.0,254722.0,254722.0,4974.4593244695925
6984,587691.0,0.0,587691.0,587691.0,10713.437253193426
6985,233237.0,0.0,233237.0,233237.0,4582.35700332149
6986,106330.0,0.0,106330.0,106330.0,2188.050369580838
6987,139112.0,0.0,139112.0,139112.0,2821.6474547200537
6988,88943.0,0.0,88943.0,88943.0,1835.0836999696257
6989,0.0,0.0,0.0,0.0,-0.0
6990,7375.0,0.0,7375.0,7375.0,123.17277436031115
6991,71174.0,0.0,71174.0,71174.0,1236.6163041177142
6992,133435.0,0.0,133435.0,133435.0,2562.1819158165554
6993,182028.0,0.0,182028.0,182028.0,3633.569543863396
6994,117370.0,0.0,117370.0,117370.0,2402.6765873290224
6995,133427.0,0.0,133427.0,133427.0,2712.4288916233772
6996,441193.0,0.0,441193.0,441193.0,8257.166843994835
6997,634624.0,0.0,634624.0,634624.0,11479.817846204767
6998,638317.0,0.0,638317.0,638317.0,11539.812870734537
6999,572282.0,0.0,572282.0,572282.0,10458.61018050951
7000,455188.0,0.0,455188.0,455188.0,8495.93125585498
7001,65872.0,0.0,65872.0,65872.0,1357.4425344094223
7002,56964.0,0.0,56964.0,56964.0,1174.3399170805835
7003,121844.0,0.0,121844.0,121844.0,2299.3333102964198
7004,150761.0,0.0,150761.0,150761.0,3043.453238267145
7005,121072.0,0.0,121072.0,121072.0,2474.228594805996
7006,58899.0,0.0,58899.0,58899.0,1216.5170379998779
7007,22737.0,0.0,22737.0,22737.0,468.2391642849965
7008,33004.0,0.0,33004.0,33004.0,646.0267211825916
7009,22437.0,0.0,22437.0,22437.0,462.37446240892314
7010,33880.0,0.0,33880.0,33880.0,656.3049518032725
7011,0.0,0.0,0.0,0.0,-0.0
7012,0.0,0.0,0.0,0.0,-0.0
7013,0.0,0.0,0.0,0.0,-0.0
7014,0.0,0.0,0.0,0.0,-0.0
7015,74461.0,0.0,74461.0,74461.0,1278.403184529613
7016,24383.0,0.0,24383.0,24383.0,500.26173182850357
7017,47508.0,0.0,47508.0,47508.0,891.129971910512
7018,188231.0,0.0,188231.0,188231.0,3410.850180816915
7019,115594.0,0.0,115594.0,115594.0,2367.7461086486105
7020,137197.0,0.0,137197.0,137197.0,2784.1721934537145
7021,116495.0,0.0,116495.0,116495.0,2385.218057462205
7022,88101.0,0.0,88101.0,88101.0,1813.8069710258746
7023,173439.0,0.0,173439.0,173439.0,3375.4437213202473
7024,45765.0,0.0,45765.0,45765.0,941.5570104088928
7025,30279.0,0.0,30279.0,30279.0,624.9745562173405
7026,161803.0,0.0,161803.0,161803.0,2868.505993840248
7027,332232.0,0.0,332232.0,332232.0,6361.4307570599485
7028,726972.0,0.0,726972.0,726972.0,12081.883270285409
7029,703203.0,0.0,703203.0,703203.0,12081.863396614779
7030,706985.0,0.0,706985.0,706985.0,12081.843523009515
7031,744353.0,0.0,744353.0,744353.0,12081.82364946962
7032,754353.0,0.0,754353.0,754353.0,12081.803775995091
7033,704722.0,0.0,704722.0,704722.0,12081.783902585936
7034,632066.0,0.0,632066.0,632066.0,11435.284372859818
7035,758953.0,0.0,758953.0,758953.0,12081.74428299753
7036,598845.0,0.0,598845.0,598845.0,10892.80089407328
7037,571715.0,0.0,571715.0,571715.0,10446.526596636017
7038,606777.0,0.0,606777.0,606777.0,11022.675849755415
7039,716261.0,0.0,716261.0,716261.0,12081.665561304544
7040,768400.0,0.0,768400.0,768400.0,12081.645688349987
7041,768400.0,0.0,768400.0,768400.0,12081.6258154608
7042,768400.0,0.0,768400.0,768400.0,12081.60594263697
7043,768400.0,0.0,768400.0,768400.0,12081.586069878505
7044,768400.0,0.0,768400.0,768400.0,12081.566197185408
7045,768400.0,0.0,768400.0,768400.0,12081.54632455767
7046,768400.0,0.0,768400.0,768400.0,12081.526451995298
7047,768400.0,0.0,768400.0,768400.0,12081.506579498284
7048,768400.0,0.0,768400.0,768400.0,12081.486707066631
7049,768400.0,0.0,768400.0,768400.0,12081.466834700346
7050,768400.0,0.0,768400.0,768400.0,12081.446962399421
7051,768400.0,0.0,768400.0,768400.0,12081.427090163854
7052,760857.0,0.0,760857.0,760857.0,12081.407217993648
7053,567547.0,0.0,567547.0,567547.0,10377.422880909064
7054,643734.0,0.0,643734.0,643734.0,11624.40886632691
7055,556944.0,0.0,556944.0,556944.0,10201.97807094022
7056,579853.0,0.0,579853.0,579853.0,10580.358871081438
7057,563882.0,0.0,563882.0,563882.0,10316.767019041776
7058,542638.0,0.0,542638.0,542638.0,9964.494804805794
7059,318592.0,0.0,318592.0,318592.0,6119.39066223648
7060,251323.0,0.0,251323.0,251323.0,4910.580705565771
7061,170574.0,0.0,170574.0,170574.0,3417.3271595126903
7062,170956.0,0.0,170956.0,170956.0,3424.510984280692
7063,535779.0,0.0,535779.0,535779.0,9850.274014925113
7064,140113.0,0.0,140113.0,140113.0,2839.558217171924
7065,115260.0,0.0,115260.0,115260.0,2360.902378897734
7066,236591.0,0.0,236591.0,236591.0,4641.791392557965
7067,185511.0,0.0,185511.0,185511.0,3697.45226699988
7068,515432.0,0.0,515432.0,515432.0,9510.388615379989
7069,203244.0,0.0,203244.0,203244.0,4027.588331953692
7070,178924.0,0.0,178924.0,178924.0,3574.128237498346
7071,284518.0,0.0,284518.0,284518.0,5510.610525067472
7072,392878.0,0.0,392878.0,392878.0,7422.645460791426
7073,93591.0,0.0,93591.0,93591.0,1929.4312870923884
7074,92779.0,0.0,92779.0,92779.0,1913.5157325361786
7075,8016.0,0.0,8016.0,8016.0,159.78761875455012
7076,30323.0,0.0,30323.0,30323.0,536.3501727595923
7077,115106.0,0.0,115106.0,115106.0,2079.602584009104
7078,408767.0,0.0,408767.0,408767.0,7696.914249913985
7079,375823.0,0.0,375823.0,375823.0,7125.551106085525
7080,555156.0,0.0,555156.0,555156.0,10171.272392536783
7081,224253.0,0.0,224253.0,224253.0,4415.0983315556105
7082,451032.0,0.0,451032.0,451032.0,8421.683011144725
7083,373935.0,0.0,373935.0,373935.0,7092.5846850987355
7084,333334.0,0.0,333334.0,333334.0,6379.848042975448
7085,382510.0,0.0,382510.0,382510.0,7241.920472565759
7086,241249.0,0.0,241249.0,241249.0,4726.435146591973
7087,587569.0,0.0,587569.0,587569.0,10706.101651213552
7088,280328.0,0.0,280328.0,280328.0,5434.72635554895
7089,237028.0,0.0,237028.0,237028.0,4649.275867739395
7090,452222.0,0.0,452222.0,452222.0,8441.853803175727
7091,394926.0,0.0,394926.0,394926.0,7457.4094815248645
7092,466286.0,0.0,466286.0,466286.0,8680.977449125769
7093,572899.0,0.0,572899.0,572899.0,10464.428537676695
7094,499585.0,0.0,499585.0,499585.0,9243.453960093872
7095,463989.0,0.0,463989.0,463989.0,8641.940003344003
7096,768400.0,0.0,768400.0,768400.0,12079.787945311284
7097,675060.0,0.0,675060.0,675060.0,12079.768078531712
7098,675143.0,0.0,675143.0,675143.0,12079.748211817478
7099,768400.0,0.0,768400.0,768400.0,12079.728345168573
7100,768400.0,0.0,768400.0,768400.0,12079.708478584998
7101,768400.0,0.0,768400.0,768400.0,12079.688612066766
7102,750203.0,0.0,750203.0,750203.0,12079.668745613862
7103,714082.0,0.0,714082.0,714082.0,12079.64887922629
7104,731073.0,0.0,731073.0,731073.0,12079.629012904052
7105,623201.0,0.0,623201.0,623201.0,11288.924514350347
7106,626147.0,0.0,626147.0,626147.0,11336.895441422485
7107,515907.0,0.0,515907.0,515907.0,9517.107445461907
7108,515907.0,0.0,515907.0,515907.0,9517.091800024436
7109,566601.0,0.0,566601.0,566601.0,10360.17219499461
7110,651214.0,0.0,651214.0,651214.0,11743.811478689531
7111,747287.0,0.0,747287.0,747287.0,12079.491698189839
7112,768400.0,0.0,768400.0,768400.0,12079.471832384492
7113,449720.0,0.0,449720.0,449720.0,8398.882290966358
7114,503014.0,0.0,503014.0,503014.0,9300.776041227376
7115,272451.0,0.0,272451.0,272451.0,5292.529276558321
7116,444335.0,0.0,444335.0,444335.0,8306.95619345493
7117,406939.0,0.0,406939.0,406939.0,7664.860435998795
7118,208815.0,0.0,208815.0,208815.0,4130.136015753804
7119,190596.0,0.0,190596.0,190596.0,3791.770979186664
7120,449667.0,0.0,449667.0,449667.0,8397.884208504898
7121,621802.0,0.0,621802.0,621802.0,11265.834812616904
7122,564780.0,0.0,564780.0,564780.0,10329.860653080164
7123,520930.0,0.0,520930.0,520930.0,9600.894690804293
7124,740670.0,0.0,740670.0,740670.0,12079.243585743423
7125,717226.0,0.0,717226.0,717226.0,12079.223720753995
7126,681615.0,0.0,681615.0,681615.0,12079.20385582989
7127,585131.0,0.0,585131.0,585131.0,10665.321486887615
7128,348991.0,0.0,348991.0,348991.0,6655.302474501319
7129,226153.0,0.0,226153.0,226153.0,4449.638623027966
7130,218662.0,0.0,218662.0,218662.0,4311.833425936793
7131,369848.0,0.0,369848.0,369848.0,7020.689044734569
7132,551242.0,0.0,551242.0,551242.0,10105.524916808034
7133,690282.0,0.0,690282.0,690282.0,12079.071278263398
7134,736116.0,0.0,736116.0,736116.0,12079.051413840585
7135,719176.0,0.0,719176.0,719176.0,12079.031549483097
7136,768400.0,0.0,768400.0,768400.0,12079.011685190933
7137,768400.0,0.0,768400.0,768400.0,12078.991820964085
7138,768400.0,0.0,768400.0,768400.0,12078.971956802563
7139,768400.0,0.0,768400.0,768400.0,12078.952092706362
7140,768400.0,0.0,768400.0,768400.0,12078.93222867548
7141,768400.0,0.0,768400.0,768400.0,12078.912364709917
7142,768400.0,0.0,768400.0,768400.0,12078.89250080967
7143,768400.0,0.0,768400.0,768400.0,12078.872636974751
7144,768400.0,0.0,768400.0,768400.0,12078.852773205148
7145,768400.0,0.0,768400.0,768400.0,12078.832909500867
7146,768400.0,0.0,768400.0,768400.0,12078.8130458619
7147,768400.0,0.0,768400.0,768400.0,12078.793182288251
7148,768400.0,0.0,768400.0,768400.0,12078.773318779919
7149,768400.0,0.0,768400.0,768400.0,12078.75345533691
7150,768400.0,0.0,768400.0,768400.0,12078.733591959215
7151,768400.0,0.0,768400.0,768400.0,12078.713728646837
7152,768400.0,0.0,768400.0,768400.0,12078.693865399777
7153,768400.0,0.0,768400.0,768400.0,12078.674002218027
7154,768400.0,0.0,768400.0,768400.0,12078.654139101604
7155,768400.0,0.0,768400.0,768400.0,12078.634276050492
7156,768400.0,0.0,768400.0,768400.0,12078.61441306469
7157,768400.0,0.0,768400.0,768400.0,12078.59455014421
7158,768400.0,0.0,768400.0,768400.0,12078.57468728904
7159,745540.0,0.0,745540.0,745540.0,12078.554824499191
7160,768400.0,0.0,768400.0,768400.0,12078.534961774649
7161,628905.0,0.0,628905.0,628905.0,11380.772901214103
7162,768400.0,0.0,768400.0,768400.0,12078.495373685955
7163,716128.0,0.0,716128.0,716128.0,12078.475511156907
7164,754439.0,0.0,754439.0,754439.0,12078.455648693169
7165,478154.0,0.0,478154.0,478154.0,8880.966544542656
7166,462140.0,0.0,462140.0,462140.0,8609.505203031644
7167,371087.0,0.0,371087.0,371087.0,7041.882175800962
7168,274058.0,0.0,274058.0,274058.0,5321.026975859302
7169,294968.0,0.0,294968.0,294968.0,5696.68575850591
7170,412236.0,0.0,412236.0,412236.0,7755.545165334861
7171,277603.0,0.0,277603.0,277603.0,5384.887515768361
7172,347043.0,0.0,347043.0,347043.0,6620.547700511488
7173,314462.0,0.0,314462.0,314462.0,6044.4023915757125
7174,368242.0,0.0,368242.0,368242.0,6992.122135214217
7175,302321.0,0.0,302321.0,302321.0,5828.073989715162
7176,365013.0,0.0,365013.0,365013.0,6935.66019955691
7177,385638.0,0.0,385638.0,385638.0,7295.169943663731
7178,449369.0,0.0,449369.0,449369.0,8391.987896748642
7179,585064.0,0.0,585064.0,585064.0,10663.314675879126
7180,663817.0,0.0,663817.0,663817.0,11946.198709916762
7181,597880.0,0.0,597880.0,597880.0,10873.707746777145
7182,537111.0,0.0,537111.0,537111.0,9869.88863026368
7183,599652.0,0.0,599652.0,599652.0,10902.71489782179
7184,768400.0,0.0,768400.0,768400.0,12078.075205338346
7185,768400.0,0.0,768400.0,768400.0,12078.055344190892
7186,768400.0,0.0,768400.0,768400.0,12078.035483108739
7187,768400.0,0.0,768400.0,768400.0,12078.015622091893
7188,513245.0,0.0,513245.0,513245.0,9471.257883352917
7189,583430.0,0.0,583430.0,583430.0,10636.261940185439
7190,539242.0,0.0,539242.0,539242.0,9905.220768474985
7191,523404.0,0.0,523404.0,523404.0,9641.159305541702
7192,681507.0,0.0,681507.0,681507.0,12077.918061080993
7193,768400.0,0.0,768400.0,768400.0,12077.898200450241
7194,768400.0,0.0,768400.0,768400.0,12077.878339884797
7195,768400.0,0.0,768400.0,768400.0,12077.858479384653
7196,768400.0,0.0,768400.0,768400.0,12077.838618949816
7197,768400.0,0.0,768400.0,768400.0,12077.818758580275
7198,768400.0,0.0,768400.0,768400.0,12077.79889827604
7199,768400.0,0.0,768400.0,768400.0,12077.779038037108
7200,755290.0,0.0,755290.0,755290.0,12077.759177863478
7201,552662.0,0.0,552662.0,552662.0,10127.918732230553
7202,512938.0,0.0,512938.0,512938.0,9465.892878804667
7203,355352.0,0.0,355352.0,355352.0,6766.137480002223
7204,244773.0,0.0,244773.0,244773.0,4789.744442463436
7205,233837.0,0.0,233837.0,233837.0,4589.939984657689
7206,146136.0,0.0,146136.0,146136.0,2953.553862439338
7207,459838.0,0.0,459838.0,459838.0,8569.804118356025
7208,485421.0,0.0,485421.0,485421.0,9003.11216470594
7209,494803.0,0.0,494803.0,494803.0,9161.241488851685
7210,629446.0,0.0,629446.0,629446.0,11388.678534798337
7211,533196.0,0.0,533196.0,533196.0,9804.215630435401
7212,551710.0,0.0,551710.0,551710.0,10111.955400055465
7213,537465.0,0.0,537465.0,537465.0,9875.277449006227
7214,480694.0,0.0,480694.0,480694.0,8923.189779277754
7215,502763.0,0.0,502763.0,502763.0,9295.007393576569
7216,213832.0,0.0,213832.0,213832.0,4222.116720707616
7217,115260.0,0.0,115260.0,115260.0,2360.071176858469
7218,46809.0,0.0,46809.0,46809.0,966.0275158572332
7219,74086.0,0.0,74086.0,74086.0,1436.243001491926
7220,116360.0,0.0,116360.0,116360.0,2265.7822976712678
7221,161640.0,0.0,161640.0,161640.0,3247.505753739045
7222,128769.0,0.0,128769.0,128769.0,2620.9113934519787
7223,109199.0,0.0,109199.0,109199.0,2242.124051866769
7224,77270.0,0.0,77270.0,77270.0,1592.4334874689314
7225,34833.0,0.0,34833.0,34833.0,718.3133287472391
7226,34740.0,0.0,34740.0,34740.0,716.4907866547483
7227,26697.0,0.0,26697.0,26697.0,550.0566598545968
7228,29185.0,0.0,29185.0,29185.0,598.5421485778064
7229,35127.0,0.0,35127.0,35127.0,693.903666796633
7230,28704.0,0.0,28704.0,28704.0,589.1916546083862
7231,178646.0,0.0,178646.0,178646.0,3121.7180983183785
7232,419301.0,0.0,419301.0,419301.0,7875.649572610295
7233,388174.0,0.0,388174.0,388174.0,7337.842784674273
7234,95499.0,0.0,95499.0,95499.0,1965.8579270507184
7235,382853.0,0.0,382853.0,382853.0,7144.967600203165
7236,346774.0,0.0,346774.0,346774.0,6614.439211973625
7237,191816.0,0.0,191816.0,191816.0,3813.315580979665
7238,256750.0,0.0,256750.0,256750.0,5006.794665114731
7239,37918.0,0.0,37918.0,37918.0,783.0709626850407
7240,10866.0,0.0,10866.0,10866.0,221.5598927373706
7241,34833.0,0.0,34833.0,34833.0,628.4607015227039
7242,56878.0,0.0,56878.0,56878.0,1096.6589719452634
7243,56742.0,0.0,56742.0,56742.0,1169.0230815548925
7244,71769.0,0.0,71769.0,71769.0,1422.2991543343815
7245,118920.0,0.0,118920.0,118920.0,2312.5563437927385
7246,70768.0,0.0,70768.0,70768.0,1456.3553532084657
7247,86324.0,0.0,86324.0,86324.0,1718.6340366847019
7248,53548.0,0.0,53548.0,53548.0,1102.1371327516638
7249,42577.0,0.0,42577.0,42577.0,878.6399715114165
7250,37067.0,0.0,37067.0,37067.0,761.8496500104679
7251,25411.0,0.0,25411.0,25411.0,524.8134221565584
7252,46483.0,0.0,46483.0,46483.0,886.8121593026619
7253,60083.0,0.0,60083.0,60083.0,1194.4695044975235
7254,72060.0,0.0,72060.0,72060.0,1442.224031611488
7255,133389.0,0.0,133389.0,133389.0,2577.573884344822
7256,188528.0,0.0,188528.0,188528.0,3751.405408066152
7257,217038.0,0.0,217038.0,217038.0,4279.9587323584165
7258,296026.0,0.0,296026.0,296026.0,5713.461100782811
7259,261145.0,0.0,261145.0,261145.0,5085.653933841743
7260,286162.0,0.0,286162.0,286162.0,5536.703276132643
7261,249413.0,0.0,249413.0,249413.0,4872.669942014955
7262,250569.0,0.0,250569.0,250569.0,4893.688365418964
7263,421006.0,0.0,421006.0,421006.0,7903.556599366149
7264,374025.0,0.0,374025.0,374025.0,7090.417994528769
7265,341522.0,0.0,341522.0,341522.0,6520.87456873165
7266,197809.0,0.0,197809.0,197809.0,3924.118351931269
7267,330453.0,0.0,330453.0,330453.0,6325.529519552767
7268,188266.0,0.0,188266.0,188266.0,3746.441653870366
7269,158691.0,0.0,158691.0,158691.0,3190.8445373661725
7270,56359.0,0.0,56359.0,56359.0,1161.4262847470586
7271,88654.0,0.0,88654.0,88654.0,1711.5080440655443
7272,38470.0,0.0,38470.0,38470.0,793.7846511478721
7273,103570.0,0.0,103570.0,103570.0,1909.7316790297757
7274,98729.0,0.0,98729.0,98729.0,2032.6367089169175
7275,17819.0,0.0,17819.0,17819.0,367.11730232282054
7276,0.0,0.0,0.0,0.0,-0.0
7277,0.0,0.0,0.0,0.0,-0.0
7278,0.0,0.0,0.0,0.0,-0.0
7279,178996.0,0.0,178996.0,178996.0,2977.1198396779273
7280,423206.0,0.0,423206.0,423206.0,7940.05505621416
7281,73922.0,0.0,73922.0,73922.0,1522.0212474842585
7282,42885.0,0.0,42885.0,42885.0,884.5256713961728
7283,65904.0,0.0,65904.0,65904.0,1281.3089647476854
7284,88501.0,0.0,88501.0,88501.0,1737.3042355074924
7285,94880.0,0.0,94880.0,94880.0,1938.1848738844515
7286,116846.0,0.0,116846.0,116846.0,2356.402946586206
7287,579061.0,0.0,579061.0,579061.0,10558.631375126039
7288,299103.0,0.0,299103.0,299103.0,5767.137021406072
7289,225327.0,0.0,225327.0,225327.0,4431.388945090597
7290,236808.0,0.0,236808.0,236808.0,4641.707947280885
7291,226162.0,0.0,226162.0,226162.0,4446.703651953899
7292,221190.0,0.0,221190.0,221190.0,4355.342030642611
7293,299503.0,0.0,299503.0,299503.0,5774.2353346856935
7294,410047.0,0.0,410047.0,410047.0,7713.164579667112
7295,432011.0,0.0,432011.0,432011.0,8090.539183773542
7296,349821.0,0.0,349821.0,349821.0,6665.326082183432
7297,468829.0,0.0,468829.0,468829.0,8717.755717242164
7298,496538.0,0.0,496538.0,496538.0,9185.541321293018
7299,613570.0,0.0,613570.0,613570.0,11124.08956470355
7300,659010.0,0.0,659010.0,659010.0,11861.817601748135
7301,536857.0,0.0,536857.0,536857.0,9859.949862169575
7302,612356.0,0.0,612356.0,612356.0,11104.215989926655
7303,739289.0,0.0,739289.0,739289.0,12071.238208151088
7304,510029.0,0.0,510029.0,510029.0,9411.932394477613
7305,304409.0,0.0,304409.0,304409.0,5861.666855323333
7306,172858.0,0.0,172858.0,172858.0,3457.084402934083
7307,100182.0,0.0,100182.0,100182.0,2060.677986045367
7308,83572.0,0.0,83572.0,83572.0,1719.1118557240245
7309,42835.0,0.0,42835.0,42835.0,883.5037458967616
7310,55446.0,0.0,55446.0,55446.0,1099.406236301299
7311,76231.0,0.0,76231.0,76231.0,1498.633010794176
7312,170220.0,0.0,170220.0,170220.0,3265.6814414083346
7313,312520.0,0.0,312520.0,312520.0,6005.762700435244
7314,586372.0,0.0,586372.0,586372.0,10678.001010785021
7315,679850.0,0.0,679850.0,679850.0,12070.549353799266
7316,689372.0,0.0,689372.0,689372.0,12070.52951737778
7317,401723.0,0.0,401723.0,401723.0,7568.901980872049
7318,300488.0,0.0,300488.0,300488.0,5791.341553949711
7319,373248.0,0.0,373248.0,373248.0,7074.685235831554
7320,371437.0,0.0,371437.0,371437.0,7043.095845708461
7321,441456.0,0.0,441456.0,441456.0,8251.397467269644
7322,423757.0,0.0,423757.0,423757.0,7948.332816027123
7323,403422.0,0.0,403422.0,403422.0,7598.178657370045
7324,376196.0,0.0,376196.0,376196.0,7125.991527179471
7325,345823.0,0.0,345823.0,345823.0,6594.474738257925
7326,288299.0,0.0,288299.0,288299.0,5573.185988484613
7327,414376.0,0.0,414376.0,414376.0,7787.004441653191
7328,634052.0,0.0,634052.0,634052.0,11456.6332844198
7329,614511.0,0.0,614511.0,614511.0,11138.485398479072
7330,590041.0,0.0,590041.0,590041.0,10737.982168452258
7331,596488.0,0.0,596488.0,596488.0,10843.709930888197
7332,594375.0,0.0,594375.0,594375.0,10809.052593027656
7333,580588.0,0.0,580588.0,580588.0,10582.575005740126
7334,552921.0,0.0,552921.0,552921.0,10125.75098751237
7335,462533.0,0.0,462533.0,462533.0,8610.080664589017
7336,154327.0,0.0,154327.0,154327.0,3107.092798102205
7337,28173.0,0.0,28173.0,28173.0,578.6753340245378
7338,51333.0,0.0,51333.0,51333.0,970.300884604707
7339,51030.0,0.0,51030.0,51030.0,1052.481393452303
7340,187908.0,0.0,187908.0,187908.0,3427.241812217033
7341,279630.0,0.0,279630.0,279630.0,5417.081430010254
7342,361357.0,0.0,361357.0,361357.0,6866.3895780784915
7343,542490.0,0.0,542490.0,542490.0,9952.038013259205
7344,693827.0,0.0,693827.0,693827.0,12069.392494377484
7345,754421.0,0.0,754421.0,754421.0,12069.372661755837
7346,768400.0,0.0,768400.0,768400.0,12069.35282919936
7347,768400.0,0.0,768400.0,768400.0,12069.332996708044
7348,768400.0,0.0,768400.0,768400.0,12069.313164281895
7349,768400.0,0.0,768400.0,768400.0,12069.293331920911
7350,768400.0,0.0,768400.0,768400.0,12069.27349962509
7351,768400.0,0.0,768400.0,768400.0,12069.253667394432
7352,768400.0,0.0,768400.0,768400.0,12069.233835228937
7353,768400.0,0.0,768400.0,768400.0,12069.214003128605
7354,768400.0,0.0,768400.0,768400.0,12069.194171093437
7355,768400.0,0.0,768400.0,768400.0,12069.174339123434
7356,768400.0,0.0,768400.0,768400.0,12069.15450721859
7357,768400.0,0.0,768400.0,768400.0,12069.134675378911
7358,768400.0,0.0,768400.0,768400.0,12069.114843604391
7359,768400.0,0.0,768400.0,768400.0,12069.095011895033
7360,768400.0,0.0,768400.0,768400.0,12069.075180250835
7361,768400.0,0.0,768400.0,768400.0,12069.0553486718
7362,768400.0,0.0,768400.0,768400.0,12069.035517157925
7363,768400.0,0.0,768400.0,768400.0,12069.015685709208
7364,768400.0,0.0,768400.0,768400.0,12068.995854325649
7365,768400.0,0.0,768400.0,768400.0,12068.976023007253
7366,768400.0,0.0,768400.0,768400.0,12068.956191754012
7367,768400.0,0.0,768400.0,768400.0,12068.93636056593
7368,768400.0,0.0,768400.0,768400.0,12068.91652944301
7369,768400.0,0.0,768400.0,768400.0,12068.896698385244
7370,768400.0,0.0,768400.0,768400.0,12068.876867392642
7371,768400.0,0.0,768400.0,768400.0,12068.857036465197
7372,768400.0,0.0,768400.0,768400.0,12068.837205602906
7373,768400.0,0.0,768400.0,768400.0,12068.817374805769
7374,768400.0,0.0,768400.0,768400.0,12068.79754407379
7375,768400.0,0.0,768400.0,768400.0,12068.777713406967
7376,768400.0,0.0,768400.0,768400.0,12068.757882805305
7377,768400.0,0.0,768400.0,768400.0,12068.738052268789
7378,768400.0,0.0,768400.0,768400.0,12068.718221797435
7379,768400.0,0.0,768400.0,768400.0,12068.698391391235
7380,768400.0,0.0,768400.0,768400.0,12068.678561050187
7381,641441.0,0.0,641441.0,641441.0,11574.960754363141
7382,618233.0,0.0,618233.0,618233.0,11197.655123384191
7383,271032.0,0.0,271032.0,271032.0,5261.824059788412
7384,354831.0,0.0,354831.0,354831.0,6751.602152711338
7385,768400.0,0.0,768400.0,768400.0,12068.582337825088
7386,768400.0,0.0,768400.0,768400.0,12068.562507865345
7387,768400.0,0.0,768400.0,768400.0,12068.542677970754
7388,768400.0,0.0,768400.0,768400.0,12068.522848141312
7389,768400.0,0.0,768400.0,768400.0,12068.503018377023
7390,768400.0,0.0,768400.0,768400.0,12068.483188677885
7391,768400.0,0.0,768400.0,768400.0,12068.463359043899
7392,768400.0,0.0,768400.0,768400.0,12068.433147994429
7393,768400.0,0.0,768400.0,768400.0,12068.413318524832
7394,768400.0,0.0,768400.0,768400.0,12068.393489120383
7395,768400.0,0.0,768400.0,768400.0,12068.37365978109
7396,768400.0,0.0,768400.0,768400.0,12068.353830506938
7397,768400.0,0.0,768400.0,768400.0,12068.334001297937
7398,768400.0,0.0,768400.0,768400.0,12068.31417215409
7399,747170.0,0.0,747170.0,747170.0,12068.294343075382
7400,633732.0,0.0,633732.0,633732.0,11449.499270361759
7401,768400.0,0.0,768400.0,768400.0,12068.254806506742
7402,555882.0,0.0,555882.0,555882.0,10173.117131912146
7403,410205.0,0.0,410205.0,410205.0,7713.748377916614
7404,347970.0,0.0,347970.0,347970.0,6630.953860427058
7405,445194.0,0.0,445194.0,445194.0,8313.585856114149
7406,335659.0,0.0,335659.0,335659.0,6414.206307904405
7407,206517.0,0.0,206517.0,206517.0,4083.418639897363
7408,184413.0,0.0,184413.0,184413.0,3672.5305937454264
7409,214326.0,0.0,214326.0,214326.0,4227.631102263271
7410,201506.0,0.0,201506.0,201506.0,3990.59840874354
7411,285474.0,0.0,285474.0,285474.0,5521.388805842933
7412,246511.0,0.0,246511.0,246511.0,4817.230869871334
7413,300644.0,0.0,300644.0,300644.0,5792.859418041131
7414,201292.0,0.0,201292.0,201292.0,3986.6042249686525
7415,115260.0,0.0,115260.0,115260.0,2357.959361023532
7416,115260.0,0.0,115260.0,115260.0,2357.955484462653
7417,115260.0,0.0,115260.0,115260.0,2357.9516079144532
7418,115260.0,0.0,115260.0,115260.0,2357.9477313789334
7419,115260.0,0.0,115260.0,115260.0,2357.9438548560915
7420,119857.0,0.0,119857.0,119857.0,2446.919937122854
7421,182094.0,0.0,182094.0,182094.0,3629.1117094088663
7422,254205.0,0.0,254205.0,254205.0,4957.008860808951
7423,335047.0,0.0,335047.0,335047.0,6403.238380992547
7424,547941.0,0.0,547941.0,547941.0,10041.191180911599
7425,413462.0,0.0,413462.0,413462.0,7769.5805979113575
7426,506766.0,0.0,506766.0,506766.0,9354.504263112092
7427,356847.0,0.0,356847.0,356847.0,6786.443570410822
7428,358891.0,0.0,358891.0,358891.0,6822.228518652721
7429,587847.0,0.0,587847.0,587847.0,10699.690915221054
7430,724774.0,0.0,724774.0,724774.0,12067.72237372173
7431,521720.0,0.0,521720.0,521720.0,9604.667661174955
7432,304540.0,0.0,304540.0,304540.0,5862.170654249416
7433,547241.0,0.0,547241.0,547241.0,10029.433087636566
7434,670067.0,0.0,670067.0,670067.0,12036.520723785457
7435,649773.0,0.0,649773.0,649773.0,11708.906694508858
7436,399577.0,0.0,399577.0,399577.0,7529.9049703960745
7437,299583.0,0.0,299583.0,299583.0,5773.689405617786
7438,181148.0,0.0,181148.0,181148.0,3611.310662497044
7439,169609.0,0.0,169609.0,169609.0,3394.862031794963
7440,166159.0,0.0,166159.0,166159.0,3329.911814270087
7441,144081.0,0.0,144081.0,144081.0,2911.622922586182
7442,157048.0,0.0,157048.0,157048.0,3157.859688700823
7443,173410.0,0.0,173410.0,173410.0,3466.266820394444
7444,215282.0,0.0,215282.0,215282.0,4245.0069013801
7445,239769.0,0.0,239769.0,239769.0,4694.082189564402
7446,297482.0,0.0,297482.0,297482.0,5736.080334585833
7447,323181.0,0.0,323181.0,323181.0,6193.232483406226
7448,519659.0,0.0,519659.0,519659.0,9569.983069705944
7449,312658.0,0.0,312658.0,312658.0,6006.501812636961
7450,481400.0,0.0,481400.0,481400.0,8927.370912756367
7451,525273.0,0.0,525273.0,525273.0,9663.673585689876
7452,563974.0,0.0,563974.0,563974.0,10306.131721303811
7453,490506.0,0.0,490506.0,490506.0,9080.871837772715
7454,660737.0,0.0,660737.0,660737.0,11885.73377853578
7455,283272.0,0.0,283272.0,283272.0,5481.460929190141
7456,163394.0,0.0,163394.0,163394.0,3277.692643647237
7457,110422.0,0.0,110422.0,110422.0,2263.8560690866625
7458,44224.0,0.0,44224.0,44224.0,910.412474907928
7459,51731.0,0.0,51731.0,51731.0,1036.404164985147
7460,136347.0,0.0,136347.0,136347.0,2533.8199657852088
7461,74716.0,0.0,74716.0,74716.0,1536.8128697921297
7462,77487.0,0.0,77487.0,77487.0,1580.4977512303237
7463,62683.0,0.0,62683.0,62683.0,1288.7007762440385
7464,60767.0,0.0,60767.0,60767.0,1251.270684225797
7465,35173.0,0.0,35173.0,35173.0,724.5029255849829
7466,45380.0,0.0,45380.0,45380.0,901.8944857525025
7467,85884.0,0.0,85884.0,85884.0,1620.6519156788986
7468,198047.0,0.0,198047.0,198047.0,3816.913066224335
7469,370438.0,0.0,370438.0,370438.0,7022.91555084315
7470,433690.0,0.0,433690.0,433690.0,8115.476143661395
7471,561411.0,0.0,561411.0,561411.0,10262.589260544937
7472,768400.0,0.0,768400.0,768400.0,12065.917726113172
7473,768400.0,0.0,768400.0,768400.0,12065.897904903164
7474,768400.0,0.0,768400.0,768400.0,12065.878083758267
7475,768400.0,0.0,768400.0,768400.0,12065.858262678477
7476,768400.0,0.0,768400.0,768400.0,12065.838441663796
7477,768400.0,0.0,768400.0,768400.0,12065.81862071423
7478,768400.0,0.0,768400.0,768400.0,12065.798799829765
7479,768400.0,0.0,768400.0,768400.0,12065.778979010405
7480,768400.0,0.0,768400.0,768400.0,12065.759158256162
7481,768400.0,0.0,768400.0,768400.0,12065.739337567016
7482,768400.0,0.0,768400.0,768400.0,12065.719516942983
7483,768400.0,0.0,768400.0,768400.0,12065.699696384057
7484,768400.0,0.0,768400.0,768400.0,12065.679875890235
7485,768400.0,0.0,768400.0,768400.0,12065.660055461514
7486,768400.0,0.0,768400.0,768400.0,12065.640235097906
7487,759207.0,0.0,759207.0,759207.0,12065.620414799398
7488,495367.0,0.0,495367.0,495367.0,9161.357418131973
7489,328029.0,0.0,328029.0,328029.0,6278.015987718301
7490,115260.0,0.0,115260.0,115260.0,2357.4152035328343
7491,90336.0,0.0,90336.0,90336.0,1858.8543236773667
7492,0.0,0.0,0.0,0.0,-0.0
7493,113003.0,0.0,113003.0,113003.0,1927.8707289608974
7494,226934.0,0.0,226934.0,226934.0,4458.115357823674
7495,403345.0,0.0,403345.0,403345.0,7593.048585185501
7496,517244.0,0.0,517244.0,517244.0,9527.373944983925
7497,627257.0,0.0,627257.0,627257.0,11340.779808081747
7498,526859.0,0.0,526859.0,526859.0,9687.867965086265
7499,641941.0,0.0,641941.0,641941.0,11579.116814617884
7500,658826.0,0.0,658826.0,658826.0,11852.19719669537
7501,636560.0,0.0,636560.0,636560.0,11491.821307142374
7502,745835.0,0.0,745835.0,745835.0,12064.503613579493
7503,768400.0,0.0,768400.0,768400.0,12064.483797014353
7504,768400.0,0.0,768400.0,768400.0,12064.46398051429
7505,768400.0,0.0,768400.0,768400.0,12064.44416407932
7506,768400.0,0.0,768400.0,768400.0,12064.424347709431
7507,768400.0,0.0,768400.0,768400.0,12064.404531404627
7508,768400.0,0.0,768400.0,768400.0,12064.384715164912
7509,768400.0,0.0,768400.0,768400.0,12064.364898990278
7510,768400.0,0.0,768400.0,768400.0,12064.345082880733
7511,768400.0,0.0,768400.0,768400.0,12064.325266836271
7512,768400.0,0.0,768400.0,768400.0,12064.305450856891
7513,768400.0,0.0,768400.0,768400.0,12064.285634942593
7514,768400.0,0.0,768400.0,768400.0,12064.265819093382
7515,768400.0,0.0,768400.0,768400.0,12064.246003309252
7516,768400.0,0.0,768400.0,768400.0,12064.2261875902
7517,768400.0,0.0,768400.0,768400.0,12064.206371936238
7518,758860.0,0.0,758860.0,758860.0,12064.186556347355
7519,737393.0,0.0,737393.0,737393.0,12064.16674082355
7520,577004.0,0.0,577004.0,577004.0,10518.215338828897
7521,571020.0,0.0,571020.0,571020.0,10419.622829521413
7522,589245.0,0.0,589245.0,589245.0,10719.37141546111
7523,721543.0,0.0,721543.0,721543.0,12064.088380574543
7524,683649.0,0.0,683649.0,683649.0,12064.068565373187
7525,768400.0,0.0,768400.0,768400.0,12064.048750236905
7526,768400.0,0.0,768400.0,768400.0,12064.028935165703
7527,768400.0,0.0,768400.0,768400.0,12064.009120159584
7528,679693.0,0.0,679693.0,679693.0,12063.98930521854
7529,768400.0,0.0,768400.0,768400.0,12063.969490342577
7530,768400.0,0.0,768400.0,768400.0,12063.94967553169
7531,740352.0,0.0,740352.0,740352.0,12063.92986078588
7532,768400.0,0.0,768400.0,768400.0,12063.910046105148
7533,768400.0,0.0,768400.0,768400.0,12063.890231489495
7534,768400.0,0.0,768400.0,768400.0,12063.870416938913
7535,768400.0,0.0,768400.0,768400.0,12063.850602453414
7536,768400.0,0.0,768400.0,768400.0,12063.830788032988
7537,768400.0,0.0,768400.0,768400.0,12063.810973677637
7538,759203.0,0.0,759203.0,759203.0,12063.791159387365
7539,768400.0,0.0,768400.0,768400.0,12063.77134516217
7540,727223.0,0.0,727223.0,727223.0,12063.751531002039
7541,638601.0,0.0,638601.0,638601.0,11524.17055407229
7542,544590.0,0.0,544590.0,544590.0,9982.098507650171
7543,688534.0,0.0,688534.0,688534.0,12063.692611897723
7544,768400.0,0.0,768400.0,768400.0,12063.672797996176
7545,768400.0,0.0,768400.0,768400.0,12063.6529841597
7546,768400.0,0.0,768400.0,768400.0,12063.633170388302
7547,768400.0,0.0,768400.0,768400.0,12063.613356681977
7548,768400.0,0.0,768400.0,768400.0,12063.59354304072
7549,768400.0,0.0,768400.0,768400.0,12063.573729464539
7550,768400.0,0.0,768400.0,768400.0,12063.553915953422
7551,768400.0,0.0,768400.0,768400.0,12063.534102507387
7552,512963.0,0.0,512963.0,512963.0,9454.878435061999
7553,642169.0,0.0,642169.0,642169.0,11581.781629622612
7554,751277.0,0.0,751277.0,751277.0,12063.475284427135
7555,768400.0,0.0,768400.0,768400.0,12063.455471239331
7556,536378.0,0.0,536378.0,536378.0,9845.434675609738
7557,666155.0,0.0,666155.0,666155.0,11969.28937146117
7558,768400.0,0.0,768400.0,768400.0,12063.396496012181
7559,610579.0,0.0,610579.0,610579.0,11067.893698311278
7560,334381.0,0.0,334381.0,334381.0,6388.94402061806
7561,300276.0,0.0,300276.0,300276.0,5783.868917930592
7562,303766.0,0.0,303766.0,303766.0,5846.098835898508
7563,364256.0,0.0,364256.0,364256.0,6913.3647524143125
7564,469420.0,0.0,469420.0,469420.0,8721.721431159374
7565,526770.0,0.0,526770.0,526770.0,9685.291124183997
7566,706914.0,0.0,706914.0,706914.0,12063.23404864265
7567,768400.0,0.0,768400.0,768400.0,12063.214236247073
7568,768400.0,0.0,768400.0,768400.0,12063.194423916564
7569,768400.0,0.0,768400.0,768400.0,12063.174611651126
7570,768400.0,0.0,768400.0,768400.0,12063.154799450751
7571,768400.0,0.0,768400.0,768400.0,12063.134987315434
7572,768400.0,0.0,768400.0,768400.0,12063.11517524519
7573,768400.0,0.0,768400.0,768400.0,12063.095363240005
7574,768400.0,0.0,768400.0,768400.0,12063.075551299888
7575,645898.0,0.0,645898.0,645898.0,11641.752935426295
7576,653392.0,0.0,653392.0,653392.0,11762.949238921125
7577,768400.0,0.0,768400.0,768400.0,12063.016256845725
7578,768400.0,0.0,768400.0,768400.0,12062.996445165398
7579,768400.0,0.0,768400.0,768400.0,12062.976633550126
7580,768400.0,0.0,768400.0,768400.0,12062.95682199992
7581,768400.0,0.0,768400.0,768400.0,12062.937010514777
7582,768400.0,0.0,768400.0,768400.0,12062.917199094694
7583,768400.0,0.0,768400.0,768400.0,12062.897387739673
7584,768400.0,0.0,768400.0,768400.0,12062.877576449711
7585,768400.0,0.0,768400.0,768400.0,12062.857765224811
7586,768400.0,0.0,768400.0,768400.0,12062.83795406497
7587,768400.0,0.0,768400.0,768400.0,12062.818142970187
7588,768400.0,0.0,768400.0,768400.0,12062.798331940465
7589,768400.0,0.0,768400.0,768400.0,12062.778520975802
7590,768400.0,0.0,768400.0,768400.0,12062.7587100762
7591,768400.0,0.0,768400.0,768400.0,12062.738899241653
7592,768400.0,0.0,768400.0,768400.0,12062.719088472166
7593,768400.0,0.0,768400.0,768400.0,12062.699277767737
7594,768400.0,0.0,768400.0,768400.0,12062.679467128364
7595,768400.0,0.0,768400.0,768400.0,12062.659656554046
7596,768400.0,0.0,768400.0,768400.0,12062.639846044787
7597,768400.0,0.0,768400.0,768400.0,12062.620035600588
7598,768400.0,0.0,768400.0,768400.0,12062.60022522144
7599,768400.0,0.0,768400.0,768400.0,12062.580414907356
7600,768400.0,0.0,768400.0,768400.0,12062.560604658316
7601,768400.0,0.0,768400.0,768400.0,12062.540794474337
7602,768400.0,0.0,768400.0,768400.0,12062.520984355415
7603,768400.0,0.0,768400.0,768400.0,12062.50117430154
7604,768400.0,0.0,768400.0,768400.0,12062.481364312729
7605,768400.0,0.0,768400.0,768400.0,12062.46155438897
7606,664459.0,0.0,664459.0,664459.0,11940.988089846282
7607,493441.0,0.0,493441.0,493441.0,9126.481962164156
7608,377236.0,0.0,377236.0,377236.0,7139.122454582964
7609,286296.0,0.0,286296.0,286296.0,5533.326933729491
7610,343295.0,0.0,343295.0,343295.0,6545.393620142195
7611,203721.0,0.0,203721.0,203721.0,4029.5268968655846
7612,262500.0,0.0,262500.0,262500.0,5104.789358170792
7613,213224.0,0.0,213224.0,213224.0,4205.084173524953
7614,173347.0,0.0,173347.0,173347.0,3463.4224711908664
7615,115260.0,0.0,115260.0,115260.0,2356.679773497339
7616,226475.0,0.0,226475.0,226475.0,4448.726824697243
7617,175580.0,0.0,175580.0,175580.0,3505.289417036029
7618,423385.0,0.0,423385.0,423385.0,7936.314954400621
7619,334151.0,0.0,334151.0,334151.0,6384.241957151195
7620,115260.0,0.0,115260.0,115260.0,2356.6594944707267
7621,511049.0,0.0,511049.0,511049.0,9421.759886930799
7622,232878.0,0.0,232878.0,232878.0,4565.954711860225
7623,66658.0,0.0,66658.0,66658.0,1370.130681166142
7624,0.0,0.0,0.0,0.0,-0.0
7625,32482.0,0.0,32482.0,32482.0,555.8717355828819
7626,77468.0,0.0,77468.0,77468.0,1431.8852129811587
7627,155436.0,0.0,155436.0,155436.0,2995.607859001407
7628,246860.0,0.0,246860.0,246860.0,4820.61405195771
7629,396904.0,0.0,396904.0,396904.0,7479.512174738224
7630,419182.0,0.0,419182.0,419182.0,7863.454500202694
7631,565911.0,0.0,565911.0,565911.0,10332.769186351465
7632,707782.0,0.0,707782.0,707782.0,12061.153409674718
7633,722305.0,0.0,722305.0,722305.0,12061.133604111687
7634,637949.0,0.0,637949.0,637949.0,11511.08408047502
7635,768400.0,0.0,768400.0,768400.0,12061.094100913862
7636,732904.0,0.0,732904.0,732904.0,12061.074295545572
7637,681966.0,0.0,681966.0,681966.0,12061.05449024231
7638,575581.0,0.0,575581.0,575581.0,10492.037446192087
7639,419578.0,0.0,419578.0,419578.0,7870.13593570095
7640,671649.0,0.0,671649.0,671649.0,12055.348318663653
7641,713448.0,0.0,713448.0,713448.0,12060.97645622283
7642,768400.0,0.0,768400.0,768400.0,12060.956651240827
7643,768400.0,0.0,768400.0,768400.0,12060.936846323853
7644,768400.0,0.0,768400.0,768400.0,12060.917041471903
7645,768400.0,0.0,768400.0,768400.0,12060.897236684983
7646,768400.0,0.0,768400.0,768400.0,12060.877431963096
7647,768400.0,0.0,768400.0,768400.0,12060.857627306232
7648,768400.0,0.0,768400.0,768400.0,12060.837822714397
7649,768400.0,0.0,768400.0,768400.0,12060.818018187587
7650,768400.0,0.0,768400.0,768400.0,12060.798213725808
7651,768400.0,0.0,768400.0,768400.0,12060.778409329052
7652,768400.0,0.0,768400.0,768400.0,12060.758604997325
7653,768400.0,0.0,768400.0,768400.0,12060.738800730624
7654,768400.0,0.0,768400.0,768400.0,12060.71899652895
7655,768400.0,0.0,768400.0,768400.0,12060.699192392294
7656,768400.0,0.0,768400.0,768400.0,12060.679388320674
7657,768400.0,0.0,768400.0,768400.0,12060.659584314075
7658,768400.0,0.0,768400.0,768400.0,12060.639780372498
7659,768400.0,0.0,768400.0,768400.0,12060.619976495942
7660,768400.0,0.0,768400.0,768400.0,12060.600172684415
7661,768400.0,0.0,768400.0,768400.0,12060.580368937912
7662,768400.0,0.0,768400.0,768400.0,12060.560565256432
7663,768400.0,0.0,768400.0,768400.0,12060.54076163997
7664,768400.0,0.0,768400.0,768400.0,12060.520958088535
7665,768400.0,0.0,768400.0,768400.0,12060.501154602121
7666,768400.0,0.0,768400.0,768400.0,12060.481351180726
7667,768400.0,0.0,768400.0,768400.0,12060.461547824356
7668,692710.0,0.0,692710.0,692710.0,12060.441744533007
7669,768400.0,0.0,768400.0,768400.0,12060.421941306677
7670,600551.0,0.0,600551.0,600551.0,10901.268304868296
7671,716024.0,0.0,716024.0,716024.0,12060.38256405276
7672,612827.0,0.0,612827.0,612827.0,11101.781825415059
7673,716140.0,0.0,716140.0,716140.0,12060.343146882038
7674,534044.0,0.0,534044.0,534044.0,9804.017218218067
7675,356109.0,0.0,356109.0,356109.0,6769.067488188267
7676,158659.0,0.0,158659.0,158659.0,3186.1991086957423
7677,158768.0,0.0,158768.0,158768.0,3188.253782124059
7678,209703.0,0.0,209703.0,209703.0,4139.335448066813
7679,167790.0,0.0,167790.0,167790.0,3358.35531570617
7680,127802.0,0.0,127802.0,127802.0,2598.214091204468
7681,115260.0,0.0,115260.0,115260.0,2356.2149462079583
7682,115260.0,0.0,115260.0,115260.0,2356.2110753495804
7683,32622.0,0.0,32622.0,32622.0,669.7003097595599
7684,0.0,0.0,0.0,0.0,-0.0
7685,0.0,0.0,0.0,0.0,-0.0
7686,0.0,0.0,0.0,0.0,-0.0
7687,21433.0,0.0,21433.0,21433.0,368.2837821076213
7688,116417.0,0.0,116417.0,116417.0,2064.8359528198916
7689,398505.0,0.0,398505.0,398505.0,7505.93048591486
7690,559079.0,0.0,559079.0,559079.0,10218.27494809106
7691,623508.0,0.0,623508.0,623508.0,11274.739651195237
7692,679797.0,0.0,679797.0,679797.0,12059.224203883474
7693,754339.0,0.0,754339.0,754339.0,12059.20440465461
7694,710212.0,0.0,710212.0,710212.0,12059.184605490744
7695,768400.0,0.0,768400.0,768400.0,12059.164806391876
7696,768400.0,0.0,768400.0,768400.0,12059.145007358016
7697,768400.0,0.0,768400.0,768400.0,12059.125208389152
7698,768400.0,0.0,768400.0,768400.0,12059.10540948528
7699,768400.0,0.0,768400.0,768400.0,12059.085610646418
7700,768400.0,0.0,768400.0,768400.0,12059.065811872553
7701,768400.0,0.0,768400.0,768400.0,12059.046013163688
7702,768400.0,0.0,768400.0,768400.0,12059.026214519816
7703,768400.0,0.0,768400.0,768400.0,12059.006415940941
7704,768400.0,0.0,768400.0,768400.0,12058.986617427065
7705,768400.0,0.0,768400.0,768400.0,12058.966818978193
7706,768400.0,0.0,768400.0,768400.0,12058.947020594314
7707,768400.0,0.0,768400.0,768400.0,12058.927222275432
7708,768400.0,0.0,768400.0,768400.0,12058.907424021547
7709,768400.0,0.0,768400.0,768400.0,12058.887625832656
7710,768400.0,0.0,768400.0,768400.0,12058.867827708762
7711,720114.0,0.0,720114.0,720114.0,12058.848029649864
7712,697503.0,0.0,697503.0,697503.0,12058.82823165596
7713,701901.0,0.0,701901.0,701901.0,12058.808433727047
7714,683578.0,0.0,683578.0,683578.0,12058.788635863137
7715,613749.0,0.0,613749.0,613749.0,11115.337438617955
7716,712326.0,0.0,712326.0,712326.0,12058.749226106822
7717,627061.0,0.0,627061.0,627061.0,11332.034568548335
7718,394212.0,0.0,394212.0,394212.0,7431.322093791983
7719,709668.0,0.0,709668.0,709668.0,12058.690949586811
7720,188690.0,0.0,188690.0,188690.0,3749.0874220497085
7721,236653.0,0.0,236653.0,236653.0,4633.488438021821
7722,146889.0,0.0,146889.0,146889.0,2962.629740468578
7723,167458.0,0.0,167458.0,167458.0,3351.6070251309534
7724,115260.0,0.0,115260.0,115260.0,2355.857748275176
7725,115260.0,0.0,115260.0,115260.0,2355.853878584179
7726,3819.0,0.0,3819.0,3819.0,-0.0
7727,0.0,0.0,0.0,0.0,-0.0
7728,0.0,0.0,0.0,0.0,-0.0
7729,0.0,0.0,0.0,0.0,-0.0
7730,41986.0,0.0,41986.0,41986.0,717.833147483713
7731,303411.0,0.0,303411.0,303411.0,5229.643957516093
7732,537056.0,0.0,537056.0,537056.0,9851.897825552827
7733,667516.0,0.0,667516.0,667516.0,11985.488674931155
7734,768400.0,0.0,768400.0,768400.0,12057.63690715647
7735,768400.0,0.0,768400.0,768400.0,12057.617113138382
7736,768400.0,0.0,768400.0,768400.0,12057.597319185277
7737,768400.0,0.0,768400.0,768400.0,12057.577525297142
7738,768400.0,0.0,768400.0,768400.0,12057.557731473984
7739,768400.0,0.0,768400.0,768400.0,12057.537937715793
7740,768400.0,0.0,768400.0,768400.0,12057.518144022582
7741,768400.0,0.0,768400.0,768400.0,12057.498350394348
7742,768400.0,0.0,768400.0,768400.0,12057.478556831085
7743,768400.0,0.0,768400.0,768400.0,12057.458763332794
7744,768400.0,0.0,768400.0,768400.0,12057.438969899473
7745,768400.0,0.0,768400.0,768400.0,12057.419176531132
7746,768400.0,0.0,768400.0,768400.0,12057.399383227756
7747,768400.0,0.0,768400.0,768400.0,12057.37958998935
7748,768400.0,0.0,768400.0,768400.0,12057.359796815923
7749,768400.0,0.0,768400.0,768400.0,12057.340003707464
7750,768400.0,0.0,768400.0,768400.0,12057.320210663973
7751,768400.0,0.0,768400.0,768400.0,12057.300417685456
7752,768400.0,0.0,768400.0,768400.0,12057.280624771905
7753,768400.0,0.0,768400.0,768400.0,12057.26083192333
7754,768400.0,0.0,768400.0,768400.0,12057.241039139719
7755,768400.0,0.0,768400.0,768400.0,12057.221246421079
7756,768400.0,0.0,768400.0,768400.0,12057.201453767408
7757,768400.0,0.0,768400.0,768400.0,12057.181661178707
7758,768400.0,0.0,768400.0,768400.0,12057.161868654972
7759,768400.0,0.0,768400.0,768400.0,12057.142076196205
7760,768400.0,0.0,768400.0,768400.0,12057.12228380241
7761,768400.0,0.0,768400.0,768400.0,12057.102491473574
7762,768400.0,0.0,768400.0,768400.0,12057.08269920971
7763,768400.0,0.0,768400.0,768400.0,12057.062907010815
7764,768400.0,0.0,768400.0,768400.0,12057.043114876882
7765,768400.0,0.0,768400.0,768400.0,12057.023322807916
7766,641712.0,0.0,641712.0,641712.0,11568.118224415073
7767,421965.0,0.0,421965.0,421965.0,7908.356043101213
7768,405292.0,0.0,405292.0,405292.0,7621.564124568394
7769,631290.0,0.0,631290.0,631290.0,11399.04724051993
7770,742189.0,0.0,742189.0,742189.0,12056.92638084374
7771,768400.0,0.0,768400.0,768400.0,12056.906589157943
7772,768400.0,0.0,768400.0,768400.0,12056.886797537107
7773,168645.0,0.0,168645.0,168645.0,3373.38533556945
7774,164053.0,0.0,164053.0,164053.0,3286.952666364286
7775,276171.0,0.0,276171.0,276171.0,5348.7883944642035
7776,118182.0,0.0,118182.0,118182.0,2411.991530927446
7777,167575.0,0.0,167575.0,167575.0,3353.241766348928
7778,279538.0,0.0,279538.0,279538.0,5409.29013727437
7779,414687.0,0.0,414687.0,414687.0,7783.1963509096
7780,459338.0,0.0,459338.0,459338.0,8545.94830178529
7781,604683.0,0.0,604683.0,604683.0,10965.45512457319
7782,608931.0,0.0,608931.0,608931.0,11034.814467339129
7783,636543.0,0.0,636543.0,636543.0,11484.035595634252
7784,764847.0,0.0,764847.0,764847.0,12056.663209045624
7785,768400.0,0.0,768400.0,768400.0,12056.643418223648
7786,768400.0,0.0,768400.0,768400.0,12056.623627466628
7787,768400.0,0.0,768400.0,768400.0,12056.603836774568
7788,768400.0,0.0,768400.0,768400.0,12056.584046147465
7789,768400.0,0.0,768400.0,768400.0,12056.564255585326
7790,768400.0,0.0,768400.0,768400.0,12056.544465088147
7791,768400.0,0.0,768400.0,768400.0,12056.524674655917
7792,669592.0,0.0,669592.0,669592.0,12017.761529333518
7793,661922.0,0.0,661922.0,661922.0,11894.195359089137
7794,658664.0,0.0,658664.0,658664.0,11841.631684631497
7795,540862.0,0.0,540862.0,540862.0,9914.092391270879
7796,449079.0,0.0,449079.0,449079.0,8371.33602994711
7797,246365.0,0.0,246365.0,246365.0,4809.513218229352
7798,154050.0,0.0,154050.0,154050.0,3097.8674143980916
7799,115260.0,0.0,115260.0,115260.0,2355.3593238929802
7800,115260.0,0.0,115260.0,115260.0,2355.355455830602
7801,102900.0,0.0,102900.0,102900.0,2114.9936721702434
7802,57966.0,0.0,57966.0,57966.0,1191.0460074747882
7803,55602.0,0.0,55602.0,55602.0,1144.8657540741847
7804,143537.0,0.0,143537.0,143537.0,2677.1561649311234
7805,389963.0,0.0,389963.0,389963.0,7355.945696882467
7806,736323.0,0.0,736323.0,736323.0,12055.874722467739
7807,745487.0,0.0,745487.0,745487.0,12055.854934231618
7808,768400.0,0.0,768400.0,768400.0,12055.835146060444
7809,768400.0,0.0,768400.0,768400.0,12055.815357954214
7810,695704.0,0.0,695704.0,695704.0,12055.795569912929
7811,625437.0,0.0,625437.0,625437.0,11302.841152344725
7812,615080.0,0.0,615080.0,615080.0,11134.230923596904
7813,722631.0,0.0,722631.0,722631.0,12055.736535356458
7814,768400.0,0.0,768400.0,768400.0,12055.716747573875
7815,768400.0,0.0,768400.0,768400.0,12055.696959856235
7816,768400.0,0.0,768400.0,768400.0,12055.677172203543
7817,768400.0,0.0,768400.0,768400.0,12055.65738461579
7818,768400.0,0.0,768400.0,768400.0,12055.637597092988
7819,768400.0,0.0,768400.0,768400.0,12055.617809635123
7820,768400.0,0.0,768400.0,768400.0,12055.598022242202
7821,768400.0,0.0,768400.0,768400.0,12055.578234914223
7822,768400.0,0.0,768400.0,768400.0,12055.55844765119
7823,768400.0,0.0,768400.0,768400.0,12055.538660453096
7824,768400.0,0.0,768400.0,768400.0,12055.518873319948
7825,768400.0,0.0,768400.0,768400.0,12055.499086251735
7826,737562.0,0.0,737562.0,737562.0,12055.479299248467
7827,634707.0,0.0,634707.0,634707.0,11453.086258322006
7828,609148.0,0.0,609148.0,609148.0,11037.188944129985
7829,549337.0,0.0,549337.0,549337.0,10053.77727642288
7830,520161.0,0.0,520161.0,520161.0,9568.612123364135
7831,509458.0,0.0,509458.0,509458.0,9389.688473433076
7832,676033.0,0.0,676033.0,676033.0,12055.362338514873
7833,673443.0,0.0,673443.0,673443.0,12055.342551960406
7834,637599.0,0.0,637599.0,637599.0,11499.853821468372
7835,676499.0,0.0,676499.0,676499.0,12055.303087795266
7836,768400.0,0.0,768400.0,768400.0,12055.283301435256
7837,768400.0,0.0,768400.0,768400.0,12055.263515140186
7838,768400.0,0.0,768400.0,768400.0,12055.243728910049
7839,680281.0,0.0,680281.0,680281.0,12055.223942744857
7840,174716.0,0.0,174716.0,174716.0,3486.8197941730755
7841,240492.0,0.0,240492.0,240492.0,4702.0582491438245
7842,192857.0,0.0,192857.0,192857.0,3825.4103716204463
7843,245315.0,0.0,245315.0,245315.0,4789.868545097439
7844,170422.0,0.0,170422.0,170422.0,3406.2317967322188
7845,115260.0,0.0,115260.0,115260.0,2355.0782753233407
7846,101172.0,0.0,101172.0,101172.0,2080.9757233511746
7847,31118.0,0.0,31118.0,31118.0,640.084901360728
7848,41238.0,0.0,41238.0,41238.0,815.3221952735014
7849,134836.0,0.0,134836.0,134836.0,2447.51157486603
7850,263099.0,0.0,263099.0,263099.0,5111.997884797079
7851,447118.0,0.0,447118.0,447118.0,8336.50972019669
7852,584617.0,0.0,584617.0,584617.0,10634.701642805176
7853,728457.0,0.0,728457.0,728457.0,12054.391016769854
7854,717790.0,0.0,717790.0,717790.0,12054.371233401234
7855,768400.0,0.0,768400.0,768400.0,12054.351450097534
7856,768400.0,0.0,768400.0,768400.0,12054.331666858756
7857,768400.0,0.0,768400.0,768400.0,12054.311883684903
7858,768400.0,0.0,768400.0,768400.0,12054.292100575969
7859,768400.0,0.0,768400.0,768400.0,12054.272317531959
7860,768400.0,0.0,768400.0,768400.0,12054.252534552872
7861,768400.0,0.0,768400.0,768400.0,12054.232751638703
7862,768400.0,0.0,768400.0,768400.0,12054.212968789454
7863,768400.0,0.0,768400.0,768400.0,12054.193186005126
7864,768400.0,0.0,768400.0,768400.0,12054.17340328572
7865,768400.0,0.0,768400.0,768400.0,12054.153620631236
7866,768400.0,0.0,768400.0,768400.0,12054.133838041664
7867,768400.0,0.0,768400.0,768400.0,12054.114055517015
7868,768400.0,0.0,768400.0,768400.0,12054.094273057284
7869,768400.0,0.0,768400.0,768400.0,12054.07449066247
7870,768400.0,0.0,768400.0,768400.0,12054.054708332576
7871,768400.0,0.0,768400.0,768400.0,12054.034926067598
7872,768400.0,0.0,768400.0,768400.0,12054.015143867538
7873,768400.0,0.0,768400.0,768400.0,12053.995361732397
7874,768400.0,0.0,768400.0,768400.0,12053.975579662172
7875,768400.0,0.0,768400.0,768400.0,12053.95579765686
7876,768400.0,0.0,768400.0,768400.0,12053.936015716468
7877,768400.0,0.0,768400.0,768400.0,12053.916233840993
7878,768400.0,0.0,768400.0,768400.0,12053.896452030434
7879,768400.0,0.0,768400.0,768400.0,12053.876670284782
7880,768400.0,0.0,768400.0,768400.0,12053.856888604054
7881,768400.0,0.0,768400.0,768400.0,12053.837106988234
7882,662541.0,0.0,662541.0,662541.0,11901.536080517428
7883,740575.0,0.0,740575.0,740575.0,12053.797573598013
7884,768400.0,0.0,768400.0,768400.0,12053.777792176843
7885,761687.0,0.0,761687.0,761687.0,12053.75801082058
7886,715016.0,0.0,715016.0,715016.0,12053.738229529234
7887,768400.0,0.0,768400.0,768400.0,12053.718448302805
7888,768400.0,0.0,768400.0,768400.0,12053.698667141281
7889,768400.0,0.0,768400.0,768400.0,12053.678886044672
7890,768400.0,0.0,768400.0,768400.0,12053.659105012972
7891,768400.0,0.0,768400.0,768400.0,12053.639324046186
7892,768400.0,0.0,768400.0,768400.0,12053.61954314431
7893,768400.0,0.0,768400.0,768400.0,12053.599762307347
7894,768400.0,0.0,768400.0,768400.0,12053.579981535293
7895,768400.0,0.0,768400.0,768400.0,12053.560200828146
7896,768400.0,0.0,768400.0,768400.0,12053.530065204164
7897,768400.0,0.0,768400.0,768400.0,12053.5102846608
7898,675622.0,0.0,675622.0,675622.0,12053.49050418234
7899,768400.0,0.0,768400.0,768400.0,12053.47072376879
7900,768400.0,0.0,768400.0,768400.0,12053.45094342015
7901,768400.0,0.0,768400.0,768400.0,12053.431163136416
7902,768400.0,0.0,768400.0,768400.0,12053.411382917591
7903,768400.0,0.0,768400.0,768400.0,12053.39160276367
7904,768400.0,0.0,768400.0,768400.0,12053.371822674657
7905,768400.0,0.0,768400.0,768400.0,12053.35204265055
7906,768400.0,0.0,768400.0,768400.0,12053.332262691354
7907,768400.0,0.0,768400.0,768400.0,12053.312482797062
7908,768400.0,0.0,768400.0,768400.0,12053.292702967674
7909,768400.0,0.0,768400.0,768400.0,12053.272923203189
7910,768400.0,0.0,768400.0,768400.0,12053.25314350361
7911,768400.0,0.0,768400.0,768400.0,12053.233363868945
7912,537769.0,0.0,537769.0,537769.0,9860.015498752082
7913,686646.0,0.0,686646.0,686646.0,12053.194244852455
7914,765299.0,0.0,765299.0,765299.0,12053.174465411048
7915,768400.0,0.0,768400.0,768400.0,12053.154686034552
7916,767532.0,0.0,767532.0,767532.0,12053.134906722953
7917,768400.0,0.0,768400.0,768400.0,12053.115127476258
7918,768400.0,0.0,768400.0,768400.0,12053.095348294471
7919,753934.0,0.0,753934.0,753934.0,12053.07556917758
7920,576608.0,0.0,576608.0,576608.0,10501.88251958679
7921,446340.0,0.0,446340.0,446340.0,8322.259004986217
7922,234529.0,0.0,234529.0,234529.0,4592.342044583765
7923,117310.0,0.0,117310.0,117310.0,2394.2653598313354
7924,115260.0,0.0,115260.0,115260.0,2354.6013553449943
7925,54274.0,0.0,54274.0,54274.0,1114.2809287857033
7926,0.0,0.0,0.0,0.0,-0.0
7927,0.0,0.0,0.0,0.0,-0.0
7928,108622.0,0.0,108622.0,108622.0,1854.6858071450345
7929,304960.0,0.0,304960.0,304960.0,5861.5204580069185
7930,349244.0,0.0,349244.0,349244.0,6643.895656967129
7931,153117.0,0.0,153117.0,153117.0,3078.9482914109594
7932,167318.0,0.0,167318.0,167318.0,3346.927822083067
7933,177049.0,0.0,177049.0,177049.0,3529.4828162853178
7934,132209.0,0.0,132209.0,132209.0,2680.7328169981165
7935,319981.0,0.0,319981.0,319981.0,6128.141073783551
7936,128067.0,0.0,128067.0,128067.0,2601.280806347685
7937,124739.0,0.0,124739.0,124739.0,2537.303909264837
7938,129420.0,0.0,129420.0,129420.0,2627.243876859966
7939,165278.0,0.0,165278.0,165278.0,3308.5096564617897
7940,185812.0,0.0,185812.0,185812.0,3693.131379301664
7941,163728.0,0.0,163728.0,163728.0,3279.31208972613
7942,227942.0,0.0,227942.0,227942.0,4471.394364964581
7943,117622.0,0.0,117622.0,117622.0,2400.032050731278
7944,44496.0,0.0,44496.0,44496.0,914.5157951785558
7945,0.0,0.0,0.0,0.0,-0.0
7946,0.0,0.0,0.0,0.0,-0.0
7947,0.0,0.0,0.0,0.0,-0.0
7948,10915.0,0.0,10915.0,10915.0,185.0837901429158
7949,39440.0,0.0,39440.0,39440.0,706.1477535761275
7950,142936.0,0.0,142936.0,142936.0,2585.190165744927
7951,233291.0,0.0,233291.0,233291.0,4568.859249704161
7952,420566.0,0.0,420566.0,420566.0,7880.199974309068
7953,505433.0,0.0,505433.0,505433.0,9318.70907661589
7954,194147.0,0.0,194147.0,194147.0,3847.865960968479
7955,180672.0,0.0,180672.0,180672.0,3596.8563491280756
7956,252039.0,0.0,252039.0,252039.0,4910.130653236772
7957,207030.0,0.0,207030.0,207030.0,4086.433441437053
7958,149680.0,0.0,149680.0,149680.0,3013.4474668356265
7959,73155.0,0.0,73155.0,73155.0,1504.0692314330652
7960,84917.0,0.0,84917.0,84917.0,1702.7112008174934
7961,179695.0,0.0,179695.0,179695.0,3479.3570069211933
7962,205991.0,0.0,205991.0,205991.0,4067.118685566787
7963,194981.0,0.0,194981.0,194981.0,3863.2100796948744
7964,107921.0,0.0,107921.0,107921.0,2211.6425931896406
7965,65246.0,0.0,65246.0,65246.0,1341.1363323782873
7966,36044.0,0.0,36044.0,36044.0,740.487392310711
7967,0.0,0.0,0.0,0.0,-0.0
7968,0.0,0.0,0.0,0.0,-0.0
7969,0.0,0.0,0.0,0.0,-0.0
7970,0.0,0.0,0.0,0.0,-0.0
7971,0.0,0.0,0.0,0.0,-0.0
7972,27548.0,0.0,27548.0,27548.0,471.27874246470486
7973,75644.0,0.0,75644.0,75644.0,1383.8893289946927
7974,150194.0,0.0,150194.0,150194.0,2897.2157100025715
7975,269621.0,0.0,269621.0,269621.0,5227.405426239811
7976,391796.0,0.0,391796.0,391796.0,7383.581888911182
7977,637693.0,0.0,637693.0,637693.0,11495.794104378014
7978,648749.0,0.0,648749.0,648749.0,11674.693216669168
7979,465870.0,0.0,465870.0,465870.0,8651.30413940379
7980,576365.0,0.0,576365.0,576365.0,10494.69003289214
7981,765775.0,0.0,765775.0,765775.0,12049.423898746234
7982,768400.0,0.0,768400.0,768400.0,12049.404131673375
7983,768400.0,0.0,768400.0,768400.0,12049.38436466536
7984,768400.0,0.0,768400.0,768400.0,12049.36459772219
7985,768400.0,0.0,768400.0,768400.0,12049.34483084386
7986,768400.0,0.0,768400.0,768400.0,12049.325064030374
7987,768400.0,0.0,768400.0,768400.0,12049.305297281722
7988,768400.0,0.0,768400.0,768400.0,12049.285530597917
7989,768400.0,0.0,768400.0,768400.0,12049.265763978949
7990,768400.0,0.0,768400.0,768400.0,12049.245997424825
7991,768400.0,0.0,768400.0,768400.0,12049.22623093554
7992,768400.0,0.0,768400.0,768400.0,12049.206464511093
7993,717175.0,0.0,717175.0,717175.0,12049.186698151489
7994,568871.0,0.0,568871.0,568871.0,10371.09164195124
7995,601474.0,0.0,601474.0,601474.0,10906.065444578187
7996,655799.0,0.0,655799.0,655799.0,11788.196757229853
7997,647344.0,0.0,647344.0,647344.0,11651.618742167486
7998,438559.0,0.0,438559.0,438559.0,8186.79550503779
7999,279696.0,0.0,279696.0,279696.0,5408.39384477776
8000,364652.0,0.0,364652.0,364652.0,6911.64390377908
8001,642968.0,0.0,642968.0,642968.0,11580.763241404486
8002,630266.0,0.0,630266.0,630266.0,11374.879817399018
8003,286007.0,0.0,286007.0,286007.0,5521.531869024365
8004,288787.0,0.0,288787.0,288787.0,5571.295936776347
8005,115260.0,0.0,115260.0,115260.0,2353.7012343425017
8006,115260.0,0.0,115260.0,115260.0,2353.6973716941143
8007,346822.0,0.0,346822.0,346822.0,6599.570292385098
8008,179408.0,0.0,179408.0,179408.0,3572.587127911186
8009,295920.0,0.0,295920.0,295920.0,5698.73718888358
8010,407951.0,0.0,407951.0,407951.0,7661.999414843187
8011,454554.0,0.0,454554.0,454554.0,8458.939640714365
8012,375336.0,0.0,375336.0,375336.0,7097.618420846708
8013,256110.0,0.0,256110.0,256110.0,4983.008493686806
8014,149560.0,0.0,149560.0,149560.0,3010.604578572743
8015,79316.0,0.0,79316.0,79316.0,1628.2654271831686
8016,39711.0,0.0,39711.0,39711.0,816.4288870343762
8017,48650.0,0.0,48650.0,48650.0,969.4796125530675
8018,40485.0,0.0,40485.0,40485.0,831.5235894056892
8019,31480.0,0.0,31480.0,31480.0,646.8025361519212
8020,0.0,0.0,0.0,0.0,-0.0
8021,0.0,0.0,0.0,0.0,-0.0
8022,0.0,0.0,0.0,0.0,-0.0
8023,0.0,0.0,0.0,0.0,-0.0
8024,261718.0,0.0,261718.0,261718.0,4236.666391126178
8025,201272.0,0.0,201272.0,201272.0,3978.85698694805
8026,26734.0,0.0,26734.0,26734.0,549.5724582875512
8027,45399.0,0.0,45399.0,45399.0,869.6885635160163
8028,64302.0,0.0,64302.0,64302.0,1248.9586462713783
8029,62310.0,0.0,62310.0,62310.0,1279.148251134879
8030,22165.0,0.0,22165.0,22165.0,455.8051622137906
8031,285666.0,0.0,285666.0,285666.0,4787.286685524319
8032,0.0,0.0,0.0,0.0,-0.0
8033,0.0,0.0,0.0,0.0,-0.0
8034,0.0,0.0,0.0,0.0,-0.0
8035,0.0,0.0,0.0,0.0,-0.0
8036,0.0,0.0,0.0,0.0,-0.0
8037,0.0,0.0,0.0,0.0,-0.0
8038,0.0,0.0,0.0,0.0,-0.0
8039,16242.0,0.0,16242.0,16242.0,275.41163791111256
8040,28703.0,0.0,28703.0,28703.0,538.8515637317728
8041,55595.0,0.0,55595.0,55595.0,1041.13396498583
8042,88088.0,0.0,88088.0,88088.0,1702.1258666952365
8043,126180.0,0.0,126180.0,126180.0,2492.5327731305674
8044,144481.0,0.0,144481.0,144481.0,2913.323996042618
8045,185914.0,0.0,185914.0,185914.0,3692.9635611813565
8046,237101.0,0.0,237101.0,237101.0,4636.261655943881
8047,273314.0,0.0,273314.0,273314.0,5292.119318712699
8048,316002.0,0.0,316002.0,316002.0,6054.287561629791
8049,524283.0,0.0,524283.0,524283.0,9629.463304183279
8050,509295.0,0.0,509295.0,509295.0,9379.229161540838
8051,351309.0,0.0,351309.0,351309.0,6676.358642351766
8052,361764.0,0.0,361764.0,361764.0,6859.197670305018
8053,383927.0,0.0,383927.0,383927.0,7244.814278835274
8054,330715.0,0.0,330715.0,330715.0,6314.3452615237275
8055,572975.0,0.0,572975.0,572975.0,10435.555957871878
8056,676702.0,0.0,676702.0,676702.0,12045.606068483063
8057,751378.0,0.0,751378.0,751378.0,12045.586313931297
8058,768400.0,0.0,768400.0,768400.0,12045.56655944431
8059,767072.0,0.0,767072.0,767072.0,12045.546805022106
8060,740064.0,0.0,740064.0,740064.0,12045.527050664683
8061,729580.0,0.0,729580.0,729580.0,12045.507296372034
8062,768400.0,0.0,768400.0,768400.0,12045.487542144172
8063,768400.0,0.0,768400.0,768400.0,12045.467787981088
8064,768400.0,0.0,768400.0,768400.0,12045.437693048603
8065,768400.0,0.0,768400.0,768400.0,12045.417939048966
8066,768400.0,0.0,768400.0,768400.0,12045.398185114102
8067,736482.0,0.0,736482.0,736482.0,12045.378431244017
8068,768154.0,0.0,768154.0,768154.0,12045.358677438713
8069,749573.0,0.0,749573.0,749573.0,12045.338923698186
8070,752851.0,0.0,752851.0,752851.0,12045.319170022436
8071,768400.0,0.0,768400.0,768400.0,12045.299416411457
8072,768400.0,0.0,768400.0,768400.0,12045.279662865258
8073,768400.0,0.0,768400.0,768400.0,12045.259909383836
8074,768400.0,0.0,768400.0,768400.0,12045.24015596719
8075,768400.0,0.0,768400.0,768400.0,12045.22040261532
8076,768400.0,0.0,768400.0,768400.0,12045.200649328222
8077,768400.0,0.0,768400.0,768400.0,12045.180896105905
8078,768400.0,0.0,768400.0,768400.0,12045.161142948355
8079,768400.0,0.0,768400.0,768400.0,12045.141389855584
8080,768400.0,0.0,768400.0,768400.0,12045.121636827582
8081,765373.0,0.0,765373.0,765373.0,12045.101883864363
8082,768400.0,0.0,768400.0,768400.0,12045.08213096591
8083,638048.0,0.0,638048.0,638048.0,11497.285997506942
8084,611910.0,0.0,611910.0,611910.0,11072.603080086474
8085,734827.0,0.0,734827.0,734827.0,12045.023171119352
8086,745659.0,0.0,745659.0,745659.0,12045.003418479007
8087,737683.0,0.0,737683.0,737683.0,12044.983665903439
8088,696959.0,0.0,696959.0,696959.0,12044.963913392641
8089,721416.0,0.0,721416.0,721416.0,12044.944160946616
8090,735136.0,0.0,735136.0,735136.0,12044.92440856536
8091,768400.0,0.0,768400.0,768400.0,12044.904656248873
8092,768400.0,0.0,768400.0,768400.0,12044.884903997157
8093,768400.0,0.0,768400.0,768400.0,12044.865151810214
8094,768400.0,0.0,768400.0,768400.0,12044.845399688038
8095,768400.0,0.0,768400.0,768400.0,12044.82564763063
8096,768400.0,0.0,768400.0,768400.0,12044.805895637992
8097,768400.0,0.0,768400.0,768400.0,12044.78614371012
8098,768400.0,0.0,768400.0,768400.0,12044.766391847019
8099,768400.0,0.0,768400.0,768400.0,12044.746640048685
8100,768400.0,0.0,768400.0,768400.0,12044.726888315117
8101,768400.0,0.0,768400.0,768400.0,12044.707136646319
8102,768400.0,0.0,768400.0,768400.0,12044.687385042287
8103,768400.0,0.0,768400.0,768400.0,12044.66763350302
8104,768400.0,0.0,768400.0,768400.0,12044.647882028521
8105,768400.0,0.0,768400.0,768400.0,12044.628130618787
8106,768400.0,0.0,768400.0,768400.0,12044.608379273817
8107,768400.0,0.0,768400.0,768400.0,12044.588627993613
8108,768400.0,0.0,768400.0,768400.0,12044.568876778181
8109,768400.0,0.0,768400.0,768400.0,12044.549125627505
8110,708330.0,0.0,708330.0,708330.0,12044.529374541597
8111,333249.0,0.0,333249.0,333249.0,6358.379021089601
8112,388441.0,0.0,388441.0,388441.0,7322.282474045713
8113,614523.0,0.0,614523.0,614523.0,11114.644027624803
8114,741690.0,0.0,741690.0,741690.0,12044.452774987569
8115,732843.0,0.0,732843.0,732843.0,12044.43302421759
8116,768400.0,0.0,768400.0,768400.0,12044.413273512379
8117,768400.0,0.0,768400.0,768400.0,12044.393522871926
8118,768400.0,0.0,768400.0,768400.0,12044.373772296238
8119,768400.0,0.0,768400.0,768400.0,12044.354021785311
8120,768400.0,0.0,768400.0,768400.0,12044.334271339143
8121,768400.0,0.0,768400.0,768400.0,12044.314520957736
8122,768400.0,0.0,768400.0,768400.0,12044.294770641092
8123,768400.0,0.0,768400.0,768400.0,12044.275020389208
8124,768400.0,0.0,768400.0,768400.0,12044.255270202084
8125,768400.0,0.0,768400.0,768400.0,12044.235520079723
8126,768400.0,0.0,768400.0,768400.0,12044.215770022112
8127,768400.0,0.0,768400.0,768400.0,12044.196020029263
8128,768400.0,0.0,768400.0,768400.0,12044.176270101172
8129,768400.0,0.0,768400.0,768400.0,12044.156520237846
8130,768400.0,0.0,768400.0,768400.0,12044.136770439272
8131,768400.0,0.0,768400.0,768400.0,12044.11702070546
8132,768400.0,0.0,768400.0,768400.0,12044.097271036402
8133,768400.0,0.0,768400.0,768400.0,12044.0775214321
8134,768400.0,0.0,768400.0,768400.0,12044.057771892556
8135,768400.0,0.0,768400.0,768400.0,12044.038022417772
8136,768400.0,0.0,768400.0,768400.0,12044.01827300774
8137,768400.0,0.0,768400.0,768400.0,12043.998523662463
8138,768400.0,0.0,768400.0,768400.0,12043.978774381945
8139,768400.0,0.0,768400.0,768400.0,12043.95902516618
8140,768400.0,0.0,768400.0,768400.0,12043.939276015168
8141,768400.0,0.0,768400.0,768400.0,12043.919526928916
8142,768400.0,0.0,768400.0,768400.0,12043.89977790741
8143,768400.0,0.0,768400.0,768400.0,12043.880028950663
8144,768400.0,0.0,768400.0,768400.0,12043.860280058672
8145,768400.0,0.0,768400.0,768400.0,12043.840531231432
8146,768400.0,0.0,768400.0,768400.0,12043.820782468945
8147,744804.0,0.0,744804.0,744804.0,12043.801033771204
8148,768400.0,0.0,768400.0,768400.0,12043.781285138224
8149,768400.0,0.0,768400.0,768400.0,12043.761536569991
8150,768400.0,0.0,768400.0,768400.0,12043.741788066514
8151,768400.0,0.0,768400.0,768400.0,12043.722039627784
8152,766565.0,0.0,766565.0,766565.0,12043.702291253807
8153,768400.0,0.0,768400.0,768400.0,12043.68254294458
8154,768400.0,0.0,768400.0,768400.0,12043.662794700105
8155,768400.0,0.0,768400.0,768400.0,12043.643046520378
8156,768400.0,0.0,768400.0,768400.0,12043.623298405399
8157,768400.0,0.0,768400.0,768400.0,12043.603550355176
8158,768400.0,0.0,768400.0,768400.0,12043.583802369696
8159,768400.0,0.0,768400.0,768400.0,12043.564054448963
8160,768400.0,0.0,768400.0,768400.0,12043.544306592983
8161,768400.0,0.0,768400.0,768400.0,12043.524558801753
8162,768400.0,0.0,768400.0,768400.0,12043.504811075265
8163,768400.0,0.0,768400.0,768400.0,12043.485063413525
8164,768400.0,0.0,768400.0,768400.0,12043.465315816537
8165,768400.0,0.0,768400.0,768400.0,12043.445568284293
8166,768400.0,0.0,768400.0,768400.0,12043.4258208168
8167,768400.0,0.0,768400.0,768400.0,12043.406073414048
8168,768400.0,0.0,768400.0,768400.0,12043.386326076043
8169,768400.0,0.0,768400.0,768400.0,12043.366578802783
8170,768400.0,0.0,768400.0,768400.0,12043.346831594268
8171,768400.0,0.0,768400.0,768400.0,12043.327084450499
8172,768400.0,0.0,768400.0,768400.0,12043.307337371474
8173,768400.0,0.0,768400.0,768400.0,12043.287590357191
8174,768400.0,0.0,768400.0,768400.0,12043.267843407657
8175,611652.0,0.0,611652.0,611652.0,11066.73316811248
8176,519008.0,0.0,519008.0,519008.0,9539.473317430387
8177,728291.0,0.0,728291.0,728291.0,12043.20929961824
8178,768400.0,0.0,768400.0,768400.0,12043.189552925392
8179,768400.0,0.0,768400.0,768400.0,12043.169806297286
8180,768400.0,0.0,768400.0,768400.0,12043.150059733922
8181,768400.0,0.0,768400.0,768400.0,12043.130313235304
8182,768400.0,0.0,768400.0,768400.0,12043.11056680142
8183,768400.0,0.0,768400.0,768400.0,12043.090820432282
8184,768400.0,0.0,768400.0,768400.0,12043.071074127884
8185,725500.0,0.0,725500.0,725500.0,12043.051327888226
8186,634118.0,0.0,634118.0,634118.0,11431.663086821118
8187,556467.0,0.0,556467.0,556467.0,10161.113495932186
8188,347182.0,0.0,347182.0,347182.0,6602.435963224482
8189,461030.0,0.0,461030.0,461030.0,8564.509408700385
8190,361260.0,0.0,361260.0,361260.0,6848.756089520652
8191,382204.0,0.0,382204.0,382204.0,7213.209503225434
8192,610005.0,0.0,610005.0,610005.0,11039.581784667578
8193,768400.0,0.0,768400.0,768400.0,12042.898058254417
8194,737676.0,0.0,737676.0,737676.0,12042.878312582005
8195,609949.0,0.0,609949.0,609949.0,11038.614190242022
8196,485370.0,0.0,485370.0,485370.0,8975.505088124086
8197,315940.0,0.0,315940.0,315940.0,6051.610225729869
8198,510111.0,0.0,510111.0,510111.0,9390.540153799306
8199,332866.0,0.0,332866.0,332866.0,6350.659859909116
8200,202173.0,0.0,202173.0,202173.0,3993.6883871529094
8201,293566.0,0.0,293566.0,293566.0,5653.600175247724
8202,340556.0,0.0,340556.0,340556.0,6485.953032698959
8203,305176.0,0.0,305176.0,305176.0,5860.471744286149
8204,229204.0,0.0,229204.0,229204.0,4490.757182427888
8205,165236.0,0.0,165236.0,165236.0,3304.8833112274997
8206,137315.0,0.0,137315.0,137315.0,2775.9654170729727
8207,132905.0,0.0,132905.0,132905.0,2691.6900874122634
8208,161190.0,0.0,161190.0,161190.0,3228.693071258738
8209,271953.0,0.0,271953.0,271953.0,5266.1286498638265
8210,252097.0,0.0,252097.0,252097.0,4907.523409802615
8211,292713.0,0.0,292713.0,292713.0,5638.276181542064
8212,528897.0,0.0,528897.0,528897.0,9703.660415207585
8213,662754.0,0.0,662754.0,662754.0,11893.803333399861
8214,750487.0,0.0,750487.0,750487.0,12042.508806513746
8215,768400.0,0.0,768400.0,768400.0,12042.4890621175
8216,768400.0,0.0,768400.0,768400.0,12042.469317785986
8217,768400.0,0.0,768400.0,768400.0,12042.449573519207
8218,768400.0,0.0,768400.0,768400.0,12042.42982931715
8219,768400.0,0.0,768400.0,768400.0,12042.410085179828
8220,768400.0,0.0,768400.0,768400.0,12042.390341107233
8221,768400.0,0.0,768400.0,768400.0,12042.370597099372
8222,768400.0,0.0,768400.0,768400.0,12042.350853156238
8223,768400.0,0.0,768400.0,768400.0,12042.33110927783
8224,687785.0,0.0,687785.0,687785.0,12042.311365464157
8225,740519.0,0.0,740519.0,740519.0,12042.291621715205
8226,768400.0,0.0,768400.0,768400.0,12042.27187803099
8227,768400.0,0.0,768400.0,768400.0,12042.252134411494
8228,768400.0,0.0,768400.0,768400.0,12042.23239085673
8229,768400.0,0.0,768400.0,768400.0,12042.212647366694
8230,728219.0,0.0,728219.0,728219.0,12042.192903941377
8231,701780.0,0.0,701780.0,701780.0,12042.173160580793
8232,483337.0,0.0,483337.0,483337.0,8940.740806941261
8233,300382.0,0.0,300382.0,300382.0,5774.842296264549
8234,233568.0,0.0,233568.0,233568.0,4570.2571804993895
8235,203396.0,0.0,203396.0,203396.0,4016.0517352473607
8236,175935.0,0.0,175935.0,175935.0,3505.400347158438
8237,198958.0,0.0,198958.0,198958.0,3933.9320915013036
8238,262151.0,0.0,262151.0,262151.0,5089.174921184
8239,435522.0,0.0,435522.0,435522.0,8129.972795137215
8240,768400.0,0.0,768400.0,768400.0,12041.997038233425
8241,768400.0,0.0,768400.0,768400.0,12041.977295514927
8242,768400.0,0.0,768400.0,768400.0,12041.957552861157
8243,768400.0,0.0,768400.0,768400.0,12041.937810272113
8244,768400.0,0.0,768400.0,768400.0,12041.918067747785
8245,768400.0,0.0,768400.0,768400.0,12041.898325288183
8246,768400.0,0.0,768400.0,768400.0,12041.878582893301
8247,768400.0,0.0,768400.0,768400.0,12041.85884056314
8248,637038.0,0.0,637038.0,637038.0,11477.835792387184
8249,768400.0,0.0,768400.0,768400.0,12041.81946639342
8250,768400.0,0.0,768400.0,768400.0,12041.799724257058
8251,768400.0,0.0,768400.0,768400.0,12041.779982185419
8252,768400.0,0.0,768400.0,768400.0,12041.760240178497
8253,768400.0,0.0,768400.0,768400.0,12041.740498236295
8254,768400.0,0.0,768400.0,768400.0,12041.720756358813
8255,768400.0,0.0,768400.0,768400.0,12041.701014546048
8256,768400.0,0.0,768400.0,768400.0,12041.681272798003
8257,768400.0,0.0,768400.0,768400.0,12041.661531114674
8258,768400.0,0.0,768400.0,768400.0,12041.641789496067
8259,768400.0,0.0,768400.0,768400.0,12041.622047942174
8260,768400.0,0.0,768400.0,768400.0,12041.602306452996
8261,768400.0,0.0,768400.0,768400.0,12041.58256502854
8262,768400.0,0.0,768400.0,768400.0,12041.562823668799
8263,768400.0,0.0,768400.0,768400.0,12041.543082373772
8264,768400.0,0.0,768400.0,768400.0,12041.523341143462
8265,768400.0,0.0,768400.0,768400.0,12041.50359997787
8266,768400.0,0.0,768400.0,768400.0,12041.48385887699
8267,739550.0,0.0,739550.0,739550.0,12041.464117840827
8268,768400.0,0.0,768400.0,768400.0,12041.444376869376
8269,768400.0,0.0,768400.0,768400.0,12041.424635962641
8270,768400.0,0.0,768400.0,768400.0,12041.404895120619
8271,640278.0,0.0,640278.0,640278.0,11529.857455110761
8272,572014.0,0.0,572014.0,572014.0,10415.996210364121
8273,768400.0,0.0,768400.0,768400.0,12041.346095771763
8274,768400.0,0.0,768400.0,768400.0,12041.326355187211
8275,768400.0,0.0,768400.0,768400.0,12041.30661466737
8276,768400.0,0.0,768400.0,768400.0,12041.286874212237
8277,768400.0,0.0,768400.0,768400.0,12041.267133821822
8278,677159.0,0.0,677159.0,677159.0,12041.24739349611
8279,647985.0,0.0,647985.0,647985.0,11654.324894589434
8280,525301.0,0.0,525301.0,525301.0,9642.705182599131
8281,667048.0,0.0,667048.0,667048.0,11961.580531027124
8282,768400.0,0.0,768400.0,768400.0,12041.169006174478
8283,768400.0,0.0,768400.0,768400.0,12041.149266170443
8284,768400.0,0.0,768400.0,768400.0,12041.129526231116
8285,768400.0,0.0,768400.0,768400.0,12041.109786356501
8286,729265.0,0.0,729265.0,729265.0,12041.090046546595
8287,638849.0,0.0,638849.0,638849.0,11506.423891709117
8288,660357.0,0.0,660357.0,660357.0,11853.73837041087
8289,768400.0,0.0,768400.0,768400.0,12041.030968450987
8290,536222.0,0.0,536222.0,536222.0,9824.130074149421
8291,400576.0,0.0,400576.0,400576.0,7529.705988784035
8292,183326.0,0.0,183326.0,183326.0,3643.0899668807706
8293,148989.0,0.0,148989.0,148989.0,2997.574289564298
8294,123392.0,0.0,123392.0,123392.0,2508.7609091243107
8295,130550.0,0.0,130550.0,130550.0,2646.172107234638
8296,197254.0,0.0,197254.0,197254.0,3901.9531924357725
8297,377719.0,0.0,377719.0,377719.0,7134.08079103948
8298,665666.0,0.0,665666.0,665666.0,11939.027994182577
8299,768400.0,0.0,768400.0,768400.0,12040.846938215056
8300,768400.0,0.0,768400.0,768400.0,12040.827199266778
8301,728166.0,0.0,728166.0,728166.0,12040.8074603832
8302,556420.0,0.0,556420.0,556420.0,10158.42484934802
8303,350764.0,0.0,350764.0,350764.0,6663.914809351577
8304,293998.0,0.0,293998.0,293998.0,5660.304362899291
8305,198272.0,0.0,198272.0,198272.0,3920.751116489815
8306,143771.0,0.0,143771.0,143771.0,2898.4307021195536
8307,118072.0,0.0,118072.0,118072.0,2406.183659002422
8308,122555.0,0.0,122555.0,122555.0,2492.59247173702
8309,124944.0,0.0,124944.0,124944.0,2538.539455031083
8310,121422.0,0.0,121422.0,121422.0,2470.768004470015
8311,115260.0,0.0,115260.0,115260.0,2351.8387826256844
8312,130770.0,0.0,130770.0,130770.0,2650.308558200848
8313,245207.0,0.0,245207.0,245207.0,4781.603926398757
8314,583318.0,0.0,583318.0,583318.0,10601.014173143949
8315,459041.0,0.0,459041.0,459041.0,8529.014317653562
8316,628828.0,0.0,628828.0,628828.0,11343.49406515889
8317,589053.0,0.0,589053.0,589053.0,10694.983616404254
8318,501524.0,0.0,501524.0,501524.0,9244.97497792373
8319,347431.0,0.0,347431.0,347431.0,6605.337947025541
8320,202897.0,0.0,202897.0,202897.0,4006.229421176399
8321,477444.0,0.0,477444.0,477444.0,8840.12233779679
8322,647037.0,0.0,647037.0,647037.0,11638.226280971858
8323,670785.0,0.0,670785.0,670785.0,12020.87933951487
8324,388642.0,0.0,388642.0,388642.0,7323.133592523085
8325,255311.0,0.0,255311.0,255311.0,4964.753016597767
8326,148486.0,0.0,148486.0,148486.0,2987.8650203251163
8327,115260.0,0.0,115260.0,115260.0,2351.771992363
8328,98871.0,0.0,98871.0,98871.0,2029.0738966612494
8329,28309.0,0.0,28309.0,28309.0,579.8673886155461
8330,0.0,0.0,0.0,0.0,-0.0
8331,0.0,0.0,0.0,0.0,-0.0
8332,0.0,0.0,0.0,0.0,-0.0
8333,0.0,0.0,0.0,0.0,-0.0
8334,703.0,0.0,703.0,703.0,-0.0
8335,0.0,0.0,0.0,0.0,-0.0
8336,3166.0,0.0,3166.0,3166.0,-0.0
8337,266578.0,0.0,266578.0,266578.0,4306.5378541996315
8338,250108.0,0.0,250108.0,250108.0,4870.063088439591
8339,239044.0,0.0,239044.0,239044.0,4668.976460451409
8340,29075.0,0.0,29075.0,29075.0,594.6734968755005
8341,61930.0,0.0,61930.0,61930.0,1149.8312602296262
8342,206829.0,0.0,206829.0,206829.0,3795.577200163772
8343,100840.0,0.0,100840.0,100840.0,2071.2292383572594
8344,64958.0,0.0,64958.0,64958.0,1334.0010920376264
8345,272534.0,0.0,272534.0,272534.0,4945.618389974087
8346,471653.0,0.0,471653.0,471653.0,8740.799325559861
8347,737061.0,0.0,737061.0,737061.0,12038.331568575082
8348,768400.0,0.0,768400.0,768400.0,12038.311837867626
8349,768400.0,0.0,768400.0,768400.0,12038.292107224841
8350,768400.0,0.0,768400.0,768400.0,12038.27237664671
8351,768400.0,0.0,768400.0,768400.0,12038.252646133247
8352,768400.0,0.0,768400.0,768400.0,12038.232915684443
8353,768400.0,0.0,768400.0,768400.0,12038.213185300305
8354,768400.0,0.0,768400.0,768400.0,12038.193454980828
8355,768400.0,0.0,768400.0,768400.0,12038.173724726013
8356,768400.0,0.0,768400.0,768400.0,12038.15399453586
8357,768400.0,0.0,768400.0,768400.0,12038.134264410372
8358,768400.0,0.0,768400.0,768400.0,12038.114534349537
8359,768400.0,0.0,768400.0,768400.0,12038.094804353372
8360,768400.0,0.0,768400.0,768400.0,12038.075074421859
8361,768400.0,0.0,768400.0,768400.0,12038.05534455501
8362,768400.0,0.0,768400.0,768400.0,12038.035614752816
8363,749227.0,0.0,749227.0,749227.0,12038.015885015286
8364,686856.0,0.0,686856.0,686856.0,12037.996155342415
8365,654770.0,0.0,654770.0,654770.0,11760.667303300774
8366,595730.0,0.0,595730.0,595730.0,10801.956794948808
8367,398214.0,0.0,398214.0,398214.0,7486.962573756713
8368,115260.0,0.0,115260.0,115260.0,2351.233349085739
8369,115260.0,0.0,115260.0,115260.0,2351.229494489342
8370,115260.0,0.0,115260.0,115260.0,2351.2256399055163
8371,125300.0,0.0,125300.0,125300.0,2544.708541526388
8372,84172.0,0.0,84172.0,84172.0,1729.5949408879092
8373,28341.0,0.0,28341.0,28341.0,580.4030439615055
8374,20604.0,0.0,20604.0,20604.0,420.0836675872583
8375,88068.0,0.0,88068.0,88068.0,1564.892647316472
8376,124901.0,0.0,124901.0,124901.0,2466.5941787923243
8377,272632.0,0.0,272632.0,272632.0,5275.731565411221
8378,307430.0,0.0,307430.0,307430.0,5897.580994495197
8379,399821.0,0.0,399821.0,399821.0,7514.102232697559
8380,661759.0,0.0,661759.0,661759.0,11872.35032961558
8381,665235.0,0.0,665235.0,665235.0,11928.26994557933
8382,752528.0,0.0,752528.0,752528.0,12036.993054259678
8383,760694.0,0.0,760694.0,760694.0,12036.973327937509
8384,768400.0,0.0,768400.0,768400.0,12036.953601679988
8385,768400.0,0.0,768400.0,768400.0,12036.933875487104
8386,768400.0,0.0,768400.0,768400.0,12036.914149358869
8387,721828.0,0.0,721828.0,721828.0,12036.89442329527
8388,569066.0,0.0,569066.0,569066.0,10363.542884954191
8389,454953.0,0.0,454953.0,454953.0,8456.969999803516
8390,354423.0,0.0,354423.0,354423.0,6725.634564405898
8391,440582.0,0.0,440582.0,440582.0,8212.5916722004
8392,714590.0,0.0,714590.0,714590.0,12036.79878527112
8393,698832.0,0.0,698832.0,698832.0,12036.779059585557
8394,768400.0,0.0,768400.0,768400.0,12036.759333964641
8395,768400.0,0.0,768400.0,768400.0,12036.739608408358
8396,768400.0,0.0,768400.0,768400.0,12036.719882916714
8397,768400.0,0.0,768400.0,768400.0,12036.70015748971
8398,768400.0,0.0,768400.0,768400.0,12036.680432127345
8399,768400.0,0.0,768400.0,768400.0,12036.660706829614
8400,768400.0,0.0,768400.0,768400.0,12036.630656329573
8401,768400.0,0.0,768400.0,768400.0,12036.61093119493
8402,768400.0,0.0,768400.0,768400.0,12036.59120612492
8403,768400.0,0.0,768400.0,768400.0,12036.57148111955
8404,768400.0,0.0,768400.0,768400.0,12036.551756178815
8405,768400.0,0.0,768400.0,768400.0,12036.532031302715
8406,768400.0,0.0,768400.0,768400.0,12036.51230649125
8407,768400.0,0.0,768400.0,768400.0,12036.492581744422
8408,768400.0,0.0,768400.0,768400.0,12036.472857062225
8409,768400.0,0.0,768400.0,768400.0,12036.453132444663
8410,768400.0,0.0,768400.0,768400.0,12036.433407891735
8411,768400.0,0.0,768400.0,768400.0,12036.413683403443
8412,765487.0,0.0,765487.0,765487.0,12036.39395897978
8413,768400.0,0.0,768400.0,768400.0,12036.374234620753
8414,662624.0,0.0,662624.0,662624.0,11885.604439811703
8415,619069.0,0.0,619069.0,619069.0,11181.020003889316
8416,744418.0,0.0,744418.0,744418.0,12036.315259100722
8417,768400.0,0.0,768400.0,768400.0,12036.295534999575
8418,768400.0,0.0,768400.0,768400.0,12036.27581096306
8419,768400.0,0.0,768400.0,768400.0,12036.256086991176
8420,768400.0,0.0,768400.0,768400.0,12036.236363083925
8421,768400.0,0.0,768400.0,768400.0,12036.216639241302
8422,490537.0,0.0,490537.0,490537.0,9057.265809829605
8423,192343.0,0.0,192343.0,192343.0,3809.1961177352227
8424,115260.0,0.0,115260.0,115260.0,2350.84026102295
8425,19050.0,0.0,19050.0,19050.0,389.9843774819404
8426,0.0,0.0,0.0,0.0,-0.0
8427,89963.0,0.0,89963.0,89963.0,1538.5403921753111
8428,408083.0,0.0,408083.0,408083.0,7496.171854862811
8429,358317.0,0.0,358317.0,358317.0,6792.747727042872
8430,647619.0,0.0,647619.0,647619.0,11642.59412513972
8431,768400.0,0.0,768400.0,768400.0,12035.216972118225
8432,768400.0,0.0,768400.0,768400.0,12035.197251615798
8433,768400.0,0.0,768400.0,768400.0,12035.177531177982
8434,768400.0,0.0,768400.0,768400.0,12035.157810804782
8435,768400.0,0.0,768400.0,768400.0,12035.138090496193
8436,768400.0,0.0,768400.0,768400.0,12035.118370252218
8437,498147.0,0.0,498147.0,498147.0,9184.122665301264
8438,604658.0,0.0,604658.0,604658.0,10945.151432241319
8439,343916.0,0.0,343916.0,343916.0,6540.5465725643
8440,154731.0,0.0,154731.0,154731.0,3104.573080518617
8441,138076.0,0.0,138076.0,138076.0,2788.4852022023997
8442,189943.0,0.0,189943.0,189943.0,3764.215475022895
8443,187040.0,0.0,187040.0,187040.0,3710.234507259762
8444,473013.0,0.0,473013.0,473013.0,8761.221658491033
8445,768400.0,0.0,768400.0,768400.0,12034.951939249044
8446,768400.0,0.0,768400.0,768400.0,12034.932219614979
8447,768400.0,0.0,768400.0,768400.0,12034.912500045524
8448,768400.0,0.0,768400.0,768400.0,12034.892780540678
8449,768400.0,0.0,768400.0,768400.0,12034.87306110044
8450,768400.0,0.0,768400.0,768400.0,12034.853341724809
8451,768400.0,0.0,768400.0,768400.0,12034.83362241379
8452,768400.0,0.0,768400.0,768400.0,12034.813903167376
8453,768400.0,0.0,768400.0,768400.0,12034.794183985567
8454,768400.0,0.0,768400.0,768400.0,12034.77446486837
8455,768400.0,0.0,768400.0,768400.0,12034.754745815782
8456,768400.0,0.0,768400.0,768400.0,12034.735026827793
8457,768400.0,0.0,768400.0,768400.0,12034.715307904418
8458,720785.0,0.0,720785.0,720785.0,12034.695589045641
8459,586980.0,0.0,586980.0,586980.0,10655.771396223357
8460,416033.0,0.0,416033.0,416033.0,7791.365629411505
8461,451723.0,0.0,451723.0,451723.0,8400.529316181228
8462,134402.0,0.0,134402.0,134402.0,2718.2668764163
8463,115260.0,0.0,115260.0,115260.0,2350.491804365614
8464,115260.0,0.0,115260.0,115260.0,2350.4879521870503
8465,115260.0,0.0,115260.0,115260.0,2350.4841000210477
8466,85731.0,0.0,85731.0,85731.0,1759.4782156448102
8467,89954.0,0.0,89954.0,89954.0,1831.3255900228376
8468,71963.0,0.0,71963.0,71963.0,1478.5239068498126
8469,41317.0,0.0,41317.0,41317.0,846.6714251901059
8470,29593.0,0.0,29593.0,29593.0,609.1914855012628
8471,0.0,0.0,0.0,0.0,-0.0
8472,0.0,0.0,0.0,0.0,-0.0
8473,0.0,0.0,0.0,0.0,-0.0
8474,0.0,0.0,0.0,0.0,-0.0
8475,0.0,0.0,0.0,0.0,-0.0
8476,0.0,0.0,0.0,0.0,-0.0
8477,0.0,0.0,0.0,0.0,-0.0
8478,0.0,0.0,0.0,0.0,-0.0
8479,0.0,0.0,0.0,0.0,-0.0
8480,126959.0,0.0,126959.0,126959.0,2146.2734082444886
8481,352472.0,0.0,352472.0,352472.0,6689.592144838963
8482,339840.0,0.0,339840.0,339840.0,6468.135898137351
8483,411781.0,0.0,411781.0,411781.0,7717.626624099745
8484,215563.0,0.0,215563.0,215563.0,4237.051564181933
8485,316293.0,0.0,316293.0,316293.0,6052.862185760085
8486,491799.0,0.0,491799.0,491799.0,9076.36848462966
8487,345064.0,0.0,345064.0,345064.0,6559.771122228804
8488,111867.0,0.0,111867.0,111867.0,2284.5916196722083
8489,179632.0,0.0,179632.0,179632.0,3571.6683352612104
8490,218376.0,0.0,218376.0,218376.0,4288.67023787759
8491,228455.0,0.0,228455.0,228455.0,4473.279690028308
8492,174578.0,0.0,174578.0,174578.0,3477.2057463716624
8493,165240.0,0.0,165240.0,165240.0,3302.1040399978333
8494,169631.0,0.0,169631.0,169631.0,3384.5314706620384
8495,193826.0,0.0,193826.0,193826.0,3835.714194723365
8496,180937.0,0.0,180937.0,180937.0,3595.9779225169846
8497,119955.0,0.0,119955.0,119955.0,2440.7977259343556
8498,64765.0,0.0,64765.0,64765.0,1329.5968923334449
8499,48927.0,0.0,48927.0,48927.0,1003.7215799177602
8500,31193.0,0.0,31193.0,31193.0,640.3613171460636
8501,20487.0,0.0,20487.0,20487.0,417.6711251248059
8502,0.0,0.0,0.0,0.0,-0.0
8503,25703.0,0.0,25703.0,25703.0,440.6242592189268
8504,5126.0,0.0,5126.0,5126.0,104.51169356595102
8505,64176.0,0.0,64176.0,64176.0,1112.9705444242054
8506,116477.0,0.0,116477.0,116477.0,2225.458109189451
8507,143427.0,0.0,143427.0,143427.0,2889.580757915666
8508,185070.0,0.0,185070.0,185070.0,3672.6150021910585
8509,409297.0,0.0,409297.0,409297.0,7674.010823357073
8510,361622.0,0.0,361622.0,361622.0,6848.564779251503
8511,271015.0,0.0,271015.0,271015.0,5244.307920952154
8512,226669.0,0.0,226669.0,226669.0,4440.09364047599
8513,720599.0,0.0,720599.0,720599.0,12032.090184343771
8514,488890.0,0.0,488890.0,488890.0,9026.39642583631
8515,447095.0,0.0,447095.0,447095.0,8320.030507691614
8516,366431.0,0.0,366431.0,366431.0,6932.311250993711
8517,333747.0,0.0,333747.0,333747.0,6360.118586911549
8518,288544.0,0.0,288544.0,288544.0,5558.50012352638
8519,292871.0,0.0,292871.0,292871.0,5635.763178462201
8520,286843.0,0.0,286843.0,286843.0,5528.07304017297
8521,305851.0,0.0,305851.0,305851.0,5866.845258701813
8522,285786.0,0.0,285786.0,285786.0,5509.149696547078
8523,287076.0,0.0,287076.0,287076.0,5532.212282141565
8524,312235.0,0.0,312235.0,312235.0,5980.101229337654
8525,342935.0,0.0,342935.0,342935.0,6521.492887343297
8526,342220.0,0.0,342220.0,342220.0,6508.935175188885
8527,308129.0,0.0,308129.0,308129.0,5907.239015776584
8528,310039.0,0.0,310039.0,310039.0,5941.121765794124
8529,526228.0,0.0,526228.0,526228.0,9650.40353221364
8530,251824.0,0.0,251824.0,251824.0,4897.788961745058
8531,341489.0,0.0,341489.0,341489.0,6496.051198905382
8532,249738.0,0.0,249738.0,249738.0,4859.975551599324
8533,385892.0,0.0,385892.0,385892.0,7270.007943332483
8534,309358.0,0.0,309358.0,309358.0,5928.981535653502
8535,445347.0,0.0,445347.0,445347.0,8290.042765785789
8536,187106.0,0.0,187106.0,187106.0,3710.324347872046
8537,267532.0,0.0,267532.0,267532.0,5181.404050663315
8538,191772.0,0.0,191772.0,191772.0,3797.004311321846
8539,258140.0,0.0,258140.0,258140.0,5011.976446264634
8540,228151.0,0.0,228151.0,228151.0,4466.982698281091
8541,236488.0,0.0,236488.0,236488.0,4619.117938101646
8542,220065.0,0.0,220065.0,220065.0,4318.922088731382
8543,245002.0,0.0,245002.0,245002.0,4773.963939540398
8544,264836.0,0.0,264836.0,264836.0,5132.775857138604
8545,279626.0,0.0,279626.0,279626.0,5398.628544305325
8546,327224.0,0.0,327224.0,327224.0,6244.901747014412
8547,292029.0,0.0,292029.0,292029.0,5620.478352936617
8548,320387.0,0.0,320387.0,320387.0,6124.164613182957
8549,336252.0,0.0,336252.0,336252.0,6403.854629977871
8550,441738.0,0.0,441738.0,441738.0,8228.435175802306
8551,362055.0,0.0,362055.0,362055.0,6855.661821730273
8552,725291.0,0.0,725291.0,725291.0,12031.371955028739
8553,768400.0,0.0,768400.0,768400.0,12031.352247124065
8554,738552.0,0.0,738552.0,738552.0,12031.33253928394
8555,695827.0,0.0,695827.0,695827.0,12031.312831508365
8556,682608.0,0.0,682608.0,682608.0,12031.29312379734
8557,654567.0,0.0,654567.0,654567.0,11750.829030092556
8558,603760.0,0.0,603760.0,603760.0,10926.987352329292
8559,451844.0,0.0,451844.0,451844.0,8400.116031786642
8560,175064.0,0.0,175064.0,175064.0,3485.594271170713
8561,220511.0,0.0,220511.0,220511.0,4326.959206301793
8562,186767.0,0.0,186767.0,186767.0,3703.853545802631
8563,141147.0,0.0,141147.0,141147.0,2845.949001864724
8564,115260.0,0.0,115260.0,115260.0,2349.719099327192
8565,57519.0,0.0,57519.0,57519.0,1179.6010028660928
8566,0.0,0.0,0.0,0.0,-0.0
8567,0.0,0.0,0.0,0.0,-0.0
8568,0.0,0.0,0.0,0.0,-0.0
8569,61313.0,0.0,61313.0,61313.0,1048.0808072086213
8570,158724.0,0.0,158724.0,158724.0,2958.2599382153276
8571,371727.0,0.0,371727.0,371727.0,7023.355785570344
8572,670741.0,0.0,670741.0,670741.0,12009.996408124658
8573,768400.0,0.0,768400.0,768400.0,12030.191628330742
8574,768400.0,0.0,768400.0,768400.0,12030.171924292017
8575,768400.0,0.0,768400.0,768400.0,12030.152220317821
8576,768400.0,0.0,768400.0,768400.0,12030.13251640816
8577,768400.0,0.0,768400.0,768400.0,12030.112812563031
8578,768400.0,0.0,768400.0,768400.0,12030.093108782436
8579,768400.0,0.0,768400.0,768400.0,12030.073405066367
8580,768400.0,0.0,768400.0,768400.0,12030.053701414834
8581,768400.0,0.0,768400.0,768400.0,12030.033997827833
8582,768400.0,0.0,768400.0,768400.0,12030.014294305354
8583,768400.0,0.0,768400.0,768400.0,12029.994590847418
8584,768400.0,0.0,768400.0,768400.0,12029.974887454002
8585,768400.0,0.0,768400.0,768400.0,12029.955184125118
8586,768400.0,0.0,768400.0,768400.0,12029.935480860766
8587,768400.0,0.0,768400.0,768400.0,12029.91577766094
8588,768400.0,0.0,768400.0,768400.0,12029.896074525639
8589,768400.0,0.0,768400.0,768400.0,12029.876371454873
8590,768400.0,0.0,768400.0,768400.0,12029.856668448632
8591,768400.0,0.0,768400.0,768400.0,12029.83696550692
8592,768400.0,0.0,768400.0,768400.0,12029.817262629733
8593,768400.0,0.0,768400.0,768400.0,12029.797559817074
8594,768400.0,0.0,768400.0,768400.0,12029.777857068942
8595,727556.0,0.0,727556.0,727556.0,12029.75815438534
8596,350087.0,0.0,350087.0,350087.0,6645.591493902875
8597,189052.0,0.0,189052.0,189052.0,3745.8311284846172
8598,208963.0,0.0,208963.0,208963.0,4114.160056262445
8599,231871.0,0.0,231871.0,231871.0,4534.145007756583
8600,175986.0,0.0,175986.0,175986.0,3502.3308147550315
8601,307030.0,0.0,307030.0,307030.0,5886.583450577538
8602,462695.0,0.0,462695.0,462695.0,8582.85247758655
8603,621994.0,0.0,621994.0,621994.0,11222.239329306223
8604,516941.0,0.0,516941.0,516941.0,9493.939783581518
8605,539872.0,0.0,539872.0,539872.0,9875.108383930889
8606,379456.0,0.0,379456.0,379456.0,7157.131385956566
8607,480420.0,0.0,480420.0,480420.0,8881.978186808066
8608,690832.0,0.0,690832.0,690832.0,12029.515539166683
8609,768400.0,0.0,768400.0,768400.0,12029.495837342156
8610,768400.0,0.0,768400.0,768400.0,12029.476135582154
8611,768400.0,0.0,768400.0,768400.0,12029.45643388667
8612,768400.0,0.0,768400.0,768400.0,12029.436732255708
8613,768400.0,0.0,768400.0,768400.0,12029.41703068927
8614,649966.0,0.0,649966.0,649966.0,11674.799773281175
8615,353750.0,0.0,353750.0,353750.0,6709.453509247316
8616,143596.0,0.0,143596.0,143596.0,2892.0215028594407
8617,115260.0,0.0,115260.0,115260.0,2349.316127376131
8618,67637.0,0.0,67637.0,67637.0,1389.24114379748
8619,0.0,0.0,0.0,0.0,-0.0
8620,0.0,0.0,0.0,0.0,-0.0
8621,0.0,0.0,0.0,0.0,-0.0
8622,0.0,0.0,0.0,0.0,-0.0
8623,0.0,0.0,0.0,0.0,-0.0
8624,203204.0,0.0,203204.0,203204.0,3339.577278913353
8625,331993.0,0.0,331993.0,331993.0,6327.240911553396
8626,117347.0,0.0,117347.0,117347.0,2389.399189131309
8627,149916.0,0.0,149916.0,149916.0,3011.610817316787
8628,152031.0,0.0,152031.0,152031.0,3051.6235110173925
8629,146095.0,0.0,146095.0,146095.0,2939.191416539743
8630,241849.0,0.0,241849.0,241849.0,4715.313840608738
8631,155340.0,0.0,155340.0,155340.0,3114.1292923768806
8632,0.0,0.0,0.0,0.0,-0.0
8633,0.0,0.0,0.0,0.0,-0.0
8634,0.0,0.0,0.0,0.0,-0.0
8635,27681.0,0.0,27681.0,27681.0,472.50484623249497
8636,54837.0,0.0,54837.0,54837.0,1025.864616219084
8637,183978.0,0.0,183978.0,183978.0,3372.3727580778736
8638,451154.0,0.0,451154.0,451154.0,8385.654044262556
8639,726822.0,0.0,726822.0,726822.0,12027.421602381335
8640,768400.0,0.0,768400.0,768400.0,12027.401907413809
8641,768400.0,0.0,768400.0,768400.0,12027.382212510774
8642,768400.0,0.0,768400.0,768400.0,12027.362517672223
8643,768400.0,0.0,768400.0,768400.0,12027.342822898161
8644,768400.0,0.0,768400.0,768400.0,12027.32312818859
8645,768400.0,0.0,768400.0,768400.0,12027.3034335435
8646,768400.0,0.0,768400.0,768400.0,12027.283738962902
8647,768400.0,0.0,768400.0,768400.0,12027.264044446787
8648,768400.0,0.0,768400.0,768400.0,12027.24434999516
8649,768400.0,0.0,768400.0,768400.0,12027.224655608017
8650,768400.0,0.0,768400.0,768400.0,12027.204961285359
8651,768400.0,0.0,768400.0,768400.0,12027.185267027186
8652,768400.0,0.0,768400.0,768400.0,12027.165572833497
8653,768400.0,0.0,768400.0,768400.0,12027.145878704296
8654,768400.0,0.0,768400.0,768400.0,12027.126184639577
8655,768400.0,0.0,768400.0,768400.0,12027.106490639342
8656,768400.0,0.0,768400.0,768400.0,12027.086796703592
8657,768400.0,0.0,768400.0,768400.0,12027.067102832318
8658,768400.0,0.0,768400.0,768400.0,12027.047409025534
8659,768400.0,0.0,768400.0,768400.0,12027.027715283228
8660,768400.0,0.0,768400.0,768400.0,12027.008021605405
8661,695916.0,0.0,695916.0,695916.0,12026.988327992065
8662,501490.0,0.0,501490.0,501490.0,9233.718192347751
8663,309647.0,0.0,309647.0,309647.0,5931.59920288006
8664,115260.0,0.0,115260.0,115260.0,2348.7773524517097
8665,102029.0,0.0,102029.0,102029.0,2092.0724834012176
8666,0.0,0.0,0.0,0.0,-0.0
8667,9602.0,0.0,9602.0,9602.0,163.59543691922926
8668,0.0,0.0,0.0,0.0,-0.0
8669,0.0,0.0,0.0,0.0,-0.0
8670,0.0,0.0,0.0,0.0,-0.0
8671,0.0,0.0,0.0,0.0,-0.0
8672,2669.0,0.0,2669.0,2669.0,-0.0
8673,14544.0,0.0,14544.0,14544.0,247.63361887867262
8674,273157.0,0.0,273157.0,273157.0,4510.244983826267
8675,468368.0,0.0,468368.0,468368.0,8676.027948126864
8676,471960.0,0.0,471960.0,471960.0,8736.652678650056
8677,676054.0,0.0,676054.0,676054.0,12025.916252783212
8678,768400.0,0.0,768400.0,768400.0,12025.896562745129
8679,768400.0,0.0,768400.0,768400.0,12025.876872771514
8680,768400.0,0.0,768400.0,768400.0,12025.857182862357
8681,768400.0,0.0,768400.0,768400.0,12025.837493017667
8682,768400.0,0.0,768400.0,768400.0,12025.817803237434
8683,768400.0,0.0,768400.0,768400.0,12025.798113521669
8684,768400.0,0.0,768400.0,768400.0,12025.778423870366
8685,768400.0,0.0,768400.0,768400.0,12025.758734283523
8686,768400.0,0.0,768400.0,768400.0,12025.73904476114
8687,768400.0,0.0,768400.0,768400.0,12025.719355303223
8688,768400.0,0.0,768400.0,768400.0,12025.699665909764
8689,768400.0,0.0,768400.0,768400.0,12025.679976580772
8690,768400.0,0.0,768400.0,768400.0,12025.660287316232
8691,768400.0,0.0,768400.0,768400.0,12025.640598116159
8692,768400.0,0.0,768400.0,768400.0,12025.620908980542
8693,768400.0,0.0,768400.0,768400.0,12025.601219909384
8694,768400.0,0.0,768400.0,768400.0,12025.581530902686
8695,768400.0,0.0,768400.0,768400.0,12025.561841960443
8696,768400.0,0.0,768400.0,768400.0,12025.542153082666
8697,768400.0,0.0,768400.0,768400.0,12025.522464269343
8698,768400.0,0.0,768400.0,768400.0,12025.502775520481
8699,700377.0,0.0,700377.0,700377.0,12025.48308683607
8700,672042.0,0.0,672042.0,672042.0,12025.46339821612
8701,718047.0,0.0,718047.0,718047.0,12025.44370966063
8702,732920.0,0.0,732920.0,732920.0,12025.424021169596
8703,581444.0,0.0,581444.0,581444.0,10556.749403489843
8704,235955.0,0.0,235955.0,235955.0,4606.81614796251
8705,438768.0,0.0,438768.0,438768.0,8173.572202644132
8706,342241.0,0.0,342241.0,342241.0,6505.5660692023
8707,328072.0,0.0,328072.0,328072.0,6256.44136305163
8708,292948.0,0.0,292948.0,292948.0,5633.778313896715
8709,344840.0,0.0,344840.0,344840.0,6551.103995390467
8710,312989.0,0.0,312989.0,312989.0,5989.940474276888
8711,357941.0,0.0,357941.0,357941.0,6780.209686036077
8712,322065.0,0.0,322065.0,322065.0,6150.42637194853
8713,276479.0,0.0,276479.0,276479.0,5339.165123502658
8714,201472.0,0.0,201472.0,201472.0,3974.311733120902
8715,142726.0,0.0,142726.0,142726.0,2874.3630811020016
8716,135280.0,0.0,135280.0,135280.0,2732.601213303133
8717,138705.0,0.0,138705.0,138705.0,2797.874903812486
8718,115260.0,0.0,115260.0,115260.0,2348.374957988019
8719,115260.0,0.0,115260.0,115260.0,2348.3711127088313
8720,176980.0,0.0,176980.0,176980.0,3519.415563147103
8721,249924.0,0.0,249924.0,249924.0,4860.418627038999
8722,142303.0,0.0,142303.0,142303.0,2866.2926849563796
8723,600000.0,0.0,600000.0,600000.0,10859.949744213454
8724,429682.0,0.0,429682.0,429682.0,8018.380188852154
8725,517979.0,0.0,517979.0,517979.0,9507.523749655513
8726,443387.0,0.0,443387.0,443387.0,8251.917125693137
8727,406599.0,0.0,406599.0,406599.0,7622.835715033179
8728,99879.0,0.0,99879.0,99879.0,2045.716365418805
8729,55030.0,0.0,55030.0,55030.0,1130.3695861800743
8730,89424.0,0.0,89424.0,89424.0,1717.6622895848698
8731,85362.0,0.0,85362.0,85362.0,1750.603104054003
8732,78425.0,0.0,78425.0,78425.0,1607.185126032127
8733,120127.0,0.0,120127.0,120127.0,2340.565984133931
8734,211785.0,0.0,211785.0,211785.0,4164.07915825832
8735,224443.0,0.0,224443.0,224443.0,4396.251182603635
8736,326734.0,0.0,326734.0,326734.0,6232.306085824931
8737,676440.0,0.0,676440.0,676440.0,12024.314320766283
8738,756547.0,0.0,756547.0,756547.0,12024.29463596959
8739,768400.0,0.0,768400.0,768400.0,12024.27495123734
8740,768400.0,0.0,768400.0,768400.0,12024.255266569517
8741,768400.0,0.0,768400.0,768400.0,12024.235581966137
8742,768400.0,0.0,768400.0,768400.0,12024.215897427197
8743,768400.0,0.0,768400.0,768400.0,12024.196212952691
8744,768400.0,0.0,768400.0,768400.0,12024.17652854262
8745,768400.0,0.0,768400.0,768400.0,12024.156844196987
8746,768400.0,0.0,768400.0,768400.0,12024.137159915794
8747,721187.0,0.0,721187.0,721187.0,12024.117475699033
8748,702372.0,0.0,702372.0,702372.0,12024.097791546707
8749,719993.0,0.0,719993.0,719993.0,12024.078107458818
8750,682882.0,0.0,682882.0,682882.0,12024.058423435357
8751,462278.0,0.0,462278.0,462278.0,8571.66409077426
8752,159087.0,0.0,159087.0,159087.0,3183.5159682280064
8753,300047.0,0.0,300047.0,300047.0,5759.554769558375
8754,197499.0,0.0,197499.0,197499.0,3900.423713351865
8755,288305.0,0.0,288305.0,288305.0,5550.237676895407
8756,229636.0,0.0,229636.0,229636.0,4490.994704967887
8757,167332.0,0.0,167332.0,167332.0,3338.4678615485545
8758,146428.0,0.0,146428.0,146428.0,2944.275942350975
8759,176219.0,0.0,176219.0,176219.0,3504.8114034651
