,Energy to electrolyzer (kWh),Energy from grid (kWh),Energy from renewables (kWh),Total energy (kWh),Hydrogen Hourly production (kg)
0,600332.0,0.0,600332.0,600332.0,11422.87416889604
1,599797.0,0.0,599797.0,599797.0,11413.580916877132
2,601586.0,0.0,601586.0,601586.0,11444.569429237854
3,600505.0,0.0,600505.0,600505.0,11425.81542524489
4,595621.0,0.0,595621.0,595621.0,11341.096392212114
5,580948.0,0.0,580948.0,580948.0,11086.064890149526
6,587431.0,0.0,587431.0,587431.0,11198.82086656687
7,621041.0,0.0,621041.0,621041.0,11780.894392023934
8,809857.0,0.0,809857.0,809857.0,14976.882088437846
9,987120.0,0.0,987120.0,987120.0,16315.372648803806
10,561474.0,0.0,561474.0,561474.0,10746.230556402987
11,974682.0,0.0,974682.0,974682.0,16315.319167210631
12,604291.0,0.0,604291.0,604291.0,11491.236169565664
13,426882.0,0.0,426882.0,426882.0,8355.230460338928
14,426246.0,0.0,426246.0,426246.0,8343.729092040718
15,113817.0,0.0,113817.0,113817.0,2392.292045142385
16,585576.0,0.0,585576.0,585576.0,10821.614114727836
17,256973.0,0.0,256973.0,256973.0,5212.735095493625
18,207235.0,0.0,207235.0,207235.0,4260.467876892338
19,336725.0,0.0,336725.0,336725.0,6706.992850701923
20,503811.0,0.0,503811.0,503811.0,9731.0327043644
21,567684.0,0.0,567684.0,567684.0,10854.3866150852
22,400934.0,0.0,400934.0,400934.0,7884.781700872901
23,324451.0,0.0,324451.0,324451.0,6479.348562546321
24,407625.0,0.0,407625.0,407625.0,8006.310106829203
25,397809.0,0.0,397809.0,397809.0,7827.896804592029
26,478463.0,0.0,478463.0,478463.0,9280.42397775051
27,471013.0,0.0,471013.0,471013.0,9147.471087013328
28,497269.0,0.0,497269.0,497269.0,9614.895562446654
29,527501.0,0.0,527501.0,527501.0,10149.47521123202
30,447196.0,0.0,447196.0,447196.0,8720.790152987049
31,432708.0,0.0,432708.0,432708.0,8459.999609185277
32,594093.0,0.0,594093.0,594093.0,11313.902915769308
33,525871.0,0.0,525871.0,525871.0,10120.68115687453
34,404596.0,0.0,404596.0,404596.0,7951.174307005478
35,498717.0,0.0,498717.0,498717.0,9640.475453828449
36,615182.0,0.0,615182.0,615182.0,11679.014471557553
37,467515.0,0.0,467515.0,467515.0,9084.815930864503
38,322742.0,0.0,322742.0,322742.0,6447.426262538962
39,297001.0,0.0,297001.0,297001.0,5967.141863210639
40,366891.0,0.0,366891.0,366891.0,7262.703159220317
41,279677.0,0.0,279677.0,279677.0,5641.730804947825
42,309206.0,0.0,309206.0,309206.0,6195.2991933086805
43,367707.0,0.0,367707.0,367707.0,7277.640074748152
44,306774.0,0.0,306774.0,306774.0,6149.877375334092
45,330155.0,0.0,330155.0,330155.0,6584.973345880201
46,478829.0,0.0,478829.0,478829.0,9286.640573833827
47,185138.0,0.0,185138.0,185138.0,3831.3740323857696
48,278130.0,0.0,278130.0,278130.0,5612.520082959361
49,309164.0,0.0,309164.0,309164.0,6194.44261338235
50,258217.0,0.0,258217.0,258217.0,5236.039255200458
51,146907.0,0.0,146907.0,146907.0,3079.411538752169
52,450072.0,0.0,450072.0,450072.0,8772.124835963627
53,231919.0,0.0,231919.0,231919.0,4734.917024041725
54,177601.0,0.0,177601.0,177601.0,3684.133955779673
55,665214.0,0.0,665214.0,665214.0,12538.433304842603
56,494343.0,0.0,494343.0,494343.0,9562.51179863414
57,904251.0,0.0,904251.0,904251.0,16313.93730875461
58,772395.0,0.0,772395.0,772395.0,14350.850610662896
59,510613.0,0.0,510613.0,510613.0,9850.829005298125
60,675713.0,0.0,675713.0,675713.0,12717.603319355414
61,994399.9999999999,0.0,994399.9999999999,994399.9999999999,16313.830532899736
62,994399.9999999999,0.0,994399.9999999999,994399.9999999999,16313.80320488339
63,994399.9999999999,0.0,994399.9999999999,994399.9999999999,16313.77587695859
64,994399.9999999999,0.0,994399.9999999999,994399.9999999999,16313.748549125317
65,521965.0,0.0,521965.0,521965.0,10051.267157814156
66,575617.0,0.0,575617.0,575617.0,10991.954310932319
67,601937.0,0.0,601937.0,601937.0,11449.274561235914
68,602146.0,0.0,602146.0,602146.0,11452.876380572536
69,602068.0,0.0,602068.0,602068.0,11451.505836186556
70,602173.0,0.0,602173.0,602173.0,11453.30577721963
71,601971.0,0.0,601971.0,601971.0,11449.786904995839
72,601954.0,0.0,601954.0,601954.0,11449.473188313877
73,602026.0,0.0,602026.0,602026.0,11450.701437402766
74,601988.0,0.0,601988.0,601988.0,11450.02389094364
75,602478.0,0.0,602478.0,602478.0,11458.493691167529
76,602530.0,0.0,602530.0,602530.0,11459.375311439064
77,602352.0,0.0,602352.0,602352.0,11456.272509899016
78,602502.0,0.0,602502.0,602502.0,11458.85186326951
79,994399.9999999999,0.0,994399.9999999999,994399.9999999999,16313.35339123591
80,994399.9999999999,0.0,994399.9999999999,994399.9999999999,16313.326064817784
81,994399.9999999999,0.0,994399.9999999999,994399.9999999999,16313.298738491198
82,994399.9999999999,0.0,994399.9999999999,994399.9999999999,16313.271412256136
83,994399.9999999999,0.0,994399.9999999999,994399.9999999999,16313.244086112612
84,994399.9999999999,0.0,994399.9999999999,994399.9999999999,16313.21676006061
85,994399.9999999999,0.0,994399.9999999999,994399.9999999999,16313.189434100137
86,994399.9999999999,0.0,994399.9999999999,994399.9999999999,16313.1621082312
87,994399.9999999999,0.0,994399.9999999999,994399.9999999999,16313.134782453788
88,750531.0,0.0,750531.0,750531.0,13983.526051706096
89,349047.0,0.0,349047.0,349047.0,6933.827349282123
90,382104.0,0.0,382104.0,382104.0,7540.64757745492
91,466786.0,0.0,466786.0,466786.0,9070.952174227374
92,579440.0,0.0,579440.0,579440.0,11058.060611530209
93,591758.0,0.0,591758.0,591758.0,11272.221677042964
94,584435.0,0.0,584435.0,584435.0,11144.94460083947
95,598152.0,0.0,598152.0,598152.0,11383.129991195688
96,601924.0,0.0,601924.0,601924.0,11448.488054378613
97,598724.0,0.0,598724.0,598724.0,11393.009329906137
98,601338.0,0.0,601338.0,601338.0,11438.296595458278
99,600840.0,0.0,600840.0,600840.0,11429.648013063177
100,599881.0,0.0,599881.0,599881.0,11413.008542582988
101,596071.0,0.0,596071.0,596071.0,11346.92432237238
102,584878.0,0.0,584878.0,584878.0,11152.499106465952
103,691453.0,0.0,691453.0,691453.0,12984.71438087763
104,566833.0,0.0,566833.0,566833.0,10838.02722064004
105,202406.0,0.0,202406.0,202406.0,4166.414673828843
106,353784.0,0.0,353784.0,353784.0,7020.92375698509
107,446296.0,0.0,446296.0,446296.0,8703.477707045058
108,330889.0,0.0,330889.0,330889.0,6597.856231936121
109,203950.0,0.0,203950.0,203950.0,4196.264435739343
110,331568.0,0.0,331568.0,331568.0,6610.42108350255
111,149159.99999999997,0.0,149159.99999999997,149159.99999999997,3123.7638699058866
112,183111.0,0.0,183111.0,183111.0,3791.3868615169686
113,207057.0,0.0,207057.0,207057.0,4256.305367740243
114,427251.0,0.0,427251.0,427251.0,8360.346176921
115,439275.0,0.0,439275.0,439275.0,8577.098616514038
116,343783.0,0.0,343783.0,343783.0,6836.3584864091
117,468927.0,0.0,468927.0,468927.0,9108.822371116514
118,476392.0,0.0,476392.0,476392.0,9242.061441057956
119,299148.0,0.0,299148.0,299148.0,6006.506266944346
120,326682.0,0.0,326682.0,326682.0,6519.6842366728515
121,243752.0,0.0,243752.0,243752.0,4960.3590772842
122,228558.0,0.0,228558.0,228558.0,4669.9605092060565
123,337471.0,0.0,337471.0,337471.0,6719.594495227486
124,353421.0,0.0,353421.0,353421.0,7014.028271104528
125,334730.0,0.0,334730.0,334730.0,6668.835375338046
126,381141.0,0.0,381141.0,381141.0,7522.5917178113505
127,390134.0,0.0,390134.0,390134.0,7686.745301405532
128,358491.0,0.0,358491.0,358491.0,7107.295600092471
129,526528.0,0.0,526528.0,526528.0,10130.642337516707
130,552930.0,0.0,552930.0,552930.0,10594.452092635398
131,788681.0,0.0,788681.0,788681.0,14621.223523258366
132,491228.0,0.0,491228.0,491228.0,9505.953568169887
133,378639.0,0.0,378639.0,378639.0,7476.757050795363
134,269922.0,0.0,269922.0,269922.0,5456.8192121857355
135,784279.0,0.0,784279.0,784279.0,14547.674833237583
136,461711.0,0.0,461711.0,461711.0,8979.496292755768
137,149159.99999999997,0.0,149159.99999999997,149159.99999999997,3123.6189756803433
138,149159.99999999997,0.0,149159.99999999997,149159.99999999997,3123.6137261567715
139,262709.0,0.0,262709.0,262709.0,5320.346288025815
140,547514.0,0.0,547514.0,547514.0,10499.362742509658
141,583747.0,0.0,583747.0,583747.0,11132.127973279146
142,601983.0,0.0,601983.0,601983.0,11448.65758384786
143,601992.0,0.0,601992.0,601992.0,11448.794318516817
144,602204.0,0.0,602204.0,602204.0,11452.447657388113
145,602204.0,0.0,602204.0,602204.0,11452.428473028416
146,602204.0,0.0,602204.0,602204.0,11452.409288732983
147,602204.0,0.0,602204.0,602204.0,11452.39010450179
148,602204.0,0.0,602204.0,602204.0,11452.370920334843
149,602042.0,0.0,602042.0,602042.0,11449.54541531079
150,602204.0,0.0,602204.0,602204.0,11452.332552654681
151,994399.9999999999,0.0,994399.9999999999,994399.9999999999,16311.493503078567
152,994399.9999999999,0.0,994399.9999999999,994399.9999999999,16311.466182889833
153,994399.9999999999,0.0,994399.9999999999,994399.9999999999,16311.43886279263
154,994399.9999999999,0.0,994399.9999999999,994399.9999999999,16311.4115427869
155,994399.9999999999,0.0,994399.9999999999,994399.9999999999,16311.384222872679
156,994399.9999999999,0.0,994399.9999999999,994399.9999999999,16311.35690304996
157,994399.9999999999,0.0,994399.9999999999,994399.9999999999,16311.32958331872
158,994399.9999999999,0.0,994399.9999999999,994399.9999999999,16311.302263678996
159,994399.9999999999,0.0,994399.9999999999,994399.9999999999,16311.274944130759
160,407832.0,0.0,407832.0,407832.0,8008.209102136195
161,149159.99999999997,0.0,149159.99999999997,149159.99999999997,3123.479680196138
162,323479.0,0.0,323479.0,323479.0,6459.732317364483
163,406161.0,0.0,406161.0,406161.0,7977.841462144012
164,570061.0,0.0,570061.0,570061.0,10893.29399259202
165,573522.0,0.0,573522.0,573522.0,10953.632910091063
166,584319.0,0.0,584319.0,584319.0,11141.606039952987
167,588773.0,0.0,588773.0,588773.0,11219.006573821329
168,587063.0,0.0,587063.0,587063.0,11189.264710310437
169,517596.0,0.0,517596.0,517596.0,9972.400185306642
170,556016.0,0.0,556016.0,556016.0,10647.760440811437
171,583518.0,0.0,583518.0,583518.0,11127.573048582095
172,581603.0,0.0,581603.0,581603.0,11094.238826887211
173,580899.0,0.0,580899.0,580899.0,11081.96908873483
174,585221.0,0.0,585221.0,585221.0,11157.132541194891
175,618912.0,0.0,618912.0,618912.0,11740.73210571605
176,590343.0,0.0,590343.0,590343.0,11246.099794235912
177,392330.0,0.0,392330.0,392330.0,7726.100136318494
178,223356.0,0.0,223356.0,223356.0,4569.709627204241
179,228396.0,0.0,228396.0,228396.0,4666.377817975963
180,357468.0,0.0,357468.0,357468.0,7087.833635056273
181,421292.0,0.0,421292.0,421292.0,8251.724177713388
182,432417.0,0.0,432417.0,432417.0,8452.57919770125
183,504284.0,0.0,504284.0,504284.0,9736.747624030399
184,542212.0,0.0,542212.0,542212.0,10405.550957949696
185,594035.0,0.0,594035.0,594035.0,11310.028061749132
186,602284.0,0.0,602284.0,602284.0,11453.022346259491
187,602210.0,0.0,602210.0,602210.0,11451.721371438036
188,602358.0,0.0,602358.0,602358.0,11454.265746806015
189,582388.0,0.0,582388.0,582388.0,11107.585803568203
190,576750.0,0.0,576750.0,576750.0,11009.419274580312
191,577674.0,0.0,577674.0,577674.0,11025.49451495639
192,299761.0,0.0,299761.0,299761.0,6017.207043916402
193,476163.0,0.0,476163.0,476163.0,9236.803435491303
194,509556.0,0.0,509556.0,509556.0,9829.888962323685
195,573267.0,0.0,573267.0,573267.0,10948.634140080632
196,560843.0,0.0,560843.0,560843.0,10731.73012742685
197,571463.0,0.0,571463.0,571463.0,10917.142709064121
198,540981.0,0.0,540981.0,540981.0,10383.692523949645
199,566844.0,0.0,566844.0,566844.0,10836.5108918091
200,590227.0,0.0,590227.0,590227.0,11243.640440426654
201,719997.0,0.0,719997.0,719997.0,13466.452599652435
202,750570.0,0.0,750570.0,750570.0,13981.599534774803
203,695026.0,0.0,695026.0,695026.0,13043.309814633276
204,558389.0,0.0,558389.0,558389.0,10688.674100997325
205,578730.0,0.0,578730.0,578730.0,11043.624793501067
206,675451.0,0.0,675451.0,675451.0,12710.07788195553
207,536794.0,0.0,536794.0,536794.0,10309.972183368605
208,598816.0,0.0,598816.0,598816.0,11392.510648392676
209,580830.0,0.0,580830.0,580830.0,11080.105230935973
210,596974.0,0.0,596974.0,596974.0,11360.537033217544
211,602099.0,0.0,602099.0,602099.0,11449.340144082162
212,602213.0,0.0,602213.0,602213.0,11451.295582863786
213,601944.0,0.0,601944.0,601944.0,11446.616930357593
214,602429.0,0.0,602429.0,602429.0,11454.998454312265
215,602215.0,0.0,602215.0,602215.0,11451.27268427168
216,393092.0,0.0,393092.0,393092.0,7739.464211694308
217,398276.0,0.0,398276.0,398276.0,7833.815401972025
218,517299.0,0.0,517299.0,517299.0,9966.335114010497
219,565145.0,0.0,565145.0,565145.0,10806.481434005762
220,561539.0,0.0,561539.0,561539.0,10743.463091155736
221,585382.0,0.0,585382.0,585382.0,11159.060128782305
222,600867.0,0.0,600867.0,600867.0,11427.788494414159
223,603335.0,0.0,603335.0,603335.0,11470.517865747694
224,650143.0,0.0,650143.0,650143.0,12276.971236904797
225,655296.0,0.0,655296.0,655296.0,12365.244386117336
226,697834.0,0.0,697834.0,697834.0,13090.49776885984
227,683784.0,0.0,683784.0,683784.0,12851.623489330499
228,629369.0,0.0,629369.0,629369.0,11919.964603868302
229,679833.0,0.0,679833.0,679833.0,12784.289749403071
230,185998.0,0.0,185998.0,185998.0,3846.8627049860675
231,361802.0,0.0,361802.0,361802.0,7166.8786360292415
232,300913.0,0.0,300913.0,300913.0,6038.333357346886
233,545515.0,0.0,545515.0,545515.0,10462.656583659895
234,583490.0,0.0,583490.0,583490.0,11125.920302554216
235,540756.0,0.0,540756.0,540756.0,10379.095492598011
236,602067.0,0.0,602067.0,602067.0,11448.310977465888
237,585981.0,0.0,585981.0,585981.0,11169.175683003985
238,486999.0,0.0,486999.0,486999.0,9429.06878820396
239,521629.0,0.0,521629.0,521629.0,10042.398102622883
240,568943.0,0.0,568943.0,568943.0,10872.399921865912
241,583955.0,0.0,583955.0,583955.0,11133.877187319173
242,589060.0,0.0,589060.0,589060.0,11222.584091734228
243,581366.0,0.0,581366.0,581366.0,11088.80440483089
244,545074.0,0.0,545074.0,545074.0,10454.727200040383
245,480195.0,0.0,480195.0,480195.0,9307.849699117834
246,441194.0,0.0,441194.0,441194.0,8609.708676457223
247,389100.0,0.0,389100.0,389100.0,7666.300170921251
248,602764.0,0.0,602764.0,602764.0,11460.15499521124
249,597596.0,0.0,597596.0,597596.0,11370.586129303596
250,770069.0,0.0,770069.0,770069.0,14307.454517066451
251,743215.0,0.0,743215.0,743215.0,13856.838439882893
252,802946.0,0.0,802946.0,802946.0,14855.927580179126
253,644557.0,0.0,644557.0,644557.0,12180.566275846317
254,501436.0,0.0,501436.0,501436.0,9685.121047108842
255,389130.0,0.0,389130.0,389130.0,7666.740355994612
256,459951.0,0.0,459951.0,459951.0,8946.154895971615
257,454999.0,0.0,454999.0,454999.0,8857.430355107997
258,454698.0,0.0,454698.0,454698.0,8852.019911125848
259,360768.0,0.0,360768.0,360768.0,7147.533410786329
260,325679.0,0.0,325679.0,325679.0,6499.475096066598
261,454808.0,0.0,454808.0,454808.0,8853.947908287319
262,441823.0,0.0,441823.0,441823.0,8620.788093254865
263,416818.0,0.0,416818.0,416818.0,8169.633024956328
264,571186.0,0.0,571186.0,571186.0,10911.091889470388
265,551970.0,0.0,551970.0,551970.0,10575.239561891849
266,288282.0,0.0,288282.0,288282.0,5801.284906530873
267,448784.0,0.0,448784.0,448784.0,8745.79401695195
268,505309.0,0.0,505309.0,505309.0,9753.504166334473
269,382920.0,0.0,382920.0,382920.0,7553.233674184362
270,376679.0,0.0,376679.0,376679.0,7439.137206591954
271,581247.0,0.0,581247.0,581247.0,11086.221249494454
272,994399.9999999999,0.0,994399.9999999999,994399.9999999999,16308.327299058208
273,389751.0,0.0,389751.0,389751.0,7677.828302072363
274,530666.0,0.0,530666.0,530666.0,10201.03626582903
275,678475.0,0.0,678475.0,678475.0,12760.191439203727
276,660727.0,0.0,660727.0,660727.0,12457.157312984564
277,324786.0,0.0,324786.0,324786.0,6482.70577572665
278,814600.0,0.0,814600.0,814600.0,15048.929680651443
279,994399.9999999999,0.0,994399.9999999999,994399.9999999999,16308.143449169953
280,875483.0,0.0,875483.0,875483.0,16053.743135827333
281,579327.0,0.0,579327.0,579327.0,11052.619770395668
282,583323.0,0.0,583323.0,583323.0,11122.12796585479
283,535826.0,0.0,535826.0,535826.0,10291.64407753398
284,478830.0,0.0,478830.0,478830.0,9282.917609330334
285,419795.0,0.0,419795.0,419795.0,8223.187139346963
286,442686.0,0.0,442686.0,442686.0,8635.954138882926
287,561275.0,0.0,561275.0,561275.0,10737.648890574028
288,479618.0,0.0,479618.0,479618.0,9296.895420394016
289,540443.0,0.0,540443.0,540443.0,10372.661937904544
290,579838.0,0.0,579838.0,579838.0,11061.349203389385
291,579453.0,0.0,579453.0,579453.0,11054.629622070077
292,541306.0,0.0,541306.0,541306.0,10387.76282270077
293,567575.0,0.0,567575.0,567575.0,10847.569241539717
294,529826.0,0.0,529826.0,529826.0,10185.906556336515
295,428379.0,0.0,428379.0,428379.0,8378.119704629842
296,601187.0,0.0,601187.0,601187.0,11431.93047413266
297,676296.0,0.0,676296.0,676296.0,12722.587450897947
298,566376.0,0.0,566376.0,566376.0,10826.550493951634
299,438830.0,0.0,438830.0,438830.0,8566.400340898104
300,616761.0,0.0,616761.0,616761.0,11701.17933464808
301,477704.0,0.0,477704.0,477704.0,9262.584611337923
302,310983.0,0.0,310983.0,310983.0,6225.621088581991
303,439067.0,0.0,439067.0,439067.0,8570.60793056595
304,392556.0,0.0,392556.0,392556.0,7728.5330972386
305,368700.0,0.0,368700.0,368700.0,7292.557386658982
306,408831.0,0.0,408831.0,408831.0,8024.324828793288
307,276251.0,0.0,276251.0,276251.0,5574.555460010003
308,149159.99999999997,0.0,149159.99999999997,149159.99999999997,3122.6363263911553
309,239418.0,0.0,239418.0,239418.0,4876.055293759592
310,428701.0,0.0,428701.0,428701.0,8383.720095024248
311,307301.0,0.0,307301.0,307301.0,6156.844504100959
312,339076.0,0.0,339076.0,339076.0,6747.068803527204
313,440660.0,0.0,440660.0,440660.0,8599.128630569376
314,353401.0,0.0,353401.0,353401.0,7011.352161991059
315,273200.0,0.0,273200.0,273200.0,5516.949505235511
316,292168.0,0.0,292168.0,292168.0,5873.693058209684
317,222780.0,0.0,222780.0,222780.0,4557.521554688217
318,195600.0,0.0,195600.0,195600.0,4032.9442130363373
319,149159.99999999997,0.0,149159.99999999997,149159.99999999997,3122.576243168418
320,181461.0,0.0,181461.0,181461.0,3757.767843330549
321,189115.0,0.0,189115.0,189115.0,3906.9212756033326
322,91756.00000000006,0.0,91756.00000000006,91756.00000000006,1928.9837667593551
323,207515.0,0.0,207515.0,207515.0,4026.6010858097343
324,219503.0,0.0,219503.0,219503.0,4494.395688694235
325,244507.0,0.0,244507.0,244507.0,4972.821390533356
326,323554.0,0.0,323554.0,323554.0,6459.12136447036
327,327880.0,0.0,327880.0,327880.0,6539.402072780174
328,353846.0,0.0,353846.0,353846.0,7019.205847038035
329,146619.0,0.0,146619.0,146619.0,3072.0462758029626
330,480567.0,0.0,480567.0,480567.0,9312.92807583738
331,326978.0,0.0,326978.0,326978.0,6522.6256501572825
332,331448.0,0.0,331448.0,331448.0,6605.492865495393
333,252245.0,0.0,252245.0,252245.0,5119.952499918397
334,191001.0,0.0,191001.0,191001.0,3943.4080258536446
335,179417.0,0.0,179417.0,179417.0,3717.6561754402733
336,124827.0,0.0,124827.0,124827.0,2626.864301633933
337,157735.0,0.0,157735.0,157735.0,3251.3109469637707
338,133620.0,0.0,133620.0,133620.0,2807.714794634477
339,95335.0,0.0,95335.0,95335.0,2005.7795649616708
340,97538.0,0.0,97538.0,97538.0,2049.7208241627613
341,144610.0,0.0,144610.0,144610.0,2882.2985555762516
342,70067.0,0.0,70067.0,70067.0,1474.35081923859
343,151158.0,0.0,151158.0,151158.0,2908.031400965803
344,171487.0,0.0,171487.0,171487.0,3562.1607984090833
345,190367.0,0.0,190367.0,190367.0,3930.740427437248
346,221498.0,0.0,221498.0,221498.0,4532.255348970459
347,382978.0,0.0,382978.0,382978.0,7552.62570069379
348,459475.0,0.0,459475.0,459475.0,8935.479362962265
349,293546.0,0.0,293546.0,293546.0,5898.661293914676
350,167197.0,0.0,167197.0,167197.0,3477.9403050509663
351,864245.0,0.0,864245.0,864245.0,15866.009893346125
352,543094.0,0.0,543094.0,543094.0,10417.23001727516
353,0.0,0.0,0.0,0.0,-0.0
354,60326.0,0.0,60326.0,60326.0,1057.4673764796178
355,145360.0,0.0,145360.0,145360.0,2764.4045782262665
356,132400.0,0.0,132400.0,132400.0,2782.917288968039
357,239048.0,0.0,239048.0,239048.0,4837.71419990307
358,526006.0,0.0,526006.0,526006.0,10115.929746376774
359,275212.0,0.0,275212.0,275212.0,5553.528406175052
360,188957.0,0.0,188957.0,188957.0,3902.8954348681173
361,155703.0,0.0,155703.0,155703.0,3251.218799164492
362,42761.0,0.0,42761.0,42761.0,896.6139923592337
363,89647.0,0.0,89647.0,89647.0,1711.8150865186567
364,147820.0,0.0,147820.0,147820.0,2923.1264716404085
365,197624.0,0.0,197624.0,197624.0,4070.9311362965236
366,252303.0,0.0,252303.0,252303.0,5119.736404935773
367,193793.0,0.0,193793.0,193793.0,3996.6058796541142
368,157639.0,0.0,157639.0,157639.0,3289.210429284544
369,186360.0,0.0,186360.0,186360.0,3852.0750804604277
370,292030.0,0.0,292030.0,292030.0,5869.2535143709165
371,324169.0,0.0,324169.0,324169.0,6468.777304094817
372,660925.0,0.0,660925.0,660925.0,12456.013118482719
373,315920.0,0.0,315920.0,315920.0,6315.432317623811
374,289058.0,0.0,289058.0,289058.0,5813.4721714065045
375,238829.0,0.0,238829.0,238829.0,4863.157771376744
376,192545.0,0.0,192545.0,192545.0,3972.3112231618584
377,202144.0,0.0,202144.0,202144.0,4158.374177922909
378,266209.0,0.0,266209.0,266209.0,5383.1167708020075
379,412775.0,0.0,412775.0,412775.0,8093.079043395213
380,324514.0,0.0,324514.0,324514.0,6475.084303260335
381,368603.0,0.0,368603.0,368603.0,7288.252266444812
382,325857.0,0.0,325857.0,325857.0,6499.986144093232
383,257158.0,0.0,257158.0,257158.0,5211.719315274201
384,197950.0,0.0,197950.0,197950.0,4077.116622368704
385,468966.0,0.0,468966.0,468966.0,9103.460220698938
386,577928.0,0.0,577928.0,577928.0,11024.052338416792
387,602345.0,0.0,602345.0,602345.0,11447.895309490606
388,602565.0,0.0,602565.0,602565.0,11451.684846405054
389,602350.0,0.0,602350.0,602350.0,11447.943542175548
390,595810.0,0.0,595810.0,595810.0,11334.618770331897
391,617652.0,0.0,617652.0,617652.0,11712.382404651407
392,994399.9999999999,0.0,994399.9999999999,994399.9999999999,16301.959190336782
393,994399.9999999999,0.0,994399.9999999999,994399.9999999999,16301.93190207001
394,994399.9999999999,0.0,994399.9999999999,994399.9999999999,16301.904613894578
395,994399.9999999999,0.0,994399.9999999999,994399.9999999999,16301.877325810481
396,994399.9999999999,0.0,994399.9999999999,994399.9999999999,16301.850037817718
397,994399.9999999999,0.0,994399.9999999999,994399.9999999999,16301.822749916299
398,994399.9999999999,0.0,994399.9999999999,994399.9999999999,16301.795462106216
399,994399.9999999999,0.0,994399.9999999999,994399.9999999999,16301.768174387473
400,994399.9999999999,0.0,994399.9999999999,994399.9999999999,16301.740886760059
401,587895.0,0.0,587895.0,587895.0,11197.060170863799
402,602339.0,0.0,602339.0,602339.0,11447.497280346935
403,601960.0,0.0,601960.0,601960.0,11440.916476024751
404,602051.0,0.0,602051.0,602051.0,11442.472856594632
405,602204.0,0.0,602204.0,602204.0,11445.102600351058
406,602204.0,0.0,602204.0,602204.0,11445.08344058115
407,602204.0,0.0,602204.0,602204.0,11445.064280875364
408,602204.0,0.0,602204.0,602204.0,11445.045121233701
409,602167.0,0.0,602167.0,602167.0,11444.38539018062
410,602204.0,0.0,602204.0,602204.0,11445.0068022479
411,602204.0,0.0,602204.0,602204.0,11444.987642798606
412,602204.0,0.0,602204.0,602204.0,11444.968483413431
413,602204.0,0.0,602204.0,602204.0,11444.949324092378
414,602204.0,0.0,602204.0,602204.0,11444.930164835456
415,994399.9999999999,0.0,994399.9999999999,994399.9999999999,16301.345937781949
416,994399.9999999999,0.0,994399.9999999999,994399.9999999999,16301.318651567803
417,994399.9999999999,0.0,994399.9999999999,994399.9999999999,16301.291365444997
418,994399.9999999999,0.0,994399.9999999999,994399.9999999999,16301.264079413519
419,994399.9999999999,0.0,994399.9999999999,994399.9999999999,16301.236793473361
420,994399.9999999999,0.0,994399.9999999999,994399.9999999999,16301.209507624537
421,994399.9999999999,0.0,994399.9999999999,994399.9999999999,16301.18222186704
422,994399.9999999999,0.0,994399.9999999999,994399.9999999999,16301.15493620087
423,994399.9999999999,0.0,994399.9999999999,994399.9999999999,16301.127650626013
424,884517.0,0.0,884517.0,884517.0,16194.947260062832
425,159373.0,0.0,159373.0,159373.0,3323.0585055033985
426,185439.0,0.0,185439.0,185439.0,3833.739368761733
427,260988.0,0.0,260988.0,260988.0,5283.8725228289795
428,321764.0,0.0,321764.0,321764.0,6423.47319025589
429,365536.0,0.0,365536.0,365536.0,7231.404745863907
430,263740.0,0.0,263740.0,263740.0,5335.929814897231
431,269114.0,0.0,269114.0,269114.0,5437.4912717854995
432,275701.0,0.0,275701.0,275701.0,5561.73364222144
433,194939.0,0.0,194939.0,194939.0,4018.3706680796568
434,188396.0,0.0,188396.0,188396.0,3891.2488647286755
435,154531.0,0.0,154531.0,154531.0,3227.4509847044465
436,155342.0,0.0,155342.0,155342.0,3243.465411311686
437,220596.0,0.0,220596.0,220596.0,4513.590490705256
438,172486.0,0.0,172486.0,172486.0,3580.64412163543
439,725817.0,0.0,725817.0,725817.0,13556.742713630201
440,711802.0,0.0,711802.0,711802.0,13319.917182159352
441,166184.0,0.0,166184.0,166184.0,3456.99342785741
442,554050.0,0.0,554050.0,554050.0,10606.314245119507
443,777384.0,0.0,777384.0,777384.0,14422.375410318584
444,994399.9999999999,0.0,994399.9999999999,994399.9999999999,16300.60137171808
445,886980.0,0.0,886980.0,886980.0,16234.766263191314
446,632562.0,0.0,632562.0,632562.0,11968.153586867651
447,735320.0,0.0,735320.0,735320.0,13716.754703558314
448,149159.99999999997,0.0,149159.99999999997,149159.99999999997,3121.1179418907514
449,62755.00000000003,0.0,62755.00000000003,62755.00000000003,1317.1083143704843
450,0.0,0.0,0.0,0.0,-0.0
451,0.0,0.0,0.0,0.0,-0.0
452,0.0,0.0,0.0,0.0,-0.0
453,0.0,0.0,0.0,0.0,-0.0
454,0.0,0.0,0.0,0.0,-0.0
455,0.0,0.0,0.0,0.0,-0.0
456,0.0,0.0,0.0,0.0,-0.0
457,0.0,0.0,0.0,0.0,-0.0
458,0.0,0.0,0.0,0.0,-0.0
459,16193.0,0.0,16193.0,16193.0,282.7317815037827
460,47885.0,0.0,47885.0,47885.0,892.4832182253688
461,76088.0,0.0,76088.0,76088.0,1492.6819001099564
462,88192.0,0.0,88192.0,88192.0,1815.2364437200024
463,535326.0,0.0,535326.0,535326.0,9642.758702864117
464,994399.9999999999,0.0,994399.9999999999,994399.9999999999,16299.21767093211
465,994399.9999999999,0.0,994399.9999999999,994399.9999999999,16299.19039184098
466,994399.9999999999,0.0,994399.9999999999,994399.9999999999,16299.163112841139
467,994399.9999999999,0.0,994399.9999999999,994399.9999999999,16299.135833932593
468,994399.9999999999,0.0,994399.9999999999,994399.9999999999,16299.10855511534
469,994399.9999999999,0.0,994399.9999999999,994399.9999999999,16299.081276389377
470,994399.9999999999,0.0,994399.9999999999,994399.9999999999,16299.053997754703
471,994399.9999999999,0.0,994399.9999999999,994399.9999999999,16299.026719211326
472,740546.0,0.0,740546.0,740546.0,13803.409008411492
473,132000.0,0.0,132000.0,132000.0,2774.0210810984245
474,0.0,0.0,0.0,0.0,-0.0
475,0.0,0.0,0.0,0.0,-0.0
476,0.0,0.0,0.0,0.0,-0.0
477,0.0,0.0,0.0,0.0,-0.0
478,0.0,0.0,0.0,0.0,-0.0
479,0.0,0.0,0.0,0.0,-0.0
480,0.0,0.0,0.0,0.0,-0.0
481,0.0,0.0,0.0,0.0,-0.0
482,37232.0,0.0,37232.0,37232.0,650.5066616815279
483,47535.0,0.0,47535.0,47535.0,960.0529273779591
484,31497.0,0.0,31497.0,31497.0,660.8183349319419
485,44466.0,0.0,44466.0,44466.0,891.3338039762837
486,57184.0,0.0,57184.0,57184.0,1145.7388915431927
487,169212.0,0.0,169212.0,169212.0,3168.4871391403726
488,791297.0,0.0,791297.0,791297.0,14651.71614279873
489,879270.0,0.0,879270.0,879270.0,16105.436651186745
490,994399.9999999999,0.0,994399.9999999999,994399.9999999999,16297.528090850255
491,994399.9999999999,0.0,994399.9999999999,994399.9999999999,16297.500817413282
492,988298.0,0.0,988298.0,988298.0,16297.473544067578
493,994399.9999999999,0.0,994399.9999999999,994399.9999999999,16297.446270813143
494,974757.0,0.0,974757.0,974757.0,16297.418997649967
495,469988.0,0.0,469988.0,469988.0,9118.885766744368
496,270443.0,0.0,270443.0,270443.0,5461.263025248661
497,467242.0,0.0,467242.0,467242.0,9069.83310943376
498,547980.0,0.0,547980.0,547980.0,10497.771078359601
499,597879.0,0.0,597879.0,597879.0,11367.057543131252
500,596418.0,0.0,596418.0,596418.0,11341.72288154754
501,602494.0,0.0,602494.0,602494.0,11446.93313440016
502,602336.0,0.0,602336.0,602336.0,11444.17937527773
503,601945.0,0.0,601945.0,601945.0,11437.392553435018
504,602540.0,0.0,602540.0,602540.0,11447.662605343072
505,602242.0,0.0,602242.0,602242.0,11442.485780433315
506,601980.0,0.0,601980.0,601980.0,11437.93176764599
507,602230.0,0.0,602230.0,602230.0,11442.239783755205
508,601995.0,0.0,601995.0,601995.0,11438.15311824724
509,602571.0,0.0,602571.0,602571.0,11448.103331081342
510,602439.0,0.0,602439.0,602439.0,11445.799642115537
511,994399.9999999999,0.0,994399.9999999999,994399.9999999999,16296.962031681589
512,994399.9999999999,0.0,994399.9999999999,994399.9999999999,16296.934760138778
513,994399.9999999999,0.0,994399.9999999999,994399.9999999999,16296.907488687222
514,994399.9999999999,0.0,994399.9999999999,994399.9999999999,16296.880217326921
515,994399.9999999999,0.0,994399.9999999999,994399.9999999999,16296.852946057877
516,994399.9999999999,0.0,994399.9999999999,994399.9999999999,16296.825674880081
517,994399.9999999999,0.0,994399.9999999999,994399.9999999999,16296.798403793546
518,994399.9999999999,0.0,994399.9999999999,994399.9999999999,16296.771132798252
519,994399.9999999999,0.0,994399.9999999999,994399.9999999999,16296.743861894225
520,700176.0,0.0,700176.0,700176.0,13119.686261520961
521,132000.0,0.0,132000.0,132000.0,2773.5707297005424
522,26574.0,0.0,26574.0,26574.0,557.1323516362902
523,41731.0,0.0,41731.0,41731.0,820.9840002537994
524,34933.0,0.0,34933.0,34933.0,734.7386791890408
525,23649.0,0.0,23649.0,23649.0,492.98569467066636
526,26346.0,0.0,26346.0,26346.0,534.1699261797526
527,33043.0,0.0,33043.0,33043.0,672.2209182003952
528,19776.0,0.0,19776.0,19776.0,409.7492224810135
529,25718.0,0.0,25718.0,25718.0,504.0696188247522
530,2365.0,0.0,2365.0,2365.0,-0.0
531,0.0,0.0,0.0,0.0,-0.0
532,0.0,0.0,0.0,0.0,-0.0
533,0.0,0.0,0.0,0.0,-0.0
534,0.0,0.0,0.0,0.0,-0.0
535,38064.0,0.0,38064.0,38064.0,664.103505531694
536,909552.0,0.0,909552.0,909552.0,14283.457064389126
537,994399.9999999999,0.0,994399.9999999999,994399.9999999999,16295.114418945193
538,994399.9999999999,0.0,994399.9999999999,994399.9999999999,16295.087153584545
539,994399.9999999999,0.0,994399.9999999999,994399.9999999999,16295.059888315138
540,994399.9999999999,0.0,994399.9999999999,994399.9999999999,16295.03262313694
541,994399.9999999999,0.0,994399.9999999999,994399.9999999999,16295.005358049964
542,994399.9999999999,0.0,994399.9999999999,994399.9999999999,16294.978093054222
543,994399.9999999999,0.0,994399.9999999999,994399.9999999999,16294.950828149696
544,729870.0,0.0,729870.0,729870.0,13620.14710561638
545,164348.0,0.0,164348.0,164348.0,3419.521001608459
546,208953.0,0.0,208953.0,208953.0,4287.717503970848
547,413727.0,0.0,413727.0,413727.0,8106.3503625273515
548,503985.0,0.0,503985.0,503985.0,9721.491942908138
549,590862.0,0.0,590862.0,590862.0,11243.605559190037
550,578352.0,0.0,578352.0,578352.0,11026.249277631427
551,587657.0,0.0,587657.0,587657.0,11187.944594174745
552,573070.0,0.0,573070.0,573070.0,10934.266330786422
553,525196.0,0.0,525196.0,525196.0,10095.850401051135
554,478277.0,0.0,478277.0,478277.0,9265.022647427297
555,427966.0,0.0,427966.0,427966.0,8363.485976171192
556,317383.0,0.0,317383.0,317383.0,6339.324079649282
557,252805.0,0.0,252805.0,252805.0,5126.46618569384
558,202803.0,0.0,202803.0,202803.0,4168.879759053936
559,663653.0,0.0,663653.0,663653.0,12496.3857152343
560,994399.9999999999,0.0,994399.9999999999,994399.9999999999,16294.515293535413
561,994399.9999999999,0.0,994399.9999999999,994399.9999999999,16294.488030179278
562,994399.9999999999,0.0,994399.9999999999,994399.9999999999,16294.460766914364
563,807546.0,0.0,807546.0,807546.0,14919.07735635439
564,994399.9999999999,0.0,994399.9999999999,994399.9999999999,16294.406517547566
565,429206.0,0.0,429206.0,429206.0,8385.699420434114
566,973616.0,0.0,973616.0,973616.0,16294.353743123907
567,673789.0,0.0,673789.0,673789.0,12669.163387780014
568,583814.0,0.0,583814.0,583814.0,11120.880198820425
569,132000.0,0.0,132000.0,132000.0,2773.0926525959044
570,148362.0,0.0,148362.0,148362.0,3084.777027221859
571,356358.0,0.0,356358.0,356358.0,7059.642216727407
572,588043.0,0.0,588043.0,588043.0,11194.226268286242
573,594102.0,0.0,594102.0,594102.0,11299.316897838113
574,583541.0,0.0,583541.0,583541.0,11115.998722501401
575,597526.0,0.0,597526.0,597526.0,11358.615351395254
576,587447.0,0.0,587447.0,587447.0,11183.804576499982
577,581122.0,0.0,581122.0,581122.0,11073.8980035614
578,578796.0,0.0,578796.0,578796.0,11033.42979319922
579,572391.0,0.0,572391.0,572391.0,10921.918630151178
580,524800.0,0.0,524800.0,524800.0,10088.392735336385
581,431384.0,0.0,431384.0,431384.0,8424.699389582356
582,381727.0,0.0,381727.0,381727.0,7524.214661926199
583,844516.0,0.0,844516.0,844516.0,15530.359784343344
584,994399.9999999999,0.0,994399.9999999999,994399.9999999999,16293.84527636804
585,994399.9999999999,0.0,994399.9999999999,994399.9999999999,16293.818015253466
586,994399.9999999999,0.0,994399.9999999999,994399.9999999999,16293.790754230095
587,994399.9999999999,0.0,994399.9999999999,994399.9999999999,16293.763493297927
588,994399.9999999999,0.0,994399.9999999999,994399.9999999999,16293.736232456959
589,919862.0,0.0,919862.0,919862.0,16293.70897170719
590,650885.0,0.0,650885.0,650885.0,12277.338694315158
591,994399.9999999999,0.0,994399.9999999999,994399.9999999999,16293.655284856506
592,800609.0,0.0,800609.0,800609.0,14803.072571531407
593,236558.0,0.0,236558.0,236558.0,4816.906341393931
594,584691.0,0.0,584691.0,584691.0,11135.602176119293
595,602571.0,0.0,602571.0,602571.0,11445.575229830038
596,600680.0,0.0,600680.0,600680.0,11412.828691011602
597,602259.0,0.0,602259.0,602259.0,11440.13811328772
598,601253.0,0.0,601253.0,601253.0,11422.708758031378
599,598225.0,0.0,598225.0,598225.0,11370.262911906257
600,592547.0,0.0,592547.0,592547.0,11271.841418220565
601,585680.0,0.0,585680.0,585680.0,11152.649902438532
602,570041.0,0.0,570041.0,570041.0,10880.547663278787
603,557996.0,0.0,557996.0,557996.0,10670.3228937329
604,507077.0,0.0,507077.0,507077.0,9775.23829398074
605,343562.0,0.0,343562.0,343562.0,6823.579281688058
606,249810.0,0.0,249810.0,249810.0,5069.134043136582
607,533971.0,0.0,533971.0,533971.0,10249.253469934294
608,908553.0,0.0,908553.0,908553.0,16293.21325319498
609,994399.9999999999,0.0,994399.9999999999,994399.9999999999,16293.185994194822
610,994399.9999999999,0.0,994399.9999999999,994399.9999999999,16293.158735285844
611,994399.9999999999,0.0,994399.9999999999,994399.9999999999,16293.131476468065
612,596516.0,0.0,596516.0,596516.0,11340.410979855687
613,625470.0,0.0,625470.0,625470.0,11840.467657671748
614,710290.0,0.0,710290.0,710290.0,13287.943918388853
615,256571.0,0.0,256571.0,256571.0,5197.34340102126
616,172386.0,0.0,172386.0,172386.0,3576.745903266423
617,133727.0,0.0,133727.0,133727.0,2812.6221568599794
618,164524.0,0.0,164524.0,164524.0,3422.5137816619826
619,203027.0,0.0,203027.0,203027.0,4172.737370248143
620,238792.0,0.0,238792.0,238792.0,4859.297156646353
621,116733.0,0.0,116733.0,116733.0,2452.239522982677
622,173242.0,0.0,173242.0,173242.0,3504.728258292704
623,175631.0,0.0,175631.0,175631.0,3640.152596510312
624,171758.0,0.0,171758.0,171758.0,3564.357162085768
625,117836.0,0.0,117836.0,117836.0,2474.1979220606854
626,75019.0,0.0,75019.0,75019.0,1577.1952892835245
627,69547.0,0.0,69547.0,69547.0,1462.656548818633
628,109635.0,0.0,109635.0,109635.0,2165.5192975556665
629,92429.0,0.0,92429.0,92429.0,1940.537927539583
630,66826.0,0.0,66826.0,66826.0,1402.9635916322209
631,581561.0,0.0,581561.0,581561.0,10122.413670810787
632,994399.9999999999,0.0,994399.9999999999,994399.9999999999,16291.537750212829
633,422366.0,0.0,422366.0,422366.0,8260.728895231216
634,544983.0,0.0,544983.0,544983.0,10441.330507936378
635,849968.0,0.0,849968.0,849968.0,15617.911226485918
636,954710.0,0.0,954710.0,954710.0,16291.431902588001
637,994399.9999999999,0.0,994399.9999999999,994399.9999999999,16291.404649546419
638,994399.9999999999,0.0,994399.9999999999,994399.9999999999,16291.377396596
639,994399.9999999999,0.0,994399.9999999999,994399.9999999999,16291.350143736741
640,955698.0,0.0,955698.0,955698.0,16291.322890968648
641,505950.0,0.0,505950.0,505950.0,9754.031832029894
642,571395.0,0.0,571395.0,571395.0,10902.676871369289
643,579636.0,0.0,579636.0,579636.0,11046.090701778763
644,584453.0,0.0,584453.0,584453.0,11129.788715212746
645,587492.0,0.0,587492.0,587492.0,11182.540004803594
646,586628.0,0.0,586628.0,586628.0,11167.522229223989
647,582835.0,0.0,582835.0,582835.0,11101.623105845123
648,557068.0,0.0,557068.0,557068.0,10652.57991170635
649,421953.0,0.0,421953.0,421953.0,8253.041734797247
650,332613.0,0.0,332613.0,332613.0,6620.2757395463705
651,248040.0,0.0,248040.0,248040.0,5034.732398333318
652,157528.0,0.0,157528.0,157528.0,3284.3523395454536
653,149159.99999999997,0.0,149159.99999999997,149159.99999999997,3119.025744753372
654,149159.99999999997,0.0,149159.99999999997,149159.99999999997,3119.0205105756163
655,450313.0,0.0,450313.0,450313.0,8763.204746424151
656,994399.9999999999,0.0,994399.9999999999,994399.9999999999,16290.914785723971
657,994399.9999999999,0.0,994399.9999999999,994399.9999999999,16290.887534412137
658,626036.0,0.0,626036.0,626036.0,11848.542209328098
659,672524.0,0.0,672524.0,672524.0,12644.810725775324
660,919003.0,0.0,919003.0,919003.0,16290.807462722505
661,795616.0,0.0,795616.0,795616.0,14717.417558340314
662,691188.0,0.0,691188.0,691188.0,12962.282126358406
663,994399.9999999999,0.0,994399.9999999999,994399.9999999999,16290.726712705668
664,794723.0,0.0,794723.0,794723.0,14702.484117184962
665,266083.0,0.0,266083.0,266083.0,5376.48065207842
666,226238.0,0.0,226238.0,226238.0,4618.628655201626
667,245078.0,0.0,245078.0,245078.0,4978.2656630653855
668,272983.0,0.0,272983.0,272983.0,5506.647875665846
669,415657.0,0.0,415657.0,415657.0,8138.986102121531
670,364178.0,0.0,364178.0,364178.0,7201.500073053266
671,398127.0,0.0,398127.0,398127.0,7821.17728703954
672,246858.0,0.0,246858.0,246858.0,5012.073612747616
673,241550.0,0.0,241550.0,241550.0,4911.047286621883
674,212866.0,0.0,212866.0,212866.0,4361.789960274487
675,278328.0,0.0,278328.0,278328.0,5607.228677131879
676,446379.0,0.0,446379.0,446379.0,8692.330789396641
677,322045.0,0.0,322045.0,322045.0,6424.1102648196775
678,418461.0,0.0,418461.0,418461.0,8189.553724613148
679,994399.9999999999,0.0,994399.9999999999,994399.9999999999,16290.311770274415
680,681007.0,0.0,681007.0,681007.0,12788.842261970945
681,753969.0,0.0,753969.0,753969.0,14021.26934347531
682,798708.0,0.0,798708.0,798708.0,14768.346511761833
683,729132.0,0.0,729132.0,729132.0,13603.685852620956
684,641389.0,0.0,641389.0,641389.0,12111.86031959507
685,732613.0,0.0,732613.0,732613.0,13662.28204956579
686,888535.0,0.0,888535.0,888535.0,16249.800399820682
687,615293.0,0.0,615293.0,615293.0,11662.840904124032
688,994399.9999999999,0.0,994399.9999999999,994399.9999999999,16290.070952222142
689,589631.0,0.0,589631.0,589631.0,11218.83811855694
690,585902.0,0.0,585902.0,585902.0,11154.09817407622
691,601426.0,0.0,601426.0,601426.0,11423.167086136196
692,598075.0,0.0,598075.0,598075.0,11365.140587764572
693,602216.0,0.0,602216.0,602216.0,11436.79794341679
694,602057.0,0.0,602057.0,602057.0,11434.027889666804
695,602204.0,0.0,602204.0,602204.0,11436.55206753387
696,602204.0,0.0,602204.0,602204.0,11436.532936369844
697,602204.0,0.0,602204.0,602204.0,11436.513805269797
698,602204.0,0.0,602204.0,602204.0,11436.494674233723
699,602204.0,0.0,602204.0,602204.0,11436.475543261638
700,602204.0,0.0,602204.0,602204.0,11436.45641235352
701,602204.0,0.0,602204.0,602204.0,11436.43728150939
702,602554.0,0.0,602554.0,602554.0,11442.473246174426
703,586585.0,0.0,586585.0,586585.0,11165.713102207646
704,610936.0,0.0,610936.0,610936.0,11587.3077320534
705,638080.0,0.0,638080.0,638080.0,12054.646613782019
706,701538.0,0.0,701538.0,701538.0,13136.895806800254
707,785559.0,0.0,785559.0,785559.0,14548.829355242673
708,624591.0,0.0,624591.0,624591.0,11822.67625905757
709,778450.0,0.0,778450.0,778450.0,14430.201172515008
710,715930.0,0.0,715930.0,715930.0,13380.316652109286
711,737557.0,0.0,737557.0,737557.0,13744.909846433684
712,994399.9999999999,0.0,994399.9999999999,994399.9999999999,16289.437793672842
713,602204.0,0.0,602204.0,602204.0,11436.204925379396
714,602204.0,0.0,602204.0,602204.0,11436.185795376292
715,602204.0,0.0,602204.0,602204.0,11436.16666543716
716,602204.0,0.0,602204.0,602204.0,11436.147535562004
717,602056.0,0.0,602056.0,602056.0,11433.567884758344
718,545303.0,0.0,545303.0,545303.0,10445.45614812549
719,602204.0,0.0,602204.0,602204.0,11436.090312160157
720,600228.0,0.0,600228.0,600228.0,11401.878098000592
721,601786.0,0.0,601786.0,601786.0,11428.82014732502
722,592553.0,0.0,592553.0,592553.0,11268.890283216462
723,598612.0,0.0,598612.0,598612.0,11373.846471491725
724,584691.0,0.0,584691.0,584691.0,11132.43107069885
725,549564.0,0.0,549564.0,549564.0,10519.95702159101
726,466099.0,0.0,466099.0,466099.0,9044.54101360906
727,994399.9999999999,0.0,994399.9999999999,994399.9999999999,16289.044513216631
728,994399.9999999999,0.0,994399.9999999999,994399.9999999999,16289.017268160356
729,994399.9999999999,0.0,994399.9999999999,994399.9999999999,16288.990023195209
730,994399.9999999999,0.0,994399.9999999999,994399.9999999999,16288.962778321176
731,994399.9999999999,0.0,994399.9999999999,994399.9999999999,16288.93553353826
732,994399.9999999999,0.0,994399.9999999999,994399.9999999999,16288.908288846469
733,994399.9999999999,0.0,994399.9999999999,994399.9999999999,16288.881044245802
734,994399.9999999999,0.0,994399.9999999999,994399.9999999999,16288.853799736247
735,994399.9999999999,0.0,994399.9999999999,994399.9999999999,16288.826555317819
736,929701.0,0.0,929701.0,929701.0,16288.79931099051
737,149159.99999999997,0.0,149159.99999999997,149159.99999999997,3118.5380816956767
738,135442.00000000003,0.0,135442.00000000003,135442.00000000003,2845.993903164672
739,432102.0,0.0,432102.0,432102.0,8434.758023102895
740,437148.0,0.0,437148.0,437148.0,8525.551350742202
741,354499.0,0.0,354499.0,354499.0,7022.882546421091
742,231807.0,0.0,231807.0,231807.0,4724.543693408805
743,386088.0,0.0,386088.0,386088.0,7601.1212273964675
744,419174.0,0.0,419174.0,419174.0,8201.501021758371
745,494921.0,0.0,494921.0,494921.0,9557.032661168796
746,558708.0,0.0,558708.0,558708.0,10679.477666604098
747,478221.0,0.0,478221.0,478221.0,9260.32316692626
748,476927.0,0.0,476927.0,476927.0,9237.269432880526
749,479515.0,0.0,479515.0,479515.0,9283.323127195092
750,590191.0,0.0,590191.0,590191.0,11227.405567394868
751,644937.0,0.0,644937.0,644937.0,12171.35111647881
752,814367.0,0.0,814367.0,814367.0,15026.644300839323
753,546632.0,0.0,546632.0,546632.0,10468.123404822869
754,994399.9999999999,0.0,994399.9999999999,994399.9999999999,16288.338795079293
755,994399.9999999999,0.0,994399.9999999999,994399.9999999999,16288.311552383275
756,994399.9999999999,0.0,994399.9999999999,994399.9999999999,16288.28430977836
757,994399.9999999999,0.0,994399.9999999999,994399.9999999999,16288.257067264552
758,994399.9999999999,0.0,994399.9999999999,994399.9999999999,16288.229824841861
759,994399.9999999999,0.0,994399.9999999999,994399.9999999999,16288.202582510266
760,883395.0,0.0,883395.0,883395.0,16163.725473103435
761,167736.0,0.0,167736.0,167736.0,3484.4150390572154
762,276576.0,0.0,276576.0,276576.0,5573.391955817624
763,436035.0,0.0,436035.0,436035.0,8505.197650969592
764,593455.0,0.0,593455.0,593455.0,11283.733409647808
765,579157.0,0.0,579157.0,579157.0,11035.503585177024
766,587254.0,0.0,587254.0,587254.0,11176.143851637642
767,593342.0,0.0,593342.0,593342.0,11281.718260839489
768,568498.0,0.0,568498.0,568498.0,10849.896660470587
769,580879.0,0.0,580879.0,580879.0,11065.364823427177
770,555154.0,0.0,555154.0,555154.0,10616.941935824085
771,462405.0,0.0,462405.0,462405.0,8977.864939690488
772,321553.0,0.0,321553.0,321553.0,6413.903157840142
773,202136.0,0.0,202136.0,202136.0,4154.049891193415
774,202240.0,0.0,202240.0,202240.0,4156.053070552362
775,870919.0,0.0,870919.0,870919.0,15958.831510637725
776,994399.9999999999,0.0,994399.9999999999,994399.9999999999,16287.764855161946
777,994399.9999999999,0.0,994399.9999999999,994399.9999999999,16287.737614385374
778,994399.9999999999,0.0,994399.9999999999,994399.9999999999,16287.7103736999
779,994399.9999999999,0.0,994399.9999999999,994399.9999999999,16287.683133105522
780,994399.9999999999,0.0,994399.9999999999,994399.9999999999,16287.65589260225
781,994399.9999999999,0.0,994399.9999999999,994399.9999999999,16287.628652190073
782,994399.9999999999,0.0,994399.9999999999,994399.9999999999,16287.601411868998
783,994399.9999999999,0.0,994399.9999999999,994399.9999999999,16287.574171639026
784,890160.0,0.0,890160.0,890160.0,16273.80951393732
785,149159.99999999997,0.0,149159.99999999997,149159.99999999997,3118.2624726132844
786,164941.0,0.0,164941.0,164941.0,3429.3954288325576
787,186805.0,0.0,186805.0,186805.0,3856.6966184693065
788,226917.0,0.0,226917.0,226917.0,4630.615082833686
789,163893.0,0.0,163893.0,163893.0,3408.7893968089984
790,154098.0,0.0,154098.0,154098.0,3215.8535459210043
791,149159.99999999997,0.0,149159.99999999997,149159.99999999997,3118.230811769794
792,168023.0,0.0,168023.0,168023.0,3489.8499096713226
793,298876.0,0.0,298876.0,298876.0,5991.321940095305
794,379264.0,0.0,379264.0,379264.0,7475.973302945015
795,525432.0,0.0,525432.0,525432.0,10095.174057329725
796,414357.0,0.0,414357.0,414357.0,8113.696056547343
797,355521.0,0.0,355521.0,355521.0,7040.99245661672
798,302883.0,0.0,302883.0,302883.0,6066.111319128095
799,841176.0,0.0,841176.0,841176.0,15468.858478115542
800,994399.9999999999,0.0,994399.9999999999,994399.9999999999,16287.149660125504
801,994399.9999999999,0.0,994399.9999999999,994399.9999999999,16287.122421406273
802,994399.9999999999,0.0,994399.9999999999,994399.9999999999,16287.095182778134
803,994399.9999999999,0.0,994399.9999999999,994399.9999999999,16287.067944241084
804,994399.9999999999,0.0,994399.9999999999,994399.9999999999,16287.040705795123
805,994399.9999999999,0.0,994399.9999999999,994399.9999999999,16287.013467440252
806,994399.9999999999,0.0,994399.9999999999,994399.9999999999,16286.986229176471
807,994399.9999999999,0.0,994399.9999999999,994399.9999999999,16286.95899100377
808,994399.9999999999,0.0,994399.9999999999,994399.9999999999,16286.931752922164
809,149159.99999999997,0.0,149159.99999999997,149159.99999999997,3118.1270926156067
810,139561.00000000003,0.0,139561.00000000003,139561.00000000003,2927.651978956221
811,100179.0,0.0,100179.0,100179.0,2105.111107930868
812,142080.0,0.0,142080.0,142080.0,2849.037167968765
813,52843.0,0.0,52843.0,52843.0,1107.4295478949007
814,68980.0,0.0,68980.0,68980.0,1389.697111060236
815,135798.0,0.0,135798.0,135798.0,2606.027115751034
816,199604.0,0.0,199604.0,199604.0,4104.484144397644
817,391649.0,0.0,391649.0,391649.0,7700.916911767131
818,424678.0,0.0,424678.0,424678.0,8299.281720227522
819,390302.0,0.0,390302.0,390302.0,7676.376536382092
820,336824.0,0.0,336824.0,336824.0,6695.720205160321
821,366767.0,0.0,366767.0,366767.0,7246.580627731371
822,266189.0,0.0,266189.0,266189.0,5376.621021997152
823,297656.0,0.0,297656.0,297656.0,5967.80233642029
824,329884.0,0.0,329884.0,329884.0,6567.322483164324
825,184853.0,0.0,184853.0,184853.0,3818.190206679241
826,610101.0,0.0,610101.0,610101.0,11569.812108296732
827,517947.0,0.0,517947.0,517947.0,9962.142950455847
828,547993.0,0.0,547993.0,547993.0,10489.976031082866
829,364007.0,0.0,364007.0,364007.0,7195.901668239661
830,481283.0,0.0,481283.0,481283.0,9312.904514745793
831,302401.0,0.0,302401.0,302401.0,6056.358186563827
832,205272.0,0.0,205272.0,205272.0,4213.893892208516
833,149562.0,0.0,149562.0,149562.0,3125.729248468884
834,212853.0,0.0,212853.0,212853.0,4359.9876535576805
835,252968.0,0.0,252968.0,252968.0,5126.294837877235
836,183889.0,0.0,183889.0,183889.0,3799.3502435801065
837,276602.0,0.0,276602.0,276602.0,5572.778233950422
838,187160.0,0.0,187160.0,187160.0,3862.9849201620173
839,150005.0,0.0,150005.0,150005.0,3134.4615799067033
840,124905.0,0.0,124905.0,124905.0,2624.5560436424016
841,122827.0,0.0,122827.0,122827.0,2577.7596500095487
842,126983.0,0.0,126983.0,126983.0,2648.191094074704
843,125944.0,0.0,125944.0,125944.0,2645.2491507578857
844,230467.0,0.0,230467.0,230467.0,4639.754628153765
845,183477.0,0.0,183477.0,183477.0,3791.2345392205425
846,291798.0,0.0,291798.0,291798.0,5857.915493740163
847,794748.0,0.0,794748.0,794748.0,14697.538556999636
848,994399.9999999999,0.0,994399.9999999999,994399.9999999999,16284.80180828735
849,307390.0,0.0,307390.0,307390.0,6149.1762683162815
850,470060.0,0.0,470060.0,470060.0,9112.663512853338
851,517316.0,0.0,517316.0,517316.0,9950.549186797603
852,816490.0,0.0,816490.0,816490.0,15058.387664492453
853,445934.0,0.0,445934.0,445934.0,8681.097604457591
854,438052.0,0.0,438052.0,438052.0,8539.538887454577
855,250326.0,0.0,250326.0,250326.0,5075.941161288633
856,123615.00000000012,0.0,123615.00000000012,123615.00000000012,2593.3735909146885
857,0.0,0.0,0.0,0.0,-0.0
858,0.0,0.0,0.0,0.0,-0.0
859,0.0,0.0,0.0,0.0,-0.0
860,0.0,0.0,0.0,0.0,-0.0
861,0.0,0.0,0.0,0.0,-0.0
862,0.0,0.0,0.0,0.0,-0.0
863,0.0,0.0,0.0,0.0,-0.0
864,0.0,0.0,0.0,0.0,-0.0
865,0.0,0.0,0.0,0.0,-0.0
866,0.0,0.0,0.0,0.0,-0.0
867,29922.0,0.0,29922.0,29922.0,524.0509388462576
868,94477.0,0.0,94477.0,94477.0,1759.2331666926295
869,87392.0,0.0,87392.0,87392.0,1833.6710457532768
870,47576.0,0.0,47576.0,47576.0,996.8614361988353
871,621972.0,0.0,621972.0,621972.0,10464.702902107025
872,142565.0,0.0,142565.0,142565.0,2986.5209819386273
873,538067.0,0.0,538067.0,538067.0,10314.301739576835
874,591005.0,0.0,591005.0,591005.0,11237.501177536202
875,611385.0,0.0,611385.0,611385.0,11590.014824431271
876,825656.0,0.0,825656.0,825656.0,15208.336925839047
877,489236.0,0.0,489236.0,489236.0,9452.605522422906
878,338348.0,0.0,338348.0,338348.0,6722.57368757382
879,895132.0,0.0,895132.0,895132.0,16282.713987862908
880,150971.0,0.0,150971.0,150971.0,3153.017205638002
881,191967.0,0.0,191967.0,191967.0,3955.669296672522
882,163553.0,0.0,163553.0,163553.0,3400.9656684736897
883,160337.0,0.0,160337.0,160337.0,3337.7253609501727
884,244189.0,0.0,244189.0,244189.0,4958.625763782604
885,408918.0,0.0,408918.0,408918.0,8012.767291054395
886,453385.0,0.0,453385.0,453385.0,8813.416826822999
887,79978.0,0.0,79978.0,79978.0,1680.4282231963034
888,124036.0,0.0,124036.0,124036.0,2450.3124618478664
889,325930.0,0.0,325930.0,325930.0,6412.434248952287
890,226785.0,0.0,226785.0,226785.0,4626.348407506589
891,559471.0,0.0,559471.0,559471.0,10688.277038853694
892,518504.0,0.0,518504.0,518504.0,9969.68919955888
893,432244.0,0.0,432244.0,432244.0,8433.538784728982
894,353680.0,0.0,353680.0,353680.0,7004.649421890905
895,569741.0,0.0,569741.0,569741.0,10867.29311871137
896,994399.9999999999,0.0,994399.9999999999,994399.9999999999,16281.823708615859
897,994399.9999999999,0.0,994399.9999999999,994399.9999999999,16281.796487703494
898,994399.9999999999,0.0,994399.9999999999,994399.9999999999,16281.769266882113
899,817018.0,0.0,817018.0,817018.0,15064.375776758689
900,994399.9999999999,0.0,994399.9999999999,994399.9999999999,16281.715069975367
901,994399.9999999999,0.0,994399.9999999999,994399.9999999999,16281.687849426178
902,994399.9999999999,0.0,994399.9999999999,994399.9999999999,16281.660628967988
903,994399.9999999999,0.0,994399.9999999999,994399.9999999999,16281.633408600797
904,837368.0,0.0,837368.0,837368.0,15400.712794194653
905,149159.99999999997,0.0,149159.99999999997,149159.99999999997,3116.955240686216
906,52553.00000000003,0.0,52553.00000000003,52553.00000000003,1101.40476352133
907,38745.0,0.0,38745.0,38745.0,809.8174273254299
908,0.0,0.0,0.0,0.0,-0.0
909,0.0,0.0,0.0,0.0,-0.0
910,0.0,0.0,0.0,0.0,-0.0
911,0.0,0.0,0.0,0.0,-0.0
912,0.0,0.0,0.0,0.0,-0.0
913,0.0,0.0,0.0,0.0,-0.0
914,0.0,0.0,0.0,0.0,-0.0
915,0.0,0.0,0.0,0.0,-0.0
916,0.0,0.0,0.0,0.0,-0.0
917,0.0,0.0,0.0,0.0,-0.0
918,0.0,0.0,0.0,0.0,-0.0
919,500947.0,0.0,500947.0,500947.0,8048.87763963648
920,172666.0,0.0,172666.0,172666.0,3579.058524710199
921,233844.0,0.0,233844.0,233844.0,4760.742398892391
922,106904.0,0.0,106904.0,106904.0,2243.578234563284
923,994399.9999999999,0.0,994399.9999999999,994399.9999999999,15677.308807168158
924,605922.0,0.0,605922.0,605922.0,11493.593402700382
925,994399.9999999999,0.0,994399.9999999999,994399.9999999999,16279.959515395303
926,994399.9999999999,0.0,994399.9999999999,994399.9999999999,16279.93230071435
927,994399.9999999999,0.0,994399.9999999999,994399.9999999999,16279.905086124372
928,310321.0,0.0,310321.0,310321.0,6201.735330298381
929,379482.0,0.0,379482.0,379482.0,7476.261570743098
930,588997.0,0.0,588997.0,588997.0,11200.521224848937
931,602449.0,0.0,602449.0,602449.0,11433.432436698979
932,602415.0,0.0,602415.0,602415.0,11432.825456355724
933,602047.0,0.0,602047.0,602047.0,11426.44328202019
934,602432.0,0.0,602432.0,602432.0,11433.081165254327
935,602482.0,0.0,602482.0,602482.0,11433.926553502195
936,601985.0,0.0,601985.0,601985.0,11425.313891167489
937,602564.0,0.0,602564.0,602564.0,11435.306083594725
938,602212.0,0.0,602212.0,602212.0,11429.200814375936
939,601954.0,0.0,601954.0,601954.0,11424.72054478924
940,602113.0,0.0,602113.0,602113.0,11427.450793014987
941,602049.0,0.0,602049.0,602049.0,11426.325047358134
942,601959.0,0.0,601959.0,601959.0,11424.749706393948
943,810130.0,0.0,810130.0,810130.0,14948.114742336122
944,640729.0,0.0,640729.0,640729.0,12092.31191372796
945,588871.0,0.0,588871.0,588871.0,11198.054224049065
946,854184.0,0.0,854184.0,854184.0,15675.687099924788
947,994399.9999999999,0.0,994399.9999999999,994399.9999999999,16279.38076901715
948,994399.9999999999,0.0,994399.9999999999,994399.9999999999,16279.353556270726
949,994399.9999999999,0.0,994399.9999999999,994399.9999999999,16279.326343615257
950,994399.9999999999,0.0,994399.9999999999,994399.9999999999,16279.299131050757
951,994399.9999999999,0.0,994399.9999999999,994399.9999999999,16279.271918577213
952,800052.0,0.0,800052.0,800052.0,14780.605620610924
953,366716.0,0.0,366716.0,366716.0,7242.573166649049
954,391787.0,0.0,391787.0,391787.0,7700.112626461968
955,329294.0,0.0,329294.0,329294.0,6553.606347383127
956,413617.0,0.0,413617.0,413617.0,8095.985510373027
957,470380.0,0.0,470380.0,470380.0,9115.023211562075
958,547750.0,0.0,547750.0,547750.0,10481.448184750521
959,596584.0,0.0,596584.0,596584.0,11331.427782148414
960,600221.0,0.0,600221.0,600221.0,11394.345993708464
961,598412.0,0.0,598412.0,598412.0,11363.029070572276
962,599550.0,0.0,599550.0,599550.0,11382.700258442217
963,595910.0,0.0,595910.0,595910.0,11319.68317721855
964,600920.0,0.0,600920.0,600920.0,11406.359996442205
965,601174.0,0.0,601174.0,601174.0,11410.733747064085
966,601775.0,0.0,601775.0,601775.0,11421.107716998611
967,604766.0,0.0,604766.0,604766.0,11472.7914218674
968,633861.0,0.0,633861.0,633861.0,11973.971760820448
969,686329.0,0.0,686329.0,686329.0,12870.033082099939
970,644398.0,0.0,644398.0,644398.0,12154.677882697424
971,672392.0,0.0,672392.0,672392.0,12632.916159780045
972,667671.0,0.0,667671.0,667671.0,12552.434969283815
973,784042.0,0.0,784042.0,784042.0,14513.715201224566
974,799504.0,0.0,799504.0,799504.0,14770.973772921267
975,666417.0,0.0,666417.0,666417.0,12530.986286859246
976,788253.0,0.0,788253.0,788253.0,14583.786202716468
977,607338.0,0.0,607338.0,607338.0,11517.029538975254
978,596420.0,0.0,596420.0,596420.0,11328.22609257602
979,586959.0,0.0,586959.0,586959.0,11164.250817637112
980,596491.0,0.0,596491.0,596491.0,11329.417366095931
981,587839.0,0.0,587839.0,587839.0,11179.477974798454
982,573139.0,0.0,573139.0,573139.0,10924.081999381318
983,590157.0,0.0,590157.0,590157.0,11219.634441353272
984,580500.0,0.0,580500.0,580500.0,11052.028999293523
985,577528.0,0.0,577528.0,577528.0,11000.362557564295
986,559077.0,0.0,559077.0,559077.0,10678.930553253305
987,397835.0,0.0,397835.0,397835.0,7809.580925362781
988,239008.0,0.0,239008.0,239008.0,4858.5572617950065
989,305067.0,0.0,305067.0,305067.0,6103.196294372699
990,188078.0,0.0,188078.0,188078.0,3878.9627768374694
991,244698.0,0.0,244698.0,244698.0,4966.825988064816
992,170681.0,0.0,170681.0,170681.0,3539.6816438964693
993,748348.0,0.0,748348.0,748348.0,13916.441444840064
994,732367.0,0.0,732367.0,732367.0,13647.879345354128
995,658953.0,0.0,658953.0,658953.0,12403.179828712233
996,633001.0,0.0,633001.0,633001.0,11958.649322786
997,637306.0,0.0,637306.0,637306.0,12032.534326164958
998,701379.0,0.0,701379.0,701379.0,13124.663511799983
999,574700.0,0.0,574700.0,574700.0,10950.933937690055
1000,656982.0,0.0,656982.0,656982.0,12369.401908963084
1001,508513.0,0.0,508513.0,508513.0,9790.896445833132
1002,578116.0,0.0,578116.0,578116.0,11010.275820259101
1003,538297.0,0.0,538297.0,538297.0,10315.04500405326
1004,546138.0,0.0,546138.0,546138.0,10452.42373542867
1005,540911.0,0.0,540911.0,540911.0,10360.842421022851
1006,558312.0,0.0,558312.0,558312.0,10665.223101812873
1007,485723.0,0.0,485723.0,485723.0,9387.210978029212
1008,502455.0,0.0,502455.0,502455.0,9683.70719946834
1009,502455.0,0.0,502455.0,502455.0,9683.69101190457
1010,496019.0,0.0,496019.0,496019.0,9569.759066979464
1011,426330.0,0.0,426330.0,426330.0,8324.711164054595
1012,557889.0,0.0,557889.0,557889.0,10657.72338211533
1013,509633.0,0.0,509633.0,509633.0,9810.469097762518
1014,545928.0,0.0,545928.0,545928.0,10448.565020527976
1015,994399.9999999999,0.0,994399.9999999999,994399.9999999999,16277.596180481924
1016,444088.0,0.0,444088.0,444088.0,8643.952056040507
1017,289654.0,0.0,289654.0,289654.0,5814.876531666402
1018,349364.0,0.0,349364.0,349364.0,6923.248268451018
1019,376477.0,0.0,376477.0,376477.0,7420.237710361177
1020,508912.0,0.0,508912.0,508912.0,9797.624107873202
1021,481402.0,0.0,481402.0,481402.0,9310.215311290633
1022,573619.0,0.0,573619.0,573619.0,10931.703293062517
1023,570134.0,0.0,570134.0,570134.0,10871.02903703823
1024,307967.0,0.0,307967.0,307967.0,6156.858158924342
1025,149159.99999999997,0.0,149159.99999999997,149159.99999999997,3116.022471496216
1026,100759.00000000003,0.0,100759.00000000003,100759.00000000003,2115.3755371819584
1027,237880.0,0.0,237880.0,237880.0,4627.744885407619
1028,600915.0,0.0,600915.0,600915.0,11404.843390567672
1029,561030.0,0.0,561030.0,561030.0,10712.043686969513
1030,133960.0,0.0,133960.0,133960.0,2814.060747166406
1031,218789.0,0.0,218789.0,218789.0,4471.51161135926
1032,305355.0,0.0,305355.0,305355.0,6107.985439189422
1033,411938.0,0.0,411938.0,411938.0,8064.396436578649
1034,541413.0,0.0,541413.0,541413.0,10368.941511852567
1035,379114.0,0.0,379114.0,379114.0,7468.030779930902
1036,556040.0,0.0,556040.0,556040.0,10624.8148245249
1037,353164.0,0.0,353164.0,353164.0,6992.77111928455
1038,579359.0,0.0,579359.0,579359.0,11031.010596090771
1039,461806.0,0.0,461806.0,461806.0,8960.608175260006
1040,494808.0,0.0,494808.0,494808.0,9547.648542329367
1041,468911.0,0.0,468911.0,468911.0,9087.365437750817
1042,579099.0,0.0,579099.0,579099.0,11026.420115541543
1043,513230.0,0.0,513230.0,513230.0,9873.273838462766
1044,364993.0,0.0,364993.0,364993.0,7209.73943792653
1045,245538.0,0.0,245538.0,245538.0,4982.217971090115
1046,104910.0,0.0,104910.0,104910.0,2203.335050243082
1047,417388.0,0.0,417388.0,417388.0,7860.438514309364
1048,229058.0,0.0,229058.0,229058.0,4667.986207243294
1049,149290.0,0.0,149290.0,149290.0,3118.3394084469146
1050,258971.0,0.0,258971.0,258971.0,5236.79571249963
1051,579427.0,0.0,579427.0,579427.0,11031.78117659267
1052,426178.0,0.0,426178.0,426178.0,8321.102724512059
1053,576600.0,0.0,576600.0,576600.0,10982.612229227076
1054,574716.0,0.0,574716.0,574716.0,10949.833304700162
1055,378665.0,0.0,378665.0,378665.0,7459.460227925634
1056,269155.0,0.0,269155.0,269155.0,5429.071466293594
1057,189885.0,0.0,189885.0,189885.0,3913.4381756093126
1058,98062.0,0.0,98062.0,98062.0,2056.1229141078397
1059,185893.0,0.0,185893.0,185893.0,3646.4682044220413
1060,77448.0,0.0,77448.0,77448.0,1623.9856192085124
1061,120743.0,0.0,120743.0,120743.0,2376.209095964583
1062,198741.0,0.0,198741.0,198741.0,4009.1702781113872
1063,863240.0,0.0,863240.0,863240.0,15820.245431959462
1064,994399.9999999999,0.0,994399.9999999999,994399.9999999999,16274.963931877988
1065,905068.0,0.0,905068.0,905068.0,16274.936733891063
1066,994399.9999999999,0.0,994399.9999999999,994399.9999999999,16274.909535995019
1067,994399.9999999999,0.0,994399.9999999999,994399.9999999999,16274.88233818986
1068,994399.9999999999,0.0,994399.9999999999,994399.9999999999,16274.855140475593
1069,994399.9999999999,0.0,994399.9999999999,994399.9999999999,16274.827942852206
1070,994399.9999999999,0.0,994399.9999999999,994399.9999999999,16274.800745319704
1071,994399.9999999999,0.0,994399.9999999999,994399.9999999999,16274.773547878089
1072,919178.0,0.0,919178.0,919178.0,16274.746350527352
1073,149159.99999999997,0.0,149159.99999999997,149159.99999999997,3115.4458761104815
1074,138421.00000000003,0.0,138421.00000000003,138421.00000000003,2902.4562287624244
1075,18232.0,0.0,18232.0,18232.0,379.0340421194219
1076,0.0,0.0,0.0,0.0,-0.0
1077,0.0,0.0,0.0,0.0,-0.0
1078,0.0,0.0,0.0,0.0,-0.0
1079,0.0,0.0,0.0,0.0,-0.0
1080,0.0,0.0,0.0,0.0,-0.0
1081,0.0,0.0,0.0,0.0,-0.0
1082,0.0,0.0,0.0,0.0,-0.0
1083,0.0,0.0,0.0,0.0,-0.0
1084,0.0,0.0,0.0,0.0,-0.0
1085,0.0,0.0,0.0,0.0,-0.0
1086,0.0,0.0,0.0,0.0,-0.0
1087,753114.0,0.0,753114.0,753114.0,11660.222424776504
1088,994399.9999999999,0.0,994399.9999999999,994399.9999999999,16273.46912893585
1089,994399.9999999999,0.0,994399.9999999999,994399.9999999999,16273.44193594381
1090,994399.9999999999,0.0,994399.9999999999,994399.9999999999,16273.414743042627
1091,994399.9999999999,0.0,994399.9999999999,994399.9999999999,16273.387550232306
1092,994399.9999999999,0.0,994399.9999999999,994399.9999999999,16273.36035751284
1093,994399.9999999999,0.0,994399.9999999999,994399.9999999999,16273.333164884243
1094,994399.9999999999,0.0,994399.9999999999,994399.9999999999,16273.305972346501
1095,668882.0,0.0,668882.0,668882.0,12568.753950913271
1096,910180.0,0.0,910180.0,910180.0,16273.252352979229
1097,155126.0,0.0,155126.0,155126.0,3232.916497975574
1098,149159.99999999997,0.0,149159.99999999997,149159.99999999997,3115.1119429822797
1099,273303.0,0.0,273303.0,273303.0,5506.165719403615
1100,600611.0,0.0,600611.0,600611.0,11396.808032218049
1101,602044.0,0.0,602044.0,602044.0,11421.562327507714
1102,602204.0,0.0,602204.0,602204.0,11424.308796480418
1103,602204.0,0.0,602204.0,602204.0,11424.289706236894
1104,602204.0,0.0,602204.0,602204.0,11424.270616057152
1105,602036.0,0.0,602036.0,602036.0,11421.347704142137
1106,590600.0,0.0,590600.0,590600.0,11223.410572614303
1107,586418.0,0.0,586418.0,586418.0,11150.891561928025
1108,569593.0,0.0,569593.0,569593.0,10858.510592595137
1109,583201.0,0.0,583201.0,583201.0,11095.03816783145
1110,602334.0,0.0,602334.0,602334.0,11426.403217727073
1111,994399.9999999999,0.0,994399.9999999999,994399.9999999999,16272.865418523348
1112,994399.9999999999,0.0,994399.9999999999,994399.9999999999,16272.838227548475
1113,994399.9999999999,0.0,994399.9999999999,994399.9999999999,16272.811036664454
1114,994399.9999999999,0.0,994399.9999999999,994399.9999999999,16272.783845871272
1115,994399.9999999999,0.0,994399.9999999999,994399.9999999999,16272.756655168943
1116,994399.9999999999,0.0,994399.9999999999,994399.9999999999,16272.729464557471
1117,994399.9999999999,0.0,994399.9999999999,994399.9999999999,16272.702274036848
1118,994399.9999999999,0.0,994399.9999999999,994399.9999999999,16272.67508360707
1119,994399.9999999999,0.0,994399.9999999999,994399.9999999999,16272.647893268138
1120,994399.9999999999,0.0,994399.9999999999,994399.9999999999,16272.620703020058
1121,707770.0,0.0,707770.0,707770.0,13228.278396027925
1122,559529.0,0.0,559529.0,559529.0,10682.846641511438
1123,596577.0,0.0,596577.0,596577.0,11326.584516714163
1124,583878.0,0.0,583878.0,583878.0,11106.501196774358
1125,409801.0,0.0,409801.0,409801.0,8023.425442949157
1126,314593.0,0.0,314593.0,314593.0,6278.078376868709
1127,224359.0,0.0,224359.0,224359.0,4576.890196719149
1128,150148.0,0.0,150148.0,150148.0,3134.470456662779
1129,149159.99999999997,0.0,149159.99999999997,149159.99999999997,3114.933524439155
1130,149159.99999999997,0.0,149159.99999999997,149159.99999999997,3114.92830391368
1131,78871.00000000006,0.0,78871.00000000006,78871.00000000006,1651.9457225913804
1132,94522.0,0.0,94522.0,94522.0,1915.5412894611338
1133,78587.0,0.0,78587.0,78587.0,1646.3005246484256
1134,70126.0,0.0,70126.0,70126.0,1472.4783097375523
1135,925838.0,0.0,925838.0,925838.0,14966.33063256571
1136,994399.9999999999,0.0,994399.9999999999,994399.9999999999,16271.522560749907
1137,994399.9999999999,0.0,994399.9999999999,994399.9999999999,16271.495374260894
1138,994399.9999999999,0.0,994399.9999999999,994399.9999999999,16271.468187862716
1139,994399.9999999999,0.0,994399.9999999999,994399.9999999999,16271.441001555362
1140,994399.9999999999,0.0,994399.9999999999,994399.9999999999,16271.413815338841
1141,994399.9999999999,0.0,994399.9999999999,994399.9999999999,16271.386629213146
1142,994399.9999999999,0.0,994399.9999999999,994399.9999999999,16271.359443178271
1143,994399.9999999999,0.0,994399.9999999999,994399.9999999999,16271.332257234226
1144,994399.9999999999,0.0,994399.9999999999,994399.9999999999,16271.305071381008
1145,346778.0,0.0,346778.0,346778.0,6872.783356574291
1146,232981.0,0.0,232981.0,232981.0,4741.316540903637
1147,333995.0,0.0,333995.0,333995.0,6637.03164990968
1148,410838.0,0.0,410838.0,410838.0,8041.505396223709
1149,359350.0,0.0,359350.0,359350.0,7103.737885264217
1150,403731.0,0.0,403731.0,403731.0,7912.808326451009
1151,453489.0,0.0,453489.0,453489.0,8808.703119653414
1152,369604.0,0.0,369604.0,369604.0,7291.508040320274
1153,432154.0,0.0,432154.0,432154.0,8425.93115322992
1154,581450.0,0.0,581450.0,581450.0,11063.318618340403
1155,578119.0,0.0,578119.0,578119.0,11005.447938736723
1156,593532.0,0.0,593532.0,593532.0,11272.761861101459
1157,592064.0,0.0,592064.0,592064.0,11247.320338177504
1158,594024.0,0.0,594024.0,594024.0,11281.242760298994
1159,994399.9999999999,0.0,994399.9999999999,994399.9999999999,16270.921030771251
1160,994399.9999999999,0.0,994399.9999999999,994399.9999999999,16270.893846291885
1161,994399.9999999999,0.0,994399.9999999999,994399.9999999999,16270.866661903336
1162,702506.0,0.0,702506.0,702506.0,13137.782815495448
1163,934618.0,0.0,934618.0,934618.0,16270.812935986172
1164,994399.9999999999,0.0,994399.9999999999,994399.9999999999,16270.785751867925
1165,994399.9999999999,0.0,994399.9999999999,994399.9999999999,16270.758567840505
1166,853228.0,0.0,853228.0,853228.0,15651.573618581786
1167,684928.0,0.0,684928.0,684928.0,12839.670187694923
1168,614776.0,0.0,614776.0,614776.0,11639.514681028775
1169,602022.0,0.0,602022.0,602022.0,11419.377211071562
1170,601956.0,0.0,601956.0,601956.0,11418.217469739795
1171,602171.0,0.0,602171.0,602171.0,11421.914120624055
1172,602204.0,0.0,602204.0,602204.0,11422.465342184363
1173,602204.0,0.0,602204.0,602204.0,11422.446258098227
1174,602204.0,0.0,602204.0,602204.0,11422.427174075832
1175,602547.0,0.0,602547.0,602547.0,11428.335533536903
1176,580078.0,0.0,580078.0,580078.0,11039.07385607668
1177,601950.0,0.0,601950.0,601950.0,11417.971145885045
1178,602163.0,0.0,602163.0,602163.0,11421.633196662335
1179,602175.0,0.0,602175.0,602175.0,11421.821496221191
1180,232801.0,0.0,232801.0,232801.0,4737.588169637212
1181,212552.0,0.0,212552.0,212552.0,4349.703955701604
1182,493194.0,0.0,493194.0,493194.0,9515.113895906552
1183,994399.9999999999,0.0,994399.9999999999,994399.9999999999,16270.27703465345
1184,694689.0,0.0,694689.0,694689.0,13004.907414605992
1185,994399.9999999999,0.0,994399.9999999999,994399.9999999999,16270.223340883009
1186,994399.9999999999,0.0,994399.9999999999,994399.9999999999,16270.196158734436
1187,994399.9999999999,0.0,994399.9999999999,994399.9999999999,16270.168976676676
1188,994399.9999999999,0.0,994399.9999999999,994399.9999999999,16270.141794709723
1189,994399.9999999999,0.0,994399.9999999999,994399.9999999999,16270.114612833575
1190,994399.9999999999,0.0,994399.9999999999,994399.9999999999,16270.08743104823
1191,994399.9999999999,0.0,994399.9999999999,994399.9999999999,16270.060249353694
1192,994399.9999999999,0.0,994399.9999999999,994399.9999999999,16270.033067749964
1193,777101.0,0.0,777101.0,777101.0,14390.178907939002
1194,551920.0,0.0,551920.0,551920.0,10548.210996020276
1195,602041.0,0.0,602041.0,602041.0,11419.196237006721
1196,602450.0,0.0,602450.0,602450.0,11426.245129423378
1197,602135.0,0.0,602135.0,602135.0,11420.782556977543
1198,602204.0,0.0,602204.0,602204.0,11421.955888643668
1199,602204.0,0.0,602204.0,602204.0,11421.936806259153
1200,602204.0,0.0,602204.0,602204.0,11421.91772393837
1201,602204.0,0.0,602204.0,602204.0,11421.898641681322
1202,602204.0,0.0,602204.0,602204.0,11421.879559488008
1203,602142.0,0.0,602142.0,602142.0,11420.78904346938
1204,602204.0,0.0,602204.0,602204.0,11421.841395468078
1205,601972.0,0.0,601972.0,601972.0,11417.81301477447
1206,599354.0,0.0,599354.0,599354.0,11372.537079121821
1207,994399.9999999999,0.0,994399.9999999999,994399.9999999999,16269.639170407221
1208,994399.9999999999,0.0,994399.9999999999,994399.9999999999,16269.611990210147
1209,994399.9999999999,0.0,994399.9999999999,994399.9999999999,16269.584810103865
1210,994399.9999999999,0.0,994399.9999999999,994399.9999999999,16269.55763008838
1211,994399.9999999999,0.0,994399.9999999999,994399.9999999999,16269.530450163695
1212,994399.9999999999,0.0,994399.9999999999,994399.9999999999,16269.5032703298
1213,994399.9999999999,0.0,994399.9999999999,994399.9999999999,16269.476090586704
1214,994399.9999999999,0.0,994399.9999999999,994399.9999999999,16269.448910934405
1215,994399.9999999999,0.0,994399.9999999999,994399.9999999999,16269.421731372893
1216,994399.9999999999,0.0,994399.9999999999,994399.9999999999,16269.394551902182
1217,326418.0,0.0,326418.0,326418.0,6496.081477025511
1218,149159.99999999997,0.0,149159.99999999997,149159.99999999997,3114.2629774736865
1219,149159.99999999997,0.0,149159.99999999997,149159.99999999997,3114.257759183506
1220,373582.0,0.0,373582.0,373582.0,7363.339676784207
1221,576543.0,0.0,576543.0,576543.0,10976.82593416217
1222,600767.0,0.0,600767.0,600767.0,11396.659705114218
1223,602447.0,0.0,602447.0,602447.0,11425.675771539536
1224,585097.0,0.0,585097.0,585097.0,11125.285257262283
1225,602589.0,0.0,602589.0,602589.0,11428.091308488258
1226,599269.0,0.0,599269.0,599269.0,11370.685085802927
1227,600789.0,0.0,600789.0,600789.0,11396.944835947144
1228,602465.0,0.0,602465.0,602465.0,11425.891426457534
1229,601977.0,0.0,601977.0,601977.0,11417.439536771335
1230,602068.0,0.0,602068.0,602068.0,11418.993038736498
1231,643384.0,0.0,643384.0,643384.0,12129.780440457826
1232,706507.0,0.0,706507.0,706507.0,13203.921888121738
1233,489757.0,0.0,489757.0,489757.0,9453.3653984362
1234,666711.0,0.0,666711.0,666711.0,12528.300825817252
1235,738362.0,0.0,738362.0,738362.0,13740.75012899504
1236,761623.0,0.0,761623.0,761623.0,14130.664125018679
1237,887945.0,0.0,887945.0,887945.0,16218.92935603462
1238,946675.0,0.0,946675.0,946675.0,16268.822869631766
1239,861986.0,0.0,861986.0,861986.0,15793.615500210548
1240,789660.0,0.0,789660.0,789660.0,14598.262064177152
1241,609327.0,0.0,609327.0,609327.0,11544.12033652874
1242,602190.0,0.0,602190.0,602190.0,11420.868623486956
1243,601991.0,0.0,601991.0,601991.0,11417.410734120145
1244,602204.0,0.0,602204.0,602204.0,11421.07238616604
1245,602518.0,0.0,602518.0,602518.0,11426.479032860838
1246,587707.0,0.0,587707.0,587707.0,11170.129065774741
1247,577955.0,0.0,577955.0,577955.0,11000.877637386477
1248,486178.0,0.0,486178.0,486178.0,9389.636922840196
1249,317227.0,0.0,317227.0,317227.0,6325.334896695415
1250,275120.0,0.0,275120.0,275120.0,5538.6047340522355
1251,158663.0,0.0,158663.0,158663.0,3301.488365801317
1252,122793.00000000006,0.0,122793.00000000006,122793.00000000006,2574.170132854308
1253,47353.0,0.0,47353.0,47353.0,991.6087014492095
1254,42415.0,0.0,42415.0,42415.0,887.8525275553941
1255,37502.0,0.0,37502.0,37502.0,784.5881690186293
1256,36087.0,0.0,36087.0,36087.0,756.4948164706002
1257,94109.0,0.0,94109.0,94109.0,1768.3292217923388
1258,97303.0,0.0,97303.0,97303.0,2039.9305631350312
1259,381997.0,0.0,381997.0,381997.0,7145.064826804263
1260,443898.0,0.0,443898.0,443898.0,8634.837286716953
1261,272442.0,0.0,272442.0,272442.0,5487.823744457949
1262,83751.0,0.0,83751.0,83751.0,1753.9983682624058
1263,230702.0,0.0,230702.0,230702.0,4377.710070026037
1264,154670.0,0.0,154670.0,154670.0,3222.492800549427
1265,125355.0,0.0,125355.0,125355.0,2630.2183624465806
1266,380268.0,0.0,380268.0,380268.0,7391.813463282898
1267,519955.0,0.0,519955.0,519955.0,9985.46124042619
1268,479617.0,0.0,479617.0,479617.0,9272.013902530041
1269,487119.0,0.0,487119.0,487119.0,9405.203192118173
1270,425605.0,0.0,425605.0,425605.0,8305.628579572664
1271,290087.0,0.0,290087.0,290087.0,5818.703159784904
1272,260088.0,0.0,260088.0,260088.0,5254.511936518852
1273,477315.0,0.0,477315.0,477315.0,9231.01531658234
1274,361646.0,0.0,361646.0,361646.0,7143.652229539221
1275,380128.0,0.0,380128.0,380128.0,7481.453165045651
1276,523661.0,0.0,523661.0,523661.0,10050.517765856397
1277,389226.0,0.0,389226.0,389226.0,7647.094399522268
1278,408136.0,0.0,408136.0,408136.0,7990.126617881395
1279,576051.0,0.0,576051.0,576051.0,10966.297943358728
1280,269862.0,0.0,269862.0,269862.0,5438.8592701888265
1281,635711.0,0.0,635711.0,635711.0,11996.2635564191
1282,250327.0,0.0,250327.0,250327.0,5069.641991840287
1283,151353.0,0.0,151353.0,151353.0,3156.9287856559595
1284,164029.0,0.0,164029.0,164029.0,3406.4155744416457
1285,184040.0,0.0,184040.0,184040.0,3797.281402260774
1286,434838.0,0.0,434838.0,434838.0,8471.530272508673
1287,6552.0,0.0,6552.0,6552.0,135.57975591584972
1288,3187.0,0.0,3187.0,3187.0,-0.0
1289,0.0,0.0,0.0,0.0,-0.0
1290,0.0,0.0,0.0,0.0,-0.0
1291,0.0,0.0,0.0,0.0,-0.0
1292,0.0,0.0,0.0,0.0,-0.0
1293,398346.0,0.0,398346.0,398346.0,6510.017531547071
1294,210470.0,0.0,210470.0,210470.0,4308.0865423726045
1295,473596.0,0.0,473596.0,473596.0,9163.914420063551
1296,593216.0,0.0,593216.0,593216.0,11262.976463264695
1297,600548.0,0.0,600548.0,600548.0,11389.77514373877
1298,602527.0,0.0,602527.0,602527.0,11423.950914543835
1299,602230.0,0.0,602230.0,602230.0,11418.800972379291
1300,602080.0,0.0,602080.0,602080.0,11416.190434328202
1301,602072.0,0.0,602072.0,602072.0,11416.03315387746
1302,602448.0,0.0,602448.0,602448.0,11422.509863112955
1303,994399.9999999999,0.0,994399.9999999999,994399.9999999999,16264.828398691505
1304,994399.9999999999,0.0,994399.9999999999,994399.9999999999,16264.801234561299
1305,994399.9999999999,0.0,994399.9999999999,994399.9999999999,16264.774070521815
1306,994399.9999999999,0.0,994399.9999999999,994399.9999999999,16264.746906573046
1307,879707.0,0.0,879707.0,879707.0,16080.0942960445
1308,994399.9999999999,0.0,994399.9999999999,994399.9999999999,16264.692615593834
1309,994399.9999999999,0.0,994399.9999999999,994399.9999999999,16264.66545191709
1310,497091.0,0.0,497091.0,497091.0,9580.603020754777
1311,252592.0,0.0,252592.0,252592.0,5111.956636637138
1312,149159.99999999997,0.0,149159.99999999997,149159.99999999997,3113.217104761294
1313,149159.99999999997,0.0,149159.99999999997,149159.99999999997,3113.211889956543
1314,149159.99999999997,0.0,149159.99999999997,149159.99999999997,3113.20667516917
1315,183689.0,0.0,183689.0,183689.0,3789.9815681216583
1316,191216.0,0.0,191216.0,191216.0,3936.1211971778457
1317,149159.99999999997,0.0,149159.99999999997,149159.99999999997,3113.1908905238897
1318,523631.0,0.0,523631.0,523631.0,10048.632884105304
1319,78146.00000000012,0.0,78146.00000000012,78146.00000000012,1636.7858080512358
1320,299153.0,0.0,299153.0,299153.0,5543.800199356842
1321,284087.0,0.0,284087.0,284087.0,5705.217607313675
1322,320123.0,0.0,320123.0,320123.0,6377.059304005148
1323,340339.0,0.0,340339.0,340339.0,6750.779982969355
1324,497395.0,0.0,497395.0,497395.0,9585.452083831919
1325,478284.0,0.0,478284.0,478284.0,9246.527604544688
1326,472787.0,0.0,472787.0,472787.0,9148.739137472108
1327,431648.0,0.0,431648.0,431648.0,8412.757125675158
1328,446147.0,0.0,446147.0,446147.0,8672.992615611765
1329,789651.0,0.0,789651.0,789651.0,14593.469776957998
1330,583170.0,0.0,583170.0,583170.0,11087.904352262525
1331,527698.0,0.0,527698.0,527698.0,10119.566070930385
1332,627468.0,0.0,627468.0,627468.0,11852.608546354737
1333,371837.0,0.0,371837.0,371837.0,7328.659808162685
1334,604843.0,0.0,604843.0,604843.0,11462.902957532251
1335,577693.0,0.0,577693.0,577693.0,10992.743930319324
1336,577148.0,0.0,577148.0,577148.0,10983.259277363963
1337,140186.0,0.0,140186.0,140186.0,2935.2035516323062
1338,295113.0,0.0,295113.0,295113.0,5911.40596737633
1339,481899.0,0.0,481899.0,481899.0,9310.53742354399
1340,602142.0,0.0,602142.0,602142.0,11416.14553860642
1341,602164.0,0.0,602164.0,602164.0,11416.506521742553
1342,592917.0,0.0,592917.0,592917.0,11256.585595254079
1343,602021.0,0.0,602021.0,602021.0,11413.998080839152
1344,602204.0,0.0,602204.0,602204.0,11417.131199157797
1345,602204.0,0.0,602204.0,602204.0,11417.112132882687
1346,602204.0,0.0,602204.0,602204.0,11417.093066671227
1347,602185.0,0.0,602185.0,602185.0,11416.745783499806
1348,602204.0,0.0,602204.0,602204.0,11417.054934493013
1349,602204.0,0.0,602204.0,602204.0,11417.035868472514
1350,602204.0,0.0,602204.0,602204.0,11417.016802515673
1351,994399.9999999999,0.0,994399.9999999999,994399.9999999999,16263.076386113817
1352,994399.9999999999,0.0,994399.9999999999,994399.9999999999,16263.049227833386
1353,994399.9999999999,0.0,994399.9999999999,994399.9999999999,16263.022069643644
1354,994399.9999999999,0.0,994399.9999999999,994399.9999999999,16262.994911544585
1355,994399.9999999999,0.0,994399.9999999999,994399.9999999999,16262.967753536217
1356,994399.9999999999,0.0,994399.9999999999,994399.9999999999,16262.940595618533
1357,994399.9999999999,0.0,994399.9999999999,994399.9999999999,16262.913437791532
1358,994399.9999999999,0.0,994399.9999999999,994399.9999999999,16262.886280055216
1359,994399.9999999999,0.0,994399.9999999999,994399.9999999999,16262.859122409589
1360,994399.9999999999,0.0,994399.9999999999,994399.9999999999,16262.831964854642
1361,749397.0,0.0,749397.0,749397.0,13920.641798842968
1362,587802.0,0.0,587802.0,587802.0,11167.605715047916
1363,590667.0,0.0,590667.0,590667.0,11217.21821487331
1364,602516.0,0.0,602516.0,602516.0,11422.131485759359
1365,600995.0,0.0,600995.0,600995.0,11395.835989494783
1366,591412.0,0.0,591412.0,591412.0,11230.062603526147
1367,600919.0,0.0,600919.0,600919.0,11394.48477473322
1368,591938.0,0.0,591938.0,591938.0,11239.132146223332
1369,589637.0,0.0,589637.0,589637.0,11199.266533522745
1370,561359.0,0.0,561359.0,561359.0,10707.88903739828
1371,463565.0,0.0,463565.0,463565.0,8983.715235204707
1372,291897.0,0.0,291897.0,291897.0,5850.931303278458
1373,149159.99999999997,0.0,149159.99999999997,149159.99999999997,3112.7562526953507
1374,149159.99999999997,0.0,149159.99999999997,149159.99999999997,3112.751039425979
1375,65999.00000000006,0.0,65999.00000000006,65999.00000000006,1384.1209133394136
1376,180644.0,0.0,180644.0,180644.0,3407.8477561456216
1377,459968.0,0.0,459968.0,459968.0,8919.093062944474
1378,869223.0,0.0,869223.0,869223.0,15905.484379895237
1379,994399.9999999999,0.0,994399.9999999999,994399.9999999999,16261.750699167142
1380,994399.9999999999,0.0,994399.9999999999,994399.9999999999,16261.723545312387
1381,994399.9999999999,0.0,994399.9999999999,994399.9999999999,16261.696391548297
1382,994399.9999999999,0.0,994399.9999999999,994399.9999999999,16261.669237874872
1383,994399.9999999999,0.0,994399.9999999999,994399.9999999999,16261.642084292114
1384,994399.9999999999,0.0,994399.9999999999,994399.9999999999,16261.614930800019
1385,476754.0,0.0,476754.0,476754.0,9218.021608125742
1386,279101.0,0.0,279101.0,279101.0,5610.787879912933
1387,318273.0,0.0,318273.0,318273.0,6341.767260605345
1388,524676.0,0.0,524676.0,524676.0,10065.097933583756
1389,566267.0,0.0,566267.0,566267.0,10792.642896473413
1390,585656.0,0.0,585656.0,585656.0,11129.470470290351
1391,602017.0,0.0,602017.0,602017.0,11412.570413924868
1392,601954.0,0.0,601954.0,601954.0,11411.463120492695
1393,602556.0,0.0,602556.0,602556.0,11421.8421488117
1394,602087.0,0.0,602087.0,602087.0,11413.722374499514
1395,602184.0,0.0,602184.0,602184.0,11415.378793399723
1396,602008.0,0.0,602008.0,602008.0,11412.319669764891
1397,602204.0,0.0,602204.0,602204.0,11415.686125723882
1398,602539.0,0.0,602539.0,602539.0,11421.453182441182
1399,994399.9999999999,0.0,994399.9999999999,994399.9999999999,16261.225687996899
1400,951173.0,0.0,951173.0,951173.0,16261.1985358951
1401,994399.9999999999,0.0,994399.9999999999,994399.9999999999,16261.171383883953
1402,994399.9999999999,0.0,994399.9999999999,994399.9999999999,16261.144231963463
1403,910046.0,0.0,910046.0,910046.0,16261.11708013363
1404,966074.0,0.0,966074.0,966074.0,16261.089928394453
1405,631594.0,0.0,631594.0,631594.0,11921.557533784877
1406,659038.0,0.0,659038.0,659038.0,12391.211064901221
1407,966154.0,0.0,966154.0,966154.0,16261.010177985607
1408,327265.0,0.0,327265.0,327265.0,6508.1002418207745
1409,421552.0,0.0,421552.0,421552.0,8229.478680790688
1410,580969.0,0.0,580969.0,580969.0,11047.80223243131
1411,593048.0,0.0,593048.0,593048.0,11257.112133655854
1412,593840.0,0.0,593840.0,593840.0,11270.799188642166
1413,600944.0,0.0,600944.0,600944.0,11393.61129272832
1414,599650.0,0.0,599650.0,599650.0,11371.232743196111
1415,578481.0,0.0,578481.0,578481.0,11004.523695978025
1416,439576.0,0.0,439576.0,439576.0,8553.533238330883
1417,309760.0,0.0,309760.0,309760.0,6183.325634644148
1418,149159.99999999997,0.0,149159.99999999997,149159.99999999997,3112.3675796644757
1419,149159.99999999997,0.0,149159.99999999997,149159.99999999997,3112.3623676897964
1420,149159.99999999997,0.0,149159.99999999997,149159.99999999997,3112.3571557324804
1421,149159.99999999997,0.0,149159.99999999997,149159.99999999997,3112.351943792528
1422,155675.0,0.0,155675.0,155675.0,3240.861886353448
1423,466939.0,0.0,466939.0,466939.0,9042.731749169016
1424,989998.0,0.0,989998.0,989998.0,16260.581839746295
1425,994399.9999999999,0.0,994399.9999999999,994399.9999999999,16260.554689794155
1426,994399.9999999999,0.0,994399.9999999999,994399.9999999999,16260.527539932655
1427,994399.9999999999,0.0,994399.9999999999,994399.9999999999,16260.500390161802
1428,994399.9999999999,0.0,994399.9999999999,994399.9999999999,16260.473240481599
1429,994399.9999999999,0.0,994399.9999999999,994399.9999999999,16260.44609089203
1430,994399.9999999999,0.0,994399.9999999999,994399.9999999999,16260.41894139311
1431,994399.9999999999,0.0,994399.9999999999,994399.9999999999,16260.391791984835
1432,994399.9999999999,0.0,994399.9999999999,994399.9999999999,16260.3646426672
1433,839166.0,0.0,839166.0,839166.0,15410.097457054542
1434,531022.0,0.0,531022.0,531022.0,10175.769868708283
1435,602512.0,0.0,602512.0,602512.0,11420.28119439355
1436,602166.0,0.0,602166.0,602166.0,11414.286316045574
1437,602037.0,0.0,602037.0,602037.0,11412.039170696495
1438,602371.0,0.0,602371.0,602371.0,11417.78882575705
1439,588293.0,0.0,588293.0,588293.0,11174.255007132531
1440,506238.0,0.0,506238.0,506238.0,9739.451809223492
1441,430330.0,0.0,430330.0,430330.0,8387.078023850367
1442,228498.0,0.0,228498.0,228498.0,4652.126897407529
1443,149159.99999999997,0.0,149159.99999999997,149159.99999999997,3112.2251866924807
1444,149159.99999999997,0.0,149159.99999999997,149159.99999999997,3112.219975192162
1445,70217.00000000006,0.0,70217.00000000006,70217.00000000006,1473.2728042359895
1446,41835.0,0.0,41835.0,41835.0,875.9600228523018
1447,881870.0,0.0,881870.0,881870.0,14221.034533313043
1448,994399.9999999999,0.0,994399.9999999999,994399.9999999999,16259.16109287668
1449,994399.9999999999,0.0,994399.9999999999,994399.9999999999,16259.13394766714
1450,994399.9999999999,0.0,994399.9999999999,994399.9999999999,16259.10680254822
1451,661804.0,0.0,661804.0,661804.0,12436.85682965971
1452,846922.0,0.0,846922.0,846922.0,15536.584017214527
1453,994399.9999999999,0.0,994399.9999999999,994399.9999999999,16259.026302093795
1454,973409.0,0.0,973409.0,973409.0,16258.99915733424
1455,731071.0,0.0,731071.0,731071.0,13609.681440332919
1456,648867.0,0.0,648867.0,648867.0,12215.840333717983
1457,566525.0,0.0,566525.0,566525.0,10795.353956079212
1458,598639.0,0.0,598639.0,598639.0,11352.35436512418
1459,593160.0,0.0,593160.0,593160.0,11257.581308712082
1460,588783.0,0.0,588783.0,588783.0,11181.78468518905
1461,601007.0,0.0,601007.0,601007.0,11393.214620504015
1462,602517.0,0.0,602517.0,602517.0,11419.276073419456
1463,600176.0,0.0,600176.0,600176.0,11378.820036877154
1464,599570.0,0.0,599570.0,599570.0,11368.330026192096
1465,591199.0,0.0,591199.0,591199.0,11223.527472848424
1466,588532.0,0.0,588532.0,588532.0,11177.32486745353
1467,565626.0,0.0,565626.0,565626.0,10779.522690068237
1468,525182.0,0.0,525182.0,525182.0,10072.115390181718
1469,439776.0,0.0,439776.0,439776.0,8555.903744056783
1470,419670.0,0.0,419670.0,419670.0,8194.262006994488
1471,994399.9999999999,0.0,994399.9999999999,994399.9999999999,16258.555574160133
1472,994399.9999999999,0.0,994399.9999999999,994399.9999999999,16258.528430972017
1473,994399.9999999999,0.0,994399.9999999999,994399.9999999999,16258.501287874522
1474,994399.9999999999,0.0,994399.9999999999,994399.9999999999,16258.474144867634
1475,994399.9999999999,0.0,994399.9999999999,994399.9999999999,16258.447001951357
1476,994399.9999999999,0.0,994399.9999999999,994399.9999999999,16258.41985912569
1477,994399.9999999999,0.0,994399.9999999999,994399.9999999999,16258.392716390634
1478,994399.9999999999,0.0,994399.9999999999,994399.9999999999,16258.365573746183
1479,994399.9999999999,0.0,994399.9999999999,994399.9999999999,16258.338431192344
1480,994399.9999999999,0.0,994399.9999999999,994399.9999999999,16258.311288729115
1481,326919.0,0.0,326919.0,326919.0,6500.521908177508
1482,132000.0,0.0,132000.0,132000.0,2766.106041140781
1483,0.0,0.0,0.0,0.0,-0.0
1484,155707.0,0.0,155707.0,155707.0,2700.5646058889793
1485,181582.0,0.0,181582.0,181582.0,3747.0321979875152
1486,151716.0,0.0,151716.0,151716.0,3162.0100138656076
1487,78340.0,0.0,78340.0,78340.0,1639.9156676620112
1488,141770.0,0.0,141770.0,141770.0,2745.6886471501534
1489,199254.0,0.0,199254.0,199254.0,4089.3990271273738
1490,257017.0,0.0,257017.0,257017.0,5192.819913648747
1491,350694.0,0.0,350694.0,350694.0,6937.928550979584
1492,293319.0,0.0,293319.0,293319.0,5875.073221168716
1493,234339.0,0.0,234339.0,234339.0,4762.3492144021875
1494,340747.0,0.0,340747.0,340747.0,6754.912115413185
1495,994399.9999999999,0.0,994399.9999999999,994399.9999999999,16256.290219343642
1496,994399.9999999999,0.0,994399.9999999999,994399.9999999999,16256.263083716369
1497,994399.9999999999,0.0,994399.9999999999,994399.9999999999,16256.235948179668
1498,994399.9999999999,0.0,994399.9999999999,994399.9999999999,16256.208812733546
1499,994399.9999999999,0.0,994399.9999999999,994399.9999999999,16256.181677377997
1500,994399.9999999999,0.0,994399.9999999999,994399.9999999999,16256.154542113016
1501,994399.9999999999,0.0,994399.9999999999,994399.9999999999,16256.12740693861
1502,994399.9999999999,0.0,994399.9999999999,994399.9999999999,16256.100271854773
1503,994399.9999999999,0.0,994399.9999999999,994399.9999999999,16256.073136861512
1504,852191.0,0.0,852191.0,852191.0,15620.339636734598
1505,845226.0,0.0,845226.0,845226.0,15505.76235581705
1506,602204.0,0.0,602204.0,602204.0,11411.831071436907
1507,601954.0,0.0,601954.0,601954.0,11407.49506422062
1508,597751.0,0.0,597751.0,597751.0,11334.864176244426
1509,602054.0,0.0,602054.0,602054.0,11409.183800004217
1510,602336.0,0.0,602336.0,602336.0,11414.034140264514
1511,602220.0,0.0,602220.0,602220.0,11412.012118190174
1512,602451.0,0.0,602451.0,602451.0,11415.972550676754
1513,602116.0,0.0,602116.0,602116.0,11410.169084849715
1514,602145.0,0.0,602145.0,602145.0,11410.650795221516
1515,587605.0,0.0,587605.0,587605.0,11159.16470621381
1516,602578.0,0.0,602578.0,602578.0,11418.089149654164
1517,595778.0,0.0,595778.0,595778.0,11300.576315522183
1518,600803.0,0.0,600803.0,600803.0,11387.398580002784
1519,600486.0,0.0,600486.0,600486.0,11381.9040604131
1520,547787.0,0.0,547787.0,547787.0,10466.260058626907
1521,725554.0,0.0,725554.0,725554.0,13513.984136160772
1522,994399.9999999999,0.0,994399.9999999999,994399.9999999999,16255.561460929279
1523,692885.0,0.0,692885.0,692885.0,12962.291258527373
1524,813077.0,0.0,813077.0,813077.0,14974.672412495933
1525,994399.9999999999,0.0,994399.9999999999,994399.9999999999,16255.480994651187
1526,994399.9999999999,0.0,994399.9999999999,994399.9999999999,16255.453861724884
1527,706492.0,0.0,706492.0,706492.0,13192.406943872851
1528,994399.9999999999,0.0,994399.9999999999,994399.9999999999,16255.400223190807
1529,853704.0,0.0,853704.0,853704.0,15644.554159640005
1530,602127.0,0.0,602127.0,602127.0,11410.030446871267
1531,602204.0,0.0,602204.0,602204.0,11411.340950788628
1532,601954.0,0.0,601954.0,601954.0,11407.005112415178
1533,601956.0,0.0,601956.0,601956.0,11407.02060794433
1534,602069.0,0.0,602069.0,602069.0,11408.952780375212
1535,602204.0,0.0,602204.0,602204.0,11411.26476515611
1536,602204.0,0.0,602204.0,602204.0,11411.24571845974
1537,602204.0,0.0,602204.0,602204.0,11411.22667182693
1538,602204.0,0.0,602204.0,602204.0,11411.207625257677
1539,602204.0,0.0,602204.0,602204.0,11411.18857875198
1540,602170.0,0.0,602170.0,602170.0,11410.582469554034
1541,601963.0,0.0,601963.0,601963.0,11406.98915954938
1542,652219.0,0.0,652219.0,652219.0,12270.089830692665
1543,994399.9999999999,0.0,994399.9999999999,994399.9999999999,16255.006379000495
1544,994399.9999999999,0.0,994399.9999999999,994399.9999999999,16254.979247658273
1545,994399.9999999999,0.0,994399.9999999999,994399.9999999999,16254.9521164066
1546,994399.9999999999,0.0,994399.9999999999,994399.9999999999,16254.92498524548
1547,994399.9999999999,0.0,994399.9999999999,994399.9999999999,16254.897854174913
1548,994399.9999999999,0.0,994399.9999999999,994399.9999999999,16254.870723194896
1549,994399.9999999999,0.0,994399.9999999999,994399.9999999999,16254.84359230543
1550,994399.9999999999,0.0,994399.9999999999,994399.9999999999,16254.816461506509
1551,994399.9999999999,0.0,994399.9999999999,994399.9999999999,16254.789330798143
1552,994399.9999999999,0.0,994399.9999999999,994399.9999999999,16254.76220018033
1553,709247.0,0.0,709247.0,709247.0,13238.363208048286
1554,579341.0,0.0,579341.0,579341.0,11015.149310932145
1555,593230.0,0.0,593230.0,593230.0,11255.7783372522
1556,583953.0,0.0,583953.0,583953.0,11095.103948475127
1557,602533.0,0.0,602533.0,602533.0,11416.518383904786
1558,602023.0,0.0,602023.0,602023.0,11407.69380621619
1559,602296.0,0.0,602296.0,602296.0,11412.388425378944
1560,602589.0,0.0,602589.0,602589.0,11417.428040416879
1561,601301.0,0.0,601301.0,601301.0,11395.16920979208
1562,601884.0,0.0,601884.0,601884.0,11405.217554503986
1563,599832.0,0.0,599832.0,599832.0,11369.758541016097
1564,592106.0,0.0,592106.0,592106.0,11236.161798401954
1565,580729.0,0.0,580729.0,580729.0,11039.02857873036
1566,614683.0,0.0,614683.0,614683.0,11625.835223937858
1567,994399.9999999999,0.0,994399.9999999999,994399.9999999999,16254.369350624362
1568,994399.9999999999,0.0,994399.9999999999,994399.9999999999,16254.342221408215
1569,994399.9999999999,0.0,994399.9999999999,994399.9999999999,16254.315092282612
1570,994399.9999999999,0.0,994399.9999999999,994399.9999999999,16254.287963247543
1571,994399.9999999999,0.0,994399.9999999999,994399.9999999999,16254.260834303013
1572,994399.9999999999,0.0,994399.9999999999,994399.9999999999,16254.233705449036
1573,994399.9999999999,0.0,994399.9999999999,994399.9999999999,16254.206576685587
1574,979208.0,0.0,979208.0,979208.0,16254.179448012683
1575,494449.0,0.0,494449.0,494449.0,9527.342971495025
1576,772947.0,0.0,772947.0,772947.0,14306.690023978479
1577,217912.0,0.0,217912.0,217912.0,4447.6820140884065
1578,132000.0,0.0,132000.0,132000.0,2765.2884331356954
1579,0.0,0.0,0.0,0.0,-0.0
1580,0.0,0.0,0.0,0.0,-0.0
1581,0.0,0.0,0.0,0.0,-0.0
1582,0.0,0.0,0.0,0.0,-0.0
1583,0.0,0.0,0.0,0.0,-0.0
1584,0.0,0.0,0.0,0.0,-0.0
1585,0.0,0.0,0.0,0.0,-0.0
1586,0.0,0.0,0.0,0.0,-0.0
1587,0.0,0.0,0.0,0.0,-0.0
1588,28996.0,0.0,28996.0,28996.0,502.9930914266715
1589,95818.0,0.0,95818.0,95818.0,1761.8509553091928
1590,195561.0,0.0,195561.0,195561.0,3818.82827976419
1591,932969.0,0.0,932969.0,932969.0,16252.837663907667
1592,994399.9999999999,0.0,994399.9999999999,994399.9999999999,16252.810539803193
1593,994399.9999999999,0.0,994399.9999999999,994399.9999999999,16252.783415789241
1594,994399.9999999999,0.0,994399.9999999999,994399.9999999999,16252.756291865802
1595,994399.9999999999,0.0,994399.9999999999,994399.9999999999,16252.729168032876
1596,994399.9999999999,0.0,994399.9999999999,994399.9999999999,16252.702044290472
1597,994399.9999999999,0.0,994399.9999999999,994399.9999999999,16252.674920638578
1598,994399.9999999999,0.0,994399.9999999999,994399.9999999999,16252.647797077194
1599,814010.0,0.0,814010.0,814010.0,14987.427317877386
1600,630095.0,0.0,630095.0,630095.0,11889.415292002106
1601,181090.0,0.0,181090.0,181090.0,3736.2915645249436
1602,149159.99999999997,0.0,149159.99999999997,149159.99999999997,3110.567935559349
1603,92023.00000000003,0.0,92023.00000000003,92023.00000000003,1927.6182493421875
1604,36640.0,0.0,36640.0,36640.0,766.8224411491954
1605,43655.0,0.0,43655.0,43655.0,892.6319106394059
1606,56132.0,0.0,56132.0,56132.0,1122.720648344354
1607,57807.0,0.0,57807.0,57807.0,1209.4307724855237
1608,96240.0,0.0,96240.0,96240.0,1875.2342602673964
1609,88580.0,0.0,88580.0,88580.0,1853.6679831456363
1610,101529.0,0.0,101529.0,101529.0,2074.03388358927
1611,109796.0,0.0,109796.0,109796.0,2267.291385763775
1612,161620.0,0.0,161620.0,161620.0,3252.1430873075487
1613,142205.0,0.0,142205.0,142205.0,2972.7359908017675
1614,187668.0,0.0,187668.0,187668.0,3863.7658497919033
1615,621276.0,0.0,621276.0,621276.0,11737.024330802296
1616,994399.9999999999,0.0,994399.9999999999,994399.9999999999,16251.353316531835
1617,994399.9999999999,0.0,994399.9999999999,994399.9999999999,16251.32619737991
1618,994399.9999999999,0.0,994399.9999999999,994399.9999999999,16251.299078318478
1619,994399.9999999999,0.0,994399.9999999999,994399.9999999999,16251.271959347534
1620,994399.9999999999,0.0,994399.9999999999,994399.9999999999,16251.244840467083
1621,994399.9999999999,0.0,994399.9999999999,994399.9999999999,16251.217721677123
1622,925712.0,0.0,925712.0,925712.0,16251.19060297765
1623,583634.0,0.0,583634.0,583634.0,11087.091236069555
1624,945617.0,0.0,945617.0,945617.0,16251.137453257168
1625,708127.0,0.0,708127.0,708127.0,13216.433076366948
1626,601269.0,0.0,601269.0,601269.0,11392.109518628677
1627,602568.0,0.0,602568.0,602568.0,11414.515864670951
1628,602104.0,0.0,602104.0,602104.0,11406.487269132009
1629,601975.0,0.0,601975.0,601975.0,11404.241302532073
1630,602071.0,0.0,602071.0,602071.0,11405.879528572617
1631,601945.0,0.0,601945.0,601945.0,11403.685343816649
1632,602039.0,0.0,602039.0,602039.0,11405.289050753097
1633,602030.0,0.0,602030.0,602030.0,11405.114652592885
1634,601947.0,0.0,601947.0,601947.0,11403.662783438402
1635,602480.0,0.0,602480.0,602480.0,11412.84452672629
1636,602388.0,0.0,602388.0,602388.0,11411.237435574323
1637,601950.0,0.0,601950.0,601950.0,11403.657484220537
1638,607220.0,0.0,607220.0,607220.0,11494.563145788774
1639,766673.0,0.0,766673.0,766673.0,14199.0002824301
1640,994399.9999999999,0.0,994399.9999999999,994399.9999999999,16250.717785772924
1641,994399.9999999999,0.0,994399.9999999999,994399.9999999999,16250.6906687416
1642,994399.9999999999,0.0,994399.9999999999,994399.9999999999,16250.663551800757
1643,994399.9999999999,0.0,994399.9999999999,994399.9999999999,16250.636434950397
1644,994399.9999999999,0.0,994399.9999999999,994399.9999999999,16250.609318190513
1645,994399.9999999999,0.0,994399.9999999999,994399.9999999999,16250.582201521109
1646,994399.9999999999,0.0,994399.9999999999,994399.9999999999,16250.555084942187
1647,994399.9999999999,0.0,994399.9999999999,994399.9999999999,16250.52796845374
1648,853065.0,0.0,853065.0,853065.0,15629.346411024002
1649,630270.0,0.0,630270.0,630270.0,11890.813481831447
1650,602204.0,0.0,602204.0,602204.0,11407.787646855602
1651,602204.0,0.0,602204.0,602204.0,11407.768611759768
1652,602029.0,0.0,602029.0,602029.0,11404.72870054155
1653,602454.0,0.0,602454.0,602454.0,11412.045873534533
1654,602426.0,0.0,602426.0,602426.0,11411.54352673084
1655,602189.0,0.0,602189.0,602189.0,11407.433544607218
1656,541927.0,0.0,541927.0,541927.0,10360.214019572279
1657,584683.0,0.0,584683.0,584683.0,11104.632123241548
1658,360746.0,0.0,360746.0,360746.0,7119.401802446045
1659,344499.0,0.0,344499.0,344499.0,6821.2108048385535
1660,601847.0,0.0,601847.0,601847.0,11401.436490360176
1661,487527.0,0.0,487527.0,487527.0,9402.311903229067
1662,512204.0,0.0,512204.0,512204.0,9838.300351770244
1663,486490.0,0.0,486490.0,486490.0,9383.901890805659
1664,534076.0,0.0,534076.0,534076.0,10222.596077539461
1665,433820.0,0.0,433820.0,433820.0,8444.230070299724
1666,317542.0,0.0,317542.0,317542.0,6323.313072393271
1667,324772.0,0.0,324772.0,324772.0,6457.205042819598
1668,630163.0,0.0,630163.0,630163.0,11888.60764785419
1669,988083.0,0.0,988083.0,988083.0,16249.958952735638
1670,994399.9999999999,0.0,994399.9999999999,994399.9999999999,16249.931838236233
1671,994399.9999999999,0.0,994399.9999999999,994399.9999999999,16249.904723827294
1672,994399.9999999999,0.0,994399.9999999999,994399.9999999999,16249.87760950883
1673,752262.0,0.0,752262.0,752262.0,13957.324466447419
1674,579831.0,0.0,579831.0,579831.0,11020.198852357322
1675,589719.0,0.0,589719.0,589719.0,11191.513196928267
1676,601480.0,0.0,601480.0,601480.0,11394.7966582393
1677,602469.0,0.0,602469.0,602469.0,11411.849800017922
1678,602490.0,0.0,602490.0,602490.0,11412.193221373904
1679,602502.0,0.0,602502.0,602502.0,11412.381300115307
1680,600218.0,0.0,600218.0,600218.0,11372.921565183107
1681,597836.0,0.0,597836.0,597836.0,11331.758264113345
1682,593356.0,0.0,593356.0,593356.0,11254.29829456872
1683,572720.0,0.0,572720.0,572720.0,10896.57864649694
1684,516386.0,0.0,516386.0,516386.0,9911.560602132997
1685,349309.0,0.0,349309.0,349309.0,6909.312828683703
1686,366635.0,0.0,366635.0,366635.0,7226.7912809149
1687,994399.9999999999,0.0,994399.9999999999,994399.9999999999,16249.474848843207
1688,994399.9999999999,0.0,994399.9999999999,994399.9999999999,16249.44773595899
1689,994399.9999999999,0.0,994399.9999999999,994399.9999999999,16249.420623165228
1690,994399.9999999999,0.0,994399.9999999999,994399.9999999999,16249.393510461941
1691,994399.9999999999,0.0,994399.9999999999,994399.9999999999,16249.366397849104
1692,994399.9999999999,0.0,994399.9999999999,994399.9999999999,16249.33928532672
1693,994399.9999999999,0.0,994399.9999999999,994399.9999999999,16249.3121728948
1694,994399.9999999999,0.0,994399.9999999999,994399.9999999999,16249.285060553339
1695,994399.9999999999,0.0,994399.9999999999,994399.9999999999,16249.257948302333
1696,994399.9999999999,0.0,994399.9999999999,994399.9999999999,16249.230836141784
1697,575789.0,0.0,575789.0,575789.0,10949.61770253253
1698,153530.0,0.0,153530.0,153530.0,3196.0118211042864
1699,413616.0,0.0,413616.0,413616.0,8079.982425402518
1700,470253.0,0.0,470253.0,470253.0,9094.949042879101
1701,388884.0,0.0,388884.0,388884.0,7632.069693908595
1702,520558.0,0.0,520558.0,520558.0,9984.641529101815
1703,557070.0,0.0,557070.0,557070.0,10623.846650511958
1704,590234.0,0.0,590234.0,590234.0,11199.873106773895
1705,594290.0,0.0,594290.0,594290.0,11270.015050572727
1706,591474.0,0.0,591474.0,591474.0,11221.29182325453
1707,579406.0,0.0,579406.0,579406.0,11012.207658899299
1708,565124.0,0.0,565124.0,565124.0,10764.044134679987
1709,445015.0,0.0,445015.0,445015.0,8644.323719024886
1710,419672.0,0.0,419672.0,419672.0,8189.058562674147
1711,994399.9999999999,0.0,994399.9999999999,994399.9999999999,16248.845415665932
1712,994399.9999999999,0.0,994399.9999999999,994399.9999999999,16248.818304881726
1713,994399.9999999999,0.0,994399.9999999999,994399.9999999999,16248.791194187972
1714,994399.9999999999,0.0,994399.9999999999,994399.9999999999,16248.764083584669
1715,994399.9999999999,0.0,994399.9999999999,994399.9999999999,16248.736973071813
1716,994399.9999999999,0.0,994399.9999999999,994399.9999999999,16248.709862649406
1717,994399.9999999999,0.0,994399.9999999999,994399.9999999999,16248.68275231744
1718,994399.9999999999,0.0,994399.9999999999,994399.9999999999,16248.655642075926
1719,994399.9999999999,0.0,994399.9999999999,994399.9999999999,16248.628531924862
1720,994399.9999999999,0.0,994399.9999999999,994399.9999999999,16248.60142186424
1721,730546.0,0.0,730546.0,730546.0,13591.977873710639
1722,576774.0,0.0,576774.0,576774.0,10966.255000793863
1723,598182.0,0.0,598182.0,598182.0,11336.933159121156
1724,602164.0,0.0,602164.0,602164.0,11405.673713971768
1725,602204.0,0.0,602204.0,602204.0,11406.345083947132
1726,602204.0,0.0,602204.0,602204.0,11406.326053663193
1727,602204.0,0.0,602204.0,602204.0,11406.307023442725
1728,602204.0,0.0,602204.0,602204.0,11406.287993285736
1729,602204.0,0.0,602204.0,602204.0,11406.268963192217
1730,602204.0,0.0,602204.0,602204.0,11406.249933162173
1731,602113.0,0.0,602113.0,602113.0,11404.660250542838
1732,602007.0,0.0,602007.0,602007.0,11402.811635340673
1733,602035.0,0.0,602035.0,602035.0,11403.275901924226
1734,716773.0,0.0,716773.0,716773.0,13359.880531057412
1735,994399.9999999999,0.0,994399.9999999999,994399.9999999999,16248.208204489814
1736,994399.9999999999,0.0,994399.9999999999,994399.9999999999,16248.181095831495
1737,994399.9999999999,0.0,994399.9999999999,994399.9999999999,16248.153987263606
1738,994399.9999999999,0.0,994399.9999999999,994399.9999999999,16248.12687878616
1739,994399.9999999999,0.0,994399.9999999999,994399.9999999999,16248.099770399154
1740,994399.9999999999,0.0,994399.9999999999,994399.9999999999,16248.07266210258
1741,994399.9999999999,0.0,994399.9999999999,994399.9999999999,16248.045553896442
1742,994399.9999999999,0.0,994399.9999999999,994399.9999999999,16248.018445780748
1743,994399.9999999999,0.0,994399.9999999999,994399.9999999999,16247.991337755484
1744,957539.0,0.0,957539.0,957539.0,16247.964229820653
1745,344434.0,0.0,344434.0,344434.0,6818.976638103693
1746,132000.0,0.0,132000.0,132000.0,2764.077515794474
1747,10590.0,0.0,10590.0,10590.0,221.4585799242235
1748,50293.0,0.0,50293.0,50293.0,913.7215091880797
1749,72086.0,0.0,72086.0,72086.0,1437.3147596908818
1750,72086.0,0.0,72086.0,72086.0,1509.1596857681072
1751,88615.0,0.0,88615.0,88615.0,1799.2585986050083
1752,110504.0,0.0,110504.0,110504.0,2227.8201544215676
1753,121728.0,0.0,121728.0,121728.0,2513.763296892333
1754,129280.0,0.0,129280.0,129280.0,2675.054335553622
1755,152660.0,0.0,152660.0,152660.0,3158.7175492745923
1756,195386.0,0.0,195386.0,195386.0,4011.9180002298094
1757,211629.0,0.0,211629.0,211629.0,4324.868915080106
1758,329867.0,0.0,329867.0,329867.0,6549.90614574417
1759,994399.9999999999,0.0,994399.9999999999,994399.9999999999,16246.59755541922
1760,994399.9999999999,0.0,994399.9999999999,994399.9999999999,16246.570452133894
1761,994399.9999999999,0.0,994399.9999999999,994399.9999999999,16246.543348938983
1762,994399.9999999999,0.0,994399.9999999999,994399.9999999999,16246.516245834486
1763,994399.9999999999,0.0,994399.9999999999,994399.9999999999,16246.489142820397
1764,994399.9999999999,0.0,994399.9999999999,994399.9999999999,16246.46203989672
1765,994399.9999999999,0.0,994399.9999999999,994399.9999999999,16246.434937063452
1766,994399.9999999999,0.0,994399.9999999999,994399.9999999999,16246.407834320593
1767,994399.9999999999,0.0,994399.9999999999,994399.9999999999,16246.380731668141
1768,994399.9999999999,0.0,994399.9999999999,994399.9999999999,16246.353629106105
1769,761984.0,0.0,761984.0,761984.0,14116.791124936342
1770,601198.0,0.0,601198.0,601198.0,11387.39958753747
1771,597672.0,0.0,597672.0,597672.0,11326.493142201603
1772,602349.0,0.0,602349.0,602349.0,11407.227071747706
1773,602391.0,0.0,602391.0,602391.0,11407.93283851815
1774,602335.0,0.0,602335.0,602335.0,11406.947413868531
1775,602438.0,0.0,602438.0,602438.0,11408.705849087975
1776,602186.0,0.0,602186.0,602186.0,11404.338007453085
1777,600677.0,0.0,600677.0,600677.0,11378.272940034525
1778,596859.0,0.0,596859.0,596859.0,11312.315311406697
1779,592559.0,0.0,592559.0,592559.0,11237.967602755683
1780,593416.0,0.0,593416.0,593416.0,11252.768331891815
1781,575107.0,0.0,575107.0,575107.0,10935.53609603309
1782,725281.0,0.0,725281.0,725281.0,13501.242170868207
1783,994399.9999999999,0.0,994399.9999999999,994399.9999999999,16245.960486557291
1784,994399.9999999999,0.0,994399.9999999999,994399.9999999999,16245.933385397078
1785,994399.9999999999,0.0,994399.9999999999,994399.9999999999,16245.906284327266
1786,880253.0,0.0,880253.0,880253.0,16070.368053730144
1787,994399.9999999999,0.0,994399.9999999999,994399.9999999999,16245.852117247836
1788,994399.9999999999,0.0,994399.9999999999,994399.9999999999,16245.825016449107
1789,994399.9999999999,0.0,994399.9999999999,994399.9999999999,16245.797915740775
1790,994399.9999999999,0.0,994399.9999999999,994399.9999999999,16245.770815122853
1791,994399.9999999999,0.0,994399.9999999999,994399.9999999999,16245.743714595323
1792,994399.9999999999,0.0,994399.9999999999,994399.9999999999,16245.716614158193
1793,956492.0,0.0,956492.0,956492.0,16245.68951381146
1794,602075.0,0.0,602075.0,602075.0,11402.071718900821
1795,601952.0,0.0,601952.0,601952.0,11399.92998976659
1796,602517.0,0.0,602517.0,602517.0,11409.661146941758
1797,600816.0,0.0,600816.0,600816.0,11380.284466785131
1798,582235.0,0.0,582235.0,582235.0,11058.862568343648
1799,578664.0,0.0,578664.0,578664.0,10996.924296869201
1800,495170.0,0.0,495170.0,495170.0,9534.738863529896
1801,456747.0,0.0,456747.0,456747.0,8852.10683596122
1802,397803.0,0.0,397803.0,397803.0,7792.046227454637
1803,258335.0,0.0,258335.0,258335.0,5213.824278422568
1804,250666.0,0.0,250666.0,250666.0,5068.796949617692
1805,176089.0,0.0,176089.0,176089.0,3637.0663286127688
1806,181649.0,0.0,181649.0,181649.0,3745.2785809366105
1807,187921.0,0.0,187921.0,187921.0,3867.0370425349993
1808,273428.0,0.0,273428.0,273428.0,5498.098956833974
1809,393239.0,0.0,393239.0,393239.0,7709.200478675361
1810,795152.0,0.0,795152.0,795152.0,14668.108140296048
1811,801140.0,0.0,801140.0,801140.0,14767.419770040577
1812,961310.0,0.0,961310.0,961310.0,16245.205771905126
1813,870887.0,0.0,870887.0,870887.0,15916.454483924848
1814,994399.9999999999,0.0,994399.9999999999,994399.9999999999,16245.151639963238
1815,994399.9999999999,0.0,994399.9999999999,994399.9999999999,16245.124541501025
1816,994399.9999999999,0.0,994399.9999999999,994399.9999999999,16245.097443129207
1817,808007.0,0.0,808007.0,808007.0,14881.051875577306
1818,589189.0,0.0,589189.0,589189.0,11178.933779151037
1819,595678.0,0.0,595678.0,595678.0,11291.131730545734
1820,601126.0,0.0,601126.0,601126.0,11385.203966258376
1821,588634.0,0.0,588634.0,588634.0,11169.272576121548
1822,562846.0,0.0,562846.0,562846.0,10721.644084616537
1823,547113.0,0.0,547113.0,547113.0,10447.269613373513
1824,516535.0,0.0,516535.0,516535.0,9911.187602011205
1825,535900.0,0.0,535900.0,535900.0,10251.098885715162
1826,536835.0,0.0,536835.0,536835.0,10267.455929315254
1827,541399.0,0.0,541399.0,541399.0,10347.31500079371
1828,556073.0,0.0,556073.0,556073.0,10603.548346608484
1829,573756.0,0.0,573756.0,573756.0,10911.199066271338
1830,486075.0,0.0,486075.0,486075.0,9373.261405220383
1831,520606.0,0.0,520606.0,520606.0,9982.659357954775
1832,645486.0,0.0,645486.0,645486.0,12146.996893809091
1833,187238.0,0.0,187238.0,187238.0,3853.610791535511
1834,942596.0,0.0,942596.0,942596.0,16244.630850249287
1835,994399.9999999999,0.0,994399.9999999999,994399.9999999999,16244.603753524158
1836,931069.0,0.0,931069.0,931069.0,16244.57665688941
1837,994399.9999999999,0.0,994399.9999999999,994399.9999999999,16244.549560345036
1838,994399.9999999999,0.0,994399.9999999999,994399.9999999999,16244.522463891042
1839,994399.9999999999,0.0,994399.9999999999,994399.9999999999,16244.495367527426
1840,994399.9999999999,0.0,994399.9999999999,994399.9999999999,16244.468271254194
1841,697290.0,0.0,697290.0,697290.0,13027.766518073471
1842,591486.0,0.0,591486.0,591486.0,11218.223134248128
1843,601388.0,0.0,601388.0,601388.0,11389.28702958984
1844,602335.0,0.0,602335.0,602335.0,11405.610509493086
1845,587943.0,0.0,587943.0,587943.0,11156.862402493669
1846,468353.0,0.0,468353.0,468353.0,9058.280731469886
1847,581666.0,0.0,581666.0,581666.0,11048.0973100357
1848,149159.99999999997,0.0,149159.99999999997,149159.99999999997,3108.743273465524
1849,66675.00000000003,0.0,66675.00000000003,66675.00000000003,1395.9407920602007
1850,280854.0,0.0,280854.0,280854.0,5149.9953544662585
1851,602093.0,0.0,602093.0,602093.0,11400.865043881822
1852,602218.0,0.0,602218.0,602218.0,11403.002928098515
1853,602474.0,0.0,602474.0,602474.0,11407.40104962306
1854,781880.0,0.0,781880.0,781880.0,14445.956544547622
1855,994399.9999999999,0.0,994399.9999999999,994399.9999999999,16243.476482037091
1856,994399.9999999999,0.0,994399.9999999999,994399.9999999999,16243.449389161024
1857,994399.9999999999,0.0,994399.9999999999,994399.9999999999,16243.422296375325
1858,994399.9999999999,0.0,994399.9999999999,994399.9999999999,16243.39520367998
1859,994399.9999999999,0.0,994399.9999999999,994399.9999999999,16243.368111074997
1860,994399.9999999999,0.0,994399.9999999999,994399.9999999999,16243.341018560373
1861,994399.9999999999,0.0,994399.9999999999,994399.9999999999,16243.313926136101
1862,994399.9999999999,0.0,994399.9999999999,994399.9999999999,16243.286833802194
1863,737154.0,0.0,737154.0,737154.0,13698.404637079757
1864,988345.0,0.0,988345.0,988345.0,16243.233166723057
1865,516208.0,0.0,516208.0,516208.0,9904.354939958483
1866,356103.0,0.0,356103.0,356103.0,7031.016368398607
1867,599542.0,0.0,599542.0,599542.0,11356.524535819637
1868,602162.0,0.0,602162.0,602162.0,11401.725930972612
1869,602308.0,0.0,602308.0,602308.0,11404.226064118664
1870,601962.0,0.0,601962.0,601962.0,11398.236884356284
1871,600722.0,0.0,600722.0,600722.0,11376.818264772372
1872,602490.0,0.0,602490.0,602490.0,11407.309192178767
1873,602558.0,0.0,602558.0,602558.0,11408.46338845782
1874,597348.0,0.0,597348.0,597348.0,11318.504655021748
1875,594061.0,0.0,594061.0,594061.0,11261.690047889919
1876,602571.0,0.0,602571.0,602571.0,11408.630635303904
1877,602575.0,0.0,602575.0,602575.0,11408.680619835708
1878,620605.0,0.0,620605.0,620605.0,11719.125828462722
1879,647788.0,0.0,647788.0,647788.0,12184.921698307631
1880,589216.0,0.0,589216.0,589216.0,11177.805609380413
1881,196219.0,0.0,196219.0,196219.0,4026.930842304491
1882,626922.0,0.0,626922.0,626922.0,11827.538615191565
1883,994399.9999999999,0.0,994399.9999999999,994399.9999999999,16242.739932492714
1884,994399.9999999999,0.0,994399.9999999999,994399.9999999999,16242.712842073128
1885,994399.9999999999,0.0,994399.9999999999,994399.9999999999,16242.685751743888
1886,994399.9999999999,0.0,994399.9999999999,994399.9999999999,16242.658661504998
1887,994399.9999999999,0.0,994399.9999999999,994399.9999999999,16242.631571356447
1888,994399.9999999999,0.0,994399.9999999999,994399.9999999999,16242.604481298249
1889,820939.0,0.0,820939.0,820939.0,15092.598999890111
1890,562606.0,0.0,562606.0,562606.0,10715.819189742942
1891,583377.0,0.0,583377.0,583377.0,11076.499053475001
1892,602118.0,0.0,602118.0,602118.0,11400.506856203216
1893,602204.0,0.0,602204.0,602204.0,11401.971695252303
1894,601959.0,0.0,601959.0,601959.0,11397.725359021702
1895,601960.0,0.0,601960.0,601960.0,11397.72360523593
1896,591998.0,0.0,591998.0,591998.0,11225.62554751262
1897,591452.0,0.0,591452.0,591452.0,11216.16463458049
1898,579401.0,0.0,579401.0,579401.0,11007.454204105716
1899,578657.0,0.0,578657.0,578657.0,10994.533503667893
1900,600501.0,0.0,600501.0,600501.0,11372.450188815958
1901,602329.0,0.0,602329.0,602329.0,11403.976455661712
1902,617292.0,0.0,617292.0,617292.0,11661.699524620673
1903,994399.9999999999,0.0,994399.9999999999,994399.9999999999,16242.211993134331
1904,805583.0,0.0,805583.0,805583.0,14838.240787472238
1905,994399.9999999999,0.0,994399.9999999999,994399.9999999999,16242.158097643347
1906,994399.9999999999,0.0,994399.9999999999,994399.9999999999,16242.131009164172
1907,994399.9999999999,0.0,994399.9999999999,994399.9999999999,16242.10392077533
1908,994399.9999999999,0.0,994399.9999999999,994399.9999999999,16242.07683247682
1909,994399.9999999999,0.0,994399.9999999999,994399.9999999999,16242.04974426865
1910,994399.9999999999,0.0,994399.9999999999,994399.9999999999,16242.022656150819
1911,994399.9999999999,0.0,994399.9999999999,994399.9999999999,16241.995568123319
1912,994399.9999999999,0.0,994399.9999999999,994399.9999999999,16241.96848018616
1913,321855.0,0.0,321855.0,321855.0,6399.743710933414
1914,277083.0,0.0,277083.0,277083.0,5565.45654758097
1915,390736.0,0.0,390736.0,390736.0,7662.048525589668
1916,398738.0,0.0,398738.0,398738.0,7807.134337395359
1917,424629.0,0.0,424629.0,424629.0,8274.506101625604
1918,346851.0,0.0,346851.0,346851.0,6860.6089100067575
1919,419023.0,0.0,419023.0,419023.0,8173.546621359412
1920,412343.0,0.0,412343.0,412343.0,8053.072875908255
1921,296455.0,0.0,296455.0,296455.0,5927.77905296569
1922,452057.0,0.0,452057.0,452057.0,8766.180427646188
1923,593155.0,0.0,593155.0,593155.0,11245.123528324113
1924,584281.0,0.0,584281.0,584281.0,11091.547906283191
1925,541938.0,0.0,541938.0,541938.0,10354.62276665643
1926,587591.0,0.0,587591.0,587591.0,11148.822615668689
1927,728214.0,0.0,728214.0,728214.0,13546.823991562562
1928,687438.0,0.0,687438.0,687438.0,12858.606354057472
1929,696069.0,0.0,696069.0,696069.0,13004.723661262571
1930,766858.0,0.0,766858.0,766858.0,14193.89086611709
1931,994399.9999999999,0.0,994399.9999999999,994399.9999999999,16241.480772450768
1932,442999.0,0.0,442999.0,442999.0,8604.013207104324
1933,930435.0,0.0,930435.0,930435.0,16241.428277228893
1934,687468.0,0.0,687468.0,687468.0,12858.985502639453
1935,604885.0,0.0,604885.0,604885.0,11447.41256747747
1936,612009.0,0.0,612009.0,612009.0,11570.136194587198
1937,554945.0,0.0,554945.0,554945.0,10581.520664120748
1938,533751.0,0.0,533751.0,533751.0,10211.098093873228
1939,558972.0,0.0,558972.0,558972.0,10651.662896613536
1940,516255.0,0.0,516255.0,516255.0,9903.922807901357
1941,421806.0,0.0,421806.0,421806.0,8223.360851418749
1942,394025.0,0.0,394025.0,394025.0,7721.367837967684
1943,244898.0,0.0,244898.0,244898.0,4958.035164512334
1944,534432.0,0.0,534432.0,534432.0,10222.927242381911
1945,301522.0,0.0,301522.0,301522.0,6021.951554179536
1946,226119.0,0.0,226119.0,226119.0,4600.640292909816
1947,450360.0,0.0,450360.0,450360.0,8735.484293645384
1948,437467.0,0.0,437467.0,437467.0,8504.654031321721
1949,349445.0,0.0,349445.0,349445.0,6907.883583381173
1950,329558.0,0.0,329558.0,329558.0,6541.727434035681
1951,560556.0,0.0,560556.0,560556.0,10679.041873022145
1952,399759.0,0.0,399759.0,399759.0,7825.1474461008265
1953,232881.0,0.0,232881.0,232881.0,4729.5428443172905
1954,149159.99999999997,0.0,149159.99999999997,149159.99999999997,3108.0060404896403
1955,149159.99999999997,0.0,149159.99999999997,149159.99999999997,3108.0008430340517
1956,311127.0,0.0,311127.0,311127.0,6200.422267452753
1957,433214.0,0.0,433214.0,433214.0,8428.226512478142
1958,387284.0,0.0,387284.0,387284.0,7598.805822529931
1959,510318.0,0.0,510318.0,510318.0,9799.112191890672
1960,588013.0,0.0,588013.0,588013.0,11155.506176348537
1961,708323.0,0.0,708323.0,708323.0,13211.092418489214
1962,601307.0,0.0,601307.0,601307.0,11385.1972546534
1963,578860.0,0.0,578860.0,578860.0,10996.88985526493
1964,579148.0,0.0,579148.0,579148.0,11001.86551487466
1965,422373.0,0.0,422373.0,422373.0,8233.240399302404
1966,319583.0,0.0,319583.0,319583.0,6357.102907114839
1967,482572.0,0.0,482572.0,482572.0,9308.62889490954
1968,468916.0,0.0,468916.0,468916.0,9066.065868319305
1969,543552.0,0.0,543552.0,543552.0,10382.087438500539
1970,581790.0,0.0,581790.0,581790.0,11047.555161374206
1971,403746.0,0.0,403746.0,403746.0,7897.052958495058
1972,203293.0,0.0,203293.0,203293.0,4162.715795841823
1973,149159.99999999997,0.0,149159.99999999997,149159.99999999997,3107.9002599261453
1974,353578.0,0.0,353578.0,353578.0,6983.422773746017
1975,500749.0,0.0,500749.0,500749.0,9630.109923707007
1976,298407.0,0.0,298407.0,298407.0,5963.607448605821
1977,994399.9999999999,0.0,994399.9999999999,994399.9999999999,16240.313669178706
1978,994399.9999999999,0.0,994399.9999999999,994399.9999999999,16240.286586850192
1979,994399.9999999999,0.0,994399.9999999999,994399.9999999999,16240.259504611982
1980,994399.9999999999,0.0,994399.9999999999,994399.9999999999,16240.23242246408
1981,994399.9999999999,0.0,994399.9999999999,994399.9999999999,16240.205340406486
1982,994399.9999999999,0.0,994399.9999999999,994399.9999999999,16240.178258439195
1983,994399.9999999999,0.0,994399.9999999999,994399.9999999999,16240.151176562218
1984,994399.9999999999,0.0,994399.9999999999,994399.9999999999,16240.124094775536
1985,975106.0,0.0,975106.0,975106.0,16240.09701307916
1986,601882.0,0.0,601882.0,601882.0,11394.664413434837
1987,601411.0,0.0,601411.0,601411.0,11386.51896187305
1988,602204.0,0.0,602204.0,602204.0,11400.181588767296
1989,601987.0,0.0,601987.0,601987.0,11396.418922451101
1990,584093.0,0.0,584093.0,584093.0,11087.083254069245
1991,602264.0,0.0,602264.0,602264.0,11401.159689941522
1992,584943.0,0.0,584943.0,584943.0,11101.76686057211
1993,601960.0,0.0,601960.0,601960.0,11395.87719740194
1994,602204.0,0.0,602204.0,602204.0,11400.067632921815
1995,601910.0,0.0,601910.0,601910.0,11394.976575952296
1996,602550.0,0.0,602550.0,602550.0,11405.99833506182
1997,348523.0,0.0,348523.0,348523.0,6890.385297559595
1998,908936.0,0.0,908936.0,908936.0,16239.758384335659
1999,994399.9999999999,0.0,994399.9999999999,994399.9999999999,16239.731303858729
2000,994399.9999999999,0.0,994399.9999999999,994399.9999999999,16239.704223472103
2001,994399.9999999999,0.0,994399.9999999999,994399.9999999999,16239.677143175772
2002,994399.9999999999,0.0,994399.9999999999,994399.9999999999,16239.650062969737
2003,994399.9999999999,0.0,994399.9999999999,994399.9999999999,16239.622982853998
2004,994399.9999999999,0.0,994399.9999999999,994399.9999999999,16239.595902828556
2005,994399.9999999999,0.0,994399.9999999999,994399.9999999999,16239.56882289341
2006,994399.9999999999,0.0,994399.9999999999,994399.9999999999,16239.541743048554
2007,994399.9999999999,0.0,994399.9999999999,994399.9999999999,16239.514663294001
2008,994399.9999999999,0.0,994399.9999999999,994399.9999999999,16239.487583629734
2009,994399.9999999999,0.0,994399.9999999999,994399.9999999999,16239.460504055767
2010,565078.0,0.0,565078.0,565078.0,10756.677501377253
2011,576400.0,0.0,576400.0,576400.0,10953.33383455576
2012,582049.0,0.0,582049.0,582049.0,11051.25883911363
2013,601978.0,0.0,601978.0,601978.0,11395.799866244653
2014,602204.0,0.0,602204.0,602204.0,11399.679642915142
2015,602204.0,0.0,602204.0,602204.0,11399.660634856056
2016,601959.0,0.0,601959.0,601959.0,11395.405969051151
2017,602204.0,0.0,602204.0,602204.0,11399.613506504564
2018,602027.0,0.0,602027.0,602027.0,11396.541067558368
2019,602410.0,0.0,602410.0,602410.0,11403.129048779108
2020,602497.0,0.0,602497.0,602497.0,11404.610759298414
2021,599958.0,0.0,599958.0,599958.0,11360.783124149904
2022,938847.0,0.0,938847.0,938847.0,16239.108476925658
2023,994399.9999999999,0.0,994399.9999999999,994399.9999999999,16239.081398615743
2024,994399.9999999999,0.0,994399.9999999999,994399.9999999999,16239.054320396115
2025,994399.9999999999,0.0,994399.9999999999,994399.9999999999,16239.027242266777
2026,994399.9999999999,0.0,994399.9999999999,994399.9999999999,16239.000164227726
2027,994399.9999999999,0.0,994399.9999999999,994399.9999999999,16238.973086278953
2028,994399.9999999999,0.0,994399.9999999999,994399.9999999999,16238.946008420471
2029,994399.9999999999,0.0,994399.9999999999,994399.9999999999,16238.91893065227
2030,994399.9999999999,0.0,994399.9999999999,994399.9999999999,16238.891852974359
2031,994399.9999999999,0.0,994399.9999999999,994399.9999999999,16238.86477538672
2032,994399.9999999999,0.0,994399.9999999999,994399.9999999999,16238.83769788938
2033,856240.0,0.0,856240.0,856240.0,15670.16551518229
2034,283032.0,0.0,283032.0,283032.0,5675.774949473056
2035,583128.0,0.0,583128.0,583128.0,11069.51071715184
2036,596351.0,0.0,596351.0,596351.0,11298.214809285546
2037,602481.0,0.0,602481.0,602481.0,11404.003888919777
2038,602051.0,0.0,602051.0,602051.0,11396.567404866448
2039,598420.0,0.0,598420.0,598420.0,11333.886301260089
2040,594644.0,0.0,594644.0,594644.0,11268.6503675226
2041,579797.0,0.0,579797.0,579797.0,11011.677597633006
2042,546529.0,0.0,546529.0,546529.0,10432.801484861582
2043,488993.0,0.0,488993.0,488993.0,9421.1608313402
2044,488794.0,0.0,488794.0,488794.0,9417.622302019452
2045,393514.0,0.0,393514.0,393514.0,7710.723556082124
2046,674775.0,0.0,674775.0,674775.0,12641.263939573946
2047,994399.9999999999,0.0,994399.9999999999,994399.9999999999,16238.44830373004
2048,994399.9999999999,0.0,994399.9999999999,994399.9999999999,16238.421227621295
2049,994399.9999999999,0.0,994399.9999999999,994399.9999999999,16238.39415160282
2050,994399.9999999999,0.0,994399.9999999999,994399.9999999999,16238.367075674621
2051,994399.9999999999,0.0,994399.9999999999,994399.9999999999,16238.339999836704
2052,994399.9999999999,0.0,994399.9999999999,994399.9999999999,16238.312924089052
2053,994399.9999999999,0.0,994399.9999999999,994399.9999999999,16238.28584843168
2054,994399.9999999999,0.0,994399.9999999999,994399.9999999999,16238.258772864578
2055,994399.9999999999,0.0,994399.9999999999,994399.9999999999,16238.231697387753
2056,994399.9999999999,0.0,994399.9999999999,994399.9999999999,16238.2046220012
2057,406146.0,0.0,406146.0,406146.0,7939.2515892585925
2058,149159.99999999997,0.0,149159.99999999997,149159.99999999997,3107.403265360832
2059,25751.00000000003,0.0,25751.00000000003,25751.00000000003,538.9155882402508
2060,28359.0,0.0,28359.0,28359.0,590.4950666341344
2061,24566.0,0.0,24566.0,24566.0,509.32266124268773
2062,0.0,0.0,0.0,0.0,-0.0
2063,0.0,0.0,0.0,0.0,-0.0
2064,0.0,0.0,0.0,0.0,-0.0
2065,0.0,0.0,0.0,0.0,-0.0
2066,0.0,0.0,0.0,0.0,-0.0
2067,0.0,0.0,0.0,0.0,-0.0
2068,0.0,0.0,0.0,0.0,-0.0
2069,0.0,0.0,0.0,0.0,-0.0
2070,334029.0,0.0,334029.0,334029.0,5518.692028932835
2071,968024.0,0.0,968024.0,968024.0,16236.923537624101
2072,994399.9999999999,0.0,994399.9999999999,994399.9999999999,16236.896466598953
2073,994399.9999999999,0.0,994399.9999999999,994399.9999999999,16236.869395664053
2074,994399.9999999999,0.0,994399.9999999999,994399.9999999999,16236.842324819414
2075,994399.9999999999,0.0,994399.9999999999,994399.9999999999,16236.815254065012
2076,994399.9999999999,0.0,994399.9999999999,994399.9999999999,16236.788183400864
2077,994399.9999999999,0.0,994399.9999999999,994399.9999999999,16236.761112826965
2078,994399.9999999999,0.0,994399.9999999999,994399.9999999999,16236.73404234331
2079,994399.9999999999,0.0,994399.9999999999,994399.9999999999,16236.706971949909
2080,994399.9999999999,0.0,994399.9999999999,994399.9999999999,16236.67990164675
2081,505084.0,0.0,505084.0,505084.0,9704.262883275092
2082,149159.99999999997,0.0,149159.99999999997,149159.99999999997,3107.0679251944466
2083,149159.99999999997,0.0,149159.99999999997,149159.99999999997,3107.0627308592807
2084,149159.99999999997,0.0,149159.99999999997,149159.99999999997,3107.0575365413897
2085,124642.00000000009,0.0,124642.00000000009,124642.00000000009,2610.4301633701284
2086,89959.0,0.0,89959.0,89959.0,1884.473881214049
2087,81195.0,0.0,81195.0,81195.0,1699.7661149593362
2088,47184.0,0.0,47184.0,47184.0,986.3403145795797
2089,35625.0,0.0,35625.0,35625.0,745.8940330678398
2090,25888.0,0.0,25888.0,25888.0,541.5675694363847
2091,36734.0,0.0,36734.0,36734.0,731.3199567301214
2092,32508.0,0.0,32508.0,32508.0,678.4242597159842
2093,22394.0,0.0,22394.0,22394.0,466.5727879791467
2094,278904.0,0.0,278904.0,278904.0,4802.613162659805
2095,866352.0,0.0,866352.0,866352.0,15832.577959128874
2096,994399.9999999999,0.0,994399.9999999999,994399.9999999999,16235.339083595563
2097,994399.9999999999,0.0,994399.9999999999,994399.9999999999,16235.31201785231
2098,994399.9999999999,0.0,994399.9999999999,994399.9999999999,16235.284952199272
2099,994399.9999999999,0.0,994399.9999999999,994399.9999999999,16235.257886636464
2100,994399.9999999999,0.0,994399.9999999999,994399.9999999999,16235.23082116388
2101,994399.9999999999,0.0,994399.9999999999,994399.9999999999,16235.203755781517
2102,994399.9999999999,0.0,994399.9999999999,994399.9999999999,16235.176690489378
2103,994399.9999999999,0.0,994399.9999999999,994399.9999999999,16235.149625287459
2104,865298.0,0.0,865298.0,865298.0,15815.077240593197
2105,561393.0,0.0,561393.0,561393.0,10689.572209627819
2106,388965.0,0.0,388965.0,388965.0,7626.442195712397
2107,520900.0,0.0,520900.0,520900.0,9981.577157587633
2108,498765.0,0.0,498765.0,498765.0,9591.741052234536
2109,531488.0,0.0,531488.0,531488.0,10167.29550813968
2110,343843.0,0.0,343843.0,343843.0,6802.19957112015
2111,325651.0,0.0,325651.0,325651.0,6466.9161360897915
2112,283487.0,0.0,283487.0,283487.0,5682.803418539708
2113,212158.0,0.0,212158.0,212158.0,4331.504896956988
2114,216814.0,0.0,216814.0,216814.0,4420.754996402113
2115,198990.0,0.0,198990.0,198990.0,4078.1809355774926
2116,181427.0,0.0,181427.0,181427.0,3738.2095410132824
2117,178316.0,0.0,178316.0,178316.0,3677.719909778533
2118,294476.0,0.0,294476.0,294476.0,5888.082397426541
2119,864654.0,0.0,864654.0,864654.0,15804.162793819678
2120,888050.0,0.0,888050.0,888050.0,16186.606165929992
2121,869631.0,0.0,869631.0,869631.0,15885.603202443303
2122,994399.9999999999,0.0,994399.9999999999,994399.9999999999,16234.667407184927
2123,994399.9999999999,0.0,994399.9999999999,994399.9999999999,16234.64034368067
2124,994399.9999999999,0.0,994399.9999999999,994399.9999999999,16234.613280266625
2125,658007.0,0.0,658007.0,658007.0,12352.875066445189
2126,663515.0,0.0,663515.0,663515.0,12446.67190326681
2127,624485.0,0.0,624485.0,624485.0,11779.517401701623
2128,994399.9999999999,0.0,994399.9999999999,994399.9999999999,16234.507538503183
2129,888590.0,0.0,888590.0,888590.0,16195.17507686819
2130,586835.0,0.0,586835.0,586835.0,11130.625419799371
2131,347264.0,0.0,347264.0,347264.0,6864.8034939434665
2132,262372.0,0.0,262372.0,262372.0,5286.035042347358
2133,252948.0,0.0,252948.0,252948.0,5108.135668613387
2134,496218.0,0.0,496218.0,496218.0,9546.341470683303
2135,558156.0,0.0,558156.0,558156.0,10632.6922998975
2136,544714.0,0.0,544714.0,544714.0,10398.225975710566
2137,418258.0,0.0,418258.0,418258.0,8155.71904278984
2138,424536.0,0.0,424536.0,424536.0,8268.697534418143
2139,426062.0,0.0,426062.0,426062.0,8296.121204101146
2140,150095.0,0.0,150095.0,150095.0,3124.972067675401
2141,149159.99999999997,0.0,149159.99999999997,149159.99999999997,3106.529187342079
2142,481726.0,0.0,481726.0,481726.0,9289.741360438646
2143,308459.0,0.0,308459.0,308459.0,6148.082659184023
2144,677125.0,0.0,677125.0,677125.0,12677.666430194324
2145,578761.0,0.0,578761.0,578761.0,10990.521824355577
2146,314202.0,0.0,314202.0,314202.0,6254.6206185032215
2147,499303.0,0.0,499303.0,499303.0,9600.62008296506
2148,883188.0,0.0,883188.0,883188.0,16106.535904189259
2149,828274.0,0.0,828274.0,828274.0,15205.551263580957
2150,701338.0,0.0,701338.0,701338.0,13087.546725620454
2151,383658.0,0.0,383658.0,383658.0,7529.459042942735
2152,149159.99999999997,0.0,149159.99999999997,149159.99999999997,3106.467192807132
2153,179543.0,0.0,179543.0,179543.0,3701.3451169093887
2154,279422.0,0.0,279422.0,279422.0,5606.257435195618
2155,343808.0,0.0,343808.0,343808.0,6801.035097484264
2156,70808.00000000006,0.0,70808.00000000006,70808.00000000006,1482.4455860287198
2157,37335.0,0.0,37335.0,37335.0,779.6642904779075
2158,58269.0,0.0,58269.0,58269.0,1143.3345167037398
2159,0.0,0.0,0.0,0.0,-0.0
2160,0.0,0.0,0.0,0.0,-0.0
2161,143203.0,0.0,143203.0,143203.0,2490.4002110452097
2162,0.0,0.0,0.0,0.0,-0.0
2163,30421.0,0.0,30421.0,30421.0,530.7119018676696
2164,58990.0,0.0,58990.0,58990.0,1137.8897567075685
2165,70037.0,0.0,70037.0,70037.0,1414.4564300519448
2166,377538.0,0.0,377538.0,377538.0,6822.004199727971
2167,150119.0,0.0,150119.0,150119.0,3124.7788563575004
2168,282707.0,0.0,282707.0,282707.0,5666.756997394762
2169,358591.0,0.0,358591.0,358591.0,7070.9140203128145
2170,994399.9999999999,0.0,994399.9999999999,994399.9999999999,16231.113538963447
2171,994399.9999999999,0.0,994399.9999999999,994399.9999999999,16231.08648730465
2172,994399.9999999999,0.0,994399.9999999999,994399.9999999999,16231.059435736015
2173,994399.9999999999,0.0,994399.9999999999,994399.9999999999,16231.032384257524
2174,994399.9999999999,0.0,994399.9999999999,994399.9999999999,16231.005332869192
2175,994399.9999999999,0.0,994399.9999999999,994399.9999999999,16230.978281571006
2176,969821.0,0.0,969821.0,969821.0,16230.951230362978
2177,401606.0,0.0,401606.0,401606.0,7853.3763371363675
2178,132000.0,0.0,132000.0,132000.0,2760.736430184165
2179,0.0,0.0,0.0,0.0,-0.0
2180,0.0,0.0,0.0,0.0,-0.0
2181,0.0,0.0,0.0,0.0,-0.0
2182,0.0,0.0,0.0,0.0,-0.0
2183,11051.0,0.0,11051.0,11051.0,191.9393660843906
2184,22723.0,0.0,22723.0,22723.0,433.4662122839995
2185,28576.0,0.0,28576.0,28576.0,574.6365291446501
2186,78708.0,0.0,78708.0,78708.0,1461.4998260151428
2187,199488.0,0.0,199488.0,199488.0,3783.8544236898283
2188,324675.0,0.0,324675.0,324675.0,6446.584441511481
2189,555248.0,0.0,555248.0,555248.0,10578.825819784342
2190,738595.0,0.0,738595.0,738595.0,13710.820924227979
2191,994399.9999999999,0.0,994399.9999999999,994399.9999999999,16229.572995477065
2192,994399.9999999999,0.0,994399.9999999999,994399.9999999999,16229.545948952158
2193,994399.9999999999,0.0,994399.9999999999,994399.9999999999,16229.518902517382
2194,994399.9999999999,0.0,994399.9999999999,994399.9999999999,16229.491856172739
2195,994399.9999999999,0.0,994399.9999999999,994399.9999999999,16229.464809918218
2196,994399.9999999999,0.0,994399.9999999999,994399.9999999999,16229.43776375382
2197,994399.9999999999,0.0,994399.9999999999,994399.9999999999,16229.410717679555
2198,994399.9999999999,0.0,994399.9999999999,994399.9999999999,16229.383671695414
2199,994399.9999999999,0.0,994399.9999999999,994399.9999999999,16229.356625801396
2200,984397.0,0.0,984397.0,984397.0,16229.329579997504
2201,243675.0,0.0,243675.0,243675.0,4930.820145365283
2202,175307.0,0.0,175307.0,175307.0,3617.7419905935058
2203,351998.0,0.0,351998.0,351998.0,6949.271588756146
2204,384317.0,0.0,384317.0,384317.0,7539.088801855491
2205,447508.0,0.0,447508.0,447508.0,8677.733085246902
2206,398899.0,0.0,398899.0,398899.0,7803.493483818454
2207,351998.0,0.0,351998.0,351998.0,6949.22486387561
2208,369046.0,0.0,369046.0,369046.0,7260.996238717081
2209,210487.0,0.0,210487.0,210487.0,4297.709254783386
2210,278180.0,0.0,278180.0,278180.0,5581.167548164957
2211,394047.0,0.0,394047.0,394047.0,7715.558406921624
2212,193426.0,0.0,193426.0,193426.0,3969.140087774563
2213,181908.0,0.0,181908.0,181908.0,3746.0310071103368
2214,549160.0,0.0,549160.0,549160.0,10472.255073712007
2215,616222.0,0.0,616222.0,616222.0,11633.42596701444
2216,349036.0,0.0,349036.0,349036.0,6894.798956514265
2217,149159.99999999997,0.0,149159.99999999997,149159.99999999997,3105.370258629142
2218,276030.0,0.0,276030.0,276030.0,5540.781588474631
2219,656635.0,0.0,656635.0,656635.0,12325.004853023664
2220,767778.0,0.0,767778.0,767778.0,14197.978156410101
2221,994399.9999999999,0.0,994399.9999999999,994399.9999999999,16228.804440733235
2222,782460.0,0.0,782460.0,782460.0,14442.325056179778
2223,731479.0,0.0,731479.0,731479.0,13590.72171609221
2224,608011.0,0.0,608011.0,608011.0,11491.997105345277
2225,277163.0,0.0,277163.0,277163.0,5561.958498415055
2226,149159.99999999997,0.0,149159.99999999997,149159.99999999997,3105.31930058164
2227,575947.0,0.0,575947.0,575947.0,10937.912541934104
2228,469147.0,0.0,469147.0,469147.0,9063.114363268432
2229,426123.0,0.0,426123.0,426123.0,8294.142556336436
2230,377800.0,0.0,377800.0,377800.0,7420.2495249000385
2231,271404.0,0.0,271404.0,271404.0,5453.8285951972275
2232,224511.0,0.0,224511.0,224511.0,4565.968419382918
2233,137562.00000000017,0.0,137562.00000000017,137562.00000000017,2875.908732118003
2234,89342.0,0.0,89342.0,89342.0,1871.110464637318
2235,25711.0,0.0,25711.0,25711.0,537.778117676449
2236,27476.0,0.0,27476.0,27476.0,572.7095114754734
2237,26594.0,0.0,26594.0,26594.0,555.2744311047392
2238,324278.0,0.0,324278.0,324278.0,5564.168087484166
2239,68358.0,0.0,68358.0,68358.0,1427.6944682995359
2240,171631.0,0.0,171631.0,171631.0,3239.304172241686
2241,302635.0,0.0,302635.0,302635.0,6036.843273548105
2242,793737.0,0.0,793737.0,793737.0,14627.785831176105
2243,521268.0,0.0,521268.0,521268.0,9982.693683633288
2244,522285.0,0.0,522285.0,522285.0,10000.528563044843
2245,567279.0,0.0,567279.0,567279.0,10786.13184647089
2246,278287.0,0.0,278287.0,278287.0,5582.271615204607
2247,245798.0,0.0,245798.0,245798.0,4970.16562609654
2248,322629.0,0.0,322629.0,322629.0,6407.476575596568
2249,606163.0,0.0,606163.0,606163.0,11458.636111965881
2250,214465.0,0.0,214465.0,214465.0,4373.243303059697
2251,177255.0,0.0,177255.0,177255.0,3654.970209980256
2252,369522.0,0.0,369522.0,369522.0,7268.435049329147
2253,483872.0,0.0,483872.0,483872.0,9323.142285559103
2254,302158.0,0.0,302158.0,302158.0,6027.838607923061
2255,478682.0,0.0,478682.0,478682.0,9231.13186959638
2256,335849.0,0.0,335849.0,335849.0,6651.292427412767
2257,316152.0,0.0,316152.0,316152.0,6287.535927496058
2258,251576.0,0.0,251576.0,251576.0,5079.418253264071
2259,439772.0,0.0,439772.0,439772.0,8537.74526160483
2260,327505.0,0.0,327505.0,327505.0,6497.416626291984
2261,361075.0,0.0,361075.0,361075.0,7114.074987637541
2262,225751.0,0.0,225751.0,225751.0,4588.9341570759125
2263,334316.0,0.0,334316.0,334316.0,6622.980570455408
2264,698256.0,0.0,698256.0,698256.0,13029.143421379747
2265,434493.0,0.0,434493.0,434493.0,8443.076258694773
2266,994399.9999999999,0.0,994399.9999999999,994399.9999999999,16226.20628390208
2267,994399.9999999999,0.0,994399.9999999999,994399.9999999999,16226.17924859331
2268,994399.9999999999,0.0,994399.9999999999,994399.9999999999,16226.152213374606
2269,994399.9999999999,0.0,994399.9999999999,994399.9999999999,16226.125178245977
2270,994399.9999999999,0.0,994399.9999999999,994399.9999999999,16226.098143207415
2271,994399.9999999999,0.0,994399.9999999999,994399.9999999999,16226.071108258924
2272,994399.9999999999,0.0,994399.9999999999,994399.9999999999,16226.044073400504
2273,634216.0,0.0,634216.0,634216.0,11939.881891605903
2274,356048.0,0.0,356048.0,356048.0,7021.9444697019435
2275,457111.0,0.0,457111.0,457111.0,8847.28897845607
2276,337228.0,0.0,337228.0,337228.0,6676.449373615515
2277,378342.0,0.0,378342.0,378342.0,7428.800801420977
2278,589915.0,0.0,589915.0,589915.0,11177.764882164736
2279,523008.0,0.0,523008.0,523008.0,10012.63848892205
2280,465248.0,0.0,465248.0,465248.0,8992.128820669193
2281,198154.0,0.0,198154.0,198154.0,4059.5048513872016
2282,168106.0,0.0,168106.0,168106.0,3476.431235297304
2283,149159.99999999997,0.0,149159.99999999997,149159.99999999997,3104.680080203176
2284,149159.99999999997,0.0,149159.99999999997,149159.99999999997,3104.6748938059827
2285,133023.00000000006,0.0,133023.00000000006,133023.00000000006,2780.0157112989436
2286,197635.0,0.0,197635.0,197635.0,4024.4897298190263
2287,786737.0,0.0,786737.0,786737.0,14510.540135158735
2288,955828.0,0.0,955828.0,955828.0,16225.602160129398
2289,994399.9999999999,0.0,994399.9999999999,994399.9999999999,16225.575126833139
2290,994399.9999999999,0.0,994399.9999999999,994399.9999999999,16225.54809362694
2291,994399.9999999999,0.0,994399.9999999999,994399.9999999999,16225.521060510802
2292,994399.9999999999,0.0,994399.9999999999,994399.9999999999,16225.494027484723
2293,994399.9999999999,0.0,994399.9999999999,994399.9999999999,16225.466994548713
2294,994399.9999999999,0.0,994399.9999999999,994399.9999999999,16225.439961702761
2295,994399.9999999999,0.0,994399.9999999999,994399.9999999999,16225.412928946864
2296,652932.0,0.0,652932.0,652932.0,12259.169348791505
2297,516375.0,0.0,516375.0,516375.0,9895.833911950052
2298,340871.0,0.0,340871.0,340871.0,6743.193297149432
2299,468652.0,0.0,468652.0,468652.0,9052.351496920197
2300,410585.0,0.0,410585.0,410585.0,8012.607124278156
2301,246124.0,0.0,246124.0,246124.0,4975.856063828003
2302,411980.0,0.0,411980.0,411980.0,8037.740533822015
2303,425234.0,0.0,425234.0,425234.0,8276.316277005422
2304,405702.0,0.0,405702.0,405702.0,7924.414309844628
2305,420668.0,0.0,420668.0,420668.0,8194.187435775466
2306,334353.0,0.0,334353.0,334353.0,6623.151180517767
2307,415783.0,0.0,415783.0,415783.0,8106.216099226573
2308,149159.99999999997,0.0,149159.99999999997,149159.99999999997,3104.5300325737244
2309,149159.99999999997,0.0,149159.99999999997,149159.99999999997,3104.5248466751164
2310,263822.0,0.0,263822.0,263822.0,5309.9619782511545
2311,969846.0,0.0,969846.0,969846.0,16225.011537613127
2312,994399.9999999999,0.0,994399.9999999999,994399.9999999999,16224.9845062845
2313,887974.0,0.0,887974.0,887974.0,16175.628463636423
2314,944282.0,0.0,944282.0,944282.0,16224.930453649114
2315,994399.9999999999,0.0,994399.9999999999,994399.9999999999,16224.90342259061
2316,994399.9999999999,0.0,994399.9999999999,994399.9999999999,16224.87639162216
2317,994399.9999999999,0.0,994399.9999999999,994399.9999999999,16224.84936074376
2318,994399.9999999999,0.0,994399.9999999999,994399.9999999999,16224.822329955405
2319,994399.9999999999,0.0,994399.9999999999,994399.9999999999,16224.7952992571
2320,994399.9999999999,0.0,994399.9999999999,994399.9999999999,16224.768268648848
2321,620063.0,0.0,620063.0,620063.0,11696.270780999977
2322,325340.0,0.0,325340.0,325340.0,6456.728194205012
2323,522346.0,0.0,522346.0,522346.0,10000.260178441156
2324,494179.0,0.0,494179.0,494179.0,9504.312212846282
2325,553426.0,0.0,553426.0,553426.0,10543.685893891494
2326,536141.0,0.0,536141.0,536141.0,10241.905748819676
2327,467587.0,0.0,467587.0,467587.0,9032.991274662125
2328,467226.0,0.0,467226.0,467226.0,9026.557454448797
2329,521513.0,0.0,521513.0,521513.0,9985.541177326086
2330,525948.0,0.0,525948.0,525948.0,10063.326902529134
2331,497247.0,0.0,497247.0,497247.0,9558.378936314306
2332,468826.0,0.0,468826.0,468826.0,9054.941296986895
2333,283333.0,0.0,283333.0,283333.0,5675.879946577206
2334,676926.0,0.0,676926.0,676926.0,12666.510570095388
2335,994399.9999999999,0.0,994399.9999999999,994399.9999999999,16224.383264088332
2336,994399.9999999999,0.0,994399.9999999999,994399.9999999999,16224.356234852692
2337,994399.9999999999,0.0,994399.9999999999,994399.9999999999,16224.3292057071
2338,994399.9999999999,0.0,994399.9999999999,994399.9999999999,16224.30217665154
2339,994399.9999999999,0.0,994399.9999999999,994399.9999999999,16224.275147686029
2340,994399.9999999999,0.0,994399.9999999999,994399.9999999999,16224.248118810556
2341,994399.9999999999,0.0,994399.9999999999,994399.9999999999,16224.22109002512
2342,994399.9999999999,0.0,994399.9999999999,994399.9999999999,16224.194061329723
2343,994399.9999999999,0.0,994399.9999999999,994399.9999999999,16224.167032724368
2344,946903.0,0.0,946903.0,946903.0,16224.140004209052
2345,850609.0,0.0,850609.0,850609.0,15563.551147940774
2346,523851.0,0.0,523851.0,523851.0,10026.273605573895
2347,586068.0,0.0,586068.0,586068.0,11109.940977330822
2348,590622.0,0.0,590622.0,590622.0,11188.651497371697
2349,593022.0,0.0,593022.0,593022.0,11230.092051659609
2350,594850.0,0.0,594850.0,594850.0,11261.636761962644
2351,602174.0,0.0,602174.0,602174.0,11387.952400206375
2352,601892.0,0.0,601892.0,601892.0,11383.063753331991
2353,602311.0,0.0,602311.0,602311.0,11390.26660238182
2354,602404.0,0.0,602404.0,602404.0,11391.85046889348
2355,602586.0,0.0,602586.0,602586.0,11394.96813513803
2356,600916.0,0.0,600916.0,600916.0,11366.163261566424
2357,602346.0,0.0,602346.0,602346.0,11390.793931642354
2358,846219.0,0.0,846219.0,846219.0,15491.135365512755
2359,670302.0,0.0,670302.0,670302.0,12553.511098430828
2360,638810.0,0.0,638810.0,638810.0,12016.724433676918
2361,928285.0,0.0,928285.0,928285.0,16223.68259135828
2362,838822.0,0.0,838822.0,838822.0,15369.458009836871
2363,994399.9999999999,0.0,994399.9999999999,994399.9999999999,16223.62870785882
2364,994399.9999999999,0.0,994399.9999999999,994399.9999999999,16223.601681136739
2365,994399.9999999999,0.0,994399.9999999999,994399.9999999999,16223.574654504691
2366,839316.0,0.0,839316.0,839316.0,15377.479353541403
2367,722970.0,0.0,722970.0,722970.0,13443.341388304672
2368,591936.0,0.0,591936.0,591936.0,11210.964833216774
2369,539691.0,0.0,539691.0,539691.0,10303.216615589494
2370,475617.0,0.0,475617.0,475617.0,9174.936281665336
2371,574459.0,0.0,574459.0,574459.0,10908.436018072214
2372,587202.0,0.0,587202.0,587202.0,11129.074890959739
2373,589256.0,0.0,589256.0,589256.0,11164.56519132709
2374,598922.0,0.0,598922.0,598922.0,11331.434277857528
2375,602198.0,0.0,602198.0,602198.0,11387.897017792682
2376,598228.0,0.0,598228.0,598228.0,11319.426088520737
2377,590572.0,0.0,590572.0,590572.0,11187.232706961277
2378,599902.0,0.0,599902.0,599902.0,11348.259150595726
2379,601124.0,0.0,601124.0,601124.0,11369.308873702616
2380,602572.0,0.0,602572.0,602572.0,11394.247764653595
2381,601800.0,0.0,601800.0,601800.0,11380.923537279665
2382,899229.0,0.0,899229.0,899229.0,16223.131218491058
2383,824725.0,0.0,824725.0,824725.0,15136.795593913326
2384,743383.0,0.0,743383.0,743383.0,13785.40346864582
2385,880580.0,0.0,880580.0,880580.0,16053.095911321345
2386,994399.9999999999,0.0,994399.9999999999,994399.9999999999,16223.023863626364
2387,994399.9999999999,0.0,994399.9999999999,994399.9999999999,16222.996838919049
2388,994399.9999999999,0.0,994399.9999999999,994399.9999999999,16222.969814301765
2389,994399.9999999999,0.0,994399.9999999999,994399.9999999999,16222.94278977449
2390,994399.9999999999,0.0,994399.9999999999,994399.9999999999,16222.915765337235
2391,994399.9999999999,0.0,994399.9999999999,994399.9999999999,16222.888740989994
2392,920158.0,0.0,920158.0,920158.0,16222.861716732774
2393,646495.0,0.0,646495.0,646495.0,12147.361608840847
2394,454761.0,0.0,454761.0,454761.0,8803.559982110048
2395,546949.0,0.0,546949.0,546949.0,10429.499272246117
2396,560183.0,0.0,560183.0,560183.0,10660.035589989857
2397,520203.0,0.0,520203.0,520203.0,9961.378564402821
2398,565310.0,0.0,565310.0,565310.0,10749.134063430158
2399,602294.0,0.0,602294.0,602294.0,11389.089680949355
2400,598808.0,0.0,598808.0,598808.0,11328.970650696185
2401,602235.0,0.0,602235.0,602235.0,11388.034947036109
2402,601979.0,0.0,601979.0,601979.0,11383.603941496582
2403,593295.0,0.0,593295.0,593295.0,11233.7747765815
2404,599651.0,0.0,599651.0,599651.0,11343.432925207644
2405,602032.0,0.0,602032.0,602032.0,11384.460535479762
2406,637705.0,0.0,637705.0,637705.0,11996.90055876031
2407,595056.0,0.0,595056.0,595056.0,11264.10206818252
2408,752359.0,0.0,752359.0,752359.0,13934.997802940634
2409,994399.9999999999,0.0,994399.9999999999,994399.9999999999,16222.419199632748
2410,808246.0,0.0,808246.0,808246.0,14864.019159971662
2411,882040.0,0.0,882040.0,882040.0,16076.24767327791
2412,693261.0,0.0,693261.0,693261.0,12941.503856912168
2413,646776.0,0.0,646776.0,646776.0,12151.754728157364
2414,624254.0,0.0,624254.0,624254.0,11766.353964882457
2415,578038.0,0.0,578038.0,578038.0,10969.656896846484
2416,660943.0,0.0,660943.0,660943.0,12393.176896737366
2417,349310.0,0.0,349310.0,349310.0,6896.72361133887
2418,206497.0,0.0,206497.0,206497.0,4219.04580052988
2419,305808.0,0.0,305808.0,305808.0,6093.899243480089
2420,442809.0,0.0,442809.0,442809.0,8589.704993163696
2421,550608.0,0.0,550608.0,550608.0,10492.85644850935
2422,497942.0,0.0,497942.0,497942.0,9569.150134916408
2423,580221.0,0.0,580221.0,580221.0,11007.326091806593
2424,539647.0,0.0,539647.0,539647.0,10301.490584413616
2425,578082.0,0.0,578082.0,578082.0,10970.24000631792
2426,571073.0,0.0,571073.0,571073.0,10848.69591813042
2427,586032.0,0.0,586032.0,586032.0,11107.816269025705
2428,574948.0,0.0,574948.0,574948.0,10915.869787584865
2429,476888.0,0.0,476888.0,476888.0,9196.559502660315
2430,810374.0,0.0,810374.0,810374.0,14898.725337353508
2431,994399.9999999999,0.0,994399.9999999999,994399.9999999999,16221.849715744263
2432,994399.9999999999,0.0,994399.9999999999,994399.9999999999,16221.82269494788
2433,994399.9999999999,0.0,994399.9999999999,994399.9999999999,16221.795674241508
2434,994399.9999999999,0.0,994399.9999999999,994399.9999999999,16221.768653625124
2435,994399.9999999999,0.0,994399.9999999999,994399.9999999999,16221.741633098742
2436,994399.9999999999,0.0,994399.9999999999,994399.9999999999,16221.714612662356
2437,994399.9999999999,0.0,994399.9999999999,994399.9999999999,16221.687592315971
2438,994399.9999999999,0.0,994399.9999999999,994399.9999999999,16221.660572059585
2439,994399.9999999999,0.0,994399.9999999999,994399.9999999999,16221.633551893192
2440,994399.9999999999,0.0,994399.9999999999,994399.9999999999,16221.606531816795
2441,392918.0,0.0,392918.0,392918.0,7691.281811232346
2442,149159.99999999997,0.0,149159.99999999997,149159.99999999997,3103.7543490351286
2443,101848.00000000003,0.0,101848.00000000003,101848.00000000003,2129.0283617724835
2444,279790.0,0.0,279790.0,279790.0,5366.253618584975
2445,73354.0,0.0,73354.0,73354.0,1531.6784069115224
2446,195684.0,0.0,195684.0,195684.0,3688.8420294264215
2447,148132.0,0.0,148132.0,148132.0,3083.2789875519
2448,309057.0,0.0,309057.0,309057.0,6153.554461443894
2449,337050.0,0.0,337050.0,337050.0,6670.757084223439
2450,309307.0,0.0,309307.0,309307.0,6158.172108980146
2451,352738.0,0.0,352738.0,352738.0,6958.75909370551
2452,379880.0,0.0,379880.0,379880.0,7454.0788789985645
2453,362152.0,0.0,362152.0,362152.0,7130.959552175694
2454,891119.0,0.0,891119.0,891119.0,16220.41798284585
2455,994399.9999999999,0.0,994399.9999999999,994399.9999999999,16220.390966815808
2456,994399.9999999999,0.0,994399.9999999999,994399.9999999999,16220.363950875746
2457,994399.9999999999,0.0,994399.9999999999,994399.9999999999,16220.336935025654
2458,994399.9999999999,0.0,994399.9999999999,994399.9999999999,16220.30991926554
2459,994399.9999999999,0.0,994399.9999999999,994399.9999999999,16220.282903595402
2460,994399.9999999999,0.0,994399.9999999999,994399.9999999999,16220.255888015236
2461,994399.9999999999,0.0,994399.9999999999,994399.9999999999,16220.228872525044
2462,882984.0,0.0,882984.0,882984.0,16089.504717758864
2463,994399.9999999999,0.0,994399.9999999999,994399.9999999999,16220.174867663733
2464,994399.9999999999,0.0,994399.9999999999,994399.9999999999,16220.147852443375
2465,467444.0,0.0,467444.0,467444.0,9027.81007194445
2466,149159.99999999997,0.0,149159.99999999997,149159.99999999997,3103.433686819682
2467,360046.0,0.0,360046.0,360046.0,7092.295094098353
2468,494385.0,0.0,494385.0,494385.0,9505.092203589496
2469,525838.0,0.0,525838.0,525838.0,10058.471794461477
2470,513649.0,0.0,513649.0,513649.0,9844.483556705187
2471,585628.0,0.0,585628.0,585628.0,11099.41524447852
2472,602112.0,0.0,602112.0,602112.0,11383.95837617783
2473,400359.0,0.0,400359.0,400359.0,7825.112239184002
2474,304239.0,0.0,304239.0,304239.0,6063.821485694912
2475,149159.99999999997,0.0,149159.99999999997,149159.99999999997,3103.3837530624073
2476,276094.0,0.0,276094.0,276094.0,5538.576058426252
2477,602491.0,0.0,602491.0,602491.0,11390.398631066875
2478,604482.0,0.0,604482.0,604482.0,11424.677750191648
2479,623851.0,0.0,623851.0,623851.0,11757.551474637357
2480,532930.0,0.0,532930.0,532930.0,10182.505502029288
2481,582486.0,0.0,582486.0,582486.0,11044.87826575975
2482,994399.9999999999,0.0,994399.9999999999,994399.9999999999,16219.690396332535
2483,994399.9999999999,0.0,994399.9999999999,994399.9999999999,16219.663382725637
2484,994399.9999999999,0.0,994399.9999999999,994399.9999999999,16219.636369208698
2485,994399.9999999999,0.0,994399.9999999999,994399.9999999999,16219.609355781724
2486,994399.9999999999,0.0,994399.9999999999,994399.9999999999,16219.58234244471
2487,484955.0,0.0,484955.0,484955.0,9338.070905929964
2488,182151.0,0.0,182151.0,182151.0,3748.264984089611
2489,382428.0,0.0,382428.0,382428.0,7499.910153667882
2490,149159.99999999997,0.0,149159.99999999997,149159.99999999997,3103.298619121774
2491,132230.00000000003,0.0,132230.00000000003,132230.00000000003,2763.0745472244535
2492,51297.0,0.0,51297.0,51297.0,1072.3188601659385
2493,37843.0,0.0,37843.0,37843.0,789.0272847640883
2494,30007.0,0.0,30007.0,30007.0,628.1880964233948
2495,70559.0,0.0,70559.0,70559.0,1335.513017951605
2496,85109.0,0.0,85109.0,85109.0,1728.3523622913344
2497,64411.0,0.0,64411.0,64411.0,1348.657369915411
2498,87174.0,0.0,87174.0,87174.0,1750.239447821248
2499,140389.0,0.0,140389.0,140389.0,2749.1454305220677
2500,33701.0,0.0,33701.0,33701.0,701.2674967980847
2501,48243.0,0.0,48243.0,48243.0,950.276179314006
2502,395355.0,0.0,395355.0,395355.0,6874.402900181389
2503,836335.0,0.0,836335.0,836335.0,15322.516339937094
2504,338989.0,0.0,338989.0,338989.0,6704.963139380011
2505,155591.0,0.0,155591.0,155591.0,3229.3100826936843
2506,307902.0,0.0,307902.0,307902.0,6130.743880312905
2507,367030.0,0.0,367030.0,367030.0,7218.468809189182
2508,605423.0,0.0,605423.0,605423.0,11438.976241152264
2509,585202.0,0.0,585202.0,585202.0,11090.049885051292
2510,475241.0,0.0,475241.0,475241.0,9164.488544794915
2511,844148.0,0.0,844148.0,844148.0,15450.74284005591
2512,373346.0,0.0,373346.0,373346.0,7333.522654101459
2513,305917.0,0.0,305917.0,305917.0,6093.824968346831
2514,354260.0,0.0,354260.0,354260.0,6985.020093885972
2515,501311.0,0.0,501311.0,501311.0,9625.403226997114
2516,494742.0,0.0,494742.0,494742.0,9509.50063343762
2517,546335.0,0.0,546335.0,546335.0,10414.868358327707
2518,528281.0,0.0,528281.0,528281.0,10099.265101637015
2519,585269.0,0.0,585269.0,585269.0,11091.02657252763
2520,601407.0,0.0,601407.0,601407.0,11369.570726209033
2521,495379.0,0.0,495379.0,495379.0,9520.658474192845
2522,563647.0,0.0,563647.0,563647.0,10716.169581170701
2523,495110.0,0.0,495110.0,495110.0,9515.877957496772
2524,545736.0,0.0,545736.0,545736.0,10404.289066113779
2525,571766.0,0.0,571766.0,571766.0,10857.060861179141
2526,760383.0,0.0,760383.0,760383.0,14063.945278172707
2527,392868.0,0.0,392868.0,392868.0,7687.881823302412
2528,485091.0,0.0,485091.0,485091.0,9338.716584439668
2529,708889.0,0.0,708889.0,708889.0,13200.584990974563
2530,994399.9999999999,0.0,994399.9999999999,994399.9999999999,16216.612845662969
2531,956335.0,0.0,956335.0,956335.0,16216.58584230267
2532,994399.9999999999,0.0,994399.9999999999,994399.9999999999,16216.558839032277
2533,962362.0,0.0,962362.0,962362.0,16216.531835851805
2534,855412.0,0.0,855412.0,855412.0,15634.979651815695
2535,954734.0,0.0,954734.0,954734.0,16216.477945261153
2536,646130.0,0.0,646130.0,646130.0,12136.198753660248
2537,336590.0,0.0,336590.0,336590.0,6660.451540305824
2538,312526.0,0.0,312526.0,312526.0,6216.135532793896
2539,277599.0,0.0,277599.0,277599.0,5565.466374971845
2540,429090.0,0.0,429090.0,429090.0,8340.707464196747
2541,444277.0,0.0,444277.0,444277.0,8612.670678190101
2542,550090.0,0.0,550090.0,550090.0,10479.89558169207
2543,437299.0,0.0,437299.0,437299.0,8487.806283837423
2544,463649.0,0.0,463649.0,463649.0,8958.048457627938
2545,396483.0,0.0,396483.0,396483.0,7753.092955744637
2546,376018.0,0.0,376018.0,376018.0,7381.726457551313
2547,380869.0,0.0,380869.0,380869.0,7469.92471732938
2548,325523.0,0.0,325523.0,325523.0,6456.386742653683
2549,254051.0,0.0,254051.0,254051.0,5122.584823041095
2550,417925.0,0.0,417925.0,417925.0,8139.949478154686
2551,670041.0,0.0,670041.0,670041.0,12542.981159766254
2552,610114.0,0.0,610114.0,610114.0,11518.856662579623
2553,994399.9999999999,0.0,994399.9999999999,994399.9999999999,16216.02194107091
2554,982363.0,0.0,982363.0,982363.0,16215.99493967809
2555,994399.9999999999,0.0,994399.9999999999,994399.9999999999,16215.967938375174
2556,994399.9999999999,0.0,994399.9999999999,994399.9999999999,16215.940937162164
2557,994399.9999999999,0.0,994399.9999999999,994399.9999999999,16215.91393603905
2558,994399.9999999999,0.0,994399.9999999999,994399.9999999999,16215.886935005845
2559,608607.0,0.0,608607.0,608607.0,11492.796533555416
2560,672279.0,0.0,672279.0,672279.0,12580.787417954236
2561,830367.0,0.0,830367.0,830367.0,15222.873879941582
2562,451767.0,0.0,451767.0,451767.0,8746.110051416541
2563,569791.0,0.0,569791.0,569791.0,10822.111255049816
2564,594433.0,0.0,594433.0,594433.0,11248.483962441625
2565,588220.0,0.0,588220.0,588220.0,11141.177671248066
2566,602492.0,0.0,602492.0,602492.0,11387.394196009584
2567,599149.0,0.0,599149.0,599149.0,11329.767253334627
2568,596035.0,0.0,596035.0,596035.0,11276.048969232546
2569,594671.0,0.0,594671.0,594671.0,11252.497215475109
2570,587428.0,0.0,587428.0,587428.0,11127.397960438302
2571,589847.0,0.0,589847.0,589847.0,11169.175570946374
2572,584012.0,0.0,584012.0,584012.0,11068.300522545225
2573,601414.0,0.0,601414.0,601414.0,11368.689857292964
2574,994399.9999999999,0.0,994399.9999999999,994399.9999999999,16215.470063587056
2575,994399.9999999999,0.0,994399.9999999999,994399.9999999999,16215.443064031713
2576,994399.9999999999,0.0,994399.9999999999,994399.9999999999,16215.41606456626
2577,760838.0,0.0,760838.0,760838.0,14070.364491139055
2578,994399.9999999999,0.0,994399.9999999999,994399.9999999999,16215.362499123441
2579,994399.9999999999,0.0,994399.9999999999,994399.9999999999,16215.335499926228
2580,884106.0,0.0,884106.0,884106.0,16102.945875402016
2581,994399.9999999999,0.0,994399.9999999999,994399.9999999999,16215.281524012991
2582,800400.0,0.0,800400.0,800400.0,14727.618430484512
2583,994399.9999999999,0.0,994399.9999999999,994399.9999999999,16215.227824505604
2584,608014.0,0.0,608014.0,608014.0,11482.109766477064
2585,641334.0,0.0,641334.0,641334.0,12053.322930252089
2586,589511.0,0.0,589511.0,589511.0,11163.085357133114
2587,595380.0,0.0,595380.0,595380.0,11264.385802180368
2588,601630.0,0.0,601630.0,601630.0,11372.120555352714
2589,599226.0,0.0,599226.0,599226.0,11330.672738728586
2590,580206.0,0.0,580206.0,580206.0,11002.107445544108
2591,584185.0,0.0,584185.0,584185.0,11070.934902144834
2592,563846.0,0.0,563846.0,563846.0,10718.365837075567
2593,581312.0,0.0,581312.0,581312.0,11021.194869400695
2594,602077.0,0.0,602077.0,602077.0,11379.708087732848
2595,602563.0,0.0,602563.0,602563.0,11388.061012895925
2596,594117.0,0.0,594117.0,594117.0,11242.424742253748
2597,419695.0,0.0,419695.0,419695.0,8171.1256658095435
2598,644154.0,0.0,644154.0,644154.0,12101.2240042308
2599,393640.0,0.0,393640.0,393640.0,7700.904990014442
2600,736582.0,0.0,736582.0,736582.0,13664.342753143963
2601,743307.0,0.0,743307.0,743307.0,13776.933202025406
2602,722206.0,0.0,722206.0,722206.0,13423.068048622084
2603,601007.0,0.0,601007.0,601007.0,11361.102847151213
2604,869071.0,0.0,869071.0,869071.0,15856.814711433073
2605,791189.0,0.0,791189.0,791189.0,14574.455978930262
2606,517744.0,0.0,517744.0,517744.0,9912.9833150536
2607,616359.0,0.0,616359.0,616359.0,11625.112408858791
2608,609331.0,0.0,609331.0,609331.0,11504.305789577227
2609,561790.0,0.0,561790.0,561790.0,10682.333628996505
2610,153213.0,0.0,153213.0,153213.0,3181.965368727124
2611,438194.0,0.0,438194.0,438194.0,8502.837725812578
2612,602333.0,0.0,602333.0,602333.0,11383.77837131295
2613,602215.0,0.0,602215.0,602215.0,11381.726777989097
2614,602447.0,0.0,602447.0,602447.0,11385.704155300866
2615,599176.0,0.0,599176.0,599176.0,11329.321928079382
2616,599939.0,0.0,599939.0,599939.0,11342.454043927508
2617,592054.0,0.0,592054.0,592054.0,11206.424816100822
2618,565926.0,0.0,565926.0,565926.0,10754.026919314903
2619,528112.0,0.0,528112.0,528112.0,10094.576942201431
2620,467947.0,0.0,467947.0,467947.0,9033.290172875411
2621,430309.0,0.0,430309.0,430309.0,8361.415280899708
2622,994326.0,0.0,994326.0,994326.0,16214.217352421927
2623,994399.9999999999,0.0,994399.9999999999,994399.9999999999,16214.190357037241
2624,994399.9999999999,0.0,994399.9999999999,994399.9999999999,16214.163361742438
2625,994399.9999999999,0.0,994399.9999999999,994399.9999999999,16214.136366537497
2626,994399.9999999999,0.0,994399.9999999999,994399.9999999999,16214.109371422435
2627,994399.9999999999,0.0,994399.9999999999,994399.9999999999,16214.082376397242
2628,994399.9999999999,0.0,994399.9999999999,994399.9999999999,16214.05538146192
2629,994399.9999999999,0.0,994399.9999999999,994399.9999999999,16214.02838661647
2630,994399.9999999999,0.0,994399.9999999999,994399.9999999999,16214.001391860891
2631,994399.9999999999,0.0,994399.9999999999,994399.9999999999,16213.974397195176
2632,994399.9999999999,0.0,994399.9999999999,994399.9999999999,16213.947402619331
2633,577823.0,0.0,577823.0,577823.0,10960.054606585547
2634,363906.0,0.0,363906.0,363906.0,7159.868770996384
2635,391978.0,0.0,391978.0,391978.0,7670.322663509901
2636,583803.0,0.0,583803.0,583803.0,11063.493320947991
2637,588923.0,0.0,588923.0,588923.0,11151.975051183323
2638,600980.0,0.0,600980.0,600980.0,11359.971696248644
2639,602104.0,0.0,602104.0,602104.0,11379.316876604098
2640,602192.0,0.0,602192.0,602192.0,11380.81378144566
2641,602041.0,0.0,602041.0,602041.0,11378.193764704993
2642,602185.0,0.0,602185.0,602185.0,11380.655313402636
2643,601957.0,0.0,601957.0,601957.0,11376.708895923386
2644,602128.0,0.0,602128.0,602128.0,11379.635575272925
2645,602017.0,0.0,602017.0,602017.0,11377.704579305457
2646,994399.9999999999,0.0,994399.9999999999,994399.9999999999,16213.584783465367
2647,994399.9999999999,0.0,994399.9999999999,994399.9999999999,16213.557790186584
2648,994399.9999999999,0.0,994399.9999999999,994399.9999999999,16213.530796997662
2649,994399.9999999999,0.0,994399.9999999999,994399.9999999999,16213.503803898604
2650,994399.9999999999,0.0,994399.9999999999,994399.9999999999,16213.476810889399
2651,994399.9999999999,0.0,994399.9999999999,994399.9999999999,16213.44981797006
2652,994399.9999999999,0.0,994399.9999999999,994399.9999999999,16213.422825140588
2653,994399.9999999999,0.0,994399.9999999999,994399.9999999999,16213.395832400964
2654,994399.9999999999,0.0,994399.9999999999,994399.9999999999,16213.368839751209
2655,994399.9999999999,0.0,994399.9999999999,994399.9999999999,16213.341847191306
2656,985047.0,0.0,985047.0,985047.0,16213.314854721266
2657,435223.0,0.0,435223.0,435223.0,8448.963116527158
2658,149159.99999999997,0.0,149159.99999999997,149159.99999999997,3101.931916074332
2659,67449.00000000003,0.0,67449.00000000003,67449.00000000003,1408.471700984624
2660,8511.0,0.0,8511.0,8511.0,172.8897928783757
2661,23063.0,0.0,23063.0,23063.0,419.22826884901605
2662,35445.0,0.0,35445.0,35445.0,688.3022719130149
2663,26322.0,0.0,26322.0,26322.0,549.4222868229319
2664,81370.0,0.0,81370.0,81370.0,1505.644068658313
2665,146340.0,0.0,146340.0,146340.0,2839.4380657221477
2666,370182.0,0.0,370182.0,370182.0,7273.398301194814
2667,584409.0,0.0,584409.0,584409.0,11072.620631074795
2668,600528.0,0.0,600528.0,600528.0,11350.818851035789
2669,580175.0,0.0,580175.0,580175.0,10999.340734473459
2670,994399.9999999999,0.0,994399.9999999999,994399.9999999999,16211.865105305274
2671,994399.9999999999,0.0,994399.9999999999,994399.9999999999,16211.83811775121
2672,762530.0,0.0,762530.0,762530.0,14095.419559282858
2673,994399.9999999999,0.0,994399.9999999999,994399.9999999999,16211.784570106278
2674,394838.0,0.0,394838.0,394838.0,7721.030690971326
2675,766793.0,0.0,766793.0,766793.0,14166.384947784
2676,857876.0,0.0,857876.0,857876.0,15670.702484732283
2677,994399.9999999999,0.0,994399.9999999999,994399.9999999999,16211.67903646155
2678,994399.9999999999,0.0,994399.9999999999,994399.9999999999,16211.65204952685
2679,994399.9999999999,0.0,994399.9999999999,994399.9999999999,16211.625062681982
2680,994399.9999999999,0.0,994399.9999999999,994399.9999999999,16211.598075926946
2681,504673.0,0.0,504673.0,504673.0,9681.216855230497
2682,271458.0,0.0,271458.0,271458.0,5448.528584686428
2683,472052.0,0.0,472052.0,472052.0,9104.552009295507
2684,509325.0,0.0,509325.0,509325.0,9763.036221746159
2685,504718.0,0.0,504718.0,504718.0,9681.94554911934
2686,535276.0,0.0,535276.0,535276.0,10218.061823117076
2687,481413.0,0.0,481413.0,481413.0,9270.4259186095
2688,536743.0,0.0,536743.0,536743.0,10243.662245850031
2689,585658.0,0.0,585658.0,585658.0,11093.794919688931
2690,579750.0,0.0,579750.0,579750.0,10991.5879363443
2691,573339.0,0.0,573339.0,573339.0,10880.529796613588
2692,562050.0,0.0,562050.0,562050.0,10684.598159146824
2693,485575.0,0.0,485575.0,485575.0,9343.979579150147
2694,421114.0,0.0,421114.0,421114.0,8194.673966147422
2695,994399.9999999999,0.0,994399.9999999999,994399.9999999999,16211.20087616803
2696,938089.0,0.0,938089.0,938089.0,16211.173890824926
2697,714655.0,0.0,714655.0,714655.0,13293.08121152798
2698,893938.0,0.0,893938.0,893938.0,16211.120514985849
2699,994399.9999999999,0.0,994399.9999999999,994399.9999999999,16211.093529910235
2700,994399.9999999999,0.0,994399.9999999999,994399.9999999999,16211.06654492444
2701,978410.0,0.0,978410.0,978410.0,16211.039560028472
2702,994399.9999999999,0.0,994399.9999999999,994399.9999999999,16211.012575222312
2703,496153.0,0.0,496153.0,496153.0,9530.681711391086
2704,845177.0,0.0,845177.0,845177.0,15461.741199182045
2705,504148.0,0.0,504148.0,504148.0,9671.5706845315
2706,296855.0,0.0,296855.0,296855.0,5922.866371687836
2707,533372.0,0.0,533372.0,533372.0,10184.397438976843
2708,452520.0,0.0,452520.0,452520.0,8756.712261962562
2709,564724.0,0.0,564724.0,564724.0,10730.74048615631
2710,449468.0,0.0,449468.0,449468.0,8702.24055560825
2711,485540.0,0.0,485540.0,485540.0,9343.073409262639
2712,363609.0,0.0,363609.0,363609.0,7152.948065409236
2713,230318.0,0.0,230318.0,230318.0,4670.982083660056
2714,216888.0,0.0,216888.0,216888.0,4414.7909601631045
2715,182763.0,0.0,182763.0,182763.0,3757.8122849542306
2716,311300.0,0.0,311300.0,311300.0,6191.014406747866
2717,291415.0,0.0,291415.0,291415.0,5821.424907627053
2718,433696.0,0.0,433696.0,433696.0,8420.120792817881
2719,475602.0,0.0,475602.0,475602.0,9166.963100791183
2720,536911.0,0.0,536911.0,536911.0,10246.052859576832
2721,591114.0,0.0,591114.0,591114.0,11187.456920839797
2722,664703.0,0.0,664703.0,664703.0,12447.877808108979
2723,738576.0,0.0,738576.0,738576.0,13694.040888251786
2724,994399.9999999999,0.0,994399.9999999999,994399.9999999999,16210.454041978728
2725,263066.0,0.0,263066.0,263066.0,5290.44808017504
2726,226422.0,0.0,226422.0,226422.0,4596.690539134739
2727,402434.0,0.0,402434.0,402434.0,7857.655195331612
2728,219500.0,0.0,219500.0,219500.0,4464.6071997581075
2729,442850.0,0.0,442850.0,442850.0,8583.775028162307
2730,364684.0,0.0,364684.0,364684.0,7172.35013551996
2731,301704.0,0.0,301704.0,301704.0,6012.79148576149
2732,238870.0,0.0,238870.0,238870.0,4833.306283912203
2733,428972.0,0.0,428972.0,428972.0,8335.22692731486
2734,425425.0,0.0,425425.0,425425.0,8271.561419021096
2735,400818.0,0.0,400818.0,400818.0,7828.358924091344
2736,407465.0,0.0,407465.0,407465.0,7948.343271398032
2737,328189.0,0.0,328189.0,328189.0,6502.942959401932
2738,396044.0,0.0,396044.0,396044.0,7742.0059124817835
2739,282161.0,0.0,282161.0,282161.0,5648.439520063748
2740,503078.0,0.0,503078.0,503078.0,9652.174570617219
2741,302331.0,0.0,302331.0,302331.0,6024.340376754629
2742,910264.0,0.0,910264.0,910264.0,16210.004971574606
2743,617790.0,0.0,617790.0,617790.0,11646.240828469472
2744,895810.0,0.0,895810.0,895810.0,16209.951959087708
2745,739735.0,0.0,739735.0,739735.0,13712.968272349772
2746,994399.9999999999,0.0,994399.9999999999,994399.9999999999,16209.898502978247
2747,985956.0,0.0,985956.0,985956.0,16209.871521970004
2748,994399.9999999999,0.0,994399.9999999999,994399.9999999999,16209.844541051556
2749,994399.9999999999,0.0,994399.9999999999,994399.9999999999,16209.817560222911
2750,994399.9999999999,0.0,994399.9999999999,994399.9999999999,16209.790579484066
2751,994399.9999999999,0.0,994399.9999999999,994399.9999999999,16209.76359883502
2752,994399.9999999999,0.0,994399.9999999999,994399.9999999999,16209.736618275778
2753,495602.0,0.0,495602.0,495602.0,9520.168205680737
2754,248174.0,0.0,248174.0,248174.0,5009.31850416834
2755,536008.0,0.0,536008.0,536008.0,10229.676150778314
2756,593883.0,0.0,593883.0,593883.0,11234.598354884083
2757,600009.0,0.0,600009.0,600009.0,11340.197688674447
2758,601888.0,0.0,601888.0,601888.0,11372.54627105324
2759,602544.0,0.0,602544.0,602544.0,11383.82440209421
2760,602296.0,0.0,602296.0,602296.0,11379.53481326523
2761,602559.0,0.0,602559.0,602559.0,11384.044809118872
2762,602590.0,0.0,602590.0,602590.0,11384.559674215156
2763,602419.0,0.0,602419.0,602419.0,11381.596117412862
2764,601128.0,0.0,601128.0,601128.0,11359.342733568676
2765,605589.0,0.0,605589.0,605589.0,11436.127540160538
2766,994399.9999999999,0.0,994399.9999999999,994399.9999999999,16209.37443279645
2767,994399.9999999999,0.0,994399.9999999999,994399.9999999999,16209.347453532439
2768,994399.9999999999,0.0,994399.9999999999,994399.9999999999,16209.320474358212
2769,994399.9999999999,0.0,994399.9999999999,994399.9999999999,16209.293495273787
2770,994399.9999999999,0.0,994399.9999999999,994399.9999999999,16209.266516279147
2771,792166.0,0.0,792166.0,792166.0,14585.723720441263
2772,732238.0,0.0,732238.0,732238.0,13586.755981751689
2773,491154.0,0.0,491154.0,491154.0,9441.323788287524
2774,464018.0,0.0,464018.0,464018.0,8960.450705004543
2775,359857.0,0.0,359857.0,359857.0,7083.663732207438
2776,655891.0,0.0,655891.0,655891.0,12296.88303965745
2777,321074.0,0.0,321074.0,321074.0,6371.182485181294
2778,149159.99999999997,0.0,149159.99999999997,149159.99999999997,3101.0082480412134
2779,164402.0,0.0,164402.0,164402.0,3400.006706404155
2780,337891.0,0.0,337891.0,337891.0,6681.059449654023
2781,386695.0,0.0,386695.0,386695.0,7572.095468897659
2782,290807.0,0.0,290807.0,290807.0,5809.430376419862
2783,223499.0,0.0,223499.0,223499.0,4540.503268931162
2784,167456.0,0.0,167456.0,167456.0,3459.6251508302316
2785,164481.0,0.0,164481.0,164481.0,3401.5157900425393
2786,149159.99999999997,0.0,149159.99999999997,149159.99999999997,3100.96581118747
2787,149159.99999999997,0.0,149159.99999999997,149159.99999999997,3100.9606371251934
2788,86162.00000000009,0.0,86162.00000000009,86162.00000000009,1800.337052100144
2789,73043.0,0.0,73043.0,73043.0,1524.2813706309892
2790,481359.0,0.0,481359.0,481359.0,8524.467292046575
2791,865293.0,0.0,865293.0,865293.0,15788.696183813014
2792,994399.9999999999,0.0,994399.9999999999,994399.9999999999,16208.180708711669
2793,994399.9999999999,0.0,994399.9999999999,994399.9999999999,16208.15373341907
2794,994399.9999999999,0.0,994399.9999999999,994399.9999999999,16208.126758216245
2795,994399.9999999999,0.0,994399.9999999999,994399.9999999999,16208.099783103193
2796,994399.9999999999,0.0,994399.9999999999,994399.9999999999,16208.072808079916
2797,994399.9999999999,0.0,994399.9999999999,994399.9999999999,16208.045833146403
2798,994399.9999999999,0.0,994399.9999999999,994399.9999999999,16208.018858302657
2799,994399.9999999999,0.0,994399.9999999999,994399.9999999999,16207.991883548688
2800,994399.9999999999,0.0,994399.9999999999,994399.9999999999,16207.964908884487
2801,580012.0,0.0,580012.0,580012.0,10993.725135304008
2802,330079.0,0.0,330079.0,330079.0,6536.803458936081
2803,561381.0,0.0,561381.0,561381.0,10670.63975712532
2804,344020.0,0.0,344020.0,344020.0,6793.107210115742
2805,480438.0,0.0,480438.0,480438.0,9250.995367651602
2806,368508.0,0.0,368508.0,368508.0,7240.882772335036
2807,220538.0,0.0,220538.0,220538.0,4483.637687834086
2808,149159.99999999997,0.0,149159.99999999997,149159.99999999997,3100.7231187934635
2809,149159.99999999997,0.0,149159.99999999997,149159.99999999997,3100.7179455363607
2810,149159.99999999997,0.0,149159.99999999997,149159.99999999997,3100.712772296429
2811,51453.00000000009,0.0,51453.00000000009,51453.00000000009,1074.6189340592252
2812,29750.0,0.0,29750.0,29750.0,622.6631285301085
2813,44833.0,0.0,44833.0,44833.0,885.8318546015909
2814,101262.0,0.0,101262.0,101262.0,1921.5029525719683
2815,380169.0,0.0,380169.0,380169.0,7130.867511933062
2816,454358.0,0.0,454358.0,454358.0,8787.094538749025
2817,810224.0,0.0,810224.0,810224.0,14882.169608116219
2818,640365.0,0.0,640365.0,640365.0,12030.246658233697
2819,487786.0,0.0,487786.0,487786.0,9380.257471185998
2820,617196.0,0.0,617196.0,617196.0,11633.54602941258
2821,801819.0,0.0,801819.0,801819.0,14743.141152662965
2822,677458.0,0.0,677458.0,677458.0,12661.211079562054
2823,412118.0,0.0,412118.0,412118.0,8030.2991864474525
2824,245939.0,0.0,245939.0,245939.0,4965.963550207242
2825,64781.0,0.0,64781.0,64781.0,1354.9613700966124
2826,31958.0,0.0,31958.0,31958.0,666.4100259798752
2827,0.0,0.0,0.0,0.0,-0.0
2828,7515.0,0.0,7515.0,7515.0,128.12808642016319
2829,32865.0,0.0,32865.0,32865.0,589.2297191136041
2830,0.0,0.0,0.0,0.0,-0.0
2831,0.0,0.0,0.0,0.0,-0.0
2832,58571.0,0.0,58571.0,58571.0,1017.3573808724014
2833,43107.0,0.0,43107.0,43107.0,898.0757913448017
2834,82497.0,0.0,82497.0,82497.0,1578.4948510827548
2835,92118.0,0.0,92118.0,92118.0,1887.6198142334397
2836,83738.0,0.0,83738.0,83738.0,1746.4846440698982
2837,224365.0,0.0,224365.0,224365.0,4246.667949439472
2838,637325.0,0.0,637325.0,637325.0,11976.841473280545
2839,965244.0,0.0,965244.0,965244.0,16204.720075301373
2840,994399.9999999999,0.0,994399.9999999999,994399.9999999999,16204.693111524633
2841,994399.9999999999,0.0,994399.9999999999,994399.9999999999,16204.666147837608
2842,575670.0,0.0,575670.0,575670.0,10916.239602905312
2843,486584.0,0.0,486584.0,486584.0,9357.769414301914
2844,854259.0,0.0,854259.0,854259.0,15604.55177976504
2845,817318.0,0.0,817318.0,817318.0,14997.269468486105
2846,696327.0,0.0,696327.0,696327.0,12978.71232952934
2847,994399.9999999999,0.0,994399.9999999999,994399.9999999999,16204.507977746009
2848,559179.0,0.0,559179.0,559179.0,10630.033160165953
2849,343499.0,0.0,343499.0,343499.0,6781.997117380417
2850,149159.99999999997,0.0,149159.99999999997,149159.99999999997,3099.9909582606806
2851,26102.00000000003,0.0,26102.00000000003,26102.00000000003,544.7937296289596
2852,122767.0,0.0,122767.0,122767.0,2224.0209131883266
2853,141155.0,0.0,141155.0,141155.0,2887.4685391496073
2854,165338.0,0.0,165338.0,165338.0,3416.943163670939
2855,180827.0,0.0,180827.0,180827.0,3718.363895522207
2856,157176.0,0.0,157176.0,157176.0,3257.2228979619344
2857,122386.0,0.0,122386.0,122386.0,2554.3795004947874
2858,98180.0,0.0,98180.0,98180.0,2048.376922579535
2859,63370.0,0.0,63370.0,63370.0,1321.233533620447
2860,108146.0,0.0,108146.0,108146.0,2095.3100049536833
2861,101530.0,0.0,101530.0,101530.0,2119.9948015805053
2862,519098.0,0.0,519098.0,519098.0,9500.415315705442
2863,576124.0,0.0,576124.0,576124.0,10922.618480810539
2864,520246.0,0.0,520246.0,520246.0,9949.066684358875
2865,796674.0,0.0,796674.0,796674.0,14654.224989057984
2866,994399.9999999999,0.0,994399.9999999999,994399.9999999999,16202.45208057064
2867,837462.0,0.0,837462.0,837462.0,15326.874409627673
2868,920713.0,0.0,920713.0,920713.0,16202.398342448387
2869,592392.0,0.0,592392.0,592392.0,11203.64641460109
2870,561533.0,0.0,561533.0,561533.0,10669.466634506689
2871,550194.0,0.0,550194.0,550194.0,10472.246986747728
2872,698739.0,0.0,698739.0,698739.0,13017.574731148023
2873,407287.0,0.0,407287.0,407287.0,7940.985209615043
2874,346564.0,0.0,346564.0,346564.0,6837.196909031025
2875,594185.0,0.0,594185.0,594185.0,11234.460330116011
2876,299986.0,0.0,299986.0,299986.0,5977.5832633543905
2877,458379.0,0.0,458379.0,458379.0,8856.061685558523
2878,533034.0,0.0,533034.0,533034.0,10172.72386765642
2879,559595.0,0.0,559595.0,559595.0,10635.640272764618
2880,401152.0,0.0,401152.0,401152.0,7830.194224768131
2881,573866.0,0.0,573866.0,573866.0,10883.190225336202
2882,586102.0,0.0,586102.0,586102.0,11094.826943915605
2883,592652.0,0.0,592652.0,592652.0,11207.874051324417
2884,602250.0,0.0,602250.0,602250.0,11373.242888379516
2885,594558.0,0.0,594558.0,594558.0,11240.707390713958
2886,689591.0,0.0,689591.0,689591.0,12862.809450173401
2887,788517.0,0.0,788517.0,788517.0,14518.570931903992
2888,942725.0,0.0,942725.0,942725.0,16201.882933740373
2889,994399.9999999999,0.0,994399.9999999999,994399.9999999999,16201.855979400394
2890,908221.0,0.0,908221.0,908221.0,16201.829025150088
2891,994399.9999999999,0.0,994399.9999999999,994399.9999999999,16201.802070989437
2892,825784.0,0.0,825784.0,825784.0,15134.173171474737
2893,349819.0,0.0,349819.0,349819.0,6896.605377486214
2894,910114.0,0.0,910114.0,910114.0,16201.72353811662
2895,324821.0,0.0,324821.0,324821.0,6437.162966818539
2896,209253.0,0.0,209253.0,209253.0,4265.899366472867
2897,149159.99999999997,0.0,149159.99999999997,149159.99999999997,3099.379566008539
2898,150048.0,0.0,150048.0,150048.0,3116.8478262995295
2899,97670.00000000003,0.0,97670.00000000003,97670.00000000003,2038.0673586617859
2900,258576.0,0.0,258576.0,258576.0,4946.019120756224
2901,387775.0,0.0,387775.0,387775.0,7587.759222738851
2902,544510.0,0.0,544510.0,544510.0,10372.445970345372
2903,382227.0,0.0,382227.0,382227.0,7487.119983433443
2904,0.0,0.0,0.0,0.0,-0.0
2905,56377.0,0.0,56377.0,56377.0,980.905237042995
2906,0.0,0.0,0.0,0.0,-0.0
2907,0.0,0.0,0.0,0.0,-0.0
2908,103329.0,0.0,103329.0,103329.0,1795.9722592553794
2909,18639.0,0.0,18639.0,18639.0,385.353787980986
2910,88287.0,0.0,88287.0,88287.0,1588.519758229678
2911,56163.0,0.0,56163.0,56163.0,1172.6717316874247
2912,473159.0,0.0,473159.0,473159.0,8216.571538611204
2913,565973.0,0.0,565973.0,565973.0,10743.837833731028
2914,508545.0,0.0,508545.0,508545.0,9741.02019752808
2915,659995.0,0.0,659995.0,659995.0,12358.293837408666
2916,994399.9999999999,0.0,994399.9999999999,994399.9999999999,16198.355948527562
2917,994399.9999999999,0.0,994399.9999999999,994399.9999999999,16198.329005920134
2918,994399.9999999999,0.0,994399.9999999999,994399.9999999999,16198.302063402318
2919,994399.9999999999,0.0,994399.9999999999,994399.9999999999,16198.275120974107
2920,316859.0,0.0,316859.0,316859.0,6288.6684222961385
2921,378871.0,0.0,378871.0,378871.0,7424.730548656865
2922,159483.0,0.0,159483.0,159483.0,3301.226113256579
2923,149159.99999999997,0.0,149159.99999999997,149159.99999999997,3098.6164525890504
2924,148353.00000000003,0.0,148353.00000000003,148353.00000000003,3082.7284863741556
2925,19023.0,0.0,19023.0,19023.0,392.83597425851025
2926,127984.0,0.0,127984.0,127984.0,2277.925980357627
2927,157505.0,0.0,157505.0,157505.0,3222.008472868912
2928,183724.0,0.0,183724.0,183724.0,3772.839004246838
2929,318144.0,0.0,318144.0,318144.0,6311.894953856863
2930,398266.0,0.0,398266.0,398266.0,7775.431397601598
2931,312359.0,0.0,312359.0,312359.0,6204.898250408108
2932,166235.0,0.0,166235.0,166235.0,3432.894925126582
2933,203010.0,0.0,203010.0,203010.0,4144.720737167249
2934,405564.0,0.0,405564.0,405564.0,7907.10214077019
2935,351086.0,0.0,351086.0,351086.0,6917.5457944553455
2936,421922.0,0.0,421922.0,421922.0,8201.407624539564
2937,307690.0,0.0,307690.0,307690.0,6118.363192326123
2938,381443.0,0.0,381443.0,381443.0,7470.719676755424
2939,478575.0,0.0,478575.0,478575.0,9211.337910534101
2940,414269.0,0.0,414269.0,414269.0,8063.80846615636
2941,619129.0,0.0,619129.0,619129.0,11659.335371586874
2942,645271.0,0.0,645271.0,645271.0,12106.297065023986
2943,678545.0,0.0,678545.0,678545.0,12671.678839217911
2944,598370.0,0.0,598370.0,598370.0,11302.553701481325
2945,947854.0,0.0,947854.0,947854.0,16196.622059352923
2946,567417.0,0.0,567417.0,567417.0,10767.608225375494
2947,517598.0,0.0,517598.0,517598.0,9898.804014254247
2948,572532.0,0.0,572532.0,572532.0,10856.218754557232
2949,492812.0,0.0,492812.0,492812.0,9462.780316821578
2950,579287.0,0.0,579287.0,579287.0,10973.096573342173
2951,586942.0,0.0,586942.0,586942.0,11105.357847781164
2952,590967.0,0.0,590967.0,590967.0,11174.802558440188
2953,602159.0,0.0,602159.0,602159.0,11367.61353277302
2954,594970.0,0.0,594970.0,594970.0,11243.787948145407
2955,589542.0,0.0,589542.0,589542.0,11150.161340802777
2956,589542.0,0.0,589542.0,589542.0,11150.14279991409
2957,624053.0,0.0,624053.0,624053.0,11743.405083182972
2958,994399.9999999999,0.0,994399.9999999999,994399.9999999999,16196.285249567778
2959,994399.9999999999,0.0,994399.9999999999,994399.9999999999,16196.258313846332
2960,994399.9999999999,0.0,994399.9999999999,994399.9999999999,16196.231378214457
2961,994399.9999999999,0.0,994399.9999999999,994399.9999999999,16196.204442672155
2962,994399.9999999999,0.0,994399.9999999999,994399.9999999999,16196.177507219427
2963,994399.9999999999,0.0,994399.9999999999,994399.9999999999,16196.150571856273
2964,994399.9999999999,0.0,994399.9999999999,994399.9999999999,16196.123636582694
2965,994399.9999999999,0.0,994399.9999999999,994399.9999999999,16196.09670139868
2966,994399.9999999999,0.0,994399.9999999999,994399.9999999999,16196.069766304247
2967,994399.9999999999,0.0,994399.9999999999,994399.9999999999,16196.042831299379
2968,994399.9999999999,0.0,994399.9999999999,994399.9999999999,16196.015896384082
2969,446928.0,0.0,446928.0,446928.0,8648.472006714206
2970,149159.99999999997,0.0,149159.99999999997,149159.99999999997,3098.13060983743
2971,128877.00000000003,0.0,128877.00000000003,128877.00000000003,2691.99900062223
2972,174868.0,0.0,174868.0,174868.0,3578.5550423665127
2973,77740.0,0.0,77740.0,77740.0,1621.347604878035
2974,545181.0,0.0,545181.0,545181.0,9612.022338138471
2975,580079.0,0.0,580079.0,580079.0,10985.947586724464
2976,602019.0,0.0,602019.0,602019.0,11364.370563348317
2977,602401.0,0.0,602401.0,602401.0,11370.92470259232
2978,601969.0,0.0,601969.0,601969.0,11363.47238673826
2979,602453.0,0.0,602453.0,602453.0,11371.781604358803
2980,600237.0,0.0,600237.0,600237.0,11333.625220584056
2981,498637.0,0.0,498637.0,498637.0,9564.615064884316
2982,994399.9999999999,0.0,994399.9999999999,994399.9999999999,16195.115810558395
2983,994399.9999999999,0.0,994399.9999999999,994399.9999999999,16195.0888787241
2984,994399.9999999999,0.0,994399.9999999999,994399.9999999999,16195.06194697936
2985,994399.9999999999,0.0,994399.9999999999,994399.9999999999,16195.03501532418
2986,994399.9999999999,0.0,994399.9999999999,994399.9999999999,16195.008083758554
2987,994399.9999999999,0.0,994399.9999999999,994399.9999999999,16194.981152282477
2988,994399.9999999999,0.0,994399.9999999999,994399.9999999999,16194.95422089595
2989,994399.9999999999,0.0,994399.9999999999,994399.9999999999,16194.927289598982
2990,994399.9999999999,0.0,994399.9999999999,994399.9999999999,16194.90035839157
2991,994399.9999999999,0.0,994399.9999999999,994399.9999999999,16194.873427273704
2992,994399.9999999999,0.0,994399.9999999999,994399.9999999999,16194.846496245393
2993,894004.0,0.0,894004.0,894004.0,16194.819565306632
2994,528027.0,0.0,528027.0,528027.0,10080.33444542879
2995,396519.0,0.0,396519.0,396519.0,7742.714996689382
2996,171330.0,0.0,171330.0,171330.0,3531.6485906647686
2997,191834.0,0.0,191834.0,191834.0,3928.9556018219832
2998,149159.99999999997,0.0,149159.99999999997,149159.99999999997,3097.851771509745
2999,134501.00000000003,0.0,134501.00000000003,134501.00000000003,2808.346463948014
3000,158206.0,0.0,158206.0,158206.0,3275.3969833426822
3001,128246.0,0.0,128246.0,128246.0,2674.0818451508694
3002,187919.0,0.0,187919.0,187919.0,3805.8113483180828
3003,203387.0,0.0,203387.0,203387.0,4151.259702201972
3004,258302.0,0.0,258302.0,258302.0,5195.073745150561
3005,367051.0,0.0,367051.0,367051.0,7207.891354924839
3006,994399.9999999999,0.0,994399.9999999999,994399.9999999999,16194.41949638819
3007,994399.9999999999,0.0,994399.9999999999,994399.9999999999,16194.392566868892
3008,994399.9999999999,0.0,994399.9999999999,994399.9999999999,16194.36563743914
3009,994399.9999999999,0.0,994399.9999999999,994399.9999999999,16194.338708098923
3010,994399.9999999999,0.0,994399.9999999999,994399.9999999999,16194.311778848254
3011,994399.9999999999,0.0,994399.9999999999,994399.9999999999,16194.284849687121
3012,994399.9999999999,0.0,994399.9999999999,994399.9999999999,16194.257920615535
3013,994399.9999999999,0.0,994399.9999999999,994399.9999999999,16194.230991633496
3014,994399.9999999999,0.0,994399.9999999999,994399.9999999999,16194.204062740993
3015,751696.0,0.0,751696.0,751696.0,13899.23051492604
3016,649917.0,0.0,649917.0,649917.0,12183.499227487511
3017,799278.0,0.0,799278.0,799278.0,14689.659083208826
3018,198520.0,0.0,198520.0,198520.0,4057.597003566966
3019,216141.0,0.0,216141.0,216141.0,4395.439922379384
3020,159499.0,0.0,159499.0,159499.0,3300.5723288567046
3021,179564.0,0.0,179564.0,179564.0,3691.4404081291686
3022,268578.0,0.0,268578.0,268578.0,5388.0120713393535
3023,215140.0,0.0,215140.0,215140.0,4376.2800997617005
3024,149159.99999999997,0.0,149159.99999999997,149159.99999999997,3097.686437938826
3025,149159.99999999997,0.0,149159.99999999997,149159.99999999997,3097.681274754486
3026,57130.00000000006,0.0,57130.00000000006,57130.00000000006,1191.499275562503
3027,34143.0,0.0,34143.0,34143.0,708.9415366632211
3028,29765.0,0.0,29765.0,29765.0,622.4586127749337
3029,69731.0,0.0,69731.0,69731.0,1318.4326331275256
3030,554079.0,0.0,554079.0,554079.0,9688.982975041681
3031,989220.0,0.0,989220.0,989220.0,16192.934113587839
3032,994399.9999999999,0.0,994399.9999999999,994399.9999999999,16192.907189006404
3033,994399.9999999999,0.0,994399.9999999999,994399.9999999999,16192.880264514488
3034,994399.9999999999,0.0,994399.9999999999,994399.9999999999,16192.85334011209
3035,994399.9999999999,0.0,994399.9999999999,994399.9999999999,16192.826415799213
3036,994399.9999999999,0.0,994399.9999999999,994399.9999999999,16192.799491575846
3037,346849.0,0.0,346849.0,346849.0,6838.078286586103
3038,994399.9999999999,0.0,994399.9999999999,994399.9999999999,16192.747772520075
3039,219223.0,0.0,219223.0,219223.0,4453.879734311121
3040,149159.99999999997,0.0,149159.99999999997,149159.99999999997,3097.4129153311965
3041,258496.0,0.0,258496.0,258496.0,5198.086752950121
3042,149159.99999999997,0.0,149159.99999999997,149159.99999999997,3097.402414717282
3043,103711.00000000006,0.0,103711.00000000006,103711.00000000006,2161.6838246591196
3044,0.0,0.0,0.0,0.0,-0.0
3045,0.0,0.0,0.0,0.0,-0.0
3046,0.0,0.0,0.0,0.0,-0.0
3047,0.0,0.0,0.0,0.0,-0.0
3048,9133.0,0.0,9133.0,9133.0,153.76055063875174
3049,25076.0,0.0,25076.0,25076.0,454.23081776780907
3050,25699.0,0.0,25699.0,25699.0,536.4573089453646
3051,18883.0,0.0,18883.0,18883.0,389.9885230463201
3052,4723.0,0.0,4723.0,4723.0,-0.0
3053,70980.0,0.0,70980.0,70980.0,1234.7583443862818
3054,544505.0,0.0,544505.0,544505.0,9534.58853038107
3055,939692.0,0.0,939692.0,939692.0,16191.180997272015
3056,994399.9999999999,0.0,994399.9999999999,994399.9999999999,16191.15407852011
3057,994399.9999999999,0.0,994399.9999999999,994399.9999999999,16191.127159857699
3058,994399.9999999999,0.0,994399.9999999999,994399.9999999999,16191.100241284772
3059,654097.0,0.0,654097.0,654097.0,12252.261357575426
3060,599675.0,0.0,599675.0,599675.0,11320.95681664847
3061,994399.9999999999,0.0,994399.9999999999,994399.9999999999,16191.02131531668
3062,532103.0,0.0,532103.0,532103.0,10149.109457728217
3063,297204.0,0.0,297204.0,297204.0,5921.355127177251
3064,526481.0,0.0,526481.0,526481.0,10050.77224887585
3065,343031.0,0.0,343031.0,343031.0,6767.260731261264
3066,268198.0,0.0,268198.0,268198.0,5379.740759443754
3067,578354.0,0.0,578354.0,578354.0,10952.993592991756
3068,576838.0,0.0,576838.0,576838.0,10926.755313236004
3069,590142.0,0.0,590142.0,590142.0,11156.537993289157
3070,560378.0,0.0,560378.0,560378.0,10641.464729725212
3071,511235.0,0.0,511235.0,511235.0,9783.426119302709
3072,428204.0,0.0,428204.0,428204.0,8310.758017654338
3073,260562.0,0.0,260562.0,260562.0,5236.2562321836685
3074,236517.0,0.0,236517.0,236517.0,4782.207987919098
3075,228884.0,0.0,228884.0,228884.0,4637.266072947016
3076,197196.0,0.0,197196.0,197196.0,4031.146183829731
3077,149159.99999999997,0.0,149159.99999999997,149159.99999999997,3096.956432352256
3078,592115.0,0.0,592115.0,592115.0,11190.40075190709
3079,965401.0,0.0,965401.0,965401.0,16190.569739684179
3080,994399.9999999999,0.0,994399.9999999999,994399.9999999999,16190.542822964337
3081,994399.9999999999,0.0,994399.9999999999,994399.9999999999,16190.51590633397
3082,994399.9999999999,0.0,994399.9999999999,994399.9999999999,16190.488989793092
3083,994399.9999999999,0.0,994399.9999999999,994399.9999999999,16190.462073341685
3084,994399.9999999999,0.0,994399.9999999999,994399.9999999999,16190.435156979755
3085,994399.9999999999,0.0,994399.9999999999,994399.9999999999,16190.408240707307
3086,994399.9999999999,0.0,994399.9999999999,994399.9999999999,16190.381324524338
3087,994399.9999999999,0.0,994399.9999999999,994399.9999999999,16190.35440843085
3088,994399.9999999999,0.0,994399.9999999999,994399.9999999999,16190.327492426832
3089,740733.0,0.0,740733.0,740733.0,13712.739129048268
3090,415864.0,0.0,415864.0,415864.0,8089.030986537181
3091,530158.0,0.0,530158.0,530158.0,10114.625186113986
3092,532370.0,0.0,532370.0,532370.0,10153.267332463667
3093,546518.0,0.0,546518.0,546518.0,10400.049922546765
3094,513014.0,0.0,513014.0,513014.0,9814.277948931734
3095,495601.0,0.0,495601.0,495601.0,9508.015256098106
3096,424540.0,0.0,424540.0,424540.0,8244.732687542017
3097,237019.0,0.0,237019.0,237019.0,4791.529599244908
3098,149159.99999999997,0.0,149159.99999999997,149159.99999999997,3096.8361832328546
3099,310304.0,0.0,310304.0,310304.0,6163.966774585325
3100,210310.0,0.0,210310.0,210310.0,4282.693235043938
3101,347529.0,0.0,347529.0,347529.0,6849.259605180632
3102,157803.0,0.0,157803.0,157803.0,3266.424794557489
3103,303165.0,0.0,303165.0,303165.0,6031.632044697398
3104,232062.0,0.0,232062.0,232062.0,4697.417831776899
3105,195538.0,0.0,195538.0,195538.0,3999.019667215013
3106,767937.0,0.0,767937.0,767937.0,14166.023112952054
3107,935924.0,0.0,935924.0,935924.0,16189.852288687962
3108,915640.0,0.0,915640.0,915640.0,16189.82537435311
3109,640678.0,0.0,640678.0,640678.0,12022.649544571117
3110,488380.0,0.0,488380.0,488380.0,9380.416589558212
3111,216045.0,0.0,216045.0,216045.0,4392.288724434766
3112,311788.0,0.0,311788.0,311788.0,6191.295329440437
3113,274909.0,0.0,274909.0,274909.0,5505.042870495247
3114,291537.0,0.0,291537.0,291537.0,5815.421819287988
3115,347694.0,0.0,347694.0,347694.0,6852.119960184583
3116,413753.0,0.0,413753.0,413753.0,8050.727214878917
3117,260075.0,0.0,260075.0,260075.0,5226.697910420341
3118,333098.0,0.0,333098.0,333098.0,6584.278068956088
3119,310111.0,0.0,310111.0,310111.0,6160.186700724301
3120,359303.0,0.0,359303.0,359303.0,7064.274090840131
3121,122873.00000000003,0.0,122873.00000000003,122873.00000000003,2561.5311381031092
3122,132257.0,0.0,132257.0,132257.0,2722.41607650364
3123,144496.0,0.0,144496.0,144496.0,2986.327173421482
3124,0.0,0.0,0.0,0.0,-0.0
3125,0.0,0.0,0.0,0.0,-0.0
3126,279698.0,0.0,279698.0,279698.0,4661.678193604076
3127,145849.0,0.0,145849.0,145849.0,3031.2439581802605
3128,662747.0,0.0,662747.0,662747.0,12396.95535755545
3129,856996.0,0.0,856996.0,856996.0,15633.36828179015
3130,703431.0,0.0,703431.0,703431.0,13084.899324459555
3131,521680.0,0.0,521680.0,521680.0,9964.827733238022
3132,782300.0,0.0,782300.0,782300.0,14402.88913235315
3133,442691.0,0.0,442691.0,442691.0,8568.314983354114
3134,507614.0,0.0,507614.0,507614.0,9718.029124064939
3135,449096.0,0.0,449096.0,449096.0,8682.528906820202
3136,439777.0,0.0,439777.0,439777.0,8516.235864935883
3137,118753.0,0.0,118753.0,118753.0,2474.449505623883
3138,1505.0,0.0,1505.0,1505.0,-0.0
3139,29732.0,0.0,29732.0,29732.0,517.9094547643889
3140,261111.0,0.0,261111.0,261111.0,4565.471151498388
3141,75493.0,0.0,75493.0,75493.0,1575.8847760488427
3142,90476.0,0.0,90476.0,90476.0,1835.8625378143154
3143,276787.0,0.0,276787.0,276787.0,5231.466308102082
3144,590331.0,0.0,590331.0,590331.0,11156.404164563992
3145,602248.0,0.0,602248.0,602248.0,11361.595454426611
3146,602145.0,0.0,602145.0,602145.0,11359.80520332969
3147,602078.0,0.0,602078.0,602078.0,11358.634055698682
3148,601965.0,0.0,601965.0,601965.0,11356.671763891482
3149,659757.0,0.0,659757.0,659757.0,12344.485506532628
3150,942103.0,0.0,942103.0,942103.0,16185.93062771743
3151,994399.9999999999,0.0,994399.9999999999,994399.9999999999,16185.903726415256
3152,876439.0,0.0,876439.0,876439.0,15948.775859297404
3153,994399.9999999999,0.0,994399.9999999999,994399.9999999999,16185.849970911031
3154,994399.9999999999,0.0,994399.9999999999,994399.9999999999,16185.823069876911
3155,994399.9999999999,0.0,994399.9999999999,994399.9999999999,16185.79616893219
3156,814802.0,0.0,814802.0,814802.0,14938.25751889426
3157,934579.0,0.0,934579.0,934579.0,16185.7426162839
3158,994399.9999999999,0.0,994399.9999999999,994399.9999999999,16185.715715606559
3159,994399.9999999999,0.0,994399.9999999999,994399.9999999999,16185.68881501861
3160,994399.9999999999,0.0,994399.9999999999,994399.9999999999,16185.661914520066
3161,587494.0,0.0,587494.0,587494.0,11107.150106047484
3162,195901.0,0.0,195901.0,195901.0,4004.81060097009
3163,529223.0,0.0,529223.0,529223.0,10095.22281451049
3164,594216.0,0.0,594216.0,594216.0,11222.982643923844
3165,602169.0,0.0,602169.0,602169.0,11359.853030868457
3166,602497.0,0.0,602497.0,602497.0,11365.474686279844
3167,601943.0,0.0,601943.0,601943.0,11355.92858523423
3168,602102.0,0.0,602102.0,602102.0,11358.644173441977
3169,602012.0,0.0,602012.0,602012.0,11357.07750640432
3170,601976.0,0.0,601976.0,601976.0,11356.439510033608
3171,602428.0,0.0,602428.0,602428.0,11364.193730025157
3172,602482.0,0.0,602482.0,602482.0,11365.103437707457
3173,625443.0,0.0,625443.0,625443.0,11758.947196072075
3174,994399.9999999999,0.0,994399.9999999999,994399.9999999999,16185.300730470013
3175,994399.9999999999,0.0,994399.9999999999,994399.9999999999,16185.273831261182
3176,994399.9999999999,0.0,994399.9999999999,994399.9999999999,16185.246932141745
3177,994399.9999999999,0.0,994399.9999999999,994399.9999999999,16185.220033111698
3178,994399.9999999999,0.0,994399.9999999999,994399.9999999999,16185.193134171048
3179,994399.9999999999,0.0,994399.9999999999,994399.9999999999,16185.166235319792
3180,994399.9999999999,0.0,994399.9999999999,994399.9999999999,16185.139336557915
3181,994399.9999999999,0.0,994399.9999999999,994399.9999999999,16185.112437885433
3182,994399.9999999999,0.0,994399.9999999999,994399.9999999999,16185.085539302343
3183,994399.9999999999,0.0,994399.9999999999,994399.9999999999,16185.058640808644
3184,952749.0,0.0,952749.0,952749.0,16185.031742404328
3185,414297.0,0.0,414297.0,414297.0,8058.046112935833
3186,139587.0,0.0,139587.0,139587.0,2907.0412564214644
3187,0.0,0.0,0.0,0.0,-0.0
3188,0.0,0.0,0.0,0.0,-0.0
3189,0.0,0.0,0.0,0.0,-0.0
3190,0.0,0.0,0.0,0.0,-0.0
3191,0.0,0.0,0.0,0.0,-0.0
3192,31891.0,0.0,31891.0,31891.0,553.4346712431608
3193,60904.0,0.0,60904.0,60904.0,1164.9444123073013
3194,93208.0,0.0,93208.0,93208.0,1834.1917687759526
3195,144875.0,0.0,144875.0,144875.0,2844.0332941048064
3196,100829.0,0.0,100829.0,100829.0,2103.336285024481
3197,117693.0,0.0,117693.0,117693.0,2399.504295369273
3198,604690.0,0.0,604690.0,604690.0,11120.499960079496
3199,958465.0,0.0,958465.0,958465.0,16183.365686284487
3200,994399.9999999999,0.0,994399.9999999999,994399.9999999999,16183.338793504845
3201,994399.9999999999,0.0,994399.9999999999,994399.9999999999,16183.311900814562
3202,994399.9999999999,0.0,994399.9999999999,994399.9999999999,16183.285008213643
3203,994399.9999999999,0.0,994399.9999999999,994399.9999999999,16183.258115702081
3204,994399.9999999999,0.0,994399.9999999999,994399.9999999999,16183.231223279876
3205,994399.9999999999,0.0,994399.9999999999,994399.9999999999,16183.204330947032
3206,994399.9999999999,0.0,994399.9999999999,994399.9999999999,16183.17743870355
3207,994399.9999999999,0.0,994399.9999999999,994399.9999999999,16183.15054654942
3208,994399.9999999999,0.0,994399.9999999999,994399.9999999999,16183.12365448465
3209,519561.0,0.0,519561.0,519561.0,9924.53268718764
3210,188531.0,0.0,188531.0,188531.0,3862.0418880260777
3211,368429.0,0.0,368429.0,368429.0,7227.486622094142
3212,473629.0,0.0,473629.0,473629.0,9115.51388001228
3213,464076.0,0.0,464076.0,464076.0,8946.122382770263
3214,424226.0,0.0,424226.0,424226.0,8235.209942719572
3215,399661.0,0.0,399661.0,399661.0,7793.358670191981
3216,374332.0,0.0,374332.0,374332.0,7334.7542406305465
3217,255860.0,0.0,255860.0,255860.0,5145.004792844081
3218,149159.99999999997,0.0,149159.99999999997,149159.99999999997,3095.2547496255042
3219,149159.99999999997,0.0,149159.99999999997,149159.99999999997,3095.2495945000414
3220,60353.00000000006,0.0,60353.00000000006,60353.00000000006,1259.8234074111479
3221,96313.0,0.0,96313.0,96313.0,1885.336954112684
3222,573949.0,0.0,573949.0,573949.0,10334.497083051001
3223,924402.0,0.0,924402.0,924402.0,16182.12944886523
3224,994399.9999999999,0.0,994399.9999999999,994399.9999999999,16182.102560191704
3225,994399.9999999999,0.0,994399.9999999999,994399.9999999999,16182.07567160752
3226,994399.9999999999,0.0,994399.9999999999,994399.9999999999,16182.048783112681
3227,994399.9999999999,0.0,994399.9999999999,994399.9999999999,16182.021894707172
3228,994399.9999999999,0.0,994399.9999999999,994399.9999999999,16181.995006391004
3229,994399.9999999999,0.0,994399.9999999999,994399.9999999999,16181.968118164179
3230,994399.9999999999,0.0,994399.9999999999,994399.9999999999,16181.941230026689
3231,379376.0,0.0,379376.0,379376.0,7425.828775276334
3232,869535.0,0.0,869535.0,869535.0,15832.23521070971
3233,606602.0,0.0,606602.0,606602.0,11433.359896895656
3234,265113.0,0.0,265113.0,265113.0,5318.547524905794
3235,468427.0,0.0,468427.0,468427.0,9022.614545330729
3236,533421.0,0.0,533421.0,533421.0,10166.065149197811
3237,344529.0,0.0,344529.0,344529.0,6790.547210456509
3238,423087.0,0.0,423087.0,423087.0,8214.114813510749
3239,405020.0,0.0,405020.0,405020.0,7889.343537896552
3240,444537.0,0.0,444537.0,444537.0,8597.705337932472
3241,200824.0,0.0,200824.0,200824.0,4098.355065704482
3242,299861.0,0.0,299861.0,299861.0,5966.944014120522
3243,266310.0,0.0,266310.0,266310.0,5340.925247619173
3244,194878.0,0.0,194878.0,194878.0,3983.9966160526296
3245,169751.0,0.0,169751.0,169751.0,3497.658414566807
3246,583377.0,0.0,583377.0,583377.0,11033.181350020146
3247,622146.0,0.0,622146.0,622146.0,11699.657010488465
3248,326401.0,0.0,326401.0,326401.0,6457.504165538999
3249,994399.9999999999,0.0,994399.9999999999,994399.9999999999,16181.4646945023
3250,994399.9999999999,0.0,994399.9999999999,994399.9999999999,16181.437808037443
3251,994399.9999999999,0.0,994399.9999999999,994399.9999999999,16181.41092166191
3252,994399.9999999999,0.0,994399.9999999999,994399.9999999999,16181.384035375717
3253,994399.9999999999,0.0,994399.9999999999,994399.9999999999,16181.357149178839
3254,994399.9999999999,0.0,994399.9999999999,994399.9999999999,16181.330263071293
3255,994399.9999999999,0.0,994399.9999999999,994399.9999999999,16181.303377053071
3256,994399.9999999999,0.0,994399.9999999999,994399.9999999999,16181.27649112418
3257,601021.0,0.0,601021.0,601021.0,11336.989655894216
3258,446663.0,0.0,446663.0,446663.0,8635.351175161823
3259,585447.0,0.0,585447.0,585447.0,11068.665952667292
3260,585919.0,0.0,585919.0,585919.0,11076.791935331352
3261,589935.0,0.0,589935.0,589935.0,11146.035469092138
3262,583831.0,0.0,583831.0,583831.0,11040.720343308705
3263,585216.0,0.0,585216.0,585216.0,11064.60619408165
3264,550335.0,0.0,550335.0,550335.0,10460.31986598648
3265,536553.0,0.0,536553.0,536553.0,10220.236272247188
3266,396180.0,0.0,396180.0,396180.0,7729.527156324488
3267,400330.0,0.0,400330.0,400330.0,7804.417076882839
3268,292112.0,0.0,292112.0,292112.0,5822.682679171307
3269,411448.0,0.0,411448.0,411448.0,8004.6555089063295
3270,817122.0,0.0,817122.0,817122.0,14971.96361804501
3271,420569.0,0.0,420569.0,420569.0,8168.487894061481
3272,994399.9999999999,0.0,994399.9999999999,994399.9999999999,16180.866788013485
3273,994399.9999999999,0.0,994399.9999999999,994399.9999999999,16180.839903535109
3274,994399.9999999999,0.0,994399.9999999999,994399.9999999999,16180.813019146055
3275,994399.9999999999,0.0,994399.9999999999,994399.9999999999,16180.786134846318
3276,994399.9999999999,0.0,994399.9999999999,994399.9999999999,16180.759250635894
3277,994399.9999999999,0.0,994399.9999999999,994399.9999999999,16180.732366514794
3278,994399.9999999999,0.0,994399.9999999999,994399.9999999999,16180.705482483012
3279,994399.9999999999,0.0,994399.9999999999,994399.9999999999,16180.678598540542
3280,994399.9999999999,0.0,994399.9999999999,994399.9999999999,16180.65171468739
3281,842052.0,0.0,842052.0,842052.0,15381.417938696413
3282,477248.0,0.0,477248.0,477248.0,9178.119554050712
3283,564165.0,0.0,564165.0,564165.0,10700.127047477126
3284,574662.0,0.0,574662.0,574662.0,10881.882160831294
3285,492667.0,0.0,492667.0,492667.0,9450.349165564134
3286,251656.0,0.0,251656.0,251656.0,5064.969089222671
3287,236178.0,0.0,236178.0,236178.0,4772.418346516675
3288,312778.0,0.0,312778.0,312778.0,6205.718857203402
3289,473593.0,0.0,473593.0,473593.0,9113.324146755162
3290,185322.0,0.0,185322.0,185322.0,3799.3397091228794
3291,372282.0,0.0,372282.0,372282.0,7296.259846639883
3292,382316.0,0.0,382316.0,382316.0,7478.363061711048
3293,255097.0,0.0,255097.0,255097.0,5129.733808102795
3294,465649.0,0.0,465649.0,465649.0,8972.451323617572
3295,900950.0,0.0,900950.0,900950.0,16180.274392055875
3296,497968.0,0.0,497968.0,497968.0,9543.554060273975
3297,994399.9999999999,0.0,994399.9999999999,994399.9999999999,16180.222052293604
3298,904803.0,0.0,904803.0,904803.0,16180.195169957207
3299,900228.0,0.0,900228.0,900228.0,16180.168287710128
3300,994399.9999999999,0.0,994399.9999999999,994399.9999999999,16180.141405552356
3301,994399.9999999999,0.0,994399.9999999999,994399.9999999999,16180.11452348389
3302,994399.9999999999,0.0,994399.9999999999,994399.9999999999,16180.087641504728
3303,994399.9999999999,0.0,994399.9999999999,994399.9999999999,16180.06075961488
3304,976557.0,0.0,976557.0,976557.0,16180.033877814338
3305,601471.0,0.0,601471.0,601471.0,11343.823105920088
3306,240015.0,0.0,240015.0,240015.0,4844.92348492863
3307,357797.0,0.0,357797.0,357797.0,7032.278136421698
3308,419779.0,0.0,419779.0,419779.0,8153.793080955489
3309,519355.0,0.0,519355.0,519355.0,9918.866894481214
3310,491518.0,0.0,491518.0,491518.0,9429.700293963408
3311,437605.0,0.0,437605.0,437605.0,8472.93690438099
3312,316536.0,0.0,316536.0,316536.0,6274.890679085426
3313,278355.0,0.0,278355.0,278355.0,5565.75049851332
3314,341352.0,0.0,341352.0,341352.0,6731.4311118269225
3315,214501.0,0.0,214501.0,214501.0,4359.763816963519
3316,335921.0,0.0,335921.0,335921.0,6631.771825432536
3317,276116.0,0.0,276116.0,276116.0,5523.865634124854
3318,391239.0,0.0,391239.0,391239.0,7639.562241548225
3319,627805.0,0.0,627805.0,627805.0,11795.078732477254
3320,797800.0,0.0,797800.0,797800.0,14651.938094693623
3321,780338.0,0.0,780338.0,780338.0,14362.796495545172
3322,975570.0,0.0,975570.0,975570.0,16179.580115674156
3323,832377.0,0.0,832377.0,832377.0,15221.611389703163
3324,757771.0,0.0,757771.0,757771.0,13987.675479928614
3325,780512.0,0.0,780512.0,780512.0,14365.586191579932
3326,633592.0,0.0,633592.0,633592.0,11893.818864473771
3327,485679.0,0.0,485679.0,485679.0,9326.422251106209
3328,385521.0,0.0,385521.0,385521.0,7535.964114391908
3329,351667.0,0.0,351667.0,351667.0,6920.06804153818
3330,246467.0,0.0,246467.0,246467.0,4966.685749073407
3331,390787.0,0.0,390787.0,390787.0,7631.21861851868
3332,426077.0,0.0,426077.0,426077.0,8266.39645691259
3333,501046.0,0.0,501046.0,501046.0,9597.122918974008
3334,478179.0,0.0,478179.0,478179.0,9193.790604325293
3335,335869.0,0.0,335869.0,335869.0,6630.600375829455
3336,298617.0,0.0,298617.0,298617.0,5942.877055785442
3337,359957.0,0.0,359957.0,359957.0,7071.320783524576
3338,331575.0,0.0,331575.0,331575.0,6551.680622299248
3339,302047.0,0.0,302047.0,302047.0,6006.490331436199
3340,215859.0,0.0,215859.0,215859.0,4385.505584354852
3341,347798.0,0.0,347798.0,347798.0,6849.176120578515
3342,693214.0,0.0,693214.0,693214.0,12905.322546774816
3343,363562.0,0.0,363562.0,363562.0,7136.954764697443
3344,994399.9999999999,0.0,994399.9999999999,994399.9999999999,16179.024357037628
3345,994399.9999999999,0.0,994399.9999999999,994399.9999999999,16178.997478680083
3346,994399.9999999999,0.0,994399.9999999999,994399.9999999999,16178.97060041182
3347,994399.9999999999,0.0,994399.9999999999,994399.9999999999,16178.943722232849
3348,994399.9999999999,0.0,994399.9999999999,994399.9999999999,16178.916844143167
3349,994399.9999999999,0.0,994399.9999999999,994399.9999999999,16178.889966142762
3350,968832.0,0.0,968832.0,968832.0,16178.863088231657
3351,994399.9999999999,0.0,994399.9999999999,994399.9999999999,16178.836210409834
3352,994399.9999999999,0.0,994399.9999999999,994399.9999999999,16178.809332677296
3353,765225.0,0.0,765225.0,765225.0,14111.074745386617
3354,180337.0,0.0,180337.0,180337.0,3702.462820869957
3355,409527.0,0.0,409527.0,409527.0,7968.926922089201
3356,251582.0,0.0,251582.0,251582.0,5062.952681407948
3357,167804.0,0.0,167804.0,167804.0,3459.0473369274805
3358,293803.0,0.0,293803.0,293803.0,5853.216348056016
3359,200758.0,0.0,200758.0,200758.0,4096.223924322163
3360,222331.0,0.0,222331.0,222331.0,4508.753096706642
3361,280076.0,0.0,280076.0,280076.0,5597.426724470705
3362,288811.0,0.0,288811.0,288811.0,5760.291818786496
3363,283195.0,0.0,283195.0,283195.0,5655.6171571013165
3364,291931.0,0.0,291931.0,291931.0,5818.340170267646
3365,374275.0,0.0,374275.0,374275.0,7331.5440047858965
3366,620873.0,0.0,620873.0,620873.0,11675.570764284092
3367,449279.0,0.0,449279.0,449279.0,8680.370339078909
3368,994399.9999999999,0.0,994399.9999999999,994399.9999999999,16178.400875737081
3369,994399.9999999999,0.0,994399.9999999999,994399.9999999999,16178.373999450654
3370,994399.9999999999,0.0,994399.9999999999,994399.9999999999,16178.34712325351
3371,994399.9999999999,0.0,994399.9999999999,994399.9999999999,16178.32024714564
3372,994399.9999999999,0.0,994399.9999999999,994399.9999999999,16178.293371127047
3373,994399.9999999999,0.0,994399.9999999999,994399.9999999999,16178.266495197735
3374,994399.9999999999,0.0,994399.9999999999,994399.9999999999,16178.239619357695
3375,994399.9999999999,0.0,994399.9999999999,994399.9999999999,16178.21274360694
3376,994399.9999999999,0.0,994399.9999999999,994399.9999999999,16178.185867945453
3377,723655.0,0.0,723655.0,723655.0,13416.438185818164
3378,500444.0,0.0,500444.0,500444.0,9585.804550504456
3379,457922.0,0.0,457922.0,457922.0,8833.962065555033
3380,550818.0,0.0,550818.0,550818.0,10466.696228839324
3381,478035.0,0.0,478035.0,478035.0,9190.511759737705
3382,392497.0,0.0,392497.0,392497.0,7661.462128166608
3383,279258.0,0.0,279258.0,279258.0,5581.934653271696
3384,276762.0,0.0,276762.0,276762.0,5535.2908538662605
3385,149159.99999999997,0.0,149159.99999999997,149159.99999999997,3094.1751115783354
3386,149159.99999999997,0.0,149159.99999999997,149159.99999999997,3094.169960028824
3387,233569.0,0.0,233569.0,233569.0,4722.115881322576
3388,173461.0,0.0,173461.0,173461.0,3568.8775462486365
3389,149629.0,0.0,149629.0,149629.0,3103.369446960327
3390,569043.0,0.0,569043.0,569043.0,10782.748709718564
3391,909792.0,0.0,909792.0,909792.0,16177.813323389102
3392,994399.9999999999,0.0,994399.9999999999,994399.9999999999,16177.786449054389
3393,994399.9999999999,0.0,994399.9999999999,994399.9999999999,16177.759574808948
3394,994399.9999999999,0.0,994399.9999999999,994399.9999999999,16177.732700652768
3395,994399.9999999999,0.0,994399.9999999999,994399.9999999999,16177.705826585867
3396,994399.9999999999,0.0,994399.9999999999,994399.9999999999,16177.678952608228
3397,994399.9999999999,0.0,994399.9999999999,994399.9999999999,16177.652078719853
3398,994399.9999999999,0.0,994399.9999999999,994399.9999999999,16177.625204920743
3399,994399.9999999999,0.0,994399.9999999999,994399.9999999999,16177.59833121091
3400,881394.0,0.0,881394.0,881394.0,16021.29207574558
3401,361558.0,0.0,361558.0,361558.0,7099.7233714531
3402,146405.0,0.0,146405.0,146405.0,3039.9039724776294
3403,0.0,0.0,0.0,0.0,-0.0
3404,0.0,0.0,0.0,0.0,-0.0
3405,0.0,0.0,0.0,0.0,-0.0
3406,0.0,0.0,0.0,0.0,-0.0
3407,0.0,0.0,0.0,0.0,-0.0
3408,0.0,0.0,0.0,0.0,-0.0
3409,0.0,0.0,0.0,0.0,-0.0
3410,0.0,0.0,0.0,0.0,-0.0
3411,0.0,0.0,0.0,0.0,-0.0
3412,0.0,0.0,0.0,0.0,-0.0
3413,79185.0,0.0,79185.0,79185.0,1373.203024286613
3414,524981.0,0.0,524981.0,524981.0,9273.935987288973
3415,893922.0,0.0,893922.0,893922.0,16176.298486625836
3416,994399.9999999999,0.0,994399.9999999999,994399.9999999999,16176.271617322765
3417,994399.9999999999,0.0,994399.9999999999,994399.9999999999,16176.24474810895
3418,994399.9999999999,0.0,994399.9999999999,994399.9999999999,16176.217878984371
3419,994399.9999999999,0.0,994399.9999999999,994399.9999999999,16176.191009949034
3420,994399.9999999999,0.0,994399.9999999999,994399.9999999999,16176.164141002944
3421,994399.9999999999,0.0,994399.9999999999,994399.9999999999,16176.137272146088
3422,994399.9999999999,0.0,994399.9999999999,994399.9999999999,16176.110403378481
3423,994399.9999999999,0.0,994399.9999999999,994399.9999999999,16176.083534700108
3424,903430.0,0.0,903430.0,903430.0,16176.056666110977
3425,341838.0,0.0,341838.0,341838.0,6738.640842589937
3426,162149.0,0.0,162149.0,162149.0,3348.136334916698
3427,179318.0,0.0,179318.0,179318.0,3682.00680736602
3428,283975.0,0.0,283975.0,283975.0,5669.1739568973435
3429,340805.0,0.0,340805.0,340805.0,6719.664803057579
3430,435411.0,0.0,435411.0,435411.0,8431.534306130668
3431,421259.0,0.0,421259.0,421259.0,8178.15874884887
3432,355970.0,0.0,355970.0,355970.0,6997.011020798971
3433,254406.0,0.0,254406.0,254406.0,5115.146791396531
3434,186711.0,0.0,186711.0,186711.0,3824.9495321381683
3435,513612.0,0.0,513612.0,513612.0,9815.57975916075
3436,413482.0,0.0,413482.0,413482.0,8038.4700318802625
3437,430456.0,0.0,430456.0,430456.0,8342.833759761192
3438,806456.0,0.0,806456.0,806456.0,14791.283258679785
3439,914901.0,0.0,914901.0,914901.0,16175.683342841292
3440,994399.9999999999,0.0,994399.9999999999,994399.9999999999,16175.656475581322
3441,994399.9999999999,0.0,994399.9999999999,994399.9999999999,16175.62960841059
3442,994399.9999999999,0.0,994399.9999999999,994399.9999999999,16175.602741329092
3443,994399.9999999999,0.0,994399.9999999999,994399.9999999999,16175.57587433683
3444,941060.0,0.0,941060.0,941060.0,16175.549007433789
3445,994399.9999999999,0.0,994399.9999999999,994399.9999999999,16175.522140619987
3446,994399.9999999999,0.0,994399.9999999999,994399.9999999999,16175.495273895413
3447,994399.9999999999,0.0,994399.9999999999,994399.9999999999,16175.468407260068
3448,994399.9999999999,0.0,994399.9999999999,994399.9999999999,16175.441540713962
3449,656800.0,0.0,656800.0,656800.0,12285.980925700693
3450,221555.0,0.0,221555.0,221555.0,4492.9737540135575
3451,358267.0,0.0,358267.0,358267.0,7038.6890889966635
3452,591199.0,0.0,591199.0,591199.0,11163.652716995655
3453,602201.0,0.0,602201.0,602201.0,11352.95276554196
3454,602130.0,0.0,602130.0,602130.0,11351.713622289124
3455,602204.0,0.0,602204.0,602204.0,11352.96662146289
3456,602204.0,0.0,602204.0,602204.0,11352.947768791562
3457,602204.0,0.0,602204.0,602204.0,11352.92891618282
3458,602062.0,0.0,602062.0,602062.0,11350.469479991398
3459,602204.0,0.0,602204.0,602204.0,11352.891211550208
3460,602204.0,0.0,602204.0,602204.0,11352.872359129222
3461,683231.0,0.0,683231.0,683231.0,12733.561396430983
3462,994399.9999999999,0.0,994399.9999999999,994399.9999999999,16175.080940272313
3463,994399.9999999999,0.0,994399.9999999999,994399.9999999999,16175.054075013055
3464,994399.9999999999,0.0,994399.9999999999,994399.9999999999,16175.02720984302
3465,994399.9999999999,0.0,994399.9999999999,994399.9999999999,16175.000344762208
3466,994399.9999999999,0.0,994399.9999999999,994399.9999999999,16174.973479770613
3467,994399.9999999999,0.0,994399.9999999999,994399.9999999999,16174.946614868244
3468,994399.9999999999,0.0,994399.9999999999,994399.9999999999,16174.919750055093
3469,994399.9999999999,0.0,994399.9999999999,994399.9999999999,16174.89288533117
3470,994399.9999999999,0.0,994399.9999999999,994399.9999999999,16174.866020696463
3471,975438.0,0.0,975438.0,975438.0,16174.83915615098
3472,994399.9999999999,0.0,994399.9999999999,994399.9999999999,16174.812291694712
3473,272659.0,0.0,272659.0,272659.0,5457.35931783078
3474,172395.0,0.0,172395.0,172395.0,3547.3862488383265
3475,149159.99999999997,0.0,149159.99999999997,149159.99999999997,3093.4679401417197
3476,149159.99999999997,0.0,149159.99999999997,149159.99999999997,3093.4627909340766
3477,156792.0,0.0,156792.0,156792.0,3243.113823055566
3478,149159.99999999997,0.0,149159.99999999997,149159.99999999997,3093.452477800393
3479,162522.0,0.0,162522.0,162522.0,3355.095349517212
3480,86280.00000000009,0.0,86280.00000000009,86280.00000000009,1798.529094225128
3481,0.0,0.0,0.0,0.0,-0.0
3482,9278.0,0.0,9278.0,9278.0,155.85753089752498
3483,0.0,0.0,0.0,0.0,-0.0
3484,0.0,0.0,0.0,0.0,-0.0
3485,71724.0,0.0,71724.0,71724.0,1245.5669124733085
3486,413899.0,0.0,413899.0,413899.0,7399.7840815475865
3487,665571.0,0.0,665571.0,665571.0,12433.238811582742
3488,951468.0,0.0,951468.0,951468.0,16173.33921731644
3489,994399.9999999999,0.0,994399.9999999999,994399.9999999999,16173.312357841673
3490,994399.9999999999,0.0,994399.9999999999,994399.9999999999,16173.285498456115
3491,994399.9999999999,0.0,994399.9999999999,994399.9999999999,16173.258639159745
3492,994399.9999999999,0.0,994399.9999999999,994399.9999999999,16173.231779952568
3493,994399.9999999999,0.0,994399.9999999999,994399.9999999999,16173.204920834589
3494,994399.9999999999,0.0,994399.9999999999,994399.9999999999,16173.178061805795
3495,809874.0,0.0,809874.0,809874.0,14845.290842147242
3496,711928.0,0.0,711928.0,711928.0,13215.408054315318
3497,561742.0,0.0,561742.0,561742.0,10652.963100070992
3498,149159.99999999997,0.0,149159.99999999997,149159.99999999997,3093.1022997310756
3499,149159.99999999997,0.0,149159.99999999997,149159.99999999997,3093.097151734145
3500,154751.0,0.0,154751.0,154751.0,3202.7696607003904
3501,305877.0,0.0,305877.0,305877.0,6074.9472490899625
3502,302601.0,0.0,302601.0,302601.0,6014.2474706543235
3503,164704.0,0.0,164704.0,164704.0,3397.256923754837
3504,432820.0,0.0,432820.0,432820.0,8383.567360973984
3505,367894.0,0.0,367894.0,367894.0,7212.860299737364
3506,345365.0,0.0,345365.0,345365.0,6801.801740520493
3507,535562.0,0.0,535562.0,535562.0,10197.527023665258
3508,474248.0,0.0,474248.0,474248.0,9120.382187899742
3509,533583.0,0.0,533583.0,533583.0,10162.968241884897
3510,670110.0,0.0,670110.0,670110.0,12509.70256028377
3511,994399.9999999999,0.0,994399.9999999999,994399.9999999999,16172.75237340121
3512,994399.9999999999,0.0,994399.9999999999,994399.9999999999,16172.725515875201
3513,994399.9999999999,0.0,994399.9999999999,994399.9999999999,16172.698658438378
3514,994399.9999999999,0.0,994399.9999999999,994399.9999999999,16172.671801090739
3515,994399.9999999999,0.0,994399.9999999999,994399.9999999999,16172.644943832283
3516,994399.9999999999,0.0,994399.9999999999,994399.9999999999,16172.618086663015
3517,994399.9999999999,0.0,994399.9999999999,994399.9999999999,16172.59122958292
3518,994399.9999999999,0.0,994399.9999999999,994399.9999999999,16172.564372592024
3519,994399.9999999999,0.0,994399.9999999999,994399.9999999999,16172.537515690297
3520,994399.9999999999,0.0,994399.9999999999,994399.9999999999,16172.510658877753
3521,842180.0,0.0,842180.0,842180.0,15375.73137474545
3522,405646.0,0.0,405646.0,405646.0,7895.772902451645
3523,543855.0,0.0,543855.0,543855.0,10341.751413101603
3524,539387.0,0.0,539387.0,539387.0,10263.914217828145
3525,338305.0,0.0,338305.0,338305.0,6672.228418995729
3526,449508.0,0.0,449508.0,449508.0,8680.980459829743
3527,522844.0,0.0,522844.0,522844.0,9975.03697405294
3528,319193.0,0.0,319193.0,319193.0,6320.714961618071
3529,473315.0,0.0,473315.0,473315.0,9103.535113513424
3530,389496.0,0.0,389496.0,389496.0,7604.273292538138
3531,287172.0,0.0,287172.0,287172.0,5727.297348989093
3532,346270.0,0.0,346270.0,346270.0,6818.04982774509
3533,551942.0,0.0,551942.0,551942.0,10482.22502205402
3534,994399.9999999999,0.0,994399.9999999999,994399.9999999999,16172.143369899104
3535,994399.9999999999,0.0,994399.9999999999,994399.9999999999,16172.116514395339
3536,994399.9999999999,0.0,994399.9999999999,994399.9999999999,16172.089658980754
3537,994399.9999999999,0.0,994399.9999999999,994399.9999999999,16172.062803655343
3538,994399.9999999999,0.0,994399.9999999999,994399.9999999999,16172.035948419109
3539,994399.9999999999,0.0,994399.9999999999,994399.9999999999,16172.009093272043
3540,994399.9999999999,0.0,994399.9999999999,994399.9999999999,16171.982238214157
3541,994399.9999999999,0.0,994399.9999999999,994399.9999999999,16171.95538324543
3542,994399.9999999999,0.0,994399.9999999999,994399.9999999999,16171.928528365888
3543,994399.9999999999,0.0,994399.9999999999,994399.9999999999,16171.901673575514
3544,994399.9999999999,0.0,994399.9999999999,994399.9999999999,16171.874818874305
3545,729954.0,0.0,729954.0,729954.0,13516.589416922765
3546,268852.0,0.0,268852.0,268852.0,5384.98707807125
3547,553299.0,0.0,553299.0,553299.0,10505.54820841074
3548,452408.0,0.0,452408.0,452408.0,8732.256701184306
3549,550293.0,0.0,550293.0,550293.0,10453.280436339792
3550,580511.0,0.0,580511.0,580511.0,10976.740630455492
3551,587785.0,0.0,587785.0,587785.0,11102.208664066668
3552,572694.0,0.0,572694.0,572694.0,10841.625904092487
3553,551888.0,0.0,551888.0,551888.0,10480.930242044098
3554,550599.0,0.0,550599.0,550599.0,10458.512153695363
3555,580798.0,0.0,580798.0,580798.0,10981.604592916954
3556,477736.0,0.0,477736.0,477736.0,9181.320435112119
3557,624167.0,0.0,624167.0,624167.0,11726.7599301102
3558,696452.0,0.0,696452.0,696452.0,12953.713466913014
3559,994399.9999999999,0.0,994399.9999999999,994399.9999999999,16171.488982442426
3560,994399.9999999999,0.0,994399.9999999999,994399.9999999999,16171.462129111547
3561,994399.9999999999,0.0,994399.9999999999,994399.9999999999,16171.435275869826
3562,994399.9999999999,0.0,994399.9999999999,994399.9999999999,16171.40842271727
3563,994399.9999999999,0.0,994399.9999999999,994399.9999999999,16171.381569653882
3564,994399.9999999999,0.0,994399.9999999999,994399.9999999999,16171.354716679652
3565,994399.9999999999,0.0,994399.9999999999,994399.9999999999,16171.327863794588
3566,994399.9999999999,0.0,994399.9999999999,994399.9999999999,16171.301010998679
3567,994399.9999999999,0.0,994399.9999999999,994399.9999999999,16171.274158291939
3568,835966.0,0.0,835966.0,835966.0,15272.64811185459
3569,660362.0,0.0,660362.0,660362.0,12343.177701815555
3570,582324.0,0.0,582324.0,582324.0,11007.662985759858
3571,591506.0,0.0,591506.0,591506.0,11165.945466438197
3572,594866.0,0.0,594866.0,594866.0,11223.774878071345
3573,585763.0,0.0,585763.0,585763.0,11066.934810846462
3574,595904.0,0.0,595904.0,595904.0,11241.59989802774
3575,584353.0,0.0,584353.0,584353.0,11042.579415541879
3576,602434.0,0.0,602434.0,602434.0,11353.840336095718
3577,593644.0,0.0,593644.0,593644.0,11202.6480620271
3578,588221.0,0.0,588221.0,588221.0,11109.218406292579
3579,595974.0,0.0,595974.0,595974.0,11242.711056881093
3580,575053.0,0.0,575053.0,575053.0,10881.899974824808
3581,560360.0,0.0,560360.0,560360.0,10627.494422176273
3582,796892.0,0.0,796892.0,796892.0,14628.922170756216
3583,878734.0,0.0,878734.0,878734.0,15971.331071658102
3584,935938.0,0.0,935938.0,935938.0,16170.831729850084
3585,994399.9999999999,0.0,994399.9999999999,994399.9999999999,16170.80487870151
3586,994399.9999999999,0.0,994399.9999999999,994399.9999999999,16170.778027642089
3587,994399.9999999999,0.0,994399.9999999999,994399.9999999999,16170.751176671813
3588,994399.9999999999,0.0,994399.9999999999,994399.9999999999,16170.724325790694
3589,994399.9999999999,0.0,994399.9999999999,994399.9999999999,16170.697474998724
3590,994399.9999999999,0.0,994399.9999999999,994399.9999999999,16170.670624295906
3591,994399.9999999999,0.0,994399.9999999999,994399.9999999999,16170.643773682243
3592,929922.0,0.0,929922.0,929922.0,16170.616923157728
3593,980484.0,0.0,980484.0,980484.0,16170.590072722365
3594,626311.0,0.0,626311.0,626311.0,11762.683048830113
3595,580896.0,0.0,580896.0,580896.0,10982.549885501328
3596,426908.0,0.0,426908.0,426908.0,8276.463038845764
3597,577908.0,0.0,577908.0,577908.0,10930.916581987982
3598,531666.0,0.0,531666.0,531666.0,10127.968743205012
3599,395104.0,0.0,395104.0,395104.0,7704.671021550338
3600,578412.0,0.0,578412.0,578412.0,10939.56833541525
3601,531115.0,0.0,531115.0,531115.0,10118.300318051506
3602,417911.0,0.0,417911.0,417911.0,8115.116949606821
3603,512939.0,0.0,512939.0,512939.0,9800.298746223403
3604,498128.0,0.0,498128.0,498128.0,9540.179761970518
3605,562122.0,0.0,562122.0,562122.0,10657.612438384704
3606,828505.0,0.0,828505.0,828505.0,15149.213218868408
3607,702210.0,0.0,702210.0,702210.0,13049.611334642063
3608,994399.9999999999,0.0,994399.9999999999,994399.9999999999,16170.204272657975
3609,994399.9999999999,0.0,994399.9999999999,994399.9999999999,16170.17742359269
3610,994399.9999999999,0.0,994399.9999999999,994399.9999999999,16170.15057461654
3611,819265.0,0.0,819265.0,819265.0,14997.158327424742
3612,994399.9999999999,0.0,994399.9999999999,994399.9999999999,16170.097110592871
3613,994399.9999999999,0.0,994399.9999999999,994399.9999999999,16170.070261883377
3614,994399.9999999999,0.0,994399.9999999999,994399.9999999999,16170.043413263022
3615,824352.0,0.0,824352.0,824352.0,15080.732219000505
3616,994399.9999999999,0.0,994399.9999999999,994399.9999999999,16169.989933087594
3617,932149.0,0.0,932149.0,932149.0,16169.963084733934
3618,478530.0,0.0,478530.0,478530.0,9194.375020298197
3619,510522.0,0.0,510522.0,510522.0,9757.645725383385
3620,525940.0,0.0,525940.0,525940.0,10027.580635500344
3621,382450.0,0.0,382450.0,382450.0,7475.564642863963
3622,292392.0,0.0,292392.0,292392.0,5823.484990254549
3623,578905.0,0.0,578905.0,578905.0,10947.659794184581
3624,507538.0,0.0,507538.0,507538.0,9705.207039139415
3625,550723.0,0.0,550723.0,550723.0,10459.40887736372
3626,446534.0,0.0,446534.0,446534.0,8626.522514100981
3627,387218.0,0.0,387218.0,387218.0,7561.795147848991
3628,251509.0,0.0,251509.0,251509.0,5058.442262195205
3629,376144.0,0.0,376144.0,376144.0,7361.149000494333
3630,574955.0,0.0,574955.0,574955.0,10879.292387790398
3631,419861.0,0.0,419861.0,419861.0,8149.695906583985
3632,994399.9999999999,0.0,994399.9999999999,994399.9999999999,16169.583684402001
3633,994399.9999999999,0.0,994399.9999999999,994399.9999999999,16169.556837397118
3634,994399.9999999999,0.0,994399.9999999999,994399.9999999999,16169.529990481371
3635,994399.9999999999,0.0,994399.9999999999,994399.9999999999,16169.503143654754
3636,994399.9999999999,0.0,994399.9999999999,994399.9999999999,16169.476296917266
3637,994399.9999999999,0.0,994399.9999999999,994399.9999999999,16169.449450268916
3638,994399.9999999999,0.0,994399.9999999999,994399.9999999999,16169.422603709689
3639,994399.9999999999,0.0,994399.9999999999,994399.9999999999,16169.395757239596
3640,994399.9999999999,0.0,994399.9999999999,994399.9999999999,16169.368910858631
3641,694576.0,0.0,694576.0,694576.0,12920.318940119361
3642,521623.0,0.0,521623.0,521623.0,9951.72402836441
3643,335553.0,0.0,335553.0,335553.0,6620.361286879009
3644,312632.0,0.0,312632.0,312632.0,6198.3309033348005
3645,212934.0,0.0,212934.0,212934.0,4326.662589411659
3646,225377.0,0.0,225377.0,225377.0,4563.769633686023
3647,149159.99999999997,0.0,149159.99999999997,149159.99999999997,3092.250309552686
3648,110011.00000000003,0.0,110011.00000000003,110011.00000000003,2293.167123693944
3649,0.0,0.0,0.0,0.0,-0.0
3650,0.0,0.0,0.0,0.0,-0.0
3651,28983.0,0.0,28983.0,28983.0,500.17483290077894
3652,0.0,0.0,0.0,0.0,-0.0
3653,61789.0,0.0,61789.0,61789.0,1072.4142063922693
3654,148447.0,0.0,148447.0,148447.0,2793.183749225252
3655,103776.0,0.0,103776.0,103776.0,2159.226031936862
3656,810766.0,0.0,810766.0,810766.0,14213.622677146712
3657,856452.0,0.0,856452.0,856452.0,15604.4298224664
3658,956167.0,0.0,956167.0,956167.0,16167.369392157083
3659,994399.9999999999,0.0,994399.9999999999,994399.9999999999,16167.342552503029
3660,994399.9999999999,0.0,994399.9999999999,994399.9999999999,16167.315712938072
3661,993955.0,0.0,993955.0,993955.0,16167.288873462205
3662,994399.9999999999,0.0,994399.9999999999,994399.9999999999,16167.262034075435
3663,700759.0,0.0,700759.0,700759.0,13022.718746246148
3664,804298.0,0.0,804298.0,804298.0,14747.832177128712
3665,552986.0,0.0,552986.0,552986.0,10496.975551212841
3666,149159.99999999997,0.0,149159.99999999997,149159.99999999997,3091.8031068317046
3667,232448.0,0.0,232448.0,232448.0,4697.3553104245875
3668,149159.99999999997,0.0,149159.99999999997,149159.99999999997,3091.792680388983
3669,117073.00000000006,0.0,117073.00000000006,117073.00000000006,2437.673535022293
3670,0.0,0.0,0.0,0.0,-0.0
3671,0.0,0.0,0.0,0.0,-0.0
3672,0.0,0.0,0.0,0.0,-0.0
3673,0.0,0.0,0.0,0.0,-0.0
3674,0.0,0.0,0.0,0.0,-0.0
3675,0.0,0.0,0.0,0.0,-0.0
3676,0.0,0.0,0.0,0.0,-0.0
3677,18427.0,0.0,18427.0,18427.0,316.98740302883056
3678,535476.0,0.0,535476.0,535476.0,8681.87794726417
3679,884815.0,0.0,884815.0,884815.0,16065.350534765279
3680,990724.0,0.0,990724.0,990724.0,16165.853207801683
3681,994399.9999999999,0.0,994399.9999999999,994399.9999999999,16165.826373180495
3682,994399.9999999999,0.0,994399.9999999999,994399.9999999999,16165.79953864838
3683,994399.9999999999,0.0,994399.9999999999,994399.9999999999,16165.77270420533
3684,721727.0,0.0,721727.0,721727.0,13373.621145001065
3685,337437.0,0.0,337437.0,337437.0,6653.325327045048
3686,899039.0,0.0,899039.0,899039.0,16165.694938559805
3687,994399.9999999999,0.0,994399.9999999999,994399.9999999999,16165.668104463946
3688,994399.9999999999,0.0,994399.9999999999,994399.9999999999,16165.64127045716
3689,300855.0,0.0,300855.0,300855.0,5978.890140093055
3690,149159.99999999997,0.0,149159.99999999997,149159.99999999997,3091.4590340835357
3691,149159.99999999997,0.0,149159.99999999997,149159.99999999997,3091.453891525674
3692,149159.99999999997,0.0,149159.99999999997,149159.99999999997,3091.4487489848266
3693,123929.00000000009,0.0,123929.00000000009,123929.00000000009,2583.240787048829
3694,83254.0,0.0,83254.0,83254.0,1732.3037254253459
3695,97688.0,0.0,97688.0,97688.0,1979.8977850062072
3696,107812.0,0.0,107812.0,107812.0,2208.314614406457
3697,133404.0,0.0,133404.0,133404.0,2686.7756728587487
3698,6747.0,0.0,6747.0,6747.0,138.54432251790104
3699,0.0,0.0,0.0,0.0,-0.0
3700,11520.0,0.0,11520.0,11520.0,198.84512737164346
3701,79950.0,0.0,79950.0,79950.0,1423.784744247693
3702,265785.0,0.0,265785.0,265785.0,4963.475278321473
3703,900492.0,0.0,900492.0,900492.0,16163.788782895592
3704,994399.9999999999,0.0,994399.9999999999,994399.9999999999,16163.761955125028
3705,994399.9999999999,0.0,994399.9999999999,994399.9999999999,16163.735127443502
3706,994399.9999999999,0.0,994399.9999999999,994399.9999999999,16163.708299851003
3707,994399.9999999999,0.0,994399.9999999999,994399.9999999999,16163.681472347553
3708,994399.9999999999,0.0,994399.9999999999,994399.9999999999,16163.654644933127
3709,994399.9999999999,0.0,994399.9999999999,994399.9999999999,16163.627817607741
3710,994399.9999999999,0.0,994399.9999999999,994399.9999999999,16163.600990371395
3711,994399.9999999999,0.0,994399.9999999999,994399.9999999999,16163.574163224073
3712,994399.9999999999,0.0,994399.9999999999,994399.9999999999,16163.547336165788
3713,606878.0,0.0,606878.0,606878.0,11424.643850965092
3714,292937.0,0.0,292937.0,292937.0,5831.102102296518
3715,245243.0,0.0,245243.0,245243.0,4938.165277187607
3716,269794.0,0.0,269794.0,269794.0,5399.537936752723
3717,217833.0,0.0,217833.0,217833.0,4418.367042635921
3718,189329.0,0.0,189329.0,189329.0,3872.1133847071424
3719,352413.0,0.0,352413.0,352413.0,6926.255592665232
3720,320450.0,0.0,320450.0,320450.0,6340.061418386751
3721,392733.0,0.0,392733.0,392733.0,7658.23162105029
3722,332875.0,0.0,332875.0,332875.0,6568.548993132906
3723,149159.99999999997,0.0,149159.99999999997,149159.99999999997,3090.9507773189966
3724,272253.0,0.0,272253.0,272253.0,5445.470316654283
3725,239785.0,0.0,239785.0,239785.0,4834.988003881285
3726,617549.0,0.0,617549.0,617549.0,11607.290847556118
3727,994399.9999999999,0.0,994399.9999999999,994399.9999999999,16163.177617094005
3728,994399.9999999999,0.0,994399.9999999999,994399.9999999999,16163.150791351758
3729,994399.9999999999,0.0,994399.9999999999,994399.9999999999,16163.123965698525
3730,994399.9999999999,0.0,994399.9999999999,994399.9999999999,16163.097140134338
3731,994399.9999999999,0.0,994399.9999999999,994399.9999999999,16163.070314659168
3732,994399.9999999999,0.0,994399.9999999999,994399.9999999999,16163.043489273023
3733,994399.9999999999,0.0,994399.9999999999,994399.9999999999,16163.016663975899
3734,927423.0,0.0,927423.0,927423.0,16162.989838767804
3735,994399.9999999999,0.0,994399.9999999999,994399.9999999999,16162.963013648734
3736,994399.9999999999,0.0,994399.9999999999,994399.9999999999,16162.936188618687
3737,817294.0,0.0,817294.0,817294.0,14957.980668820686
3738,240261.0,0.0,240261.0,240261.0,4843.871799615677
3739,149159.99999999997,0.0,149159.99999999997,149159.99999999997,3090.8592958774566
3740,149159.99999999997,0.0,149159.99999999997,149159.99999999997,3090.8541553036443
3741,137931.00000000006,0.0,137931.00000000006,137931.00000000006,2869.7619057303727
3742,0.0,0.0,0.0,0.0,-0.0
3743,602557.0,0.0,602557.0,602557.0,9457.576486031858
3744,458724.0,0.0,458724.0,458724.0,8838.622822056224
3745,290957.0,0.0,290957.0,290957.0,5793.550074032226
3746,61577.0,0.0,61577.0,61577.0,1282.1983004745941
3747,102833.0,0.0,102833.0,102833.0,1997.1521279318874
3748,49868.0,0.0,49868.0,49868.0,1039.9725604321036
3749,151155.0,0.0,151155.0,151155.0,2801.314638657273
3750,508198.0,0.0,508198.0,508198.0,9710.863871315727
3751,872028.0,0.0,872028.0,872028.0,15851.785798481022
3752,981358.0,0.0,981358.0,981358.0,16160.373872611412
3753,994399.9999999999,0.0,994399.9999999999,994399.9999999999,16160.347056171266
3754,994399.9999999999,0.0,994399.9999999999,994399.9999999999,16160.320239820101
3755,994399.9999999999,0.0,994399.9999999999,994399.9999999999,16160.293423557916
3756,994399.9999999999,0.0,994399.9999999999,994399.9999999999,16160.266607384703
3757,926182.0,0.0,926182.0,926182.0,16160.239791300482
3758,149159.99999999997,0.0,149159.99999999997,149159.99999999997,3090.278388414846
3759,227854.0,0.0,227854.0,227854.0,4607.964383368292
3760,149159.99999999997,0.0,149159.99999999997,149159.99999999997,3090.2679788757937
3761,140794.00000000006,0.0,140794.00000000006,140794.00000000006,2925.69992224194
3762,9008.0,0.0,9008.0,9008.0,181.75208621040215
3763,0.0,0.0,0.0,0.0,-0.0
3764,0.0,0.0,0.0,0.0,-0.0
3765,0.0,0.0,0.0,0.0,-0.0
3766,590689.0,0.0,590689.0,590689.0,9285.928556195144
3767,602204.0,0.0,602204.0,602204.0,11341.064530961425
3768,553267.0,0.0,553267.0,553267.0,10496.232555708712
3769,152490.0,0.0,152490.0,152490.0,3155.28641241416
3770,0.0,0.0,0.0,0.0,-0.0
3771,174024.0,0.0,174024.0,174024.0,2978.94518002757
3772,58741.0,0.0,58741.0,58741.0,1220.4178210901985
3773,146553.0,0.0,146553.0,146553.0,2738.5520278962995
3774,236699.0,0.0,236699.0,236699.0,4774.54637815553
3775,191010.0,0.0,191010.0,191010.0,3902.7376496879656
3776,700316.0,0.0,700316.0,700316.0,13006.752477262327
3777,994399.9999999999,0.0,994399.9999999999,994399.9999999999,16156.889098009537
3778,763334.0,0.0,763334.0,763334.0,14060.241816001482
3779,991886.0,0.0,991886.0,991886.0,16156.83590989057
3780,994399.9999999999,0.0,994399.9999999999,994399.9999999999,16156.809105186901
3781,994399.9999999999,0.0,994399.9999999999,994399.9999999999,16156.782300572158
3782,994399.9999999999,0.0,994399.9999999999,994399.9999999999,16156.755496046333
3783,994399.9999999999,0.0,994399.9999999999,994399.9999999999,16156.728691609433
3784,888485.0,0.0,888485.0,888485.0,16115.857069501484
3785,431127.0,0.0,431127.0,431127.0,8344.325419275441
3786,149159.99999999997,0.0,149159.99999999997,149159.99999999997,3089.496106566194
3787,149159.99999999997,0.0,149159.99999999997,149159.99999999997,3089.4909705004943
3788,212971.0,0.0,212971.0,212971.0,4323.573057183006
3789,90796.00000000006,0.0,90796.00000000006,90796.00000000006,1890.7608278315936
3790,125531.0,0.0,125531.0,125531.0,2491.445115793712
3791,34103.0,0.0,34103.0,34103.0,706.4277457070865
3792,42541.0,0.0,42541.0,42541.0,847.3325633478371
3793,0.0,0.0,0.0,0.0,-0.0
3794,0.0,0.0,0.0,0.0,-0.0
3795,0.0,0.0,0.0,0.0,-0.0
3796,0.0,0.0,0.0,0.0,-0.0
3797,50706.0,0.0,50706.0,50706.0,880.1701236621564
3798,490218.0,0.0,490218.0,490218.0,8406.66222810601
3799,829776.0,0.0,829776.0,829776.0,15155.629892817631
3800,958617.0,0.0,958617.0,958617.0,16154.928312143265
3801,994399.9999999999,0.0,994399.9999999999,994399.9999999999,16154.901513766772
3802,835911.0,0.0,835911.0,835911.0,15256.181013869886
3803,874684.0,0.0,874684.0,874684.0,15889.579705969943
3804,974711.0,0.0,974711.0,974711.0,16154.821349792262
3805,994399.9999999999,0.0,994399.9999999999,994399.9999999999,16154.794551770565
3806,871315.0,0.0,871315.0,871315.0,15834.633527228336
3807,994399.9999999999,0.0,994399.9999999999,994399.9999999999,16154.741019143099
3808,994399.9999999999,0.0,994399.9999999999,994399.9999999999,16154.714221387856
3809,467525.0,0.0,467525.0,467525.0,8990.599790924196
3810,152703.0,0.0,152703.0,152703.0,3158.513205542536
3811,149159.99999999997,0.0,149159.99999999997,149159.99999999997,3089.0545389482427
3812,150402.0,0.0,150402.0,150402.0,3113.4104354065767
3813,224699.0,0.0,224699.0,224699.0,4546.273904326946
3814,205377.0,0.0,205377.0,205377.0,4177.8389550584025
3815,363817.0,0.0,363817.0,363817.0,7129.898252217207
3816,513344.0,0.0,513344.0,513344.0,9797.298690553635
3817,572303.0,0.0,572303.0,572303.0,10822.857934577045
3818,573142.0,0.0,573142.0,573142.0,10837.335863503935
3819,573467.0,0.0,573467.0,573467.0,10842.932366765777
3820,310903.0,0.0,310903.0,310903.0,6160.184608915361
3821,369763.0,0.0,369763.0,369763.0,7237.882522860196
3822,303603.0,0.0,303603.0,303603.0,6025.208422359654
3823,885069.0,0.0,885069.0,885069.0,16058.005014396917
3824,955222.0,0.0,955222.0,955222.0,16154.316422800346
3825,994399.9999999999,0.0,994399.9999999999,994399.9999999999,16154.289626453457
3826,844544.0,0.0,844544.0,844544.0,15397.006539060714
3827,925508.0,0.0,925508.0,925508.0,16154.23618405936
3828,994399.9999999999,0.0,994399.9999999999,994399.9999999999,16154.209387978615
3829,570732.0,0.0,570732.0,570732.0,10795.490430904876
3830,401775.0,0.0,401775.0,401775.0,7816.533466867815
3831,302152.0,0.0,302152.0,302152.0,5998.252144889164
3832,523679.0,0.0,523679.0,523679.0,9977.808509024577
3833,487547.0,0.0,487547.0,487547.0,9343.876071103079
3834,149228.0,0.0,149228.0,149228.0,3090.2608771277733
3835,149159.99999999997,0.0,149159.99999999997,149159.99999999997,3088.9216177646003
3836,302526.0,0.0,302526.0,302526.0,6005.126791777352
3837,365664.0,0.0,365664.0,365664.0,7163.215154510462
3838,397975.0,0.0,397975.0,397975.0,7747.988125934242
3839,440540.0,0.0,440540.0,440540.0,8510.790442407677
3840,448692.0,0.0,448692.0,448692.0,8655.928240484991
3841,401153.0,0.0,401153.0,401153.0,7805.194091282695
3842,347115.0,0.0,347115.0,347115.0,6825.100199594059
3843,300327.0,0.0,300327.0,300327.0,5964.332182954144
3844,192758.0,0.0,192758.0,192758.0,3935.5175399455657
3845,337810.0,0.0,337810.0,337810.0,6654.817653292457
3846,149159.99999999997,0.0,149159.99999999997,149159.99999999997,3088.8622896395723
3847,788040.0,0.0,788040.0,788040.0,14466.974558647766
3848,939690.0,0.0,939690.0,939690.0,16153.713270271375
3849,936644.0,0.0,936644.0,936644.0,16153.686475925035
3850,849668.0,0.0,849668.0,849668.0,15480.25307947092
3851,479576.0,0.0,479576.0,479576.0,9203.024429799667
3852,980525.0,0.0,980525.0,980525.0,16153.607725402508
3853,994399.9999999999,0.0,994399.9999999999,994399.9999999999,16153.580931406232
3854,849695.0,0.0,849695.0,849695.0,15480.592927494941
3855,738604.0,0.0,738604.0,738604.0,13645.47593964231
3856,994399.9999999999,0.0,994399.9999999999,994399.9999999999,16153.501189743407
3857,471368.0,0.0,471368.0,471368.0,9057.890269414844
3858,249369.0,0.0,249369.0,249369.0,5012.517803199587
3859,264250.0,0.0,264250.0,264250.0,5292.048456527931
3860,272976.0,0.0,272976.0,272976.0,5455.316324471223
3861,283879.0,0.0,283879.0,283879.0,5658.672684682976
3862,236105.0,0.0,236105.0,236105.0,4762.120069743533
3863,192966.0,0.0,192966.0,192966.0,3939.3849768126684
3864,209706.0,0.0,209706.0,209706.0,4260.240994874638
3865,235339.0,0.0,235339.0,235339.0,4747.598325538767
3866,168115.0,0.0,168115.0,168115.0,3458.895350946522
3867,149159.99999999997,0.0,149159.99999999997,149159.99999999997,3088.7431863546494
3868,129783.00000000003,0.0,129783.00000000003,129783.00000000003,2701.7452542054357
3869,141044.0,0.0,141044.0,141044.0,2911.1190975645745
3870,441061.0,0.0,441061.0,441061.0,8519.611142295844
3871,818440.0,0.0,818440.0,818440.0,14967.652061243458
3872,949101.0,0.0,949101.0,949101.0,16153.057192851153
3873,994399.9999999999,0.0,994399.9999999999,994399.9999999999,16153.030400680564
3874,994399.9999999999,0.0,994399.9999999999,994399.9999999999,16153.00360859884
3875,994399.9999999999,0.0,994399.9999999999,994399.9999999999,16152.97681660597
3876,994399.9999999999,0.0,994399.9999999999,994399.9999999999,16152.950024701962
3877,669150.0,0.0,669150.0,669150.0,12477.659636211883
3878,979294.0,0.0,979294.0,979294.0,16152.897194344447
3879,994399.9999999999,0.0,994399.9999999999,994399.9999999999,16152.870402704517
3880,990743.0,0.0,990743.0,990743.0,16152.843611153441
3881,218624.0,0.0,218624.0,218624.0,4430.180623988113
3882,226151.0,0.0,226151.0,226151.0,4573.283471274565
3883,250950.0,0.0,250950.0,250950.0,5042.047841188439
3884,270208.0,0.0,270208.0,270208.0,5403.330769609717
3885,368952.0,0.0,368952.0,368952.0,7222.346738428593
3886,464526.0,0.0,464526.0,464526.0,8936.310594254295
3887,415697.0,0.0,415697.0,415697.0,8065.915612544172
3888,540499.0,0.0,540499.0,540499.0,10270.116050318085
3889,414053.0,0.0,414053.0,414053.0,8036.395964961275
3890,359119.0,0.0,359119.0,359119.0,7043.474742680184
3891,353033.0,0.0,353033.0,353033.0,6932.545684574155
3892,325066.0,0.0,325066.0,325066.0,6420.367782953075
3893,243006.0,0.0,243006.0,243006.0,4892.243918095188
3894,495007.0,0.0,495007.0,495007.0,9474.219471126375
3895,786251.0,0.0,786251.0,786251.0,14436.238246827488
3896,929239.0,0.0,929239.0,929239.0,16152.445099732588
3897,981499.0,0.0,981499.0,981499.0,16152.418309592054
3898,994399.9999999999,0.0,994399.9999999999,994399.9999999999,16152.39151954036
3899,994399.9999999999,0.0,994399.9999999999,994399.9999999999,16152.364729577524
3900,994399.9999999999,0.0,994399.9999999999,994399.9999999999,16152.33793970353
3901,994399.9999999999,0.0,994399.9999999999,994399.9999999999,16152.311149918383
3902,994399.9999999999,0.0,994399.9999999999,994399.9999999999,16152.284360222093
3903,994399.9999999999,0.0,994399.9999999999,994399.9999999999,16152.257570614642
3904,899115.0,0.0,899115.0,899115.0,16152.230781096041
3905,534078.0,0.0,534078.0,534078.0,10158.008143047742
3906,169952.0,0.0,169952.0,169952.0,3494.3291307824397
3907,283486.0,0.0,283486.0,283486.0,5650.883989187982
3908,439940.0,0.0,439940.0,439940.0,8499.082470864676
3909,500160.0,0.0,500160.0,500160.0,9564.543319184118
3910,532753.0,0.0,532753.0,532753.0,10134.83286250893
3911,578871.0,0.0,578871.0,578871.0,10934.54401725927
3912,578067.0,0.0,578067.0,578067.0,10920.654354854281
3913,573209.0,0.0,573209.0,573209.0,10836.76809692506
3914,522398.0,0.0,522398.0,522398.0,9954.045473364851
3915,582941.0,0.0,582941.0,582941.0,11004.653959508732
3916,486865.0,0.0,486865.0,486865.0,9330.541446783349
3917,601870.0,0.0,601870.0,601870.0,11330.203993715922
3918,689433.0,0.0,689433.0,689433.0,12819.376773465185
3919,903503.0,0.0,903503.0,903503.0,16151.849124796176
3920,994399.9999999999,0.0,994399.9999999999,994399.9999999999,16151.822336632154
3921,994399.9999999999,0.0,994399.9999999999,994399.9999999999,16151.795548556967
3922,994399.9999999999,0.0,994399.9999999999,994399.9999999999,16151.768760570627
3923,994399.9999999999,0.0,994399.9999999999,994399.9999999999,16151.741972673122
3924,994399.9999999999,0.0,994399.9999999999,994399.9999999999,16151.715184864453
3925,994399.9999999999,0.0,994399.9999999999,994399.9999999999,16151.688397144624
3926,994399.9999999999,0.0,994399.9999999999,994399.9999999999,16151.661609513638
3927,977844.0,0.0,977844.0,977844.0,16151.634821971478
3928,911238.0,0.0,911238.0,911238.0,16151.608034518162
3929,489665.0,0.0,489665.0,489665.0,9379.649776292754
3930,177368.0,0.0,177368.0,177368.0,3637.966618515504
3931,149159.99999999997,0.0,149159.99999999997,149159.99999999997,3088.372531144248
3932,279912.0,0.0,279912.0,279912.0,5584.049550317717
3933,205604.0,0.0,205604.0,205604.0,4181.285191098727
3934,229675.0,0.0,229675.0,229675.0,4639.721940072203
3935,491743.0,0.0,491743.0,491743.0,9416.141308200276
3936,482116.0,0.0,482116.0,482116.0,9246.503118900351
3937,569158.0,0.0,569158.0,569158.0,10766.333524635462
3938,591518.0,0.0,591518.0,591518.0,11151.923936678984
3939,544012.0,0.0,544012.0,544012.0,10330.34425623398
3940,554002.0,0.0,554002.0,554002.0,10503.817921475758
3941,554060.0,0.0,554060.0,554060.0,10504.806614946221
3942,349076.0,0.0,349076.0,349076.0,6859.723052385289
3943,807516.0,0.0,807516.0,807516.0,14786.135222378394
3944,889198.0,0.0,889198.0,889198.0,16121.952046320695
3945,994399.9999999999,0.0,994399.9999999999,994399.9999999999,16151.180042926917
3946,994399.9999999999,0.0,994399.9999999999,994399.9999999999,16151.15325698178
3947,994399.9999999999,0.0,994399.9999999999,994399.9999999999,16151.126471125472
3948,994399.9999999999,0.0,994399.9999999999,994399.9999999999,16151.099685357982
3949,994399.9999999999,0.0,994399.9999999999,994399.9999999999,16151.07289967933
3950,994399.9999999999,0.0,994399.9999999999,994399.9999999999,16151.046114089504
3951,994399.9999999999,0.0,994399.9999999999,994399.9999999999,16151.019328588498
3952,994399.9999999999,0.0,994399.9999999999,994399.9999999999,16150.99254317633
3953,620874.0,0.0,620874.0,620874.0,11655.04197647228
3954,227764.0,0.0,227764.0,227764.0,4603.309649280881
3955,534635.0,0.0,534635.0,534635.0,10166.863222200782
3956,592070.0,0.0,592070.0,592070.0,11161.08157665989
3957,592010.0,0.0,592010.0,592010.0,11160.031031585813
3958,590905.0,0.0,590905.0,590905.0,11141.003400339634
3959,601556.0,0.0,601556.0,601556.0,11324.0217449098
3960,594364.0,0.0,594364.0,594364.0,11200.45556625311
3961,535056.0,0.0,535056.0,535056.0,10174.095968201016
3962,463358.0,0.0,463358.0,463358.0,8914.465918457578
3963,565650.0,0.0,565650.0,565650.0,10705.195617938143
3964,485580.0,0.0,485580.0,485580.0,9307.13937661753
3965,666788.0,0.0,666788.0,666788.0,12435.881004258634
3966,916128.0,0.0,916128.0,916128.0,16150.633944575184
3967,994399.9999999999,0.0,994399.9999999999,994399.9999999999,16150.607160441003
3968,994399.9999999999,0.0,994399.9999999999,994399.9999999999,16150.580376395648
3969,994399.9999999999,0.0,994399.9999999999,994399.9999999999,16150.553592439112
3970,994399.9999999999,0.0,994399.9999999999,994399.9999999999,16150.526808571398
3971,650714.0,0.0,650714.0,650714.0,12163.16464920428
3972,994399.9999999999,0.0,994399.9999999999,994399.9999999999,16150.474061511484
3973,994399.9999999999,0.0,994399.9999999999,994399.9999999999,16150.4472779075
3974,994399.9999999999,0.0,994399.9999999999,994399.9999999999,16150.42049439233
3975,994399.9999999999,0.0,994399.9999999999,994399.9999999999,16150.393710965976
3976,952222.0,0.0,952222.0,952222.0,16150.366927628445
3977,551018.0,0.0,551018.0,551018.0,10451.38111990709
3978,218928.0,0.0,218928.0,218928.0,4435.198408520441
3979,201686.0,0.0,201686.0,201686.0,4105.923230351352
3980,154024.0,0.0,154024.0,154024.0,3183.384524330739
3981,169462.0,0.0,169462.0,169462.0,3484.335643102935
3982,180903.0,0.0,180903.0,180903.0,3705.9946017849043
3983,149159.99999999997,0.0,149159.99999999997,149159.99999999997,3088.079217393007
3984,149159.99999999997,0.0,149159.99999999997,149159.99999999997,3088.074086011579
3985,103011.00000000006,0.0,103011.00000000006,103011.00000000006,2141.555657281678
3986,29560.0,0.0,29560.0,29560.0,610.8100818104152
3987,0.0,0.0,0.0,0.0,-0.0
3988,0.0,0.0,0.0,0.0,-0.0
3989,71012.0,0.0,71012.0,71012.0,1231.8213504451421
3990,232195.0,0.0,232195.0,232195.0,4311.018215006778
3991,815687.0,0.0,815687.0,815687.0,14918.505933009867
3992,589762.0,0.0,589762.0,589762.0,11119.953571516831
3993,994399.9999999999,0.0,994399.9999999999,994399.9999999999,16148.884151884935
3994,994399.9999999999,0.0,994399.9999999999,994399.9999999999,16148.857373553075
3995,994399.9999999999,0.0,994399.9999999999,994399.9999999999,16148.830595310003
3996,915606.0,0.0,915606.0,915606.0,16148.803817155722
3997,620040.0,0.0,620040.0,620040.0,11639.150025445002
3998,932286.0,0.0,932286.0,932286.0,16148.751195614717
3999,738018.0,0.0,738018.0,738018.0,13631.56144610938
4000,149159.99999999997,0.0,149159.99999999997,149159.99999999997,3087.750333272085
4001,577364.0,0.0,577364.0,577364.0,10906.161910126964
4002,280262.0,0.0,280262.0,280262.0,5589.482696705797
4003,364603.0,0.0,364603.0,364603.0,7141.3610931351095
4004,534482.0,0.0,534482.0,534482.0,10162.667993194858
4005,571932.0,0.0,571932.0,571932.0,10812.311920238353
4006,572592.0,0.0,572592.0,572592.0,10823.694410311464
4007,540458.0,0.0,540458.0,540458.0,10266.654825095078
4008,487179.0,0.0,487179.0,487179.0,9333.978149598408
4009,504114.0,0.0,504114.0,504114.0,9631.676559199279
4010,414902.0,0.0,414902.0,414902.0,8049.400167905099
4011,310327.0,0.0,310327.0,310327.0,6147.049609939561
4012,209317.0,0.0,209317.0,209317.0,4251.360825620347
4013,281178.0,0.0,281178.0,281178.0,5606.445147205514
4014,518997.0,0.0,518997.0,518997.0,9892.257077394363
4015,836462.0,0.0,836462.0,836462.0,15258.982419478889
4016,967001.0,0.0,967001.0,967001.0,16148.297352876642
4017,994399.9999999999,0.0,994399.9999999999,994399.9999999999,16148.270576490433
4018,994399.9999999999,0.0,994399.9999999999,994399.9999999999,16148.24380019301
4019,566973.0,0.0,566973.0,566973.0,10726.351773104498
4020,628989.0,0.0,628989.0,628989.0,11791.545552114916
4021,994399.9999999999,0.0,994399.9999999999,994399.9999999999,16148.165511479401
4022,994399.9999999999,0.0,994399.9999999999,994399.9999999999,16148.138735530332
4023,994399.9999999999,0.0,994399.9999999999,994399.9999999999,16148.111959670041
4024,945613.0,0.0,945613.0,945613.0,16148.08518389853
4025,903529.0,0.0,903529.0,903529.0,16148.058408215797
4026,613013.0,0.0,613013.0,613013.0,11518.381678673615
4027,149159.99999999997,0.0,149159.99999999997,149159.99999999997,3087.5983471447407
4028,47364.00000000003,0.0,47364.00000000003,47364.00000000003,984.2775830593064
4029,143934.0,0.0,143934.0,143934.0,2653.3935952044676
4030,579216.0,0.0,579216.0,579216.0,10937.056176148852
4031,540243.0,0.0,540243.0,540243.0,10262.003672567891
4032,576984.0,0.0,576984.0,576984.0,10898.510176205065
4033,496217.0,0.0,496217.0,496217.0,9492.141766685503
4034,431211.0,0.0,431211.0,431211.0,8340.526711633478
4035,332661.0,0.0,332661.0,332661.0,6557.430947645935
4036,354216.0,0.0,354216.0,354216.0,6951.529711070271
4037,526691.0,0.0,526691.0,526691.0,10025.769452179271
4038,666521.0,0.0,666521.0,666521.0,12428.435923178762
4039,967053.0,0.0,967053.0,967053.0,16146.94182755435
4040,784385.0,0.0,784385.0,784385.0,14400.347608440286
4041,487796.0,0.0,487796.0,487796.0,9343.86143115824
4042,994399.9999999999,0.0,994399.9999999999,994399.9999999999,16146.8633240131
4043,916264.0,0.0,916264.0,916264.0,16146.836552379862
4044,881034.0,0.0,881034.0,881034.0,15984.9408639324
4045,994399.9999999999,0.0,994399.9999999999,994399.9999999999,16146.783041242183
4046,994399.9999999999,0.0,994399.9999999999,994399.9999999999,16146.756269875108
4047,994399.9999999999,0.0,994399.9999999999,994399.9999999999,16146.72949859679
4048,994399.9999999999,0.0,994399.9999999999,994399.9999999999,16146.702727407224
4049,527342.0,0.0,527342.0,527342.0,10036.921833919028
4050,236290.0,0.0,236290.0,236290.0,4763.41605245591
4051,372357.0,0.0,372357.0,372357.0,7281.186131388859
4052,434940.0,0.0,434940.0,434940.0,8406.830905283767
4053,570706.0,0.0,570706.0,570706.0,10789.737140663454
4054,445352.0,0.0,445352.0,445352.0,8592.321210631717
4055,577559.0,0.0,577559.0,577559.0,10908.013025905007
4056,561180.0,0.0,561180.0,561180.0,10624.925995209363
4057,555411.0,0.0,555411.0,555411.0,10524.959398909943
4058,561080.0,0.0,561080.0,561080.0,10623.159375477244
4059,578657.0,0.0,578657.0,578657.0,10926.880128446388
4060,571808.0,0.0,571808.0,571808.0,10808.649461801133
4061,591932.0,0.0,591932.0,591932.0,11155.460659883534
4062,463842.0,0.0,463842.0,463842.0,8920.466728223762
4063,356599.0,0.0,356599.0,356599.0,6994.626006398022
4064,289256.0,0.0,289256.0,289256.0,5755.931486678856
4065,510385.0,0.0,510385.0,510385.0,9740.218872501688
4066,756917.0,0.0,756917.0,756917.0,13944.228952902255
4067,969401.0,0.0,969401.0,969401.0,16146.220322426992
4068,531963.0,0.0,531963.0,531963.0,10117.188221485103
4069,257822.0,0.0,257822.0,257822.0,5168.895232547257
4070,994399.9999999999,0.0,994399.9999999999,994399.9999999999,16146.143907256519
4071,994399.9999999999,0.0,994399.9999999999,994399.9999999999,16146.11713800835
4072,994399.9999999999,0.0,994399.9999999999,994399.9999999999,16146.09036884893
4073,501614.0,0.0,501614.0,501614.0,9586.293501085524
4074,149159.99999999997,0.0,149159.99999999997,149159.99999999997,3087.166446168388
4075,125411.00000000003,0.0,125411.00000000003,125411.00000000003,2608.9443309927224
4076,65549.0,0.0,65549.0,65549.0,1364.7259812629256
4077,22393.0,0.0,22393.0,22393.0,463.989603830056
4078,0.0,0.0,0.0,0.0,-0.0
4079,0.0,0.0,0.0,0.0,-0.0
4080,0.0,0.0,0.0,0.0,-0.0
4081,0.0,0.0,0.0,0.0,-0.0
4082,0.0,0.0,0.0,0.0,-0.0
4083,0.0,0.0,0.0,0.0,-0.0
4084,0.0,0.0,0.0,0.0,-0.0
4085,69824.0,0.0,69824.0,69824.0,1211.913299720642
4086,429563.0,0.0,429563.0,429563.0,7643.7679806084825
4087,806555.0,0.0,806555.0,806555.0,14764.34574935572
4088,940560.0,0.0,940560.0,940560.0,16144.760269291755
4089,984671.0,0.0,984671.0,984671.0,16144.733504630545
4090,994399.9999999999,0.0,994399.9999999999,994399.9999999999,16144.706740058054
4091,994399.9999999999,0.0,994399.9999999999,994399.9999999999,16144.679975574292
4092,994399.9999999999,0.0,994399.9999999999,994399.9999999999,16144.65321117924
4093,994399.9999999999,0.0,994399.9999999999,994399.9999999999,16144.626446872926
4094,719118.0,0.0,719118.0,719118.0,13312.0700995739
4095,160542.0,0.0,160542.0,160542.0,3309.3856826500196
4096,149159.99999999997,0.0,149159.99999999997,149159.99999999997,3086.8397598640177
4097,149159.99999999997,0.0,149159.99999999997,149159.99999999997,3086.834632578378
4098,111378.00000000006,0.0,111378.00000000006,111378.00000000006,2316.2133140808255
4099,44288.0,0.0,44288.0,44288.0,917.8106746566298
4100,0.0,0.0,0.0,0.0,-0.0
4101,0.0,0.0,0.0,0.0,-0.0
4102,0.0,0.0,0.0,0.0,-0.0
4103,0.0,0.0,0.0,0.0,-0.0
4104,0.0,0.0,0.0,0.0,-0.0
4105,0.0,0.0,0.0,0.0,-0.0
4106,0.0,0.0,0.0,0.0,-0.0
4107,0.0,0.0,0.0,0.0,-0.0
4108,0.0,0.0,0.0,0.0,-0.0
4109,79874.0,0.0,79874.0,79874.0,1385.8490550071124
4110,523501.0,0.0,523501.0,523501.0,9291.71023808609
4111,864669.0,0.0,864669.0,864669.0,15715.08854265795
4112,975669.0,0.0,975669.0,975669.0,16143.256946977699
4113,994399.9999999999,0.0,994399.9999999999,994399.9999999999,16143.230187299747
4114,994399.9999999999,0.0,994399.9999999999,994399.9999999999,16143.203427710485
4115,864744.0,0.0,864744.0,864744.0,15716.206528867571
4116,543942.0,0.0,543942.0,543942.0,10323.642512500937
4117,675459.0,0.0,675459.0,675459.0,12576.521010250966
4118,490821.0,0.0,490821.0,490821.0,9394.784263570355
4119,302491.0,0.0,302491.0,302491.0,6000.0225824635045
4120,477142.0,0.0,477142.0,477142.0,9153.686531189895
4121,356328.0,0.0,356328.0,356328.0,6988.142861075737
4122,148392.00000000023,0.0,148392.00000000023,148392.00000000023,3071.439313111223
4123,307481.0,0.0,307481.0,307481.0,6092.230583668547
4124,164603.0,0.0,164603.0,164603.0,3388.1016994958864
4125,77300.0,0.0,77300.0,77300.0,1606.9704582465938
4126,106990.0,0.0,106990.0,106990.0,2118.3767250582423
4127,33270.0,0.0,33270.0,33270.0,689.4574355823222
4128,69580.0,0.0,69580.0,69580.0,1311.2373609454633
4129,163400.0,0.0,163400.0,163400.0,3094.7500823482624
4130,185469.0,0.0,185469.0,185469.0,3791.885094642502
4131,199947.0,0.0,199947.0,199947.0,4070.1439204478397
4132,247929.0,0.0,247929.0,247929.0,4981.348192252712
4133,434030.0,0.0,434030.0,434030.0,8387.836715928106
4134,607945.0,0.0,607945.0,607945.0,11426.84998596525
4135,888905.0,0.0,888905.0,888905.0,16107.585811582303
4136,994399.9999999999,0.0,994399.9999999999,994399.9999999999,16141.55354513321
4137,735543.0,0.0,735543.0,735543.0,13584.06910365332
4138,994399.9999999999,0.0,994399.9999999999,994399.9999999999,16141.500553605869
4139,963517.0,0.0,963517.0,963517.0,16141.473799747455
4140,994399.9999999999,0.0,994399.9999999999,994399.9999999999,16141.447045977702
4141,734089.0,0.0,734089.0,734089.0,13559.705877714276
4142,457603.0,0.0,457603.0,457603.0,8806.99872268468
4143,531107.0,0.0,531107.0,531107.0,10099.0982480205
4144,772253.0,0.0,772253.0,772253.0,14194.469325390033
4145,543078.0,0.0,543078.0,543078.0,10307.399821313746
4146,176245.0,0.0,176245.0,176245.0,3613.6123066422597
4147,171475.0,0.0,171475.0,171475.0,3521.190489438172
4148,149159.99999999997,0.0,149159.99999999997,149159.99999999997,3086.1141895209007
4149,149159.99999999997,0.0,149159.99999999997,149159.99999999997,3086.1090646318894
4150,90065.00000000006,0.0,90065.00000000006,90065.00000000006,1874.3189180742104
4151,105106.0,0.0,105106.0,105106.0,2134.7001466161314
4152,80731.0,0.0,80731.0,80731.0,1679.7365299817664
4153,58636.0,0.0,58636.0,58636.0,1217.0781530349389
4154,41660.0,0.0,41660.0,41660.0,865.9394833308365
4155,27135.0,0.0,27135.0,27135.0,562.9689873612914
4156,0.0,0.0,0.0,0.0,-0.0
4157,94586.0,0.0,94586.0,94586.0,1640.4447040300352
4158,530921.0,0.0,530921.0,530921.0,9597.025575844247
4159,864322.0,0.0,864322.0,864322.0,15706.037347081961
4160,994399.9999999999,0.0,994399.9999999999,994399.9999999999,16139.779082392695
4161,567846.0,0.0,567846.0,567846.0,10735.569424712612
4162,994399.9999999999,0.0,994399.9999999999,994399.9999999999,16139.726720374816
4163,917787.0,0.0,917787.0,917787.0,16139.69997239478
4164,678082.0,0.0,678082.0,678082.0,12618.047863693362
4165,994399.9999999999,0.0,994399.9999999999,994399.9999999999,16139.64719633193
4166,910596.0,0.0,910596.0,910596.0,16139.620448615427
4167,307342.0,0.0,307342.0,307342.0,6088.2660677601825
4168,149159.99999999997,0.0,149159.99999999997,149159.99999999997,3085.7465019127394
4169,279251.0,0.0,279251.0,279251.0,5567.177759540842
4170,243830.0,0.0,243830.0,243830.0,4903.399203232145
4171,234376.0,0.0,234376.0,234376.0,4724.87450465765
4172,256028.0,0.0,256028.0,256028.0,5132.85155556936
4173,246088.0,0.0,246088.0,246088.0,4945.924578647331
4174,149159.99999999997,0.0,149159.99999999997,149159.99999999997,3085.7149329355434
4175,149159.99999999997,0.0,149159.99999999997,149159.99999999997,3085.70980936527
4176,171644.0,0.0,171644.0,171644.0,3523.99874470819
4177,149159.99999999997,0.0,149159.99999999997,149159.99999999997,3085.699520407402
4178,211107.0,0.0,211107.0,211107.0,4282.839067442627
4179,149159.99999999997,0.0,149159.99999999997,149159.99999999997,3085.6891665828784
4180,80774.00000000015,0.0,80774.00000000015,80774.00000000015,1680.3715901857465
4181,55578.0,0.0,55578.0,55578.0,1156.622889724508
4182,373349.0,0.0,373349.0,373349.0,6575.384411350667
4183,555244.0,0.0,555244.0,555244.0,10516.665411097003
4184,743644.0,0.0,743644.0,743644.0,13716.580621078218
4185,911374.0,0.0,911374.0,911374.0,16138.502231212758
4186,994399.9999999999,0.0,994399.9999999999,994399.9999999999,16138.475487288588
4187,994399.9999999999,0.0,994399.9999999999,994399.9999999999,16138.448743453044
4188,940500.0,0.0,940500.0,940500.0,16138.421999706117
4189,935208.0,0.0,935208.0,935208.0,16138.395256047812
4190,924683.0,0.0,924683.0,924683.0,16138.36851247812
4191,837875.0,0.0,837875.0,837875.0,15272.62503336839
4192,740806.0,0.0,740806.0,740806.0,13669.097078198172
4193,402409.0,0.0,402409.0,402409.0,7819.6912771486595
4194,149159.99999999997,0.0,149159.99999999997,149159.99999999997,3085.4600488214896
4195,240617.0,0.0,240617.0,240617.0,4842.36770604799
4196,149159.99999999997,0.0,149159.99999999997,149159.99999999997,3085.449653249388
4197,149159.99999999997,0.0,149159.99999999997,149159.99999999997,3085.444530554819
4198,164897.0,0.0,164897.0,164897.0,3392.675536867807
4199,149159.99999999997,0.0,149159.99999999997,149159.99999999997,3085.434255478462
4200,115230.00000000012,0.0,115230.00000000012,115230.00000000012,2396.3054474258047
4201,67698.0,0.0,67698.0,67698.0,1406.4628755379142
4202,27907.0,0.0,27907.0,27907.0,578.037720771542
4203,0.0,0.0,0.0,0.0,-0.0
4204,0.0,0.0,0.0,0.0,-0.0
4205,44803.0,0.0,44803.0,44803.0,777.5810316406853
4206,294426.0,0.0,294426.0,294426.0,5198.859850491017
4207,860285.0,0.0,860285.0,860285.0,15637.386360823211
4208,639185.0,0.0,639185.0,639185.0,11956.65146703047
4209,994399.9999999999,0.0,994399.9999999999,994399.9999999999,16136.83723601301
4210,994399.9999999999,0.0,994399.9999999999,994399.9999999999,16136.810497605855
4211,994399.9999999999,0.0,994399.9999999999,994399.9999999999,16136.783759287297
4212,994399.9999999999,0.0,994399.9999999999,994399.9999999999,16136.757021057329
4213,994399.9999999999,0.0,994399.9999999999,994399.9999999999,16136.73028291595
4214,994399.9999999999,0.0,994399.9999999999,994399.9999999999,16136.703544863163
4215,994399.9999999999,0.0,994399.9999999999,994399.9999999999,16136.676806898968
4216,601692.0,0.0,601692.0,601692.0,11316.039852848757
4217,386483.0,0.0,386483.0,386483.0,7531.866586362686
4218,243339.0,0.0,243339.0,243339.0,4893.156584886403
4219,149159.99999999997,0.0,149159.99999999997,149159.99999999997,3085.0894285498935
4220,332833.0,0.0,332833.0,332833.0,6555.944913907344
4221,326952.0,0.0,326952.0,326952.0,6448.058413050558
4222,214896.0,0.0,214896.0,214896.0,4354.213830962359
4223,260761.0,0.0,260761.0,260761.0,5220.561139312065
4224,222471.0,0.0,222471.0,222471.0,4498.268434648837
4225,228965.0,0.0,228965.0,228965.0,4621.449753970689
4226,288143.0,0.0,288143.0,288143.0,5731.384862197711
4227,471198.0,0.0,471198.0,471198.0,9044.72436981256
4228,232211.0,0.0,232211.0,232211.0,4682.892630542404
4229,149159.99999999997,0.0,149159.99999999997,149159.99999999997,3085.0363776417644
4230,474622.0,0.0,474622.0,474622.0,9105.160054415732
4231,839035.0,0.0,839035.0,839035.0,15289.654124574146
4232,955820.0,0.0,955820.0,955820.0,16136.25864640369
4233,994399.9999999999,0.0,994399.9999999999,994399.9999999999,16136.231909913544
4234,994399.9999999999,0.0,994399.9999999999,994399.9999999999,16136.205173511975
4235,710727.0,0.0,710727.0,710727.0,13164.397782491398
4236,994399.9999999999,0.0,994399.9999999999,994399.9999999999,16136.152303901848
4237,851571.0,0.0,851571.0,851571.0,15494.448779906788
4238,868774.0,0.0,868774.0,868774.0,15774.930600843503
4239,994399.9999999999,0.0,994399.9999999999,994399.9999999999,16136.072293760066
4240,901478.0,0.0,901478.0,901478.0,16136.045557887332
4241,366053.0,0.0,366053.0,366053.0,7161.663528764057
4242,149159.99999999997,0.0,149159.99999999997,149159.99999999997,3084.9618274813247
4243,5492.000000000029,0.0,5492.000000000029,5492.000000000029,113.8536193235108
4244,246476.0,0.0,246476.0,246476.0,4157.017614716812
4245,50187.0,0.0,50187.0,50187.0,1044.579129546661
4246,108818.0,0.0,108818.0,108818.0,2061.827053007689
4247,250932.0,0.0,250932.0,250932.0,4849.041594341628
4248,264674.0,0.0,264674.0,264674.0,5292.964251941506
4249,243403.0,0.0,243403.0,243403.0,4893.49791974214
4250,270913.0,0.0,270913.0,270913.0,5409.5753137305455
4251,378154.0,0.0,378154.0,378154.0,7380.005113934376
4252,416740.0,0.0,416740.0,416740.0,8074.59481488568
4253,564140.0,0.0,564140.0,564140.0,10667.48213637577
4254,671087.0,0.0,671087.0,671087.0,12495.293326394516
4255,924498.0,0.0,924498.0,924498.0,16133.885907530777
4256,994399.9999999999,0.0,994399.9999999999,994399.9999999999,16133.859178899322
4257,994399.9999999999,0.0,994399.9999999999,994399.9999999999,16133.832450356404
4258,754753.0,0.0,754753.0,754753.0,13897.34302511061
4259,911347.0,0.0,911347.0,911347.0,16133.779443234449
4260,943879.0,0.0,943879.0,943879.0,16133.752714955675
4261,870984.0,0.0,870984.0,870984.0,15808.574334831537
4262,832410.0,0.0,832410.0,832410.0,15178.707846221181
4263,833470.0,0.0,833470.0,833470.0,15196.0482587087
4264,573859.0,0.0,573859.0,573859.0,10835.136161466071
4265,369474.0,0.0,369474.0,369474.0,7222.58645305265
4266,193795.0,0.0,193795.0,193795.0,3949.87054458531
4267,149159.99999999997,0.0,149159.99999999997,149159.99999999997,3084.4303180208217
4268,185642.0,0.0,185642.0,185642.0,3793.0495810404873
4269,540513.0,0.0,540513.0,540513.0,10257.614485024173
4270,593677.0,0.0,593677.0,593677.0,11176.19009989511
4271,594857.0,0.0,594857.0,594857.0,11196.43801309229
4272,584197.0,0.0,584197.0,584197.0,11013.145451269962
4273,578193.0,0.0,578193.0,578193.0,10909.713852136674
4274,423567.0,0.0,423567.0,423567.0,8196.455854320067
4275,584345.0,0.0,584345.0,584345.0,11015.638662403202
4276,570934.0,0.0,570934.0,570934.0,10784.448005443646
4277,655327.0,0.0,655327.0,655327.0,12228.066113463114
4278,795040.0,0.0,795040.0,795040.0,14563.979583011587
4279,769863.0,0.0,769863.0,769863.0,14147.661723929783
4280,981318.0,0.0,981318.0,981318.0,16133.242171214151
4281,935055.0,0.0,935055.0,935055.0,16133.215444715153
4282,994399.9999999999,0.0,994399.9999999999,994399.9999999999,16133.188718304686
4283,915839.0,0.0,915839.0,915839.0,16133.161991982752
4284,994399.9999999999,0.0,994399.9999999999,994399.9999999999,16133.135265749348
4285,919564.0,0.0,919564.0,919564.0,16133.10853960448
4286,994399.9999999999,0.0,994399.9999999999,994399.9999999999,16133.081813548139
4287,416195.0,0.0,416195.0,416195.0,8064.347213164469
4288,253220.0,0.0,253220.0,253220.0,5077.861703603701
4289,424841.0,0.0,424841.0,424841.0,8219.0164678768
4290,290321.0,0.0,290321.0,290321.0,5770.480336362154
4291,518616.0,0.0,518616.0,518616.0,9875.682502434543
4292,579611.0,0.0,579611.0,579611.0,10933.802897888361
4293,592441.0,0.0,592441.0,592441.0,11154.529070804949
4294,562995.0,0.0,562995.0,562995.0,10646.95370678854
4295,482828.0,0.0,482828.0,482828.0,9247.803914122233
4296,260445.0,0.0,260445.0,260445.0,5213.332857495196
4297,248241.0,0.0,248241.0,248241.0,4984.184220006784
4298,573329.0,0.0,573329.0,573329.0,10825.386380201937
4299,578181.0,0.0,578181.0,578181.0,10909.036704712202
4300,381892.0,0.0,381892.0,381892.0,7446.980826560751
4301,279609.0,0.0,279609.0,279609.0,5571.243580274437
4302,234842.0,0.0,234842.0,234842.0,4731.458384586888
4303,256641.0,0.0,256641.0,256641.0,5141.949685662025
4304,560255.0,0.0,560255.0,560255.0,10599.386077410156
4305,779335.0,0.0,779335.0,779335.0,14303.914104129424
4306,994399.9999999999,0.0,994399.9999999999,994399.9999999999,16132.580758189411
4307,994399.9999999999,0.0,994399.9999999999,994399.9999999999,16132.554033881344
4308,994399.9999999999,0.0,994399.9999999999,994399.9999999999,16132.527309661795
4309,994399.9999999999,0.0,994399.9999999999,994399.9999999999,16132.500585530757
4310,994399.9999999999,0.0,994399.9999999999,994399.9999999999,16132.473861488255
4311,994399.9999999999,0.0,994399.9999999999,994399.9999999999,16132.44713753427
4312,994399.9999999999,0.0,994399.9999999999,994399.9999999999,16132.420413668802
4313,500781.0,0.0,500781.0,500781.0,9563.120825811664
4314,161543.0,0.0,161543.0,161543.0,3326.024003593478
4315,149159.99999999997,0.0,149159.99999999997,149159.99999999997,3084.1609710308126
4316,149159.99999999997,0.0,149159.99999999997,149159.99999999997,3084.155852590905
4317,250820.0,0.0,250820.0,250820.0,5032.510446987891
4318,149159.99999999997,0.0,149159.99999999997,149159.99999999997,3084.1454515948367
4319,217692.0,0.0,217692.0,217692.0,4406.137233551414
4320,257306.0,0.0,257306.0,257306.0,5154.272187943505
4321,163863.0,0.0,163863.0,163863.0,3371.1367898662
4322,161089.0,0.0,161089.0,161089.0,3317.138018643087
4323,210436.0,0.0,210436.0,210436.0,4267.904538275348
4324,322620.0,0.0,322620.0,322620.0,6366.585086490607
4325,353373.0,0.0,353373.0,353373.0,6929.218669696345
4326,552438.0,0.0,552438.0,552438.0,10463.632814619088
4327,589258.0,0.0,589258.0,589258.0,11099.215145346898
4328,713108.0,0.0,713108.0,713108.0,13200.841691875987
4329,812110.0,0.0,812110.0,812110.0,14843.924764944057
4330,878079.0,0.0,878079.0,878079.0,15922.231834647826
4331,994399.9999999999,0.0,994399.9999999999,994399.9999999999,16131.952662139189
4332,994399.9999999999,0.0,994399.9999999999,994399.9999999999,16131.925939911594
4333,994399.9999999999,0.0,994399.9999999999,994399.9999999999,16131.899217772516
4334,899636.0,0.0,899636.0,899636.0,16131.872495721946
4335,527632.0,0.0,527632.0,527632.0,10032.292599258973
4336,500063.0,0.0,500063.0,500063.0,9550.166749939219
4337,536197.0,0.0,536197.0,536197.0,10181.412231000077
4338,186947.0,0.0,186947.0,186947.0,3817.7081350971507
4339,189716.0,0.0,189716.0,189716.0,3870.9826539302358
4340,149159.99999999997,0.0,149159.99999999997,149159.99999999997,3084.0243198938
4341,588332.0,0.0,588332.0,588332.0,11083.037048621498
4342,585086.0,0.0,585086.0,585086.0,11027.18267138187
4343,571379.0,0.0,571379.0,571379.0,10790.944027398898
4344,525008.0,0.0,525008.0,525008.0,9986.393143129864
4345,434511.0,0.0,434511.0,434511.0,8390.846878311966
4346,179031.0,0.0,179031.0,179031.0,3664.9933354130226
4347,149159.99999999997,0.0,149159.99999999997,149159.99999999997,3083.9860761169202
4348,106560.00000000006,0.0,106560.00000000006,106560.00000000006,2213.914689797406
4349,177421.0,0.0,177421.0,177421.0,3499.4411586754763
4350,601771.0,0.0,601771.0,601771.0,11313.444864364266
4351,935199.0,0.0,935199.0,935199.0,16131.201941796618
4352,994399.9999999999,0.0,994399.9999999999,994399.9999999999,16131.175222054362
4353,994399.9999999999,0.0,994399.9999999999,994399.9999999999,16131.148502400603
4354,994399.9999999999,0.0,994399.9999999999,994399.9999999999,16131.121782835346
4355,994399.9999999999,0.0,994399.9999999999,994399.9999999999,16131.095063358587
4356,994399.9999999999,0.0,994399.9999999999,994399.9999999999,16131.068343970319
4357,903535.0,0.0,903535.0,903535.0,16131.041624670554
4358,926153.0,0.0,926153.0,926153.0,16131.014905459288
4359,781200.0,0.0,781200.0,781200.0,14333.304657319764
4360,862000.0,0.0,862000.0,862000.0,15659.57247079871
4361,465500.0,0.0,465500.0,465500.0,8940.762418576382
4362,228440.0,0.0,228440.0,228440.0,4609.738983282813
4363,174378.0,0.0,174378.0,174378.0,3574.8423596840885
4364,187824.0,0.0,187824.0,187824.0,3834.3461030356902
4365,149159.99999999997,0.0,149159.99999999997,149159.99999999997,3083.830483441379
4366,294765.0,0.0,294765.0,294765.0,5852.034122862517
4367,130155.00000000003,0.0,130155.00000000003,130155.00000000003,2704.7797234629265
4368,0.0,0.0,0.0,0.0,-0.0
4369,34305.0,0.0,34305.0,34305.0,591.0222558975145
4370,0.0,0.0,0.0,0.0,-0.0
4371,111376.0,0.0,111376.0,111376.0,1928.08923254222
4372,160837.0,0.0,160837.0,160837.0,3209.527863732402
4373,287220.0,0.0,287220.0,287220.0,5711.46889360901
4374,618128.0,0.0,618128.0,618128.0,11591.934798163555
4375,947633.0,0.0,947633.0,947633.0,16129.249496924245
4376,994399.9999999999,0.0,994399.9999999999,994399.9999999999,16129.222783649782
4377,886607.0,0.0,886607.0,886607.0,16057.947367352943
4378,906304.0,0.0,906304.0,906304.0,16129.16937136142
4379,594437.0,0.0,594437.0,594437.0,11186.101686096657
4380,994399.9999999999,0.0,994399.9999999999,994399.9999999999,16129.116974921402
4381,699404.0,0.0,699404.0,699404.0,12968.489640706193
4382,356908.0,0.0,356908.0,356908.0,6992.150135773064
4383,804323.0,0.0,804323.0,804323.0,14713.057142583715
4384,544064.0,0.0,544064.0,544064.0,10316.28825196607
4385,237738.0,0.0,237738.0,237738.0,4784.951936572793
4386,149159.99999999997,0.0,149159.99999999997,149159.99999999997,3083.4189083386136
4387,31687.00000000003,0.0,31687.00000000003,31687.00000000003,657.7618517971374
4388,25969.0,0.0,25969.0,25969.0,539.5682066239024
4389,16188.0,0.0,16188.0,16188.0,335.7333386552457
4390,55099.0,0.0,55099.0,55099.0,1007.4164412531919
4391,48567.0,0.0,48567.0,48567.0,1006.7268844587078
4392,54594.0,0.0,54594.0,54594.0,1101.9184722091547
4393,54089.0,0.0,54089.0,54089.0,1120.969497523619
4394,86190.0,0.0,86190.0,86190.0,1668.2297438020062
4395,81698.0,0.0,81698.0,81698.0,1697.286961342255
4396,69251.0,0.0,69251.0,69251.0,1436.0198906638882
4397,117301.0,0.0,117301.0,117301.0,2259.117285952252
4398,132230.0,0.0,132230.0,132230.0,2692.3662112464253
4399,136069.0,0.0,136069.0,136069.0,2808.4173227442116
4400,212872.0,0.0,212872.0,212872.0,4312.937230098323
4401,700966.0,0.0,700966.0,700966.0,12993.364068980083
4402,714037.0,0.0,714037.0,714037.0,13212.539196055764
4403,746789.0,0.0,746789.0,746789.0,13759.291712328384
4404,909864.0,0.0,909864.0,909864.0,16127.363132602426
4405,859826.0,0.0,859826.0,859826.0,15620.613950064833
4406,994399.9999999999,0.0,994399.9999999999,994399.9999999999,16127.309818588716
4407,994399.9999999999,0.0,994399.9999999999,994399.9999999999,16127.283111737159
4408,915586.0,0.0,915586.0,915586.0,16127.25640497404
4409,149159.99999999997,0.0,149159.99999999997,149159.99999999997,3083.0384007926095
4410,116655.00000000003,0.0,116655.00000000003,116655.00000000003,2422.567261431986
4411,0.0,0.0,0.0,0.0,-0.0
4412,279688.0,0.0,279688.0,279688.0,4641.812756901057
4413,201805.0,0.0,201805.0,201805.0,4101.248494348488
4414,218614.0,0.0,218614.0,218614.0,4421.74707185072
4415,167182.0,0.0,167182.0,167182.0,3434.1314015001653
4416,260534.0,0.0,260534.0,260534.0,5212.5341564367045
4417,432688.0,0.0,432688.0,432688.0,8355.198347774422
4418,162062.0,0.0,162062.0,162062.0,3334.599382416692
4419,146517.0,0.0,146517.0,146517.0,3030.946022481112
4420,269516.0,0.0,269516.0,269516.0,5380.470079407925
4421,191943.0,0.0,191943.0,191943.0,3912.165577054695
4422,88218.0,0.0,88218.0,88218.0,1830.7344667641723
4423,140906.0,0.0,140906.0,140906.0,2740.637199419681
4424,367463.0,0.0,367463.0,367463.0,7182.1138790106725
4425,445500.0,0.0,445500.0,445500.0,8582.910973255619
4426,766737.0,0.0,766737.0,766737.0,14088.751903725426
4427,796170.0,0.0,796170.0,796170.0,14575.267663134193
4428,994399.9999999999,0.0,994399.9999999999,994399.9999999999,16125.22980502864
4429,994399.9999999999,0.0,994399.9999999999,994399.9999999999,16125.203105062477
4430,994399.9999999999,0.0,994399.9999999999,994399.9999999999,16125.176405184722
4431,958920.0,0.0,958920.0,958920.0,16125.14970539536
4432,776252.0,0.0,776252.0,776252.0,14246.18961214347
4433,596258.0,0.0,596258.0,596258.0,11214.43713483224
4434,149159.99999999997,0.0,149159.99999999997,149159.99999999997,3082.564725063193
4435,258027.0,0.0,258027.0,258027.0,5165.245525998021
4436,177938.0,0.0,177938.0,177938.0,3642.19475643551
4437,211993.0,0.0,211993.0,211993.0,4295.452697871021
4438,441530.0,0.0,441530.0,441530.0,8512.138576282669
4439,214896.0,0.0,214896.0,214896.0,4350.718043677084
4440,149159.99999999997,0.0,149159.99999999997,149159.99999999997,3082.533217955152
4441,105838.00000000006,0.0,105838.00000000006,105838.00000000006,2198.6727021170464
4442,0.0,0.0,0.0,0.0,-0.0
4443,0.0,0.0,0.0,0.0,-0.0
4444,0.0,0.0,0.0,0.0,-0.0
4445,34799.0,0.0,34799.0,34799.0,603.5790841071226
4446,393004.0,0.0,393004.0,393004.0,6699.917127270034
4447,95872.0,0.0,95872.0,95872.0,1991.7348672082317
4448,40059.0,0.0,40059.0,40059.0,833.398128760964
4449,132888.0,0.0,132888.0,132888.0,2439.2303801408902
4450,138105.0,0.0,138105.0,138105.0,2847.3575490684566
4451,237915.0,0.0,237915.0,237915.0,4786.255398377865
4452,599500.0,0.0,599500.0,599500.0,11268.380796049842
4453,491259.0,0.0,491259.0,491259.0,9389.98202738398
4454,381303.0,0.0,381303.0,381303.0,7431.3760602372395
4455,404649.0,0.0,404649.0,404649.0,7851.826135369742
4456,323130.0,0.0,323130.0,323130.0,6371.890014308892
4457,266323.0,0.0,266323.0,266323.0,5319.659965455814
4458,41335.0,0.0,41335.0,41335.0,858.5645803120807
4459,0.0,0.0,0.0,0.0,-0.0
4460,72698.0,0.0,72698.0,72698.0,1257.3017490118946
4461,89241.0,0.0,89241.0,89241.0,1786.9284714735543
4462,117791.0,0.0,117791.0,117791.0,2355.586184375916
4463,28314.0,0.0,28314.0,28314.0,585.4097453097474
4464,159746.0,0.0,159746.0,159746.0,2841.9422323931553
4465,75266.0,0.0,75266.0,75266.0,1564.5092496518196
4466,119920.0,0.0,119920.0,119920.0,2335.3851023922925
4467,38160.0,0.0,38160.0,38160.0,790.3975900999559
4468,86467.0,0.0,86467.0,86467.0,1619.61713851463
4469,152052.0,0.0,152052.0,152052.0,2944.492412763289
4470,205156.0,0.0,205156.0,205156.0,4163.371941784659
4471,361552.0,0.0,361552.0,361552.0,7071.96183355372
4472,686389.0,0.0,686389.0,686389.0,12741.624972372578
4473,734529.0,0.0,734529.0,734529.0,13548.064476126237
4474,671432.0,0.0,671432.0,671432.0,12489.432311250854
4475,698383.0,0.0,698383.0,698383.0,12943.210973004807
4476,689961.0,0.0,689961.0,689961.0,12801.645549633353
4477,734693.0,0.0,734693.0,734693.0,13550.709577549775
4478,723821.0,0.0,723821.0,723821.0,13369.23103235217
4479,666025.0,0.0,666025.0,666025.0,12397.986926966578
4480,424954.0,0.0,424954.0,424954.0,8213.451689112939
4481,490088.0,0.0,490088.0,490088.0,9367.119908456958
4482,175995.0,0.0,175995.0,175995.0,3603.121006128552
4483,66906.0,0.0,66906.0,66906.0,1389.1425557434413
4484,80007.0,0.0,80007.0,80007.0,1611.0782930864111
4485,83547.0,0.0,83547.0,83547.0,1732.7324221320343
4486,0.0,0.0,0.0,0.0,-0.0
4487,0.0,0.0,0.0,0.0,-0.0
4488,35813.0,0.0,35813.0,35813.0,620.1072670553053
4489,337230.0,0.0,337230.0,337230.0,5810.297188655824
4490,73707.0,0.0,73707.0,73707.0,1528.2736521589816
4491,41545.0,0.0,41545.0,41545.0,862.4813743505571
4492,0.0,0.0,0.0,0.0,-0.0
4493,13724.0,0.0,13724.0,13724.0,233.9720245900016
4494,202308.0,0.0,202308.0,202308.0,3474.2845990705873
4495,392846.0,0.0,392846.0,392846.0,7636.389361384024
4496,503017.0,0.0,503017.0,503017.0,9592.319429180334
4497,645869.0,0.0,645869.0,645869.0,12054.511444362728
4498,214311.0,0.0,214311.0,214311.0,4336.999023830731
4499,575845.0,0.0,575845.0,575845.0,10857.253793836691
4500,551288.0,0.0,551288.0,551288.0,10433.03113582296
4501,595817.0,0.0,595817.0,595817.0,11200.525527284773
4502,107416.0,0.0,107416.0,107416.0,2228.416078003285
4503,561799.0,0.0,561799.0,561799.0,10222.168191110786
4504,618280.0,0.0,618280.0,618280.0,11584.63754164594
4505,189536.0,0.0,189536.0,189536.0,3863.2440166104975
4506,18111.0,0.0,18111.0,18111.0,373.1519421255348
4507,31409.0,0.0,31409.0,31409.0,597.5286010237382
4508,0.0,0.0,0.0,0.0,-0.0
4509,0.0,0.0,0.0,0.0,-0.0
4510,0.0,0.0,0.0,0.0,-0.0
4511,0.0,0.0,0.0,0.0,-0.0
4512,0.0,0.0,0.0,0.0,-0.0
4513,0.0,0.0,0.0,0.0,-0.0
4514,0.0,0.0,0.0,0.0,-0.0
4515,0.0,0.0,0.0,0.0,-0.0
4516,0.0,0.0,0.0,0.0,-0.0
4517,3754.0,0.0,3754.0,3754.0,-0.0
4518,145308.0,0.0,145308.0,145308.0,2504.0223626575885
4519,654663.0,0.0,654663.0,654663.0,12202.221458007083
4520,640269.0,0.0,640269.0,640269.0,11958.03408348215
4521,762598.0,0.0,762598.0,762598.0,14010.66327782325
4522,846891.0,0.0,846891.0,846891.0,15397.270174663674
4523,599205.0,0.0,599205.0,599205.0,11257.317679647018
4524,579966.0,0.0,579966.0,579966.0,10926.897643409733
4525,286146.0,0.0,286146.0,286146.0,5685.764450606717
4526,527517.0,0.0,527517.0,527517.0,10018.927511323387
4527,186400.0,0.0,186400.0,186400.0,3802.5435665742607
4528,226553.0,0.0,226553.0,226553.0,4568.748526631615
4529,161857.0,0.0,161857.0,161857.0,3327.8953639733786
4530,126547.0,0.0,126547.0,126547.0,2625.4449375161903
4531,103149.0,0.0,103149.0,103149.0,2138.954098931812
4532,165284.0,0.0,165284.0,165284.0,3247.991934730829
4533,52654.0,0.0,52654.0,52654.0,1091.8677822931475
4534,34668.0,0.0,34668.0,34668.0,721.3308868246297
4535,25309.0,0.0,25309.0,25309.0,526.1312908934513
4536,35764.0,0.0,35764.0,35764.0,707.5913660807794
4537,35764.0,0.0,35764.0,35764.0,742.9482721223487
4538,0.0,0.0,0.0,0.0,-0.0
4539,0.0,0.0,0.0,0.0,-0.0
4540,0.0,0.0,0.0,0.0,-0.0
4541,33054.0,0.0,33054.0,33054.0,570.005846065971
4542,283700.0,0.0,283700.0,283700.0,4909.012374211573
4543,409528.0,0.0,409528.0,409528.0,7934.07230246933
4544,949767.0,0.0,949767.0,949767.0,16112.663520990782
4545,989016.0,0.0,989016.0,989016.0,16112.636862608077
4546,994399.9999999999,0.0,994399.9999999999,994399.9999999999,16112.610204313572
4547,840745.0,0.0,840745.0,840745.0,15295.00252698067
4548,496563.0,0.0,496563.0,496563.0,9476.775255288258
4549,994399.9999999999,0.0,994399.9999999999,994399.9999999999,16112.531810745435
4550,994399.9999999999,0.0,994399.9999999999,994399.9999999999,16112.505152798478
4551,994399.9999999999,0.0,994399.9999999999,994399.9999999999,16112.478494939704
4552,994399.9999999999,0.0,994399.9999999999,994399.9999999999,16112.451837169127
4553,628330.0,0.0,628330.0,628330.0,11753.306908963998
4554,234102.0,0.0,234102.0,234102.0,4710.8551007441365
4555,230227.0,0.0,230227.0,230227.0,4637.624788975066
4556,334709.0,0.0,334709.0,334709.0,6579.563016843993
4557,435049.0,0.0,435049.0,435049.0,8389.730420460122
4558,275127.0,0.0,275127.0,275127.0,5480.069348470481
4559,354552.0,0.0,354552.0,354552.0,6941.433160478121
4560,424985.0,0.0,424985.0,424985.0,8210.285132026516
4561,300734.0,0.0,300734.0,300734.0,5955.006806683305
4562,273977.0,0.0,273977.0,273977.0,5458.6118792331135
4563,314933.0,0.0,314933.0,314933.0,6216.7462691767
4564,158195.0,0.0,158195.0,158195.0,3256.1052137120205
4565,299611.0,0.0,299611.0,299611.0,5934.217318131454
4566,541283.0,0.0,541283.0,541283.0,10256.705814091823
4567,881516.0,0.0,881516.0,881516.0,15958.341489925795
4568,895229.0,0.0,895229.0,895229.0,16112.055987795206
4569,994399.9999999999,0.0,994399.9999999999,994399.9999999999,16112.029331422389
4570,724505.0,0.0,724505.0,724505.0,13374.613811047277
4571,841383.0,0.0,841383.0,841383.0,15304.847266690409
4572,994399.9999999999,0.0,994399.9999999999,994399.9999999999,16111.950075260327
4573,994399.9999999999,0.0,994399.9999999999,994399.9999999999,16111.923419237888
4574,624119.0,0.0,624119.0,624119.0,11681.16864340163
4575,208704.0,0.0,208704.0,208704.0,4228.8762266712165
4576,224733.0,0.0,224733.0,224733.0,4533.467786466357
4577,149159.99999999997,0.0,149159.99999999997,149159.99999999997,3079.658157769402
4578,149159.99999999997,0.0,149159.99999999997,149159.99999999997,3079.6530541814827
4579,59614.00000000006,0.0,59614.00000000006,59614.00000000006,1239.430373420009
4580,0.0,0.0,0.0,0.0,-0.0
4581,0.0,0.0,0.0,0.0,-0.0
4582,27774.0,0.0,27774.0,27774.0,478.72821402430185
4583,0.0,0.0,0.0,0.0,-0.0
4584,0.0,0.0,0.0,0.0,-0.0
4585,0.0,0.0,0.0,0.0,-0.0
4586,0.0,0.0,0.0,0.0,-0.0
4587,73492.0,0.0,73492.0,73492.0,1269.3839911044565
4588,150689.0,0.0,150689.0,150689.0,2860.0929138295296
4589,43765.0,0.0,43765.0,43765.0,905.6141494548251
4590,365354.0,0.0,365354.0,365354.0,6299.940795193178
4591,892067.0,0.0,892067.0,892067.0,16109.523823963022
4592,821116.0,0.0,821116.0,821116.0,14970.794421880522
4593,860349.0,0.0,860349.0,860349.0,15611.760810632099
4594,833783.0,0.0,833783.0,833783.0,15178.189876128092
4595,211382.0,0.0,211382.0,211382.0,4279.16304353932
4596,136943.0,0.0,136943.0,136943.0,2839.375640958515
4597,312574.0,0.0,312574.0,312574.0,6172.1583413370845
4598,127791.0,0.0,127791.0,127791.0,2649.005875788063
4599,693150.0,0.0,693150.0,693150.0,12688.832610246243
4600,450880.0,0.0,450880.0,450880.0,8669.239663701424
4601,317981.0,0.0,317981.0,317981.0,6271.519736318054
4602,263857.0,0.0,263857.0,263857.0,5268.665176069404
4603,57468.0,0.0,57468.0,57468.0,1191.6441451050944
4604,28112.0,0.0,28112.0,28112.0,581.0279629576214
4605,0.0,0.0,0.0,0.0,-0.0
4606,84133.0,0.0,84133.0,84133.0,1452.4691587642749
4607,247823.0,0.0,247823.0,247823.0,4631.009125500515
4608,67232.0,0.0,67232.0,67232.0,1394.509134023546
4609,0.0,0.0,0.0,0.0,-0.0
4610,74972.0,0.0,74972.0,74972.0,1297.7197518393853
4611,0.0,0.0,0.0,0.0,-0.0
4612,0.0,0.0,0.0,0.0,-0.0
4613,53274.0,0.0,53274.0,53274.0,919.4970990520866
4614,409027.0,0.0,409027.0,409027.0,7091.105236744645
4615,845237.0,0.0,845237.0,845237.0,15362.150623362839
4616,994399.9999999999,0.0,994399.9999999999,994399.9999999999,16106.06647491564
4617,994399.9999999999,0.0,994399.9999999999,994399.9999999999,16106.039838355377
4618,994399.9999999999,0.0,994399.9999999999,994399.9999999999,16106.01320188319
4619,994399.9999999999,0.0,994399.9999999999,994399.9999999999,16105.986565499097
4620,833559.0,0.0,833559.0,833559.0,15171.220797960781
4621,711582.0,0.0,711582.0,711582.0,13153.469829297186
4622,994399.9999999999,0.0,994399.9999999999,994399.9999999999,16105.907439467743
4623,384341.0,0.0,384341.0,384341.0,7477.801328889544
4624,149159.99999999997,0.0,149159.99999999997,149159.99999999997,3078.3490314905516
4625,139502.00000000003,0.0,139502.00000000003,139502.00000000003,2888.9872713537557
4626,53375.0,0.0,53375.0,53375.0,1105.3540066577573
4627,0.0,0.0,0.0,0.0,-0.0
4628,0.0,0.0,0.0,0.0,-0.0
4629,0.0,0.0,0.0,0.0,-0.0
4630,0.0,0.0,0.0,0.0,-0.0
4631,0.0,0.0,0.0,0.0,-0.0
4632,0.0,0.0,0.0,0.0,-0.0
4633,50885.0,0.0,50885.0,50885.0,880.2309863005655
4634,67346.0,0.0,67346.0,67346.0,1342.7038781292808
4635,65507.0,0.0,65507.0,65507.0,1360.1410897150845
4636,44834.0,0.0,44834.0,44834.0,931.7417674683004
4637,81566.0,0.0,81566.0,81566.0,1568.689744518383
4638,457745.0,0.0,457745.0,457745.0,8192.20537255623
4639,864492.0,0.0,864492.0,864492.0,15674.242919289603
4640,969847.0,0.0,969847.0,969847.0,16104.37761921067
4641,994399.9999999999,0.0,994399.9999999999,994399.9999999999,16104.350988235703
4642,852044.0,0.0,852044.0,852044.0,15471.478666795947
4643,953416.0,0.0,953416.0,953416.0,16104.297851345329
4644,603475.0,0.0,603475.0,603475.0,11322.973756934123
4645,381572.0,0.0,381572.0,381572.0,7427.0373858981075
4646,120781.00000000012,0.0,120781.00000000012,120781.00000000012,2504.940848409188
4647,200941.0,0.0,200941.0,200941.0,4003.082330630523
4648,264264.0,0.0,264264.0,264264.0,5274.417370066067
4649,89282.0,0.0,89282.0,89282.0,1854.0686713884108
4650,159410.0,0.0,159410.0,159410.0,3095.990060494889
4651,264903.0,0.0,264903.0,264903.0,5286.190891721662
4652,341263.0,0.0,341263.0,341263.0,6695.360280839237
4653,502935.0,0.0,502935.0,502935.0,9582.796502965382
4654,229427.0,0.0,229427.0,229427.0,4619.662002271993
4655,167798.0,0.0,167798.0,167798.0,3440.6219211696975
4656,403957.0,0.0,403957.0,403957.0,7829.360570728791
4657,289165.0,0.0,289165.0,289165.0,5737.457581630233
4658,378254.0,0.0,378254.0,378254.0,7366.739636469079
4659,328351.0,0.0,328351.0,328351.0,6459.260450411477
4660,95853.0,0.0,95853.0,95853.0,1988.5768158517956
4661,226891.0,0.0,226891.0,226891.0,4346.184991304362
4662,594976.0,0.0,594976.0,594976.0,11176.495892455121
4663,876774.0,0.0,876774.0,876774.0,15872.38993282919
4664,749727.0,0.0,749727.0,749727.0,13786.880873011218
4665,627694.0,0.0,627694.0,627694.0,11735.31429947565
4666,994399.9999999999,0.0,994399.9999999999,994399.9999999999,16102.90213760353
4667,994399.9999999999,0.0,994399.9999999999,994399.9999999999,16102.87551150297
4668,994399.9999999999,0.0,994399.9999999999,994399.9999999999,16102.848885490452
4669,994399.9999999999,0.0,994399.9999999999,994399.9999999999,16102.822259565957
4670,994399.9999999999,0.0,994399.9999999999,994399.9999999999,16102.795633729504
4671,994399.9999999999,0.0,994399.9999999999,994399.9999999999,16102.769007981082
4672,962484.0,0.0,962484.0,962484.0,16102.742382320692
4673,545983.0,0.0,545983.0,545983.0,10331.927151144719
4674,149159.99999999997,0.0,149159.99999999997,149159.99999999997,3077.654669034354
4675,149159.99999999997,0.0,149159.99999999997,149159.99999999997,3077.649572048146
4676,149159.99999999997,0.0,149159.99999999997,149159.99999999997,3077.6444750787314
4677,239389.0,0.0,239389.0,239389.0,4807.345831297191
4678,104928.00000000009,0.0,104928.00000000009,104928.00000000009,2177.362569441536
4679,179644.0,0.0,179644.0,179644.0,3533.6416169930612
4680,132543.0,0.0,132543.0,132543.0,2746.3069362216875
4681,195071.0,0.0,195071.0,195071.0,3941.2299809935316
4682,231060.0,0.0,231060.0,231060.0,4650.098208019858
4683,241410.0,0.0,241410.0,241410.0,4845.255409617344
4684,189531.0,0.0,189531.0,189531.0,3859.408480390137
4685,466868.0,0.0,466868.0,466868.0,8947.978752161864
4686,638923.0,0.0,638923.0,638923.0,11925.608369639065
4687,885355.0,0.0,885355.0,885355.0,16010.662014795633
4688,782445.0,0.0,782445.0,782445.0,14327.808989245834
4689,886334.0,0.0,886334.0,886334.0,16026.471934428268
4690,666895.0,0.0,666895.0,666895.0,12399.143386143041
4691,994399.9999999999,0.0,994399.9999999999,994399.9999999999,16101.985094918802
4692,994399.9999999999,0.0,994399.9999999999,994399.9999999999,16101.958471848495
4693,795276.0,0.0,795276.0,795276.0,14539.221374691588
4694,994399.9999999999,0.0,994399.9999999999,994399.9999999999,16101.905537141884
4695,928060.0,0.0,928060.0,928060.0,16101.878914334604
4696,280375.0,0.0,280375.0,280375.0,5573.737503438379
4697,719009.0,0.0,719009.0,719009.0,13274.216947534409
4698,149159.99999999997,0.0,149159.99999999997,149159.99999999997,3077.4598603610343
4699,149159.99999999997,0.0,149159.99999999997,149159.99999999997,3077.454764016135
4700,203500.0,0.0,203500.0,203500.0,4126.66660783428
4701,445786.0,0.0,445786.0,445786.0,8574.622512455953
4702,328725.0,0.0,328725.0,328725.0,6465.364292403057
4703,429558.0,0.0,429558.0,429558.0,8286.051732697488
4704,545656.0,0.0,545656.0,545656.0,10325.541517250342
4705,549037.0,0.0,549037.0,549037.0,10384.090843201187
4706,557542.0,0.0,557542.0,557542.0,10531.201670502385
4707,583741.0,0.0,583741.0,583741.0,10982.650941753089
4708,581363.0,0.0,581363.0,581363.0,10941.762369296961
4709,597831.0,0.0,597831.0,597831.0,11224.342613531944
4710,621248.0,0.0,621248.0,621248.0,11624.441884276359
4711,401762.0,0.0,401762.0,401762.0,7788.930679361622
4712,678902.0,0.0,678902.0,678902.0,12601.151758462347
4713,954424.0,0.0,954424.0,954424.0,16101.415973566287
4714,994399.9999999999,0.0,994399.9999999999,994399.9999999999,16101.389352377528
4715,945994.0,0.0,945994.0,945994.0,16101.362731276771
4716,417790.0,0.0,417790.0,417790.0,8075.881153815171
4717,655908.0,0.0,655908.0,655908.0,12212.893767105614
4718,368352.0,0.0,368352.0,368352.0,7186.637137409222
4719,724351.0,0.0,724351.0,724351.0,13362.939997385429
4720,546082.0,0.0,546082.0,546082.0,10332.647273763072
4721,557826.0,0.0,557826.0,557826.0,10535.846230175397
4722,466165.0,0.0,466165.0,466165.0,8935.003900043353
4723,571314.0,0.0,571314.0,571314.0,10768.54659883735
4724,342162.0,0.0,342162.0,342162.0,6710.653004535135
4725,158301.0,0.0,158301.0,158301.0,3255.6157669500817
4726,219998.0,0.0,219998.0,219998.0,4440.355627770366
4727,329512.0,0.0,329512.0,329512.0,6479.489330436356
4728,350947.0,0.0,350947.0,350947.0,6870.633067755579
4729,310851.0,0.0,310851.0,310851.0,6136.952736086731
4730,436161.0,0.0,436161.0,436161.0,8403.212414061336
4731,381619.0,0.0,381619.0,381619.0,7426.254146922615
4732,306782.0,0.0,306782.0,306782.0,6061.98522660782
4733,316027.0,0.0,316027.0,316027.0,6232.103691283801
4734,745348.0,0.0,745348.0,745348.0,13712.329423664123
4735,949584.0,0.0,949584.0,949584.0,16100.864009563451
4736,994399.9999999999,0.0,994399.9999999999,994399.9999999999,16100.837390199464
4737,994399.9999999999,0.0,994399.9999999999,994399.9999999999,16100.810770923485
4738,994399.9999999999,0.0,994399.9999999999,994399.9999999999,16100.784151735501
4739,994399.9999999999,0.0,994399.9999999999,994399.9999999999,16100.757532635518
4740,504165.0,0.0,504165.0,504165.0,9602.544895330508
4741,994399.9999999999,0.0,994399.9999999999,994399.9999999999,16100.705680060672
4742,336494.0,0.0,336494.0,336494.0,6606.992078070032
4743,149159.99999999997,0.0,149159.99999999997,149159.99999999997,3077.2081643197193
4744,149159.99999999997,0.0,149159.99999999997,149159.99999999997,3077.203068803887
4745,440615.0,0.0,440615.0,440615.0,8482.175580909367
4746,105684.00000000006,0.0,105684.00000000006,105684.00000000006,2191.9905405050563
4747,88651.0,0.0,88651.0,88651.0,1836.194223760948
4748,39713.0,0.0,39713.0,39713.0,825.3695133816552
4749,0.0,0.0,0.0,0.0,-0.0
4750,602204.0,0.0,602204.0,602204.0,9414.723925422992
4751,591724.0,0.0,591724.0,591724.0,11118.118985820745
4752,256269.0,0.0,256269.0,256269.0,5123.21785805503
4753,0.0,0.0,0.0,0.0,-0.0
4754,51413.0,0.0,51413.0,51413.0,888.5559368490317
4755,0.0,0.0,0.0,0.0,-0.0
4756,0.0,0.0,0.0,0.0,-0.0
4757,36760.0,0.0,36760.0,36760.0,634.7428450682359
4758,258960.0,0.0,258960.0,258960.0,4534.784167410917
4759,519062.0,0.0,519062.0,519062.0,9860.759099459212
4760,566563.0,0.0,566563.0,566563.0,10684.238458451346
4761,645877.0,0.0,645877.0,645877.0,12040.166833841777
4762,938518.0,0.0,938518.0,938518.0,16097.6304516821
4763,994399.9999999999,0.0,994399.9999999999,994399.9999999999,16097.603843009194
4764,994399.9999999999,0.0,994399.9999999999,994399.9999999999,16097.577234424232
4765,994399.9999999999,0.0,994399.9999999999,994399.9999999999,16097.550625927222
4766,994399.9999999999,0.0,994399.9999999999,994399.9999999999,16097.524017518166
4767,994399.9999999999,0.0,994399.9999999999,994399.9999999999,16097.497409197053
4768,273470.0,0.0,273470.0,273470.0,5443.666907014707
4769,149159.99999999997,0.0,149159.99999999997,149159.99999999997,3076.504506041903
4770,549267.0,0.0,549267.0,549267.0,10385.23912468606
4771,149159.99999999997,0.0,149159.99999999997,149159.99999999997,3076.4938403999267
4772,161467.0,0.0,161467.0,161467.0,3316.309555326974
4773,13875.000000000058,0.0,13875.000000000058,13875.000000000058,283.302593482608
4774,0.0,0.0,0.0,0.0,-0.0
4775,0.0,0.0,0.0,0.0,-0.0
4776,0.0,0.0,0.0,0.0,-0.0
4777,0.0,0.0,0.0,0.0,-0.0
4778,0.0,0.0,0.0,0.0,-0.0
4779,38284.0,0.0,38284.0,38284.0,659.5959063659795
4780,106386.0,0.0,106386.0,106386.0,1960.259617634111
4781,150773.0,0.0,150773.0,150773.0,2992.863753031642
4782,568971.0,0.0,568971.0,568971.0,10724.688457847953
4783,927745.0,0.0,927745.0,927745.0,16096.129184328727
4784,994399.9999999999,0.0,994399.9999999999,994399.9999999999,16096.102580617731
4785,692706.0,0.0,692706.0,692706.0,12828.918718045095
4786,757982.0,0.0,757982.0,757982.0,13917.812572823965
4787,802515.0,0.0,802515.0,802515.0,14652.905453588928
4788,993016.0,0.0,993016.0,993016.0,16095.997553650439
4789,724430.0,0.0,724430.0,724430.0,13359.77573266885
4790,994399.9999999999,0.0,994399.9999999999,994399.9999999999,16095.944899243148
4791,969308.0,0.0,969308.0,969308.0,16095.918296141199
4792,994399.9999999999,0.0,994399.9999999999,994399.9999999999,16095.891693127172
4793,595463.0,0.0,595463.0,595463.0,11179.687428533252
4794,217381.0,0.0,217381.0,217381.0,4389.093919600656
4795,177115.0,0.0,177115.0,177115.0,3618.835924469305
4796,149159.99999999997,0.0,149159.99999999997,149159.99999999997,3076.1416509414635
4797,183287.0,0.0,183287.0,183287.0,3737.715012291905
4798,149159.99999999997,0.0,149159.99999999997,149159.99999999997,3076.131405315253
4799,101971.00000000006,0.0,101971.00000000006,101971.00000000006,2113.063763055819
4800,80614.0,0.0,80614.0,80614.0,1672.2372964718238
4801,0.0,0.0,0.0,0.0,-0.0
4802,0.0,0.0,0.0,0.0,-0.0
4803,0.0,0.0,0.0,0.0,-0.0
4804,0.0,0.0,0.0,0.0,-0.0
4805,17142.0,0.0,17142.0,17142.0,294.7473646513511
4806,331871.0,0.0,331871.0,331871.0,5554.157316343799
4807,753491.0,0.0,753491.0,753491.0,13841.994627700895
4808,911951.0,0.0,911951.0,911951.0,16094.49075886257
4809,992337.0,0.0,992337.0,992337.0,16094.4641605663
4810,994399.9999999999,0.0,994399.9999999999,994399.9999999999,16094.437562357918
4811,947330.0,0.0,947330.0,947330.0,16094.410964237442
4812,599081.0,0.0,599081.0,599081.0,11240.575447544456
4813,450928.0,0.0,450928.0,450928.0,8661.584290376373
4814,643324.0,0.0,643324.0,643324.0,11994.32039198252
4815,994399.9999999999,0.0,994399.9999999999,994399.9999999999,16094.308033595242
4816,817892.0,0.0,817892.0,817892.0,14903.704590084131
4817,418562.0,0.0,418562.0,418562.0,8085.868329223476
4818,149159.99999999997,0.0,149159.99999999997,149159.99999999997,3075.7990496590355
4819,30704.000000000262,0.0,30704.000000000262,30704.000000000262,636.9483254710391
4820,0.0,0.0,0.0,0.0,-0.0
4821,0.0,0.0,0.0,0.0,-0.0
4822,0.0,0.0,0.0,0.0,-0.0
4823,0.0,0.0,0.0,0.0,-0.0
4824,38287.0,0.0,38287.0,38287.0,659.493678562646
4825,184497.0,0.0,184497.0,184497.0,3296.3479481493855
4826,235894.0,0.0,235894.0,235894.0,4738.324574795545
4827,238601.0,0.0,238601.0,238601.0,4789.312687551654
4828,265340.0,0.0,265340.0,265340.0,5290.487750417387
4829,494175.0,0.0,494175.0,494175.0,9422.758583339752
4830,735959.0,0.0,735959.0,735959.0,13549.298372148232
4831,916753.0,0.0,916753.0,916753.0,16092.901908623608
4832,456926.0,0.0,456926.0,456926.0,8766.894647984278
4833,994399.9999999999,0.0,994399.9999999999,994399.9999999999,16092.850307815654
4834,994399.9999999999,0.0,994399.9999999999,994399.9999999999,16092.823714940208
4835,829867.0,0.0,829867.0,829867.0,15098.375212914936
4836,477140.0,0.0,477140.0,477140.0,9123.456741737613
4837,521112.0,0.0,521112.0,521112.0,9893.276381800964
4838,994399.9999999999,0.0,994399.9999999999,994399.9999999999,16092.720353022365
4839,894914.0,0.0,894914.0,894914.0,16092.693760576332
4840,994399.9999999999,0.0,994399.9999999999,994399.9999999999,16092.667168218159
4841,533408.0,0.0,533408.0,533408.0,10107.066860497065
4842,340574.0,0.0,340574.0,340574.0,6677.842685639665
4843,384707.0,0.0,384707.0,384707.0,7477.7495695712005
4844,333884.0,0.0,333884.0,333884.0,6555.699660236956
4845,578687.0,0.0,578687.0,578687.0,10889.396717355763
4846,529651.0,0.0,529651.0,529651.0,10041.705783296595
4847,494711.0,0.0,494711.0,494711.0,9431.86672778585
4848,511052.0,0.0,511052.0,511052.0,9717.67589068061
4849,394290.0,0.0,394290.0,394290.0,7650.102048260895
4850,522053.0,0.0,522053.0,522053.0,9909.450695981192
4851,274886.0,0.0,274886.0,274886.0,5468.116472252881
4852,514475.0,0.0,514475.0,514475.0,9777.346399372822
4853,582715.0,0.0,582715.0,582715.0,10958.47490733658
4854,747963.0,0.0,747963.0,747963.0,13748.326574767118
4855,505554.0,0.0,505554.0,505554.0,9621.52037700375
4856,994399.9999999999,0.0,994399.9999999999,994399.9999999999,16092.264265398871
4857,448609.0,0.0,448609.0,448609.0,8619.284710784113
4858,947595.0,0.0,947595.0,947595.0,16092.212705218522
4859,994399.9999999999,0.0,994399.9999999999,994399.9999999999,16092.186114449847
4860,932645.0,0.0,932645.0,932645.0,16092.159523769033
4861,764441.0,0.0,764441.0,764441.0,14021.34790792184
4862,738414.0,0.0,738414.0,738414.0,13589.442417539403
4863,484166.0,0.0,484166.0,484166.0,9246.584085236895
4864,486595.0,0.0,486595.0,486595.0,9289.230667718539
4865,405772.0,0.0,405772.0,405772.0,7855.910028763271
4866,234134.0,0.0,234134.0,234134.0,4704.810230397776
4867,578796.0,0.0,578796.0,578796.0,10890.875785574757
4868,582524.0,0.0,582524.0,582524.0,10954.921172037908
4869,590146.0,0.0,590146.0,590146.0,11085.719612142415
4870,587189.0,0.0,587189.0,587189.0,11034.976183930681
4871,558712.0,0.0,558712.0,558712.0,10544.765037190786
4872,512187.0,0.0,512187.0,512187.0,9737.09041159352
4873,466323.0,0.0,466323.0,466323.0,8932.27599317943
4874,554641.0,0.0,554641.0,554641.0,10474.37472867499
4875,517438.0,0.0,517438.0,517438.0,9828.628749437152
4876,524037.0,0.0,524037.0,524037.0,9943.552290925269
4877,559094.0,0.0,559094.0,559094.0,10551.248811391351
4878,523910.0,0.0,523910.0,523910.0,9941.308961212453
4879,864660.0,0.0,864660.0,864660.0,15664.535537089845
4880,937613.0,0.0,937613.0,937613.0,16091.638533557843
4881,994399.9999999999,0.0,994399.9999999999,994399.9999999999,16091.611944686265
4882,994399.9999999999,0.0,994399.9999999999,994399.9999999999,16091.585355902535
4883,994399.9999999999,0.0,994399.9999999999,994399.9999999999,16091.558767206656
4884,974905.0,0.0,974905.0,974905.0,16091.532178598625
4885,994399.9999999999,0.0,994399.9999999999,994399.9999999999,16091.50559007844
4886,994399.9999999999,0.0,994399.9999999999,994399.9999999999,16091.479001646105
4887,946935.0,0.0,946935.0,946935.0,16091.452413301617
4888,676107.0,0.0,676107.0,676107.0,12546.042143069437
4889,596598.0,0.0,596598.0,596598.0,11195.901932138011
4890,318743.0,0.0,318743.0,318743.0,6277.93107772721
4891,446542.0,0.0,446542.0,446542.0,8582.140236714931
4892,585481.0,0.0,585481.0,585481.0,11005.248753202843
4893,440927.0,0.0,440927.0,440927.0,8482.488301302916
4894,584992.0,0.0,584992.0,584992.0,10996.81841999626
4895,594661.0,0.0,594661.0,594661.0,11162.616589185036
4896,589326.0,0.0,589326.0,589326.0,11071.150106165109
4897,568451.0,0.0,568451.0,568451.0,10712.282680610559
4898,491877.0,0.0,491877.0,491877.0,9381.372081686508
4899,373174.0,0.0,373174.0,373174.0,7268.942052078021
4900,446220.0,0.0,446220.0,446220.0,8576.301966508878
4901,429393.0,0.0,429393.0,429393.0,8277.296461813925
4902,585011.0,0.0,585011.0,585011.0,10997.001085203101
4903,460003.0,0.0,460003.0,460003.0,8820.229875198938
4904,605717.0,0.0,605717.0,605717.0,11351.62735675667
4905,576671.0,0.0,576671.0,576671.0,10853.642830362003
4906,794059.0,0.0,794059.0,794059.0,14509.179284896702
4907,931557.0,0.0,931557.0,931557.0,16090.945018408755
4908,994399.9999999999,0.0,994399.9999999999,994399.9999999999,16090.918431828515
4909,994399.9999999999,0.0,994399.9999999999,994399.9999999999,16090.891845336108
4910,994399.9999999999,0.0,994399.9999999999,994399.9999999999,16090.865258931542
4911,994399.9999999999,0.0,994399.9999999999,994399.9999999999,16090.838672614818
4912,594202.0,0.0,594202.0,594202.0,11154.437981544672
4913,326042.0,0.0,326042.0,326042.0,6411.477187312628
4914,331632.0,0.0,331632.0,331632.0,6513.74323138363
4915,149159.99999999997,0.0,149159.99999999997,149159.99999999997,3075.033101400501
4916,157637.0,0.0,157637.0,157637.0,3240.2965079919863
4917,146212.00000000003,0.0,146212.00000000003,146212.00000000003,3017.3832651093685
4918,335826.0,0.0,335826.0,335826.0,6590.327865141176
4919,143118.0,0.0,143118.0,143118.0,2956.7842218868227
4920,0.0,0.0,0.0,0.0,-0.0
4921,0.0,0.0,0.0,0.0,-0.0
4922,0.0,0.0,0.0,0.0,-0.0
4923,198942.0,0.0,198942.0,198942.0,3363.432132422738
4924,172464.0,0.0,172464.0,172464.0,3527.444710623148
4925,161003.0,0.0,161003.0,161003.0,3305.428783687235
4926,395465.0,0.0,395465.0,395465.0,7669.657741618121
4927,803258.0,0.0,803258.0,803258.0,14658.999603886556
4928,994399.9999999999,0.0,994399.9999999999,994399.9999999999,16089.352320895556
4929,883109.0,0.0,883109.0,883109.0,15961.5851929208
4930,994399.9999999999,0.0,994399.9999999999,994399.9999999999,16089.299183382964
4931,994399.9999999999,0.0,994399.9999999999,994399.9999999999,16089.272602240086
4932,992780.0,0.0,992780.0,992780.0,16089.246021185016
4933,994399.9999999999,0.0,994399.9999999999,994399.9999999999,16089.219440217761
4934,994399.9999999999,0.0,994399.9999999999,994399.9999999999,16089.192859338309
4935,994399.9999999999,0.0,994399.9999999999,994399.9999999999,16089.166278546672
4936,864458.0,0.0,864458.0,864458.0,15658.786811657803
4937,460160.0,0.0,460160.0,460160.0,8821.877616855603
4938,149159.99999999997,0.0,149159.99999999997,149159.99999999997,3074.671349661542
4939,75338.00000000003,0.0,75338.00000000003,75338.00000000003,1562.4960016495088
4940,228786.0,0.0,228786.0,228786.0,4262.338694540178
4941,133766.0,0.0,133766.0,133766.0,2772.612170140515
4942,35474.0,0.0,35474.0,35474.0,735.9105251418484
4943,10905.0,0.0,10905.0,10905.0,225.48013602348877
4944,28916.0,0.0,28916.0,28916.0,536.2800721448059
4945,0.0,0.0,0.0,0.0,-0.0
4946,34477.0,0.0,34477.0,34477.0,592.136675393088
4947,6875.0,0.0,6875.0,6875.0,140.356434505172
4948,52503.0,0.0,52503.0,52503.0,923.7655720243192
4949,122761.0,0.0,122761.0,122761.0,2294.0767542518597
4950,439440.0,0.0,439440.0,439440.0,8297.421856506482
4951,869811.0,0.0,869811.0,869811.0,15743.579114937407
4952,868164.0,0.0,868164.0,868164.0,15716.811522245021
4953,878564.0,0.0,878564.0,878564.0,15885.517232828304
4954,937037.0,0.0,937037.0,937037.0,16086.857917691545
4955,991131.0,0.0,991131.0,991131.0,16086.831344612685
4956,994399.9999999999,0.0,994399.9999999999,994399.9999999999,16086.804771621608
4957,994399.9999999999,0.0,994399.9999999999,994399.9999999999,16086.778198718292
4958,942690.0,0.0,942690.0,942690.0,16086.751625902749
4959,779617.0,0.0,779617.0,779617.0,14267.327929264418
4960,822197.0,0.0,822197.0,822197.0,14967.128087309158
4961,523475.0,0.0,523475.0,523475.0,9930.481669193667
4962,155450.0,0.0,155450.0,155450.0,3196.7995255971596
4963,229326.0,0.0,229326.0,229326.0,4612.33985707603
4964,399581.0,0.0,399581.0,399581.0,7742.0975452468865
4965,508192.0,0.0,508192.0,508192.0,9664.001548363003
4966,538922.0,0.0,538922.0,538922.0,10198.725123479402
4967,477299.0,0.0,477299.0,477299.0,9122.503705822666
4968,392048.0,0.0,392048.0,392048.0,7606.779713178102
4969,471481.0,0.0,471481.0,471481.0,9020.052947252787
4970,310746.0,0.0,310746.0,310746.0,6128.950916966326
4971,570582.0,0.0,570582.0,570582.0,10745.664974210298
4972,451708.0,0.0,451708.0,451708.0,8670.836478931447
4973,391026.0,0.0,391026.0,391026.0,7588.344321477949
4974,397154.0,0.0,397154.0,397154.0,7698.418008757541
4975,468802.0,0.0,468802.0,468802.0,8972.754676064023
4976,245300.0,0.0,245300.0,245300.0,4913.030110716716
4977,321342.0,0.0,321342.0,321342.0,6323.4209222358595
4978,429687.0,0.0,429687.0,429687.0,8279.867995092884
4979,353253.0,0.0,353253.0,353253.0,6905.681776823448
4980,447818.0,0.0,447818.0,447818.0,8601.830488779644
4981,673678.0,0.0,673678.0,673678.0,12500.933129645435
4982,681016.0,0.0,681016.0,681016.0,12624.423938452865
4983,595060.0,0.0,595060.0,595060.0,11165.755401360284
4984,448405.0,0.0,448405.0,448405.0,8612.172449056081
4985,149159.99999999997,0.0,149159.99999999997,149159.99999999997,3074.0108410960293
4986,118278.00000000003,0.0,118278.00000000003,118278.00000000003,2447.4615369457174
4987,96910.0,0.0,96910.0,96910.0,2006.9674452849956
4988,61608.0,0.0,61608.0,61608.0,1276.403197211454
4989,84570.0,0.0,84570.0,84570.0,1668.0800260786718
4990,74936.0,0.0,74936.0,74936.0,1554.2260506818718
4991,0.0,0.0,0.0,0.0,-0.0
4992,0.0,0.0,0.0,0.0,-0.0
4993,149296.0,0.0,149296.0,149296.0,2563.623051875512
4994,55063.0,0.0,55063.0,55063.0,1142.22555450453
4995,146117.0,0.0,146117.0,146117.0,2716.7146659413906
4996,43097.0,0.0,43097.0,43097.0,890.8897679981632
4997,71835.0,0.0,71835.0,71835.0,1381.6583459721548
4998,66184.0,0.0,66184.0,66184.0,1371.4985322895893
4999,123928.0,0.0,123928.0,123928.0,2362.945451877664
5000,376374.0,0.0,376374.0,376374.0,7232.532032816638
5001,994399.9999999999,0.0,994399.9999999999,994399.9999999999,16082.963748852475
5002,994399.9999999999,0.0,994399.9999999999,994399.9999999999,16082.93718863079
5003,994399.9999999999,0.0,994399.9999999999,994399.9999999999,16082.910628496826
5004,994399.9999999999,0.0,994399.9999999999,994399.9999999999,16082.884068450563
5005,527017.0,0.0,527017.0,527017.0,9989.603500932115
5006,453103.0,0.0,453103.0,453103.0,8693.475369038993
5007,366102.0,0.0,366102.0,366102.0,7137.022053772417
5008,464697.0,0.0,464697.0,464697.0,8898.275637778914
5009,537660.0,0.0,537660.0,537660.0,10174.323032003993
5010,185428.0,0.0,185428.0,185428.0,3775.4196297822346
5011,156056.0,0.0,156056.0,156056.0,3207.6984561807435
5012,201025.0,0.0,201025.0,201025.0,4073.963628697882
5013,149159.99999999997,0.0,149159.99999999997,149159.99999999997,3073.2622636453466
5014,149159.99999999997,0.0,149159.99999999997,149159.99999999997,3073.2571811178477
5015,52098.00000000006,0.0,52098.00000000006,52098.00000000006,1078.5793528704125
5016,9761.0,0.0,9761.0,9761.0,195.05413633922691
5017,0.0,0.0,0.0,0.0,-0.0
5018,0.0,0.0,0.0,0.0,-0.0
5019,0.0,0.0,0.0,0.0,-0.0
5020,0.0,0.0,0.0,0.0,-0.0
5021,26162.0,0.0,26162.0,26162.0,451.41621671823737
5022,398239.0,0.0,398239.0,398239.0,6668.093359684359
5023,855300.0,0.0,855300.0,855300.0,15502.375194482242
5024,980975.0,0.0,980975.0,980975.0,16081.405066743633
5025,994399.9999999999,0.0,994399.9999999999,994399.9999999999,16081.378511668936
5026,698457.0,0.0,698457.0,698457.0,12913.304987209429
5027,582598.0,0.0,582598.0,582598.0,10948.654611642984
5028,708054.0,0.0,708054.0,708054.0,13073.91485989326
5029,437765.0,0.0,437765.0,437765.0,8420.727494282677
5030,296423.0,0.0,296423.0,296423.0,5862.914005750713
5031,452544.0,0.0,452544.0,452544.0,8682.662177778566
5032,149159.99999999997,0.0,149159.99999999997,149159.99999999997,3072.9417947436805
5033,414155.0,0.0,414155.0,414155.0,8000.151464263959
5034,64962.000000000146,0.0,64962.000000000146,64962.000000000146,1347.2533583417737
5035,7150.0,0.0,7150.0,7150.0,145.59812326623378
5036,41570.0,0.0,41570.0,41570.0,735.224049012611
5037,43350.0,0.0,43350.0,43350.0,895.654841245457
5038,84607.0,0.0,84607.0,84607.0,1599.3625903854554
5039,33779.0,0.0,33779.0,33779.0,696.6217812515442
5040,28026.0,0.0,28026.0,28026.0,578.1669441567902
5041,0.0,0.0,0.0,0.0,-0.0
5042,0.0,0.0,0.0,0.0,-0.0
5043,0.0,0.0,0.0,0.0,-0.0
5044,0.0,0.0,0.0,0.0,-0.0
5045,10636.0,0.0,10636.0,10636.0,183.39825357091286
5046,346286.0,0.0,346286.0,346286.0,5730.36894006498
5047,760281.0,0.0,760281.0,760281.0,13941.10193877573
5048,652783.0,0.0,652783.0,652783.0,12142.794926054821
5049,392513.0,0.0,392513.0,392513.0,7611.414876543623
5050,481136.0,0.0,481136.0,481136.0,9185.52097338486
5051,643603.0,0.0,643603.0,643603.0,11987.356462753998
5052,805269.0,0.0,805269.0,805269.0,14682.56266442861
5053,984209.0,0.0,984209.0,984209.0,16079.08552019871
5054,994399.9999999999,0.0,994399.9999999999,994399.9999999999,16079.058972784384
5055,638523.0,0.0,638523.0,638523.0,11901.164966300717
5056,411652.0,0.0,411652.0,411652.0,7954.270438473411
5057,246809.0,0.0,246809.0,246809.0,4938.860484944485
5058,236766.0,0.0,236766.0,236766.0,4750.126930051279
5059,265999.0,0.0,265999.0,265999.0,5297.667843784967
5060,286830.0,0.0,286830.0,286830.0,5684.626384791327
5061,164625.0,0.0,164625.0,164625.0,3373.1954850587385
5062,339023.0,0.0,339023.0,339023.0,6643.374290487717
5063,369806.0,0.0,369806.0,369806.0,7202.096505929781
5064,453608.0,0.0,453608.0,453608.0,8700.097140110589
5065,462418.0,0.0,462418.0,462418.0,8855.723449466686
5066,425255.0,0.0,425255.0,425255.0,8196.855127249644
5067,463848.0,0.0,463848.0,463848.0,8880.925446335907
5068,467917.0,0.0,467917.0,467917.0,8952.656559052415
5069,304063.0,0.0,304063.0,304063.0,6002.759426797754
5070,246441.0,0.0,246441.0,246441.0,4931.848615783306
5071,149159.99999999997,0.0,149159.99999999997,149159.99999999997,3072.380531551965
5072,587672.0,0.0,587672.0,587672.0,11033.774428437922
5073,713063.0,0.0,713063.0,713063.0,13155.37776406849
5074,826962.0,0.0,826962.0,826962.0,15037.440737479721
5075,994399.9999999999,0.0,994399.9999999999,994399.9999999999,16078.540038891791
5076,994399.9999999999,0.0,994399.9999999999,994399.9999999999,16078.51349327831
5077,994399.9999999999,0.0,994399.9999999999,994399.9999999999,16078.486947752463
5078,994399.9999999999,0.0,994399.9999999999,994399.9999999999,16078.460402314247
5079,994399.9999999999,0.0,994399.9999999999,994399.9999999999,16078.433856963671
5080,541187.0,0.0,541187.0,541187.0,10232.558264339306
5081,595442.0,0.0,595442.0,595442.0,11166.705521750175
5082,343843.0,0.0,343843.0,343843.0,6730.9490630792725
5083,279722.0,0.0,279722.0,279722.0,5552.653398380866
5084,271159.0,0.0,271159.0,271159.0,5393.531985808266
5085,206762.0,0.0,206762.0,206762.0,4182.025135957174
5086,331939.0,0.0,331939.0,331939.0,6513.841309601419
5087,443751.0,0.0,443751.0,443751.0,8525.231331298588
5088,552698.0,0.0,552698.0,552698.0,10431.566398779712
5089,422447.0,0.0,422447.0,422447.0,8146.508950366304
5090,336877.0,0.0,336877.0,336877.0,6603.928712077235
5091,419411.0,0.0,419411.0,419411.0,8092.348602449463
5092,399138.0,0.0,399138.0,399138.0,7729.767309940749
5093,607178.0,0.0,607178.0,607178.0,11367.102062722088
5094,671857.0,0.0,671857.0,671857.0,12463.784080921083
5095,718162.0,0.0,718162.0,718162.0,13240.044353062742
5096,994399.9999999999,0.0,994399.9999999999,994399.9999999999,16078.009629146516
5097,994399.9999999999,0.0,994399.9999999999,994399.9999999999,16077.983085284066
5098,994399.9999999999,0.0,994399.9999999999,994399.9999999999,16077.956541509238
5099,566708.0,0.0,566708.0,566708.0,10673.049776283682
5100,994399.9999999999,0.0,994399.9999999999,994399.9999999999,16077.904584195241
5101,994399.9999999999,0.0,994399.9999999999,994399.9999999999,16077.878040679567
5102,637448.0,0.0,637448.0,637448.0,11882.029330165551
5103,740910.0,0.0,740910.0,740910.0,13618.630263487219
5104,757275.0,0.0,757275.0,757275.0,13890.06364908725
5105,149159.99999999997,0.0,149159.99999999997,149159.99999999997,3072.1903612028873
5106,62271.00000000003,0.0,62271.00000000003,62271.00000000003,1288.7422822699575
5107,0.0,0.0,0.0,0.0,-0.0
5108,0.0,0.0,0.0,0.0,-0.0
5109,0.0,0.0,0.0,0.0,-0.0
5110,0.0,0.0,0.0,0.0,-0.0
5111,0.0,0.0,0.0,0.0,-0.0
5112,0.0,0.0,0.0,0.0,-0.0
5113,0.0,0.0,0.0,0.0,-0.0
5114,0.0,0.0,0.0,0.0,-0.0
5115,0.0,0.0,0.0,0.0,-0.0
5116,0.0,0.0,0.0,0.0,-0.0
5117,5760.0,0.0,5760.0,5760.0,98.89771361085863
5118,343208.0,0.0,343208.0,343208.0,5640.400312036688
5119,780370.0,0.0,780370.0,780370.0,14270.614876478146
5120,952795.0,0.0,952795.0,952795.0,16076.543688540081
5121,994399.9999999999,0.0,994399.9999999999,994399.9999999999,16076.517149516862
5122,994399.9999999999,0.0,994399.9999999999,994399.9999999999,16076.490610581244
5123,908924.0,0.0,908924.0,908924.0,16076.464071733224
5124,908246.0,0.0,908246.0,908246.0,16076.437532972805
5125,865193.0,0.0,865193.0,865193.0,15658.295111709787
5126,725381.0,0.0,725381.0,725381.0,13359.025952734712
5127,792251.0,0.0,792251.0,792251.0,14466.106804447152
5128,950189.0,0.0,950189.0,950189.0,16076.332328581977
5129,768273.0,0.0,768273.0,768273.0,14070.691615710599
5130,264099.0,0.0,264099.0,264099.0,5261.281962848999
5131,240427.0,0.0,240427.0,240427.0,4818.098473489387
5132,241254.0,0.0,241254.0,241254.0,4833.633614442121
5133,157736.0,0.0,157736.0,157736.0,3238.880463081133
5134,236347.0,0.0,236347.0,236347.0,4741.327441826815
5135,355447.0,0.0,355447.0,355447.0,6940.814305278824
5136,273363.0,0.0,273363.0,273363.0,5433.717216168004
5137,231614.0,0.0,231614.0,231614.0,4652.134775486265
5138,198263.0,0.0,198263.0,198263.0,4019.3721371002157
5139,255750.0,0.0,255750.0,255750.0,5105.304248667305
5140,228144.0,0.0,228144.0,228144.0,4586.642040247168
5141,207154.0,0.0,207154.0,207154.0,4188.8219836448325
5142,471323.0,0.0,471323.0,471323.0,9011.041055054806
5143,764693.0,0.0,764693.0,764693.0,14011.210885097187
5144,851823.0,0.0,851823.0,851823.0,15440.488653826116
5145,853994.0,0.0,853994.0,853994.0,15475.79059423673
5146,904801.0,0.0,904801.0,904801.0,16075.889809332804
5147,819646.0,0.0,819646.0,819646.0,14915.214431475331
5148,994399.9999999999,0.0,994399.9999999999,994399.9999999999,16075.836965386676
5149,989221.0,0.0,989221.0,989221.0,16075.810428696237
5150,847430.0,0.0,847430.0,847430.0,15368.809844778189
5151,994399.9999999999,0.0,994399.9999999999,994399.9999999999,16075.757494824133
5152,691840.0,0.0,691840.0,691840.0,12797.769649895929
5153,422963.0,0.0,422963.0,422963.0,8154.360043814847
5154,149159.99999999997,0.0,149159.99999999997,149159.99999999997,3071.73138305745
5155,247904.0,0.0,247904.0,247904.0,4958.258865309202
5156,202835.0,0.0,202835.0,202835.0,4106.461763935984
5157,149159.99999999997,0.0,149159.99999999997,149159.99999999997,3071.715898666984
5158,155258.0,0.0,155258.0,155258.0,3190.548208275814
5159,264976.0,0.0,264976.0,264976.0,5277.373329368695
5160,256817.0,0.0,256817.0,256817.0,5125.066630130557
5161,245894.0,0.0,245894.0,245894.0,4920.51399387971
5162,192450.0,0.0,192450.0,192450.0,3908.082201716035
5163,307303.0,0.0,307303.0,307303.0,6061.0722057683715
5164,188234.0,0.0,188234.0,188234.0,3827.310941744803
5165,178236.0,0.0,178236.0,178236.0,3635.2196106324745
5166,459765.0,0.0,459765.0,459765.0,8806.916043277079
5167,748404.0,0.0,748404.0,748404.0,13740.908663757722
5168,970823.0,0.0,970823.0,970823.0,16075.345849028456
5169,994399.9999999999,0.0,994399.9999999999,994399.9999999999,16075.319313959058
5170,994399.9999999999,0.0,994399.9999999999,994399.9999999999,16075.292778977246
5171,994399.9999999999,0.0,994399.9999999999,994399.9999999999,16075.266244083017
5172,994399.9999999999,0.0,994399.9999999999,994399.9999999999,16075.239709276371
5173,994399.9999999999,0.0,994399.9999999999,994399.9999999999,16075.213174557304
5174,994399.9999999999,0.0,994399.9999999999,994399.9999999999,16075.18663992582
5175,934252.0,0.0,934252.0,934252.0,16075.160105381918
5176,779304.0,0.0,779304.0,779304.0,14251.745445893579
5177,351318.0,0.0,351318.0,351318.0,6865.374525719528
5178,149159.99999999997,0.0,149159.99999999997,149159.99999999997,3071.600417640917
5179,116070.00000000003,0.0,116070.00000000003,116070.00000000003,2402.1506876249086
5180,422295.0,0.0,422295.0,422295.0,7941.36670852657
5181,195742.0,0.0,195742.0,195742.0,3970.864619716413
5182,133192.0,0.0,133192.0,133192.0,2753.654977072966
5183,67387.0,0.0,67387.0,67387.0,1394.3005722700007
5184,116772.0,0.0,116772.0,116772.0,2241.0469188833113
5185,196720.0,0.0,196720.0,196720.0,3891.072658253428
5186,375878.0,0.0,375878.0,375878.0,7309.450645753068
5187,261223.0,0.0,261223.0,261223.0,5206.855918304212
5188,303375.0,0.0,303375.0,303375.0,5988.216582763699
5189,220333.0,0.0,220333.0,220333.0,4438.361541754489
5190,553338.0,0.0,553338.0,553338.0,10439.8014145132
5191,789473.0,0.0,789473.0,789473.0,14418.278975638597
5192,986199.0,0.0,986199.0,986199.0,16074.006255645158
5193,855866.0,0.0,855866.0,855866.0,15504.366038075528
5194,906236.0,0.0,906236.0,906236.0,16073.953306449266
5195,842921.0,0.0,842921.0,842921.0,15293.56058222694
5196,994399.9999999999,0.0,994399.9999999999,994399.9999999999,16073.90039938227
5197,994399.9999999999,0.0,994399.9999999999,994399.9999999999,16073.873869080291
5198,818265.0,0.0,818265.0,818265.0,14890.721641416005
5199,266597.0,0.0,266597.0,266597.0,5306.946941331404
5200,667700.0,0.0,667700.0,667700.0,12390.357496113058
5201,596818.0,0.0,596818.0,596818.0,11186.918035665656
5202,149159.99999999997,0.0,149159.99999999997,149159.99999999997,3071.3073114703107
5203,143445.00000000026,0.0,143445.00000000026,143445.00000000026,2959.608274313917
5204,38629.0,0.0,38629.0,38629.0,797.0663626701124
5205,27085.0,0.0,27085.0,27085.0,559.5119380772858
5206,0.0,0.0,0.0,0.0,-0.0
5207,0.0,0.0,0.0,0.0,-0.0
5208,36759.0,0.0,36759.0,36759.0,633.6389784595459
5209,109723.0,0.0,109723.0,109723.0,2013.9966686656949
5210,128206.0,0.0,128206.0,128206.0,2597.3459118303604
5211,263338.0,0.0,263338.0,263338.0,5181.108158431812
5212,240209.0,0.0,240209.0,240209.0,4812.736359960856
5213,352777.0,0.0,352777.0,352777.0,6890.627208467778
5214,608431.0,0.0,608431.0,608431.0,11384.321541449057
5215,629827.0,0.0,629827.0,629827.0,11748.524129926169
5216,890161.0,0.0,890161.0,890161.0,16058.801885957955
5217,875564.0,0.0,875564.0,875564.0,15822.52768956276
5218,902543.0,0.0,902543.0,902543.0,16072.309893307494
5219,904628.0,0.0,904628.0,904628.0,16072.28336825465
5220,879111.0,0.0,879111.0,879111.0,15879.91060277906
5221,882312.0,0.0,882312.0,882312.0,15931.710325885055
5222,994399.9999999999,0.0,994399.9999999999,994399.9999999999,16072.203858811554
5223,994399.9999999999,0.0,994399.9999999999,994399.9999999999,16072.177334108625
5224,871308.0,0.0,871308.0,871308.0,15753.351429037528
5225,315113.0,0.0,315113.0,315113.0,6203.162174142756
5226,149159.99999999997,0.0,149159.99999999997,149159.99999999997,3070.9465171465617
5227,149159.99999999997,0.0,149159.99999999997,149159.99999999997,3070.941442233768
5228,527561.0,0.0,527561.0,527561.0,9992.004550628542
5229,361020.0,0.0,361020.0,361020.0,7039.883824834605
5230,330779.0,0.0,330779.0,330779.0,6489.898812395162
5231,234001.0,0.0,234001.0,234001.0,4695.778021991181
5232,146441.0000000003,0.0,146441.0000000003,146441.0000000003,3017.822170035663
5233,47134.0,0.0,47134.0,47134.0,974.9115925064064
5234,0.0,0.0,0.0,0.0,-0.0
5235,545937.0,0.0,545937.0,545937.0,8591.393784598242
5236,520776.0,0.0,520776.0,520776.0,9873.218039917147
5237,497474.0,0.0,497474.0,497474.0,9466.742427587204
5238,569562.0,0.0,569562.0,569562.0,10717.161631132087
5239,844790.0,0.0,844790.0,844790.0,15320.906507207806
5240,948785.0,0.0,948785.0,948785.0,16070.653452167271
5241,994399.9999999999,0.0,994399.9999999999,994399.9999999999,16070.62693258053
5242,812021.0,0.0,812021.0,812021.0,14785.423853653398
5243,994399.9999999999,0.0,994399.9999999999,994399.9999999999,16070.574148259167
5244,994399.9999999999,0.0,994399.9999999999,994399.9999999999,16070.547628934104
5245,994399.9999999999,0.0,994399.9999999999,994399.9999999999,16070.521109696543
5246,365528.0,0.0,365528.0,365528.0,7120.73607019948
5247,186255.0,0.0,186255.0,186255.0,3788.0277552226917
5248,507714.0,0.0,507714.0,507714.0,9645.453053964804
5249,333115.0,0.0,333115.0,333115.0,6531.850566002118
5250,149159.99999999997,0.0,149159.99999999997,149159.99999999997,3070.5731744314185
5251,141263.00000000003,0.0,141263.00000000003,141263.00000000003,2916.175560896283
5252,150975.0,0.0,150975.0,150975.0,3105.959139170152
5253,148994.0,0.0,148994.0,148994.0,3067.319019245978
5254,237387.0,0.0,237387.0,237387.0,4758.961418740753
5255,121479.0,0.0,121479.0,121479.0,2512.6642416703844
5256,117734.0,0.0,117734.0,117734.0,2434.0477996968734
5257,82848.0,0.0,82848.0,82848.0,1713.1474492523528
5258,35594.0,0.0,35594.0,35594.0,737.3494657499524
5259,0.0,0.0,0.0,0.0,-0.0
5260,0.0,0.0,0.0,0.0,-0.0
5261,4071.0,0.0,4071.0,4071.0,-0.0
5262,343395.0,0.0,343395.0,343395.0,5598.816642349483
5263,793998.0,0.0,793998.0,793998.0,14488.178663067152
5264,478267.0,0.0,478267.0,478267.0,9129.004097698915
5265,885279.0,0.0,885279.0,885279.0,15976.509663982226
5266,363611.0,0.0,363611.0,363611.0,7085.332702392398
5267,907209.0,0.0,907209.0,907209.0,16068.950390732203
5268,590205.0,0.0,590205.0,590205.0,11070.24247869562
5269,994399.9999999999,0.0,994399.9999999999,994399.9999999999,16068.89840085533
5270,994399.9999999999,0.0,994399.9999999999,994399.9999999999,16068.871887059553
5271,994399.9999999999,0.0,994399.9999999999,994399.9999999999,16068.845373351256
5272,819412.0,0.0,819412.0,819412.0,14904.79329393683
5273,618686.0,0.0,618686.0,618686.0,11556.399773670344
5274,177879.0,0.0,177879.0,177879.0,3626.6416874379433
5275,201940.0,0.0,201940.0,201940.0,4087.4280673189487
5276,162567.0,0.0,162567.0,162567.0,3330.8955412419964
5277,176033.0,0.0,176033.0,176033.0,3591.07764665518
5278,291321.0,0.0,291321.0,291321.0,5763.6858612688175
5279,372310.0,0.0,372310.0,372310.0,7242.379473923537
5280,268464.0,0.0,268464.0,268464.0,5339.809418740474
5281,150034.0,0.0,150034.0,150034.0,3087.2261648182157
5282,149159.99999999997,0.0,149159.99999999997,149159.99999999997,3070.1742990562766
5283,25238.00000000003,0.0,25238.00000000003,25238.00000000003,523.0460416248874
5284,131355.0,0.0,131355.0,131355.0,2350.7271139520585
5285,0.0,0.0,0.0,0.0,-0.0
5286,166742.0,0.0,166742.0,166742.0,2842.664143293962
5287,606667.0,0.0,606667.0,606667.0,11349.86303713686
5288,705775.0,0.0,705775.0,705775.0,13023.469242786266
5289,994399.9999999999,0.0,994399.9999999999,994399.9999999999,16066.420785785169
5290,813520.0,0.0,813520.0,813520.0,14806.07230563426
5291,994399.9999999999,0.0,994399.9999999999,994399.9999999999,16066.368024154095
5292,855246.0,0.0,855246.0,855246.0,15486.888811933886
5293,740452.0,0.0,740452.0,740452.0,13601.093280609884
5294,820021.0,0.0,820021.0,820021.0,14912.38997925775
5295,960077.0,0.0,960077.0,960077.0,16066.262839767194
5296,994399.9999999999,0.0,994399.9999999999,994399.9999999999,16066.236334665322
5297,419525.0,0.0,419525.0,419525.0,8087.9585695788555
5298,205544.0,0.0,205544.0,205544.0,4155.31865338018
5299,132325.0,0.0,132325.0,132325.0,2734.926793783927
5300,0.0,0.0,0.0,0.0,-0.0
5301,0.0,0.0,0.0,0.0,-0.0
5302,30406.0,0.0,30406.0,30406.0,524.8607779905713
5303,195903.0,0.0,195903.0,195903.0,3456.723441384074
5304,61114.0,0.0,61114.0,61114.0,1264.917856274636
5305,71465.0,0.0,71465.0,71465.0,1443.5025870745908
5306,90339.0,0.0,90339.0,90339.0,1800.6429729995984
5307,180583.0,0.0,180583.0,180583.0,3473.5649797743877
5308,212202.0,0.0,212202.0,212202.0,4281.268828863286
5309,209532.0,0.0,209532.0,209532.0,4230.568992041744
5310,357781.0,0.0,357781.0,357781.0,6977.531353407683
5311,849699.0,0.0,849699.0,849699.0,15394.605122778416
5312,586728.0,0.0,586728.0,586728.0,11007.287716897052
5313,994399.9999999999,0.0,994399.9999999999,994399.9999999999,16064.149137543418
5314,994399.9999999999,0.0,994399.9999999999,994399.9999999999,16064.122639411553
5315,950423.0,0.0,950423.0,950423.0,16064.096141367094
5316,994399.9999999999,0.0,994399.9999999999,994399.9999999999,16064.069643410028
5317,994399.9999999999,0.0,994399.9999999999,994399.9999999999,16064.043145540363
5318,887397.0,0.0,887397.0,887397.0,16005.793258968659
5319,994399.9999999999,0.0,994399.9999999999,994399.9999999999,16063.990161446869
5320,508526.0,0.0,508526.0,508526.0,9655.5146000893
5321,440537.0,0.0,440537.0,440537.0,8460.204636739067
5322,164653.0,0.0,164653.0,164653.0,3370.1561551351747
5323,149159.99999999997,0.0,149159.99999999997,149159.99999999997,3069.1468670240906
5324,149159.99999999997,0.0,149159.99999999997,149159.99999999997,3069.1417980244346
5325,181842.0,0.0,181842.0,181842.0,3701.5711064504767
5326,337341.0,0.0,337341.0,337341.0,6605.979179331609
5327,149159.99999999997,0.0,149159.99999999997,149159.99999999997,3069.1262629059715
5328,80094.00000000009,0.0,80094.00000000009,80094.00000000009,1658.3010529123574
5329,27398.0,0.0,27398.0,27398.0,565.2921415531291
5330,91627.0,0.0,91627.0,91627.0,1666.9243957790306
5331,132605.0,0.0,132605.0,132605.0,2599.5307548850406
5332,25455.0,0.0,25455.0,25455.0,527.1861173314785
5333,0.0,0.0,0.0,0.0,-0.0
5334,380527.0,0.0,380527.0,380527.0,6155.897495124992
5335,851718.0,0.0,851718.0,851718.0,15424.996644153063
5336,168517.0,0.0,168517.0,168517.0,3444.3261193406497
5337,312060.0,0.0,312060.0,312060.0,6142.72099422607
5338,976128.0,0.0,976128.0,976128.0,16061.583798482112
5339,615192.0,0.0,615192.0,615192.0,11491.541629922238
5340,941045.0,0.0,941045.0,941045.0,16061.531761773065
5341,994399.9999999999,0.0,994399.9999999999,994399.9999999999,16061.50527227262
5342,821525.0,0.0,821525.0,821525.0,14932.481573570887
5343,908831.0,0.0,908831.0,908831.0,16061.452516670572
5344,803689.0,0.0,803689.0,803689.0,14640.330809723497
5345,575798.0,0.0,575798.0,575798.0,10817.844322659494
5346,181515.0,0.0,181515.0,181515.0,3694.6455644855882
5347,199924.0,0.0,199924.0,199924.0,4046.8951257939743
5348,149159.99999999997,0.0,149159.99999999997,149159.99999999997,3068.585102703599
5349,149159.99999999997,0.0,149159.99999999997,149159.99999999997,3068.5800355490314
5350,68339.00000000006,0.0,68339.00000000006,68339.00000000006,1411.7559271184361
5351,39178.0,0.0,39178.0,39178.0,807.1676142982102
5352,71099.0,0.0,71099.0,71099.0,1348.5947314633247
5353,49648.0,0.0,49648.0,49648.0,1028.8521368101917
5354,0.0,0.0,0.0,0.0,-0.0
5355,0.0,0.0,0.0,0.0,-0.0
5356,38243.0,0.0,38243.0,38243.0,657.3601520585124
5357,20649.0,0.0,20649.0,20649.0,427.31368094905343
5358,27214.0,0.0,27214.0,27214.0,542.8573876383055
5359,322536.0,0.0,322536.0,322536.0,5474.145367291125
5360,741498.0,0.0,741498.0,741498.0,13612.695245443914
5361,397259.0,0.0,397259.0,397259.0,7686.553643845629
5362,734950.0,0.0,734950.0,734950.0,13503.921208946147
5363,862470.0,0.0,862470.0,862470.0,15597.64939569818
5364,994399.9999999999,0.0,994399.9999999999,994399.9999999999,16059.536002810568
5365,994399.9999999999,0.0,994399.9999999999,994399.9999999999,16059.509519892928
5366,625123.0,0.0,625123.0,625123.0,11658.893391138234
5367,482270.0,0.0,482270.0,482270.0,9193.503767074239
5368,535405.0,0.0,535405.0,535405.0,10119.789764453055
5369,499921.0,0.0,499921.0,499921.0,9502.461470339733
5370,335148.0,0.0,335148.0,335148.0,6564.034652241071
5371,357357.0,0.0,357357.0,357357.0,6967.562658942728
5372,157069.0,0.0,157069.0,157069.0,3222.0426096277156
5373,270312.0,0.0,270312.0,270312.0,5370.7538923236
5374,256322.0,0.0,256322.0,256322.0,5110.082284488822
5375,257647.0,0.0,257647.0,257647.0,5134.812992523405
5376,149159.99999999997,0.0,149159.99999999997,149159.99999999997,3068.1244918784278
5377,149159.99999999997,0.0,149159.99999999997,149159.99999999997,3068.1194262370354
5378,192832.0,0.0,192832.0,192832.0,3910.9081274581517
5379,149159.99999999997,0.0,149159.99999999997,149159.99999999997,3068.1092180044184
5380,149159.99999999997,0.0,149159.99999999997,149159.99999999997,3068.1041524131874
5381,169677.0,0.0,169677.0,169677.0,3466.111366350785
5382,614654.0,0.0,614654.0,614654.0,11480.55043998477
5383,851997.0,0.0,851997.0,851997.0,15427.02830384386
5384,994399.9999999999,0.0,994399.9999999999,994399.9999999999,16059.035126303765
5385,994399.9999999999,0.0,994399.9999999999,994399.9999999999,16059.008645037688
5386,686377.0,0.0,686377.0,686377.0,12692.506595839319
5387,405675.0,0.0,405675.0,405675.0,7836.858668498354
5388,963091.0,0.0,963091.0,963091.0,16058.931693511067
5389,424630.0,0.0,424630.0,424630.0,8174.916567202759
5390,530073.0,0.0,530073.0,530073.0,10026.989817603577
5391,381364.0,0.0,381364.0,381364.0,7400.739173573839
5392,243036.0,0.0,243036.0,243036.0,4861.252122176276
5393,149159.99999999997,0.0,149159.99999999997,149159.99999999997,3068.0325823695316
5394,92118.00000000003,0.0,92118.00000000003,92118.00000000003,1903.9326060089438
5395,0.0,0.0,0.0,0.0,-0.0
5396,0.0,0.0,0.0,0.0,-0.0
5397,0.0,0.0,0.0,0.0,-0.0
5398,0.0,0.0,0.0,0.0,-0.0
5399,0.0,0.0,0.0,0.0,-0.0
5400,0.0,0.0,0.0,0.0,-0.0
5401,0.0,0.0,0.0,0.0,-0.0
5402,0.0,0.0,0.0,0.0,-0.0
5403,0.0,0.0,0.0,0.0,-0.0
5404,0.0,0.0,0.0,0.0,-0.0
5405,24253.0,0.0,24253.0,24253.0,414.66142597087503
5406,135486.0,0.0,135486.0,135486.0,2402.860862329481
5407,28388.0,0.0,28388.0,28388.0,584.4078971590992
5408,137324.0,0.0,137324.0,137324.0,2451.1929030381025
5409,207923.0,0.0,207923.0,207923.0,4197.761385982451
5410,239005.0,0.0,239005.0,239005.0,4784.84711657269
5411,545365.0,0.0,545365.0,545365.0,10290.256561179833
5412,758715.0,0.0,758715.0,758715.0,13895.236022105353
5413,398830.0,0.0,398830.0,398830.0,7713.116889483166
5414,393311.0,0.0,393311.0,393311.0,7614.191506077132
5415,226447.0,0.0,226447.0,226447.0,4548.407805756336
5416,249454.0,0.0,249454.0,249454.0,4980.703380015534
5417,395708.0,0.0,395708.0,395708.0,7657.131727110806
5418,437442.0,0.0,437442.0,437442.0,8401.124605422414
5419,33407.0,0.0,33407.0,33407.0,688.3237076693424
5420,106984.0,0.0,106984.0,106984.0,1947.5050763944103
5421,41469.0,0.0,41469.0,41469.0,857.3877193126722
5422,73666.0,0.0,73666.0,73666.0,1412.3145116788228
5423,79346.0,0.0,79346.0,79346.0,1608.3870596015188
5424,0.0,0.0,0.0,0.0,-0.0
5425,0.0,0.0,0.0,0.0,-0.0
5426,0.0,0.0,0.0,0.0,-0.0
5427,14267.0,0.0,14267.0,14267.0,241.74515284654365
5428,0.0,0.0,0.0,0.0,-0.0
5429,0.0,0.0,0.0,0.0,-0.0
5430,355671.0,0.0,355671.0,355671.0,5778.8126916115025
5431,789961.0,0.0,789961.0,789961.0,14408.215181169971
5432,356308.0,0.0,356308.0,356308.0,6946.090539361539
5433,651028.0,0.0,651028.0,651028.0,12093.578535465453
5434,428727.0,0.0,428727.0,428727.0,8245.10760198567
5435,784563.0,0.0,784563.0,784563.0,14319.344633167771
5436,719664.0,0.0,719664.0,719664.0,13244.838536677125
5437,994399.9999999999,0.0,994399.9999999999,994399.9999999999,16053.963336166398
5438,994399.9999999999,0.0,994399.9999999999,994399.9999999999,16053.936871620535
5439,935456.0,0.0,935456.0,935456.0,16053.910407161893
5440,829672.0,0.0,829672.0,829672.0,15058.416020490855
5441,443249.0,0.0,443249.0,443249.0,8502.576762760877
5442,149159.99999999997,0.0,149159.99999999997,149159.99999999997,3066.942415505104
5443,9632.00000000003,0.0,9632.00000000003,9632.00000000003,192.3162396695653
5444,28775.0,0.0,28775.0,28775.0,512.9128842880706
5445,0.0,0.0,0.0,0.0,-0.0
5446,0.0,0.0,0.0,0.0,-0.0
5447,0.0,0.0,0.0,0.0,-0.0
5448,0.0,0.0,0.0,0.0,-0.0
5449,0.0,0.0,0.0,0.0,-0.0
5450,31312.0,0.0,31312.0,31312.0,539.2847634177639
5451,61175.0,0.0,61175.0,61175.0,1159.6597844888686
5452,12458.0,0.0,12458.0,12458.0,255.19176104770202
5453,0.0,0.0,0.0,0.0,-0.0
5454,349312.0,0.0,349312.0,349312.0,5681.892442107609
5455,420343.0,0.0,420343.0,420343.0,8094.841171735421
5456,986261.0,0.0,986261.0,986261.0,16051.918110296552
5457,994399.9999999999,0.0,994399.9999999999,994399.9999999999,16051.891652495551
5458,994399.9999999999,0.0,994399.9999999999,994399.9999999999,16051.865194781758
5459,627301.0,0.0,627301.0,627301.0,11690.12583325295
5460,889345.0,0.0,889345.0,889345.0,16025.091269279603
5461,676368.0,0.0,676368.0,676368.0,12518.670507663608
5462,135463.00000000023,0.0,135463.00000000023,135463.00000000023,2798.6209379737984
5463,77633.0,0.0,77633.0,77633.0,1603.3882292408764
5464,679041.0,0.0,679041.0,679041.0,11633.859674933197
5465,315603.0,0.0,315603.0,315603.0,6203.315088360261
5466,52113.0,0.0,52113.0,52113.0,1076.5226730151505
5467,85672.0,0.0,85672.0,85672.0,1649.8018626833232
5468,110715.0,0.0,110715.0,110715.0,2201.337770741164
5469,25281.0,0.0,25281.0,25281.0,523.3420560884288
5470,21794.0,0.0,21794.0,21794.0,449.49442419842626
5471,57057.0,0.0,57057.0,57057.0,1053.767743465904
5472,84066.0,0.0,84066.0,84066.0,1644.261448870835
5473,261645.0,0.0,261645.0,261645.0,4853.014386375022
5474,252622.0,0.0,252622.0,252622.0,5037.567269467241
5475,157165.0,0.0,157165.0,157165.0,3221.6661603753087
5476,96025.0,0.0,96025.0,96025.0,1984.3528207961424
5477,40368.0,0.0,40368.0,40368.0,835.4065936051015
5478,410943.0,0.0,410943.0,410943.0,6996.829391253429
5479,630980.0,0.0,630980.0,630980.0,11750.168502559105
5480,219649.0,0.0,219649.0,219649.0,4417.581488146799
5481,263756.0,0.0,263756.0,263756.0,5244.8978320540255
5482,446986.0,0.0,446986.0,446986.0,8565.734147035595
5483,754849.0,0.0,754849.0,754849.0,13824.298777009442
5484,978414.0,0.0,978414.0,978414.0,16048.574693209674
5485,908006.0,0.0,908006.0,908006.0,16048.548246420622
5486,883358.0,0.0,883358.0,883358.0,15925.092034119862
5487,606323.0,0.0,606323.0,606323.0,11330.821635157834
5488,683502.0,0.0,683502.0,683502.0,12635.768313130031
5489,222015.0,0.0,222015.0,222015.0,4462.2184261238235
5490,124746.0,0.0,124746.0,124746.0,2577.7633911834882
5491,123883.0,0.0,123883.0,123883.0,2560.8089548331363
5492,69818.0,0.0,69818.0,69818.0,1444.6175398086446
5493,88575.0,0.0,88575.0,88575.0,1774.2025788190876
5494,157680.0,0.0,157680.0,157680.0,3032.1448859629104
5495,127302.0,0.0,127302.0,127302.0,2627.8013757200374
5496,73451.0,0.0,73451.0,73451.0,1515.8956138601231
5497,244209.0,0.0,244209.0,244209.0,4488.397817964203
5498,130771.0,0.0,130771.0,130771.0,2700.7153673479324
5499,188784.0,0.0,188784.0,188784.0,3806.6252761624733
5500,303517.0,0.0,303517.0,303517.0,5979.802537350789
5501,260355.0,0.0,260355.0,260355.0,5180.98097800261
5502,272106.0,0.0,272106.0,272106.0,5399.537495971267
5503,151486.0,0.0,151486.0,151486.0,3110.7340064105138
5504,217024.0,0.0,217024.0,217024.0,4367.421400126285
5505,662434.0,0.0,662434.0,662434.0,12280.425797373417
5506,658243.0,0.0,658243.0,658243.0,12209.778032271686
5507,895674.0,0.0,895674.0,895674.0,16046.91833229864
5508,994399.9999999999,0.0,994399.9999999999,994399.9999999999,16046.891890962113
5509,994399.9999999999,0.0,994399.9999999999,994399.9999999999,16046.86544971271
5510,994399.9999999999,0.0,994399.9999999999,994399.9999999999,16046.83900855042
5511,699422.0,0.0,699422.0,699422.0,12901.028369318554
5512,668644.0,0.0,668644.0,668644.0,12384.821566733475
5513,580644.0,0.0,580644.0,580644.0,10890.665819531145
5514,350723.0,0.0,350723.0,350723.0,6841.451855308396
5515,195702.0,0.0,195702.0,195702.0,3962.264880164609
5516,149159.99999999997,0.0,149159.99999999997,149159.99999999997,3065.3767444906725
5517,121607.00000000003,0.0,121607.00000000003,121607.00000000003,2510.9140503815574
5518,82038.0,0.0,82038.0,82038.0,1694.494467833085
5519,135280.0,0.0,135280.0,135280.0,2604.544564325103
5520,22480.0,0.0,22480.0,22480.0,462.85162726451705
5521,61800.0,0.0,61800.0,61800.0,1135.0375637285572
5522,26046.0,0.0,26046.0,26046.0,538.2989477566216
5523,0.0,0.0,0.0,0.0,-0.0
5524,0.0,0.0,0.0,0.0,-0.0
5525,0.0,0.0,0.0,0.0,-0.0
5526,337478.0,0.0,337478.0,337478.0,5499.917124473511
5527,784543.0,0.0,784543.0,784543.0,14310.529254835878
5528,595046.0,0.0,595046.0,595046.0,11135.552640200487
5529,638521.0,0.0,638521.0,638521.0,11874.784453387378
5530,921911.0,0.0,921911.0,921911.0,16044.545961436386
5531,729300.0,0.0,729300.0,729300.0,13397.154288108664
5532,994399.9999999999,0.0,994399.9999999999,994399.9999999999,16044.493626210862
5533,738184.0,0.0,738184.0,738184.0,13544.630749798933
5534,892030.0,0.0,892030.0,892030.0,16044.441260806252
5535,969351.0,0.0,969351.0,969351.0,16044.414827629673
5536,809740.0,0.0,809740.0,809740.0,14723.745494242952
5537,325184.0,0.0,325184.0,325184.0,6375.650853503156
5538,63382.00000000012,0.0,63382.00000000012,63382.00000000012,1307.6951655658636
5539,32786.0,0.0,32786.0,32786.0,675.7559023065406
5540,0.0,0.0,0.0,0.0,-0.0
5541,28131.0,0.0,28131.0,28131.0,482.4708015866968
5542,61536.0,0.0,61536.0,61536.0,1147.8793410142168
5543,71989.0,0.0,71989.0,71989.0,1451.4711374724106
5544,62690.0,0.0,62690.0,62690.0,1294.027767509201
5545,25901.0,0.0,25901.0,25901.0,535.3478507244309
5546,36593.0,0.0,36593.0,36593.0,719.7943498756057
5547,0.0,0.0,0.0,0.0,-0.0
5548,43331.0,0.0,43331.0,43331.0,744.2645271432274
5549,44195.0,0.0,44195.0,44195.0,909.989510102398
5550,362211.0,0.0,362211.0,362211.0,6221.567789931667
5551,879639.0,0.0,879639.0,879639.0,15858.913694598348
5552,994399.9999999999,0.0,994399.9999999999,994399.9999999999,16042.38113051491
5553,994399.9999999999,0.0,994399.9999999999,994399.9999999999,16042.354704128045
5554,838897.0,0.0,838897.0,838897.0,15197.826224817767
5555,994399.9999999999,0.0,994399.9999999999,994399.9999999999,16042.302017804117
5556,764384.0,0.0,764384.0,764384.0,13976.287665915277
5557,730223.0,0.0,730223.0,730223.0,13410.557014819144
5558,994399.9999999999,0.0,994399.9999999999,994399.9999999999,16042.223680142552
5559,992515.0,0.0,992515.0,992515.0,16042.19725427431
5560,646695.0,0.0,646695.0,646695.0,12011.166119523712
5561,422844.0,0.0,422844.0,422844.0,8134.0458239362615
5562,149159.99999999997,0.0,149159.99999999997,149159.99999999997,3064.3758667240245
5563,140854.00000000003,0.0,140854.00000000003,140854.00000000003,2902.2711132737704
5564,221620.0,0.0,221620.0,221620.0,4452.779526619143
5565,241477.0,0.0,241477.0,241477.0,4826.382528912007
5566,142130.0,0.0,142130.0,142130.0,2927.2045999203083
5567,122918.0,0.0,122918.0,122918.0,2535.7563069162393
5568,181761.0,0.0,181761.0,181761.0,3626.020941340128
5569,234784.0,0.0,234784.0,234784.0,4700.677545438128
5570,204234.0,0.0,204234.0,204234.0,4123.339945590519
5571,172880.0,0.0,172880.0,172880.0,3523.5787795190727
5572,159092.0,0.0,159092.0,159092.0,3257.2347485458886
5573,104003.0,0.0,104003.0,104003.0,2149.777301285316
5574,636497.0,0.0,636497.0,636497.0,11400.542349441375
5575,573360.0,0.0,573360.0,573360.0,10762.00653124266
5576,481232.0,0.0,481232.0,481232.0,9164.387343397782
5577,348816.0,0.0,348816.0,348816.0,6804.406114007063
5578,971939.0,0.0,971939.0,971939.0,16041.370164738773
5579,994399.9999999999,0.0,994399.9999999999,994399.9999999999,16041.34374167954
5580,994399.9999999999,0.0,994399.9999999999,994399.9999999999,16041.31731870733
5581,909245.0,0.0,909245.0,909245.0,16041.290895822156
5582,994399.9999999999,0.0,994399.9999999999,994399.9999999999,16041.264473024004
5583,294209.0,0.0,294209.0,294209.0,5806.1230846882345
5584,384868.0,0.0,384868.0,384868.0,7454.935770802939
5585,203379.0,0.0,203379.0,203379.0,4106.907550965855
5586,149159.99999999997,0.0,149159.99999999997,149159.99999999997,3064.1667546872627
5587,149159.99999999997,0.0,149159.99999999997,149159.99999999997,3064.161702032981
5588,149159.99999999997,0.0,149159.99999999997,149159.99999999997,3064.1566493952705
5589,149159.99999999997,0.0,149159.99999999997,149159.99999999997,3064.1515967741334
5590,435848.0,0.0,435848.0,435848.0,8364.316678357009
5591,446096.0,0.0,446096.0,446096.0,8545.698145326638
5592,384078.0,0.0,384078.0,384078.0,7440.652242159527
5593,374006.0,0.0,374006.0,374006.0,7259.481669370465
5594,149566.0,0.0,149566.0,149566.0,3072.030072254258
5595,140805.00000000012,0.0,140805.00000000012,140805.00000000012,2901.074305475229
5596,53697.0,0.0,53697.0,53697.0,1106.8919330888275
5597,47215.0,0.0,47215.0,47215.0,974.5599970977003
5598,540782.0,0.0,540782.0,540782.0,9067.829446047186
5599,994399.9999999999,0.0,994399.9999999999,994399.9999999999,16040.129251929658
5600,994399.9999999999,0.0,994399.9999999999,994399.9999999999,16040.102832955217
5601,994399.9999999999,0.0,994399.9999999999,994399.9999999999,16040.07641406779
5602,994399.9999999999,0.0,994399.9999999999,994399.9999999999,16040.049995267373
5603,994399.9999999999,0.0,994399.9999999999,994399.9999999999,16040.023576553958
5604,994399.9999999999,0.0,994399.9999999999,994399.9999999999,16039.997157927557
5605,849373.0,0.0,849373.0,849373.0,15365.97319769934
5606,763556.0,0.0,763556.0,763556.0,13960.5586293138
5607,444264.0,0.0,444264.0,444264.0,8512.665817188625
5608,985162.0,0.0,985162.0,985162.0,16039.893661589513
5609,164904.0,0.0,164904.0,164904.0,3369.255901069453
5610,167644.0,0.0,167644.0,167644.0,3422.1632223494926
5611,149159.99999999997,0.0,149159.99999999997,149159.99999999997,3063.872057963726
5612,181610.0,0.0,181610.0,181610.0,3690.8446178666572
5613,174560.0,0.0,174560.0,174560.0,3555.4104026960918
5614,149159.99999999997,0.0,149159.99999999997,149159.99999999997,3063.8567982615186
5615,149159.99999999997,0.0,149159.99999999997,149159.99999999997,3063.8517466232374
5616,136421.0000000001,0.0,136421.0000000001,136421.0000000001,2814.9797040695516
5617,52401.0,0.0,52401.0,52401.0,1081.4818615634429
5618,141330.0,0.0,141330.0,141330.0,2605.8320768893686
5619,180585.0,0.0,180585.0,180585.0,3670.9564545455505
5620,243185.0,0.0,243185.0,243185.0,4857.339451951259
5621,184503.0,0.0,184503.0,184503.0,3746.059017525634
5622,608547.0,0.0,608547.0,608547.0,11361.64447839789
5623,930158.0,0.0,930158.0,930158.0,16038.83871708249
5624,612160.0,0.0,612160.0,612160.0,11423.10437670809
5625,976186.0,0.0,976186.0,976186.0,16038.786838926975
5626,956353.0,0.0,956353.0,956353.0,16038.760424371076
5627,994399.9999999999,0.0,994399.9999999999,994399.9999999999,16038.734009902168
5628,994399.9999999999,0.0,994399.9999999999,994399.9999999999,16038.707595520242
5629,994399.9999999999,0.0,994399.9999999999,994399.9999999999,16038.681181225304
5630,994399.9999999999,0.0,994399.9999999999,994399.9999999999,16038.654767017351
5631,994399.9999999999,0.0,994399.9999999999,994399.9999999999,16038.628352896385
5632,994399.9999999999,0.0,994399.9999999999,994399.9999999999,16038.601938862406
5633,516655.0,0.0,516655.0,516655.0,9780.847774055923
5634,294267.0,0.0,294267.0,294267.0,5806.124112378002
5635,171766.0,0.0,171766.0,171766.0,3501.3129577158024
5636,179085.0,0.0,179085.0,179085.0,3642.0543804124195
5637,182821.0,0.0,182821.0,182821.0,3713.72063052904
5638,149159.99999999997,0.0,149159.99999999997,149159.99999999997,3063.573171460863
5639,293182.0,0.0,293182.0,293182.0,5786.082945434688
5640,165335.0,0.0,165335.0,165335.0,3377.233695602198
5641,149159.99999999997,0.0,149159.99999999997,149159.99999999997,3063.5577728223816
5642,270866.0,0.0,270866.0,270866.0,5373.304230725461
5643,169107.0,0.0,169107.0,169107.0,3450.0201184047396
5644,149159.99999999997,0.0,149159.99999999997,149159.99999999997,3063.5423956519617
5645,353278.0,0.0,353278.0,353278.0,6883.838290405812
5646,342980.0,0.0,342980.0,342980.0,6697.057604140249
5647,692849.0,0.0,692849.0,692849.0,12784.056644907318
5648,771511.0,0.0,771511.0,771511.0,14090.232211153712
5649,683905.0,0.0,683905.0,683905.0,12634.218060785308
5650,994399.9999999999,0.0,994399.9999999999,994399.9999999999,16038.166845755002
5651,852242.0,0.0,852242.0,852242.0,15410.81628403245
5652,950564.0,0.0,950564.0,950564.0,16038.114143950383
5653,994399.9999999999,0.0,994399.9999999999,994399.9999999999,16038.087731609738
5654,994399.9999999999,0.0,994399.9999999999,994399.9999999999,16038.061319356071
5655,994399.9999999999,0.0,994399.9999999999,994399.9999999999,16038.03490718938
5656,846740.0,0.0,846740.0,846740.0,15321.292159855482
5657,200795.0,0.0,200795.0,200795.0,4056.8412767834757
5658,173413.0,0.0,173413.0,173413.0,3532.8829916048094
5659,178878.0,0.0,178878.0,178878.0,3637.9338613114137
5660,283166.0,0.0,283166.0,283166.0,5600.9871217792215
5661,330593.0,0.0,330593.0,330593.0,6471.511774822913
5662,459664.0,0.0,459664.0,459664.0,8783.298816605606
5663,203993.0,0.0,203993.0,203993.0,4117.612535162471
5664,376029.0,0.0,376029.0,376029.0,7294.345567429452
5665,220772.0,0.0,220772.0,220772.0,4435.439385062287
5666,389648.0,0.0,389648.0,389648.0,7538.98027497063
5667,356533.0,0.0,356533.0,356533.0,6942.503168141077
5668,350442.0,0.0,350442.0,350442.0,6832.191686974545
5669,446592.0,0.0,446592.0,446592.0,8552.561605670751
5670,409452.0,0.0,409452.0,409452.0,7893.129661966991
5671,313271.0,0.0,313271.0,313271.0,6154.891180962705
5672,619411.0,0.0,619411.0,619411.0,11545.494846790923
5673,647730.0,0.0,647730.0,647730.0,12025.11153183142
5674,991574.0,0.0,991574.0,991574.0,16037.569720079873
5675,994399.9999999999,0.0,994399.9999999999,994399.9999999999,16037.543309532002
5676,994399.9999999999,0.0,994399.9999999999,994399.9999999999,16037.516899071104
5677,994399.9999999999,0.0,994399.9999999999,994399.9999999999,16037.49048869717
5678,994399.9999999999,0.0,994399.9999999999,994399.9999999999,16037.464078410207
5679,994399.9999999999,0.0,994399.9999999999,994399.9999999999,16037.437668210212
5680,504334.0,0.0,504334.0,504334.0,9565.680786258283
5681,258661.0,0.0,258661.0,258661.0,5145.964853769412
5682,149159.99999999997,0.0,149159.99999999997,149159.99999999997,3063.33344360903
5683,149159.99999999997,0.0,149159.99999999997,149159.99999999997,3063.3283936863454
5684,172611.0,0.0,172611.0,172611.0,3517.284245097434
5685,165987.0,0.0,165987.0,165987.0,3389.558150267579
5686,175260.0,0.0,175260.0,175260.0,3568.243065858855
5687,308943.0,0.0,308943.0,308943.0,6075.390893515365
5688,509190.0,0.0,509190.0,509190.0,9650.142635748414
5689,514524.0,0.0,514524.0,514524.0,9742.922615040536
5690,534703.0,0.0,534703.0,534703.0,10092.929089918618
5691,524994.0,0.0,524994.0,524994.0,9924.704132001823
5692,443760.0,0.0,443760.0,443760.0,8502.173219906346
5693,520965.0,0.0,520965.0,520965.0,9854.759487035566
5694,673993.0,0.0,673993.0,673993.0,12466.999073970019
5695,796243.0,0.0,796243.0,796243.0,14495.814412756159
5696,720723.0,0.0,720723.0,720723.0,13248.161562192889
5697,684673.0,0.0,684673.0,684673.0,12646.121669843405
5698,668141.0,0.0,668141.0,668141.0,12368.569759453472
5699,994399.9999999999,0.0,994399.9999999999,994399.9999999999,16036.943155131437
5700,994399.9999999999,0.0,994399.9999999999,994399.9999999999,16036.916746646759
5701,994399.9999999999,0.0,994399.9999999999,994399.9999999999,16036.890338249043
5702,784525.0,0.0,784525.0,784525.0,14303.222785889764
5703,994399.9999999999,0.0,994399.9999999999,994399.9999999999,16036.837866052589
5704,980437.0,0.0,980437.0,980437.0,16036.81145791461
5705,450376.0,0.0,450376.0,450376.0,8618.881969593742
5706,149159.99999999997,0.0,149159.99999999997,149159.99999999997,3063.2015148570426
5707,148911.00000000003,0.0,148911.00000000003,148911.00000000003,3058.3488196462063
5708,56638.0,0.0,56638.0,56638.0,1169.6095984539145
5709,51838.0,0.0,51838.0,51838.0,1070.2740995973127
5710,12596.0,0.0,12596.0,12596.0,257.6648476753247
5711,22608.0,0.0,22608.0,22608.0,426.3163131593446
5712,26277.0,0.0,26277.0,26277.0,524.418945922153
5713,0.0,0.0,0.0,0.0,-0.0
5714,29910.0,0.0,29910.0,29910.0,515.827827265347
5715,34227.0,0.0,34227.0,34227.0,703.441622542656
5716,53151.0,0.0,53151.0,53151.0,1022.8570537165705
5717,100517.0,0.0,100517.0,100517.0,1902.834320271118
5718,485453.0,0.0,485453.0,485453.0,8836.400780250988
5719,970024.0,0.0,970024.0,970024.0,16035.347515369214
5720,994399.9999999999,0.0,994399.9999999999,994399.9999999999,16035.321112139618
5721,994399.9999999999,0.0,994399.9999999999,994399.9999999999,16035.294708996944
5722,849706.0,0.0,849706.0,849706.0,15366.8557430283
5723,994399.9999999999,0.0,994399.9999999999,994399.9999999999,16035.242034204015
5724,994399.9999999999,0.0,994399.9999999999,994399.9999999999,16035.215631321715
5725,983834.0,0.0,983834.0,983834.0,16035.189228526333
5726,620782.0,0.0,620782.0,620782.0,11566.94507288669
5727,994399.9999999999,0.0,994399.9999999999,994399.9999999999,16035.13734184162
5728,994399.9999999999,0.0,994399.9999999999,994399.9999999999,16035.110939304002
5729,469625.0,0.0,469625.0,469625.0,8956.908418005092
5730,149159.99999999997,0.0,149159.99999999997,149159.99999999997,3062.8289012896735
5731,149159.99999999997,0.0,149159.99999999997,149159.99999999997,3062.823853021538
5732,113826.00000000006,0.0,113826.00000000006,113826.00000000006,2346.335188242752
5733,37451.0,0.0,37451.0,37451.0,772.1512534326337
5734,0.0,0.0,0.0,0.0,-0.0
5735,0.0,0.0,0.0,0.0,-0.0
5736,0.0,0.0,0.0,0.0,-0.0
5737,0.0,0.0,0.0,0.0,-0.0
5738,0.0,0.0,0.0,0.0,-0.0
5739,0.0,0.0,0.0,0.0,-0.0
5740,0.0,0.0,0.0,0.0,-0.0
5741,0.0,0.0,0.0,0.0,-0.0
5742,404704.0,0.0,404704.0,404704.0,6505.3189087318115
5743,900637.0,0.0,900637.0,900637.0,16033.825293219428
5744,994399.9999999999,0.0,994399.9999999999,994399.9999999999,16033.79889500152
5745,994399.9999999999,0.0,994399.9999999999,994399.9999999999,16033.77249687053
5746,657150.0,0.0,657150.0,657150.0,12181.018830232128
5747,743662.0,0.0,743662.0,743662.0,13626.1679590909
5748,679686.0,0.0,679686.0,679686.0,12559.845034234817
5749,994399.9999999999,0.0,994399.9999999999,994399.9999999999,16033.668876827162
5750,994399.9999999999,0.0,994399.9999999999,994399.9999999999,16033.6424791242
5751,994399.9999999999,0.0,994399.9999999999,994399.9999999999,16033.61608150815
5752,937420.0,0.0,937420.0,937420.0,16033.589683979002
5753,477657.0,0.0,477657.0,477657.0,9096.97970615118
5754,149159.99999999997,0.0,149159.99999999997,149159.99999999997,3062.495604986058
5755,149159.99999999997,0.0,149159.99999999997,149159.99999999997,3062.490557810568
5756,139563.00000000006,0.0,139563.00000000006,139563.00000000006,2875.234781710704
5757,97818.0,0.0,97818.0,97818.0,2017.347524033497
5758,125609.0,0.0,125609.0,125609.0,2488.459038614946
5759,80922.0,0.0,80922.0,80922.0,1671.061028273131
5760,91509.0,0.0,91509.0,91509.0,1853.7466114256574
5761,56081.0,0.0,56081.0,56081.0,1158.384126979942
5762,26729.0,0.0,26729.0,26729.0,551.208418511718
5763,10975.0,0.0,10975.0,10975.0,226.11466254878462
5764,0.0,0.0,0.0,0.0,-0.0
5765,13054.0,0.0,13054.0,13054.0,222.01660380016364
5766,375656.0,0.0,375656.0,375656.0,6160.815889624946
5767,856448.0,0.0,856448.0,856448.0,15473.036913880962
5768,994399.9999999999,0.0,994399.9999999999,994399.9999999999,16031.8600978684
5769,994399.9999999999,0.0,994399.9999999999,994399.9999999999,16031.833706118408
5770,994399.9999999999,0.0,994399.9999999999,994399.9999999999,16031.80731445528
5771,994399.9999999999,0.0,994399.9999999999,994399.9999999999,16031.78092287903
5772,833628.0,0.0,833628.0,833628.0,15101.964711802191
5773,646279.0,0.0,646279.0,646279.0,11996.075289256114
5774,994399.9999999999,0.0,994399.9999999999,994399.9999999999,16031.702756186773
5775,994399.9999999999,0.0,994399.9999999999,994399.9999999999,16031.676364954697
5776,919904.0,0.0,919904.0,919904.0,16031.649973809503
5777,452744.0,0.0,452744.0,452744.0,8657.712044389118
5778,180375.0,0.0,180375.0,180375.0,3665.0260287288143
5779,200571.0,0.0,200571.0,200571.0,4050.756419411648
5780,149159.99999999997,0.0,149159.99999999997,149159.99999999997,3062.0604658062493
5781,188760.0,0.0,188760.0,188760.0,3825.5479908659445
5782,175470.0,0.0,175470.0,175470.0,3570.823487393751
5783,261212.0,0.0,261212.0,261212.0,5191.36586786255
5784,214781.0,0.0,214781.0,214781.0,4320.27181995926
5785,267545.0,0.0,267545.0,267545.0,5309.094095788939
5786,277328.0,0.0,277328.0,277328.0,5490.499333611334
5787,239023.0,0.0,239023.0,239023.0,4776.8160451006615
5788,152678.0,0.0,152678.0,152678.0,3130.419783791636
5789,149159.99999999997,0.0,149159.99999999997,149159.99999999997,3062.0141174813093
5790,535993.0,0.0,535993.0,535993.0,10111.377235672428
5791,870859.0,0.0,870859.0,870859.0,15705.94499966941
5792,976170.0,0.0,976170.0,976170.0,16031.265992528977
5793,994399.9999999999,0.0,994399.9999999999,994399.9999999999,16031.239602734597
5794,994399.9999999999,0.0,994399.9999999999,994399.9999999999,16031.213213027077
5795,994399.9999999999,0.0,994399.9999999999,994399.9999999999,16031.18682340642
5796,994399.9999999999,0.0,994399.9999999999,994399.9999999999,16031.160433872627
5797,994399.9999999999,0.0,994399.9999999999,994399.9999999999,16031.1340444257
5798,994399.9999999999,0.0,994399.9999999999,994399.9999999999,16031.10765506564
5799,969512.0,0.0,969512.0,969512.0,16031.08126579244
5800,842511.0,0.0,842511.0,842511.0,15245.868752312559
5801,422372.0,0.0,422372.0,422372.0,8119.632146772564
5802,182426.0,0.0,182426.0,182426.0,3704.1918018075503
5803,249436.0,0.0,249436.0,249436.0,4971.591376059084
5804,347807.0,0.0,347807.0,347807.0,6781.314441124398
5805,323352.0,0.0,323352.0,323352.0,6336.396569371151
5806,457674.0,0.0,457674.0,457674.0,8744.20441578764
5807,399374.0,0.0,399374.0,399374.0,7709.607699985539
5808,456326.0,0.0,456326.0,456326.0,8720.424599148075
5809,469888.0,0.0,469888.0,469888.0,8959.010866875164
5810,393842.0,0.0,393842.0,393842.0,7610.5943511127325
5811,496700.0,0.0,496700.0,496700.0,9428.404071844743
5812,554133.0,0.0,554133.0,554133.0,10424.08174748097
5813,518591.0,0.0,518591.0,518591.0,9809.440116836979
5814,706834.0,0.0,706834.0,706834.0,13011.488568108745
5815,735246.0,0.0,735246.0,735246.0,13484.0533624685
5816,897052.0,0.0,897052.0,897052.0,16030.657908478135
5817,944175.0,0.0,944175.0,944175.0,16030.631520685301
5818,994399.9999999999,0.0,994399.9999999999,994399.9999999999,16030.60513297932
5819,875273.0,0.0,875273.0,875273.0,15776.639319376987
5820,907412.0,0.0,907412.0,907412.0,16030.552407458637
5821,987796.0,0.0,987796.0,987796.0,16030.526020013058
5822,860092.0,0.0,860092.0,860092.0,15530.785089394376
5823,817525.0,0.0,817525.0,817525.0,14838.101410242185
5824,819124.0,0.0,819124.0,819124.0,14864.19149499419
5825,218092.0,0.0,218092.0,218092.0,4382.551265759522
5826,132000.0,0.0,132000.0,132000.0,2721.5553825070174
5827,0.0,0.0,0.0,0.0,-0.0
5828,79320.0,0.0,79320.0,79320.0,1365.9606801277987
5829,95365.0,0.0,95365.0,95365.0,1916.9970648720773
5830,123440.0,0.0,123440.0,123440.0,2455.562313167483
5831,139915.0,0.0,139915.0,139915.0,2828.0005701549258
5832,238255.0,0.0,238255.0,238255.0,4761.677187201916
5833,268769.0,0.0,268769.0,268769.0,5330.980220274425
5834,310746.0,0.0,310746.0,310746.0,6105.066741421914
5835,411126.0,0.0,411126.0,411126.0,7918.446360902635
5836,409420.0,0.0,409420.0,409420.0,7888.022326743171
5837,332768.0,0.0,332768.0,332768.0,6507.234794563887
5838,633821.0,0.0,633821.0,633821.0,11783.375164620265
5839,791715.0,0.0,791715.0,791715.0,14414.17798392645
5840,909953.0,0.0,909953.0,909953.0,16028.967349382618
5841,994399.9999999999,0.0,994399.9999999999,994399.9999999999,16028.940967154085
5842,994399.9999999999,0.0,994399.9999999999,994399.9999999999,16028.914585012379
5843,994399.9999999999,0.0,994399.9999999999,994399.9999999999,16028.888202957509
5844,994399.9999999999,0.0,994399.9999999999,994399.9999999999,16028.86182098946
5845,994399.9999999999,0.0,994399.9999999999,994399.9999999999,16028.83543910824
5846,556120.0,0.0,556120.0,556120.0,10456.966723547046
5847,963808.0,0.0,963808.0,963808.0,16028.783839979398
5848,429328.0,0.0,429328.0,429328.0,8241.903947796558
5849,209486.0,0.0,209486.0,209486.0,4219.197817212971
5850,149159.99999999997,0.0,149159.99999999997,149159.99999999997,3061.437689109789
5851,7438.000000000029,0.0,7438.000000000029,7438.000000000029,150.66257019824974
5852,0.0,0.0,0.0,0.0,-0.0
5853,0.0,0.0,0.0,0.0,-0.0
5854,33069.0,0.0,33069.0,33069.0,567.0815819522466
5855,40590.0,0.0,40590.0,40590.0,803.6940078170685
5856,180054.0,0.0,180054.0,180054.0,3229.230846280816
5857,391479.0,0.0,391479.0,391479.0,7566.5992711890685
5858,282206.0,0.0,282206.0,282206.0,5579.241135463461
5859,476661.0,0.0,476661.0,476661.0,9075.855645370897
5860,422283.0,0.0,422283.0,422283.0,8116.10679885401
5861,390516.0,0.0,390516.0,390516.0,7549.298281085727
5862,689112.0,0.0,689112.0,689112.0,12712.669714807236
5863,928294.0,0.0,928294.0,928294.0,16027.36386698856
5864,994399.9999999999,0.0,994399.9999999999,994399.9999999999,16027.337490037171
5865,994399.9999999999,0.0,994399.9999999999,994399.9999999999,16027.311113172582
5866,994399.9999999999,0.0,994399.9999999999,994399.9999999999,16027.284736394799
5867,764351.0,0.0,764351.0,764351.0,13962.456137199399
5868,465806.0,0.0,465806.0,465806.0,8885.15933080542
5869,856547.0,0.0,856547.0,856547.0,15470.108260547433
5870,994399.9999999999,0.0,994399.9999999999,994399.9999999999,16027.181284712446
5871,786024.0,0.0,786024.0,786024.0,14319.076026553203
5872,994399.9999999999,0.0,994399.9999999999,994399.9999999999,16027.128871037941
5873,483032.0,0.0,483032.0,483032.0,9187.248422816489
5874,444433.0,0.0,444433.0,444433.0,8508.395088343077
5875,315493.0,0.0,315493.0,315493.0,6191.113013988679
5876,522474.0,0.0,522474.0,522474.0,9874.431497466574
5877,192656.0,0.0,192656.0,192656.0,3898.708080689207
5878,149159.99999999997,0.0,149159.99999999997,149159.99999999997,3061.0589216611866
5879,120460.00000000003,0.0,120460.00000000003,120460.00000000003,2484.924773107905
5880,0.0,0.0,0.0,0.0,-0.0
5881,102207.0,0.0,102207.0,102207.0,1756.0529624901485
5882,45568.0,0.0,45568.0,45568.0,941.3175812157418
5883,25393.0,0.0,25393.0,25393.0,524.7447601020859
5884,0.0,0.0,0.0,0.0,-0.0
5885,0.0,0.0,0.0,0.0,-0.0
5886,393024.0,0.0,393024.0,393024.0,6327.453529557794
5887,891232.0,0.0,891232.0,891232.0,16024.889639010134
5888,994399.9999999999,0.0,994399.9999999999,994399.9999999999,16024.863270202273
5889,994399.9999999999,0.0,994399.9999999999,994399.9999999999,16024.836901481169
5890,994399.9999999999,0.0,994399.9999999999,994399.9999999999,16024.810532846828
5891,582677.0,0.0,582677.0,582677.0,10909.920437631323
5892,880991.0,0.0,880991.0,880991.0,15863.277428684438
5893,917822.0,0.0,917822.0,917822.0,16024.732519970787
5894,462124.0,0.0,462124.0,462124.0,8818.932572935348
5895,149159.99999999997,0.0,149159.99999999997,149159.99999999997,3060.5552928983975
5896,336251.0,0.0,336251.0,336251.0,6568.657242200099
5897,218240.0,0.0,218240.0,218240.0,4383.574858249403
5898,94613.00000000003,0.0,94613.00000000003,94613.00000000003,1953.2406845250232
5899,0.0,0.0,0.0,0.0,-0.0
5900,0.0,0.0,0.0,0.0,-0.0
5901,0.0,0.0,0.0,0.0,-0.0
5902,0.0,0.0,0.0,0.0,-0.0
5903,0.0,0.0,0.0,0.0,-0.0
5904,0.0,0.0,0.0,0.0,-0.0
5905,0.0,0.0,0.0,0.0,-0.0
5906,0.0,0.0,0.0,0.0,-0.0
5907,30376.0,0.0,30376.0,30376.0,523.0009863874416
5908,0.0,0.0,0.0,0.0,-0.0
5909,0.0,0.0,0.0,0.0,-0.0
5910,308526.0,0.0,308526.0,308526.0,5051.6059118589
5911,727935.0,0.0,727935.0,727935.0,13356.309219398507
5912,883224.0,0.0,883224.0,883224.0,15897.72809756172
5913,978650.0,0.0,978650.0,978650.0,16023.121709933006
5914,994399.9999999999,0.0,994399.9999999999,994399.9999999999,16023.095346943775
5915,994399.9999999999,0.0,994399.9999999999,994399.9999999999,16023.068984041276
5916,994399.9999999999,0.0,994399.9999999999,994399.9999999999,16023.042621225512
5917,534117.0,0.0,534117.0,534117.0,10073.450198447663
5918,390923.0,0.0,390923.0,390923.0,7554.347261813647
5919,574749.0,0.0,574749.0,574749.0,10772.886800259392
5920,214395.0,0.0,214395.0,214395.0,4310.40070333567
5921,149159.99999999997,0.0,149159.99999999997,149159.99999999997,3060.1689746657858
5922,11157.00000000003,0.0,11157.00000000003,11157.00000000003,229.47731834364782
5923,154074.0,0.0,154074.0,154074.0,2668.561853918302
5924,73957.0,0.0,73957.0,73957.0,1523.039619534614
5925,27289.0,0.0,27289.0,27289.0,561.6602291343393
5926,44550.0,0.0,44550.0,44550.0,852.8071084203171
5927,8516.0,0.0,8516.0,8516.0,171.0233927272722
5928,0.0,0.0,0.0,0.0,-0.0
5929,0.0,0.0,0.0,0.0,-0.0
5930,0.0,0.0,0.0,0.0,-0.0
5931,0.0,0.0,0.0,0.0,-0.0
5932,0.0,0.0,0.0,0.0,-0.0
5933,0.0,0.0,0.0,0.0,-0.0
5934,391738.0,0.0,391738.0,391738.0,6306.391672958879
5935,876730.0,0.0,876730.0,876730.0,15790.206096656064
5936,632880.0,0.0,632880.0,632880.0,11760.931383334826
5937,486107.0,0.0,486107.0,486107.0,9236.97700430602
5938,202202.0,0.0,202202.0,202202.0,4078.5650619910966
5939,843542.0,0.0,843542.0,843542.0,15252.395344555058
5940,994399.9999999999,0.0,994399.9999999999,994399.9999999999,16020.336004551114
5941,921893.0,0.0,921893.0,921893.0,16020.309650726069
5942,994399.9999999999,0.0,994399.9999999999,994399.9999999999,16020.283296987709
5943,921981.0,0.0,921981.0,921981.0,16020.256943336039
5944,463165.0,0.0,463165.0,463165.0,8834.622777795392
5945,161319.0,0.0,161319.0,161319.0,3295.3069036478946
5946,179496.0,0.0,179496.0,179496.0,3645.2183855744315
5947,199416.0,0.0,199416.0,199416.0,4025.550963008857
5948,149159.99999999997,0.0,149159.99999999997,149159.99999999997,3059.5596395847497
5949,13655.00000000003,0.0,13655.00000000003,13655.00000000003,277.7455803220048
5950,0.0,0.0,0.0,0.0,-0.0
5951,0.0,0.0,0.0,0.0,-0.0
5952,0.0,0.0,0.0,0.0,-0.0
5953,0.0,0.0,0.0,0.0,-0.0
5954,0.0,0.0,0.0,0.0,-0.0
5955,0.0,0.0,0.0,0.0,-0.0
5956,0.0,0.0,0.0,0.0,-0.0
5957,0.0,0.0,0.0,0.0,-0.0
5958,362186.0,0.0,362186.0,362186.0,5863.157923524909
5959,836533.0,0.0,836533.0,836533.0,15137.091057379246
5960,816514.0,0.0,816514.0,816514.0,14810.811674876615
5961,994399.9999999999,0.0,994399.9999999999,994399.9999999999,16018.89780547858
5962,783521.0,0.0,783521.0,783521.0,14270.476969292618
5963,867828.0,0.0,867828.0,867828.0,15644.696514565845
5964,550635.0,0.0,550635.0,550635.0,10355.732554435372
5965,205385.0,0.0,205385.0,205385.0,4138.527498409562
5966,167508.0,0.0,167508.0,167508.0,3414.423388171169
5967,994399.9999999999,0.0,994399.9999999999,994399.9999999999,16018.74742966385
5968,407168.0,0.0,407168.0,407168.0,7842.427005627772
5969,187486.0,0.0,187486.0,187486.0,3797.7525093857535
5970,146094.0,0.0,146094.0,146094.0,2999.5781347833254
5971,0.0,0.0,0.0,0.0,-0.0
5972,21753.0,0.0,21753.0,21753.0,373.12146963465614
5973,55381.0,0.0,55381.0,55381.0,1022.0963857125508
5974,36990.0,0.0,36990.0,36990.0,762.1251125595156
5975,0.0,0.0,0.0,0.0,-0.0
5976,0.0,0.0,0.0,0.0,-0.0
5977,0.0,0.0,0.0,0.0,-0.0
5978,0.0,0.0,0.0,0.0,-0.0
5979,0.0,0.0,0.0,0.0,-0.0
5980,0.0,0.0,0.0,0.0,-0.0
5981,27664.0,0.0,27664.0,27664.0,473.9624755785561
5982,391521.0,0.0,391521.0,391521.0,6535.657993622722
5983,610553.0,0.0,610553.0,610553.0,11379.686333808653
5984,877435.0,0.0,877435.0,877435.0,15798.150979705719
5985,613784.0,0.0,613784.0,613784.0,11434.552701479262
5986,994399.9999999999,0.0,994399.9999999999,994399.9999999999,16016.924488994895
5987,861859.0,0.0,861859.0,861859.0,15546.178302921562
5988,907978.0,0.0,907978.0,907978.0,16016.871895991284
5989,994399.9999999999,0.0,994399.9999999999,994399.9999999999,16016.845553562413
5990,618693.0,0.0,618693.0,618693.0,11517.802003165189
5991,979635.0,0.0,979635.0,979635.0,16016.793793257066
5992,959479.0,0.0,959479.0,959479.0,16016.767451085041
5993,482581.0,0.0,482581.0,482581.0,9173.0753499586
5994,196840.0,0.0,196840.0,196840.0,3975.5774932791637
5995,237490.0,0.0,237490.0,237490.0,4743.21555405805
5996,149159.99999999997,0.0,149159.99999999997,149159.99999999997,3058.8002631434388
5997,146486.00000000026,0.0,146486.00000000026,146486.00000000026,3006.7743083637447
5998,42786.0,0.0,42786.0,42786.0,880.8134450868941
5999,46025.0,0.0,46025.0,46025.0,931.9595914321228
6000,43434.0,0.0,43434.0,43434.0,893.4580100891477
6001,25176.0,0.0,25176.0,25176.0,520.0828860894526
6002,0.0,0.0,0.0,0.0,-0.0
6003,0.0,0.0,0.0,0.0,-0.0
6004,0.0,0.0,0.0,0.0,-0.0
6005,0.0,0.0,0.0,0.0,-0.0
6006,344565.0,0.0,344565.0,344565.0,5596.199093286
6007,835058.0,0.0,835058.0,835058.0,15109.715855135772
6008,988336.0,0.0,988336.0,988336.0,16015.368766609907
6009,994399.9999999999,0.0,994399.9999999999,994399.9999999999,16015.342429124386
6010,994399.9999999999,0.0,994399.9999999999,994399.9999999999,16015.316091725474
6011,765095.0,0.0,765095.0,765095.0,13964.127981127269
6012,643188.0,0.0,643188.0,643188.0,11931.2018863117
6013,994399.9999999999,0.0,994399.9999999999,994399.9999999999,16015.238322394554
6014,994399.9999999999,0.0,994399.9999999999,994399.9999999999,16015.211985337977
6015,994399.9999999999,0.0,994399.9999999999,994399.9999999999,16015.185648368006
6016,823247.0,0.0,823247.0,823247.0,14917.136785269844
6017,304673.0,0.0,304673.0,304673.0,5987.966659623601
6018,149159.99999999997,0.0,149159.99999999997,149159.99999999997,3058.4585772806145
6019,149159.99999999997,0.0,149159.99999999997,149159.99999999997,3058.453543331465
6020,149490.0,0.0,149490.0,149490.0,3064.862861900834
6021,139073.00000000006,0.0,139073.00000000006,139073.00000000006,2861.849751674262
6022,43471.0,0.0,43471.0,43471.0,894.0785361733116
6023,55546.0,0.0,55546.0,55546.0,1094.1796821820756
6024,0.0,0.0,0.0,0.0,-0.0
6025,0.0,0.0,0.0,0.0,-0.0
6026,0.0,0.0,0.0,0.0,-0.0
6027,0.0,0.0,0.0,0.0,-0.0
6028,0.0,0.0,0.0,0.0,-0.0
6029,0.0,0.0,0.0,0.0,-0.0
6030,339644.0,0.0,339644.0,339644.0,5521.175060835125
6031,802295.0,0.0,802295.0,802295.0,14573.5720241924
6032,979124.0,0.0,979124.0,979124.0,16013.688342737685
6033,994399.9999999999,0.0,994399.9999999999,994399.9999999999,16013.662010778069
6034,994399.9999999999,0.0,994399.9999999999,994399.9999999999,16013.635678905048
6035,994399.9999999999,0.0,994399.9999999999,994399.9999999999,16013.609347118603
6036,753256.0,0.0,753256.0,753256.0,13767.323736343968
6037,994399.9999999999,0.0,994399.9999999999,994399.9999999999,16013.55713188768
6038,994399.9999999999,0.0,994399.9999999999,994399.9999999999,16013.530800359491
6039,994399.9999999999,0.0,994399.9999999999,994399.9999999999,16013.504468917887
6040,852860.0,0.0,852860.0,852860.0,15397.031644626572
6041,310722.0,0.0,310722.0,310722.0,6098.10429668168
6042,149159.99999999997,0.0,149159.99999999997,149159.99999999997,3058.090348541825
6043,149159.99999999997,0.0,149159.99999999997,149159.99999999997,3058.08531579818
6044,149159.99999999997,0.0,149159.99999999997,149159.99999999997,3058.0802830710104
6045,65529.00000000009,0.0,65529.00000000009,65529.00000000009,1351.9427792938925
6046,27036.0,0.0,27036.0,27036.0,556.3610171096693
6047,0.0,0.0,0.0,0.0,-0.0
6048,0.0,0.0,0.0,0.0,-0.0
6049,0.0,0.0,0.0,0.0,-0.0
6050,0.0,0.0,0.0,0.0,-0.0
6051,15184.0,0.0,15184.0,15184.0,261.32954506457594
6052,5757.0,0.0,5757.0,5757.0,118.14407797892561
6053,36118.0,0.0,36118.0,36118.0,638.3518481876634
6054,340558.0,0.0,340558.0,340558.0,5821.974249929889
6055,792338.0,0.0,792338.0,792338.0,14408.995417904345
6056,945826.0,0.0,945826.0,945826.0,16012.051438850276
6057,994399.9999999999,0.0,994399.9999999999,994399.9999999999,16012.02511227337
6058,960071.0,0.0,960071.0,960071.0,16011.998785783011
6059,563791.0,0.0,563791.0,563791.0,10577.287081510814
6060,679035.0,0.0,679035.0,679035.0,12531.44331252229
6061,767429.0,0.0,767429.0,767429.0,13999.591692047445
6062,994399.9999999999,0.0,994399.9999999999,994399.9999999999,16011.895717903652
6063,952821.0,0.0,952821.0,952821.0,16011.869391838698
6064,694293.0,0.0,694293.0,694293.0,12786.605660477218
6065,263384.0,0.0,263384.0,263384.0,5224.679716031251
6066,149159.99999999997,0.0,149159.99999999997,149159.99999999997,3057.7324215835133
6067,58876.00000000003,0.0,58876.00000000003,58876.00000000003,1211.0745117761865
6068,279715.0,0.0,279715.0,279715.0,4981.740520086087
6069,188393.0,0.0,188393.0,188393.0,3813.0250418571636
6070,143091.0,0.0,143091.0,143091.0,2939.440476594831
6071,123881.0,0.0,123881.0,123881.0,2553.9036239512207
6072,151451.0,0.0,151451.0,151451.0,3063.833462250156
6073,150260.0,0.0,150260.0,150260.0,3078.9060214824954
6074,249981.0,0.0,249981.0,249981.0,4974.838535222964
6075,164706.0,0.0,164706.0,164706.0,3358.4898106932674
6076,208125.0,0.0,208125.0,208125.0,4188.1354031180435
6077,235035.0,0.0,235035.0,235035.0,4695.252295474788
6078,575117.0,0.0,575117.0,575117.0,10770.6429792188
6079,994399.9999999999,0.0,994399.9999999999,994399.9999999999,16010.749637262641
6080,994399.9999999999,0.0,994399.9999999999,994399.9999999999,16010.723314962544
6081,994399.9999999999,0.0,994399.9999999999,994399.9999999999,16010.696992748984
6082,994399.9999999999,0.0,994399.9999999999,994399.9999999999,16010.670670621952
6083,994399.9999999999,0.0,994399.9999999999,994399.9999999999,16010.64434858146
6084,994399.9999999999,0.0,994399.9999999999,994399.9999999999,16010.61802662749
6085,994399.9999999999,0.0,994399.9999999999,994399.9999999999,16010.59170476005
6086,994399.9999999999,0.0,994399.9999999999,994399.9999999999,16010.565382979143
6087,994399.9999999999,0.0,994399.9999999999,994399.9999999999,16010.539061284768
6088,994399.9999999999,0.0,994399.9999999999,994399.9999999999,16010.51273967692
6089,395600.0,0.0,395600.0,395600.0,7631.654359783552
6090,149159.99999999997,0.0,149159.99999999997,149159.99999999997,3057.4408433931853
6091,230416.0,0.0,230416.0,230416.0,4608.4437256263545
6092,205755.0,0.0,205755.0,205755.0,4143.109192135489
6093,232036.0,0.0,232036.0,232036.0,4638.8495024442
6094,149159.99999999997,0.0,149159.99999999997,149159.99999999997,3057.4203557382157
6095,91055.00000000006,0.0,91055.00000000006,91055.00000000006,1876.576577184847
6096,36507.0,0.0,36507.0,36507.0,752.2792855453774
6097,52687.0,0.0,52687.0,52687.0,1030.5208812025026
6098,47804.0,0.0,47804.0,47804.0,983.8992576473202
6099,35441.0,0.0,35441.0,35441.0,731.4013265991501
6100,50235.0,0.0,50235.0,50235.0,984.9001968189178
6101,75970.0,0.0,75970.0,75970.0,1479.2745352798925
6102,525967.0,0.0,525967.0,525967.0,9189.553211574756
6103,994399.9999999999,0.0,994399.9999999999,994399.9999999999,16009.289521391142
6104,994399.9999999999,0.0,994399.9999999999,994399.9999999999,16009.263203889537
6105,994399.9999999999,0.0,994399.9999999999,994399.9999999999,16009.236886474446
6106,994399.9999999999,0.0,994399.9999999999,994399.9999999999,16009.210569145855
6107,994399.9999999999,0.0,994399.9999999999,994399.9999999999,16009.184251903775
6108,535834.0,0.0,535834.0,535834.0,10093.973235055093
6109,994399.9999999999,0.0,994399.9999999999,994399.9999999999,16009.132859235871
6110,994399.9999999999,0.0,994399.9999999999,994399.9999999999,16009.106542249236
6111,149159.99999999997,0.0,149159.99999999997,149159.99999999997,3057.1382800369056
6112,197202.0,0.0,197202.0,197202.0,3980.3205778785505
6113,283358.0,0.0,283358.0,283358.0,5593.433090068026
6114,209196.0,0.0,209196.0,209196.0,4207.881269174045
6115,149159.99999999997,0.0,149159.99999999997,149159.99999999997,3057.1177728297785
6116,149159.99999999997,0.0,149159.99999999997,149159.99999999997,3057.1127432683575
6117,84052.00000000009,0.0,84052.00000000009,84052.00000000009,1729.2770214104648
6118,40640.0,0.0,40640.0,40640.0,838.4285618112433
6119,37170.0,0.0,37170.0,37170.0,765.2081874482599
6120,72457.0,0.0,72457.0,72457.0,1367.9831780747822
6121,0.0,0.0,0.0,0.0,-0.0
6122,26768.0,0.0,26768.0,26768.0,459.1272583027199
6123,0.0,0.0,0.0,0.0,-0.0
6124,0.0,0.0,0.0,0.0,-0.0
6125,0.0,0.0,0.0,0.0,-0.0
6126,348516.0,0.0,348516.0,348516.0,5652.729007985561
6127,825958.0,0.0,825958.0,825958.0,14953.8616708755
6128,990745.0,0.0,990745.0,990745.0,16007.206692776308
6129,994399.9999999999,0.0,994399.9999999999,994399.9999999999,16007.18038212311
6130,994399.9999999999,0.0,994399.9999999999,994399.9999999999,16007.154071556388
6131,994399.9999999999,0.0,994399.9999999999,994399.9999999999,16007.127761076137
6132,994399.9999999999,0.0,994399.9999999999,994399.9999999999,16007.101450682361
6133,994399.9999999999,0.0,994399.9999999999,994399.9999999999,16007.07514037506
6134,994399.9999999999,0.0,994399.9999999999,994399.9999999999,16007.048830154232
6135,994399.9999999999,0.0,994399.9999999999,994399.9999999999,16007.02252001988
6136,339031.0,0.0,339031.0,339031.0,6611.255996598609
6137,154407.0,0.0,154407.0,154407.0,3158.4843856044745
6138,149159.99999999997,0.0,149159.99999999997,149159.99999999997,3056.671527541567
6139,209478.0,0.0,209478.0,209478.0,4212.603564855255
6140,149159.99999999997,0.0,149159.99999999997,149159.99999999997,3056.661369003762
6141,71766.00000000006,0.0,71766.00000000006,71766.00000000006,1478.495600052135
6142,0.0,0.0,0.0,0.0,-0.0
6143,30420.0,0.0,30420.0,30420.0,523.0286925438982
6144,97670.0,0.0,97670.0,97670.0,1781.2792689621228
6145,104528.0,0.0,104528.0,104528.0,2120.3595047254594
6146,330612.0,0.0,330612.0,330612.0,6219.007560284176
6147,308316.0,0.0,308316.0,308316.0,6050.828815101262
6148,556123.0,0.0,556123.0,556123.0,10441.219913245493
6149,585392.0,0.0,585392.0,585392.0,10942.720642592385
6150,860547.0,0.0,860547.0,860547.0,15513.934237165045
6151,994399.9999999999,0.0,994399.9999999999,994399.9999999999,16005.569032483663
6152,994399.9999999999,0.0,994399.9999999999,994399.9999999999,16005.542727212818
6153,994399.9999999999,0.0,994399.9999999999,994399.9999999999,16005.516422028424
6154,994399.9999999999,0.0,994399.9999999999,994399.9999999999,16005.490116930489
6155,994399.9999999999,0.0,994399.9999999999,994399.9999999999,16005.463811918988
6156,880846.0,0.0,880846.0,880846.0,15841.789360905539
6157,994399.9999999999,0.0,994399.9999999999,994399.9999999999,16005.41123405457
6158,653347.0,0.0,653347.0,653347.0,12094.820662016396
6159,956382.0,0.0,956382.0,956382.0,16005.359420857318
6160,738201.0,0.0,738201.0,738201.0,13511.247431971316
6161,271835.0,0.0,271835.0,271835.0,5379.027153184742
6162,455082.0,0.0,455082.0,455082.0,8683.749830488647
6163,480437.0,0.0,480437.0,480437.0,9128.624010763524
6164,487120.0,0.0,487120.0,487120.0,9245.420099019322
6165,583920.0,0.0,583920.0,583920.0,10917.282910628614
6166,572990.0,0.0,572990.0,572990.0,10730.30414574785
6167,590041.0,0.0,590041.0,590041.0,11021.753939884782
6168,580803.0,0.0,580803.0,580803.0,10863.95762285787
6169,581376.0,0.0,581376.0,581376.0,10873.735415985311
6170,585024.0,0.0,585024.0,585024.0,10936.0526163765
6171,500117.0,0.0,500117.0,500117.0,9471.953307407019
6172,480190.0,0.0,480190.0,480190.0,9124.16676777589
6173,341640.0,0.0,341640.0,341640.0,6657.687175872347
6174,649759.0,0.0,649759.0,649759.0,12034.079987400284
6175,994399.9999999999,0.0,994399.9999999999,994399.9999999999,16004.958153028994
6176,994399.9999999999,0.0,994399.9999999999,994399.9999999999,16004.931849765682
6177,994399.9999999999,0.0,994399.9999999999,994399.9999999999,16004.905546588803
6178,994399.9999999999,0.0,994399.9999999999,994399.9999999999,16004.87924349837
6179,838409.0,0.0,838409.0,838409.0,15154.173130642388
6180,994399.9999999999,0.0,994399.9999999999,994399.9999999999,16004.82680456042
6181,994399.9999999999,0.0,994399.9999999999,994399.9999999999,16004.800501728749
6182,994399.9999999999,0.0,994399.9999999999,994399.9999999999,16004.774198983505
6183,994399.9999999999,0.0,994399.9999999999,994399.9999999999,16004.747896324703
6184,848138.0,0.0,848138.0,848138.0,15312.006158364182
6185,276487.0,0.0,276487.0,276487.0,5464.871086228852
6186,149159.99999999997,0.0,149159.99999999997,149159.99999999997,3056.172815558461
6187,147612.00000000003,0.0,147612.00000000003,147612.00000000003,3026.085275431315
6188,182958.0,0.0,182958.0,182958.0,3707.465886465107
6189,178115.0,0.0,178115.0,178115.0,3614.741469087643
6190,210386.0,0.0,210386.0,210386.0,4229.088872622282
6191,174152.0,0.0,174152.0,174152.0,3538.7142418673307
6192,99655.0,0.0,99655.0,99655.0,2053.997464264724
6193,38674.0,0.0,38674.0,38674.0,794.2680561967424
6194,27374.0,0.0,27374.0,27374.0,562.614207122863
6195,0.0,0.0,0.0,0.0,-0.0
6196,57708.0,0.0,57708.0,57708.0,989.6505125522576
6197,119023.0,0.0,119023.0,119023.0,2231.414376751557
6198,325356.0,0.0,325356.0,325356.0,6243.478639299622
6199,994399.9999999999,0.0,994399.9999999999,994399.9999999999,16003.3171086315
6200,891388.0,0.0,891388.0,891388.0,16003.290810760931
6201,994399.9999999999,0.0,994399.9999999999,994399.9999999999,16003.264512976768
6202,958909.0,0.0,958909.0,958909.0,16003.238215279012
6203,939315.0,0.0,939315.0,939315.0,16003.211917667677
6204,994399.9999999999,0.0,994399.9999999999,994399.9999999999,16003.185620142742
6205,994399.9999999999,0.0,994399.9999999999,994399.9999999999,16003.159322704229
6206,906247.0,0.0,906247.0,906247.0,16003.13302535212
6207,895525.0,0.0,895525.0,895525.0,16003.10672808642
6208,788196.0,0.0,788196.0,788196.0,14332.912745654468
6209,342521.0,0.0,342521.0,342521.0,6672.775010766336
6210,422271.0,0.0,422271.0,422271.0,8102.680825190772
6211,149159.99999999997,0.0,149159.99999999997,149159.99999999997,3055.808030121768
6212,20704.00000000003,0.0,20704.00000000003,20704.00000000003,426.7745536585491
6213,0.0,0.0,0.0,0.0,-0.0
6214,32695.0,0.0,32695.0,32695.0,559.9222614326137
6215,4886.0,0.0,4886.0,4886.0,-0.0
6216,0.0,0.0,0.0,0.0,-0.0
6217,0.0,0.0,0.0,0.0,-0.0
6218,0.0,0.0,0.0,0.0,-0.0
6219,0.0,0.0,0.0,0.0,-0.0
6220,25139.0,0.0,25139.0,25139.0,432.3148666957277
6221,109605.0,0.0,109605.0,109605.0,1967.4578025952085
6222,533423.0,0.0,533423.0,533423.0,9737.792852887458
6223,994399.9999999999,0.0,994399.9999999999,994399.9999999999,16001.526611908992
6224,994399.9999999999,0.0,994399.9999999999,994399.9999999999,16001.500319923342
6225,994399.9999999999,0.0,994399.9999999999,994399.9999999999,16001.47402802408
6226,994399.9999999999,0.0,994399.9999999999,994399.9999999999,16001.447736211194
6227,937080.0,0.0,937080.0,937080.0,16001.421444484697
6228,278757.0,0.0,278757.0,278757.0,5505.5733120626255
6229,455719.0,0.0,455719.0,455719.0,8692.70198355493
6230,994399.9999999999,0.0,994399.9999999999,994399.9999999999,16001.346586848189
6231,711754.0,0.0,711754.0,711754.0,13068.967101756058
6232,314967.0,0.0,314967.0,314967.0,6170.638292260087
6233,163327.0,0.0,163327.0,163327.0,3329.611221027644
6234,149159.99999999997,0.0,149159.99999999997,149159.99999999997,3055.423008692494
6235,117004.00000000003,0.0,117004.00000000003,117004.00000000003,2407.7279457915392
6236,126047.0,0.0,126047.0,126047.0,2559.9560835550633
6237,118543.0,0.0,118543.0,118543.0,2437.790787131257
6238,191388.0,0.0,191388.0,191388.0,3772.113549946739
6239,155970.0,0.0,155970.0,155970.0,3187.3749647382024
6240,410659.0,0.0,410659.0,410659.0,7895.201365013552
6241,566570.0,0.0,566570.0,566570.0,10617.272121472577
6242,506693.0,0.0,506693.0,506693.0,9583.685768478637
6243,567077.0,0.0,567077.0,567077.0,10625.929742748525
6244,575695.0,0.0,575695.0,575695.0,10773.515967195783
6245,582695.0,0.0,582695.0,582695.0,10893.184528494996
6246,863743.0,0.0,863743.0,863743.0,15560.895255551253
6247,663427.0,0.0,663427.0,663427.0,12260.648864994298
6248,923002.0,0.0,923002.0,923002.0,16000.665083732292
6249,994399.9999999999,0.0,994399.9999999999,994399.9999999999,16000.63879457565
6250,994399.9999999999,0.0,994399.9999999999,994399.9999999999,16000.612505505385
6251,939029.0,0.0,939029.0,939029.0,16000.58621652148
6252,961427.0,0.0,961427.0,961427.0,16000.55992762395
6253,704542.0,0.0,704542.0,704542.0,12948.254774258437
6254,994399.9999999999,0.0,994399.9999999999,994399.9999999999,16000.507964414239
6255,994399.9999999999,0.0,994399.9999999999,994399.9999999999,16000.481675773794
6256,819911.0,0.0,819911.0,819911.0,14848.969935206658
6257,393506.0,0.0,393506.0,393506.0,7589.089666492194
6258,149159.99999999997,0.0,149159.99999999997,149159.99999999997,3055.2385428034713
6259,448866.0,0.0,448866.0,448866.0,8571.467469025603
6260,293413.0,0.0,293413.0,293413.0,5775.25213260086
6261,366283.0,0.0,366283.0,366283.0,7100.73571399899
6262,352753.0,0.0,352753.0,352753.0,6856.690596947577
6263,239724.0,0.0,239724.0,239724.0,4779.620414044786
6264,540157.0,0.0,540157.0,540157.0,10162.683605751163
6265,579801.0,0.0,579801.0,579801.0,10843.367845067884
6266,599433.0,0.0,599433.0,599433.0,11178.248905517346
6267,593885.0,0.0,593885.0,593885.0,11083.732499842201
6268,437354.0,0.0,437354.0,437354.0,8368.186949998913
6269,149159.99999999997,0.0,149159.99999999997,149159.99999999997,3055.179600974488
6270,794592.0,0.0,794592.0,794592.0,14435.015591386678
6271,948576.0,0.0,948576.0,948576.0,16000.086776926302
6272,962038.0,0.0,962038.0,962038.0,16000.060489669562
6273,994399.9999999999,0.0,994399.9999999999,994399.9999999999,16000.034202499184
6274,892445.0,0.0,892445.0,892445.0,16000.007915415174
6275,994399.9999999999,0.0,994399.9999999999,994399.9999999999,15999.981628417518
6276,994399.9999999999,0.0,994399.9999999999,994399.9999999999,15999.955341506215
6277,399630.0,0.0,399630.0,399630.0,7698.1942322634995
6278,994399.9999999999,0.0,994399.9999999999,994399.9999999999,15999.904591487317
6279,724605.0,0.0,724605.0,724605.0,13281.260270457502
6280,994399.9999999999,0.0,994399.9999999999,994399.9999999999,15999.85256314232
6281,638105.0,0.0,638105.0,638105.0,11833.5569715004
6282,235511.0,0.0,235511.0,235511.0,4700.578972997778
6283,186082.0,0.0,186082.0,186082.0,3765.882670541692
6284,456084.0,0.0,456084.0,456084.0,8698.189143940624
6285,469652.0,0.0,469652.0,469652.0,8936.445718428115
6286,284265.0,0.0,284265.0,284265.0,5606.57148731556
6287,581754.0,0.0,581754.0,581754.0,10876.354539924287
6288,189219.0,0.0,189219.0,189219.0,3825.70802783913
6289,349595.0,0.0,349595.0,349595.0,6799.288047955181
6290,365975.0,0.0,365975.0,365975.0,7094.842977193496
6291,233559.0,0.0,233559.0,233559.0,4663.921260346296
6292,488018.0,0.0,488018.0,488018.0,9257.632262509404
6293,477295.0,0.0,477295.0,477295.0,9070.20559292519
6294,173876.0,0.0,173876.0,173876.0,3532.1502285044003
6295,301691.0,0.0,301691.0,301691.0,5926.902508614903
6296,307630.0,0.0,307630.0,307630.0,6035.706092208071
6297,994399.9999999999,0.0,994399.9999999999,994399.9999999999,15999.4393083693
6298,838036.0,0.0,838036.0,838036.0,15142.930424651126
6299,749041.0,0.0,749041.0,749041.0,13685.331833091876
6300,994399.9999999999,0.0,994399.9999999999,994399.9999999999,15999.361082841398
6301,994399.9999999999,0.0,994399.9999999999,994399.9999999999,15999.334797968677
6302,994399.9999999999,0.0,994399.9999999999,994399.9999999999,15999.30851318231
6303,994399.9999999999,0.0,994399.9999999999,994399.9999999999,15999.282228482285
6304,561452.0,0.0,561452.0,561452.0,10528.380488073291
6305,370857.0,0.0,370857.0,370857.0,7182.496159850349
6306,294339.0,0.0,294339.0,294339.0,5791.817595315626
6307,367488.0,0.0,367488.0,367488.0,7121.872483390124
6308,330339.0,0.0,330339.0,330339.0,6449.882378856389
6309,261763.0,0.0,261763.0,261763.0,5190.010348970747
6310,234272.0,0.0,234272.0,234272.0,4677.133889116991
6311,273515.0,0.0,273515.0,273515.0,5407.807402479098
6312,226044.0,0.0,226044.0,226044.0,4522.664622200686
6313,254561.0,0.0,254561.0,254561.0,5056.078416626516
6314,215497.0,0.0,215497.0,215497.0,4323.989425166551
6315,149159.99999999997,0.0,149159.99999999997,149159.99999999997,3054.929256433793
6316,165464.0,0.0,165464.0,165464.0,3370.2573062140004
6317,220348.0,0.0,220348.0,220348.0,4415.435802214092
6318,251978.0,0.0,251978.0,251978.0,5007.937020193003
6319,214941.0,0.0,214941.0,214941.0,4313.460002062293
6320,149159.99999999997,0.0,149159.99999999997,149159.99999999997,3054.903722951186
6321,406122.0,0.0,406122.0,406122.0,7813.371135709863
6322,492247.0,0.0,492247.0,492247.0,9330.962808562772
6323,465624.0,0.0,465624.0,465624.0,8865.246776474978
6324,494492.0,0.0,494492.0,494492.0,9370.067857946497
6325,374198.0,0.0,374198.0,374198.0,7242.305456466818
6326,407741.0,0.0,407741.0,407741.0,7842.137875067644
6327,672208.0,0.0,672208.0,672208.0,12406.42524246426
6328,149159.99999999997,0.0,149159.99999999997,149159.99999999997,3054.8607396863413
6329,62251.00000000009,0.0,62251.00000000009,62251.00000000009,1281.227545716141
6330,135776.0,0.0,135776.0,135776.0,2535.599809608524
6331,326157.0,0.0,326157.0,326157.0,6373.287484387479
6332,413836.0,0.0,413836.0,413836.0,7950.166803804305
6333,230945.0,0.0,230945.0,230945.0,4614.360415095725
6334,132960.0,0.0,132960.0,132960.0,2733.953523064954
6335,238132.0,0.0,238132.0,238132.0,4719.786062406178
6336,365264.0,0.0,365264.0,365264.0,7081.193300914695
6337,241435.0,0.0,241435.0,241435.0,4810.796517563878
6338,287341.0,0.0,287341.0,287341.0,5662.510744892261
6339,371130.0,0.0,371130.0,371130.0,7186.693043561034
6340,343287.0,0.0,343287.0,343287.0,6684.246626105782
6341,532940.0,0.0,532940.0,532940.0,10036.437758229165
6342,672336.0,0.0,672336.0,672336.0,12407.762056050351
6343,779177.0,0.0,779177.0,779177.0,14180.041052542152
6344,806017.0,0.0,806017.0,806017.0,14619.616386133219
6345,783076.0,0.0,783076.0,783076.0,14243.989272075798
6346,994399.9999999999,0.0,994399.9999999999,994399.9999999999,15997.586782770974
6347,994399.9999999999,0.0,994399.9999999999,994399.9999999999,15997.560503723882
6348,994399.9999999999,0.0,994399.9999999999,994399.9999999999,15997.534224763118
6349,916141.0,0.0,916141.0,916141.0,15997.507945888663
6350,775927.0,0.0,775927.0,775927.0,14126.498828518741
6351,930681.0,0.0,930681.0,930681.0,15997.455759599252
6352,149159.99999999997,0.0,149159.99999999997,149159.99999999997,3054.587121860802
6353,149159.99999999997,0.0,149159.99999999997,149159.99999999997,3054.582100577114
6354,190869.0,0.0,190869.0,190869.0,3856.5426240640913
6355,259956.0,0.0,259956.0,259956.0,5155.812242642764
6356,308127.0,0.0,308127.0,308127.0,6043.924405550628
6357,335438.0,0.0,335438.0,335438.0,6541.71272271891
6358,587906.0,0.0,587906.0,587906.0,10979.697717395033
6359,588419.0,0.0,588419.0,588419.0,10988.432080539216
6360,585145.0,0.0,585145.0,585145.0,10932.539068015667
6361,592301.0,0.0,592301.0,592301.0,11054.595813826963
6362,579218.0,0.0,579218.0,579218.0,10831.250356735454
6363,536327.0,0.0,536327.0,536327.0,10094.550208877392
6364,314798.0,0.0,314798.0,314798.0,6165.800870395253
6365,292369.0,0.0,292369.0,292369.0,5754.773380617797
6366,771111.0,0.0,771111.0,771111.0,14046.99197363108
6367,994399.9999999999,0.0,994399.9999999999,994399.9999999999,15997.063428303032
6368,994399.9999999999,0.0,994399.9999999999,994399.9999999999,15997.037150974986
6369,994399.9999999999,0.0,994399.9999999999,994399.9999999999,15997.010873733254
6370,994399.9999999999,0.0,994399.9999999999,994399.9999999999,15996.984596577828
6371,377124.0,0.0,377124.0,377124.0,7293.961046293848
6372,828651.0,0.0,828651.0,828651.0,14987.993811903983
6373,994399.9999999999,0.0,994399.9999999999,994399.9999999999,15996.907893043648
6374,994399.9999999999,0.0,994399.9999999999,994399.9999999999,15996.881616226467
6375,994399.9999999999,0.0,994399.9999999999,994399.9999999999,15996.855339495603
6376,980438.0,0.0,980438.0,980438.0,15996.829062851042
6377,296264.0,0.0,296264.0,296264.0,5826.226560218769
6378,149159.99999999997,0.0,149159.99999999997,149159.99999999997,3054.4446701694865
6379,157819.0,0.0,157819.0,157819.0,3222.1953382678603
6380,290149.0,0.0,290149.0,290149.0,5713.789572127006
6381,367118.0,0.0,367118.0,367118.0,7114.025422780797
6382,256613.0,0.0,256613.0,256613.0,5093.430998919154
6383,254867.0,0.0,254867.0,254867.0,5060.940273631803
6384,172260.0,0.0,172260.0,172260.0,3500.404494419039
6385,231747.0,0.0,231747.0,231747.0,4628.974065117858
6386,174721.0,0.0,174721.0,174721.0,3547.627833917415
6387,149159.99999999997,0.0,149159.99999999997,149159.99999999997,3054.3957447848106
6388,150256.0,0.0,150256.0,150256.0,3075.6636512737527
6389,167031.0,0.0,167031.0,167031.0,3399.8412200101984
6390,572762.0,0.0,572762.0,572762.0,10720.321212143943
6391,958649.0,0.0,958649.0,958649.0,15996.461257550596
6392,994399.9999999999,0.0,994399.9999999999,994399.9999999999,15996.434982200391
6393,303865.0,0.0,303865.0,303865.0,5965.499750084204
6394,703151.0,0.0,703151.0,703151.0,12921.648816398289
6395,709808.0,0.0,709808.0,709808.0,13032.453991938686
6396,688030.0,0.0,688030.0,688030.0,12669.327352672895
6397,233524.0,0.0,233524.0,233524.0,4662.201011811069
6398,489583.0,0.0,489583.0,489583.0,9282.936152945449
6399,349050.0,0.0,349050.0,349050.0,6787.8790749571035
6400,420678.0,0.0,420678.0,420678.0,8070.744747074916
6401,206291.0,0.0,206291.0,206291.0,4149.129294048092
6402,299522.0,0.0,299522.0,299522.0,5885.783024713044
6403,334539.0,0.0,334539.0,334539.0,6524.879381358091
6404,149159.99999999997,0.0,149159.99999999997,149159.99999999997,3054.3046179383255
6405,362394.0,0.0,362394.0,362394.0,7028.681093313885
6406,59501.00000000003,0.0,59501.00000000003,59501.00000000003,1227.2297392562268
6407,38622.0,0.0,38622.0,38622.0,792.7802076005646
6408,15509.0,0.0,15509.0,15509.0,319.5949312319727
6409,58285.0,0.0,58285.0,58285.0,1053.015529961983
6410,0.0,0.0,0.0,0.0,-0.0
6411,0.0,0.0,0.0,0.0,-0.0
6412,41609.0,0.0,41609.0,41609.0,713.7303270324073
6413,108453.0,0.0,108453.0,108453.0,1999.7231160537297
6414,504041.0,0.0,504041.0,504041.0,9181.239595407196
6415,435643.0,0.0,435643.0,435643.0,8334.822086479155
6416,994399.9999999999,0.0,994399.9999999999,994399.9999999999,15994.5197689536
6417,994399.9999999999,0.0,994399.9999999999,994399.9999999999,15994.493499981376
6418,994399.9999999999,0.0,994399.9999999999,994399.9999999999,15994.467231095421
6419,994399.9999999999,0.0,994399.9999999999,994399.9999999999,15994.44096229574
6420,994399.9999999999,0.0,994399.9999999999,994399.9999999999,15994.414693582317
6421,994399.9999999999,0.0,994399.9999999999,994399.9999999999,15994.388424955176
6422,994399.9999999999,0.0,994399.9999999999,994399.9999999999,15994.362156414294
6423,994399.9999999999,0.0,994399.9999999999,994399.9999999999,15994.335887959678
6424,794101.0,0.0,794101.0,794101.0,14421.681116410773
6425,149159.99999999997,0.0,149159.99999999997,149159.99999999997,3053.8983451191352
6426,91478.00000000003,0.0,91478.00000000003,91478.00000000003,1882.6659154988101
6427,0.0,0.0,0.0,0.0,-0.0
6428,0.0,0.0,0.0,0.0,-0.0
6429,0.0,0.0,0.0,0.0,-0.0
6430,0.0,0.0,0.0,0.0,-0.0
6431,0.0,0.0,0.0,0.0,-0.0
6432,44155.0,0.0,44155.0,44155.0,755.0158382142365
6433,88133.0,0.0,88133.0,88133.0,1652.3559321652763
6434,111522.0,0.0,111522.0,111522.0,2207.5157771464274
6435,81410.0,0.0,81410.0,81410.0,1675.6734592528483
6436,83868.0,0.0,83868.0,83868.0,1723.6782667875145
6437,79371.0,0.0,79371.0,79371.0,1635.7613355550375
6438,505854.0,0.0,505854.0,505854.0,8915.691693262273
6439,994399.9999999999,0.0,994399.9999999999,994399.9999999999,15992.755765123082
6440,994399.9999999999,0.0,994399.9999999999,994399.9999999999,15992.72950194293
6441,994399.9999999999,0.0,994399.9999999999,994399.9999999999,15992.70323884901
6442,994399.9999999999,0.0,994399.9999999999,994399.9999999999,15992.676975841334
6443,994399.9999999999,0.0,994399.9999999999,994399.9999999999,15992.650712919893
6444,994399.9999999999,0.0,994399.9999999999,994399.9999999999,15992.624450084699
6445,994399.9999999999,0.0,994399.9999999999,994399.9999999999,15992.598187335741
6446,994399.9999999999,0.0,994399.9999999999,994399.9999999999,15992.571924673019
6447,994399.9999999999,0.0,994399.9999999999,994399.9999999999,15992.545662096534
6448,799225.0,0.0,799225.0,799225.0,14503.884024030502
6449,149159.99999999997,0.0,149159.99999999997,149159.99999999997,3053.5064219908318
6450,68484.00000000003,0.0,68484.00000000003,68484.00000000003,1407.6845442645429
6451,0.0,0.0,0.0,0.0,-0.0
6452,0.0,0.0,0.0,0.0,-0.0
6453,0.0,0.0,0.0,0.0,-0.0
6454,0.0,0.0,0.0,0.0,-0.0
6455,8589.0,0.0,8589.0,8589.0,143.36723312706397
6456,37955.0,0.0,37955.0,37955.0,668.1728304475246
6457,0.0,0.0,0.0,0.0,-0.0
6458,0.0,0.0,0.0,0.0,-0.0
6459,0.0,0.0,0.0,0.0,-0.0
6460,39222.0,0.0,39222.0,39222.0,670.0802267574986
6461,148976.0,0.0,148976.0,148976.0,2673.4200163722944
6462,523147.0,0.0,523147.0,523147.0,9862.747385986155
6463,994399.9999999999,0.0,994399.9999999999,994399.9999999999,15990.970948765444
6464,994399.9999999999,0.0,994399.9999999999,994399.9999999999,15990.9446914479
6465,994399.9999999999,0.0,994399.9999999999,994399.9999999999,15990.91843421657
6466,994399.9999999999,0.0,994399.9999999999,994399.9999999999,15990.89217707145
6467,994399.9999999999,0.0,994399.9999999999,994399.9999999999,15990.865920012544
6468,827426.0,0.0,827426.0,827426.0,14962.313872252593
6469,713761.0,0.0,713761.0,713761.0,13093.55341768995
6470,994399.9999999999,0.0,994399.9999999999,994399.9999999999,15990.787933050087
6471,994399.9999999999,0.0,994399.9999999999,994399.9999999999,15990.761676333446
6472,816374.0,0.0,816374.0,816374.0,14782.2332641129
6473,149159.99999999997,0.0,149159.99999999997,149159.99999999997,3053.1158152064063
6474,149159.99999999997,0.0,149159.99999999997,149159.99999999997,3053.1107987328824
6475,149159.99999999997,0.0,149159.99999999997,149159.99999999997,3053.1057822757502
6476,189666.0,0.0,189666.0,189666.0,3831.7911126060685
6477,149159.99999999997,0.0,149159.99999999997,149159.99999999997,3053.095678249292
6478,155335.0,0.0,155335.0,155335.0,3172.7459978802044
6479,125952.00000000012,0.0,125952.00000000012,125952.00000000012,2590.65649727233
6480,71293.0,0.0,71293.0,71293.0,1467.5085425053917
6481,294508.0,0.0,294508.0,294508.0,5327.2600744002775
6482,547934.0,0.0,547934.0,547934.0,10289.760827689854
6483,584585.0,0.0,584585.0,584585.0,10917.795043372746
6484,582086.0,0.0,582086.0,582086.0,10875.1149396862
6485,571767.0,0.0,571767.0,571767.0,10698.687692728141
6486,994399.9999999999,0.0,994399.9999999999,994399.9999999999,15989.87020148639
6487,994399.9999999999,0.0,994399.9999999999,994399.9999999999,15989.843947780406
6488,994399.9999999999,0.0,994399.9999999999,994399.9999999999,15989.817694160614
6489,994399.9999999999,0.0,994399.9999999999,994399.9999999999,15989.79144062702
6490,994399.9999999999,0.0,994399.9999999999,994399.9999999999,15989.765187179612
6491,994399.9999999999,0.0,994399.9999999999,994399.9999999999,15989.7389338184
6492,994399.9999999999,0.0,994399.9999999999,994399.9999999999,15989.712680543387
6493,994399.9999999999,0.0,994399.9999999999,994399.9999999999,15989.68642735456
6494,994399.9999999999,0.0,994399.9999999999,994399.9999999999,15989.660174251925
6495,994399.9999999999,0.0,994399.9999999999,994399.9999999999,15989.633921235481
6496,788779.0,0.0,788779.0,788779.0,14330.24661076351
6497,149159.99999999997,0.0,149159.99999999997,149159.99999999997,3052.868996181643
6498,108792.00000000003,0.0,108792.00000000003,108792.00000000003,2235.3315978093724
6499,73648.0,0.0,73648.0,73648.0,1513.448256963147
6500,49930.0,0.0,49930.0,49930.0,1029.196382584094
6501,56452.0,0.0,56452.0,56452.0,1144.294253883575
6502,63160.0,0.0,63160.0,63160.0,1280.141596571474
6503,70046.0,0.0,70046.0,70046.0,1408.7075207070554
6504,29144.0,0.0,29144.0,29144.0,596.3600422594263
6505,110985.0,0.0,110985.0,110985.0,1989.1477842424672
6506,174199.0,0.0,174199.0,174199.0,3426.664888972407
6507,188860.0,0.0,188860.0,188860.0,3815.8145002264914
6508,205419.0,0.0,205419.0,205419.0,4130.327467171055
6509,266314.0,0.0,266314.0,266314.0,5270.515191283004
6510,610505.0,0.0,610505.0,610505.0,11357.714153278124
6511,994399.9999999999,0.0,994399.9999999999,994399.9999999999,15988.25805551103
6512,994399.9999999999,0.0,994399.9999999999,994399.9999999999,15988.231807096585
6513,994399.9999999999,0.0,994399.9999999999,994399.9999999999,15988.205558768306
6514,731796.0,0.0,731796.0,731796.0,13390.501046382189
6515,440871.0,0.0,440871.0,440871.0,8423.574041181655
6516,831382.0,0.0,831382.0,831382.0,15024.0858831234
6517,890138.0,0.0,890138.0,890138.0,15974.234670117869
6518,429275.0,0.0,429275.0,429275.0,8218.634917202742
6519,261267.0,0.0,261267.0,261267.0,5176.829527980757
6520,149159.99999999997,0.0,149159.99999999997,149159.99999999997,3052.5289680179153
6521,149159.99999999997,0.0,149159.99999999997,149159.99999999997,3052.5239534611546
6522,149159.99999999997,0.0,149159.99999999997,149159.99999999997,3052.51893892078
6523,52189.00000000009,0.0,52189.00000000009,52189.00000000009,1073.2903877486988
6524,6764.0,0.0,6764.0,6764.0,137.3715130779381
6525,1036.0,0.0,1036.0,1036.0,-0.0
6526,28614.0,0.0,28614.0,28614.0,488.34693015209143
6527,34507.0,0.0,34507.0,34507.0,686.7933008061523
6528,56246.0,0.0,56246.0,56246.0,1070.021930218816
6529,33343.0,0.0,33343.0,33343.0,683.7987764695247
6530,66580.0,0.0,66580.0,66580.0,1247.070308759189
6531,64593.0,0.0,64593.0,64593.0,1331.039945777258
6532,29594.0,0.0,29594.0,29594.0,604.9971553954831
6533,0.0,0.0,0.0,0.0,-0.0
6534,58151.0,0.0,58151.0,58151.0,995.5818768398719
6535,235149.0,0.0,235149.0,235149.0,4226.697706836334
6536,297635.0,0.0,297635.0,297635.0,5847.058962518307
6537,194797.0,0.0,194797.0,194797.0,3928.156416773952
6538,596867.0,0.0,596867.0,596867.0,11124.231627560937
6539,899744.0,0.0,899744.0,899744.0,15985.905949553126
6540,790739.0,0.0,790739.0,790739.0,14358.961134627354
6541,791628.0,0.0,791628.0,791628.0,14373.492088628915
6542,419098.0,0.0,419098.0,419098.0,8037.109082460591
6543,485504.0,0.0,485504.0,485504.0,9205.361115878723
6544,221529.0,0.0,221529.0,221529.0,4433.5950760714195
6545,76320.0,0.0,76320.0,76320.0,1570.291323036136
6546,30480.0,0.0,30480.0,30480.0,627.8900424890093
6547,146662.0,0.0,146662.0,146662.0,2614.3037090008106
6548,136363.0,0.0,136363.0,136363.0,2802.744131131651
6549,181646.0,0.0,181646.0,181646.0,3677.204420984587
6550,222669.0,0.0,222669.0,222669.0,4454.730525503111
6551,230252.0,0.0,230252.0,230252.0,4597.126083423517
6552,269791.0,0.0,269791.0,269791.0,5333.58776818657
6553,281830.0,0.0,281830.0,281830.0,5555.922756744918
6554,205575.0,0.0,205575.0,205575.0,4132.22110780277
6555,131051.0,0.0,131051.0,131051.0,2694.06834810911
6556,121229.0,0.0,121229.0,121229.0,2492.3620463858133
6557,132509.0,0.0,132509.0,132509.0,2687.692505068346
6558,293283.0,0.0,293283.0,293283.0,5731.065951208839
6559,714699.0,0.0,714699.0,714699.0,13103.804981888465
6560,714695.0,0.0,714695.0,714695.0,13103.717042954804
6561,837155.0,0.0,837155.0,837155.0,15114.324262508893
6562,717163.0,0.0,717163.0,717163.0,13144.656907236262
6563,949319.0,0.0,949319.0,949319.0,15984.342879939759
6564,936208.0,0.0,936208.0,936208.0,15984.316644377426
6565,909988.0,0.0,909988.0,909988.0,15984.290408901203
6566,859635.0,0.0,859635.0,859635.0,15478.43730919042
6567,729022.0,0.0,729022.0,729022.0,13341.199852950554
6568,276794.0,0.0,276794.0,276794.0,5462.832280762232
6569,4688.0,0.0,4688.0,4688.0,-0.0
6570,163504.0,0.0,163504.0,163504.0,2773.916977268845
6571,493144.0,0.0,493144.0,493144.0,9336.859291996392
6572,148306.0,0.0,148306.0,148306.0,3034.8612296490273
6573,253032.0,0.0,253032.0,253032.0,5022.018290915797
6574,293064.0,0.0,293064.0,293064.0,5761.951759869843
6575,390426.0,0.0,390426.0,390426.0,7525.1645596564285
6576,232961.0,0.0,232961.0,232961.0,4647.305155991202
6577,239741.0,0.0,239741.0,239741.0,4774.1579168402195
6578,211416.0,0.0,211416.0,211416.0,4242.104111702758
6579,127900.0,0.0,127900.0,127900.0,2627.259337300332
6580,95341.0,0.0,95341.0,95341.0,1961.5654443012372
6581,568142.0,0.0,568142.0,568142.0,10107.4198525898
6582,207184.0,0.0,207184.0,207184.0,4162.010116556471
6583,497343.0,0.0,497343.0,497343.0,9409.577332381703
6584,318998.0,0.0,318998.0,318998.0,6236.186572000721
6585,773467.0,0.0,773467.0,773467.0,14072.581484995599
6586,688833.0,0.0,688833.0,688833.0,12671.37188321534
6587,575277.0,0.0,575277.0,575277.0,10753.427686715593
6588,544065.0,0.0,544065.0,544065.0,10218.025208609175
6589,933821.0,0.0,933821.0,933821.0,15982.273545119451
6590,383486.0,0.0,383486.0,383486.0,7400.704781506723
6591,994399.9999999999,0.0,994399.9999999999,994399.9999999999,15982.222982921321
6592,425235.0,0.0,425235.0,425235.0,8143.908705042555
6593,149159.99999999997,0.0,149159.99999999997,149159.99999999997,3051.2470740657523
6594,355805.0,0.0,355805.0,355805.0,6903.324558672632
6595,398794.0,0.0,398794.0,398794.0,7674.097285627476
6596,490066.0,0.0,490066.0,490066.0,9282.658585273122
6597,415238.0,0.0,415238.0,415238.0,7966.6031644606255
6598,368257.0,0.0,368257.0,368257.0,7127.458651499349
6599,316004.0,0.0,316004.0,316004.0,6181.441739132357
6600,423874.0,0.0,423874.0,423874.0,8119.700337136181
6601,267172.0,0.0,267172.0,267172.0,5284.100075522127
6602,192671.0,0.0,192671.0,192671.0,3886.629996097095
6603,143831.00000000015,0.0,143831.00000000015,143831.00000000015,2947.6923481294366
6604,99078.0,0.0,99078.0,99078.0,2039.4259081466582
6605,364144.0,0.0,364144.0,364144.0,6749.12638404025
6606,130689.0,0.0,130689.0,130689.0,2686.4166291741044
6607,914044.0,0.0,914044.0,914044.0,15883.107091661795
6608,994399.9999999999,0.0,994399.9999999999,994399.9999999999,15981.48564317546
6609,994399.9999999999,0.0,994399.9999999999,994399.9999999999,15981.459416985788
6610,994399.9999999999,0.0,994399.9999999999,994399.9999999999,15981.433190882186
6611,994399.9999999999,0.0,994399.9999999999,994399.9999999999,15981.406964864638
6612,994399.9999999999,0.0,994399.9999999999,994399.9999999999,15981.380738933149
6613,994399.9999999999,0.0,994399.9999999999,994399.9999999999,15981.354513087723
6614,994399.9999999999,0.0,994399.9999999999,994399.9999999999,15981.328287328346
6615,326250.0,0.0,326250.0,326250.0,6367.73401497832
6616,835780.0,0.0,835780.0,835780.0,15089.036463145954
6617,194139.0,0.0,194139.0,194139.0,3914.348509848666
6618,388146.0,0.0,388146.0,388146.0,7483.5528998693535
6619,433259.0,0.0,433259.0,433259.0,8285.29662904491
6620,548632.0,0.0,548632.0,548632.0,10295.842077213048
6621,523224.0,0.0,523224.0,523224.0,9857.701279007615
6622,202503.0,0.0,202503.0,202503.0,4073.027206451165
6623,207659.0,0.0,207659.0,207659.0,4170.599458784083
6624,149159.99999999997,0.0,149159.99999999997,149159.99999999997,3051.0087374193604
6625,325522.0,0.0,325522.0,325522.0,6354.389412095062
6626,306561.0,0.0,306561.0,306561.0,6008.553213546773
6627,320292.0,0.0,320292.0,320292.0,6259.172015451606
6628,260893.0,0.0,260893.0,260893.0,5167.361105442414
6629,241606.0,0.0,241606.0,241606.0,4808.357018799118
6630,629760.0,0.0,629760.0,629760.0,11678.268817465878
6631,994399.9999999999,0.0,994399.9999999999,994399.9999999999,15980.915713926051
6632,994399.9999999999,0.0,994399.9999999999,994399.9999999999,15980.889489606527
6633,994399.9999999999,0.0,994399.9999999999,994399.9999999999,15980.86326537305
6634,994399.9999999999,0.0,994399.9999999999,994399.9999999999,15980.837041225623
6635,697642.0,0.0,697642.0,697642.0,12817.027785133934
6636,994399.9999999999,0.0,994399.9999999999,994399.9999999999,15980.785230022033
6637,994399.9999999999,0.0,994399.9999999999,994399.9999999999,15980.759006130658
6638,994399.9999999999,0.0,994399.9999999999,994399.9999999999,15980.732782325334
6639,994399.9999999999,0.0,994399.9999999999,994399.9999999999,15980.706558606056
6640,955690.0,0.0,955690.0,955690.0,15980.680334972823
6641,149159.99999999997,0.0,149159.99999999997,149159.99999999997,3050.9148198154503
6642,185147.0,0.0,185147.0,185147.0,3742.953828938752
6643,381737.0,0.0,381737.0,381737.0,7368.576785731344
6644,436286.0,0.0,436286.0,436286.0,8338.418506321283
6645,469622.0,0.0,469622.0,469622.0,8924.570457153686
6646,417616.0,0.0,417616.0,417616.0,8007.978015109829
6647,490820.0,0.0,490820.0,490820.0,9294.821171092079
6648,391385.0,0.0,391385.0,391385.0,7541.0528836727135
6649,326321.0,0.0,326321.0,326321.0,6368.659881540521
6650,265651.0,0.0,265651.0,265651.0,5255.3691388516945
6651,365951.0,0.0,365951.0,365951.0,7085.215283991049
6652,441159.0,0.0,441159.0,441159.0,8424.294739143968
6653,407285.0,0.0,407285.0,407285.0,7824.379844585337
6654,707194.0,0.0,707194.0,707194.0,12975.644694362312
6655,994399.9999999999,0.0,994399.9999999999,994399.9999999999,15980.314145140963
6656,205065.0,0.0,205065.0,205065.0,4121.294315043622
6657,994399.9999999999,0.0,994399.9999999999,994399.9999999999,15980.264602866793
6658,994399.9999999999,0.0,994399.9999999999,994399.9999999999,15980.238380683708
6659,994399.9999999999,0.0,994399.9999999999,994399.9999999999,15980.212158586663
6660,994399.9999999999,0.0,994399.9999999999,994399.9999999999,15980.185936575657
6661,994399.9999999999,0.0,994399.9999999999,994399.9999999999,15980.159714650688
6662,994399.9999999999,0.0,994399.9999999999,994399.9999999999,15980.133492811754
6663,879385.0,0.0,879385.0,879385.0,15793.151502911745
6664,918372.0,0.0,918372.0,918372.0,15980.081085778773
6665,209629.0,0.0,209629.0,209629.0,4207.520448482335
6666,315619.0,0.0,315619.0,315619.0,6173.577125538373
6667,602540.0,0.0,602540.0,602540.0,11216.398383514188
6668,354406.0,0.0,354406.0,354406.0,6877.07957030288
6669,156818.0,0.0,156818.0,156818.0,3198.9949649308273
6670,274840.0,0.0,274840.0,274840.0,5425.145299205638
6671,149159.99999999997,0.0,149159.99999999997,149159.99999999997,3050.752252403747
6672,163354.0,0.0,163354.0,163354.0,3325.0593252153653
6673,149159.99999999997,0.0,149159.99999999997,149159.99999999997,3050.7422085950757
6674,114734.00000000006,0.0,114734.00000000006,114734.00000000006,2359.7793108285664
6675,0.0,0.0,0.0,0.0,-0.0
6676,0.0,0.0,0.0,0.0,-0.0
6677,17800.0,0.0,17800.0,17800.0,303.1554729448722
6678,218037.0,0.0,218037.0,218037.0,3719.1626985254884
6679,708156.0,0.0,708156.0,708156.0,12990.249735670612
6680,274743.0,0.0,274743.0,274743.0,5422.869441265112
6681,598885.0,0.0,598885.0,598885.0,11153.262944014525
6682,695656.0,0.0,695656.0,695656.0,12782.110673568612
6683,723579.0,0.0,723579.0,723579.0,13246.196693837936
6684,749460.0,0.0,749460.0,749460.0,13674.098450777516
6685,489893.0,0.0,489893.0,489893.0,9277.443667196743
6686,485848.0,0.0,485848.0,485848.0,9206.909111350848
6687,963646.0,0.0,963646.0,963646.0,15978.464931916724
6688,948572.0,0.0,948572.0,948572.0,15978.438715638367
6689,544745.0,0.0,544745.0,544745.0,10227.124402456426
6690,593616.0,0.0,593616.0,593616.0,11063.45782411175
6691,592462.0,0.0,592462.0,592462.0,11043.79369353715
6692,591478.0,0.0,591478.0,591478.0,11027.019878194404
6693,600188.0,0.0,600188.0,600188.0,11175.193483126763
6694,571602.0,0.0,571602.0,571602.0,10687.7653008211
6695,599882.0,0.0,599882.0,599882.0,11169.955358171055
6696,598827.0,0.0,598827.0,598827.0,11152.000976563282
6697,602416.0,0.0,602416.0,602416.0,11212.982659538462
6698,602520.0,0.0,602520.0,602520.0,11214.731195101476
6699,601470.0,0.0,601470.0,601470.0,11196.871925725038
6700,602139.0,0.0,602139.0,602139.0,11208.221204377445
6701,602071.0,0.0,602071.0,602071.0,11207.047448512647
6702,994399.9999999999,0.0,994399.9999999999,994399.9999999999,15978.0849276187
6703,994399.9999999999,0.0,994399.9999999999,994399.9999999999,15978.058712587039
6704,994399.9999999999,0.0,994399.9999999999,994399.9999999999,15978.032497641372
6705,994399.9999999999,0.0,994399.9999999999,994399.9999999999,15978.006282781711
6706,994399.9999999999,0.0,994399.9999999999,994399.9999999999,15977.980068008055
6707,994399.9999999999,0.0,994399.9999999999,994399.9999999999,15977.953853320401
6708,994399.9999999999,0.0,994399.9999999999,994399.9999999999,15977.927638718744
6709,994399.9999999999,0.0,994399.9999999999,994399.9999999999,15977.901424203097
6710,994399.9999999999,0.0,994399.9999999999,994399.9999999999,15977.875209773447
6711,994399.9999999999,0.0,994399.9999999999,994399.9999999999,15977.848995429802
6712,994399.9999999999,0.0,994399.9999999999,994399.9999999999,15977.822781172152
6713,504084.0,0.0,504084.0,504084.0,9523.863683317866
6714,519978.0,0.0,519978.0,519978.0,9799.364589950404
6715,459317.0,0.0,459317.0,459317.0,8742.248610512423
6716,600502.0,0.0,600502.0,600502.0,11180.10215810726
6717,602283.0,0.0,602283.0,602283.0,11210.348442853412
6718,602065.0,0.0,602065.0,602065.0,11206.626204337861
6719,602024.0,0.0,602024.0,602024.0,11205.911214946684
6720,601955.0,0.0,601955.0,601955.0,11204.711674498703
6721,601960.0,0.0,601960.0,601960.0,11204.778258232549
6722,601966.0,0.0,601966.0,601966.0,11204.86183249262
6723,601957.0,0.0,601957.0,601957.0,11204.690544351397
6724,602359.0,0.0,602359.0,602359.0,11211.502182669448
6725,595074.0,0.0,595074.0,595074.0,11087.619892078186
6726,994399.9999999999,0.0,994399.9999999999,994399.9999999999,15977.457764672394
6727,994399.9999999999,0.0,994399.9999999999,994399.9999999999,15977.431551698204
6728,994399.9999999999,0.0,994399.9999999999,994399.9999999999,15977.40533881001
6729,994399.9999999999,0.0,994399.9999999999,994399.9999999999,15977.379126007807
6730,994399.9999999999,0.0,994399.9999999999,994399.9999999999,15977.3529132916
6731,994399.9999999999,0.0,994399.9999999999,994399.9999999999,15977.326700661386
6732,994399.9999999999,0.0,994399.9999999999,994399.9999999999,15977.300488117158
6733,994399.9999999999,0.0,994399.9999999999,994399.9999999999,15977.274275658925
6734,994399.9999999999,0.0,994399.9999999999,994399.9999999999,15977.248063286685
6735,994399.9999999999,0.0,994399.9999999999,994399.9999999999,15977.221851000433
6736,845580.0,0.0,845580.0,845580.0,15244.096222528782
6737,149159.99999999997,0.0,149159.99999999997,149159.99999999997,3050.1521388921583
6738,130574.00000000003,0.0,130574.00000000003,130574.00000000003,2683.3198060132563
6739,73756.0,0.0,73756.0,73756.0,1514.2227942483337
6740,65134.0,0.0,65134.0,65134.0,1340.755390649986
6741,45653.0,0.0,45653.0,45653.0,939.6339872655889
6742,38483.0,0.0,38483.0,38483.0,789.0487394334612
6743,29413.0,0.0,29413.0,29413.0,601.1265949392579
6744,30715.0,0.0,30715.0,30715.0,614.6108313225751
6745,63044.0,0.0,63044.0,63044.0,1186.913286192836
6746,121595.0,0.0,121595.0,121595.0,2290.183795945567
6747,129373.0,0.0,129373.0,129373.0,2625.6469873077863
6748,190864.0,0.0,190864.0,190864.0,3826.9551087758487
6749,111676.0,0.0,111676.0,111676.0,2294.5101332534114
6750,656354.0,0.0,656354.0,656354.0,11748.991175893325
6751,991022.0,0.0,991022.0,991022.0,15975.830600750796
6752,994399.9999999999,0.0,994399.9999999999,994399.9999999999,15975.804393111686
6753,694066.0,0.0,694066.0,694066.0,12753.304541612562
6754,994399.9999999999,0.0,994399.9999999999,994399.9999999999,15975.752627008158
6755,994399.9999999999,0.0,994399.9999999999,994399.9999999999,15975.726419624829
6756,994399.9999999999,0.0,994399.9999999999,994399.9999999999,15975.700212327458
6757,994399.9999999999,0.0,994399.9999999999,994399.9999999999,15975.674005116058
6758,994399.9999999999,0.0,994399.9999999999,994399.9999999999,15975.647797990621
6759,943312.0,0.0,943312.0,943312.0,15975.621590951148
6760,748172.0,0.0,748172.0,748172.0,13650.291800103458
6761,149159.99999999997,0.0,149159.99999999997,149159.99999999997,3049.802019552363
6762,149159.99999999997,0.0,149159.99999999997,149159.99999999997,3049.7970139002537
6763,149159.99999999997,0.0,149159.99999999997,149159.99999999997,3049.7920082644864
6764,149159.99999999997,0.0,149159.99999999997,149159.99999999997,3049.787002645059
6765,149159.99999999997,0.0,149159.99999999997,149159.99999999997,3049.781997041973
6766,153191.0,0.0,153191.0,153191.0,3127.8495120960574
6767,268433.0,0.0,268433.0,268433.0,5305.044634302274
6768,338636.0,0.0,338636.0,338636.0,6589.928353956148
6769,482138.0,0.0,482138.0,482138.0,9140.291269948022
6770,210628.0,0.0,210628.0,210628.0,4224.996031154347
6771,102102.00000000015,0.0,102102.00000000015,102102.00000000015,2097.628192299682
6772,56026.0,0.0,56026.0,56026.0,1152.4446468613694
6773,217736.0,0.0,217736.0,217736.0,3928.8445589052108
6774,235987.0,0.0,235987.0,235987.0,4701.243416291054
6775,354650.0,0.0,354650.0,354650.0,6878.968864542718
6776,506988.0,0.0,506988.0,506988.0,9572.243163857145
6777,994399.9999999999,0.0,994399.9999999999,994399.9999999999,15974.545948402554
6778,994399.9999999999,0.0,994399.9999999999,994399.9999999999,15974.519744974821
6779,994399.9999999999,0.0,994399.9999999999,994399.9999999999,15974.493541633037
6780,994399.9999999999,0.0,994399.9999999999,994399.9999999999,15974.4673383772
6781,446341.0,0.0,446341.0,446341.0,8512.244579193914
6782,994399.9999999999,0.0,994399.9999999999,994399.9999999999,15974.416539966387
6783,994399.9999999999,0.0,994399.9999999999,994399.9999999999,15974.390336963115
6784,805148.0,0.0,805148.0,805148.0,14583.947989799173
6785,191394.0,0.0,191394.0,191394.0,3860.258186759921
6786,279785.0,0.0,279785.0,279785.0,5514.264930707512
6787,231862.0,0.0,231862.0,231862.0,4623.930682113695
6788,216129.0,0.0,216129.0,216129.0,4328.4045880632875
6789,198083.0,0.0,198083.0,198083.0,3987.2850488196796
6790,149159.99999999997,0.0,149159.99999999997,149159.99999999997,3049.506926899717
6791,149159.99999999997,0.0,149159.99999999997,149159.99999999997,3049.5019222102806
6792,149159.99999999997,0.0,149159.99999999997,149159.99999999997,3049.496917537179
6793,127866.00000000009,0.0,127866.00000000009,127866.00000000009,2625.0036185357835
6794,45263.0,0.0,45263.0,45263.0,931.8867224865335
6795,31236.0,0.0,31236.0,31236.0,642.2751595815114
6796,29663.0,0.0,29663.0,29663.0,605.9062151020812
6797,0.0,0.0,0.0,0.0,-0.0
6798,373713.0,0.0,373713.0,373713.0,6017.52055782106
6799,919816.0,0.0,919816.0,919816.0,15972.959844441404
6800,994399.9999999999,0.0,994399.9999999999,994399.9999999999,15972.933646215952
6801,994399.9999999999,0.0,994399.9999999999,994399.9999999999,15972.90744807641
6802,994399.9999999999,0.0,994399.9999999999,994399.9999999999,15972.881250022798
6803,994399.9999999999,0.0,994399.9999999999,994399.9999999999,15972.8550520551
6804,994399.9999999999,0.0,994399.9999999999,994399.9999999999,15972.82885417333
6805,994399.9999999999,0.0,994399.9999999999,994399.9999999999,15972.802656377473
6806,994399.9999999999,0.0,994399.9999999999,994399.9999999999,15972.776458667535
6807,513877.0,0.0,513877.0,513877.0,9690.520148013422
6808,849599.0,0.0,849599.0,849599.0,15304.893893004531
6809,149159.99999999997,0.0,149159.99999999997,149159.99999999997,3049.1738728220557
6810,163302.0,0.0,163302.0,163302.0,3322.347722811702
6811,225077.0,0.0,225077.0,225077.0,4496.177545990255
6812,149159.99999999997,0.0,149159.99999999997,149159.99999999997,3049.158711066042
6813,149159.99999999997,0.0,149159.99999999997,149159.99999999997,3049.1537075132096
6814,149159.99999999997,0.0,149159.99999999997,149159.99999999997,3049.148703976707
6815,149159.99999999997,0.0,149159.99999999997,149159.99999999997,3049.1437004565355
6816,117954.00000000015,0.0,117954.00000000015,117954.00000000015,2421.43297061826
6817,92999.0,0.0,92999.0,92999.0,1909.5493110607022
6818,83429.0,0.0,83429.0,83429.0,1712.7387986316905
6819,85281.0,0.0,85281.0,85281.0,1736.7129965707038
6820,50402.0,0.0,50402.0,50402.0,1037.294233875782
6821,31749.0,0.0,31749.0,31749.0,652.20218485306
6822,376925.0,0.0,376925.0,376925.0,6335.16980784349
6823,865401.0,0.0,865401.0,865401.0,15559.177646216544
6824,994399.9999999999,0.0,994399.9999999999,994399.9999999999,15971.492615049525
6825,994399.9999999999,0.0,994399.9999999999,994399.9999999999,15971.46642163398
6826,528430.0,0.0,528430.0,528430.0,9941.328980499347
6827,994399.9999999999,0.0,994399.9999999999,994399.9999999999,15971.415300229506
6828,994399.9999999999,0.0,994399.9999999999,994399.9999999999,15971.389107067502
6829,994399.9999999999,0.0,994399.9999999999,994399.9999999999,15971.3629139914
6830,994399.9999999999,0.0,994399.9999999999,994399.9999999999,15971.336721001191
6831,951003.0,0.0,951003.0,951003.0,15971.310528096883
6832,484365.0,0.0,484365.0,484365.0,9176.660441946673
6833,149159.99999999997,0.0,149159.99999999997,149159.99999999997,3048.8588241473794
6834,149159.99999999997,0.0,149159.99999999997,149159.99999999997,3048.8538215728
6835,142243.00000000006,0.0,142243.00000000006,142243.00000000006,2914.545218367501
6836,139918.0,0.0,139918.0,139918.0,2869.288101333239
6837,180500.0,0.0,180500.0,180500.0,3651.7641854786675
6838,147210.0,0.0,147210.0,147210.0,3011.0202371624723
6839,83820.0,0.0,83820.0,83820.0,1720.210660185624
6840,27392.0,0.0,27392.0,27392.0,561.7809939576902
6841,35429.0,0.0,35429.0,35429.0,694.5727948549662
6842,20844.0,0.0,20844.0,20844.0,428.6590808195873
6843,9841.0,0.0,9841.0,9841.0,195.23135168485513
6844,0.0,0.0,0.0,0.0,-0.0
6845,0.0,0.0,0.0,0.0,-0.0
6846,318752.0,0.0,318752.0,318752.0,5188.64796369992
6847,872176.0,0.0,872176.0,872176.0,15666.84944652076
6848,809774.0,0.0,809774.0,809774.0,14655.208685191199
6849,994399.9999999999,0.0,994399.9999999999,994399.9999999999,15969.8044672039
6850,799593.0,0.0,799593.0,799593.0,14489.040983443912
6851,814023.0,0.0,814023.0,814023.0,14724.374824905486
6852,994399.9999999999,0.0,994399.9999999999,994399.9999999999,15969.726440663668
6853,994399.9999999999,0.0,994399.9999999999,994399.9999999999,15969.70025304029
6854,994399.9999999999,0.0,994399.9999999999,994399.9999999999,15969.674065502782
6855,926349.0,0.0,926349.0,926349.0,15969.647878051148
6856,677316.0,0.0,677316.0,677316.0,12468.68818633048
6857,132000.0,0.0,132000.0,132000.0,2709.693838892004
6858,0.0,0.0,0.0,0.0,-0.0
6859,0.0,0.0,0.0,0.0,-0.0
6860,0.0,0.0,0.0,0.0,-0.0
6861,0.0,0.0,0.0,0.0,-0.0
6862,30360.0,0.0,30360.0,30360.0,520.7742280915899
6863,73762.0,0.0,73762.0,73762.0,1369.4688243177761
6864,133459.0,0.0,133459.0,133459.0,2527.6666198310363
6865,492634.0,0.0,492634.0,492634.0,9261.594152606582
6866,430551.0,0.0,430551.0,430551.0,8230.37564349904
6867,476765.0,0.0,476765.0,476765.0,9042.236317487852
6868,524320.0,0.0,524320.0,524320.0,9868.327341900302
6869,575545.0,0.0,575545.0,575545.0,10748.175106295605
6870,860349.0,0.0,860349.0,860349.0,15474.438283767255
6871,994399.9999999999,0.0,994399.9999999999,994399.9999999999,15968.255676620807
6872,994399.9999999999,0.0,994399.9999999999,994399.9999999999,15968.229493819948
6873,994399.9999999999,0.0,994399.9999999999,994399.9999999999,15968.20331110493
6874,994399.9999999999,0.0,994399.9999999999,994399.9999999999,15968.17712847576
6875,994399.9999999999,0.0,994399.9999999999,994399.9999999999,15968.150945932435
6876,994399.9999999999,0.0,994399.9999999999,994399.9999999999,15968.124763474952
6877,994399.9999999999,0.0,994399.9999999999,994399.9999999999,15968.098581103313
6878,764522.0,0.0,764522.0,764522.0,13912.904374454036
6879,741001.0,0.0,741001.0,741001.0,13525.415167193303
6880,657169.0,0.0,657169.0,657169.0,12129.903274185648
6881,149159.99999999997,0.0,149159.99999999997,149159.99999999997,3048.1445050360207
6882,130082.00000000003,0.0,130082.00000000003,130082.00000000003,2671.9480417727505
6883,106584.0,0.0,106584.0,106584.0,2188.928336901588
6884,100698.0,0.0,100698.0,100698.0,2069.1263214530723
6885,100371.0,0.0,100371.0,100371.0,2062.736597172103
6886,66082.0,0.0,66082.0,66082.0,1358.4801689392878
6887,38233.0,0.0,38233.0,38233.0,783.7637987601554
6888,34072.0,0.0,34072.0,34072.0,697.1718938838646
6889,37193.0,0.0,37193.0,37193.0,745.3545517529361
6890,43861.0,0.0,43861.0,43861.0,880.1089330856555
6891,260808.0,0.0,260808.0,260808.0,4556.103795125125
6892,350019.0,0.0,350019.0,350019.0,6791.886510423146
6893,403422.0,0.0,403422.0,403422.0,7748.642704093529
6894,530006.0,0.0,530006.0,530006.0,9965.558099488766
6895,927365.0,0.0,927365.0,927365.0,15966.878183927467
6896,872474.0,0.0,872474.0,872474.0,15668.699082121078
6897,994399.9999999999,0.0,994399.9999999999,994399.9999999999,15966.825885480832
6898,994399.9999999999,0.0,994399.9999999999,994399.9999999999,15966.799707365937
6899,527511.0,0.0,527511.0,527511.0,9922.417689074124
6900,651065.0,0.0,651065.0,651065.0,12026.387681441287
6901,692675.0,0.0,692675.0,692675.0,12722.717906159936
6902,994399.9999999999,0.0,994399.9999999999,994399.9999999999,15966.697717481047
6903,898450.0,0.0,898450.0,898450.0,15966.671539786339
6904,612717.0,0.0,612717.0,612717.0,11379.258276869046
6905,149159.99999999997,0.0,149159.99999999997,149159.99999999997,3047.843556187481
6906,149159.99999999997,0.0,149159.99999999997,149159.99999999997,3047.838556925406
6907,175819.0,0.0,175819.0,175819.0,3561.0913109093067
6908,185987.0,0.0,185987.0,185987.0,3755.231634119625
6909,189197.0,0.0,189197.0,189197.0,3816.3439781643856
6910,149159.99999999997,0.0,149159.99999999997,149159.99999999997,3047.8183769245497
6911,138272.0000000001,0.0,138272.0000000001,138272.0000000001,2836.2538084357416
6912,92674.0,0.0,92674.0,92674.0,1902.3930642532173
6913,102460.0,0.0,102460.0,102460.0,2068.3015184313795
6914,129301.0,0.0,129301.0,129301.0,2554.403644321227
6915,75087.0,0.0,75087.0,75087.0,1544.223247293386
6916,40263.0,0.0,40263.0,40263.0,828.6377366979992
6917,0.0,0.0,0.0,0.0,-0.0
6918,293615.0,0.0,293615.0,293615.0,4804.102529155148
6919,802795.0,0.0,802795.0,802795.0,14536.830363709043
6920,994399.9999999999,0.0,994399.9999999999,994399.9999999999,15964.873727119066
6921,994399.9999999999,0.0,994399.9999999999,994399.9999999999,15964.847555402048
6922,994399.9999999999,0.0,994399.9999999999,994399.9999999999,15964.82138377082
6923,994399.9999999999,0.0,994399.9999999999,994399.9999999999,15964.795212225385
6924,713897.0,0.0,713897.0,713897.0,13074.010710808123
6925,994399.9999999999,0.0,994399.9999999999,994399.9999999999,15964.743448649526
6926,314132.0,0.0,314132.0,314132.0,6140.015511461967
6927,256634.0,0.0,256634.0,256634.0,5082.54159506224
6928,808788.0,0.0,808788.0,808788.0,14634.356396932146
6929,280783.0,0.0,280783.0,280783.0,5528.971577960691
6930,326201.0,0.0,326201.0,326201.0,6359.603692414859
6931,415835.0,0.0,415835.0,415835.0,7967.864294880496
6932,515142.0,0.0,515142.0,515142.0,9707.197345035907
6933,417219.0,0.0,417219.0,417219.0,7992.372058821136
6934,296953.0,0.0,296953.0,296953.0,5825.960361100942
6935,537152.0,0.0,537152.0,537152.0,10087.14771657724
6936,579330.0,0.0,579330.0,579330.0,10810.088433600746
6937,511608.0,0.0,511608.0,511608.0,9645.926123621564
6938,472826.0,0.0,472826.0,472826.0,8971.051483606621
6939,473506.0,0.0,473506.0,473506.0,8982.92323793552
6940,523558.0,0.0,523558.0,523558.0,9852.595947283431
6941,540461.0,0.0,540461.0,540461.0,10144.013170035192
6942,486252.0,0.0,486252.0,486252.0,9205.321440498004
6943,304724.0,0.0,304724.0,304724.0,5968.096708237246
6944,576618.0,0.0,576618.0,576618.0,10763.66643839197
6945,994399.9999999999,0.0,994399.9999999999,994399.9999999999,15964.250732567967
6946,607321.0,0.0,607321.0,607321.0,11286.016405469441
6947,994399.9999999999,0.0,994399.9999999999,994399.9999999999,15964.19935366143
6948,994399.9999999999,0.0,994399.9999999999,994399.9999999999,15964.173184154959
6949,994399.9999999999,0.0,994399.9999999999,994399.9999999999,15964.147014734272
6950,538712.0,0.0,538712.0,538712.0,10113.757777719691
6951,224178.0,0.0,224178.0,224178.0,4476.616237876692
6952,149159.99999999997,0.0,149159.99999999997,149159.99999999997,3047.2861074113584
6953,149159.99999999997,0.0,149159.99999999997,149159.99999999997,3047.281109967311
6954,151893.0,0.0,151893.0,151893.0,3100.185509853402
6955,149159.99999999997,0.0,149159.99999999997,149159.99999999997,3047.2711099345306
6956,123029.00000000009,0.0,123029.00000000009,123029.00000000009,2523.854141435354
6957,61101.0,0.0,61101.0,61101.0,1255.8142960961336
6958,71483.0,0.0,71483.0,71483.0,1433.6912130272979
6959,123663.0,0.0,123663.0,123663.0,2360.305426417076
6960,133886.0,0.0,133886.0,133886.0,2699.2605084263787
6961,544528.0,0.0,544528.0,544528.0,10213.24533548455
6962,514798.0,0.0,514798.0,514798.0,9700.395219410042
6963,491068.0,0.0,491068.0,491068.0,9288.516484835394
6964,316687.0,0.0,316687.0,316687.0,6185.9323510247295
6965,336555.0,0.0,336555.0,336555.0,6546.768112192513
6966,717037.0,0.0,717037.0,717037.0,13124.737346238953
6967,994399.9999999999,0.0,994399.9999999999,994399.9999999999,15963.122331593257
6968,994399.9999999999,0.0,994399.9999999999,994399.9999999999,15963.096165614417
6969,994399.9999999999,0.0,994399.9999999999,994399.9999999999,15963.069999721343
6970,994399.9999999999,0.0,994399.9999999999,994399.9999999999,15963.043833914027
6971,812166.0,0.0,812166.0,812166.0,14687.865601722693
6972,726513.0,0.0,726513.0,726513.0,13281.591688648432
6973,444870.0,0.0,444870.0,444870.0,8479.853188802666
6974,221417.0,0.0,221417.0,221417.0,4424.410138539078
6975,149159.99999999997,0.0,149159.99999999997,149159.99999999997,3047.033574515701
6976,40834.00000000003,0.0,40834.00000000003,40834.00000000003,839.6419617603312
6977,13582.0,0.0,13582.0,13582.0,275.33746354021
6978,44935.0,0.0,44935.0,44935.0,804.9253690549999
6979,67708.0,0.0,67708.0,67708.0,1318.5337199113537
6980,77274.0,0.0,77274.0,77274.0,1551.2944014566654
6981,66524.0,0.0,66524.0,66524.0,1366.6179774524853
6982,131935.0,0.0,131935.0,131935.0,2481.697396370573
6983,105821.0,0.0,105821.0,105821.0,2173.1036638442965
6984,143215.0,0.0,143215.0,143215.0,2823.0860939972713
6985,154339.0,0.0,154339.0,154339.0,3146.895925282766
6986,71114.0,0.0,71114.0,71114.0,1461.2221298399936
6987,51742.0,0.0,51742.0,51742.0,1062.7663768355808
6988,82432.0,0.0,82432.0,82432.0,1586.416003704868
6989,108128.0,0.0,108128.0,108128.0,2130.1591859365562
6990,84269.0,0.0,84269.0,84269.0,1732.7389440432264
6991,232215.0,0.0,232215.0,232215.0,4341.103371711203
6992,219115.0,0.0,219115.0,219115.0,4380.381916122806
6993,244882.0,0.0,244882.0,244882.0,4862.552015919846
6994,309824.0,0.0,309824.0,309824.0,6059.643211451042
6995,534171.0,0.0,534171.0,534171.0,10033.082422006557
6996,486418.0,0.0,486418.0,486418.0,9205.798670166938
6997,652485.0,0.0,652485.0,652485.0,12045.261828883036
6998,546215.0,0.0,546215.0,546215.0,10240.255252702638
6999,409107.0,0.0,409107.0,409107.0,7846.203895628187
7000,33960.0,0.0,33960.0,33960.0,694.7727173717067
7001,0.0,0.0,0.0,0.0,-0.0
7002,0.0,0.0,0.0,0.0,-0.0
7003,0.0,0.0,0.0,0.0,-0.0
7004,0.0,0.0,0.0,0.0,-0.0
7005,63845.0,0.0,63845.0,63845.0,1090.8311221912747
7006,363129.0,0.0,363129.0,363129.0,6374.895975631497
7007,602398.0,0.0,602398.0,602398.0,11198.751245002482
7008,602088.0,0.0,602088.0,602088.0,11193.471782819455
7009,601961.0,0.0,601961.0,601961.0,11191.297991712196
7010,601964.0,0.0,601964.0,601964.0,11191.330582156934
7011,601984.0,0.0,601984.0,601984.0,11191.65170090939
7012,602295.0,0.0,602295.0,602295.0,11196.911554111466
7013,602089.0,0.0,602089.0,602089.0,11193.397104866766
7014,910141.0,0.0,910141.0,910141.0,15958.9189455238
7015,994399.9999999999,0.0,994399.9999999999,994399.9999999999,15958.892793315286
7016,994399.9999999999,0.0,994399.9999999999,994399.9999999999,15958.866641192471
7017,994399.9999999999,0.0,994399.9999999999,994399.9999999999,15958.840489155347
7018,994399.9999999999,0.0,994399.9999999999,994399.9999999999,15958.814337203921
7019,994399.9999999999,0.0,994399.9999999999,994399.9999999999,15958.788185338186
7020,994399.9999999999,0.0,994399.9999999999,994399.9999999999,15958.762033558147
7021,994399.9999999999,0.0,994399.9999999999,994399.9999999999,15958.735881863797
7022,994399.9999999999,0.0,994399.9999999999,994399.9999999999,15958.70973025514
7023,994399.9999999999,0.0,994399.9999999999,994399.9999999999,15958.68357873218
7024,491774.0,0.0,491774.0,491774.0,9297.995430581072
7025,132000.0,0.0,132000.0,132000.0,2707.5500965754622
7026,0.0,0.0,0.0,0.0,-0.0
7027,34921.0,0.0,34921.0,34921.0,598.9691209856098
7028,43688.0,0.0,43688.0,43688.0,876.3478746164947
7029,44123.0,0.0,44123.0,44123.0,903.4208504469174
7030,24605.0,0.0,24605.0,24605.0,501.24183589711777
7031,62279.0,0.0,62279.0,62279.0,1136.3694332340792
7032,87950.0,0.0,87950.0,87950.0,1715.8670971705142
7033,98929.0,0.0,98929.0,98929.0,1992.6611863802948
7034,163165.0,0.0,163165.0,163165.0,3152.6711914933253
7035,142601.0,0.0,142601.0,142601.0,2918.5676267992912
7036,149545.0,0.0,149545.0,149545.0,3053.2381415732434
7037,218184.0,0.0,218184.0,218184.0,4361.874437032321
7038,236570.0,0.0,236570.0,236570.0,4706.413560173417
7039,356963.0,0.0,356963.0,356963.0,6912.4772881688505
7040,378196.0,0.0,378196.0,378196.0,7293.566091094129
7041,858162.0,0.0,858162.0,858162.0,15428.236887871564
7042,881899.0,0.0,881899.0,881899.0,15810.789873517737
7043,782869.0,0.0,782869.0,782869.0,14203.997187241805
7044,704964.0,0.0,704964.0,704964.0,12919.21959093232
7045,531019.0,0.0,531019.0,531019.0,9976.524732797929
7046,392014.0,0.0,392014.0,392014.0,7540.336569971442
7047,153168.0,0.0,153168.0,153168.0,3123.2557948522376
7048,28478.0,0.0,28478.0,28478.0,582.3966736700972
7049,24825.0,0.0,24825.0,24825.0,511.25743656070927
7050,0.0,0.0,0.0,0.0,-0.0
7051,0.0,0.0,0.0,0.0,-0.0
7052,0.0,0.0,0.0,0.0,-0.0
7053,0.0,0.0,0.0,0.0,-0.0
7054,0.0,0.0,0.0,0.0,-0.0
7055,49319.0,0.0,49319.0,49319.0,841.5109919685553
7056,146922.0,0.0,146922.0,146922.0,2668.9432740852226
7057,16170.0,0.0,16170.0,16170.0,331.73335051185825
7058,70742.0,0.0,70742.0,70742.0,1263.0818836411356
7059,285626.0,0.0,285626.0,285626.0,5164.519220639656
7060,148183.0,0.0,148183.0,148183.0,3026.314175362127
7061,188001.0,0.0,188001.0,188001.0,3790.399082060417
7062,261071.0,0.0,261071.0,261071.0,5161.238132767105
7063,994399.9999999999,0.0,994399.9999999999,994399.9999999999,15954.624164649409
7064,985929.0,0.0,985929.0,985929.0,15954.598026512185
7065,755640.0,0.0,755640.0,755640.0,13754.95878415352
7066,861526.0,0.0,861526.0,861526.0,15480.076632573926
7067,994399.9999999999,0.0,994399.9999999999,994399.9999999999,15954.520141854297
7068,994399.9999999999,0.0,994399.9999999999,994399.9999999999,15954.494004057839
7069,994399.9999999999,0.0,994399.9999999999,994399.9999999999,15954.467866347002
7070,994399.9999999999,0.0,994399.9999999999,994399.9999999999,15954.441728721797
7071,994399.9999999999,0.0,994399.9999999999,994399.9999999999,15954.415591182213
7072,716885.0,0.0,716885.0,716885.0,13114.86027603487
7073,440606.0,0.0,440606.0,440606.0,8399.944632155137
7074,575606.0,0.0,575606.0,575606.0,10739.41778596074
7075,596072.0,0.0,596072.0,596072.0,11087.868611852113
7076,602576.0,0.0,602576.0,602576.0,11198.270201632306
7077,602554.0,0.0,602554.0,602554.0,11197.878630445197
7078,602481.0,0.0,602481.0,602481.0,11196.62181366603
7079,602043.0,0.0,602043.0,602043.0,11189.172178554196
7080,602584.0,0.0,602584.0,602584.0,11198.332596607337
7081,602500.0,0.0,602500.0,602500.0,11196.88917191592
7082,601629.0,0.0,601629.0,601629.0,11182.092504740978
7083,597930.0,0.0,597930.0,597930.0,11119.282313596956
7084,573130.0,0.0,573130.0,573130.0,10696.978565334135
7085,500000.0,0.0,500000.0,500000.0,9438.096700868417
7086,590917.0,0.0,590917.0,590917.0,11000.043319799488
7087,994399.9999999999,0.0,994399.9999999999,994399.9999999999,15954.013002603291
7088,994399.9999999999,0.0,994399.9999999999,994399.9999999999,15953.98686646813
7089,994399.9999999999,0.0,994399.9999999999,994399.9999999999,15953.960730418594
7090,994399.9999999999,0.0,994399.9999999999,994399.9999999999,15953.93459445467
7091,994399.9999999999,0.0,994399.9999999999,994399.9999999999,15953.908458576356
7092,994399.9999999999,0.0,994399.9999999999,994399.9999999999,15953.882322783658
7093,994399.9999999999,0.0,994399.9999999999,994399.9999999999,15953.85618707658
7094,994399.9999999999,0.0,994399.9999999999,994399.9999999999,15953.830051455107
7095,994399.9999999999,0.0,994399.9999999999,994399.9999999999,15953.803915919254
7096,881997.0,0.0,881997.0,881997.0,15809.108431927129
7097,162350.0,0.0,162350.0,162350.0,3299.552904887562
7098,368354.0,0.0,368354.0,368354.0,7115.560639938555
7099,468799.0,0.0,468799.0,468799.0,8894.284202738098
7100,513696.0,0.0,513696.0,513696.0,9675.214575557691
7101,528665.0,0.0,528665.0,528665.0,9933.760032564409
7102,540037.0,0.0,540037.0,540037.0,10129.584384751648
7103,439495.0,0.0,439495.0,439495.0,8379.953998850828
7104,377923.0,0.0,377923.0,377923.0,7286.9416925689875
7105,293774.0,0.0,293774.0,293774.0,5763.333903062989
7106,211712.0,0.0,211712.0,211712.0,4238.952242291653
7107,167959.0,0.0,167959.0,167959.0,3407.2485587022993
7108,149159.99999999997,0.0,149159.99999999997,149159.99999999997,3044.9700695488978
7109,150846.0,0.0,150846.0,150846.0,3077.5905511163473
7110,469782.0,0.0,469782.0,469782.0,8911.315905089723
7111,994399.9999999999,0.0,994399.9999999999,994399.9999999999,15953.416319934186
7112,994399.9999999999,0.0,994399.9999999999,994399.9999999999,15953.390185753591
7113,994399.9999999999,0.0,994399.9999999999,994399.9999999999,15953.364051658598
7114,994399.9999999999,0.0,994399.9999999999,994399.9999999999,15953.337917649213
7115,994399.9999999999,0.0,994399.9999999999,994399.9999999999,15953.311783725436
7116,994399.9999999999,0.0,994399.9999999999,994399.9999999999,15953.285649887255
7117,994399.9999999999,0.0,994399.9999999999,994399.9999999999,15953.259516134687
7118,994399.9999999999,0.0,994399.9999999999,994399.9999999999,15953.23338246772
7119,960875.0,0.0,960875.0,960875.0,15953.207248886361
7120,630977.0,0.0,630977.0,630977.0,11677.81760046403
7121,149159.99999999997,0.0,149159.99999999997,149159.99999999997,3044.8977138307564
7122,31381.00000000003,0.0,31381.00000000003,31381.00000000003,644.29960473754
7123,33217.0,0.0,33217.0,33217.0,680.0090468908757
7124,25696.0,0.0,25696.0,25696.0,528.1597295059007
7125,48786.0,0.0,48786.0,48786.0,925.3011964578575
7126,0.0,0.0,0.0,0.0,-0.0
7127,589911.0,0.0,589911.0,589911.0,9151.117473964643
7128,602204.0,0.0,602204.0,602204.0,11190.139595909348
7129,602204.0,0.0,602204.0,602204.0,11190.121279879597
7130,602204.0,0.0,602204.0,602204.0,11190.102963909783
7131,602204.0,0.0,602204.0,602204.0,11190.084647999904
7132,602204.0,0.0,602204.0,602204.0,11190.066332149958
7133,602204.0,0.0,602204.0,602204.0,11190.048016359946
7134,818214.0,0.0,818214.0,818214.0,14775.692501433577
7135,994399.9999999999,0.0,994399.9999999999,994399.9999999999,15951.61430932395
7136,994399.9999999999,0.0,994399.9999999999,994399.9999999999,15951.588181046633
7137,994399.9999999999,0.0,994399.9999999999,994399.9999999999,15951.562052854893
7138,994399.9999999999,0.0,994399.9999999999,994399.9999999999,15951.535924748734
7139,994399.9999999999,0.0,994399.9999999999,994399.9999999999,15951.50979672814
7140,994399.9999999999,0.0,994399.9999999999,994399.9999999999,15951.483668793135
7141,994399.9999999999,0.0,994399.9999999999,994399.9999999999,15951.457540943702
7142,994399.9999999999,0.0,994399.9999999999,994399.9999999999,15951.43141317984
7143,994399.9999999999,0.0,994399.9999999999,994399.9999999999,15951.405285501554
7144,877498.0,0.0,877498.0,877498.0,15734.360961873796
7145,275346.0,0.0,275346.0,275346.0,5423.778080958838
7146,475176.0,0.0,475176.0,475176.0,9004.29413556677
7147,556979.0,0.0,556979.0,556979.0,10418.831999169723
7148,589122.0,0.0,589122.0,589122.0,10967.535980047822
7149,598708.0,0.0,598708.0,598708.0,11130.42162608193
7150,600361.0,0.0,600361.0,600361.0,11158.460399605105
7151,601055.0,0.0,601055.0,601055.0,11170.218682423338
7152,600175.0,0.0,600175.0,600175.0,11155.26732821654
7153,593614.0,0.0,593614.0,593614.0,11043.824137964712
7154,590213.0,0.0,590213.0,590213.0,10985.985333868697
7155,588498.0,0.0,588498.0,588498.0,10956.794419046588
7156,574732.0,0.0,574732.0,574732.0,10722.217281155486
7157,578799.0,0.0,578799.0,578799.0,10791.570488149708
7158,767079.0,0.0,767079.0,767079.0,13939.801828221181
7159,994399.9999999999,0.0,994399.9999999999,994399.9999999999,15951.002952584367
7160,994399.9999999999,0.0,994399.9999999999,994399.9999999999,15950.97682630938
7161,994399.9999999999,0.0,994399.9999999999,994399.9999999999,15950.950700119954
7162,994399.9999999999,0.0,994399.9999999999,994399.9999999999,15950.924574016097
7163,994399.9999999999,0.0,994399.9999999999,994399.9999999999,15950.898447997812
7164,994399.9999999999,0.0,994399.9999999999,994399.9999999999,15950.87232206508
7165,994399.9999999999,0.0,994399.9999999999,994399.9999999999,15950.846196217924
7166,994399.9999999999,0.0,994399.9999999999,994399.9999999999,15950.820070456333
7167,942340.0,0.0,942340.0,942340.0,15950.793944780304
7168,588562.0,0.0,588562.0,588562.0,10957.643135384338
7169,149159.99999999997,0.0,149159.99999999997,149159.99999999997,3044.36977249879
7170,3917.000000000029,0.0,3917.000000000029,3917.000000000029,-0.0
7171,37216.0,0.0,37216.0,37216.0,635.9178261517245
7172,1777.0,0.0,1777.0,1777.0,-0.0
7173,11910.0,0.0,11910.0,11910.0,202.49513198274275
7174,0.0,0.0,0.0,0.0,-0.0
7175,0.0,0.0,0.0,0.0,-0.0
7176,26659.0,0.0,26659.0,26659.0,455.61284401590285
7177,0.0,0.0,0.0,0.0,-0.0
7178,0.0,0.0,0.0,0.0,-0.0
7179,137.0,0.0,137.0,137.0,-0.0
7180,0.0,0.0,0.0,0.0,-0.0
7181,0.0,0.0,0.0,0.0,-0.0
7182,157940.0,0.0,157940.0,157940.0,2677.9493709393537
7183,866531.0,0.0,866531.0,866531.0,15555.362726727992
7184,994399.9999999999,0.0,994399.9999999999,994399.9999999999,15948.944744254706
7185,960305.0,0.0,960305.0,960305.0,15948.918624725306
7186,817736.0,0.0,817736.0,817736.0,14765.353640019817
7187,623547.0,0.0,623547.0,623547.0,11549.195857192097
7188,326914.0,0.0,326914.0,326914.0,6365.695513208901
7189,178524.0,0.0,178524.0,178524.0,3608.2690964156764
7190,685809.0,0.0,685809.0,685809.0,12593.69004620695
7191,267679.0,0.0,267679.0,267679.0,5281.342889163754
7192,149159.99999999997,0.0,149159.99999999997,149159.99999999997,3043.93272355837
7193,149159.99999999997,0.0,149159.99999999997,149159.99999999997,3043.927737045969
7194,149159.99999999997,0.0,149159.99999999997,149159.99999999997,3043.9227505498156
7195,260932.0,0.0,260932.0,260932.0,5156.528355912121
7196,292230.0,0.0,292230.0,292230.0,5733.092715474627
7197,189906.0,0.0,189906.0,189906.0,3824.9856248245337
7198,178190.0,0.0,178190.0,178190.0,3601.8383391396806
7199,269336.0,0.0,269336.0,269336.0,5311.8781408104205
7200,212361.0,0.0,212361.0,212361.0,4249.694438957834
7201,153362.0,0.0,153362.0,153362.0,3125.1213823552152
7202,78342.0000000002,0.0,78342.0000000002,78342.0000000002,1605.7385858022012
7203,77209.0,0.0,77209.0,77209.0,1583.6735529076338
7204,76354.0,0.0,76354.0,76354.0,1567.0058773443386
7205,87093.0,0.0,87093.0,87093.0,1751.2957987819598
7206,197155.0,0.0,197155.0,197155.0,3718.2336715244874
7207,844997.0,0.0,844997.0,844997.0,15206.599536506013
7208,994399.9999999999,0.0,994399.9999999999,994399.9999999999,15947.913198089665
7209,994399.9999999999,0.0,994399.9999999999,994399.9999999999,15947.887081935663
7210,994399.9999999999,0.0,994399.9999999999,994399.9999999999,15947.860965867174
7211,994399.9999999999,0.0,994399.9999999999,994399.9999999999,15947.834849884206
7212,994399.9999999999,0.0,994399.9999999999,994399.9999999999,15947.808733986752
7213,994399.9999999999,0.0,994399.9999999999,994399.9999999999,15947.782618174817
7214,994399.9999999999,0.0,994399.9999999999,994399.9999999999,15947.756502448396
7215,994399.9999999999,0.0,994399.9999999999,994399.9999999999,15947.73038680749
7216,773314.0,0.0,773314.0,773314.0,14039.107769498827
7217,199541.0,0.0,199541.0,199541.0,4007.419402529751
7218,230259.0,0.0,230259.0,230259.0,4585.356240041501
7219,249972.0,0.0,249972.0,249972.0,4952.878992714863
7220,277296.0,0.0,277296.0,277296.0,5458.297270072735
7221,234922.0,0.0,234922.0,234922.0,4672.4983588825135
7222,244481.0,0.0,244481.0,244481.0,4850.7316175858
7223,248014.0,0.0,248014.0,248014.0,4916.453074303996
7224,210911.0,0.0,210911.0,210911.0,4222.065901845747
7225,169407.0,0.0,169407.0,169407.0,3433.5443055798874
7226,149159.99999999997,0.0,149159.99999999997,149159.99999999997,3043.650736003891
7227,149159.99999999997,0.0,149159.99999999997,149159.99999999997,3043.6457504095856
7228,107548.00000000006,0.0,107548.00000000006,107548.00000000006,2204.537350868751
7229,92680.0,0.0,92680.0,92680.0,1900.0050553029669
7230,134093.0,0.0,134093.0,134093.0,2598.3657897378575
7231,575705.0,0.0,575705.0,575705.0,10735.94413904886
7232,804660.0,0.0,804660.0,804660.0,14550.714445197897
7233,757271.0,0.0,757271.0,757271.0,13775.077441352887
7234,881037.0,0.0,881037.0,881037.0,15786.856698906066
7235,994399.9999999999,0.0,994399.9999999999,994399.9999999999,15946.87827165394
7236,994399.9999999999,0.0,994399.9999999999,994399.9999999999,15946.852158886415
7237,994399.9999999999,0.0,994399.9999999999,994399.9999999999,15946.826046204396
7238,906507.0,0.0,906507.0,906507.0,15946.799933607876
7239,994399.9999999999,0.0,994399.9999999999,994399.9999999999,15946.773821096847
7240,455017.0,0.0,455017.0,455017.0,8648.865006888127
7241,283556.0,0.0,283556.0,283556.0,5573.12789149448
7242,333315.0,0.0,333315.0,333315.0,6480.782291740564
7243,399836.0,0.0,399836.0,399836.0,7674.359870866699
7244,463890.0,0.0,463890.0,463890.0,8804.257446282989
7245,483692.0,0.0,483692.0,483692.0,9149.960367755442
7246,524846.0,0.0,524846.0,524846.0,9863.295781992605
7247,446801.0,0.0,446801.0,446801.0,8504.52855306016
7248,522631.0,0.0,522631.0,522631.0,9825.042533508667
7249,387840.0,0.0,387840.0,387840.0,7460.617263894595
7250,382292.0,0.0,382292.0,382292.0,7361.558771000012
7251,474764.0,0.0,474764.0,474764.0,8994.204161076457
7252,496001.0,0.0,496001.0,496001.0,9363.933214119746
7253,530883.0,0.0,530883.0,530883.0,9967.257418532552
7254,475040.0,0.0,475040.0,475040.0,8998.977068594546
7255,878433.0,0.0,878433.0,878433.0,15744.462665966033
7256,567623.0,0.0,567623.0,567623.0,10597.534374875388
7257,994399.9999999999,0.0,994399.9999999999,994399.9999999999,15946.329359385883
7258,718936.0,0.0,718936.0,718936.0,13142.039673349393
7259,767953.0,0.0,767953.0,767953.0,13949.926688760135
7260,994399.9999999999,0.0,994399.9999999999,994399.9999999999,15946.251982624779
7261,994399.9999999999,0.0,994399.9999999999,994399.9999999999,15946.225871907875
7262,839551.0,0.0,839551.0,839551.0,15116.784706465372
7263,973595.0,0.0,973595.0,973595.0,15946.173812845582
7264,592687.0,0.0,592687.0,592687.0,11024.470112750492
7265,274556.0,0.0,274556.0,274556.0,5407.260116378131
7266,576253.0,0.0,576253.0,576253.0,10744.671420684203
7267,581616.0,0.0,581616.0,581616.0,10836.06026097386
7268,540853.0,0.0,540853.0,540853.0,10138.567085141662
7269,578490.0,0.0,578490.0,578490.0,10782.758835427927
7270,562383.0,0.0,562383.0,562383.0,10507.705163349669
7271,568920.0,0.0,568920.0,568920.0,10619.428011477647
7272,576807.0,0.0,576807.0,576807.0,10754.0132786897
7273,581424.0,0.0,581424.0,581424.0,10832.683549868498
7274,597095.0,0.0,597095.0,597095.0,11099.160980772222
7275,596813.0,0.0,596813.0,596813.0,11094.355190176027
7276,591387.0,0.0,591387.0,591387.0,11002.161198356676
7277,590768.0,0.0,590768.0,590768.0,10991.62091592519
7278,590508.0,0.0,590508.0,590508.0,10987.182821693354
7279,994399.9999999999,0.0,994399.9999999999,994399.9999999999,15945.773339738646
7280,871866.0,0.0,871866.0,871866.0,15638.15377386137
7281,994399.9999999999,0.0,994399.9999999999,994399.9999999999,15945.721181320383
7282,959864.0,0.0,959864.0,959864.0,15945.695072341383
7283,994399.9999999999,0.0,994399.9999999999,994399.9999999999,15945.668963447873
7284,994399.9999999999,0.0,994399.9999999999,994399.9999999999,15945.642854639846
7285,994399.9999999999,0.0,994399.9999999999,994399.9999999999,15945.616745917298
7286,994399.9999999999,0.0,994399.9999999999,994399.9999999999,15945.59063728023
7287,871005.0,0.0,871005.0,871005.0,15624.109413981601
7288,624535.0,0.0,624535.0,624535.0,11563.37895099555
7289,542988.0,0.0,542988.0,542988.0,10174.897165209177
7290,586373.0,0.0,586373.0,586373.0,10916.63180664226
7291,591115.0,0.0,591115.0,591115.0,10997.261358315713
7292,585397.0,0.0,585397.0,585397.0,10899.986955351775
7293,524715.0,0.0,524715.0,524715.0,9860.263671690109
7294,555905.0,0.0,555905.0,555905.0,10396.397979811203
7295,412206.0,0.0,412206.0,412206.0,7893.297315627376
7296,336332.0,0.0,336332.0,336332.0,6534.78570846487
7297,149159.99999999997,0.0,149159.99999999997,149159.99999999997,3043.1824174187477
7298,149159.99999999997,0.0,149159.99999999997,149159.99999999997,3043.177433349496
7299,431749.0,0.0,431749.0,431749.0,8238.797434954744
7300,370960.0,0.0,370960.0,370960.0,7158.187570252199
7301,371650.0,0.0,371650.0,371650.0,7170.538570359144
7302,434187.0,0.0,434187.0,434187.0,8281.745315253242
7303,903243.0,0.0,903243.0,903243.0,15945.172215540026
7304,519930.0,0.0,519930.0,519930.0,9777.502301000732
7305,994399.9999999999,0.0,994399.9999999999,994399.9999999999,15945.121296232495
7306,994399.9999999999,0.0,994399.9999999999,994399.9999999999,15945.09518921753
7307,994399.9999999999,0.0,994399.9999999999,994399.9999999999,15945.069082288037
7308,994399.9999999999,0.0,994399.9999999999,994399.9999999999,15945.042975444017
7309,994399.9999999999,0.0,994399.9999999999,994399.9999999999,15945.016868685469
7310,994399.9999999999,0.0,994399.9999999999,994399.9999999999,15944.990762012394
7311,994399.9999999999,0.0,994399.9999999999,994399.9999999999,15944.964655424785
7312,763108.0,0.0,763108.0,763108.0,13869.221640482323
7313,297429.0,0.0,297429.0,297429.0,5826.825683268982
7314,328432.0,0.0,328432.0,328432.0,6391.507483453739
7315,378639.0,0.0,378639.0,378639.0,7295.45567577881
7316,213108.0,0.0,213108.0,213108.0,4262.646251387803
7317,197736.0,0.0,197736.0,197736.0,3972.4455175171843
7318,149159.99999999997,0.0,149159.99999999997,149159.99999999997,3043.0685570798432
7319,149159.99999999997,0.0,149159.99999999997,149159.99999999997,3043.063573381474
7320,225506.0,0.0,225506.0,225506.0,4495.444676600741
7321,294723.0,0.0,294723.0,294723.0,5777.215471308751
7322,305639.0,0.0,305639.0,305639.0,5976.7826241369385
7323,369889.0,0.0,369889.0,369889.0,7138.719891266397
7324,371697.0,0.0,371697.0,371697.0,7171.105422079404
7325,482357.0,0.0,482357.0,482357.0,9125.495646831116
7326,550183.0,0.0,550183.0,550183.0,10297.789689494504
7327,994399.9999999999,0.0,994399.9999999999,994399.9999999999,15944.580068735573
7328,994399.9999999999,0.0,994399.9999999999,994399.9999999999,15944.553963492526
7329,994399.9999999999,0.0,994399.9999999999,994399.9999999999,15944.527858334943
7330,994399.9999999999,0.0,994399.9999999999,994399.9999999999,15944.501753262824
7331,994399.9999999999,0.0,994399.9999999999,994399.9999999999,15944.47564827617
7332,994399.9999999999,0.0,994399.9999999999,994399.9999999999,15944.44954337498
7333,994399.9999999999,0.0,994399.9999999999,994399.9999999999,15944.42343855925
7334,994399.9999999999,0.0,994399.9999999999,994399.9999999999,15944.397333828983
7335,994399.9999999999,0.0,994399.9999999999,994399.9999999999,15944.371229184177
7336,994399.9999999999,0.0,994399.9999999999,994399.9999999999,15944.345124624835
7337,599616.0,0.0,599616.0,599616.0,11140.801872068125
7338,596820.0,0.0,596820.0,596820.0,11093.332076631421
7339,602204.0,0.0,602204.0,602204.0,11184.661605951356
7340,602204.0,0.0,602204.0,602204.0,11184.64330784276
7341,602204.0,0.0,602204.0,602204.0,11184.625009794017
7342,602204.0,0.0,602204.0,602204.0,11184.606711805118
7343,602204.0,0.0,602204.0,602204.0,11184.588413876063
7344,602204.0,0.0,602204.0,602204.0,11184.570116006858
7345,602204.0,0.0,602204.0,602204.0,11184.551818197491
7346,602204.0,0.0,602204.0,602204.0,11184.533520447974
7347,602204.0,0.0,602204.0,602204.0,11184.515222758308
7348,602204.0,0.0,602204.0,602204.0,11184.49692512848
7349,602179.0,0.0,602179.0,602179.0,11184.054714263388
7350,783903.0,0.0,783903.0,783903.0,14209.146842375032
7351,994399.9999999999,0.0,994399.9999999999,994399.9999999999,15943.966639185965
7352,994399.9999999999,0.0,994399.9999999999,994399.9999999999,15943.940535951151
7353,994399.9999999999,0.0,994399.9999999999,994399.9999999999,15943.91443280179
7354,994399.9999999999,0.0,994399.9999999999,994399.9999999999,15943.888329737876
7355,994399.9999999999,0.0,994399.9999999999,994399.9999999999,15943.862226759422
7356,994399.9999999999,0.0,994399.9999999999,994399.9999999999,15943.836123866418
7357,994399.9999999999,0.0,994399.9999999999,994399.9999999999,15943.81002105887
7358,994399.9999999999,0.0,994399.9999999999,994399.9999999999,15943.783918336776
7359,994399.9999999999,0.0,994399.9999999999,994399.9999999999,15943.75781570012
7360,717869.0,0.0,717869.0,717869.0,13122.206126477546
7361,212912.0,0.0,212912.0,212912.0,4258.617189634074
7362,329952.0,0.0,329952.0,329952.0,6418.53305392119
7363,414002.0,0.0,414002.0,414002.0,7924.218458626789
7364,506385.0,0.0,506385.0,506385.0,9542.272401886172
7365,564656.0,0.0,564656.0,564656.0,10544.927448205794
7366,598318.0,0.0,598318.0,598318.0,11118.244937954407
7367,596744.0,0.0,596744.0,596744.0,11091.511249630243
7368,602487.0,0.0,602487.0,602487.0,11188.92539106915
7369,602051.0,0.0,602051.0,602051.0,11181.514382399973
7370,602178.0,0.0,602178.0,602178.0,11183.649537745689
7371,602140.0,0.0,602140.0,602140.0,11182.986910715961
7372,602204.0,0.0,602204.0,602204.0,11184.053801609829
7373,602022.0,0.0,602022.0,602022.0,11180.949475467523
7374,672847.0,0.0,672847.0,672847.0,12373.006374105038
7375,994399.9999999999,0.0,994399.9999999999,994399.9999999999,15943.358518620853
7376,680240.0,0.0,680240.0,680240.0,12496.4027836524
7377,501405.0,0.0,501405.0,501405.0,9455.755366108107
7378,720183.0,0.0,720183.0,720183.0,13160.140593238319
7379,563714.0,0.0,563714.0,563714.0,10528.578994841653
7380,851593.0,0.0,851593.0,851593.0,15308.716561927515
7381,820026.0,0.0,820026.0,820026.0,14797.256225070509
7382,994399.9999999999,0.0,994399.9999999999,994399.9999999999,15943.179903208502
7383,657527.0,0.0,657527.0,657527.0,12116.446566514223
7384,456220.0,0.0,456220.0,456220.0,8667.87009798415
7385,557696.0,0.0,557696.0,557696.0,10425.510261197953
7386,579622.0,0.0,579622.0,579622.0,10799.974064466202
7387,602571.0,0.0,602571.0,602571.0,11189.999364226314
7388,601962.0,0.0,601962.0,601962.0,11179.655297244095
7389,602204.0,0.0,602204.0,602204.0,11183.740339776106
7390,602204.0,0.0,602204.0,602204.0,11183.722044680526
7391,602204.0,0.0,602204.0,602204.0,11183.703749644781
7392,602204.0,0.0,602204.0,602204.0,11183.676689667607
7393,602204.0,0.0,602204.0,602204.0,11183.65839478017
7394,602204.0,0.0,602204.0,602204.0,11183.640099952561
7395,602184.0,0.0,602184.0,602184.0,11183.2826982141
7396,602204.0,0.0,602204.0,602204.0,11183.603510531122
7397,602159.0,0.0,602159.0,602159.0,11182.822225417964
7398,605893.0,0.0,605893.0,605893.0,11246.090177213833
7399,651290.0,0.0,651290.0,651290.0,12011.521486086713
7400,743089.0,0.0,743089.0,743089.0,13537.97682734142
7401,735092.0,0.0,735092.0,735092.0,13406.066162140904
7402,765263.0,0.0,765263.0,765263.0,13902.584181513006
7403,994399.9999999999,0.0,994399.9999999999,994399.9999999999,15942.638204847784
7404,994399.9999999999,0.0,994399.9999999999,994399.9999999999,15942.612105961667
7405,994399.9999999999,0.0,994399.9999999999,994399.9999999999,15942.586007160982
7406,994399.9999999999,0.0,994399.9999999999,994399.9999999999,15942.559908445737
7407,994399.9999999999,0.0,994399.9999999999,994399.9999999999,15942.533809815925
7408,912300.0,0.0,912300.0,912300.0,15942.507711271533
7409,414427.0,0.0,414427.0,414427.0,7931.120314405196
7410,570019.0,0.0,570019.0,570019.0,10635.750814978002
7411,602491.0,0.0,602491.0,602491.0,11188.190120231482
7412,601610.0,0.0,601610.0,601610.0,11173.2340798212
7413,601949.0,0.0,601949.0,601949.0,11178.964019595953
7414,602091.0,0.0,602091.0,602091.0,11181.353413463128
7415,602250.0,0.0,602250.0,602250.0,11184.030956208291
7416,590223.0,0.0,590223.0,590223.0,10979.83650419179
7417,602191.0,0.0,602191.0,602191.0,11182.994072551584
7418,602435.0,0.0,602435.0,602435.0,11187.112637104985
7419,592256.0,0.0,592256.0,592256.0,11014.33267021209
7420,594513.0,0.0,594513.0,594513.0,11052.65379222909
7421,594573.0,0.0,594573.0,594573.0,11053.654663566565
7422,642723.0,0.0,642723.0,642723.0,11867.175730068873
7423,994399.9999999999,0.0,994399.9999999999,994399.9999999999,15942.130797505344
7424,994399.9999999999,0.0,994399.9999999999,994399.9999999999,15942.104700280172
7425,994399.9999999999,0.0,994399.9999999999,994399.9999999999,15942.07860314042
7426,994399.9999999999,0.0,994399.9999999999,994399.9999999999,15942.052506086093
7427,852540.0,0.0,852540.0,852540.0,15322.851729300874
7428,533984.0,0.0,533984.0,533984.0,10017.741400550163
7429,608882.0,0.0,608882.0,608882.0,11296.132890667604
7430,424871.0,0.0,424871.0,424871.0,8115.573907096294
7431,328943.0,0.0,328943.0,328943.0,6399.477299837392
7432,153573.0,0.0,153573.0,153573.0,3127.706919121505
7433,149159.99999999997,0.0,149159.99999999997,149159.99999999997,3042.430887008465
7434,174819.0,0.0,174819.0,174819.0,3535.7292660853623
7435,149159.99999999997,0.0,149159.99999999997,149159.99999999997,3042.4208776397218
7436,171895.0,0.0,171895.0,171895.0,3479.796618650807
7437,273944.0,0.0,273944.0,273944.0,5394.362700613303
7438,293332.0,0.0,293332.0,293332.0,5750.564199995405
7439,149159.99999999997,0.0,149159.99999999997,149159.99999999997,3042.400506823334
7440,149159.99999999997,0.0,149159.99999999997,149159.99999999997,3042.3955253007484
7441,40358.00000000012,0.0,40358.00000000012,40358.00000000012,829.0718061204528
7442,504891.0,0.0,504891.0,504891.0,8399.86732878438
7443,521066.0,0.0,521066.0,521066.0,9794.358020381618
7444,581859.0,0.0,581859.0,581859.0,10836.500307293863
7445,600674.0,0.0,600674.0,600674.0,11156.209427032429
7446,647423.0,0.0,647423.0,647423.0,11945.098805819649
7447,623337.0,0.0,623337.0,623337.0,11539.585779799178
7448,667364.0,0.0,667364.0,667364.0,12279.25097403201
7449,800489.0,0.0,800489.0,800489.0,14476.995779818484
7450,831612.0,0.0,831612.0,831612.0,14982.924763531537
7451,994399.9999999999,0.0,994399.9999999999,994399.9999999999,15940.670127525053
7452,994399.9999999999,0.0,994399.9999999999,994399.9999999999,15940.64403507852
7453,994399.9999999999,0.0,994399.9999999999,994399.9999999999,15940.617942717396
7454,994399.9999999999,0.0,994399.9999999999,994399.9999999999,15940.591850441666
7455,994399.9999999999,0.0,994399.9999999999,994399.9999999999,15940.565758251343
7456,994399.9999999999,0.0,994399.9999999999,994399.9999999999,15940.539666146415
7457,602577.0,0.0,602577.0,602577.0,11188.25026382062
7458,596661.0,0.0,596661.0,596661.0,11087.882743351232
7459,602121.0,0.0,602121.0,602121.0,11180.483379906545
7460,602204.0,0.0,602204.0,602204.0,11181.87219753184
7461,602204.0,0.0,602204.0,602204.0,11181.853908543459
7462,602204.0,0.0,602204.0,602204.0,11181.835619614882
7463,602204.0,0.0,602204.0,602204.0,11181.817330746106
7464,602204.0,0.0,602204.0,602204.0,11181.79904193713
7465,602204.0,0.0,602204.0,602204.0,11181.780753187959
7466,602204.0,0.0,602204.0,602204.0,11181.762464498588
7467,602204.0,0.0,602204.0,602204.0,11181.744175869015
7468,602204.0,0.0,602204.0,602204.0,11181.72588729924
7469,602204.0,0.0,602204.0,602204.0,11181.707598789268
7470,743388.0,0.0,743388.0,743388.0,13540.717467554074
7471,994399.9999999999,0.0,994399.9999999999,994399.9999999999,15940.161485949904
7472,994399.9999999999,0.0,994399.9999999999,994399.9999999999,15940.135395168145
7473,994399.9999999999,0.0,994399.9999999999,994399.9999999999,15940.109304471784
7474,994399.9999999999,0.0,994399.9999999999,994399.9999999999,15940.083213860813
7475,994399.9999999999,0.0,994399.9999999999,994399.9999999999,15940.057123335237
7476,994399.9999999999,0.0,994399.9999999999,994399.9999999999,15940.031032895047
7477,994399.9999999999,0.0,994399.9999999999,994399.9999999999,15940.004942540258
7478,994399.9999999999,0.0,994399.9999999999,994399.9999999999,15939.978852270857
7479,994399.9999999999,0.0,994399.9999999999,994399.9999999999,15939.952762086843
7480,277026.0,0.0,277026.0,277026.0,5450.431425770976
7481,410590.0,0.0,410590.0,410590.0,7861.76250069358
7482,579525.0,0.0,579525.0,579525.0,10796.063688221095
7483,587870.0,0.0,587870.0,587870.0,10938.077957388618
7484,595892.0,0.0,595892.0,595892.0,11074.353008435384
7485,590391.0,0.0,590391.0,590391.0,10980.899012835727
7486,601424.0,0.0,601424.0,601424.0,11168.167862452367
7487,600022.0,0.0,600022.0,600022.0,11144.375044952201
7488,602580.0,0.0,602580.0,602580.0,11187.728930524767
7489,601628.0,0.0,601628.0,601628.0,11171.57181187933
7490,601964.0,0.0,601964.0,601964.0,11177.249961407919
7491,602267.0,0.0,602267.0,602267.0,11182.368273571137
7492,601799.0,0.0,601799.0,601799.0,11174.41610950962
7493,592152.0,0.0,592152.0,592152.0,11010.677850038228
7494,599188.0,0.0,599188.0,599188.0,11130.101580112705
7495,906424.0,0.0,906424.0,906424.0,15939.552488978152
7496,994399.9999999999,0.0,994399.9999999999,994399.9999999999,15939.52640018956
7497,994399.9999999999,0.0,994399.9999999999,994399.9999999999,15939.500311486356
7498,994399.9999999999,0.0,994399.9999999999,994399.9999999999,15939.474222868528
7499,994399.9999999999,0.0,994399.9999999999,994399.9999999999,15939.448134336093
7500,906967.0,0.0,906967.0,906967.0,15939.422045889029
7501,994399.9999999999,0.0,994399.9999999999,994399.9999999999,15939.395957527355
7502,374030.0,0.0,374030.0,374030.0,7210.308840882402
7503,926844.0,0.0,926844.0,926844.0,15939.345711127553
7504,526147.0,0.0,526147.0,526147.0,9880.995634663983
7505,209908.0,0.0,209908.0,209908.0,4200.73788976382
7506,321644.0,0.0,321644.0,321644.0,6265.901973291875
7507,530425.0,0.0,530425.0,530425.0,9954.659524029868
7508,557649.0,0.0,557649.0,557649.0,10422.053679603938
7509,542143.0,0.0,542143.0,542143.0,10156.16394902857
7510,434040.0,0.0,434040.0,434040.0,8275.818675629982
7511,495245.0,0.0,495245.0,495245.0,9346.281494379637
7512,475143.0,0.0,475143.0,475143.0,8996.422968453395
7513,452531.0,0.0,452531.0,452531.0,8600.864413945468
7514,530657.0,0.0,530657.0,530657.0,9958.541510520212
7515,568074.0,0.0,568074.0,568074.0,10600.171519981013
7516,582826.0,0.0,582826.0,582826.0,10851.672432298488
7517,581004.0,0.0,581004.0,581004.0,10820.63382524578
7518,583631.0,0.0,583631.0,583631.0,10865.338720164931
7519,629126.0,0.0,629126.0,629126.0,11635.854829225433
7520,665131.0,0.0,665131.0,665131.0,12240.455510643345
7521,994399.9999999999,0.0,994399.9999999999,994399.9999999999,15938.899288907347
7522,994399.9999999999,0.0,994399.9999999999,994399.9999999999,15938.873202256507
7523,994399.9999999999,0.0,994399.9999999999,994399.9999999999,15938.847115691036
7524,994399.9999999999,0.0,994399.9999999999,994399.9999999999,15938.821029210947
7525,994399.9999999999,0.0,994399.9999999999,994399.9999999999,15938.794942816228
7526,994399.9999999999,0.0,994399.9999999999,994399.9999999999,15938.768856506873
7527,994399.9999999999,0.0,994399.9999999999,994399.9999999999,15938.742770282899
7528,624841.0,0.0,624841.0,624841.0,11563.422437693494
7529,302689.0,0.0,302689.0,302689.0,5920.4683876248555
7530,367046.0,0.0,367046.0,367046.0,7084.859316370067
7531,489569.0,0.0,489569.0,489569.0,9247.358667860737
7532,571392.0,0.0,571392.0,571392.0,10656.512966632132
7533,595757.0,0.0,595757.0,595757.0,11071.170174363378
7534,600855.0,0.0,600855.0,600855.0,11157.640622664074
7535,598367.0,0.0,598367.0,598367.0,11115.42483967497
7536,601328.0,0.0,601328.0,601328.0,11165.623863771272
7537,595985.0,0.0,595985.0,595985.0,11074.967783650136
7538,590583.0,0.0,590583.0,590583.0,10983.205369185367
7539,587524.0,0.0,587524.0,587524.0,10931.18789477052
7540,589827.0,0.0,589827.0,589827.0,10970.321530145013
7541,593022.0,0.0,593022.0,593022.0,11024.587018791119
7542,652496.0,0.0,652496.0,652496.0,12028.356961549829
7543,994399.9999999999,0.0,994399.9999999999,994399.9999999999,15938.342888910565
7544,994399.9999999999,0.0,994399.9999999999,994399.9999999999,15938.316804080607
7545,994399.9999999999,0.0,994399.9999999999,994399.9999999999,15938.290719336013
7546,994399.9999999999,0.0,994399.9999999999,994399.9999999999,15938.26463467678
7547,994399.9999999999,0.0,994399.9999999999,994399.9999999999,15938.238550102917
7548,994399.9999999999,0.0,994399.9999999999,994399.9999999999,15938.212465614411
7549,994399.9999999999,0.0,994399.9999999999,994399.9999999999,15938.186381211272
7550,630837.0,0.0,630837.0,630837.0,11664.091745684125
7551,432787.0,0.0,432787.0,432787.0,8253.16248553617
7552,176521.0,0.0,176521.0,176521.0,3567.296074549452
7553,132000.0,0.0,132000.0,132000.0,2703.5389481174325
7554,0.0,0.0,0.0,0.0,-0.0
7555,0.0,0.0,0.0,0.0,-0.0
7556,0.0,0.0,0.0,0.0,-0.0
7557,3522.0,0.0,3522.0,3522.0,-0.0
7558,32662.0,0.0,32662.0,32662.0,557.0265186393716
7559,57176.0,0.0,57176.0,57176.0,1083.2121540464268
7560,48399.0,0.0,48399.0,48399.0,990.5955431399083
7561,68152.0,0.0,68152.0,68152.0,1324.4325538939129
7562,81346.0,0.0,81346.0,81346.0,1615.9721769368084
7563,144185.0,0.0,144185.0,144185.0,2745.4405012499233
7564,201014.0,0.0,201014.0,201014.0,4032.1845892002457
7565,302670.0,0.0,302670.0,302670.0,5919.333038399703
7566,498266.0,0.0,498266.0,498266.0,9397.20903265375
7567,994399.9999999999,0.0,994399.9999999999,994399.9999999999,15936.70437403321
7568,994399.9999999999,0.0,994399.9999999999,994399.9999999999,15936.67829456552
7569,994399.9999999999,0.0,994399.9999999999,994399.9999999999,15936.652215183167
7570,994399.9999999999,0.0,994399.9999999999,994399.9999999999,15936.626135886148
7571,994399.9999999999,0.0,994399.9999999999,994399.9999999999,15936.600056674468
7572,994399.9999999999,0.0,994399.9999999999,994399.9999999999,15936.573977548129
7573,994399.9999999999,0.0,994399.9999999999,994399.9999999999,15936.54789850712
7574,994399.9999999999,0.0,994399.9999999999,994399.9999999999,15936.52181955145
7575,994399.9999999999,0.0,994399.9999999999,994399.9999999999,15936.495740681114
7576,635008.0,0.0,635008.0,635008.0,11733.050278662779
7577,602204.0,0.0,602204.0,602204.0,11178.963906435314
7578,602204.0,0.0,602204.0,602204.0,11178.945626955634
7579,602196.0,0.0,602196.0,602196.0,11178.791756392158
7580,602156.0,0.0,602156.0,602156.0,11178.095519063918
7581,602204.0,0.0,602204.0,602204.0,11178.890789026973
7582,602204.0,0.0,602204.0,602204.0,11178.872509786315
7583,602035.0,0.0,602035.0,602035.0,11175.989835393382
7584,602138.0,0.0,602138.0,602138.0,11177.717326348244
7585,602204.0,0.0,602204.0,602204.0,11178.817673060063
7586,602139.0,0.0,602139.0,602139.0,11177.697720711265
7587,602281.0,0.0,602281.0,602281.0,11180.086152773918
7588,602178.0,0.0,602178.0,602178.0,11178.322170000683
7589,602204.0,0.0,602204.0,602204.0,11178.744557449965
7590,602204.0,0.0,602204.0,602204.0,11178.726278687327
7591,994399.9999999999,0.0,994399.9999999999,994399.9999999999,15936.093010810722
7592,994399.9999999999,0.0,994399.9999999999,994399.9999999999,15936.066933343502
7593,994399.9999999999,0.0,994399.9999999999,994399.9999999999,15936.040855961617
7594,994399.9999999999,0.0,994399.9999999999,994399.9999999999,15936.01477866506
7595,994399.9999999999,0.0,994399.9999999999,994399.9999999999,15935.988701453827
7596,994399.9999999999,0.0,994399.9999999999,994399.9999999999,15935.962624327924
7597,994399.9999999999,0.0,994399.9999999999,994399.9999999999,15935.936547287338
7598,994399.9999999999,0.0,994399.9999999999,994399.9999999999,15935.910470332085
7599,994399.9999999999,0.0,994399.9999999999,994399.9999999999,15935.884393462153
7600,756698.0,0.0,756698.0,756698.0,13755.942191772661
7601,509461.0,0.0,509461.0,509461.0,9590.591077714933
7602,588313.0,0.0,588313.0,588313.0,10942.72081333118
7603,600426.0,0.0,600426.0,600426.0,11148.34242307799
7604,602565.0,0.0,602565.0,602565.0,11184.581974906578
7605,601950.0,0.0,601950.0,601950.0,11174.140651861775
7606,602052.0,0.0,602052.0,602052.0,11175.851171773364
7607,602204.0,0.0,602204.0,602204.0,11178.409061630533
7608,602166.0,0.0,602166.0,602166.0,11177.746751914836
7609,602204.0,0.0,602204.0,602204.0,11178.372506461421
7610,602204.0,0.0,602204.0,602204.0,11178.354228914966
7611,602204.0,0.0,602204.0,602204.0,11178.335951428262
7612,602204.0,0.0,602204.0,602204.0,11178.317674001302
7613,602204.0,0.0,602204.0,602204.0,11178.299396634087
7614,602204.0,0.0,602204.0,602204.0,11178.281119326617
7615,994399.9999999999,0.0,994399.9999999999,994399.9999999999,15935.481688798405
7616,994399.9999999999,0.0,994399.9999999999,994399.9999999999,15935.455613331458
7617,994399.9999999999,0.0,994399.9999999999,994399.9999999999,15935.429537949825
7618,994399.9999999999,0.0,994399.9999999999,994399.9999999999,15935.403462653509
7619,994399.9999999999,0.0,994399.9999999999,994399.9999999999,15935.37738744251
7620,994399.9999999999,0.0,994399.9999999999,994399.9999999999,15935.351312316829
7621,994399.9999999999,0.0,994399.9999999999,994399.9999999999,15935.325237276464
7622,840614.0,0.0,840614.0,840614.0,15123.589408883861
7623,515637.0,0.0,515637.0,515637.0,9697.00930519359
7624,345803.0,0.0,345803.0,345803.0,6701.296230351248
7625,371027.0,0.0,371027.0,371027.0,7154.53309103768
7626,443341.0,0.0,443341.0,443341.0,8437.284752906564
7627,516251.0,0.0,516251.0,516251.0,9707.553647733672
7628,536995.0,0.0,536995.0,536995.0,10065.009958343246
7629,573643.0,0.0,573643.0,573643.0,10692.472486239538
7630,565917.0,0.0,565917.0,565917.0,10560.595727177695
7631,558233.0,0.0,558233.0,558233.0,10429.213554320053
7632,570449.0,0.0,570449.0,570449.0,10637.935516058831
7633,448365.0,0.0,448365.0,448365.0,8525.434288163779
7634,600857.0,0.0,600857.0,600857.0,11155.081929925738
7635,572512.0,0.0,572512.0,572512.0,10673.079325637744
7636,585713.0,0.0,585713.0,585713.0,10897.90191747842
7637,587503.0,0.0,587503.0,587503.0,10928.321819928235
7638,576880.0,0.0,576880.0,576880.0,10747.49424174279
7639,650673.0,0.0,650673.0,650673.0,11995.06374036554
7640,382351.0,0.0,382351.0,382351.0,7356.8204067873785
7641,298606.0,0.0,298606.0,298606.0,5844.305273427426
7642,149159.99999999997,0.0,149159.99999999997,149159.99999999997,3040.8833229079282
7643,360687.0,0.0,360687.0,360687.0,6968.903779976879
7644,354205.0,0.0,354205.0,354205.0,6852.391668786338
7645,647213.0,0.0,647213.0,647213.0,11936.885827664382
7646,544370.0,0.0,544370.0,544370.0,10191.39839337444
7647,994399.9999999999,0.0,994399.9999999999,994399.9999999999,15934.682522388068
7648,501713.0,0.0,501713.0,501713.0,9455.684569459278
7649,149159.99999999997,0.0,149159.99999999997,149159.99999999997,3040.8457494635186
7650,370438.0,0.0,370438.0,370438.0,7143.687156347692
7651,217781.0,0.0,217781.0,217781.0,4347.3962185931105
7652,224868.0,0.0,224868.0,224868.0,4480.29037765546
7653,149159.99999999997,0.0,149159.99999999997,149159.99999999997,3040.825306169508
7654,226503.0,0.0,226503.0,226503.0,4510.888084692688
7655,328421.0,0.0,328421.0,328421.0,6386.771373603035
7656,240130.0,0.0,240130.0,240130.0,4765.320074489924
7657,188590.0,0.0,188590.0,188590.0,3796.159029455775
7658,161307.0,0.0,161307.0,161307.0,3274.953381924369
7659,194831.0,0.0,194831.0,194831.0,3914.523586004123
7660,207227.0,0.0,207227.0,207227.0,4148.768107883566
7661,149159.99999999997,0.0,149159.99999999997,149159.99999999997,3040.7847017047857
7662,234740.0,0.0,234740.0,234740.0,4664.777419453707
7663,847305.0,0.0,847305.0,847305.0,15230.83586772307
7664,279071.0,0.0,279071.0,279071.0,5485.9246248489635
7665,323849.0,0.0,323849.0,323849.0,6303.771806338488
7666,502689.0,0.0,502689.0,502689.0,9472.332556729
7667,544551.0,0.0,544551.0,544551.0,10194.17048367677
7668,743123.0,0.0,743123.0,743123.0,13531.159646744489
7669,994399.9999999999,0.0,994399.9999999999,994399.9999999999,15934.157820319431
7670,994399.9999999999,0.0,994399.9999999999,994399.9999999999,15934.131749183955
7671,994399.9999999999,0.0,994399.9999999999,994399.9999999999,15934.105678133772
7672,756876.0,0.0,756876.0,756876.0,13757.305787344276
7673,523028.0,0.0,523028.0,523028.0,9823.798269547644
7674,492502.0,0.0,492502.0,492502.0,9295.488492847022
7675,578879.0,0.0,578879.0,578879.0,10780.91791989112
7676,586499.0,0.0,586499.0,586499.0,10910.576030617882
7677,586216.0,0.0,586216.0,586216.0,10905.74598903794
7678,576953.0,0.0,576953.0,576953.0,10748.05477637176
7679,553163.0,0.0,553163.0,553163.0,10341.61949475765
7680,516776.0,0.0,516776.0,516776.0,9715.79036365568
7681,469045.0,0.0,469045.0,469045.0,8886.850319602307
7682,404958.0,0.0,404958.0,404958.0,7758.681558001787
7683,414686.0,0.0,414686.0,414686.0,7931.086201128631
7684,424606.0,0.0,424606.0,424606.0,8106.452903743756
7685,308226.0,0.0,308226.0,308226.0,6019.463437834178
7686,185756.0,0.0,185756.0,185756.0,3742.115673232876
7687,257162.0,0.0,257162.0,257162.0,5081.400918617572
7688,416963.0,0.0,416963.0,416963.0,7971.317629769167
7689,529381.0,0.0,529381.0,529381.0,9933.023347689692
7690,639584.0,0.0,639584.0,639584.0,11807.870918232502
7691,684642.0,0.0,684642.0,684642.0,12561.950237710014
7692,342009.0,0.0,342009.0,342009.0,6632.097333709633
7693,383061.0,0.0,383061.0,383061.0,7368.853035334507
7694,371363.0,0.0,371363.0,371363.0,7159.732344815853
7695,543980.0,0.0,543980.0,543980.0,10183.90627387215
7696,771263.0,0.0,771263.0,771263.0,13992.818313717951
7697,420979.0,0.0,420979.0,420979.0,8042.209661477308
7698,373722.0,0.0,373722.0,373722.0,7201.905336976239
7699,591215.0,0.0,591215.0,591215.0,10990.320583317693
7700,598368.0,0.0,598368.0,598368.0,11111.709130828529
7701,566018.0,0.0,566018.0,566018.0,10561.120215113842
7702,559267.0,0.0,559267.0,559267.0,10445.714900200204
7703,341466.0,0.0,341466.0,341466.0,6622.17359428195
7704,149159.99999999997,0.0,149159.99999999997,149159.99999999997,3040.552680181091
7705,149159.99999999997,0.0,149159.99999999997,149159.99999999997,3040.5477046737583
7706,27074.00000000006,0.0,27074.00000000006,27074.00000000006,554.195588101602
7707,25154.0,0.0,25154.0,25154.0,516.8087144996447
7708,43318.0,0.0,43318.0,43318.0,830.851781005259
7709,0.0,0.0,0.0,0.0,-0.0
7710,60614.0,0.0,60614.0,60614.0,1036.2843013476038
7711,37091.0,0.0,37091.0,37091.0,759.682627036125
7712,149447.0,0.0,149447.0,149447.0,2670.1026577864272
7713,741431.0,0.0,741431.0,741431.0,13501.171025397089
7714,655481.0,0.0,655481.0,655481.0,12073.210540872098
7715,767700.0,0.0,767700.0,767700.0,13932.81968342893
7716,742663.0,0.0,742663.0,742663.0,13521.399134495052
7717,898251.0,0.0,898251.0,898251.0,15931.631704214567
7718,994399.9999999999,0.0,994399.9999999999,994399.9999999999,15931.605641344464
7719,951614.0,0.0,951614.0,951614.0,15931.579578559613
7720,479644.0,0.0,479644.0,479644.0,9070.340354741316
7721,572641.0,0.0,572641.0,572641.0,10672.871266354055
7722,601953.0,0.0,601953.0,601953.0,11171.113237471527
7723,602204.0,0.0,602204.0,602204.0,11175.34802782534
7724,602204.0,0.0,602204.0,602204.0,11175.32976016501
7725,602204.0,0.0,602204.0,602204.0,11175.311492564382
7726,602204.0,0.0,602204.0,602204.0,11175.29322502345
7727,602204.0,0.0,602204.0,602204.0,11175.274957542211
7728,602204.0,0.0,602204.0,602204.0,11175.247938269331
7729,602204.0,0.0,602204.0,602204.0,11175.229670936069
7730,602204.0,0.0,602204.0,602204.0,11175.211403662506
7731,602128.0,0.0,602128.0,602128.0,11173.90540020872
7732,602163.0,0.0,602163.0,602163.0,11174.48017330858
7733,602271.0,0.0,602271.0,602271.0,11176.291822993755
7734,602313.0,0.0,602313.0,602313.0,11176.985175516314
7735,970581.0,0.0,970581.0,970581.0,15931.165791371292
7736,994399.9999999999,0.0,994399.9999999999,994399.9999999999,15931.139730025221
7737,994399.9999999999,0.0,994399.9999999999,994399.9999999999,15931.1136687644
7738,994399.9999999999,0.0,994399.9999999999,994399.9999999999,15931.08760758883
7739,994399.9999999999,0.0,994399.9999999999,994399.9999999999,15931.061546498508
7740,994399.9999999999,0.0,994399.9999999999,994399.9999999999,15931.035485493428
7741,994399.9999999999,0.0,994399.9999999999,994399.9999999999,15931.009424573602
7742,772135.0,0.0,772135.0,772135.0,14004.868282754138
7743,878543.0,0.0,878543.0,878543.0,15730.980551689725
7744,486790.0,0.0,486790.0,486790.0,9194.326580501653
7745,259024.0,0.0,259024.0,259024.0,5114.878312348993
7746,581910.0,0.0,581910.0,581910.0,10830.315508718646
7747,575244.0,0.0,575244.0,575244.0,10716.776609950824
7748,589669.0,0.0,589669.0,589669.0,10962.20809854741
7749,579790.0,0.0,579790.0,579790.0,10794.177015805051
7750,601728.0,0.0,601728.0,601728.0,11166.776265557071
7751,601950.0,0.0,601950.0,601950.0,11170.519708198231
7752,602009.0,0.0,602009.0,602009.0,11171.501147700961
7753,602578.0,0.0,602578.0,602578.0,11181.123385933097
7754,598597.0,0.0,598597.0,598597.0,11113.631011714891
7755,596838.0,0.0,596838.0,596838.0,11083.781229113556
7756,590112.0,0.0,590112.0,590112.0,10969.590270086836
7757,584467.0,0.0,584467.0,584467.0,10873.621606980798
7758,586580.0,0.0,586580.0,586580.0,10909.533153079685
7759,994399.9999999999,0.0,994399.9999999999,994399.9999999999,15930.55792096762
7760,994399.9999999999,0.0,994399.9999999999,994399.9999999999,15930.531861609908
7761,994399.9999999999,0.0,994399.9999999999,994399.9999999999,15930.505802337431
7762,994399.9999999999,0.0,994399.9999999999,994399.9999999999,15930.479743150194
7763,994399.9999999999,0.0,994399.9999999999,994399.9999999999,15930.453684048194
7764,994399.9999999999,0.0,994399.9999999999,994399.9999999999,15930.427625031434
7765,994399.9999999999,0.0,994399.9999999999,994399.9999999999,15930.401566099912
7766,994399.9999999999,0.0,994399.9999999999,994399.9999999999,15930.375507253622
7767,970825.0,0.0,970825.0,970825.0,15930.349448492572
7768,496627.0,0.0,496627.0,496627.0,9364.798099025862
7769,173353.0,0.0,173353.0,173353.0,3504.81404168706
7770,363554.0,0.0,363554.0,363554.0,7018.221441836798
7771,598105.0,0.0,598105.0,598105.0,11104.975701544889
7772,602471.0,0.0,602471.0,602471.0,11178.959775312996
7773,602270.0,0.0,602270.0,602270.0,11175.536141965878
7774,601961.0,0.0,601961.0,601961.0,11170.28249068965
7775,602467.0,0.0,602467.0,602467.0,11178.837194396194
7776,598714.0,0.0,598714.0,598714.0,11115.211333092273
7777,601153.0,0.0,601153.0,601153.0,11156.536214525682
7778,602470.0,0.0,602470.0,602470.0,11178.833217776863
7779,602088.0,0.0,602088.0,602088.0,11172.34299644645
7780,601814.0,0.0,601814.0,601814.0,11167.682233453903
7781,601980.0,0.0,601980.0,601980.0,11170.476619009974
7782,602114.0,0.0,602114.0,602114.0,11172.728728499555
7783,994399.9999999999,0.0,994399.9999999999,994399.9999999999,15929.950738276231
7784,994399.9999999999,0.0,994399.9999999999,994399.9999999999,15929.92468090455
7785,369693.0,0.0,369693.0,369693.0,7128.068323583571
7786,500302.0,0.0,500302.0,500302.0,9428.241791771716
7787,552767.0,0.0,552767.0,552767.0,10332.086090073739
7788,701981.0,0.0,701981.0,701981.0,12847.194639573354
7789,469055.0,0.0,469055.0,469055.0,8884.627559756362
7790,346463.0,0.0,346463.0,346463.0,6710.6953545424485
7791,994399.9999999999,0.0,994399.9999999999,994399.9999999999,15929.750946980741
7792,578179.0,0.0,578179.0,578179.0,10765.981488071693
7793,473585.0,0.0,473585.0,473585.0,8963.62188127321
7794,323139.0,0.0,323139.0,323139.0,6288.917356989295
7795,376828.0,0.0,376828.0,376828.0,7255.595351715735
7796,384864.0,0.0,384864.0,384864.0,7399.05743132149
7797,293307.0,0.0,293307.0,293307.0,5745.293679441379
7798,275658.0,0.0,275658.0,275658.0,5421.362799947994
7799,266449.0,0.0,266449.0,266449.0,5251.619584456283
7800,344174.0,0.0,344174.0,344174.0,6669.319379302654
7801,490445.0,0.0,490445.0,490445.0,9256.979113154664
7802,562629.0,0.0,562629.0,562629.0,10500.544770045508
7803,446645.0,0.0,446645.0,446645.0,8492.076082438198
7804,493693.0,0.0,493693.0,493693.0,9313.334918460576
7805,476274.0,0.0,476274.0,476274.0,9010.33327798772
7806,519463.0,0.0,519463.0,519463.0,9759.285952880538
7807,994399.9999999999,0.0,994399.9999999999,994399.9999999999,15929.360217341562
7808,994399.9999999999,0.0,994399.9999999999,994399.9999999999,15929.334161901337
7809,994399.9999999999,0.0,994399.9999999999,994399.9999999999,15929.308106546332
7810,784957.0,0.0,784957.0,784957.0,14213.088761877445
7811,655282.0,0.0,655282.0,655282.0,12067.962079779894
7812,190239.0,0.0,190239.0,190239.0,3826.052485967824
7813,149159.99999999997,0.0,149159.99999999997,149159.99999999997,3039.659578492199
7814,149159.99999999997,0.0,149159.99999999997,149159.99999999997,3039.654605891448
7815,736350.0,0.0,736350.0,736350.0,13415.216209008211
7816,269439.0,0.0,269439.0,269439.0,5306.630340543157
7817,12016.000000000058,0.0,12016.000000000058,12016.000000000058,244.6835191884971
7818,11907.0,0.0,11907.0,11907.0,242.58183441035158
7819,98983.0,0.0,98983.0,98983.0,1723.1013878951983
7820,43960.0,0.0,43960.0,43960.0,898.3233236753472
7821,0.0,0.0,0.0,0.0,-0.0
7822,0.0,0.0,0.0,0.0,-0.0
7823,2890.0,0.0,2890.0,2890.0,-0.0
7824,280674.0,0.0,280674.0,280674.0,4593.933535952219
7825,288725.0,0.0,288725.0,288725.0,5660.442225350685
7826,441758.0,0.0,441758.0,441758.0,8404.964034809622
7827,254698.0,0.0,254698.0,254698.0,5033.464537062728
7828,358458.0,0.0,358458.0,358458.0,6925.280473635086
7829,237392.0,0.0,237392.0,237392.0,4711.879104495768
7830,288306.0,0.0,288306.0,288306.0,5652.716527980526
7831,232003.0,0.0,232003.0,232003.0,4611.33671367402
7832,218370.0,0.0,218370.0,218370.0,4356.153668006378
7833,326856.0,0.0,326856.0,326856.0,6355.1702137942875
7834,469952.0,0.0,469952.0,469952.0,8898.641087764416
7835,513806.0,0.0,513806.0,513806.0,9660.086279474695
7836,663491.0,0.0,663491.0,663491.0,12203.584656340505
7837,760194.0,0.0,760194.0,760194.0,13805.513660684599
7838,703632.0,0.0,703632.0,703632.0,12872.19065811092
7839,599007.0,0.0,599007.0,599007.0,11117.834557462527
7840,603769.0,0.0,603769.0,603769.0,11198.495740072318
7841,597889.0,0.0,597889.0,597889.0,11098.844810525336
7842,600075.0,0.0,600075.0,600075.0,11135.881533371401
7843,601774.0,0.0,601774.0,601774.0,11164.65106271177
7844,602436.0,0.0,602436.0,602436.0,11175.846851860952
7845,602291.0,0.0,602291.0,602291.0,11173.372482051975
7846,588112.0,0.0,588112.0,588112.0,10932.812329803497
7847,602235.0,0.0,602235.0,602235.0,11172.387420153713
7848,602575.0,0.0,602575.0,602575.0,11178.128233801737
7849,602047.0,0.0,602047.0,602047.0,11169.166302965159
7850,602321.0,0.0,602321.0,602321.0,11173.789389841306
7851,602306.0,0.0,602306.0,602306.0,11173.517050019283
7852,602114.0,0.0,602114.0,602114.0,11170.246493906265
7853,601988.0,0.0,601988.0,601988.0,11168.093851085152
7854,602163.0,0.0,602163.0,602163.0,11171.040010929364
7855,994399.9999999999,0.0,994399.9999999999,994399.9999999999,15926.49131911729
7856,994399.9999999999,0.0,994399.9999999999,994399.9999999999,15926.465273060961
7857,994399.9999999999,0.0,994399.9999999999,994399.9999999999,15926.439227089813
7858,994399.9999999999,0.0,994399.9999999999,994399.9999999999,15926.41318120383
7859,994399.9999999999,0.0,994399.9999999999,994399.9999999999,15926.387135403022
7860,994399.9999999999,0.0,994399.9999999999,994399.9999999999,15926.361089687389
7861,994399.9999999999,0.0,994399.9999999999,994399.9999999999,15926.335044056927
7862,994399.9999999999,0.0,994399.9999999999,994399.9999999999,15926.308998511635
7863,994399.9999999999,0.0,994399.9999999999,994399.9999999999,15926.28295305152
7864,914573.0,0.0,914573.0,914573.0,15926.256907676567
7865,554859.0,0.0,554859.0,554859.0,10365.442708067083
7866,602468.0,0.0,602468.0,602468.0,11175.980173938551
7867,602498.0,0.0,602498.0,602498.0,11176.470041801915
7868,600400.0,0.0,600400.0,600400.0,11140.908740626874
7869,596462.0,0.0,596462.0,596462.0,11074.132368110137
7870,596806.0,0.0,596806.0,596806.0,11079.948100554317
7871,586328.0,0.0,586328.0,586328.0,10902.042197076857
7872,572209.0,0.0,572209.0,572209.0,10661.683672730393
7873,570658.0,0.0,570658.0,570658.0,10635.219253056845
7874,581450.0,0.0,581450.0,581450.0,10819.03671184651
7875,585776.0,0.0,585776.0,585776.0,10892.588489950465
7876,587328.0,0.0,587328.0,587328.0,10918.947712142744
7877,590401.0,0.0,590401.0,590401.0,10971.130897282663
7878,588303.0,0.0,588303.0,588303.0,10935.478063672277
7879,595289.0,0.0,595289.0,595289.0,11054.056063228692
7880,607438.0,0.0,607438.0,607438.0,11259.859347937709
7881,634834.0,0.0,634834.0,634834.0,11722.030235369093
7882,994399.9999999999,0.0,994399.9999999999,994399.9999999999,15925.805370595768
7883,741373.0,0.0,741373.0,741373.0,13495.076458432215
7884,758384.0,0.0,758384.0,758384.0,13774.757877462722
7885,868849.0,0.0,868849.0,868849.0,15569.938315454285
7886,705582.0,0.0,705582.0,705582.0,12903.52916038817
7887,637252.0,0.0,637252.0,637252.0,11762.57913881737
7888,585041.0,0.0,585041.0,585041.0,10879.859626401358
7889,547456.0,0.0,547456.0,547456.0,10238.234993774695
7890,595888.0,0.0,595888.0,595888.0,11064.01512263289
7891,585605.0,0.0,585605.0,585605.0,10889.394166019896
7892,594622.0,0.0,594622.0,594622.0,11042.503499757526
7893,526784.0,0.0,526784.0,526784.0,9882.987989339232
7894,341206.0,0.0,341206.0,341206.0,6613.956911059964
7895,449345.0,0.0,449345.0,449345.0,8537.191355714362
7896,149159.99999999997,0.0,149159.99999999997,149159.99999999997,3038.835879428339
7897,400273.0,0.0,400273.0,400273.0,7671.143256129103
7898,597976.0,0.0,597976.0,597976.0,11099.271747537186
7899,393714.0,0.0,393714.0,393714.0,7554.541786844855
7900,585200.0,0.0,585200.0,585200.0,10882.34482424397
7901,601649.0,0.0,601649.0,601649.0,11161.462415581831
7902,602228.0,0.0,602228.0,602228.0,11171.25172036165
7903,334016.0,0.0,334016.0,334016.0,6483.987590673849
7904,363439.0,0.0,363439.0,363439.0,7013.764591274049
7905,428036.0,0.0,428036.0,428036.0,8162.307299390005
7906,652824.0,0.0,652824.0,652824.0,12023.609814931211
7907,747506.0,0.0,747506.0,747506.0,13595.49527054631
7908,911127.0,0.0,911127.0,911127.0,15925.146839389603
7909,765857.0,0.0,765857.0,765857.0,13896.788237125382
7910,527299.0,0.0,527299.0,527299.0,9891.575409777512
7911,482963.0,0.0,482963.0,482963.0,9124.200836904214
7912,861092.0,0.0,861092.0,861092.0,15444.361144922314
7913,440918.0,0.0,440918.0,440918.0,8388.97240391092
7914,579286.0,0.0,579286.0,579286.0,10781.496549105508
7915,589493.0,0.0,589493.0,589493.0,10955.023280673839
7916,588072.0,0.0,588072.0,588072.0,10930.86784609863
7917,602301.0,0.0,602301.0,602301.0,11172.215299787478
7918,598358.0,0.0,598358.0,598358.0,11105.386120970616
7919,594008.0,0.0,594008.0,594008.0,11031.595415561655
7920,594324.0,0.0,594324.0,594324.0,11036.93881285946
7921,602203.0,0.0,602203.0,602203.0,11170.482495022488
7922,602193.0,0.0,602193.0,602193.0,11170.294869997317
7923,602042.0,0.0,602042.0,602042.0,11167.719042539156
7924,602190.0,0.0,602190.0,602190.0,11170.207555668332
7925,602042.0,0.0,602042.0,602042.0,11167.682547784276
7926,602063.0,0.0,602063.0,602063.0,11168.019993432259
7927,994399.9999999999,0.0,994399.9999999999,994399.9999999999,15924.669814971212
7928,994399.9999999999,0.0,994399.9999999999,994399.9999999999,15924.643774871065
7929,994399.9999999999,0.0,994399.9999999999,994399.9999999999,15924.617734856054
7930,994399.9999999999,0.0,994399.9999999999,994399.9999999999,15924.591694926194
7931,994399.9999999999,0.0,994399.9999999999,994399.9999999999,15924.565655081473
7932,994399.9999999999,0.0,994399.9999999999,994399.9999999999,15924.539615321897
7933,994399.9999999999,0.0,994399.9999999999,994399.9999999999,15924.513575647461
7934,994399.9999999999,0.0,994399.9999999999,994399.9999999999,15924.487536058172
7935,994399.9999999999,0.0,994399.9999999999,994399.9999999999,15924.46149655402
7936,978798.0,0.0,978798.0,978798.0,15924.43545713502
7937,602434.0,0.0,602434.0,602434.0,11174.095710760497
7938,602100.0,0.0,602100.0,602100.0,11168.420607720047
7939,572052.0,0.0,572052.0,572052.0,10657.82315987168
7940,585807.0,0.0,585807.0,585807.0,10891.943637703762
7941,584105.0,0.0,584105.0,584105.0,10862.992325013016
7942,601965.0,0.0,601965.0,601965.0,11166.061241730997
7943,589858.0,0.0,589858.0,589858.0,10960.713053938198
7944,575082.0,0.0,575082.0,575082.0,10709.372580388499
7945,581124.0,0.0,581124.0,581124.0,10812.219720013682
7946,587649.0,0.0,587649.0,587649.0,10923.13810529374
7947,579753.0,0.0,579753.0,579753.0,10788.85512335903
7948,571748.0,0.0,571748.0,571748.0,10652.483597818728
7949,481573.0,0.0,481573.0,481573.0,9099.433193616233
7950,529255.0,0.0,529255.0,529255.0,9924.588221040078
7951,994399.9999999999,0.0,994399.9999999999,994399.9999999999,15924.059996379285
7952,994399.9999999999,0.0,994399.9999999999,994399.9999999999,15924.033958273047
7953,974316.0,0.0,974316.0,974316.0,15924.007920251948
7954,911015.0,0.0,911015.0,911015.0,15923.981882315977
7955,994399.9999999999,0.0,994399.9999999999,994399.9999999999,15923.955844465143
7956,994399.9999999999,0.0,994399.9999999999,994399.9999999999,15923.92980669944
7957,871331.0,0.0,871331.0,871331.0,15608.079026516669
7958,755540.0,0.0,755540.0,755540.0,13726.414062897415
7959,471555.0,0.0,471555.0,471555.0,8924.734462503806
7960,443986.0,0.0,443986.0,443986.0,8442.201881651585
7961,149159.99999999997,0.0,149159.99999999997,149159.99999999997,3038.4776665220397
7962,146546.00000000003,0.0,146546.00000000003,146546.00000000003,2987.9355902719667
7963,160297.0,0.0,160297.0,160297.0,3253.0505067082586
7964,149424.0,0.0,149424.0,149424.0,3043.562991176356
7965,143613.0,0.0,143613.0,143613.0,2931.136125324076
7966,205527.0,0.0,205527.0,205527.0,4113.608939734556
7967,206033.0,0.0,206033.0,206033.0,4123.139797038458
7968,247219.0,0.0,247219.0,247219.0,4893.51908521034
7969,284350.0,0.0,284350.0,284350.0,5578.818430142397
7970,370676.0,0.0,370676.0,370676.0,7142.618427583683
7971,405812.0,0.0,405812.0,405812.0,7768.470496377523
7972,467115.0,0.0,467115.0,467115.0,8847.063145190034
7973,545185.0,0.0,545185.0,545185.0,10197.885675295167
7974,579173.0,0.0,579173.0,579173.0,10778.517691481184
7975,994399.9999999999,0.0,994399.9999999999,994399.9999999999,15923.47347537745
7976,994399.9999999999,0.0,994399.9999999999,994399.9999999999,15923.447439188878
7977,994399.9999999999,0.0,994399.9999999999,994399.9999999999,15923.421403085433
7978,994399.9999999999,0.0,994399.9999999999,994399.9999999999,15923.395367067105
7979,994399.9999999999,0.0,994399.9999999999,994399.9999999999,15923.369331133914
7980,994399.9999999999,0.0,994399.9999999999,994399.9999999999,15923.343295285842
7981,994399.9999999999,0.0,994399.9999999999,994399.9999999999,15923.317259522892
7982,994399.9999999999,0.0,994399.9999999999,994399.9999999999,15923.291223845064
7983,994399.9999999999,0.0,994399.9999999999,994399.9999999999,15923.26518825236
7984,456279.0,0.0,456279.0,456279.0,8657.41667214276
7985,149159.99999999997,0.0,149159.99999999997,149159.99999999997,3038.3489744365806
7986,187794.0,0.0,187794.0,187794.0,3778.022947745984
7987,286227.0,0.0,286227.0,286227.0,5613.071240387504
7988,385370.0,0.0,385370.0,385370.0,7404.837589635516
7989,398734.0,0.0,398734.0,398734.0,7642.624138453914
7990,420212.0,0.0,420212.0,420212.0,8023.068469583304
7991,490764.0,0.0,490764.0,490764.0,9258.568402897223
7992,479496.0,0.0,479496.0,479496.0,9062.640192539298
7993,484674.0,0.0,484674.0,484674.0,9152.718390074062
7994,543011.0,0.0,543011.0,543011.0,10160.245362227282
7995,439119.0,0.0,439119.0,439119.0,8356.20243991004
7996,351562.0,0.0,351562.0,351562.0,6799.367294508199
7997,386879.0,0.0,386879.0,386879.0,7431.62024484686
7998,357514.0,0.0,357514.0,357514.0,6906.326229016911
7999,994399.9999999999,0.0,994399.9999999999,994399.9999999999,15922.877314150823
8000,994399.9999999999,0.0,994399.9999999999,994399.9999999999,15922.851279911367
8001,994399.9999999999,0.0,994399.9999999999,994399.9999999999,15922.825245757025
8002,994399.9999999999,0.0,994399.9999999999,994399.9999999999,15922.7992116878
8003,994399.9999999999,0.0,994399.9999999999,994399.9999999999,15922.77317770369
8004,994399.9999999999,0.0,994399.9999999999,994399.9999999999,15922.747143804689
8005,994399.9999999999,0.0,994399.9999999999,994399.9999999999,15922.7211099908
8006,994399.9999999999,0.0,994399.9999999999,994399.9999999999,15922.695076262033
8007,915006.0,0.0,915006.0,915006.0,15922.669042618376
8008,356567.0,0.0,356567.0,356567.0,6889.195634027919
8009,132000.0,0.0,132000.0,132000.0,2700.5067250292655
8010,0.0,0.0,0.0,0.0,-0.0
8011,0.0,0.0,0.0,0.0,-0.0
8012,0.0,0.0,0.0,0.0,-0.0
8013,0.0,0.0,0.0,0.0,-0.0
8014,0.0,0.0,0.0,0.0,-0.0
8015,0.0,0.0,0.0,0.0,-0.0
8016,0.0,0.0,0.0,0.0,-0.0
8017,0.0,0.0,0.0,0.0,-0.0
8018,0.0,0.0,0.0,0.0,-0.0
8019,0.0,0.0,0.0,0.0,-0.0
8020,0.0,0.0,0.0,0.0,-0.0
8021,0.0,0.0,0.0,0.0,-0.0
8022,0.0,0.0,0.0,0.0,-0.0
8023,652898.0,0.0,652898.0,652898.0,10018.29364197821
8024,965916.0,0.0,965916.0,965916.0,15921.44889714093
8025,994399.9999999999,0.0,994399.9999999999,994399.9999999999,15921.422867571304
8026,875273.0,0.0,875273.0,875273.0,15668.98891639069
8027,994399.9999999999,0.0,994399.9999999999,994399.9999999999,15921.370857644455
8028,755338.0,0.0,755338.0,755338.0,13720.877260199706
8029,994399.9999999999,0.0,994399.9999999999,994399.9999999999,15921.319235082854
8030,994399.9999999999,0.0,994399.9999999999,994399.9999999999,15921.293205937107
8031,192047.0,0.0,192047.0,192047.0,3858.165163171459
8032,145870.0,0.0,145870.0,145870.0,2974.311605828095
8033,48919.0,0.0,48919.0,48919.0,999.5222214717047
8034,63446.0,0.0,63446.0,63446.0,1243.5846507374024
8035,35119.0,0.0,35119.0,35119.0,720.7059311922424
8036,30487.0,0.0,30487.0,30487.0,625.3870490041652
8037,34325.0,0.0,34325.0,34325.0,699.8571782836746
8038,66154.0,0.0,66154.0,66154.0,1233.8304601452421
8039,31255.0,0.0,31255.0,31255.0,640.339653294094
8040,0.0,0.0,0.0,0.0,-0.0
8041,101136.0,0.0,101136.0,101136.0,1725.4092512187246
8042,51904.0,0.0,51904.0,51904.0,1062.6917231102555
8043,33866.0,0.0,33866.0,33866.0,690.9237396461863
8044,44987.0,0.0,44987.0,44987.0,871.7196518001615
8045,79863.0,0.0,79863.0,79863.0,1517.6538430367316
8046,103380.0,0.0,103380.0,103380.0,2043.679728650702
8047,184597.0,0.0,184597.0,184597.0,3555.963515480282
8048,934724.0,0.0,934724.0,934724.0,15918.959479935282
8049,994399.9999999999,0.0,994399.9999999999,994399.9999999999,15918.93345850441
8050,571214.0,0.0,571214.0,571214.0,10639.736045704092
8051,994399.9999999999,0.0,994399.9999999999,994399.9999999999,15918.882506416987
8052,994399.9999999999,0.0,994399.9999999999,994399.9999999999,15918.85648523771
8053,994399.9999999999,0.0,994399.9999999999,994399.9999999999,15918.830464143479
8054,288018.0,0.0,288018.0,288018.0,5644.201806302307
8055,541579.0,0.0,541579.0,541579.0,10132.861098926522
8056,651579.0,0.0,651579.0,651579.0,11997.73707699872
8057,554350.0,0.0,554350.0,554350.0,10351.631970948287
8058,448149.0,0.0,448149.0,448149.0,8512.358499563014
8059,544801.0,0.0,544801.0,544801.0,10188.055836356481
8060,599586.0,0.0,599586.0,599586.0,11121.67325246956
8061,567724.0,0.0,567724.0,567724.0,10580.034288085617
8062,586188.0,0.0,586188.0,586188.0,10894.340404870565
8063,373894.0,0.0,373894.0,373894.0,7197.737127194547
8064,360891.0,0.0,360891.0,360891.0,6964.886019262012
8065,231280.0,0.0,231280.0,231280.0,4595.078814008553
8066,553952.0,0.0,553952.0,553952.0,10344.664504558028
8067,593553.0,0.0,593553.0,593553.0,11019.272475443004
8068,575641.0,0.0,575641.0,575641.0,10714.836570749869
8069,564654.0,0.0,564654.0,564654.0,10527.504979850699
8070,599493.0,0.0,599493.0,599493.0,11119.910519728704
8071,638425.0,0.0,638425.0,638425.0,11776.71948862595
8072,849019.0,0.0,849019.0,849019.0,15243.173674657202
8073,672698.0,0.0,672698.0,672698.0,12350.530829473664
8074,484194.0,0.0,484194.0,484194.0,9141.501911408954
8075,335300.0,0.0,335300.0,335300.0,6504.090668219152
8076,511474.0,0.0,511474.0,511474.0,9614.231604085597
8077,641561.0,0.0,641561.0,641561.0,11829.280328020042
8078,994399.9999999999,0.0,994399.9999999999,994399.9999999999,15918.198740035066
8079,946599.0,0.0,946599.0,946599.0,15918.172721090654
8080,726107.0,0.0,726107.0,726107.0,13236.813627575617
8081,602468.0,0.0,602468.0,602468.0,11170.091175971924
8082,602127.0,0.0,602127.0,602127.0,11164.299708098812
8083,601946.0,0.0,601946.0,601946.0,11161.216928077476
8084,596356.0,0.0,596356.0,596356.0,11066.495084630724
8085,600289.0,0.0,600289.0,600289.0,11133.120075129344
8086,582727.0,0.0,582727.0,582727.0,10835.085181106473
8087,551233.0,0.0,551233.0,551233.0,10297.772177649862
8088,415120.0,0.0,415120.0,415120.0,7930.313234851317
8089,441432.0,0.0,441432.0,441432.0,8394.01958210712
8090,397808.0,0.0,397808.0,397808.0,7623.48815910828
8091,149159.99999999997,0.0,149159.99999999997,149159.99999999997,3037.181055853944
8092,412850.0,0.0,412850.0,412850.0,7890.111669373645
8093,271306.0,0.0,271306.0,271306.0,5336.865437090857
8094,367264.0,0.0,367264.0,367264.0,7078.747564979905
8095,294976.0,0.0,294976.0,294976.0,5771.132600228179
8096,356506.0,0.0,356506.0,356506.0,6885.81158618478
8097,340528.0,0.0,340528.0,340528.0,6598.224630267071
8098,298751.0,0.0,298751.0,298751.0,5840.072643079072
8099,756891.0,0.0,756891.0,756891.0,13743.16259678957
8100,537723.0,0.0,537723.0,537723.0,10065.928944549403
8101,794988.0,0.0,794988.0,794988.0,14366.190961962255
8102,504235.0,0.0,504235.0,504235.0,9488.670927989624
8103,542694.0,0.0,542694.0,542694.0,10151.18896076046
8104,535452.0,0.0,535452.0,535452.0,10026.857155050771
8105,380418.0,0.0,380418.0,380418.0,7313.731451435187
8106,276161.0,0.0,276161.0,276161.0,5426.086368788799
8107,271112.0,0.0,271112.0,271112.0,5333.166616561698
8108,349912.0,0.0,349912.0,349912.0,6767.1507329632395
8109,149159.99999999997,0.0,149159.99999999997,149159.99999999997,3037.085832069187
8110,168968.0,0.0,168968.0,168968.0,3417.788184371154
8111,149159.99999999997,0.0,149159.99999999997,149159.99999999997,3037.0758676792516
8112,159021.0,0.0,159021.0,159021.0,3227.045324806942
8113,149159.99999999997,0.0,149159.99999999997,149159.99999999997,3037.065920999167
8114,141773.00000000012,0.0,141773.00000000012,141773.00000000012,2894.1329316228484
8115,173582.0,0.0,173582.0,173582.0,3505.9401790520124
8116,127273.0,0.0,127273.0,127273.0,2602.7115256659426
8117,161203.0,0.0,161203.0,161203.0,3228.6693510283626
8118,262104.0,0.0,262104.0,262104.0,5166.908769517865
8119,317435.0,0.0,317435.0,317435.0,6180.034572890985
8120,287252.0,0.0,287252.0,287252.0,5629.506094528855
8121,460568.0,0.0,460568.0,460568.0,8728.883610547051
8122,405941.0,0.0,405941.0,405941.0,7767.349789459256
8123,315147.0,0.0,315147.0,315147.0,6138.435636674787
8124,234760.0,0.0,234760.0,234760.0,4659.503933151514
8125,826287.0,0.0,826287.0,826287.0,14874.230007919417
8126,731503.0,0.0,731503.0,731503.0,13324.84288315948
8127,491480.0,0.0,491480.0,491480.0,9267.22557436642
8128,671733.0,0.0,671733.0,671733.0,12333.302441100252
8129,564051.0,0.0,564051.0,564051.0,10516.149758392665
8130,525514.0,0.0,525514.0,525514.0,9855.476846209185
8131,359997.0,0.0,359997.0,359997.0,6948.039913240364
8132,458680.0,0.0,458680.0,458680.0,8695.711225084073
8133,519432.0,0.0,519432.0,519432.0,9750.637476486678
8134,414427.0,0.0,414427.0,414427.0,7917.427370807873
8135,540269.0,0.0,540269.0,540269.0,10109.021417507814
8136,536818.0,0.0,536818.0,536818.0,10049.761454424946
8137,539837.0,0.0,539837.0,539837.0,10101.57478443506
8138,541994.0,0.0,541994.0,541994.0,10138.567730097808
8139,548895.0,0.0,548895.0,548895.0,10256.837021920017
8140,527115.0,0.0,527115.0,527115.0,9882.877181850523
8141,488901.0,0.0,488901.0,488901.0,9222.243844057271
8142,523965.0,0.0,523965.0,523965.0,9828.60979554499
8143,994399.9999999999,0.0,994399.9999999999,994399.9999999999,15916.538703242282
8144,597607.0,0.0,597607.0,597607.0,11086.589431679162
8145,617244.0,0.0,617244.0,617244.0,11418.638266738564
8146,603668.0,0.0,603668.0,603668.0,11189.194088269958
8147,479802.0,0.0,479802.0,479802.0,9063.98462828024
8148,398744.0,0.0,398744.0,398744.0,7639.346114866844
8149,994399.9999999999,0.0,994399.9999999999,994399.9999999999,15916.388762988949
8150,818639.0,0.0,818639.0,818639.0,14749.627494028024
8151,699226.0,0.0,699226.0,699226.0,12790.350630596788
8152,396150.0,0.0,396150.0,396150.0,7593.220929875479
8153,540801.0,0.0,540801.0,540801.0,10117.850876489492
8154,557180.0,0.0,557180.0,557180.0,10398.3487906041
8155,493798.0,0.0,493798.0,493798.0,9307.011950646845
8156,480492.0,0.0,480492.0,480492.0,9075.855417295628
8157,398947.0,0.0,398947.0,398947.0,7642.834720285286
8158,265703.0,0.0,265703.0,265703.0,5232.984633106077
8159,552030.0,0.0,552030.0,552030.0,10310.1753580546
8160,444000.0,0.0,444000.0,444000.0,8438.095566250913
8161,553287.0,0.0,553287.0,553287.0,10331.652098332106
8162,565151.0,0.0,565151.0,565151.0,10534.359856133138
8163,504797.0,0.0,504797.0,504797.0,9497.410453711418
8164,414704.0,0.0,414704.0,414704.0,7921.929501867915
8165,401937.0,0.0,401937.0,401937.0,7695.797980335485
8166,525890.0,0.0,525890.0,525890.0,9861.371174531585
8167,548253.0,0.0,548253.0,548253.0,10245.373287310695
8168,486146.0,0.0,486146.0,486146.0,9173.981923188356
8169,648760.0,0.0,648760.0,648760.0,11948.269121653691
8170,575515.0,0.0,575515.0,575515.0,10710.88221694102
8171,597642.0,0.0,597642.0,597642.0,11086.698938238955
8172,598777.0,0.0,598777.0,598777.0,11105.910905051322
8173,443121.0,0.0,443121.0,443121.0,8422.48366225106
8174,994399.9999999999,0.0,994399.9999999999,994399.9999999999,15915.769897654098
8175,994399.9999999999,0.0,994399.9999999999,994399.9999999999,15915.743886646904
8176,407674.0,0.0,407674.0,407674.0,7797.35443563827
8177,170981.0,0.0,170981.0,170981.0,3455.8572344376807
8178,491649.0,0.0,491649.0,491649.0,9269.381598026166
8179,177591.0,0.0,177591.0,177591.0,3581.9899197577415
8180,149159.99999999997,0.0,149159.99999999997,149159.99999999997,3036.6891139212835
8181,149159.99999999997,0.0,149159.99999999997,149159.99999999997,3036.6841509811156
8182,149159.99999999997,0.0,149159.99999999997,149159.99999999997,3036.6791880570777
8183,149159.99999999997,0.0,149159.99999999997,149159.99999999997,3036.674225149172
8184,62441.00000000012,0.0,62441.00000000012,62441.00000000012,1277.5139408297066
8185,60890.0,0.0,60890.0,60890.0,1247.3458294022803
8186,7069.0,0.0,7069.0,7069.0,142.562064294279
8187,39491.0,0.0,39491.0,39491.0,690.2437689085864
8188,43092.0,0.0,43092.0,43092.0,862.3026772125367
8189,36791.0,0.0,36791.0,36791.0,752.9310970443474
8190,31065.0,0.0,31065.0,31065.0,636.3793042784334
8191,511581.0,0.0,511581.0,511581.0,8368.360660172872
8192,138976.0,0.0,138976.0,138976.0,2839.2496438529965
8193,191999.0,0.0,191999.0,191999.0,3855.3455316025584
8194,155750.0,0.0,155750.0,155750.0,3163.422104826994
8195,184408.0,0.0,184408.0,184408.0,3711.3349594796773
8196,257524.0,0.0,257524.0,257524.0,5081.212474393915
8197,152509.0,0.0,152509.0,152509.0,3100.983018164115
8198,35774.0,0.0,35774.0,35774.0,733.1300515192142
8199,109019.0,0.0,109019.0,109019.0,1979.0833123564187
8200,120613.0,0.0,120613.0,120613.0,2433.489015244322
8201,24582.0,0.0,24582.0,24582.0,499.30539840368345
8202,61634.0,0.0,61634.0,61634.0,1121.5137895891403
8203,0.0,0.0,0.0,0.0,-0.0
8204,0.0,0.0,0.0,0.0,-0.0
8205,0.0,0.0,0.0,0.0,-0.0
8206,0.0,0.0,0.0,0.0,-0.0
8207,0.0,0.0,0.0,0.0,-0.0
8208,0.0,0.0,0.0,0.0,-0.0
8209,49595.0,0.0,49595.0,49595.0,847.625753535769
8210,82970.0,0.0,82970.0,82970.0,1590.5421023351128
8211,112969.0,0.0,112969.0,112969.0,2204.3276196697534
8212,91098.0,0.0,91098.0,91098.0,1864.3040148368664
8213,170863.0,0.0,170863.0,170863.0,3261.2113943526565
8214,167790.0,0.0,167790.0,167790.0,3393.8590795542623
8215,249521.0,0.0,249521.0,249521.0,4932.135680532138
8216,185894.0,0.0,185894.0,185894.0,3738.874881534602
8217,280944.0,0.0,280944.0,280944.0,5511.725284471149
8218,276015.0,0.0,276015.0,276015.0,5421.18674571471
8219,725387.0,0.0,725387.0,725387.0,13219.360519699676
8220,994399.9999999999,0.0,994399.9999999999,994399.9999999999,15911.558174295493
8221,994399.9999999999,0.0,994399.9999999999,994399.9999999999,15911.532177049372
8222,236206.0,0.0,236206.0,236206.0,4684.649519996836
8223,761206.0,0.0,761206.0,761206.0,13808.489933622874
8224,257900.0,0.0,257900.0,257900.0,5087.192624470058
8225,149159.99999999997,0.0,149159.99999999997,149159.99999999997,3035.773222105439
8226,92925.00000000003,0.0,92925.00000000003,92925.00000000003,1899.768765704321
8227,63246.0,0.0,63246.0,63246.0,1292.744244469227
8228,26003.0,0.0,26003.0,26003.0,532.607517121281
8229,0.0,0.0,0.0,0.0,-0.0
8230,67860.0,0.0,67860.0,67860.0,1156.2081697024146
8231,98487.0,0.0,98487.0,98487.0,1906.8923168186102
8232,272880.0,0.0,272880.0,272880.0,5098.732562270223
8233,226981.0,0.0,226981.0,226981.0,4512.137401289021
8234,266990.0,0.0,266990.0,266990.0,5254.53718398762
8235,444026.0,0.0,444026.0,444026.0,8435.18563503648
8236,273909.0,0.0,273909.0,273909.0,5381.911478318728
8237,433198.0,0.0,433198.0,433198.0,8244.911958613495
8238,394736.0,0.0,394736.0,394736.0,7564.910217498338
8239,522082.0,0.0,522082.0,522082.0,9791.961476164888
8240,658367.0,0.0,658367.0,658367.0,12104.570602181759
8241,711128.0,0.0,711128.0,711128.0,12982.35412256574
8242,612869.0,0.0,612869.0,612869.0,11339.967575013303
8243,994399.9999999999,0.0,994399.9999999999,994399.9999999999,15909.954244048722
8244,994399.9999999999,0.0,994399.9999999999,994399.9999999999,15909.928252042677
8245,994399.9999999999,0.0,994399.9999999999,994399.9999999999,15909.902260121538
8246,994399.9999999999,0.0,994399.9999999999,994399.9999999999,15909.876268285312
8247,994399.9999999999,0.0,994399.9999999999,994399.9999999999,15909.850276533989
8248,741616.0,0.0,741616.0,741616.0,13485.305054165638
8249,404110.0,0.0,404110.0,404110.0,7731.109701076871
8250,541253.0,0.0,541253.0,541253.0,10121.265490864535
8251,593600.0,0.0,593600.0,593600.0,11013.79301568762
8252,602370.0,0.0,602370.0,602370.0,11162.31712843737
8253,602385.0,0.0,602385.0,602385.0,11162.552732028735
8254,602544.0,0.0,602544.0,602544.0,11165.224992933414
8255,602118.0,0.0,602118.0,602118.0,11157.99811258111
8256,602005.0,0.0,602005.0,602005.0,11156.067637171582
8257,602023.0,0.0,602023.0,602023.0,11156.354037732272
8258,601959.0,0.0,601959.0,601959.0,11155.252762959313
8259,601958.0,0.0,601958.0,601958.0,11155.217631195159
8260,601945.0,0.0,601945.0,601945.0,11154.979423879236
8261,602008.0,0.0,602008.0,602008.0,11156.027355437014
8262,602109.0,0.0,602109.0,602109.0,11157.718321384022
8263,994399.9999999999,0.0,994399.9999999999,994399.9999999999,15909.449596527204
8264,994399.9999999999,0.0,994399.9999999999,994399.9999999999,15909.423606169672
8265,994399.9999999999,0.0,994399.9999999999,994399.9999999999,15909.397615897053
8266,994399.9999999999,0.0,994399.9999999999,994399.9999999999,15909.371625709322
8267,994399.9999999999,0.0,994399.9999999999,994399.9999999999,15909.345635606496
8268,545779.0,0.0,545779.0,545779.0,10198.539295542743
8269,281507.0,0.0,281507.0,281507.0,5521.165012316074
8270,190686.0,0.0,190686.0,190686.0,3829.111057706748
8271,149159.99999999997,0.0,149159.99999999997,149159.99999999997,3035.295425611049
8272,379449.0,0.0,379449.0,379449.0,7292.337919330356
8273,207612.0,0.0,207612.0,207612.0,4148.656751388995
8274,437051.0,0.0,437051.0,437051.0,8312.152351902734
8275,580274.0,0.0,580274.0,580274.0,10787.125750571904
8276,583972.0,0.0,583972.0,583972.0,10849.955178012007
8277,580942.0,0.0,580942.0,580942.0,10798.44681543035
8278,602255.0,0.0,602255.0,602255.0,11159.901000003576
8279,602028.0,0.0,602028.0,602028.0,11156.04153226524
8280,601961.0,0.0,601961.0,601961.0,11154.889527355857
8281,602171.0,0.0,602171.0,602171.0,11158.424947590873
8282,602201.0,0.0,602201.0,602201.0,11158.914381660572
8283,602204.0,0.0,602204.0,602204.0,11158.946932067345
8284,602204.0,0.0,602204.0,602204.0,11158.92871796638
8285,602204.0,0.0,602204.0,602204.0,11158.910503924848
8286,602204.0,0.0,602204.0,602204.0,11158.892289942754
8287,994399.9999999999,0.0,994399.9999999999,994399.9999999999,15908.854019881523
8288,994399.9999999999,0.0,994399.9999999999,994399.9999999999,15908.828031469484
8289,994399.9999999999,0.0,994399.9999999999,994399.9999999999,15908.802043142332
8290,994399.9999999999,0.0,994399.9999999999,994399.9999999999,15908.77605490007
8291,994399.9999999999,0.0,994399.9999999999,994399.9999999999,15908.750066742707
8292,994399.9999999999,0.0,994399.9999999999,994399.9999999999,15908.724078670224
8293,994399.9999999999,0.0,994399.9999999999,994399.9999999999,15908.698090682634
8294,994399.9999999999,0.0,994399.9999999999,994399.9999999999,15908.672102779932
8295,994399.9999999999,0.0,994399.9999999999,994399.9999999999,15908.646114962123
8296,733857.0,0.0,733857.0,733857.0,13356.51837582618
8297,363653.0,0.0,363653.0,363653.0,7009.673535995624
8298,584731.0,0.0,584731.0,584731.0,10862.451256118777
8299,602290.0,0.0,602290.0,602290.0,11160.10477660909
8300,602072.0,0.0,602072.0,602072.0,11156.397752663934
8301,601991.0,0.0,601991.0,601991.0,11155.008889277035
8302,602099.0,0.0,602099.0,602099.0,11156.818212827568
8303,602160.0,0.0,602160.0,602160.0,11157.83219905875
8304,602094.0,0.0,602094.0,602094.0,11156.697185906178
8305,602037.0,0.0,602037.0,602037.0,11155.714454527766
8306,602113.0,0.0,602113.0,602113.0,11156.98227065787
8307,602380.0,0.0,602380.0,602380.0,11161.481894987597
8308,602210.0,0.0,602210.0,602210.0,11158.587187589754
8309,602294.0,0.0,602294.0,602294.0,11159.990310164889
8310,598365.0,0.0,598365.0,598365.0,11093.46364468844
8311,847084.0,0.0,847084.0,847084.0,15202.230296517168
8312,994399.9999999999,0.0,994399.9999999999,994399.9999999999,15908.21967723953
8313,874038.0,0.0,874038.0,874038.0,15636.13613390461
8314,943622.0,0.0,943622.0,943622.0,15908.167757374636
8315,719658.0,0.0,719658.0,719658.0,13121.843816041275
8316,532099.0,0.0,532099.0,532099.0,9963.027944669011
8317,425057.0,0.0,425057.0,425057.0,8100.442936035254
8318,528580.0,0.0,528580.0,528580.0,9902.50414376226
8319,268992.0,0.0,268992.0,268992.0,5290.64450501073
8320,220141.0,0.0,220141.0,220141.0,4383.505220187874
8321,540890.0,0.0,540890.0,540890.0,10113.85527151959
8322,520957.0,0.0,520957.0,520957.0,9771.236606546254
8323,548589.0,0.0,548589.0,548589.0,10245.738504359533
8324,501596.0,0.0,501596.0,501596.0,9436.936552123261
8325,410059.0,0.0,410059.0,410059.0,7835.463167223307
8326,489687.0,0.0,489687.0,489687.0,9230.549473108656
8327,576291.0,0.0,576291.0,576291.0,10718.461791151567
8328,597364.0,0.0,597364.0,597364.0,11076.186689063254
8329,601232.0,0.0,601232.0,601232.0,11141.657080430532
8330,602138.0,0.0,602138.0,602138.0,11156.97039374659
8331,602264.0,0.0,602264.0,602264.0,11159.084141613614
8332,601967.0,0.0,601967.0,601967.0,11154.04051653287
8333,602065.0,0.0,602065.0,602065.0,11155.68056145474
8334,601985.0,0.0,601985.0,601985.0,11154.308685684498
8335,607005.0,0.0,607005.0,607005.0,11239.188402397569
8336,732465.0,0.0,732465.0,732465.0,13332.72781282943
8337,994399.9999999999,0.0,994399.9999999999,994399.9999999999,15907.597645080132
8338,994399.9999999999,0.0,994399.9999999999,994399.9999999999,15907.571660771871
8339,994399.9999999999,0.0,994399.9999999999,994399.9999999999,15907.545676548489
8340,235996.0,0.0,235996.0,235996.0,4679.432797171451
8341,218477.0,0.0,218477.0,218477.0,4352.17176020117
8342,224022.0,0.0,224022.0,224022.0,4455.967753355785
8343,149159.99999999997,0.0,149159.99999999997,149159.99999999997,3034.9023097951203
8344,262822.0,0.0,262822.0,262822.0,5176.670976124849
8345,380449.0,0.0,380449.0,380449.0,7309.271870927376
8346,579844.0,0.0,579844.0,579844.0,10778.562629229104
8347,483221.0,0.0,483221.0,483221.0,9117.951942451129
8348,582958.0,0.0,582958.0,582958.0,10831.45238820848
8349,587230.0,0.0,587230.0,587230.0,10903.982281242997
8350,602204.0,0.0,602204.0,602204.0,11157.72828693393
8351,590003.0,0.0,590003.0,590003.0,10951.002096195924
8352,527932.0,0.0,527932.0,527932.0,9890.813489362334
8353,601852.0,0.0,601852.0,601852.0,11151.717923731261
8354,600600.0,0.0,600600.0,600600.0,11130.511816987835
8355,602165.0,0.0,602165.0,602165.0,11156.977611671096
8356,582410.0,0.0,582410.0,582410.0,10821.999945059866
8357,591188.0,0.0,591188.0,591188.0,10970.994654370274
8358,592979.0,0.0,592979.0,592979.0,11001.345503992114
8359,538294.0,0.0,538294.0,538294.0,10068.699737938276
8360,546073.0,0.0,546073.0,546073.0,10202.039304257674
8361,608145.0,0.0,608145.0,608145.0,11257.98416823131
8362,981469.0,0.0,981469.0,981469.0,15906.981132075369
8363,994399.9999999999,0.0,994399.9999999999,994399.9999999999,15906.955149780752
8364,994399.9999999999,0.0,994399.9999999999,994399.9999999999,15906.929167570994
8365,994399.9999999999,0.0,994399.9999999999,994399.9999999999,15906.903185446106
8366,994399.9999999999,0.0,994399.9999999999,994399.9999999999,15906.877203406073
8367,994399.9999999999,0.0,994399.9999999999,994399.9999999999,15906.851221450901
8368,659698.0,0.0,659698.0,659698.0,12124.314480485353
8369,333390.0,0.0,333390.0,333390.0,6464.506136731881
8370,426578.0,0.0,426578.0,426578.0,8126.531375232774
8371,526553.0,0.0,526553.0,526553.0,9866.7813761365
8372,566015.0,0.0,566015.0,566015.0,10542.642562641564
8373,575597.0,0.0,575597.0,575597.0,10705.848727917262
8374,547850.0,0.0,547850.0,547850.0,10232.231932987592
8375,452290.0,0.0,452290.0,452290.0,8578.036309014542
8376,310341.0,0.0,310341.0,310341.0,6046.728446525531
8377,224988.0,0.0,224988.0,224988.0,4473.75718854096
8378,169182.0,0.0,169182.0,169182.0,3419.2344209908547
8379,149159.99999999997,0.0,149159.99999999997,149159.99999999997,3034.707402628805
8380,149159.99999999997,0.0,149159.99999999997,149159.99999999997,3034.702446127879
8381,62887.00000000006,0.0,62887.00000000006,62887.00000000006,1285.3181698709707
8382,21288.0,0.0,21288.0,21288.0,435.46836193083516
8383,584992.0,0.0,584992.0,584992.0,9323.08488707686
8384,993140.0,0.0,993140.0,993140.0,15905.520849736387
8385,994399.9999999999,0.0,994399.9999999999,994399.9999999999,15905.494872209403
8386,994399.9999999999,0.0,994399.9999999999,994399.9999999999,15905.468894767255
8387,994399.9999999999,0.0,994399.9999999999,994399.9999999999,15905.442917409946
8388,994399.9999999999,0.0,994399.9999999999,994399.9999999999,15905.416940137466
8389,994399.9999999999,0.0,994399.9999999999,994399.9999999999,15905.390962949832
8390,994399.9999999999,0.0,994399.9999999999,994399.9999999999,15905.364985847027
8391,933138.0,0.0,933138.0,933138.0,15905.33900882906
8392,438434.0,0.0,438434.0,438434.0,8334.297316327416
8393,132000.0,0.0,132000.0,132000.0,2697.1103903893386
8394,0.0,0.0,0.0,0.0,-0.0
8395,0.0,0.0,0.0,0.0,-0.0
8396,0.0,0.0,0.0,0.0,-0.0
8397,0.0,0.0,0.0,0.0,-0.0
8398,0.0,0.0,0.0,0.0,-0.0
8399,0.0,0.0,0.0,0.0,-0.0
8400,0.0,0.0,0.0,0.0,-0.0
8401,2485.0,0.0,2485.0,2485.0,-0.0
8402,39277.0,0.0,39277.0,39277.0,667.1469504743554
8403,57209.0,0.0,57209.0,57209.0,1098.8908858038599
8404,62231.0,0.0,62231.0,62231.0,1254.7297853106265
8405,68790.0,0.0,68790.0,68790.0,1386.900127841401
8406,52670.0,0.0,52670.0,52670.0,1076.3951912143457
8407,650568.0,0.0,650568.0,650568.0,10714.758631550967
8408,994399.9999999999,0.0,994399.9999999999,994399.9999999999,15903.940061611514
8409,994399.9999999999,0.0,994399.9999999999,994399.9999999999,15903.914089247175
8410,994399.9999999999,0.0,994399.9999999999,994399.9999999999,15903.888116967653
8411,994399.9999999999,0.0,994399.9999999999,994399.9999999999,15903.862144772938
8412,994399.9999999999,0.0,994399.9999999999,994399.9999999999,15903.836172663037
8413,994399.9999999999,0.0,994399.9999999999,994399.9999999999,15903.81020063795
8414,994399.9999999999,0.0,994399.9999999999,994399.9999999999,15903.784228697672
8415,969888.0,0.0,969888.0,969888.0,15903.758256842204
8416,481093.0,0.0,481093.0,481093.0,9078.775035073726
8417,149159.99999999997,0.0,149159.99999999997,149159.99999999997,3034.0843146033762
8418,64062.00000000003,0.0,64062.00000000003,64062.00000000003,1307.8474077979768
8419,76776.0,0.0,76776.0,76776.0,1517.8386891393257
8420,65140.0,0.0,65140.0,65140.0,1333.902202337628
8421,50353.0,0.0,50353.0,50353.0,1031.33250352268
8422,74755.0,0.0,74755.0,74755.0,1445.8214836097625
8423,104612.0,0.0,104612.0,104612.0,2038.6076721140785
8424,128056.0,0.0,128056.0,128056.0,2545.6037875746824
8425,149591.0,0.0,149591.0,149591.0,3004.7355121869605
8426,170810.0,0.0,170810.0,170810.0,3449.3969434244
8427,200474.0,0.0,200474.0,200474.0,4012.310524117104
8428,250101.0,0.0,250101.0,250101.0,4939.794650678874
8429,424667.0,0.0,424667.0,424667.0,8090.6229443691345
8430,450160.0,0.0,450160.0,450160.0,8538.450222261943
8431,994399.9999999999,0.0,994399.9999999999,994399.9999999999,15902.623256184299
8432,994399.9999999999,0.0,994399.9999999999,994399.9999999999,15902.597288117406
8433,994399.9999999999,0.0,994399.9999999999,994399.9999999999,15902.571320135301
8434,994399.9999999999,0.0,994399.9999999999,994399.9999999999,15902.545352237987
8435,994399.9999999999,0.0,994399.9999999999,994399.9999999999,15902.519384425465
8436,994399.9999999999,0.0,994399.9999999999,994399.9999999999,15902.493416697738
8437,994399.9999999999,0.0,994399.9999999999,994399.9999999999,15902.467449054795
8438,994399.9999999999,0.0,994399.9999999999,994399.9999999999,15902.441481496646
8439,955018.0,0.0,955018.0,955018.0,15902.415514023282
8440,524171.0,0.0,524171.0,524171.0,9822.961494037863
8441,149159.99999999997,0.0,149159.99999999997,149159.99999999997,3033.790820781825
8442,149214.0,0.0,149214.0,149214.0,3034.827654547396
8443,195941.0,0.0,195941.0,195941.0,3926.622450330313
8444,216793.0,0.0,216793.0,216793.0,4319.024739980754
8445,268936.0,0.0,268936.0,268936.0,5287.496408981435
8446,294775.0,0.0,294775.0,294775.0,5761.288116467497
8447,393284.0,0.0,393284.0,393284.0,7535.110201742174
8448,350962.0,0.0,350962.0,350962.0,6778.991072686489
8449,378992.0,0.0,378992.0,378992.0,7280.709636982274
8450,379961.0,0.0,379961.0,379961.0,7297.974888057044
8451,436798.0,0.0,436798.0,436798.0,8303.782967825367
8452,367570.0,0.0,367570.0,367570.0,7076.684118655125
8453,450228.0,0.0,450228.0,450228.0,8539.317844178728
8454,397898.0,0.0,397898.0,397898.0,7616.9422702628035
8455,949215.0,0.0,949215.0,949215.0,15902.033081141686
8456,912425.0,0.0,912425.0,912425.0,15902.007115001805
8457,971306.0,0.0,971306.0,971306.0,15901.981148946708
8458,994399.9999999999,0.0,994399.9999999999,994399.9999999999,15901.955182976391
8459,994399.9999999999,0.0,994399.9999999999,994399.9999999999,15901.929217090861
8460,994399.9999999999,0.0,994399.9999999999,994399.9999999999,15901.903251290107
8461,994399.9999999999,0.0,994399.9999999999,994399.9999999999,15901.877285574134
8462,994399.9999999999,0.0,994399.9999999999,994399.9999999999,15901.851319942944
8463,994399.9999999999,0.0,994399.9999999999,994399.9999999999,15901.825354396531
8464,754313.0,0.0,754313.0,754313.0,13686.938086551834
8465,589613.0,0.0,589613.0,589613.0,10940.464036103891
8466,582630.0,0.0,582630.0,582630.0,10821.925428173072
8467,584865.0,0.0,584865.0,584865.0,10859.861285083474
8468,573201.0,0.0,573201.0,573201.0,10661.56956245632
8469,583783.0,0.0,583783.0,583783.0,10841.454314735252
8470,578754.0,0.0,578754.0,578754.0,10755.991473611766
8471,589959.0,0.0,589959.0,589959.0,10946.224956478567
8472,588269.0,0.0,588269.0,588269.0,10917.541913940468
8473,591476.0,0.0,591476.0,591476.0,10971.911147144545
8474,592640.0,0.0,592640.0,592640.0,10991.624045812343
8475,594348.0,0.0,594348.0,594348.0,11020.549209569761
8476,588520.0,0.0,588520.0,588520.0,10921.728643141902
8477,563418.0,0.0,563418.0,563418.0,10494.72608817328
8478,511987.0,0.0,511987.0,511987.0,9612.405933183467
8479,492721.0,0.0,492721.0,492721.0,9279.204771847177
8480,524001.0,0.0,524001.0,524001.0,9819.394580932165
8481,640985.0,0.0,640985.0,640985.0,11806.694116129518
8482,692120.0,0.0,692120.0,692120.0,12660.11037255291
8483,814388.0,0.0,814388.0,814388.0,14666.624685403922
8484,755315.0,0.0,755315.0,755315.0,13702.937822177655
8485,853912.0,0.0,853912.0,853912.0,15305.612962817982
8486,618932.0,0.0,618932.0,618932.0,11435.769253173721
8487,902625.0,0.0,902625.0,902625.0,15901.223298634783
8488,592864.0,0.0,592864.0,592864.0,10995.167353850964
8489,509227.0,0.0,509227.0,509227.0,9564.59020479503
8490,557973.0,0.0,557973.0,557973.0,10401.573153152645
8491,555244.0,0.0,555244.0,555244.0,10354.93938723362
8492,589014.0,0.0,589014.0,589014.0,10929.821268444046
8493,564815.0,0.0,564815.0,564815.0,10518.273437463706
8494,554813.0,0.0,554813.0,554813.0,10347.523712583486
8495,582607.0,0.0,582607.0,582607.0,10821.020861536366
8496,594535.0,0.0,594535.0,594535.0,11023.338485481847
8497,600975.0,0.0,600975.0,600975.0,11132.347119607477
8498,602388.0,0.0,602388.0,602388.0,11156.230391838977
8499,602591.0,0.0,602591.0,602591.0,11159.645417717995
8500,602204.0,0.0,602204.0,602204.0,11153.081977680926
8501,602204.0,0.0,602204.0,602204.0,11153.063782710276
8502,602204.0,0.0,602204.0,602204.0,11153.04558779897
8503,622283.0,0.0,622283.0,622283.0,11491.909581599162
8504,685452.0,0.0,685452.0,685452.0,12548.872642188555
8505,788372.0,0.0,788372.0,788372.0,14243.012091525343
8506,864531.0,0.0,864531.0,864531.0,15476.036090190084
8507,795336.0,0.0,795336.0,795336.0,14356.417090535246
8508,670101.0,0.0,670101.0,670101.0,12293.176928082607
8509,652548.0,0.0,652548.0,652548.0,11999.906691512877
8510,847390.0,0.0,847390.0,847390.0,15199.865967607984
8511,718813.0,0.0,718813.0,718813.0,13101.55139140795
8512,619015.0,0.0,619015.0,619015.0,11436.681153947997
8513,602037.0,0.0,602037.0,602037.0,11150.017764847498
8514,601961.0,0.0,601961.0,601961.0,11148.714123999527
8515,601972.0,0.0,601972.0,601972.0,11148.881989760743
8516,602047.0,0.0,602047.0,602047.0,11150.132332967401
8517,602178.0,0.0,602178.0,602178.0,11152.329791973254
8518,602197.0,0.0,602197.0,602197.0,11152.632946755875
8519,602069.0,0.0,602069.0,602069.0,11150.449860270168
8520,602272.0,0.0,602272.0,602272.0,11153.865022327236
8521,602323.0,0.0,602323.0,602323.0,11154.709368367769
8522,599029.0,0.0,599029.0,599029.0,11098.961940876632
8523,602447.0,0.0,602447.0,602447.0,11156.77009824129
8524,597159.0,0.0,597159.0,597159.0,11067.270945926803
8525,594965.0,0.0,594965.0,594965.0,11030.097450746742
8526,580459.0,0.0,580459.0,580459.0,10783.97869244761
8527,587175.0,0.0,587175.0,587175.0,10897.996592799587
8528,221260.0,0.0,221260.0,221260.0,4402.03695346536
8529,148058.0,0.0,148058.0,148058.0,3012.0481672486667
8530,65064.0,0.0,65064.0,65064.0,1332.1342105853964
8531,193658.0,0.0,193658.0,193658.0,3547.72681517886
8532,189079.0,0.0,189079.0,189079.0,3796.034276848136
8533,24287.0,0.0,24287.0,24287.0,493.23700311451853
8534,180625.0,0.0,180625.0,180625.0,3119.5491491123735
8535,50815.0,0.0,50815.0,50815.0,1040.0617121608143
8536,526516.0,0.0,526516.0,526516.0,8826.938224681615
8537,592440.0,0.0,592440.0,592440.0,10985.53937733131
8538,589249.0,0.0,589249.0,589249.0,10931.429248481567
8539,582477.0,0.0,582477.0,582477.0,10816.492746266737
8540,285744.0,0.0,285744.0,285744.0,5594.372970381031
8541,170123.0,0.0,170123.0,170123.0,3435.0376301677875
8542,120758.0,0.0,120758.0,120758.0,2467.6949079259916
8543,105512.0,0.0,105512.0,105512.0,2157.0551880363405
8544,111908.0,0.0,111908.0,111908.0,2268.840991585633
8545,125087.0,0.0,125087.0,125087.0,2505.532203803465
8546,258083.0,0.0,258083.0,258083.0,5022.9693872075695
8547,153973.0,0.0,153973.0,153973.0,3125.4031038478174
8548,200044.0,0.0,200044.0,200044.0,4002.6664810272964
8549,326335.0,0.0,326335.0,326335.0,6332.819062494647
8550,536037.0,0.0,536037.0,536037.0,10023.488316176
8551,487406.0,0.0,487406.0,487406.0,9184.464954642415
8552,653223.0,0.0,653223.0,653223.0,12008.508731363152
8553,617686.0,0.0,617686.0,617686.0,11411.74516710925
8554,473116.0,0.0,473116.0,473116.0,8936.066862220858
8555,625383.0,0.0,625383.0,625383.0,11541.331703651542
8556,624724.0,0.0,624724.0,624724.0,11530.223011917711
8557,757098.0,0.0,757098.0,757098.0,13728.479267711478
8558,872736.0,0.0,872736.0,872736.0,15604.26782480951
8559,734372.0,0.0,734372.0,734372.0,13355.080771464702
8560,994399.9999999999,0.0,994399.9999999999,994399.9999999999,15897.00798600266
8561,601655.0,0.0,601655.0,601655.0,11140.94671125666
8562,592486.0,0.0,592486.0,592486.0,10985.71510926513
8563,602247.0,0.0,602247.0,602247.0,11150.921350991233
8564,583980.0,0.0,583980.0,583980.0,10841.416080894156
8565,599984.0,0.0,599984.0,599984.0,11112.610091533845
8566,602537.0,0.0,602537.0,602537.0,11155.770379871683
8567,602267.0,0.0,602267.0,602267.0,11151.186843255386
8568,602466.0,0.0,602466.0,602466.0,11154.524787067598
8569,602432.0,0.0,602432.0,602432.0,11153.931707525986
8570,602189.0,0.0,602189.0,602189.0,11149.80464922975
8571,602328.0,0.0,602328.0,602328.0,11152.136826548454
8572,602397.0,0.0,602397.0,602397.0,11153.285336970164
8573,602536.0,0.0,602536.0,602536.0,11155.617397607932
8574,602485.0,0.0,602485.0,602485.0,11154.736890548074
8575,994399.9999999999,0.0,994399.9999999999,994399.9999999999,15896.620485383602
8576,994399.9999999999,0.0,994399.9999999999,994399.9999999999,15896.594536904518
8577,994399.9999999999,0.0,994399.9999999999,994399.9999999999,15896.568588510137
8578,994399.9999999999,0.0,994399.9999999999,994399.9999999999,15896.542640200441
8579,994399.9999999999,0.0,994399.9999999999,994399.9999999999,15896.516691975448
8580,994399.9999999999,0.0,994399.9999999999,994399.9999999999,15896.49074383515
8581,994399.9999999999,0.0,994399.9999999999,994399.9999999999,15896.464795779539
8582,994399.9999999999,0.0,994399.9999999999,994399.9999999999,15896.438847808626
8583,994399.9999999999,0.0,994399.9999999999,994399.9999999999,15896.412899922403
8584,861602.0,0.0,861602.0,861602.0,15424.673949454409
8585,500119.0,0.0,500119.0,500119.0,9404.163608450937
8586,573724.0,0.0,573724.0,573724.0,10666.720041901306
8587,587204.0,0.0,587204.0,587204.0,10895.7021839354
8588,599405.0,0.0,599405.0,599405.0,11102.382393873937
8589,601465.0,0.0,601465.0,601465.0,11137.209590069111
8590,601499.0,0.0,601499.0,601499.0,11137.766413922423
8591,602578.0,0.0,602578.0,602578.0,11155.993453385401
8592,602514.0,0.0,602514.0,602514.0,11154.893178474338
8593,602569.0,0.0,602569.0,602569.0,11155.804898760984
8594,602587.0,0.0,602587.0,602587.0,11156.09103717631
8595,602111.0,0.0,602111.0,602111.0,11148.02456546455
8596,602330.0,0.0,602330.0,602330.0,11151.709364255525
8597,598941.0,0.0,598941.0,598941.0,11094.368703701077
8598,590464.0,0.0,590464.0,590464.0,10950.786445944286
8599,994399.9999999999,0.0,994399.9999999999,994399.9999999999,15896.012056543652
8600,994399.9999999999,0.0,994399.9999999999,994399.9999999999,15895.986110050439
8601,886419.0,0.0,886419.0,886419.0,15822.611629475507
8602,867863.0,0.0,867863.0,867863.0,15524.892175829555
8603,872347.0,0.0,872347.0,872347.0,15596.890030784562
8604,617385.0,0.0,617385.0,617385.0,11405.704226337828
8605,572690.0,0.0,572690.0,572690.0,10648.792013100554
8606,198941.0,0.0,198941.0,198941.0,3981.4461089443353
8607,211935.0,0.0,211935.0,211935.0,4225.949292387584
8608,149159.99999999997,0.0,149159.99999999997,149159.99999999997,3032.3531463198465
8609,119187.00000000003,0.0,119187.00000000003,119187.00000000003,2436.8383794804354
8610,166842.0,0.0,166842.0,166842.0,3309.566542802621
8611,165672.0,0.0,165672.0,165672.0,3349.4512823505775
8612,306091.0,0.0,306091.0,306091.0,5964.863740089276
8613,338856.0,0.0,338856.0,338856.0,6558.118718406265
8614,421718.0,0.0,421718.0,421718.0,8034.773593570563
8615,414626.0,0.0,414626.0,414626.0,7909.6270218633435
8616,465402.0,0.0,465402.0,465402.0,8800.662298577052
8617,564083.0,0.0,564083.0,564083.0,10501.915819436663
8618,528932.0,0.0,528932.0,528932.0,9900.295752972861
8619,563108.0,0.0,563108.0,563108.0,10485.258043731386
8620,568932.0,0.0,568932.0,568932.0,10584.486355509904
8621,586591.0,0.0,586591.0,586591.0,10884.621322939493
8622,596716.0,0.0,596716.0,596716.0,11056.18292374816
8623,604661.0,0.0,604661.0,604661.0,11190.54133415783
8624,994399.9999999999,0.0,994399.9999999999,994399.9999999999,15895.279935457034
8625,774951.0,0.0,774951.0,774951.0,14019.020887253846
8626,926003.0,0.0,926003.0,926003.0,15895.22841701398
8627,994381.0,0.0,994381.0,994381.0,15895.202473077443
8628,714569.0,0.0,714569.0,714569.0,13026.865469117069
8629,733860.0,0.0,733860.0,733860.0,13345.039747511375
8630,628132.0,0.0,628132.0,628132.0,11586.061833911148
8631,628885.0,0.0,628885.0,628885.0,11598.704037512724
8632,399953.0,0.0,399953.0,399953.0,7649.79068361709
8633,436609.0,0.0,436609.0,436609.0,8296.524732488224
8634,577335.0,0.0,577335.0,577335.0,10727.209287879927
8635,592817.0,0.0,592817.0,592817.0,10989.91877570125
8636,602481.0,0.0,602481.0,602481.0,11153.45431296366
8637,602380.0,0.0,602380.0,602380.0,11151.728548216272
8638,602416.0,0.0,602416.0,602416.0,11152.319006818965
8639,602420.0,0.0,602420.0,602420.0,11152.368446918985
8640,602329.0,0.0,602329.0,602329.0,11150.811739441378
8641,602129.0,0.0,602129.0,602129.0,11147.412091186818
8642,601083.0,0.0,601083.0,601083.0,11129.706533865388
8643,602534.0,0.0,602534.0,602534.0,11154.223032139444
8644,602283.0,0.0,602283.0,602283.0,11149.961286043315
8645,602233.0,0.0,602233.0,602233.0,11149.097747592175
8646,602565.0,0.0,602565.0,602565.0,11154.692552239725
8647,617020.0,0.0,617020.0,617020.0,11398.675840922875
8648,994399.9999999999,0.0,994399.9999999999,994399.9999999999,15894.677593751736
8649,994399.9999999999,0.0,994399.9999999999,994399.9999999999,15894.651651612896
8650,994399.9999999999,0.0,994399.9999999999,994399.9999999999,15894.62570955872
8651,978999.0,0.0,978999.0,978999.0,15894.5997675892
8652,994399.9999999999,0.0,994399.9999999999,994399.9999999999,15894.573825704358
8653,994399.9999999999,0.0,994399.9999999999,994399.9999999999,15894.54788390417
8654,970353.0,0.0,970353.0,970353.0,15894.521942188647
8655,203319.0,0.0,203319.0,203319.0,4063.5806633329544
8656,262187.0,0.0,262187.0,262187.0,5160.302928398548
8657,361510.0,0.0,361510.0,361510.0,6964.5747275881595
8658,445446.0,0.0,445446.0,445446.0,8451.199398585633
8659,513279.0,0.0,513279.0,513279.0,9630.203397193898
8660,582215.0,0.0,582215.0,582215.0,10809.656551491822
8661,559014.0,0.0,559014.0,559014.0,10414.696250531135
8662,581349.0,0.0,581349.0,581349.0,10794.915630637284
8663,548463.0,0.0,548463.0,548463.0,10234.388473898347
8664,588495.0,0.0,588495.0,588495.0,10916.145559197103
8665,589004.0,0.0,589004.0,589004.0,10924.758159809388
8666,525884.0,0.0,525884.0,525884.0,9847.123751178498
8667,550027.0,0.0,550027.0,550027.0,10261.070516543006
8668,436292.0,0.0,436292.0,436292.0,8290.471625040254
8669,401670.0,0.0,401670.0,401670.0,7679.742406457081
8670,286643.0,0.0,286643.0,286643.0,5609.43699947703
8671,587234.0,0.0,587234.0,587234.0,10894.638280038847
8672,588533.0,0.0,588533.0,588533.0,10916.649727006696
8673,278789.0,0.0,278789.0,278789.0,5465.509686372302
8674,692651.0,0.0,692651.0,692651.0,12662.950605387894
8675,597515.0,0.0,597515.0,597515.0,11068.750268329157
8676,367383.0,0.0,367383.0,367383.0,7069.438286557759
8677,412105.0,0.0,412105.0,412105.0,7864.27332993616
8678,682033.0,0.0,682033.0,682033.0,12486.474334043025
8679,611954.0,0.0,611954.0,611954.0,11312.660675230014
8680,536300.0,0.0,536300.0,536300.0,10025.768573454108
8681,149159.99999999997,0.0,149159.99999999997,149159.99999999997,3031.931948464529
8682,333302.0,0.0,333302.0,333302.0,6457.190418581518
8683,147860.00000000003,0.0,147860.00000000003,147860.00000000003,3006.8475730922505
8684,61011.0,0.0,61011.0,61011.0,1247.9216295377219
8685,61011.0,0.0,61011.0,61011.0,1247.9195880465013
8686,137471.0,0.0,137471.0,137471.0,2546.372747434373
8687,149318.0,0.0,149318.0,149318.0,3034.818332609041
8688,112062.0,0.0,112062.0,112062.0,2288.4282168068403
8689,114852.0,0.0,114852.0,114852.0,2330.4486878240145
8690,128545.0,0.0,128545.0,128545.0,2587.9703749996056
8691,138421.0,0.0,138421.0,138421.0,2789.3248653684977
8692,116100.0,0.0,116100.0,116100.0,2371.647406089528
8693,162788.0,0.0,162788.0,162788.0,3212.4449611351097
8694,166069.0,0.0,166069.0,166069.0,3356.3283163712877
8695,735245.0,0.0,735245.0,735245.0,13365.642058176483
8696,571541.0,0.0,571541.0,571541.0,10626.940557409926
8697,994399.9999999999,0.0,994399.9999999999,994399.9999999999,15892.53764891428
8698,994399.9999999999,0.0,994399.9999999999,994399.9999999999,15892.511713753302
8699,994399.9999999999,0.0,994399.9999999999,994399.9999999999,15892.485778676948
8700,994399.9999999999,0.0,994399.9999999999,994399.9999999999,15892.459843685221
8701,838841.0,0.0,838841.0,838841.0,15054.041096461846
8702,527468.0,0.0,527468.0,527468.0,9873.16638003704
8703,658796.0,0.0,658796.0,658796.0,12097.91310682272
8704,535274.0,0.0,535274.0,535274.0,10007.161252129983
8705,149159.99999999997,0.0,149159.99999999997,149159.99999999997,3031.598651074985
8706,96075.00000000003,0.0,96075.00000000003,96075.00000000003,1963.4115532289284
8707,29094.0,0.0,29094.0,29094.0,591.8643664735994
8708,36788.0,0.0,36788.0,36788.0,716.1542349233324
8709,29849.0,0.0,29849.0,29849.0,611.9241606291592
8710,0.0,0.0,0.0,0.0,-0.0
8711,0.0,0.0,0.0,0.0,-0.0
8712,0.0,0.0,0.0,0.0,-0.0
8713,0.0,0.0,0.0,0.0,-0.0
8714,0.0,0.0,0.0,0.0,-0.0
8715,0.0,0.0,0.0,0.0,-0.0
8716,0.0,0.0,0.0,0.0,-0.0
8717,0.0,0.0,0.0,0.0,-0.0
8718,0.0,0.0,0.0,0.0,-0.0
8719,5475.0,0.0,5475.0,5475.0,93.18319544008276
8720,114223.0,0.0,114223.0,114223.0,1962.7410402454134
8721,88217.0,0.0,88217.0,88217.0,1800.8498143293189
8722,157763.0,0.0,157763.0,157763.0,2999.86699423302
8723,247811.0,0.0,247811.0,247811.0,4893.280551840794
8724,189728.0,0.0,189728.0,189728.0,3805.9527421734847
8725,245667.0,0.0,245667.0,245667.0,4853.530194304574
8726,135126.0,0.0,135126.0,135126.0,2759.71573278185
8727,52943.0,0.0,52943.0,52943.0,1080.9368529638675
8728,19754.0,0.0,19754.0,19754.0,399.3247622825579
8729,0.0,0.0,0.0,0.0,-0.0
8730,0.0,0.0,0.0,0.0,-0.0
8731,32897.0,0.0,32897.0,32897.0,559.1656616096842
8732,142995.0,0.0,142995.0,142995.0,2534.8542059860406
8733,395495.0,0.0,395495.0,395495.0,7567.881349740237
8734,435856.0,0.0,435856.0,435856.0,8280.215512597102
8735,212029.0,0.0,212029.0,212029.0,4225.826094019215
8736,362633.0,0.0,362633.0,362633.0,6982.307829716982
8737,302801.0,0.0,302801.0,302801.0,5902.477896006577
8738,442007.0,0.0,442007.0,442007.0,8388.087636178958
8739,216347.0,0.0,216347.0,216347.0,4306.745289972091
8740,280480.0,0.0,280480.0,280480.0,5494.732891629988
8741,172575.0,0.0,172575.0,172575.0,3479.7554283644818
8742,259102.0,0.0,259102.0,259102.0,5101.54524957869
8743,282750.0,0.0,282750.0,282750.0,5536.29815140251
8744,255052.0,0.0,255052.0,255052.0,5026.736450768143
8745,186918.0,0.0,186918.0,186918.0,3752.3306386052805
8746,309304.0,0.0,309304.0,309304.0,6020.658127155565
8747,333277.0,0.0,333277.0,333277.0,6454.687799268463
8748,331017.0,0.0,331017.0,331017.0,6413.8872269602925
8749,258910.0,0.0,258910.0,258910.0,5097.94340394203
8750,226318.0,0.0,226318.0,226318.0,4493.096415052085
8751,140694.0,0.0,140694.0,140694.0,2867.35169645908
8752,119546.0,0.0,119546.0,119546.0,2442.694732875615
8753,133071.0,0.0,133071.0,133071.0,2680.0299397983467
8754,577461.0,0.0,577461.0,577461.0,10659.039150765553
8755,581292.0,0.0,581292.0,581292.0,10790.099679752606
8756,588151.0,0.0,588151.0,588151.0,10906.444498387445
8757,581860.0,0.0,581860.0,581860.0,10799.707102584307
8758,599222.0,0.0,599222.0,599222.0,11093.86515496152
8759,596259.0,0.0,596259.0,596259.0,11043.720658917848
